20.147
20.152
20.099
20.134
20.16
20.125
20.136
20.148
20.078
20.064
20.131
20.147
20.067
20.135
22.221
20.078
20.153
20.088
20.113
20.159
20.138
20.096
20.07
20.155
20.064
20.07
20.133
20.121
20.066
63.612
20.101
20.068
20.071
20.149
20.123
20.07
20.121
20.069
20.08
20.141
20.157
20.058
20.059
20.169
20.171
20.122
20.107
20.15
20.027
20.152
20.172
20.163
20.129
20.146
20.172
20.139
20.079
20.175
20.145
20.15
20.144
20.143
20.109
20.158
20.164
20.144
20.154
20.145
20.061
20.17
20.17
20.15
20.124
20.071
20.163
20.121
20.17
20.126
20.121
20.163
20.127
20.162
20.119
20.149
20.161
20.15
20.17
20.123
20.162
20.166
20.155
20.129
20.169
20.024
20.123
20.169
20.157
20.115
20.164
20.112
20.127
20.139
20.166
20.131
20.154
20.178
20.164
20.173
20.158
20.16
20.164
20.171
20.16
20.164
20.173
20.154
20.154
20.151
20.156
20.171
20.159
20.16
20.144
20.167
20.161
20.162
20.16
20.17
20.167
20.156
20.169
20.17
20.171
20.16
20.167
20.165
20.144
20.146
20.153
20.152
20.169
20.175
20.154
20.168
20.166
20.196
20.266
21.481
38.252
71.497
45.316
55.649
66.683
67.118
68.306
69.606
71.662
70.032
70.658
73.865
77.111
80.427
77.784
74.102
73.186
73.416
73.152
75.263
77.685
79.496
81.257
82.406
83.301
84.668
85.663
85.775
86.763
87.203
87.996
88.297
89.09
89.219
89.178
89.582
89.564
90.729
91.729
93.065
94.57
93.699
96.433
98.661
99.998
101.54
103.937
104.554
103.05
103.309
104.082
106.195
107.468
105.921
103.383
104.488
103.978
104.278
102.31
103.337
101.385
101.059
99.254
99.471
100.789
102.215
103.514
103.257
102.396
98.587
95.832
96.101
105.634
102.04
124.176
116.414
109.735
113.056
123.895
Traceback (most recent call last):
  File "/home/mpotts32/cams/horizonsnap.py", line 186, in <module>
    add_time_stamp()
  File "/home/mpotts32/cams/horizonsnap.py", line 117, in add_time_stamp
    image = Image.open(latest_file)
  File "/home/mpotts32/.local/lib/python3.6/site-packages/PIL/Image.py", line 3031, in open
    "cannot identify image file %r" % (filename if filename else fp)
PIL.UnidentifiedImageError: cannot identify image file '/home/mpotts32/cams/Horizon/jpg/20240214.tar.gz'
Traceback (most recent call last):
  File "/home/mpotts32/cams/horizonsnap.py", line 186, in <module>
    add_time_stamp()
  File "/home/mpotts32/cams/horizonsnap.py", line 117, in add_time_stamp
    image = Image.open(latest_file)
  File "/home/mpotts32/.local/lib/python3.6/site-packages/PIL/Image.py", line 3031, in open
    "cannot identify image file %r" % (filename if filename else fp)
PIL.UnidentifiedImageError: cannot identify image file '/home/mpotts32/cams/Horizon/jpg/20240207.tar.gz'
Traceback (most recent call last):
  File "/home/mpotts32/cams/horizonsnap.py", line 219, in <module>
    add_time_stamp()
  File "/home/mpotts32/cams/horizonsnap.py", line 146, in add_time_stamp
    image = Image.open(latest_file)
  File "/home/mpotts32/.local/lib/python3.6/site-packages/PIL/Image.py", line 3031, in open
    "cannot identify image file %r" % (filename if filename else fp)
PIL.UnidentifiedImageError: cannot identify image file '/home/mpotts32/cams/Horizon/jpg/20240216.tar.gz'
Traceback (most recent call last):
  File "/home/mpotts32/cams/horizonsnap.py", line 219, in <module>
    add_time_stamp()
  File "/home/mpotts32/cams/horizonsnap.py", line 146, in add_time_stamp
    image = Image.open(latest_file)
  File "/home/mpotts32/.local/lib/python3.6/site-packages/PIL/Image.py", line 3031, in open
    "cannot identify image file %r" % (filename if filename else fp)
PIL.UnidentifiedImageError: cannot identify image file '/home/mpotts32/cams/Horizon/jpg/20240216.tar.gz'
Traceback (most recent call last):
  File "/home/mpotts32/cams/horizonsnap.py", line 219, in <module>
    add_time_stamp()
  File "/home/mpotts32/cams/horizonsnap.py", line 146, in add_time_stamp
    image = Image.open(latest_file)
  File "/home/mpotts32/.local/lib/python3.6/site-packages/PIL/Image.py", line 3031, in open
    "cannot identify image file %r" % (filename if filename else fp)
PIL.UnidentifiedImageError: cannot identify image file '/home/mpotts32/cams/Horizon/jpg/20240216.tar.gz'
Traceback (most recent call last):
  File "/home/mpotts32/cams/horizonsnap.py", line 219, in <module>
    add_time_stamp()
  File "/home/mpotts32/cams/horizonsnap.py", line 146, in add_time_stamp
    image = Image.open(latest_file)
  File "/home/mpotts32/.local/lib/python3.6/site-packages/PIL/Image.py", line 3031, in open
    "cannot identify image file %r" % (filename if filename else fp)
PIL.UnidentifiedImageError: cannot identify image file '/home/mpotts32/cams/Horizon/jpg/20240216.tar.gz'
Traceback (most recent call last):
  File "/home/mpotts32/cams/horizonsnap.py", line 219, in <module>
    add_time_stamp()
  File "/home/mpotts32/cams/horizonsnap.py", line 146, in add_time_stamp
    image = Image.open(latest_file)
  File "/home/mpotts32/.local/lib/python3.6/site-packages/PIL/Image.py", line 3031, in open
    "cannot identify image file %r" % (filename if filename else fp)
PIL.UnidentifiedImageError: cannot identify image file '/home/mpotts32/cams/Horizon/jpg/20240216.tar.gz'
Traceback (most recent call last):
  File "/home/mpotts32/cams/horizonsnap.py", line 219, in <module>
    add_time_stamp()
  File "/home/mpotts32/cams/horizonsnap.py", line 146, in add_time_stamp
    image = Image.open(latest_file)
  File "/home/mpotts32/.local/lib/python3.6/site-packages/PIL/Image.py", line 3031, in open
    "cannot identify image file %r" % (filename if filename else fp)
PIL.UnidentifiedImageError: cannot identify image file '/home/mpotts32/cams/Horizon/jpg/20240216.tar.gz'
Traceback (most recent call last):
  File "/home/mpotts32/cams/horizonsnap.py", line 219, in <module>
    add_time_stamp()
  File "/home/mpotts32/cams/horizonsnap.py", line 146, in add_time_stamp
    image = Image.open(latest_file)
  File "/home/mpotts32/.local/lib/python3.6/site-packages/PIL/Image.py", line 3031, in open
    "cannot identify image file %r" % (filename if filename else fp)
PIL.UnidentifiedImageError: cannot identify image file '/home/mpotts32/cams/Horizon/jpg/20240216.tar.gz'
Traceback (most recent call last):
  File "/home/mpotts32/cams/horizonsnap.py", line 219, in <module>
    add_time_stamp()
  File "/home/mpotts32/cams/horizonsnap.py", line 146, in add_time_stamp
    image = Image.open(latest_file)
  File "/home/mpotts32/.local/lib/python3.6/site-packages/PIL/Image.py", line 3031, in open
    "cannot identify image file %r" % (filename if filename else fp)
PIL.UnidentifiedImageError: cannot identify image file '/home/mpotts32/cams/Horizon/jpg/20240216.tar.gz'
Traceback (most recent call last):
  File "/home/mpotts32/cams/horizonsnap.py", line 219, in <module>
    add_time_stamp()
  File "/home/mpotts32/cams/horizonsnap.py", line 146, in add_time_stamp
    image = Image.open(latest_file)
  File "/home/mpotts32/.local/lib/python3.6/site-packages/PIL/Image.py", line 3031, in open
    "cannot identify image file %r" % (filename if filename else fp)
PIL.UnidentifiedImageError: cannot identify image file '/home/mpotts32/cams/Horizon/jpg/20240216.tar.gz'
Traceback (most recent call last):
  File "/home/mpotts32/cams/horizonsnap.py", line 219, in <module>
    add_time_stamp()
  File "/home/mpotts32/cams/horizonsnap.py", line 146, in add_time_stamp
    image = Image.open(latest_file)
  File "/home/mpotts32/.local/lib/python3.6/site-packages/PIL/Image.py", line 3031, in open
    "cannot identify image file %r" % (filename if filename else fp)
PIL.UnidentifiedImageError: cannot identify image file '/home/mpotts32/cams/Horizon/jpg/20240216.tar.gz'
Traceback (most recent call last):
  File "/home/mpotts32/cams/horizonsnap.py", line 219, in <module>
    add_time_stamp()
  File "/home/mpotts32/cams/horizonsnap.py", line 146, in add_time_stamp
    image = Image.open(latest_file)
  File "/home/mpotts32/.local/lib/python3.6/site-packages/PIL/Image.py", line 3031, in open
    "cannot identify image file %r" % (filename if filename else fp)
PIL.UnidentifiedImageError: cannot identify image file '/home/mpotts32/cams/Horizon/jpg/20240216.tar.gz'
Traceback (most recent call last):
  File "/home/mpotts32/cams/horizonsnap.py", line 219, in <module>
    add_time_stamp()
  File "/home/mpotts32/cams/horizonsnap.py", line 146, in add_time_stamp
    image = Image.open(latest_file)
  File "/home/mpotts32/.local/lib/python3.6/site-packages/PIL/Image.py", line 3031, in open
    "cannot identify image file %r" % (filename if filename else fp)
PIL.UnidentifiedImageError: cannot identify image file '/home/mpotts32/cams/Horizon/jpg/20240216.tar.gz'
Traceback (most recent call last):
  File "/home/mpotts32/cams/horizonsnap.py", line 219, in <module>
    add_time_stamp()
  File "/home/mpotts32/cams/horizonsnap.py", line 146, in add_time_stamp
    image = Image.open(latest_file)
  File "/home/mpotts32/.local/lib/python3.6/site-packages/PIL/Image.py", line 3031, in open
    "cannot identify image file %r" % (filename if filename else fp)
PIL.UnidentifiedImageError: cannot identify image file '/home/mpotts32/cams/Horizon/jpg/20240216.tar.gz'
Traceback (most recent call last):
  File "/home/mpotts32/cams/horizonsnap.py", line 219, in <module>
    add_time_stamp()
  File "/home/mpotts32/cams/horizonsnap.py", line 146, in add_time_stamp
    image = Image.open(latest_file)
  File "/home/mpotts32/.local/lib/python3.6/site-packages/PIL/Image.py", line 3031, in open
    "cannot identify image file %r" % (filename if filename else fp)
PIL.UnidentifiedImageError: cannot identify image file '/home/mpotts32/cams/Horizon/jpg/20240216.tar.gz'
Traceback (most recent call last):
  File "/home/mpotts32/cams/horizonsnap.py", line 219, in <module>
    add_time_stamp()
  File "/home/mpotts32/cams/horizonsnap.py", line 146, in add_time_stamp
    image = Image.open(latest_file)
  File "/home/mpotts32/.local/lib/python3.6/site-packages/PIL/Image.py", line 3031, in open
    "cannot identify image file %r" % (filename if filename else fp)
PIL.UnidentifiedImageError: cannot identify image file '/home/mpotts32/cams/Horizon/jpg/20240216.tar.gz'
Traceback (most recent call last):
  File "/home/mpotts32/cams/horizonsnap.py", line 219, in <module>
    add_time_stamp()
  File "/home/mpotts32/cams/horizonsnap.py", line 146, in add_time_stamp
    image = Image.open(latest_file)
  File "/home/mpotts32/.local/lib/python3.6/site-packages/PIL/Image.py", line 3031, in open
    "cannot identify image file %r" % (filename if filename else fp)
PIL.UnidentifiedImageError: cannot identify image file '/home/mpotts32/cams/Horizon/jpg/20240216.tar.gz'
Traceback (most recent call last):
  File "/home/mpotts32/cams/horizonsnap.py", line 219, in <module>
    add_time_stamp()
  File "/home/mpotts32/cams/horizonsnap.py", line 146, in add_time_stamp
    image = Image.open(latest_file)
  File "/home/mpotts32/.local/lib/python3.6/site-packages/PIL/Image.py", line 3031, in open
    "cannot identify image file %r" % (filename if filename else fp)
PIL.UnidentifiedImageError: cannot identify image file '/home/mpotts32/cams/Horizon/jpg/20240216.tar.gz'
Traceback (most recent call last):
  File "/home/mpotts32/cams/horizonsnap.py", line 219, in <module>
    add_time_stamp()
  File "/home/mpotts32/cams/horizonsnap.py", line 146, in add_time_stamp
    image = Image.open(latest_file)
  File "/home/mpotts32/.local/lib/python3.6/site-packages/PIL/Image.py", line 3031, in open
    "cannot identify image file %r" % (filename if filename else fp)
PIL.UnidentifiedImageError: cannot identify image file '/home/mpotts32/cams/Horizon/jpg/20240216.tar.gz'
Traceback (most recent call last):
  File "/home/mpotts32/cams/horizonsnap.py", line 219, in <module>
    add_time_stamp()
  File "/home/mpotts32/cams/horizonsnap.py", line 146, in add_time_stamp
    image = Image.open(latest_file)
  File "/home/mpotts32/.local/lib/python3.6/site-packages/PIL/Image.py", line 3031, in open
    "cannot identify image file %r" % (filename if filename else fp)
PIL.UnidentifiedImageError: cannot identify image file '/home/mpotts32/cams/Horizon/jpg/20240216.tar.gz'
Traceback (most recent call last):
  File "/home/mpotts32/cams/horizonsnap.py", line 219, in <module>
    add_time_stamp()
  File "/home/mpotts32/cams/horizonsnap.py", line 146, in add_time_stamp
    image = Image.open(latest_file)
  File "/home/mpotts32/.local/lib/python3.6/site-packages/PIL/Image.py", line 3031, in open
    "cannot identify image file %r" % (filename if filename else fp)
PIL.UnidentifiedImageError: cannot identify image file '/home/mpotts32/cams/Horizon/jpg/20240216.tar.gz'
Traceback (most recent call last):
  File "/home/mpotts32/cams/horizonsnap.py", line 219, in <module>
    add_time_stamp()
  File "/home/mpotts32/cams/horizonsnap.py", line 146, in add_time_stamp
    image = Image.open(latest_file)
  File "/home/mpotts32/.local/lib/python3.6/site-packages/PIL/Image.py", line 3031, in open
    "cannot identify image file %r" % (filename if filename else fp)
PIL.UnidentifiedImageError: cannot identify image file '/home/mpotts32/cams/Horizon/jpg/20240216.tar.gz'
Traceback (most recent call last):
  File "/home/mpotts32/cams/horizonsnap.py", line 219, in <module>
    add_time_stamp()
  File "/home/mpotts32/cams/horizonsnap.py", line 146, in add_time_stamp
    image = Image.open(latest_file)
  File "/home/mpotts32/.local/lib/python3.6/site-packages/PIL/Image.py", line 3031, in open
    "cannot identify image file %r" % (filename if filename else fp)
PIL.UnidentifiedImageError: cannot identify image file '/home/mpotts32/cams/Horizon/jpg/20240216.tar.gz'
Traceback (most recent call last):
  File "/home/mpotts32/cams/horizonsnap.py", line 219, in <module>
    add_time_stamp()
  File "/home/mpotts32/cams/horizonsnap.py", line 146, in add_time_stamp
    image = Image.open(latest_file)
  File "/home/mpotts32/.local/lib/python3.6/site-packages/PIL/Image.py", line 3031, in open
    "cannot identify image file %r" % (filename if filename else fp)
PIL.UnidentifiedImageError: cannot identify image file '/home/mpotts32/cams/Horizon/jpg/20240216.tar.gz'
Traceback (most recent call last):
  File "/home/mpotts32/cams/horizonsnap.py", line 219, in <module>
    add_time_stamp()
  File "/home/mpotts32/cams/horizonsnap.py", line 146, in add_time_stamp
    image = Image.open(latest_file)
  File "/home/mpotts32/.local/lib/python3.6/site-packages/PIL/Image.py", line 3031, in open
    "cannot identify image file %r" % (filename if filename else fp)
PIL.UnidentifiedImageError: cannot identify image file '/home/mpotts32/cams/Horizon/jpg/20240216.tar.gz'
Traceback (most recent call last):
  File "/home/mpotts32/cams/horizonsnap.py", line 219, in <module>
    add_time_stamp()
  File "/home/mpotts32/cams/horizonsnap.py", line 146, in add_time_stamp
    image = Image.open(latest_file)
  File "/home/mpotts32/.local/lib/python3.6/site-packages/PIL/Image.py", line 3031, in open
    "cannot identify image file %r" % (filename if filename else fp)
PIL.UnidentifiedImageError: cannot identify image file '/home/mpotts32/cams/Horizon/jpg/20240216.tar.gz'
Traceback (most recent call last):
  File "/home/mpotts32/cams/horizonsnap.py", line 219, in <module>
    add_time_stamp()
  File "/home/mpotts32/cams/horizonsnap.py", line 146, in add_time_stamp
    image = Image.open(latest_file)
  File "/home/mpotts32/.local/lib/python3.6/site-packages/PIL/Image.py", line 3031, in open
    "cannot identify image file %r" % (filename if filename else fp)
PIL.UnidentifiedImageError: cannot identify image file '/home/mpotts32/cams/Horizon/jpg/20240216.tar.gz'
Traceback (most recent call last):
  File "/home/mpotts32/cams/horizonsnap.py", line 219, in <module>
    add_time_stamp()
  File "/home/mpotts32/cams/horizonsnap.py", line 146, in add_time_stamp
    image = Image.open(latest_file)
  File "/home/mpotts32/.local/lib/python3.6/site-packages/PIL/Image.py", line 3031, in open
    "cannot identify image file %r" % (filename if filename else fp)
PIL.UnidentifiedImageError: cannot identify image file '/home/mpotts32/cams/Horizon/jpg/20240216.tar.gz'
Traceback (most recent call last):
  File "/home/mpotts32/cams/horizonsnap.py", line 219, in <module>
    add_time_stamp()
  File "/home/mpotts32/cams/horizonsnap.py", line 146, in add_time_stamp
    image = Image.open(latest_file)
  File "/home/mpotts32/.local/lib/python3.6/site-packages/PIL/Image.py", line 3031, in open
    "cannot identify image file %r" % (filename if filename else fp)
PIL.UnidentifiedImageError: cannot identify image file '/home/mpotts32/cams/Horizon/jpg/20240216.tar.gz'
Traceback (most recent call last):
  File "/home/mpotts32/cams/horizonsnap.py", line 219, in <module>
    add_time_stamp()
  File "/home/mpotts32/cams/horizonsnap.py", line 146, in add_time_stamp
    image = Image.open(latest_file)
  File "/home/mpotts32/.local/lib/python3.6/site-packages/PIL/Image.py", line 3031, in open
    "cannot identify image file %r" % (filename if filename else fp)
PIL.UnidentifiedImageError: cannot identify image file '/home/mpotts32/cams/Horizon/jpg/20240216.tar.gz'
Traceback (most recent call last):
  File "/home/mpotts32/cams/horizonsnap.py", line 219, in <module>
    add_time_stamp()
  File "/home/mpotts32/cams/horizonsnap.py", line 146, in add_time_stamp
    image = Image.open(latest_file)
  File "/home/mpotts32/.local/lib/python3.6/site-packages/PIL/Image.py", line 3031, in open
    "cannot identify image file %r" % (filename if filename else fp)
PIL.UnidentifiedImageError: cannot identify image file '/home/mpotts32/cams/Horizon/jpg/20240216.tar.gz'
Traceback (most recent call last):
  File "/home/mpotts32/cams/horizonsnap.py", line 219, in <module>
    add_time_stamp()
  File "/home/mpotts32/cams/horizonsnap.py", line 146, in add_time_stamp
    image = Image.open(latest_file)
  File "/home/mpotts32/.local/lib/python3.6/site-packages/PIL/Image.py", line 3031, in open
    "cannot identify image file %r" % (filename if filename else fp)
PIL.UnidentifiedImageError: cannot identify image file '/home/mpotts32/cams/Horizon/jpg/20240216.tar.gz'
Traceback (most recent call last):
  File "/home/mpotts32/cams/horizonsnap.py", line 219, in <module>
    add_time_stamp()
  File "/home/mpotts32/cams/horizonsnap.py", line 146, in add_time_stamp
    image = Image.open(latest_file)
  File "/home/mpotts32/.local/lib/python3.6/site-packages/PIL/Image.py", line 3031, in open
    "cannot identify image file %r" % (filename if filename else fp)
PIL.UnidentifiedImageError: cannot identify image file '/home/mpotts32/cams/Horizon/jpg/20240216.tar.gz'
Traceback (most recent call last):
  File "/home/mpotts32/cams/horizonsnap.py", line 219, in <module>
    add_time_stamp()
  File "/home/mpotts32/cams/horizonsnap.py", line 146, in add_time_stamp
    image = Image.open(latest_file)
  File "/home/mpotts32/.local/lib/python3.6/site-packages/PIL/Image.py", line 3031, in open
    "cannot identify image file %r" % (filename if filename else fp)
PIL.UnidentifiedImageError: cannot identify image file '/home/mpotts32/cams/Horizon/jpg/20240216.tar.gz'
Traceback (most recent call last):
  File "/home/mpotts32/cams/horizonsnap.py", line 219, in <module>
    add_time_stamp()
  File "/home/mpotts32/cams/horizonsnap.py", line 146, in add_time_stamp
    image = Image.open(latest_file)
  File "/home/mpotts32/.local/lib/python3.6/site-packages/PIL/Image.py", line 3031, in open
    "cannot identify image file %r" % (filename if filename else fp)
PIL.UnidentifiedImageError: cannot identify image file '/home/mpotts32/cams/Horizon/jpg/20240216.tar.gz'
Traceback (most recent call last):
  File "/home/mpotts32/cams/horizonsnap.py", line 219, in <module>
    add_time_stamp()
  File "/home/mpotts32/cams/horizonsnap.py", line 146, in add_time_stamp
    image = Image.open(latest_file)
  File "/home/mpotts32/.local/lib/python3.6/site-packages/PIL/Image.py", line 3031, in open
    "cannot identify image file %r" % (filename if filename else fp)
PIL.UnidentifiedImageError: cannot identify image file '/home/mpotts32/cams/Horizon/jpg/20240216.tar.gz'
Traceback (most recent call last):
  File "/home/mpotts32/cams/horizonsnap.py", line 219, in <module>
    add_time_stamp()
  File "/home/mpotts32/cams/horizonsnap.py", line 146, in add_time_stamp
    image = Image.open(latest_file)
  File "/home/mpotts32/.local/lib/python3.6/site-packages/PIL/Image.py", line 3031, in open
    "cannot identify image file %r" % (filename if filename else fp)
PIL.UnidentifiedImageError: cannot identify image file '/home/mpotts32/cams/Horizon/jpg/20240216.tar.gz'
Traceback (most recent call last):
  File "/home/mpotts32/cams/horizonsnap.py", line 219, in <module>
    add_time_stamp()
  File "/home/mpotts32/cams/horizonsnap.py", line 146, in add_time_stamp
    image = Image.open(latest_file)
  File "/home/mpotts32/.local/lib/python3.6/site-packages/PIL/Image.py", line 3031, in open
    "cannot identify image file %r" % (filename if filename else fp)
PIL.UnidentifiedImageError: cannot identify image file '/home/mpotts32/cams/Horizon/jpg/20240216.tar.gz'
Traceback (most recent call last):
  File "/home/mpotts32/cams/horizonsnap.py", line 219, in <module>
    add_time_stamp()
  File "/home/mpotts32/cams/horizonsnap.py", line 146, in add_time_stamp
    image = Image.open(latest_file)
  File "/home/mpotts32/.local/lib/python3.6/site-packages/PIL/Image.py", line 3031, in open
    "cannot identify image file %r" % (filename if filename else fp)
PIL.UnidentifiedImageError: cannot identify image file '/home/mpotts32/cams/Horizon/jpg/20240216.tar.gz'
Traceback (most recent call last):
  File "/home/mpotts32/cams/horizonsnap.py", line 219, in <module>
    add_time_stamp()
  File "/home/mpotts32/cams/horizonsnap.py", line 146, in add_time_stamp
    image = Image.open(latest_file)
  File "/home/mpotts32/.local/lib/python3.6/site-packages/PIL/Image.py", line 3031, in open
    "cannot identify image file %r" % (filename if filename else fp)
PIL.UnidentifiedImageError: cannot identify image file '/home/mpotts32/cams/Horizon/jpg/20240216.tar.gz'
Traceback (most recent call last):
  File "/home/mpotts32/cams/horizonsnap.py", line 219, in <module>
    add_time_stamp()
  File "/home/mpotts32/cams/horizonsnap.py", line 146, in add_time_stamp
    image = Image.open(latest_file)
  File "/home/mpotts32/.local/lib/python3.6/site-packages/PIL/Image.py", line 3031, in open
    "cannot identify image file %r" % (filename if filename else fp)
PIL.UnidentifiedImageError: cannot identify image file '/home/mpotts32/cams/Horizon/jpg/20240216.tar.gz'
Traceback (most recent call last):
  File "/home/mpotts32/cams/horizonsnap.py", line 219, in <module>
    add_time_stamp()
  File "/home/mpotts32/cams/horizonsnap.py", line 146, in add_time_stamp
    image = Image.open(latest_file)
  File "/home/mpotts32/.local/lib/python3.6/site-packages/PIL/Image.py", line 3031, in open
    "cannot identify image file %r" % (filename if filename else fp)
PIL.UnidentifiedImageError: cannot identify image file '/home/mpotts32/cams/Horizon/jpg/20240216.tar.gz'
Traceback (most recent call last):
  File "/home/mpotts32/cams/horizonsnap.py", line 219, in <module>
    add_time_stamp()
  File "/home/mpotts32/cams/horizonsnap.py", line 146, in add_time_stamp
    image = Image.open(latest_file)
  File "/home/mpotts32/.local/lib/python3.6/site-packages/PIL/Image.py", line 3031, in open
    "cannot identify image file %r" % (filename if filename else fp)
PIL.UnidentifiedImageError: cannot identify image file '/home/mpotts32/cams/Horizon/jpg/20240216.tar.gz'
Traceback (most recent call last):
  File "/home/mpotts32/cams/horizonsnap.py", line 219, in <module>
    add_time_stamp()
  File "/home/mpotts32/cams/horizonsnap.py", line 146, in add_time_stamp
    image = Image.open(latest_file)
  File "/home/mpotts32/.local/lib/python3.6/site-packages/PIL/Image.py", line 3031, in open
    "cannot identify image file %r" % (filename if filename else fp)
PIL.UnidentifiedImageError: cannot identify image file '/home/mpotts32/cams/Horizon/jpg/20240216.tar.gz'
Traceback (most recent call last):
  File "/home/mpotts32/cams/horizonsnap.py", line 219, in <module>
    add_time_stamp()
  File "/home/mpotts32/cams/horizonsnap.py", line 146, in add_time_stamp
    image = Image.open(latest_file)
  File "/home/mpotts32/.local/lib/python3.6/site-packages/PIL/Image.py", line 3031, in open
    "cannot identify image file %r" % (filename if filename else fp)
PIL.UnidentifiedImageError: cannot identify image file '/home/mpotts32/cams/Horizon/jpg/20240216.tar.gz'
Traceback (most recent call last):
  File "/home/mpotts32/cams/horizonsnap.py", line 219, in <module>
    add_time_stamp()
  File "/home/mpotts32/cams/horizonsnap.py", line 146, in add_time_stamp
    image = Image.open(latest_file)
  File "/home/mpotts32/.local/lib/python3.6/site-packages/PIL/Image.py", line 3031, in open
    "cannot identify image file %r" % (filename if filename else fp)
PIL.UnidentifiedImageError: cannot identify image file '/home/mpotts32/cams/Horizon/jpg/20240216.tar.gz'
Traceback (most recent call last):
  File "/home/mpotts32/cams/horizonsnap.py", line 219, in <module>
    add_time_stamp()
  File "/home/mpotts32/cams/horizonsnap.py", line 146, in add_time_stamp
    image = Image.open(latest_file)
  File "/home/mpotts32/.local/lib/python3.6/site-packages/PIL/Image.py", line 3031, in open
    "cannot identify image file %r" % (filename if filename else fp)
PIL.UnidentifiedImageError: cannot identify image file '/home/mpotts32/cams/Horizon/jpg/20240216.tar.gz'
Traceback (most recent call last):
  File "/home/mpotts32/cams/horizonsnap.py", line 219, in <module>
    add_time_stamp()
  File "/home/mpotts32/cams/horizonsnap.py", line 146, in add_time_stamp
    image = Image.open(latest_file)
  File "/home/mpotts32/.local/lib/python3.6/site-packages/PIL/Image.py", line 3031, in open
    "cannot identify image file %r" % (filename if filename else fp)
PIL.UnidentifiedImageError: cannot identify image file '/home/mpotts32/cams/Horizon/jpg/20240216.tar.gz'
Traceback (most recent call last):
  File "/home/mpotts32/cams/horizonsnap.py", line 219, in <module>
    add_time_stamp()
  File "/home/mpotts32/cams/horizonsnap.py", line 146, in add_time_stamp
    image = Image.open(latest_file)
  File "/home/mpotts32/.local/lib/python3.6/site-packages/PIL/Image.py", line 3031, in open
    "cannot identify image file %r" % (filename if filename else fp)
PIL.UnidentifiedImageError: cannot identify image file '/home/mpotts32/cams/Horizon/jpg/20240216.tar.gz'
Traceback (most recent call last):
  File "/home/mpotts32/cams/horizonsnap.py", line 219, in <module>
    add_time_stamp()
  File "/home/mpotts32/cams/horizonsnap.py", line 146, in add_time_stamp
    image = Image.open(latest_file)
  File "/home/mpotts32/.local/lib/python3.6/site-packages/PIL/Image.py", line 3031, in open
    "cannot identify image file %r" % (filename if filename else fp)
PIL.UnidentifiedImageError: cannot identify image file '/home/mpotts32/cams/Horizon/jpg/20240216.tar.gz'
Traceback (most recent call last):
  File "/home/mpotts32/cams/horizonsnap.py", line 219, in <module>
    add_time_stamp()
  File "/home/mpotts32/cams/horizonsnap.py", line 146, in add_time_stamp
    image = Image.open(latest_file)
  File "/home/mpotts32/.local/lib/python3.6/site-packages/PIL/Image.py", line 3031, in open
    "cannot identify image file %r" % (filename if filename else fp)
PIL.UnidentifiedImageError: cannot identify image file '/home/mpotts32/cams/Horizon/jpg/20240216.tar.gz'
Traceback (most recent call last):
  File "/home/mpotts32/cams/horizonsnap.py", line 219, in <module>
    add_time_stamp()
  File "/home/mpotts32/cams/horizonsnap.py", line 146, in add_time_stamp
    image = Image.open(latest_file)
  File "/home/mpotts32/.local/lib/python3.6/site-packages/PIL/Image.py", line 3031, in open
    "cannot identify image file %r" % (filename if filename else fp)
PIL.UnidentifiedImageError: cannot identify image file '/home/mpotts32/cams/Horizon/jpg/20240216.tar.gz'
Traceback (most recent call last):
  File "/home/mpotts32/cams/horizonsnap.py", line 219, in <module>
    add_time_stamp()
  File "/home/mpotts32/cams/horizonsnap.py", line 146, in add_time_stamp
    image = Image.open(latest_file)
  File "/home/mpotts32/.local/lib/python3.6/site-packages/PIL/Image.py", line 3031, in open
    "cannot identify image file %r" % (filename if filename else fp)
PIL.UnidentifiedImageError: cannot identify image file '/home/mpotts32/cams/Horizon/jpg/20240216.tar.gz'
Traceback (most recent call last):
  File "/home/mpotts32/cams/horizonsnap.py", line 219, in <module>
    add_time_stamp()
  File "/home/mpotts32/cams/horizonsnap.py", line 146, in add_time_stamp
    image = Image.open(latest_file)
  File "/home/mpotts32/.local/lib/python3.6/site-packages/PIL/Image.py", line 3031, in open
    "cannot identify image file %r" % (filename if filename else fp)
PIL.UnidentifiedImageError: cannot identify image file '/home/mpotts32/cams/Horizon/jpg/20240216.tar.gz'
Traceback (most recent call last):
  File "/home/mpotts32/cams/horizonsnap.py", line 219, in <module>
    add_time_stamp()
  File "/home/mpotts32/cams/horizonsnap.py", line 146, in add_time_stamp
    image = Image.open(latest_file)
  File "/home/mpotts32/.local/lib/python3.6/site-packages/PIL/Image.py", line 3031, in open
    "cannot identify image file %r" % (filename if filename else fp)
PIL.UnidentifiedImageError: cannot identify image file '/home/mpotts32/cams/Horizon/jpg/20240216.tar.gz'
Traceback (most recent call last):
  File "/home/mpotts32/cams/horizonsnap.py", line 219, in <module>
    add_time_stamp()
  File "/home/mpotts32/cams/horizonsnap.py", line 146, in add_time_stamp
    image = Image.open(latest_file)
  File "/home/mpotts32/.local/lib/python3.6/site-packages/PIL/Image.py", line 3031, in open
    "cannot identify image file %r" % (filename if filename else fp)
PIL.UnidentifiedImageError: cannot identify image file '/home/mpotts32/cams/Horizon/jpg/20240216.tar.gz'
Traceback (most recent call last):
  File "/home/mpotts32/cams/horizonsnap.py", line 219, in <module>
    add_time_stamp()
  File "/home/mpotts32/cams/horizonsnap.py", line 146, in add_time_stamp
    image = Image.open(latest_file)
  File "/home/mpotts32/.local/lib/python3.6/site-packages/PIL/Image.py", line 3031, in open
    "cannot identify image file %r" % (filename if filename else fp)
PIL.UnidentifiedImageError: cannot identify image file '/home/mpotts32/cams/Horizon/jpg/20240216.tar.gz'
Traceback (most recent call last):
  File "/home/mpotts32/cams/horizonsnap.py", line 219, in <module>
    add_time_stamp()
  File "/home/mpotts32/cams/horizonsnap.py", line 146, in add_time_stamp
    image = Image.open(latest_file)
  File "/home/mpotts32/.local/lib/python3.6/site-packages/PIL/Image.py", line 3031, in open
    "cannot identify image file %r" % (filename if filename else fp)
PIL.UnidentifiedImageError: cannot identify image file '/home/mpotts32/cams/Horizon/jpg/20240216.tar.gz'
Traceback (most recent call last):
  File "/home/mpotts32/cams/horizonsnap.py", line 219, in <module>
    add_time_stamp()
  File "/home/mpotts32/cams/horizonsnap.py", line 146, in add_time_stamp
    image = Image.open(latest_file)
  File "/home/mpotts32/.local/lib/python3.6/site-packages/PIL/Image.py", line 3031, in open
    "cannot identify image file %r" % (filename if filename else fp)
PIL.UnidentifiedImageError: cannot identify image file '/home/mpotts32/cams/Horizon/jpg/20240216.tar.gz'
Traceback (most recent call last):
  File "/home/mpotts32/cams/horizonsnap.py", line 219, in <module>
    add_time_stamp()
  File "/home/mpotts32/cams/horizonsnap.py", line 146, in add_time_stamp
    image = Image.open(latest_file)
  File "/home/mpotts32/.local/lib/python3.6/site-packages/PIL/Image.py", line 3031, in open
    "cannot identify image file %r" % (filename if filename else fp)
PIL.UnidentifiedImageError: cannot identify image file '/home/mpotts32/cams/Horizon/jpg/20240216.tar.gz'
Traceback (most recent call last):
  File "/home/mpotts32/cams/horizonsnap.py", line 219, in <module>
    add_time_stamp()
  File "/home/mpotts32/cams/horizonsnap.py", line 146, in add_time_stamp
    image = Image.open(latest_file)
  File "/home/mpotts32/.local/lib/python3.6/site-packages/PIL/Image.py", line 3031, in open
    "cannot identify image file %r" % (filename if filename else fp)
PIL.UnidentifiedImageError: cannot identify image file '/home/mpotts32/cams/Horizon/jpg/20240216.tar.gz'
Traceback (most recent call last):
  File "/home/mpotts32/cams/horizonsnap.py", line 219, in <module>
    add_time_stamp()
  File "/home/mpotts32/cams/horizonsnap.py", line 146, in add_time_stamp
    image = Image.open(latest_file)
  File "/home/mpotts32/.local/lib/python3.6/site-packages/PIL/Image.py", line 3031, in open
    "cannot identify image file %r" % (filename if filename else fp)
PIL.UnidentifiedImageError: cannot identify image file '/home/mpotts32/cams/Horizon/jpg/20240216.tar.gz'
Traceback (most recent call last):
  File "/home/mpotts32/cams/horizonsnap.py", line 219, in <module>
    add_time_stamp()
  File "/home/mpotts32/cams/horizonsnap.py", line 146, in add_time_stamp
    image = Image.open(latest_file)
  File "/home/mpotts32/.local/lib/python3.6/site-packages/PIL/Image.py", line 3031, in open
    "cannot identify image file %r" % (filename if filename else fp)
PIL.UnidentifiedImageError: cannot identify image file '/home/mpotts32/cams/Horizon/jpg/20240216.tar.gz'
Traceback (most recent call last):
  File "/home/mpotts32/cams/horizonsnap.py", line 219, in <module>
    add_time_stamp()
  File "/home/mpotts32/cams/horizonsnap.py", line 146, in add_time_stamp
    image = Image.open(latest_file)
  File "/home/mpotts32/.local/lib/python3.6/site-packages/PIL/Image.py", line 3031, in open
    "cannot identify image file %r" % (filename if filename else fp)
PIL.UnidentifiedImageError: cannot identify image file '/home/mpotts32/cams/Horizon/jpg/20240216.tar.gz'
Traceback (most recent call last):
  File "/home/mpotts32/cams/horizonsnap.py", line 219, in <module>
    add_time_stamp()
  File "/home/mpotts32/cams/horizonsnap.py", line 146, in add_time_stamp
    image = Image.open(latest_file)
  File "/home/mpotts32/.local/lib/python3.6/site-packages/PIL/Image.py", line 3031, in open
    "cannot identify image file %r" % (filename if filename else fp)
PIL.UnidentifiedImageError: cannot identify image file '/home/mpotts32/cams/Horizon/jpg/20240216.tar.gz'
Traceback (most recent call last):
  File "/home/mpotts32/cams/horizonsnap.py", line 219, in <module>
    add_time_stamp()
  File "/home/mpotts32/cams/horizonsnap.py", line 146, in add_time_stamp
    image = Image.open(latest_file)
  File "/home/mpotts32/.local/lib/python3.6/site-packages/PIL/Image.py", line 3031, in open
    "cannot identify image file %r" % (filename if filename else fp)
PIL.UnidentifiedImageError: cannot identify image file '/home/mpotts32/cams/Horizon/jpg/20240216.tar.gz'
Traceback (most recent call last):
  File "/home/mpotts32/cams/horizonsnap.py", line 219, in <module>
    add_time_stamp()
  File "/home/mpotts32/cams/horizonsnap.py", line 146, in add_time_stamp
    image = Image.open(latest_file)
  File "/home/mpotts32/.local/lib/python3.6/site-packages/PIL/Image.py", line 3031, in open
    "cannot identify image file %r" % (filename if filename else fp)
PIL.UnidentifiedImageError: cannot identify image file '/home/mpotts32/cams/Horizon/jpg/20240216.tar.gz'
Traceback (most recent call last):
  File "/home/mpotts32/cams/horizonsnap.py", line 219, in <module>
    add_time_stamp()
  File "/home/mpotts32/cams/horizonsnap.py", line 146, in add_time_stamp
    image = Image.open(latest_file)
  File "/home/mpotts32/.local/lib/python3.6/site-packages/PIL/Image.py", line 3031, in open
    "cannot identify image file %r" % (filename if filename else fp)
PIL.UnidentifiedImageError: cannot identify image file '/home/mpotts32/cams/Horizon/jpg/20240216.tar.gz'
Traceback (most recent call last):
  File "/home/mpotts32/cams/horizonsnap.py", line 219, in <module>
    add_time_stamp()
  File "/home/mpotts32/cams/horizonsnap.py", line 146, in add_time_stamp
    image = Image.open(latest_file)
  File "/home/mpotts32/.local/lib/python3.6/site-packages/PIL/Image.py", line 3031, in open
    "cannot identify image file %r" % (filename if filename else fp)
PIL.UnidentifiedImageError: cannot identify image file '/home/mpotts32/cams/Horizon/jpg/20240216.tar.gz'
Traceback (most recent call last):
  File "/home/mpotts32/cams/horizonsnap.py", line 219, in <module>
    add_time_stamp()
  File "/home/mpotts32/cams/horizonsnap.py", line 146, in add_time_stamp
    image = Image.open(latest_file)
  File "/home/mpotts32/.local/lib/python3.6/site-packages/PIL/Image.py", line 3031, in open
    "cannot identify image file %r" % (filename if filename else fp)
PIL.UnidentifiedImageError: cannot identify image file '/home/mpotts32/cams/Horizon/jpg/20240216.tar.gz'
Traceback (most recent call last):
  File "/home/mpotts32/cams/horizonsnap.py", line 219, in <module>
    add_time_stamp()
  File "/home/mpotts32/cams/horizonsnap.py", line 146, in add_time_stamp
    image = Image.open(latest_file)
  File "/home/mpotts32/.local/lib/python3.6/site-packages/PIL/Image.py", line 3031, in open
    "cannot identify image file %r" % (filename if filename else fp)
PIL.UnidentifiedImageError: cannot identify image file '/home/mpotts32/cams/Horizon/jpg/20240216.tar.gz'
Traceback (most recent call last):
  File "/home/mpotts32/cams/horizonsnap.py", line 219, in <module>
    add_time_stamp()
  File "/home/mpotts32/cams/horizonsnap.py", line 146, in add_time_stamp
    image = Image.open(latest_file)
  File "/home/mpotts32/.local/lib/python3.6/site-packages/PIL/Image.py", line 3031, in open
    "cannot identify image file %r" % (filename if filename else fp)
PIL.UnidentifiedImageError: cannot identify image file '/home/mpotts32/cams/Horizon/jpg/20240216.tar.gz'
Traceback (most recent call last):
  File "/home/mpotts32/cams/horizonsnap.py", line 219, in <module>
    add_time_stamp()
  File "/home/mpotts32/cams/horizonsnap.py", line 146, in add_time_stamp
    image = Image.open(latest_file)
  File "/home/mpotts32/.local/lib/python3.6/site-packages/PIL/Image.py", line 3031, in open
    "cannot identify image file %r" % (filename if filename else fp)
PIL.UnidentifiedImageError: cannot identify image file '/home/mpotts32/cams/Horizon/jpg/20240216.tar.gz'
Traceback (most recent call last):
  File "/home/mpotts32/cams/horizonsnap.py", line 219, in <module>
    add_time_stamp()
  File "/home/mpotts32/cams/horizonsnap.py", line 146, in add_time_stamp
    image = Image.open(latest_file)
  File "/home/mpotts32/.local/lib/python3.6/site-packages/PIL/Image.py", line 3031, in open
    "cannot identify image file %r" % (filename if filename else fp)
PIL.UnidentifiedImageError: cannot identify image file '/home/mpotts32/cams/Horizon/jpg/20240216.tar.gz'
Traceback (most recent call last):
  File "/home/mpotts32/cams/horizonsnap.py", line 219, in <module>
    add_time_stamp()
  File "/home/mpotts32/cams/horizonsnap.py", line 146, in add_time_stamp
    image = Image.open(latest_file)
  File "/home/mpotts32/.local/lib/python3.6/site-packages/PIL/Image.py", line 3031, in open
    "cannot identify image file %r" % (filename if filename else fp)
PIL.UnidentifiedImageError: cannot identify image file '/home/mpotts32/cams/Horizon/jpg/20240216.tar.gz'
Traceback (most recent call last):
  File "/home/mpotts32/cams/horizonsnap.py", line 219, in <module>
    add_time_stamp()
  File "/home/mpotts32/cams/horizonsnap.py", line 146, in add_time_stamp
    image = Image.open(latest_file)
  File "/home/mpotts32/.local/lib/python3.6/site-packages/PIL/Image.py", line 3031, in open
    "cannot identify image file %r" % (filename if filename else fp)
PIL.UnidentifiedImageError: cannot identify image file '/home/mpotts32/cams/Horizon/jpg/20240216.tar.gz'
Traceback (most recent call last):
  File "/home/mpotts32/cams/horizonsnap.py", line 219, in <module>
    add_time_stamp()
  File "/home/mpotts32/cams/horizonsnap.py", line 146, in add_time_stamp
    image = Image.open(latest_file)
  File "/home/mpotts32/.local/lib/python3.6/site-packages/PIL/Image.py", line 3031, in open
    "cannot identify image file %r" % (filename if filename else fp)
PIL.UnidentifiedImageError: cannot identify image file '/home/mpotts32/cams/Horizon/jpg/20240216.tar.gz'
Traceback (most recent call last):
  File "/home/mpotts32/cams/horizonsnap.py", line 219, in <module>
    add_time_stamp()
  File "/home/mpotts32/cams/horizonsnap.py", line 146, in add_time_stamp
    image = Image.open(latest_file)
  File "/home/mpotts32/.local/lib/python3.6/site-packages/PIL/Image.py", line 3031, in open
    "cannot identify image file %r" % (filename if filename else fp)
PIL.UnidentifiedImageError: cannot identify image file '/home/mpotts32/cams/Horizon/jpg/20240216.tar.gz'
Traceback (most recent call last):
  File "/home/mpotts32/cams/horizonsnap.py", line 219, in <module>
    add_time_stamp()
  File "/home/mpotts32/cams/horizonsnap.py", line 146, in add_time_stamp
    image = Image.open(latest_file)
  File "/home/mpotts32/.local/lib/python3.6/site-packages/PIL/Image.py", line 3031, in open
    "cannot identify image file %r" % (filename if filename else fp)
PIL.UnidentifiedImageError: cannot identify image file '/home/mpotts32/cams/Horizon/jpg/20240216.tar.gz'
Traceback (most recent call last):
  File "/home/mpotts32/cams/horizonsnap.py", line 219, in <module>
    add_time_stamp()
  File "/home/mpotts32/cams/horizonsnap.py", line 146, in add_time_stamp
    image = Image.open(latest_file)
  File "/home/mpotts32/.local/lib/python3.6/site-packages/PIL/Image.py", line 3031, in open
    "cannot identify image file %r" % (filename if filename else fp)
PIL.UnidentifiedImageError: cannot identify image file '/home/mpotts32/cams/Horizon/jpg/20240216.tar.gz'
Traceback (most recent call last):
  File "/home/mpotts32/cams/horizonsnap.py", line 219, in <module>
    add_time_stamp()
  File "/home/mpotts32/cams/horizonsnap.py", line 146, in add_time_stamp
    image = Image.open(latest_file)
  File "/home/mpotts32/.local/lib/python3.6/site-packages/PIL/Image.py", line 3031, in open
    "cannot identify image file %r" % (filename if filename else fp)
PIL.UnidentifiedImageError: cannot identify image file '/home/mpotts32/cams/Horizon/jpg/20240216.tar.gz'
Traceback (most recent call last):
  File "/home/mpotts32/cams/horizonsnap.py", line 219, in <module>
    add_time_stamp()
  File "/home/mpotts32/cams/horizonsnap.py", line 146, in add_time_stamp
    image = Image.open(latest_file)
  File "/home/mpotts32/.local/lib/python3.6/site-packages/PIL/Image.py", line 3031, in open
    "cannot identify image file %r" % (filename if filename else fp)
PIL.UnidentifiedImageError: cannot identify image file '/home/mpotts32/cams/Horizon/jpg/20240216.tar.gz'
Traceback (most recent call last):
  File "/home/mpotts32/cams/horizonsnap.py", line 219, in <module>
    add_time_stamp()
  File "/home/mpotts32/cams/horizonsnap.py", line 146, in add_time_stamp
    image = Image.open(latest_file)
  File "/home/mpotts32/.local/lib/python3.6/site-packages/PIL/Image.py", line 3031, in open
    "cannot identify image file %r" % (filename if filename else fp)
PIL.UnidentifiedImageError: cannot identify image file '/home/mpotts32/cams/Horizon/jpg/20240216.tar.gz'
Traceback (most recent call last):
  File "/home/mpotts32/cams/horizonsnap.py", line 219, in <module>
    add_time_stamp()
  File "/home/mpotts32/cams/horizonsnap.py", line 146, in add_time_stamp
    image = Image.open(latest_file)
  File "/home/mpotts32/.local/lib/python3.6/site-packages/PIL/Image.py", line 3031, in open
    "cannot identify image file %r" % (filename if filename else fp)
PIL.UnidentifiedImageError: cannot identify image file '/home/mpotts32/cams/Horizon/jpg/20240216.tar.gz'
Traceback (most recent call last):
  File "/home/mpotts32/cams/horizonsnap.py", line 219, in <module>
    add_time_stamp()
  File "/home/mpotts32/cams/horizonsnap.py", line 146, in add_time_stamp
    image = Image.open(latest_file)
  File "/home/mpotts32/.local/lib/python3.6/site-packages/PIL/Image.py", line 3031, in open
    "cannot identify image file %r" % (filename if filename else fp)
PIL.UnidentifiedImageError: cannot identify image file '/home/mpotts32/cams/Horizon/jpg/20240216.tar.gz'
Traceback (most recent call last):
  File "/home/mpotts32/cams/horizonsnap.py", line 219, in <module>
    add_time_stamp()
  File "/home/mpotts32/cams/horizonsnap.py", line 146, in add_time_stamp
    image = Image.open(latest_file)
  File "/home/mpotts32/.local/lib/python3.6/site-packages/PIL/Image.py", line 3031, in open
    "cannot identify image file %r" % (filename if filename else fp)
PIL.UnidentifiedImageError: cannot identify image file '/home/mpotts32/cams/Horizon/jpg/20240216.tar.gz'
Traceback (most recent call last):
  File "/home/mpotts32/cams/horizonsnap.py", line 219, in <module>
    add_time_stamp()
  File "/home/mpotts32/cams/horizonsnap.py", line 146, in add_time_stamp
    image = Image.open(latest_file)
  File "/home/mpotts32/.local/lib/python3.6/site-packages/PIL/Image.py", line 3031, in open
    "cannot identify image file %r" % (filename if filename else fp)
PIL.UnidentifiedImageError: cannot identify image file '/home/mpotts32/cams/Horizon/jpg/20240216.tar.gz'
Traceback (most recent call last):
  File "/home/mpotts32/cams/horizonsnap.py", line 219, in <module>
    add_time_stamp()
  File "/home/mpotts32/cams/horizonsnap.py", line 146, in add_time_stamp
    image = Image.open(latest_file)
  File "/home/mpotts32/.local/lib/python3.6/site-packages/PIL/Image.py", line 3031, in open
    "cannot identify image file %r" % (filename if filename else fp)
PIL.UnidentifiedImageError: cannot identify image file '/home/mpotts32/cams/Horizon/jpg/20240216.tar.gz'
Traceback (most recent call last):
  File "/home/mpotts32/cams/horizonsnap.py", line 219, in <module>
    add_time_stamp()
  File "/home/mpotts32/cams/horizonsnap.py", line 146, in add_time_stamp
    image = Image.open(latest_file)
  File "/home/mpotts32/.local/lib/python3.6/site-packages/PIL/Image.py", line 3031, in open
    "cannot identify image file %r" % (filename if filename else fp)
PIL.UnidentifiedImageError: cannot identify image file '/home/mpotts32/cams/Horizon/jpg/20240216.tar.gz'
Traceback (most recent call last):
  File "/home/mpotts32/cams/horizonsnap.py", line 219, in <module>
    add_time_stamp()
  File "/home/mpotts32/cams/horizonsnap.py", line 146, in add_time_stamp
    image = Image.open(latest_file)
  File "/home/mpotts32/.local/lib/python3.6/site-packages/PIL/Image.py", line 3031, in open
    "cannot identify image file %r" % (filename if filename else fp)
PIL.UnidentifiedImageError: cannot identify image file '/home/mpotts32/cams/Horizon/jpg/20240216.tar.gz'
Traceback (most recent call last):
  File "/home/mpotts32/cams/horizonsnap.py", line 219, in <module>
    add_time_stamp()
  File "/home/mpotts32/cams/horizonsnap.py", line 146, in add_time_stamp
    image = Image.open(latest_file)
  File "/home/mpotts32/.local/lib/python3.6/site-packages/PIL/Image.py", line 3031, in open
    "cannot identify image file %r" % (filename if filename else fp)
PIL.UnidentifiedImageError: cannot identify image file '/home/mpotts32/cams/Horizon/jpg/20240216.tar.gz'
Traceback (most recent call last):
  File "/home/mpotts32/cams/horizonsnap.py", line 219, in <module>
    add_time_stamp()
  File "/home/mpotts32/cams/horizonsnap.py", line 146, in add_time_stamp
    image = Image.open(latest_file)
  File "/home/mpotts32/.local/lib/python3.6/site-packages/PIL/Image.py", line 3031, in open
    "cannot identify image file %r" % (filename if filename else fp)
PIL.UnidentifiedImageError: cannot identify image file '/home/mpotts32/cams/Horizon/jpg/20240216.tar.gz'
Traceback (most recent call last):
  File "/home/mpotts32/cams/horizonsnap.py", line 219, in <module>
    add_time_stamp()
  File "/home/mpotts32/cams/horizonsnap.py", line 146, in add_time_stamp
    image = Image.open(latest_file)
  File "/home/mpotts32/.local/lib/python3.6/site-packages/PIL/Image.py", line 3031, in open
    "cannot identify image file %r" % (filename if filename else fp)
PIL.UnidentifiedImageError: cannot identify image file '/home/mpotts32/cams/Horizon/jpg/20240216.tar.gz'
Traceback (most recent call last):
  File "/home/mpotts32/cams/horizonsnap.py", line 219, in <module>
    add_time_stamp()
  File "/home/mpotts32/cams/horizonsnap.py", line 146, in add_time_stamp
    image = Image.open(latest_file)
  File "/home/mpotts32/.local/lib/python3.6/site-packages/PIL/Image.py", line 3031, in open
    "cannot identify image file %r" % (filename if filename else fp)
PIL.UnidentifiedImageError: cannot identify image file '/home/mpotts32/cams/Horizon/jpg/20240216.tar.gz'
Traceback (most recent call last):
  File "/home/mpotts32/cams/horizonsnap.py", line 219, in <module>
    add_time_stamp()
  File "/home/mpotts32/cams/horizonsnap.py", line 146, in add_time_stamp
    image = Image.open(latest_file)
  File "/home/mpotts32/.local/lib/python3.6/site-packages/PIL/Image.py", line 3031, in open
    "cannot identify image file %r" % (filename if filename else fp)
PIL.UnidentifiedImageError: cannot identify image file '/home/mpotts32/cams/Horizon/jpg/20240216.tar.gz'
Traceback (most recent call last):
  File "/home/mpotts32/cams/horizonsnap.py", line 219, in <module>
    add_time_stamp()
  File "/home/mpotts32/cams/horizonsnap.py", line 146, in add_time_stamp
    image = Image.open(latest_file)
  File "/home/mpotts32/.local/lib/python3.6/site-packages/PIL/Image.py", line 3031, in open
    "cannot identify image file %r" % (filename if filename else fp)
PIL.UnidentifiedImageError: cannot identify image file '/home/mpotts32/cams/Horizon/jpg/20240216.tar.gz'
Traceback (most recent call last):
  File "/home/mpotts32/cams/horizonsnap.py", line 219, in <module>
    add_time_stamp()
  File "/home/mpotts32/cams/horizonsnap.py", line 146, in add_time_stamp
    image = Image.open(latest_file)
  File "/home/mpotts32/.local/lib/python3.6/site-packages/PIL/Image.py", line 3031, in open
    "cannot identify image file %r" % (filename if filename else fp)
PIL.UnidentifiedImageError: cannot identify image file '/home/mpotts32/cams/Horizon/jpg/20240216.tar.gz'
Traceback (most recent call last):
  File "/home/mpotts32/cams/horizonsnap.py", line 219, in <module>
    add_time_stamp()
  File "/home/mpotts32/cams/horizonsnap.py", line 146, in add_time_stamp
    image = Image.open(latest_file)
  File "/home/mpotts32/.local/lib/python3.6/site-packages/PIL/Image.py", line 3031, in open
    "cannot identify image file %r" % (filename if filename else fp)
PIL.UnidentifiedImageError: cannot identify image file '/home/mpotts32/cams/Horizon/jpg/20240216.tar.gz'
Traceback (most recent call last):
  File "/home/mpotts32/cams/horizonsnap.py", line 219, in <module>
    add_time_stamp()
  File "/home/mpotts32/cams/horizonsnap.py", line 146, in add_time_stamp
    image = Image.open(latest_file)
  File "/home/mpotts32/.local/lib/python3.6/site-packages/PIL/Image.py", line 3031, in open
    "cannot identify image file %r" % (filename if filename else fp)
PIL.UnidentifiedImageError: cannot identify image file '/home/mpotts32/cams/Horizon/jpg/20240216.tar.gz'
Traceback (most recent call last):
  File "/home/mpotts32/cams/horizonsnap.py", line 219, in <module>
    add_time_stamp()
  File "/home/mpotts32/cams/horizonsnap.py", line 146, in add_time_stamp
    image = Image.open(latest_file)
  File "/home/mpotts32/.local/lib/python3.6/site-packages/PIL/Image.py", line 3031, in open
    "cannot identify image file %r" % (filename if filename else fp)
PIL.UnidentifiedImageError: cannot identify image file '/home/mpotts32/cams/Horizon/jpg/20240216.tar.gz'
Traceback (most recent call last):
  File "/home/mpotts32/cams/horizonsnap.py", line 219, in <module>
    add_time_stamp()
  File "/home/mpotts32/cams/horizonsnap.py", line 146, in add_time_stamp
    image = Image.open(latest_file)
  File "/home/mpotts32/.local/lib/python3.6/site-packages/PIL/Image.py", line 3031, in open
    "cannot identify image file %r" % (filename if filename else fp)
PIL.UnidentifiedImageError: cannot identify image file '/home/mpotts32/cams/Horizon/jpg/20240216.tar.gz'
Traceback (most recent call last):
  File "/home/mpotts32/cams/horizonsnap.py", line 219, in <module>
    add_time_stamp()
  File "/home/mpotts32/cams/horizonsnap.py", line 146, in add_time_stamp
    image = Image.open(latest_file)
  File "/home/mpotts32/.local/lib/python3.6/site-packages/PIL/Image.py", line 3031, in open
    "cannot identify image file %r" % (filename if filename else fp)
PIL.UnidentifiedImageError: cannot identify image file '/home/mpotts32/cams/Horizon/jpg/20240216.tar.gz'
Traceback (most recent call last):
  File "/home/mpotts32/cams/horizonsnap.py", line 219, in <module>
    add_time_stamp()
  File "/home/mpotts32/cams/horizonsnap.py", line 146, in add_time_stamp
    image = Image.open(latest_file)
  File "/home/mpotts32/.local/lib/python3.6/site-packages/PIL/Image.py", line 3031, in open
    "cannot identify image file %r" % (filename if filename else fp)
PIL.UnidentifiedImageError: cannot identify image file '/home/mpotts32/cams/Horizon/jpg/20240216.tar.gz'
Traceback (most recent call last):
  File "/home/mpotts32/cams/horizonsnap.py", line 219, in <module>
    add_time_stamp()
  File "/home/mpotts32/cams/horizonsnap.py", line 146, in add_time_stamp
    image = Image.open(latest_file)
  File "/home/mpotts32/.local/lib/python3.6/site-packages/PIL/Image.py", line 3031, in open
    "cannot identify image file %r" % (filename if filename else fp)
PIL.UnidentifiedImageError: cannot identify image file '/home/mpotts32/cams/Horizon/jpg/20240216.tar.gz'
Traceback (most recent call last):
  File "/home/mpotts32/cams/horizonsnap.py", line 219, in <module>
    add_time_stamp()
  File "/home/mpotts32/cams/horizonsnap.py", line 146, in add_time_stamp
    image = Image.open(latest_file)
  File "/home/mpotts32/.local/lib/python3.6/site-packages/PIL/Image.py", line 3031, in open
    "cannot identify image file %r" % (filename if filename else fp)
PIL.UnidentifiedImageError: cannot identify image file '/home/mpotts32/cams/Horizon/jpg/20240216.tar.gz'
Traceback (most recent call last):
  File "/home/mpotts32/cams/horizonsnap.py", line 219, in <module>
    add_time_stamp()
  File "/home/mpotts32/cams/horizonsnap.py", line 146, in add_time_stamp
    image = Image.open(latest_file)
  File "/home/mpotts32/.local/lib/python3.6/site-packages/PIL/Image.py", line 3031, in open
    "cannot identify image file %r" % (filename if filename else fp)
PIL.UnidentifiedImageError: cannot identify image file '/home/mpotts32/cams/Horizon/jpg/20240216.tar.gz'
Traceback (most recent call last):
  File "/home/mpotts32/cams/horizonsnap.py", line 219, in <module>
    add_time_stamp()
  File "/home/mpotts32/cams/horizonsnap.py", line 146, in add_time_stamp
    image = Image.open(latest_file)
  File "/home/mpotts32/.local/lib/python3.6/site-packages/PIL/Image.py", line 3031, in open
    "cannot identify image file %r" % (filename if filename else fp)
PIL.UnidentifiedImageError: cannot identify image file '/home/mpotts32/cams/Horizon/jpg/20240216.tar.gz'
Traceback (most recent call last):
  File "/home/mpotts32/cams/horizonsnap.py", line 219, in <module>
    add_time_stamp()
  File "/home/mpotts32/cams/horizonsnap.py", line 146, in add_time_stamp
    image = Image.open(latest_file)
  File "/home/mpotts32/.local/lib/python3.6/site-packages/PIL/Image.py", line 3031, in open
    "cannot identify image file %r" % (filename if filename else fp)
PIL.UnidentifiedImageError: cannot identify image file '/home/mpotts32/cams/Horizon/jpg/20240216.tar.gz'
Traceback (most recent call last):
  File "/home/mpotts32/cams/horizonsnap.py", line 219, in <module>
    add_time_stamp()
  File "/home/mpotts32/cams/horizonsnap.py", line 146, in add_time_stamp
    image = Image.open(latest_file)
  File "/home/mpotts32/.local/lib/python3.6/site-packages/PIL/Image.py", line 3031, in open
    "cannot identify image file %r" % (filename if filename else fp)
PIL.UnidentifiedImageError: cannot identify image file '/home/mpotts32/cams/Horizon/jpg/20240216.tar.gz'
Traceback (most recent call last):
  File "/home/mpotts32/cams/horizonsnap.py", line 219, in <module>
    add_time_stamp()
  File "/home/mpotts32/cams/horizonsnap.py", line 146, in add_time_stamp
    image = Image.open(latest_file)
  File "/home/mpotts32/.local/lib/python3.6/site-packages/PIL/Image.py", line 3031, in open
    "cannot identify image file %r" % (filename if filename else fp)
PIL.UnidentifiedImageError: cannot identify image file '/home/mpotts32/cams/Horizon/jpg/20240216.tar.gz'
Traceback (most recent call last):
  File "/home/mpotts32/cams/horizonsnap.py", line 219, in <module>
    add_time_stamp()
  File "/home/mpotts32/cams/horizonsnap.py", line 146, in add_time_stamp
    image = Image.open(latest_file)
  File "/home/mpotts32/.local/lib/python3.6/site-packages/PIL/Image.py", line 3031, in open
    "cannot identify image file %r" % (filename if filename else fp)
PIL.UnidentifiedImageError: cannot identify image file '/home/mpotts32/cams/Horizon/jpg/20240216.tar.gz'
Traceback (most recent call last):
  File "/home/mpotts32/cams/horizonsnap.py", line 219, in <module>
    add_time_stamp()
  File "/home/mpotts32/cams/horizonsnap.py", line 146, in add_time_stamp
    image = Image.open(latest_file)
  File "/home/mpotts32/.local/lib/python3.6/site-packages/PIL/Image.py", line 3031, in open
    "cannot identify image file %r" % (filename if filename else fp)
PIL.UnidentifiedImageError: cannot identify image file '/home/mpotts32/cams/Horizon/jpg/20240216.tar.gz'
Traceback (most recent call last):
  File "/home/mpotts32/cams/horizonsnap.py", line 219, in <module>
    add_time_stamp()
  File "/home/mpotts32/cams/horizonsnap.py", line 146, in add_time_stamp
    image = Image.open(latest_file)
  File "/home/mpotts32/.local/lib/python3.6/site-packages/PIL/Image.py", line 3031, in open
    "cannot identify image file %r" % (filename if filename else fp)
PIL.UnidentifiedImageError: cannot identify image file '/home/mpotts32/cams/Horizon/jpg/20240216.tar.gz'
Traceback (most recent call last):
  File "/home/mpotts32/cams/horizonsnap.py", line 219, in <module>
    add_time_stamp()
  File "/home/mpotts32/cams/horizonsnap.py", line 146, in add_time_stamp
    image = Image.open(latest_file)
  File "/home/mpotts32/.local/lib/python3.6/site-packages/PIL/Image.py", line 3031, in open
    "cannot identify image file %r" % (filename if filename else fp)
PIL.UnidentifiedImageError: cannot identify image file '/home/mpotts32/cams/Horizon/jpg/20240216.tar.gz'
Traceback (most recent call last):
  File "/home/mpotts32/cams/horizonsnap.py", line 219, in <module>
    add_time_stamp()
  File "/home/mpotts32/cams/horizonsnap.py", line 146, in add_time_stamp
    image = Image.open(latest_file)
  File "/home/mpotts32/.local/lib/python3.6/site-packages/PIL/Image.py", line 3031, in open
    "cannot identify image file %r" % (filename if filename else fp)
PIL.UnidentifiedImageError: cannot identify image file '/home/mpotts32/cams/Horizon/jpg/20240216.tar.gz'
Traceback (most recent call last):
  File "/home/mpotts32/cams/horizonsnap.py", line 219, in <module>
    add_time_stamp()
  File "/home/mpotts32/cams/horizonsnap.py", line 146, in add_time_stamp
    image = Image.open(latest_file)
  File "/home/mpotts32/.local/lib/python3.6/site-packages/PIL/Image.py", line 3031, in open
    "cannot identify image file %r" % (filename if filename else fp)
PIL.UnidentifiedImageError: cannot identify image file '/home/mpotts32/cams/Horizon/jpg/20240216.tar.gz'
Traceback (most recent call last):
  File "/home/mpotts32/cams/horizonsnap.py", line 219, in <module>
    add_time_stamp()
  File "/home/mpotts32/cams/horizonsnap.py", line 146, in add_time_stamp
    image = Image.open(latest_file)
  File "/home/mpotts32/.local/lib/python3.6/site-packages/PIL/Image.py", line 3031, in open
    "cannot identify image file %r" % (filename if filename else fp)
PIL.UnidentifiedImageError: cannot identify image file '/home/mpotts32/cams/Horizon/jpg/20240216.tar.gz'
Traceback (most recent call last):
  File "/home/mpotts32/cams/horizonsnap.py", line 219, in <module>
    add_time_stamp()
  File "/home/mpotts32/cams/horizonsnap.py", line 146, in add_time_stamp
    image = Image.open(latest_file)
  File "/home/mpotts32/.local/lib/python3.6/site-packages/PIL/Image.py", line 3031, in open
    "cannot identify image file %r" % (filename if filename else fp)
PIL.UnidentifiedImageError: cannot identify image file '/home/mpotts32/cams/Horizon/jpg/20240216.tar.gz'
Traceback (most recent call last):
  File "/home/mpotts32/cams/horizonsnap.py", line 219, in <module>
    add_time_stamp()
  File "/home/mpotts32/cams/horizonsnap.py", line 146, in add_time_stamp
    image = Image.open(latest_file)
  File "/home/mpotts32/.local/lib/python3.6/site-packages/PIL/Image.py", line 3031, in open
    "cannot identify image file %r" % (filename if filename else fp)
PIL.UnidentifiedImageError: cannot identify image file '/home/mpotts32/cams/Horizon/jpg/20240216.tar.gz'
Traceback (most recent call last):
  File "/home/mpotts32/cams/horizonsnap.py", line 219, in <module>
    add_time_stamp()
  File "/home/mpotts32/cams/horizonsnap.py", line 146, in add_time_stamp
    image = Image.open(latest_file)
  File "/home/mpotts32/.local/lib/python3.6/site-packages/PIL/Image.py", line 3031, in open
    "cannot identify image file %r" % (filename if filename else fp)
PIL.UnidentifiedImageError: cannot identify image file '/home/mpotts32/cams/Horizon/jpg/20240216.tar.gz'
Traceback (most recent call last):
  File "/home/mpotts32/cams/horizonsnap.py", line 219, in <module>
    add_time_stamp()
  File "/home/mpotts32/cams/horizonsnap.py", line 146, in add_time_stamp
    image = Image.open(latest_file)
  File "/home/mpotts32/.local/lib/python3.6/site-packages/PIL/Image.py", line 3031, in open
    "cannot identify image file %r" % (filename if filename else fp)
PIL.UnidentifiedImageError: cannot identify image file '/home/mpotts32/cams/Horizon/jpg/20240216.tar.gz'
Traceback (most recent call last):
  File "/home/mpotts32/cams/horizonsnap.py", line 219, in <module>
    add_time_stamp()
  File "/home/mpotts32/cams/horizonsnap.py", line 146, in add_time_stamp
    image = Image.open(latest_file)
  File "/home/mpotts32/.local/lib/python3.6/site-packages/PIL/Image.py", line 3031, in open
    "cannot identify image file %r" % (filename if filename else fp)
PIL.UnidentifiedImageError: cannot identify image file '/home/mpotts32/cams/Horizon/jpg/20240216.tar.gz'
Traceback (most recent call last):
  File "/home/mpotts32/cams/horizonsnap.py", line 219, in <module>
    add_time_stamp()
  File "/home/mpotts32/cams/horizonsnap.py", line 146, in add_time_stamp
    image = Image.open(latest_file)
  File "/home/mpotts32/.local/lib/python3.6/site-packages/PIL/Image.py", line 3031, in open
    "cannot identify image file %r" % (filename if filename else fp)
PIL.UnidentifiedImageError: cannot identify image file '/home/mpotts32/cams/Horizon/jpg/20240216.tar.gz'
Traceback (most recent call last):
  File "/home/mpotts32/cams/horizonsnap.py", line 219, in <module>
    add_time_stamp()
  File "/home/mpotts32/cams/horizonsnap.py", line 146, in add_time_stamp
    image = Image.open(latest_file)
  File "/home/mpotts32/.local/lib/python3.6/site-packages/PIL/Image.py", line 3031, in open
    "cannot identify image file %r" % (filename if filename else fp)
PIL.UnidentifiedImageError: cannot identify image file '/home/mpotts32/cams/Horizon/jpg/20240216.tar.gz'
Traceback (most recent call last):
  File "/home/mpotts32/cams/horizonsnap.py", line 219, in <module>
    add_time_stamp()
  File "/home/mpotts32/cams/horizonsnap.py", line 146, in add_time_stamp
    image = Image.open(latest_file)
  File "/home/mpotts32/.local/lib/python3.6/site-packages/PIL/Image.py", line 3031, in open
    "cannot identify image file %r" % (filename if filename else fp)
PIL.UnidentifiedImageError: cannot identify image file '/home/mpotts32/cams/Horizon/jpg/20240216.tar.gz'
Traceback (most recent call last):
  File "/home/mpotts32/cams/horizonsnap.py", line 219, in <module>
    add_time_stamp()
  File "/home/mpotts32/cams/horizonsnap.py", line 146, in add_time_stamp
    image = Image.open(latest_file)
  File "/home/mpotts32/.local/lib/python3.6/site-packages/PIL/Image.py", line 3031, in open
    "cannot identify image file %r" % (filename if filename else fp)
PIL.UnidentifiedImageError: cannot identify image file '/home/mpotts32/cams/Horizon/jpg/20240216.tar.gz'
Traceback (most recent call last):
  File "/home/mpotts32/cams/horizonsnap.py", line 219, in <module>
    add_time_stamp()
  File "/home/mpotts32/cams/horizonsnap.py", line 146, in add_time_stamp
    image = Image.open(latest_file)
  File "/home/mpotts32/.local/lib/python3.6/site-packages/PIL/Image.py", line 3031, in open
    "cannot identify image file %r" % (filename if filename else fp)
PIL.UnidentifiedImageError: cannot identify image file '/home/mpotts32/cams/Horizon/jpg/20240216.tar.gz'
Traceback (most recent call last):
  File "/home/mpotts32/cams/horizonsnap.py", line 219, in <module>
    add_time_stamp()
  File "/home/mpotts32/cams/horizonsnap.py", line 146, in add_time_stamp
    image = Image.open(latest_file)
  File "/home/mpotts32/.local/lib/python3.6/site-packages/PIL/Image.py", line 3031, in open
    "cannot identify image file %r" % (filename if filename else fp)
PIL.UnidentifiedImageError: cannot identify image file '/home/mpotts32/cams/Horizon/jpg/20240216.tar.gz'
Traceback (most recent call last):
  File "/home/mpotts32/cams/horizonsnap.py", line 219, in <module>
    add_time_stamp()
  File "/home/mpotts32/cams/horizonsnap.py", line 146, in add_time_stamp
    image = Image.open(latest_file)
  File "/home/mpotts32/.local/lib/python3.6/site-packages/PIL/Image.py", line 3031, in open
    "cannot identify image file %r" % (filename if filename else fp)
PIL.UnidentifiedImageError: cannot identify image file '/home/mpotts32/cams/Horizon/jpg/20240216.tar.gz'
Traceback (most recent call last):
  File "/home/mpotts32/cams/horizonsnap.py", line 219, in <module>
    add_time_stamp()
  File "/home/mpotts32/cams/horizonsnap.py", line 146, in add_time_stamp
    image = Image.open(latest_file)
  File "/home/mpotts32/.local/lib/python3.6/site-packages/PIL/Image.py", line 3031, in open
    "cannot identify image file %r" % (filename if filename else fp)
PIL.UnidentifiedImageError: cannot identify image file '/home/mpotts32/cams/Horizon/jpg/20240216.tar.gz'
Traceback (most recent call last):
  File "/home/mpotts32/cams/horizonsnap.py", line 219, in <module>
    add_time_stamp()
  File "/home/mpotts32/cams/horizonsnap.py", line 146, in add_time_stamp
    image = Image.open(latest_file)
  File "/home/mpotts32/.local/lib/python3.6/site-packages/PIL/Image.py", line 3031, in open
    "cannot identify image file %r" % (filename if filename else fp)
PIL.UnidentifiedImageError: cannot identify image file '/home/mpotts32/cams/Horizon/jpg/20240216.tar.gz'
Traceback (most recent call last):
  File "/home/mpotts32/cams/horizonsnap.py", line 219, in <module>
    add_time_stamp()
  File "/home/mpotts32/cams/horizonsnap.py", line 146, in add_time_stamp
    image = Image.open(latest_file)
  File "/home/mpotts32/.local/lib/python3.6/site-packages/PIL/Image.py", line 3031, in open
    "cannot identify image file %r" % (filename if filename else fp)
PIL.UnidentifiedImageError: cannot identify image file '/home/mpotts32/cams/Horizon/jpg/20240216.tar.gz'
Traceback (most recent call last):
  File "/home/mpotts32/cams/horizonsnap.py", line 219, in <module>
    add_time_stamp()
  File "/home/mpotts32/cams/horizonsnap.py", line 146, in add_time_stamp
    image = Image.open(latest_file)
  File "/home/mpotts32/.local/lib/python3.6/site-packages/PIL/Image.py", line 3031, in open
    "cannot identify image file %r" % (filename if filename else fp)
PIL.UnidentifiedImageError: cannot identify image file '/home/mpotts32/cams/Horizon/jpg/20240216.tar.gz'
Traceback (most recent call last):
  File "/home/mpotts32/cams/horizonsnap.py", line 219, in <module>
    add_time_stamp()
  File "/home/mpotts32/cams/horizonsnap.py", line 146, in add_time_stamp
    image = Image.open(latest_file)
  File "/home/mpotts32/.local/lib/python3.6/site-packages/PIL/Image.py", line 3031, in open
    "cannot identify image file %r" % (filename if filename else fp)
PIL.UnidentifiedImageError: cannot identify image file '/home/mpotts32/cams/Horizon/jpg/20240216.tar.gz'
Traceback (most recent call last):
  File "/home/mpotts32/cams/horizonsnap.py", line 219, in <module>
    add_time_stamp()
  File "/home/mpotts32/cams/horizonsnap.py", line 146, in add_time_stamp
    image = Image.open(latest_file)
  File "/home/mpotts32/.local/lib/python3.6/site-packages/PIL/Image.py", line 3031, in open
    "cannot identify image file %r" % (filename if filename else fp)
PIL.UnidentifiedImageError: cannot identify image file '/home/mpotts32/cams/Horizon/jpg/20240216.tar.gz'
Traceback (most recent call last):
  File "/home/mpotts32/cams/horizonsnap.py", line 219, in <module>
    add_time_stamp()
  File "/home/mpotts32/cams/horizonsnap.py", line 146, in add_time_stamp
    image = Image.open(latest_file)
  File "/home/mpotts32/.local/lib/python3.6/site-packages/PIL/Image.py", line 3031, in open
    "cannot identify image file %r" % (filename if filename else fp)
PIL.UnidentifiedImageError: cannot identify image file '/home/mpotts32/cams/Horizon/jpg/20240216.tar.gz'
Traceback (most recent call last):
  File "/home/mpotts32/cams/horizonsnap.py", line 219, in <module>
    add_time_stamp()
  File "/home/mpotts32/cams/horizonsnap.py", line 146, in add_time_stamp
    image = Image.open(latest_file)
  File "/home/mpotts32/.local/lib/python3.6/site-packages/PIL/Image.py", line 3031, in open
    "cannot identify image file %r" % (filename if filename else fp)
PIL.UnidentifiedImageError: cannot identify image file '/home/mpotts32/cams/Horizon/jpg/20240216.tar.gz'
Traceback (most recent call last):
  File "/home/mpotts32/cams/horizonsnap.py", line 219, in <module>
    add_time_stamp()
  File "/home/mpotts32/cams/horizonsnap.py", line 146, in add_time_stamp
    image = Image.open(latest_file)
  File "/home/mpotts32/.local/lib/python3.6/site-packages/PIL/Image.py", line 3031, in open
    "cannot identify image file %r" % (filename if filename else fp)
PIL.UnidentifiedImageError: cannot identify image file '/home/mpotts32/cams/Horizon/jpg/20240216.tar.gz'
Traceback (most recent call last):
  File "/home/mpotts32/cams/horizonsnap.py", line 219, in <module>
    add_time_stamp()
  File "/home/mpotts32/cams/horizonsnap.py", line 146, in add_time_stamp
    image = Image.open(latest_file)
  File "/home/mpotts32/.local/lib/python3.6/site-packages/PIL/Image.py", line 3031, in open
    "cannot identify image file %r" % (filename if filename else fp)
PIL.UnidentifiedImageError: cannot identify image file '/home/mpotts32/cams/Horizon/jpg/20240216.tar.gz'
Traceback (most recent call last):
  File "/home/mpotts32/cams/horizonsnap.py", line 219, in <module>
    add_time_stamp()
  File "/home/mpotts32/cams/horizonsnap.py", line 146, in add_time_stamp
    image = Image.open(latest_file)
  File "/home/mpotts32/.local/lib/python3.6/site-packages/PIL/Image.py", line 3031, in open
    "cannot identify image file %r" % (filename if filename else fp)
PIL.UnidentifiedImageError: cannot identify image file '/home/mpotts32/cams/Horizon/jpg/20240216.tar.gz'
Traceback (most recent call last):
  File "/home/mpotts32/cams/horizonsnap.py", line 219, in <module>
    add_time_stamp()
  File "/home/mpotts32/cams/horizonsnap.py", line 146, in add_time_stamp
    image = Image.open(latest_file)
  File "/home/mpotts32/.local/lib/python3.6/site-packages/PIL/Image.py", line 3031, in open
    "cannot identify image file %r" % (filename if filename else fp)
PIL.UnidentifiedImageError: cannot identify image file '/home/mpotts32/cams/Horizon/jpg/20240216.tar.gz'
Traceback (most recent call last):
  File "/home/mpotts32/cams/horizonsnap.py", line 219, in <module>
    add_time_stamp()
  File "/home/mpotts32/cams/horizonsnap.py", line 146, in add_time_stamp
    image = Image.open(latest_file)
  File "/home/mpotts32/.local/lib/python3.6/site-packages/PIL/Image.py", line 3031, in open
    "cannot identify image file %r" % (filename if filename else fp)
PIL.UnidentifiedImageError: cannot identify image file '/home/mpotts32/cams/Horizon/jpg/20240216.tar.gz'
Traceback (most recent call last):
  File "/home/mpotts32/cams/horizonsnap.py", line 219, in <module>
    add_time_stamp()
  File "/home/mpotts32/cams/horizonsnap.py", line 146, in add_time_stamp
    image = Image.open(latest_file)
  File "/home/mpotts32/.local/lib/python3.6/site-packages/PIL/Image.py", line 3031, in open
    "cannot identify image file %r" % (filename if filename else fp)
PIL.UnidentifiedImageError: cannot identify image file '/home/mpotts32/cams/Horizon/jpg/20240216.tar.gz'
Traceback (most recent call last):
  File "/home/mpotts32/cams/horizonsnap.py", line 219, in <module>
    add_time_stamp()
  File "/home/mpotts32/cams/horizonsnap.py", line 146, in add_time_stamp
    image = Image.open(latest_file)
  File "/home/mpotts32/.local/lib/python3.6/site-packages/PIL/Image.py", line 3031, in open
    "cannot identify image file %r" % (filename if filename else fp)
PIL.UnidentifiedImageError: cannot identify image file '/home/mpotts32/cams/Horizon/jpg/20240216.tar.gz'
Traceback (most recent call last):
  File "/home/mpotts32/cams/horizonsnap.py", line 219, in <module>
    add_time_stamp()
  File "/home/mpotts32/cams/horizonsnap.py", line 146, in add_time_stamp
    image = Image.open(latest_file)
  File "/home/mpotts32/.local/lib/python3.6/site-packages/PIL/Image.py", line 3031, in open
    "cannot identify image file %r" % (filename if filename else fp)
PIL.UnidentifiedImageError: cannot identify image file '/home/mpotts32/cams/Horizon/jpg/20240216.tar.gz'
Traceback (most recent call last):
  File "/home/mpotts32/cams/horizonsnap.py", line 219, in <module>
    add_time_stamp()
  File "/home/mpotts32/cams/horizonsnap.py", line 146, in add_time_stamp
    image = Image.open(latest_file)
  File "/home/mpotts32/.local/lib/python3.6/site-packages/PIL/Image.py", line 3031, in open
    "cannot identify image file %r" % (filename if filename else fp)
PIL.UnidentifiedImageError: cannot identify image file '/home/mpotts32/cams/Horizon/jpg/20240216.tar.gz'
Traceback (most recent call last):
  File "/home/mpotts32/cams/horizonsnap.py", line 219, in <module>
    add_time_stamp()
  File "/home/mpotts32/cams/horizonsnap.py", line 146, in add_time_stamp
    image = Image.open(latest_file)
  File "/home/mpotts32/.local/lib/python3.6/site-packages/PIL/Image.py", line 3031, in open
    "cannot identify image file %r" % (filename if filename else fp)
PIL.UnidentifiedImageError: cannot identify image file '/home/mpotts32/cams/Horizon/jpg/20240216.tar.gz'
Traceback (most recent call last):
  File "/home/mpotts32/cams/horizonsnap.py", line 219, in <module>
    add_time_stamp()
  File "/home/mpotts32/cams/horizonsnap.py", line 146, in add_time_stamp
    image = Image.open(latest_file)
  File "/home/mpotts32/.local/lib/python3.6/site-packages/PIL/Image.py", line 3031, in open
    "cannot identify image file %r" % (filename if filename else fp)
PIL.UnidentifiedImageError: cannot identify image file '/home/mpotts32/cams/Horizon/jpg/20240216.tar.gz'
Traceback (most recent call last):
  File "/home/mpotts32/cams/horizonsnap.py", line 219, in <module>
    add_time_stamp()
  File "/home/mpotts32/cams/horizonsnap.py", line 146, in add_time_stamp
    image = Image.open(latest_file)
  File "/home/mpotts32/.local/lib/python3.6/site-packages/PIL/Image.py", line 3031, in open
    "cannot identify image file %r" % (filename if filename else fp)
PIL.UnidentifiedImageError: cannot identify image file '/home/mpotts32/cams/Horizon/jpg/20240216.tar.gz'
Traceback (most recent call last):
  File "/home/mpotts32/cams/horizonsnap.py", line 219, in <module>
    add_time_stamp()
  File "/home/mpotts32/cams/horizonsnap.py", line 146, in add_time_stamp
    image = Image.open(latest_file)
  File "/home/mpotts32/.local/lib/python3.6/site-packages/PIL/Image.py", line 3031, in open
    "cannot identify image file %r" % (filename if filename else fp)
PIL.UnidentifiedImageError: cannot identify image file '/home/mpotts32/cams/Horizon/jpg/20240216.tar.gz'
Traceback (most recent call last):
  File "/home/mpotts32/cams/horizonsnap.py", line 219, in <module>
    add_time_stamp()
  File "/home/mpotts32/cams/horizonsnap.py", line 146, in add_time_stamp
    image = Image.open(latest_file)
  File "/home/mpotts32/.local/lib/python3.6/site-packages/PIL/Image.py", line 3031, in open
    "cannot identify image file %r" % (filename if filename else fp)
PIL.UnidentifiedImageError: cannot identify image file '/home/mpotts32/cams/Horizon/jpg/20240216.tar.gz'
Traceback (most recent call last):
  File "/home/mpotts32/cams/horizonsnap.py", line 219, in <module>
    add_time_stamp()
  File "/home/mpotts32/cams/horizonsnap.py", line 146, in add_time_stamp
    image = Image.open(latest_file)
  File "/home/mpotts32/.local/lib/python3.6/site-packages/PIL/Image.py", line 3031, in open
    "cannot identify image file %r" % (filename if filename else fp)
PIL.UnidentifiedImageError: cannot identify image file '/home/mpotts32/cams/Horizon/jpg/20240216.tar.gz'
Traceback (most recent call last):
  File "/home/mpotts32/cams/horizonsnap.py", line 219, in <module>
    add_time_stamp()
  File "/home/mpotts32/cams/horizonsnap.py", line 146, in add_time_stamp
    image = Image.open(latest_file)
  File "/home/mpotts32/.local/lib/python3.6/site-packages/PIL/Image.py", line 3031, in open
    "cannot identify image file %r" % (filename if filename else fp)
PIL.UnidentifiedImageError: cannot identify image file '/home/mpotts32/cams/Horizon/jpg/20240216.tar.gz'
Traceback (most recent call last):
  File "/home/mpotts32/cams/horizonsnap.py", line 219, in <module>
    add_time_stamp()
  File "/home/mpotts32/cams/horizonsnap.py", line 146, in add_time_stamp
    image = Image.open(latest_file)
  File "/home/mpotts32/.local/lib/python3.6/site-packages/PIL/Image.py", line 3031, in open
    "cannot identify image file %r" % (filename if filename else fp)
PIL.UnidentifiedImageError: cannot identify image file '/home/mpotts32/cams/Horizon/jpg/20240216.tar.gz'
Traceback (most recent call last):
  File "/home/mpotts32/cams/horizonsnap.py", line 219, in <module>
    add_time_stamp()
  File "/home/mpotts32/cams/horizonsnap.py", line 146, in add_time_stamp
    image = Image.open(latest_file)
  File "/home/mpotts32/.local/lib/python3.6/site-packages/PIL/Image.py", line 3031, in open
    "cannot identify image file %r" % (filename if filename else fp)
PIL.UnidentifiedImageError: cannot identify image file '/home/mpotts32/cams/Horizon/jpg/20240216.tar.gz'
Traceback (most recent call last):
  File "/home/mpotts32/cams/horizonsnap.py", line 219, in <module>
    add_time_stamp()
  File "/home/mpotts32/cams/horizonsnap.py", line 146, in add_time_stamp
    image = Image.open(latest_file)
  File "/home/mpotts32/.local/lib/python3.6/site-packages/PIL/Image.py", line 3031, in open
    "cannot identify image file %r" % (filename if filename else fp)
PIL.UnidentifiedImageError: cannot identify image file '/home/mpotts32/cams/Horizon/jpg/20240216.tar.gz'
Traceback (most recent call last):
  File "/home/mpotts32/cams/horizonsnap.py", line 219, in <module>
    add_time_stamp()
  File "/home/mpotts32/cams/horizonsnap.py", line 146, in add_time_stamp
    image = Image.open(latest_file)
  File "/home/mpotts32/.local/lib/python3.6/site-packages/PIL/Image.py", line 3031, in open
    "cannot identify image file %r" % (filename if filename else fp)
PIL.UnidentifiedImageError: cannot identify image file '/home/mpotts32/cams/Horizon/jpg/20240216.tar.gz'
Traceback (most recent call last):
  File "/home/mpotts32/cams/horizonsnap.py", line 219, in <module>
    add_time_stamp()
  File "/home/mpotts32/cams/horizonsnap.py", line 146, in add_time_stamp
    image = Image.open(latest_file)
  File "/home/mpotts32/.local/lib/python3.6/site-packages/PIL/Image.py", line 3031, in open
    "cannot identify image file %r" % (filename if filename else fp)
PIL.UnidentifiedImageError: cannot identify image file '/home/mpotts32/cams/Horizon/jpg/20240216.tar.gz'
Traceback (most recent call last):
  File "/home/mpotts32/cams/horizonsnap.py", line 219, in <module>
    add_time_stamp()
  File "/home/mpotts32/cams/horizonsnap.py", line 146, in add_time_stamp
    image = Image.open(latest_file)
  File "/home/mpotts32/.local/lib/python3.6/site-packages/PIL/Image.py", line 3031, in open
    "cannot identify image file %r" % (filename if filename else fp)
PIL.UnidentifiedImageError: cannot identify image file '/home/mpotts32/cams/Horizon/jpg/20240216.tar.gz'
Traceback (most recent call last):
  File "/home/mpotts32/cams/horizonsnap.py", line 219, in <module>
    add_time_stamp()
  File "/home/mpotts32/cams/horizonsnap.py", line 146, in add_time_stamp
    image = Image.open(latest_file)
  File "/home/mpotts32/.local/lib/python3.6/site-packages/PIL/Image.py", line 3031, in open
    "cannot identify image file %r" % (filename if filename else fp)
PIL.UnidentifiedImageError: cannot identify image file '/home/mpotts32/cams/Horizon/jpg/20240216.tar.gz'
Traceback (most recent call last):
  File "/home/mpotts32/cams/horizonsnap.py", line 219, in <module>
    add_time_stamp()
  File "/home/mpotts32/cams/horizonsnap.py", line 146, in add_time_stamp
    image = Image.open(latest_file)
  File "/home/mpotts32/.local/lib/python3.6/site-packages/PIL/Image.py", line 3031, in open
    "cannot identify image file %r" % (filename if filename else fp)
PIL.UnidentifiedImageError: cannot identify image file '/home/mpotts32/cams/Horizon/jpg/20240216.tar.gz'
Traceback (most recent call last):
  File "/home/mpotts32/cams/horizonsnap.py", line 219, in <module>
    add_time_stamp()
  File "/home/mpotts32/cams/horizonsnap.py", line 146, in add_time_stamp
    image = Image.open(latest_file)
  File "/home/mpotts32/.local/lib/python3.6/site-packages/PIL/Image.py", line 3031, in open
    "cannot identify image file %r" % (filename if filename else fp)
PIL.UnidentifiedImageError: cannot identify image file '/home/mpotts32/cams/Horizon/jpg/20240216.tar.gz'
Traceback (most recent call last):
  File "/home/mpotts32/cams/horizonsnap.py", line 219, in <module>
    add_time_stamp()
  File "/home/mpotts32/cams/horizonsnap.py", line 146, in add_time_stamp
    image = Image.open(latest_file)
  File "/home/mpotts32/.local/lib/python3.6/site-packages/PIL/Image.py", line 3031, in open
    "cannot identify image file %r" % (filename if filename else fp)
PIL.UnidentifiedImageError: cannot identify image file '/home/mpotts32/cams/Horizon/jpg/20240216.tar.gz'
Traceback (most recent call last):
  File "/home/mpotts32/cams/horizonsnap.py", line 219, in <module>
    add_time_stamp()
  File "/home/mpotts32/cams/horizonsnap.py", line 146, in add_time_stamp
    image = Image.open(latest_file)
  File "/home/mpotts32/.local/lib/python3.6/site-packages/PIL/Image.py", line 3031, in open
    "cannot identify image file %r" % (filename if filename else fp)
PIL.UnidentifiedImageError: cannot identify image file '/home/mpotts32/cams/Horizon/jpg/20240216.tar.gz'
Traceback (most recent call last):
  File "/home/mpotts32/cams/horizonsnap.py", line 219, in <module>
    add_time_stamp()
  File "/home/mpotts32/cams/horizonsnap.py", line 146, in add_time_stamp
    image = Image.open(latest_file)
  File "/home/mpotts32/.local/lib/python3.6/site-packages/PIL/Image.py", line 3031, in open
    "cannot identify image file %r" % (filename if filename else fp)
PIL.UnidentifiedImageError: cannot identify image file '/home/mpotts32/cams/Horizon/jpg/20240216.tar.gz'
Traceback (most recent call last):
  File "/home/mpotts32/cams/horizonsnap.py", line 219, in <module>
    add_time_stamp()
  File "/home/mpotts32/cams/horizonsnap.py", line 146, in add_time_stamp
    image = Image.open(latest_file)
  File "/home/mpotts32/.local/lib/python3.6/site-packages/PIL/Image.py", line 3031, in open
    "cannot identify image file %r" % (filename if filename else fp)
PIL.UnidentifiedImageError: cannot identify image file '/home/mpotts32/cams/Horizon/jpg/20240216.tar.gz'
Traceback (most recent call last):
  File "/home/mpotts32/cams/horizonsnap.py", line 219, in <module>
    add_time_stamp()
  File "/home/mpotts32/cams/horizonsnap.py", line 146, in add_time_stamp
    image = Image.open(latest_file)
  File "/home/mpotts32/.local/lib/python3.6/site-packages/PIL/Image.py", line 3031, in open
    "cannot identify image file %r" % (filename if filename else fp)
PIL.UnidentifiedImageError: cannot identify image file '/home/mpotts32/cams/Horizon/jpg/20240216.tar.gz'
Traceback (most recent call last):
  File "/home/mpotts32/cams/horizonsnap.py", line 219, in <module>
    add_time_stamp()
  File "/home/mpotts32/cams/horizonsnap.py", line 146, in add_time_stamp
    image = Image.open(latest_file)
  File "/home/mpotts32/.local/lib/python3.6/site-packages/PIL/Image.py", line 3031, in open
    "cannot identify image file %r" % (filename if filename else fp)
PIL.UnidentifiedImageError: cannot identify image file '/home/mpotts32/cams/Horizon/jpg/20240216.tar.gz'
Traceback (most recent call last):
  File "/home/mpotts32/cams/horizonsnap.py", line 219, in <module>
    add_time_stamp()
  File "/home/mpotts32/cams/horizonsnap.py", line 146, in add_time_stamp
    image = Image.open(latest_file)
  File "/home/mpotts32/.local/lib/python3.6/site-packages/PIL/Image.py", line 3031, in open
    "cannot identify image file %r" % (filename if filename else fp)
PIL.UnidentifiedImageError: cannot identify image file '/home/mpotts32/cams/Horizon/jpg/20240216.tar.gz'
Traceback (most recent call last):
  File "/home/mpotts32/cams/horizonsnap.py", line 219, in <module>
    add_time_stamp()
  File "/home/mpotts32/cams/horizonsnap.py", line 146, in add_time_stamp
    image = Image.open(latest_file)
  File "/home/mpotts32/.local/lib/python3.6/site-packages/PIL/Image.py", line 3031, in open
    "cannot identify image file %r" % (filename if filename else fp)
PIL.UnidentifiedImageError: cannot identify image file '/home/mpotts32/cams/Horizon/jpg/20240216.tar.gz'
Traceback (most recent call last):
  File "/home/mpotts32/cams/horizonsnap.py", line 219, in <module>
    add_time_stamp()
  File "/home/mpotts32/cams/horizonsnap.py", line 146, in add_time_stamp
    image = Image.open(latest_file)
  File "/home/mpotts32/.local/lib/python3.6/site-packages/PIL/Image.py", line 3031, in open
    "cannot identify image file %r" % (filename if filename else fp)
PIL.UnidentifiedImageError: cannot identify image file '/home/mpotts32/cams/Horizon/jpg/20240216.tar.gz'
Traceback (most recent call last):
  File "/home/mpotts32/cams/horizonsnap.py", line 219, in <module>
    add_time_stamp()
  File "/home/mpotts32/cams/horizonsnap.py", line 146, in add_time_stamp
    image = Image.open(latest_file)
  File "/home/mpotts32/.local/lib/python3.6/site-packages/PIL/Image.py", line 3031, in open
    "cannot identify image file %r" % (filename if filename else fp)
PIL.UnidentifiedImageError: cannot identify image file '/home/mpotts32/cams/Horizon/jpg/20240216.tar.gz'
Traceback (most recent call last):
  File "/home/mpotts32/cams/horizonsnap.py", line 219, in <module>
    add_time_stamp()
  File "/home/mpotts32/cams/horizonsnap.py", line 146, in add_time_stamp
    image = Image.open(latest_file)
  File "/home/mpotts32/.local/lib/python3.6/site-packages/PIL/Image.py", line 3031, in open
    "cannot identify image file %r" % (filename if filename else fp)
PIL.UnidentifiedImageError: cannot identify image file '/home/mpotts32/cams/Horizon/jpg/20240216.tar.gz'
Traceback (most recent call last):
  File "/home/mpotts32/cams/horizonsnap.py", line 219, in <module>
    add_time_stamp()
  File "/home/mpotts32/cams/horizonsnap.py", line 146, in add_time_stamp
    image = Image.open(latest_file)
  File "/home/mpotts32/.local/lib/python3.6/site-packages/PIL/Image.py", line 3031, in open
    "cannot identify image file %r" % (filename if filename else fp)
PIL.UnidentifiedImageError: cannot identify image file '/home/mpotts32/cams/Horizon/jpg/20240216.tar.gz'
Traceback (most recent call last):
  File "/home/mpotts32/cams/horizonsnap.py", line 219, in <module>
    add_time_stamp()
  File "/home/mpotts32/cams/horizonsnap.py", line 146, in add_time_stamp
    image = Image.open(latest_file)
  File "/home/mpotts32/.local/lib/python3.6/site-packages/PIL/Image.py", line 3031, in open
    "cannot identify image file %r" % (filename if filename else fp)
PIL.UnidentifiedImageError: cannot identify image file '/home/mpotts32/cams/Horizon/jpg/20240216.tar.gz'
Traceback (most recent call last):
  File "/home/mpotts32/cams/horizonsnap.py", line 219, in <module>
    add_time_stamp()
  File "/home/mpotts32/cams/horizonsnap.py", line 146, in add_time_stamp
    image = Image.open(latest_file)
  File "/home/mpotts32/.local/lib/python3.6/site-packages/PIL/Image.py", line 3031, in open
    "cannot identify image file %r" % (filename if filename else fp)
PIL.UnidentifiedImageError: cannot identify image file '/home/mpotts32/cams/Horizon/jpg/20240216.tar.gz'
Traceback (most recent call last):
  File "/home/mpotts32/cams/horizonsnap.py", line 219, in <module>
    add_time_stamp()
  File "/home/mpotts32/cams/horizonsnap.py", line 146, in add_time_stamp
    image = Image.open(latest_file)
  File "/home/mpotts32/.local/lib/python3.6/site-packages/PIL/Image.py", line 3031, in open
    "cannot identify image file %r" % (filename if filename else fp)
PIL.UnidentifiedImageError: cannot identify image file '/home/mpotts32/cams/Horizon/jpg/20240216.tar.gz'
Traceback (most recent call last):
  File "/home/mpotts32/cams/horizonsnap.py", line 219, in <module>
    add_time_stamp()
  File "/home/mpotts32/cams/horizonsnap.py", line 146, in add_time_stamp
    image = Image.open(latest_file)
  File "/home/mpotts32/.local/lib/python3.6/site-packages/PIL/Image.py", line 3031, in open
    "cannot identify image file %r" % (filename if filename else fp)
PIL.UnidentifiedImageError: cannot identify image file '/home/mpotts32/cams/Horizon/jpg/20240216.tar.gz'
Traceback (most recent call last):
  File "/home/mpotts32/cams/horizonsnap.py", line 219, in <module>
    add_time_stamp()
  File "/home/mpotts32/cams/horizonsnap.py", line 146, in add_time_stamp
    image = Image.open(latest_file)
  File "/home/mpotts32/.local/lib/python3.6/site-packages/PIL/Image.py", line 3031, in open
    "cannot identify image file %r" % (filename if filename else fp)
PIL.UnidentifiedImageError: cannot identify image file '/home/mpotts32/cams/Horizon/jpg/20240216.tar.gz'
Traceback (most recent call last):
  File "/home/mpotts32/cams/horizonsnap.py", line 219, in <module>
    add_time_stamp()
  File "/home/mpotts32/cams/horizonsnap.py", line 146, in add_time_stamp
    image = Image.open(latest_file)
  File "/home/mpotts32/.local/lib/python3.6/site-packages/PIL/Image.py", line 3031, in open
    "cannot identify image file %r" % (filename if filename else fp)
PIL.UnidentifiedImageError: cannot identify image file '/home/mpotts32/cams/Horizon/jpg/20240216.tar.gz'
Traceback (most recent call last):
  File "/home/mpotts32/cams/horizonsnap.py", line 219, in <module>
    add_time_stamp()
  File "/home/mpotts32/cams/horizonsnap.py", line 146, in add_time_stamp
    image = Image.open(latest_file)
  File "/home/mpotts32/.local/lib/python3.6/site-packages/PIL/Image.py", line 3031, in open
    "cannot identify image file %r" % (filename if filename else fp)
PIL.UnidentifiedImageError: cannot identify image file '/home/mpotts32/cams/Horizon/jpg/20240216.tar.gz'
Traceback (most recent call last):
  File "/home/mpotts32/cams/horizonsnap.py", line 219, in <module>
    add_time_stamp()
  File "/home/mpotts32/cams/horizonsnap.py", line 146, in add_time_stamp
    image = Image.open(latest_file)
  File "/home/mpotts32/.local/lib/python3.6/site-packages/PIL/Image.py", line 3031, in open
    "cannot identify image file %r" % (filename if filename else fp)
PIL.UnidentifiedImageError: cannot identify image file '/home/mpotts32/cams/Horizon/jpg/20240216.tar.gz'
Traceback (most recent call last):
  File "/home/mpotts32/cams/horizonsnap.py", line 219, in <module>
    add_time_stamp()
  File "/home/mpotts32/cams/horizonsnap.py", line 146, in add_time_stamp
    image = Image.open(latest_file)
  File "/home/mpotts32/.local/lib/python3.6/site-packages/PIL/Image.py", line 3031, in open
    "cannot identify image file %r" % (filename if filename else fp)
PIL.UnidentifiedImageError: cannot identify image file '/home/mpotts32/cams/Horizon/jpg/20240216.tar.gz'
Traceback (most recent call last):
  File "/home/mpotts32/cams/horizonsnap.py", line 219, in <module>
    add_time_stamp()
  File "/home/mpotts32/cams/horizonsnap.py", line 146, in add_time_stamp
    image = Image.open(latest_file)
  File "/home/mpotts32/.local/lib/python3.6/site-packages/PIL/Image.py", line 3031, in open
    "cannot identify image file %r" % (filename if filename else fp)
PIL.UnidentifiedImageError: cannot identify image file '/home/mpotts32/cams/Horizon/jpg/20240216.tar.gz'
Traceback (most recent call last):
  File "/home/mpotts32/cams/horizonsnap.py", line 219, in <module>
    add_time_stamp()
  File "/home/mpotts32/cams/horizonsnap.py", line 146, in add_time_stamp
    image = Image.open(latest_file)
  File "/home/mpotts32/.local/lib/python3.6/site-packages/PIL/Image.py", line 3031, in open
    "cannot identify image file %r" % (filename if filename else fp)
PIL.UnidentifiedImageError: cannot identify image file '/home/mpotts32/cams/Horizon/jpg/20240216.tar.gz'
Traceback (most recent call last):
  File "/home/mpotts32/cams/horizonsnap.py", line 219, in <module>
    add_time_stamp()
  File "/home/mpotts32/cams/horizonsnap.py", line 146, in add_time_stamp
    image = Image.open(latest_file)
  File "/home/mpotts32/.local/lib/python3.6/site-packages/PIL/Image.py", line 3031, in open
    "cannot identify image file %r" % (filename if filename else fp)
PIL.UnidentifiedImageError: cannot identify image file '/home/mpotts32/cams/Horizon/jpg/20240216.tar.gz'
Traceback (most recent call last):
  File "/home/mpotts32/cams/horizonsnap.py", line 219, in <module>
    add_time_stamp()
  File "/home/mpotts32/cams/horizonsnap.py", line 146, in add_time_stamp
    image = Image.open(latest_file)
  File "/home/mpotts32/.local/lib/python3.6/site-packages/PIL/Image.py", line 3031, in open
    "cannot identify image file %r" % (filename if filename else fp)
PIL.UnidentifiedImageError: cannot identify image file '/home/mpotts32/cams/Horizon/jpg/20240216.tar.gz'
Traceback (most recent call last):
  File "/home/mpotts32/cams/horizonsnap.py", line 219, in <module>
    add_time_stamp()
  File "/home/mpotts32/cams/horizonsnap.py", line 146, in add_time_stamp
    image = Image.open(latest_file)
  File "/home/mpotts32/.local/lib/python3.6/site-packages/PIL/Image.py", line 3031, in open
    "cannot identify image file %r" % (filename if filename else fp)
PIL.UnidentifiedImageError: cannot identify image file '/home/mpotts32/cams/Horizon/jpg/20240216.tar.gz'
Traceback (most recent call last):
  File "/home/mpotts32/cams/horizonsnap.py", line 219, in <module>
    add_time_stamp()
  File "/home/mpotts32/cams/horizonsnap.py", line 146, in add_time_stamp
    image = Image.open(latest_file)
  File "/home/mpotts32/.local/lib/python3.6/site-packages/PIL/Image.py", line 3031, in open
    "cannot identify image file %r" % (filename if filename else fp)
PIL.UnidentifiedImageError: cannot identify image file '/home/mpotts32/cams/Horizon/jpg/20240216.tar.gz'
Traceback (most recent call last):
  File "/home/mpotts32/cams/horizonsnap.py", line 219, in <module>
    add_time_stamp()
  File "/home/mpotts32/cams/horizonsnap.py", line 146, in add_time_stamp
    image = Image.open(latest_file)
  File "/home/mpotts32/.local/lib/python3.6/site-packages/PIL/Image.py", line 3031, in open
    "cannot identify image file %r" % (filename if filename else fp)
PIL.UnidentifiedImageError: cannot identify image file '/home/mpotts32/cams/Horizon/jpg/20240216.tar.gz'
Traceback (most recent call last):
  File "/home/mpotts32/cams/horizonsnap.py", line 219, in <module>
    add_time_stamp()
  File "/home/mpotts32/cams/horizonsnap.py", line 146, in add_time_stamp
    image = Image.open(latest_file)
  File "/home/mpotts32/.local/lib/python3.6/site-packages/PIL/Image.py", line 3031, in open
    "cannot identify image file %r" % (filename if filename else fp)
PIL.UnidentifiedImageError: cannot identify image file '/home/mpotts32/cams/Horizon/jpg/20240216.tar.gz'
Traceback (most recent call last):
  File "/home/mpotts32/cams/horizonsnap.py", line 219, in <module>
    add_time_stamp()
  File "/home/mpotts32/cams/horizonsnap.py", line 146, in add_time_stamp
    image = Image.open(latest_file)
  File "/home/mpotts32/.local/lib/python3.6/site-packages/PIL/Image.py", line 3031, in open
    "cannot identify image file %r" % (filename if filename else fp)
PIL.UnidentifiedImageError: cannot identify image file '/home/mpotts32/cams/Horizon/jpg/20240216.tar.gz'
Traceback (most recent call last):
  File "/home/mpotts32/cams/horizonsnap.py", line 219, in <module>
    add_time_stamp()
  File "/home/mpotts32/cams/horizonsnap.py", line 146, in add_time_stamp
    image = Image.open(latest_file)
  File "/home/mpotts32/.local/lib/python3.6/site-packages/PIL/Image.py", line 3031, in open
    "cannot identify image file %r" % (filename if filename else fp)
PIL.UnidentifiedImageError: cannot identify image file '/home/mpotts32/cams/Horizon/jpg/20240216.tar.gz'
Traceback (most recent call last):
  File "/home/mpotts32/cams/horizonsnap.py", line 219, in <module>
    add_time_stamp()
  File "/home/mpotts32/cams/horizonsnap.py", line 146, in add_time_stamp
    image = Image.open(latest_file)
  File "/home/mpotts32/.local/lib/python3.6/site-packages/PIL/Image.py", line 3031, in open
    "cannot identify image file %r" % (filename if filename else fp)
PIL.UnidentifiedImageError: cannot identify image file '/home/mpotts32/cams/Horizon/jpg/20240216.tar.gz'
Traceback (most recent call last):
  File "/home/mpotts32/cams/horizonsnap.py", line 219, in <module>
    add_time_stamp()
  File "/home/mpotts32/cams/horizonsnap.py", line 146, in add_time_stamp
    image = Image.open(latest_file)
  File "/home/mpotts32/.local/lib/python3.6/site-packages/PIL/Image.py", line 3031, in open
    "cannot identify image file %r" % (filename if filename else fp)
PIL.UnidentifiedImageError: cannot identify image file '/home/mpotts32/cams/Horizon/jpg/20240216.tar.gz'
Traceback (most recent call last):
  File "/home/mpotts32/cams/horizonsnap.py", line 219, in <module>
    add_time_stamp()
  File "/home/mpotts32/cams/horizonsnap.py", line 146, in add_time_stamp
    image = Image.open(latest_file)
  File "/home/mpotts32/.local/lib/python3.6/site-packages/PIL/Image.py", line 3031, in open
    "cannot identify image file %r" % (filename if filename else fp)
PIL.UnidentifiedImageError: cannot identify image file '/home/mpotts32/cams/Horizon/jpg/20240216.tar.gz'
Traceback (most recent call last):
  File "/home/mpotts32/cams/horizonsnap.py", line 219, in <module>
    add_time_stamp()
  File "/home/mpotts32/cams/horizonsnap.py", line 146, in add_time_stamp
    image = Image.open(latest_file)
  File "/home/mpotts32/.local/lib/python3.6/site-packages/PIL/Image.py", line 3031, in open
    "cannot identify image file %r" % (filename if filename else fp)
PIL.UnidentifiedImageError: cannot identify image file '/home/mpotts32/cams/Horizon/jpg/20240216.tar.gz'
Traceback (most recent call last):
  File "/home/mpotts32/cams/horizonsnap.py", line 219, in <module>
    add_time_stamp()
  File "/home/mpotts32/cams/horizonsnap.py", line 146, in add_time_stamp
    image = Image.open(latest_file)
  File "/home/mpotts32/.local/lib/python3.6/site-packages/PIL/Image.py", line 3031, in open
    "cannot identify image file %r" % (filename if filename else fp)
PIL.UnidentifiedImageError: cannot identify image file '/home/mpotts32/cams/Horizon/jpg/20240216.tar.gz'
Traceback (most recent call last):
  File "/home/mpotts32/cams/horizonsnap.py", line 219, in <module>
    add_time_stamp()
  File "/home/mpotts32/cams/horizonsnap.py", line 146, in add_time_stamp
    image = Image.open(latest_file)
  File "/home/mpotts32/.local/lib/python3.6/site-packages/PIL/Image.py", line 3031, in open
    "cannot identify image file %r" % (filename if filename else fp)
PIL.UnidentifiedImageError: cannot identify image file '/home/mpotts32/cams/Horizon/jpg/20240216.tar.gz'
Traceback (most recent call last):
  File "/home/mpotts32/cams/horizonsnap.py", line 219, in <module>
    add_time_stamp()
  File "/home/mpotts32/cams/horizonsnap.py", line 146, in add_time_stamp
    image = Image.open(latest_file)
  File "/home/mpotts32/.local/lib/python3.6/site-packages/PIL/Image.py", line 3031, in open
    "cannot identify image file %r" % (filename if filename else fp)
PIL.UnidentifiedImageError: cannot identify image file '/home/mpotts32/cams/Horizon/jpg/20240216.tar.gz'
Traceback (most recent call last):
  File "/home/mpotts32/cams/horizonsnap.py", line 219, in <module>
    add_time_stamp()
  File "/home/mpotts32/cams/horizonsnap.py", line 146, in add_time_stamp
    image = Image.open(latest_file)
  File "/home/mpotts32/.local/lib/python3.6/site-packages/PIL/Image.py", line 3031, in open
    "cannot identify image file %r" % (filename if filename else fp)
PIL.UnidentifiedImageError: cannot identify image file '/home/mpotts32/cams/Horizon/jpg/20240216.tar.gz'
Traceback (most recent call last):
  File "/home/mpotts32/cams/horizonsnap.py", line 219, in <module>
    add_time_stamp()
  File "/home/mpotts32/cams/horizonsnap.py", line 146, in add_time_stamp
    image = Image.open(latest_file)
  File "/home/mpotts32/.local/lib/python3.6/site-packages/PIL/Image.py", line 3031, in open
    "cannot identify image file %r" % (filename if filename else fp)
PIL.UnidentifiedImageError: cannot identify image file '/home/mpotts32/cams/Horizon/jpg/20240216.tar.gz'
Traceback (most recent call last):
  File "/home/mpotts32/cams/horizonsnap.py", line 219, in <module>
    add_time_stamp()
  File "/home/mpotts32/cams/horizonsnap.py", line 146, in add_time_stamp
    image = Image.open(latest_file)
  File "/home/mpotts32/.local/lib/python3.6/site-packages/PIL/Image.py", line 3031, in open
    "cannot identify image file %r" % (filename if filename else fp)
PIL.UnidentifiedImageError: cannot identify image file '/home/mpotts32/cams/Horizon/jpg/20240216.tar.gz'
Traceback (most recent call last):
  File "/home/mpotts32/cams/horizonsnap.py", line 219, in <module>
    add_time_stamp()
  File "/home/mpotts32/cams/horizonsnap.py", line 146, in add_time_stamp
    image = Image.open(latest_file)
  File "/home/mpotts32/.local/lib/python3.6/site-packages/PIL/Image.py", line 3031, in open
    "cannot identify image file %r" % (filename if filename else fp)
PIL.UnidentifiedImageError: cannot identify image file '/home/mpotts32/cams/Horizon/jpg/20240216.tar.gz'
Traceback (most recent call last):
  File "/home/mpotts32/cams/horizonsnap.py", line 219, in <module>
    add_time_stamp()
  File "/home/mpotts32/cams/horizonsnap.py", line 146, in add_time_stamp
    image = Image.open(latest_file)
  File "/home/mpotts32/.local/lib/python3.6/site-packages/PIL/Image.py", line 3031, in open
    "cannot identify image file %r" % (filename if filename else fp)
PIL.UnidentifiedImageError: cannot identify image file '/home/mpotts32/cams/Horizon/jpg/20240216.tar.gz'
Traceback (most recent call last):
  File "/home/mpotts32/cams/horizonsnap.py", line 219, in <module>
    add_time_stamp()
  File "/home/mpotts32/cams/horizonsnap.py", line 146, in add_time_stamp
    image = Image.open(latest_file)
  File "/home/mpotts32/.local/lib/python3.6/site-packages/PIL/Image.py", line 3031, in open
    "cannot identify image file %r" % (filename if filename else fp)
PIL.UnidentifiedImageError: cannot identify image file '/home/mpotts32/cams/Horizon/jpg/20240216.tar.gz'
Traceback (most recent call last):
  File "/home/mpotts32/cams/horizonsnap.py", line 219, in <module>
    add_time_stamp()
  File "/home/mpotts32/cams/horizonsnap.py", line 146, in add_time_stamp
    image = Image.open(latest_file)
  File "/home/mpotts32/.local/lib/python3.6/site-packages/PIL/Image.py", line 3031, in open
    "cannot identify image file %r" % (filename if filename else fp)
PIL.UnidentifiedImageError: cannot identify image file '/home/mpotts32/cams/Horizon/jpg/20240216.tar.gz'
Traceback (most recent call last):
  File "/home/mpotts32/cams/horizonsnap.py", line 219, in <module>
    add_time_stamp()
  File "/home/mpotts32/cams/horizonsnap.py", line 146, in add_time_stamp
    image = Image.open(latest_file)
  File "/home/mpotts32/.local/lib/python3.6/site-packages/PIL/Image.py", line 3031, in open
    "cannot identify image file %r" % (filename if filename else fp)
PIL.UnidentifiedImageError: cannot identify image file '/home/mpotts32/cams/Horizon/jpg/20240216.tar.gz'
Traceback (most recent call last):
  File "/home/mpotts32/cams/horizonsnap.py", line 219, in <module>
    add_time_stamp()
  File "/home/mpotts32/cams/horizonsnap.py", line 146, in add_time_stamp
    image = Image.open(latest_file)
  File "/home/mpotts32/.local/lib/python3.6/site-packages/PIL/Image.py", line 3031, in open
    "cannot identify image file %r" % (filename if filename else fp)
PIL.UnidentifiedImageError: cannot identify image file '/home/mpotts32/cams/Horizon/jpg/20240216.tar.gz'
Traceback (most recent call last):
  File "/home/mpotts32/cams/horizonsnap.py", line 219, in <module>
    add_time_stamp()
  File "/home/mpotts32/cams/horizonsnap.py", line 146, in add_time_stamp
    image = Image.open(latest_file)
  File "/home/mpotts32/.local/lib/python3.6/site-packages/PIL/Image.py", line 3031, in open
    "cannot identify image file %r" % (filename if filename else fp)
PIL.UnidentifiedImageError: cannot identify image file '/home/mpotts32/cams/Horizon/jpg/20240216.tar.gz'
Traceback (most recent call last):
  File "/home/mpotts32/cams/horizonsnap.py", line 219, in <module>
    add_time_stamp()
  File "/home/mpotts32/cams/horizonsnap.py", line 146, in add_time_stamp
    image = Image.open(latest_file)
  File "/home/mpotts32/.local/lib/python3.6/site-packages/PIL/Image.py", line 3031, in open
    "cannot identify image file %r" % (filename if filename else fp)
PIL.UnidentifiedImageError: cannot identify image file '/home/mpotts32/cams/Horizon/jpg/20240216.tar.gz'
Traceback (most recent call last):
  File "/home/mpotts32/cams/horizonsnap.py", line 219, in <module>
    add_time_stamp()
  File "/home/mpotts32/cams/horizonsnap.py", line 146, in add_time_stamp
    image = Image.open(latest_file)
  File "/home/mpotts32/.local/lib/python3.6/site-packages/PIL/Image.py", line 3031, in open
    "cannot identify image file %r" % (filename if filename else fp)
PIL.UnidentifiedImageError: cannot identify image file '/home/mpotts32/cams/Horizon/jpg/20240216.tar.gz'
Traceback (most recent call last):
  File "/home/mpotts32/cams/horizonsnap.py", line 219, in <module>
    add_time_stamp()
  File "/home/mpotts32/cams/horizonsnap.py", line 146, in add_time_stamp
    image = Image.open(latest_file)
  File "/home/mpotts32/.local/lib/python3.6/site-packages/PIL/Image.py", line 3031, in open
    "cannot identify image file %r" % (filename if filename else fp)
PIL.UnidentifiedImageError: cannot identify image file '/home/mpotts32/cams/Horizon/jpg/20240216.tar.gz'
Traceback (most recent call last):
  File "/home/mpotts32/cams/horizonsnap.py", line 219, in <module>
    add_time_stamp()
  File "/home/mpotts32/cams/horizonsnap.py", line 146, in add_time_stamp
    image = Image.open(latest_file)
  File "/home/mpotts32/.local/lib/python3.6/site-packages/PIL/Image.py", line 3031, in open
    "cannot identify image file %r" % (filename if filename else fp)
PIL.UnidentifiedImageError: cannot identify image file '/home/mpotts32/cams/Horizon/jpg/20240216.tar.gz'
Traceback (most recent call last):
  File "/home/mpotts32/cams/horizonsnap.py", line 219, in <module>
    add_time_stamp()
  File "/home/mpotts32/cams/horizonsnap.py", line 146, in add_time_stamp
    image = Image.open(latest_file)
  File "/home/mpotts32/.local/lib/python3.6/site-packages/PIL/Image.py", line 3031, in open
    "cannot identify image file %r" % (filename if filename else fp)
PIL.UnidentifiedImageError: cannot identify image file '/home/mpotts32/cams/Horizon/jpg/20240216.tar.gz'
Traceback (most recent call last):
  File "/home/mpotts32/cams/horizonsnap.py", line 219, in <module>
    add_time_stamp()
  File "/home/mpotts32/cams/horizonsnap.py", line 146, in add_time_stamp
    image = Image.open(latest_file)
  File "/home/mpotts32/.local/lib/python3.6/site-packages/PIL/Image.py", line 3031, in open
    "cannot identify image file %r" % (filename if filename else fp)
PIL.UnidentifiedImageError: cannot identify image file '/home/mpotts32/cams/Horizon/jpg/20240216.tar.gz'
Traceback (most recent call last):
  File "/home/mpotts32/cams/horizonsnap.py", line 219, in <module>
    add_time_stamp()
  File "/home/mpotts32/cams/horizonsnap.py", line 146, in add_time_stamp
    image = Image.open(latest_file)
  File "/home/mpotts32/.local/lib/python3.6/site-packages/PIL/Image.py", line 3031, in open
    "cannot identify image file %r" % (filename if filename else fp)
PIL.UnidentifiedImageError: cannot identify image file '/home/mpotts32/cams/Horizon/jpg/20240216.tar.gz'
Traceback (most recent call last):
  File "/home/mpotts32/cams/horizonsnap.py", line 219, in <module>
    add_time_stamp()
  File "/home/mpotts32/cams/horizonsnap.py", line 146, in add_time_stamp
    image = Image.open(latest_file)
  File "/home/mpotts32/.local/lib/python3.6/site-packages/PIL/Image.py", line 3031, in open
    "cannot identify image file %r" % (filename if filename else fp)
PIL.UnidentifiedImageError: cannot identify image file '/home/mpotts32/cams/Horizon/jpg/20240216.tar.gz'
Traceback (most recent call last):
  File "/home/mpotts32/cams/horizonsnap.py", line 219, in <module>
    add_time_stamp()
  File "/home/mpotts32/cams/horizonsnap.py", line 146, in add_time_stamp
    image = Image.open(latest_file)
  File "/home/mpotts32/.local/lib/python3.6/site-packages/PIL/Image.py", line 3031, in open
    "cannot identify image file %r" % (filename if filename else fp)
PIL.UnidentifiedImageError: cannot identify image file '/home/mpotts32/cams/Horizon/jpg/20240216.tar.gz'
Traceback (most recent call last):
  File "/home/mpotts32/cams/horizonsnap.py", line 219, in <module>
    add_time_stamp()
  File "/home/mpotts32/cams/horizonsnap.py", line 146, in add_time_stamp
    image = Image.open(latest_file)
  File "/home/mpotts32/.local/lib/python3.6/site-packages/PIL/Image.py", line 3031, in open
    "cannot identify image file %r" % (filename if filename else fp)
PIL.UnidentifiedImageError: cannot identify image file '/home/mpotts32/cams/Horizon/jpg/20240216.tar.gz'
Traceback (most recent call last):
  File "/home/mpotts32/cams/horizonsnap.py", line 219, in <module>
    add_time_stamp()
  File "/home/mpotts32/cams/horizonsnap.py", line 146, in add_time_stamp
    image = Image.open(latest_file)
  File "/home/mpotts32/.local/lib/python3.6/site-packages/PIL/Image.py", line 3031, in open
    "cannot identify image file %r" % (filename if filename else fp)
PIL.UnidentifiedImageError: cannot identify image file '/home/mpotts32/cams/Horizon/jpg/20240216.tar.gz'
Traceback (most recent call last):
  File "/home/mpotts32/cams/horizonsnap.py", line 219, in <module>
    add_time_stamp()
  File "/home/mpotts32/cams/horizonsnap.py", line 146, in add_time_stamp
    image = Image.open(latest_file)
  File "/home/mpotts32/.local/lib/python3.6/site-packages/PIL/Image.py", line 3031, in open
    "cannot identify image file %r" % (filename if filename else fp)
PIL.UnidentifiedImageError: cannot identify image file '/home/mpotts32/cams/Horizon/jpg/20240216.tar.gz'
Traceback (most recent call last):
  File "/home/mpotts32/cams/horizonsnap.py", line 219, in <module>
    add_time_stamp()
  File "/home/mpotts32/cams/horizonsnap.py", line 146, in add_time_stamp
    image = Image.open(latest_file)
  File "/home/mpotts32/.local/lib/python3.6/site-packages/PIL/Image.py", line 3031, in open
    "cannot identify image file %r" % (filename if filename else fp)
PIL.UnidentifiedImageError: cannot identify image file '/home/mpotts32/cams/Horizon/jpg/20240216.tar.gz'
Traceback (most recent call last):
  File "/home/mpotts32/cams/horizonsnap.py", line 219, in <module>
    add_time_stamp()
  File "/home/mpotts32/cams/horizonsnap.py", line 146, in add_time_stamp
    image = Image.open(latest_file)
  File "/home/mpotts32/.local/lib/python3.6/site-packages/PIL/Image.py", line 3031, in open
    "cannot identify image file %r" % (filename if filename else fp)
PIL.UnidentifiedImageError: cannot identify image file '/home/mpotts32/cams/Horizon/jpg/20240216.tar.gz'
Traceback (most recent call last):
  File "/home/mpotts32/cams/horizonsnap.py", line 219, in <module>
    add_time_stamp()
  File "/home/mpotts32/cams/horizonsnap.py", line 146, in add_time_stamp
    image = Image.open(latest_file)
  File "/home/mpotts32/.local/lib/python3.6/site-packages/PIL/Image.py", line 3031, in open
    "cannot identify image file %r" % (filename if filename else fp)
PIL.UnidentifiedImageError: cannot identify image file '/home/mpotts32/cams/Horizon/jpg/20240216.tar.gz'
Traceback (most recent call last):
  File "/home/mpotts32/cams/horizonsnap.py", line 219, in <module>
    add_time_stamp()
  File "/home/mpotts32/cams/horizonsnap.py", line 146, in add_time_stamp
    image = Image.open(latest_file)
  File "/home/mpotts32/.local/lib/python3.6/site-packages/PIL/Image.py", line 3031, in open
    "cannot identify image file %r" % (filename if filename else fp)
PIL.UnidentifiedImageError: cannot identify image file '/home/mpotts32/cams/Horizon/jpg/20240216.tar.gz'
Traceback (most recent call last):
  File "/home/mpotts32/cams/horizonsnap.py", line 219, in <module>
    add_time_stamp()
  File "/home/mpotts32/cams/horizonsnap.py", line 146, in add_time_stamp
    image = Image.open(latest_file)
  File "/home/mpotts32/.local/lib/python3.6/site-packages/PIL/Image.py", line 3031, in open
    "cannot identify image file %r" % (filename if filename else fp)
PIL.UnidentifiedImageError: cannot identify image file '/home/mpotts32/cams/Horizon/jpg/20240216.tar.gz'
Traceback (most recent call last):
  File "/home/mpotts32/cams/horizonsnap.py", line 219, in <module>
    add_time_stamp()
  File "/home/mpotts32/cams/horizonsnap.py", line 146, in add_time_stamp
    image = Image.open(latest_file)
  File "/home/mpotts32/.local/lib/python3.6/site-packages/PIL/Image.py", line 3031, in open
    "cannot identify image file %r" % (filename if filename else fp)
PIL.UnidentifiedImageError: cannot identify image file '/home/mpotts32/cams/Horizon/jpg/20240216.tar.gz'
Traceback (most recent call last):
  File "/home/mpotts32/cams/horizonsnap.py", line 219, in <module>
    add_time_stamp()
  File "/home/mpotts32/cams/horizonsnap.py", line 146, in add_time_stamp
    image = Image.open(latest_file)
  File "/home/mpotts32/.local/lib/python3.6/site-packages/PIL/Image.py", line 3031, in open
    "cannot identify image file %r" % (filename if filename else fp)
PIL.UnidentifiedImageError: cannot identify image file '/home/mpotts32/cams/Horizon/jpg/20240216.tar.gz'
Traceback (most recent call last):
  File "/home/mpotts32/cams/horizonsnap.py", line 219, in <module>
    add_time_stamp()
  File "/home/mpotts32/cams/horizonsnap.py", line 146, in add_time_stamp
    image = Image.open(latest_file)
  File "/home/mpotts32/.local/lib/python3.6/site-packages/PIL/Image.py", line 3031, in open
    "cannot identify image file %r" % (filename if filename else fp)
PIL.UnidentifiedImageError: cannot identify image file '/home/mpotts32/cams/Horizon/jpg/20240216.tar.gz'
Traceback (most recent call last):
  File "/home/mpotts32/cams/horizonsnap.py", line 219, in <module>
    add_time_stamp()
  File "/home/mpotts32/cams/horizonsnap.py", line 146, in add_time_stamp
    image = Image.open(latest_file)
  File "/home/mpotts32/.local/lib/python3.6/site-packages/PIL/Image.py", line 3031, in open
    "cannot identify image file %r" % (filename if filename else fp)
PIL.UnidentifiedImageError: cannot identify image file '/home/mpotts32/cams/Horizon/jpg/20240216.tar.gz'
Traceback (most recent call last):
  File "/home/mpotts32/cams/horizonsnap.py", line 219, in <module>
    add_time_stamp()
  File "/home/mpotts32/cams/horizonsnap.py", line 146, in add_time_stamp
    image = Image.open(latest_file)
  File "/home/mpotts32/.local/lib/python3.6/site-packages/PIL/Image.py", line 3031, in open
    "cannot identify image file %r" % (filename if filename else fp)
PIL.UnidentifiedImageError: cannot identify image file '/home/mpotts32/cams/Horizon/jpg/20240216.tar.gz'
Traceback (most recent call last):
  File "/home/mpotts32/cams/horizonsnap.py", line 219, in <module>
    add_time_stamp()
  File "/home/mpotts32/cams/horizonsnap.py", line 146, in add_time_stamp
    image = Image.open(latest_file)
  File "/home/mpotts32/.local/lib/python3.6/site-packages/PIL/Image.py", line 3031, in open
    "cannot identify image file %r" % (filename if filename else fp)
PIL.UnidentifiedImageError: cannot identify image file '/home/mpotts32/cams/Horizon/jpg/20240216.tar.gz'
Traceback (most recent call last):
  File "/home/mpotts32/cams/horizonsnap.py", line 219, in <module>
    add_time_stamp()
  File "/home/mpotts32/cams/horizonsnap.py", line 146, in add_time_stamp
    image = Image.open(latest_file)
  File "/home/mpotts32/.local/lib/python3.6/site-packages/PIL/Image.py", line 3031, in open
    "cannot identify image file %r" % (filename if filename else fp)
PIL.UnidentifiedImageError: cannot identify image file '/home/mpotts32/cams/Horizon/jpg/20240216.tar.gz'
Traceback (most recent call last):
  File "/home/mpotts32/cams/horizonsnap.py", line 219, in <module>
    add_time_stamp()
  File "/home/mpotts32/cams/horizonsnap.py", line 146, in add_time_stamp
    image = Image.open(latest_file)
  File "/home/mpotts32/.local/lib/python3.6/site-packages/PIL/Image.py", line 3031, in open
    "cannot identify image file %r" % (filename if filename else fp)
PIL.UnidentifiedImageError: cannot identify image file '/home/mpotts32/cams/Horizon/jpg/20240216.tar.gz'
Traceback (most recent call last):
  File "/home/mpotts32/cams/horizonsnap.py", line 219, in <module>
    add_time_stamp()
  File "/home/mpotts32/cams/horizonsnap.py", line 146, in add_time_stamp
    image = Image.open(latest_file)
  File "/home/mpotts32/.local/lib/python3.6/site-packages/PIL/Image.py", line 3031, in open
    "cannot identify image file %r" % (filename if filename else fp)
PIL.UnidentifiedImageError: cannot identify image file '/home/mpotts32/cams/Horizon/jpg/20240216.tar.gz'
Traceback (most recent call last):
  File "/home/mpotts32/cams/horizonsnap.py", line 219, in <module>
    add_time_stamp()
  File "/home/mpotts32/cams/horizonsnap.py", line 146, in add_time_stamp
    image = Image.open(latest_file)
  File "/home/mpotts32/.local/lib/python3.6/site-packages/PIL/Image.py", line 3031, in open
    "cannot identify image file %r" % (filename if filename else fp)
PIL.UnidentifiedImageError: cannot identify image file '/home/mpotts32/cams/Horizon/jpg/20240216.tar.gz'
Traceback (most recent call last):
  File "/home/mpotts32/cams/horizonsnap.py", line 219, in <module>
    add_time_stamp()
  File "/home/mpotts32/cams/horizonsnap.py", line 146, in add_time_stamp
    image = Image.open(latest_file)
  File "/home/mpotts32/.local/lib/python3.6/site-packages/PIL/Image.py", line 3031, in open
    "cannot identify image file %r" % (filename if filename else fp)
PIL.UnidentifiedImageError: cannot identify image file '/home/mpotts32/cams/Horizon/jpg/20240216.tar.gz'
Traceback (most recent call last):
  File "/home/mpotts32/cams/horizonsnap.py", line 219, in <module>
    add_time_stamp()
  File "/home/mpotts32/cams/horizonsnap.py", line 146, in add_time_stamp
    image = Image.open(latest_file)
  File "/home/mpotts32/.local/lib/python3.6/site-packages/PIL/Image.py", line 3031, in open
    "cannot identify image file %r" % (filename if filename else fp)
PIL.UnidentifiedImageError: cannot identify image file '/home/mpotts32/cams/Horizon/jpg/20240216.tar.gz'
Traceback (most recent call last):
  File "/home/mpotts32/cams/horizonsnap.py", line 219, in <module>
    add_time_stamp()
  File "/home/mpotts32/cams/horizonsnap.py", line 146, in add_time_stamp
    image = Image.open(latest_file)
  File "/home/mpotts32/.local/lib/python3.6/site-packages/PIL/Image.py", line 3031, in open
    "cannot identify image file %r" % (filename if filename else fp)
PIL.UnidentifiedImageError: cannot identify image file '/home/mpotts32/cams/Horizon/jpg/20240216.tar.gz'
Traceback (most recent call last):
  File "/home/mpotts32/cams/horizonsnap.py", line 219, in <module>
    add_time_stamp()
  File "/home/mpotts32/cams/horizonsnap.py", line 146, in add_time_stamp
    image = Image.open(latest_file)
  File "/home/mpotts32/.local/lib/python3.6/site-packages/PIL/Image.py", line 3031, in open
    "cannot identify image file %r" % (filename if filename else fp)
PIL.UnidentifiedImageError: cannot identify image file '/home/mpotts32/cams/Horizon/jpg/20240216.tar.gz'
Traceback (most recent call last):
  File "/home/mpotts32/cams/horizonsnap.py", line 219, in <module>
    add_time_stamp()
  File "/home/mpotts32/cams/horizonsnap.py", line 146, in add_time_stamp
    image = Image.open(latest_file)
  File "/home/mpotts32/.local/lib/python3.6/site-packages/PIL/Image.py", line 3031, in open
    "cannot identify image file %r" % (filename if filename else fp)
PIL.UnidentifiedImageError: cannot identify image file '/home/mpotts32/cams/Horizon/jpg/20240216.tar.gz'
Traceback (most recent call last):
  File "/home/mpotts32/cams/horizonsnap.py", line 219, in <module>
    add_time_stamp()
  File "/home/mpotts32/cams/horizonsnap.py", line 146, in add_time_stamp
    image = Image.open(latest_file)
  File "/home/mpotts32/.local/lib/python3.6/site-packages/PIL/Image.py", line 3031, in open
    "cannot identify image file %r" % (filename if filename else fp)
PIL.UnidentifiedImageError: cannot identify image file '/home/mpotts32/cams/Horizon/jpg/20240216.tar.gz'
Traceback (most recent call last):
  File "/home/mpotts32/cams/horizonsnap.py", line 219, in <module>
    add_time_stamp()
  File "/home/mpotts32/cams/horizonsnap.py", line 146, in add_time_stamp
    image = Image.open(latest_file)
  File "/home/mpotts32/.local/lib/python3.6/site-packages/PIL/Image.py", line 3031, in open
    "cannot identify image file %r" % (filename if filename else fp)
PIL.UnidentifiedImageError: cannot identify image file '/home/mpotts32/cams/Horizon/jpg/20240216.tar.gz'
Traceback (most recent call last):
  File "/home/mpotts32/cams/horizonsnap.py", line 219, in <module>
    add_time_stamp()
  File "/home/mpotts32/cams/horizonsnap.py", line 146, in add_time_stamp
    image = Image.open(latest_file)
  File "/home/mpotts32/.local/lib/python3.6/site-packages/PIL/Image.py", line 3031, in open
    "cannot identify image file %r" % (filename if filename else fp)
PIL.UnidentifiedImageError: cannot identify image file '/home/mpotts32/cams/Horizon/jpg/20240216.tar.gz'
Traceback (most recent call last):
  File "/home/mpotts32/cams/horizonsnap.py", line 219, in <module>
    add_time_stamp()
  File "/home/mpotts32/cams/horizonsnap.py", line 146, in add_time_stamp
    image = Image.open(latest_file)
  File "/home/mpotts32/.local/lib/python3.6/site-packages/PIL/Image.py", line 3031, in open
    "cannot identify image file %r" % (filename if filename else fp)
PIL.UnidentifiedImageError: cannot identify image file '/home/mpotts32/cams/Horizon/jpg/20240216.tar.gz'
Traceback (most recent call last):
  File "/home/mpotts32/cams/horizonsnap.py", line 219, in <module>
    add_time_stamp()
  File "/home/mpotts32/cams/horizonsnap.py", line 146, in add_time_stamp
    image = Image.open(latest_file)
  File "/home/mpotts32/.local/lib/python3.6/site-packages/PIL/Image.py", line 3031, in open
    "cannot identify image file %r" % (filename if filename else fp)
PIL.UnidentifiedImageError: cannot identify image file '/home/mpotts32/cams/Horizon/jpg/20240216.tar.gz'
Traceback (most recent call last):
  File "/home/mpotts32/cams/horizonsnap.py", line 219, in <module>
    add_time_stamp()
  File "/home/mpotts32/cams/horizonsnap.py", line 146, in add_time_stamp
    image = Image.open(latest_file)
  File "/home/mpotts32/.local/lib/python3.6/site-packages/PIL/Image.py", line 3031, in open
    "cannot identify image file %r" % (filename if filename else fp)
PIL.UnidentifiedImageError: cannot identify image file '/home/mpotts32/cams/Horizon/jpg/20240216.tar.gz'
Traceback (most recent call last):
  File "/home/mpotts32/cams/horizonsnap.py", line 219, in <module>
    add_time_stamp()
  File "/home/mpotts32/cams/horizonsnap.py", line 146, in add_time_stamp
    image = Image.open(latest_file)
  File "/home/mpotts32/.local/lib/python3.6/site-packages/PIL/Image.py", line 3031, in open
    "cannot identify image file %r" % (filename if filename else fp)
PIL.UnidentifiedImageError: cannot identify image file '/home/mpotts32/cams/Horizon/jpg/20240216.tar.gz'
Traceback (most recent call last):
  File "/home/mpotts32/cams/horizonsnap.py", line 219, in <module>
    add_time_stamp()
  File "/home/mpotts32/cams/horizonsnap.py", line 146, in add_time_stamp
    image = Image.open(latest_file)
  File "/home/mpotts32/.local/lib/python3.6/site-packages/PIL/Image.py", line 3031, in open
    "cannot identify image file %r" % (filename if filename else fp)
PIL.UnidentifiedImageError: cannot identify image file '/home/mpotts32/cams/Horizon/jpg/20240216.tar.gz'
Traceback (most recent call last):
  File "/home/mpotts32/cams/horizonsnap.py", line 219, in <module>
    add_time_stamp()
  File "/home/mpotts32/cams/horizonsnap.py", line 146, in add_time_stamp
    image = Image.open(latest_file)
  File "/home/mpotts32/.local/lib/python3.6/site-packages/PIL/Image.py", line 3031, in open
    "cannot identify image file %r" % (filename if filename else fp)
PIL.UnidentifiedImageError: cannot identify image file '/home/mpotts32/cams/Horizon/jpg/20240216.tar.gz'
Traceback (most recent call last):
  File "/home/mpotts32/cams/horizonsnap.py", line 219, in <module>
    add_time_stamp()
  File "/home/mpotts32/cams/horizonsnap.py", line 146, in add_time_stamp
    image = Image.open(latest_file)
  File "/home/mpotts32/.local/lib/python3.6/site-packages/PIL/Image.py", line 3031, in open
    "cannot identify image file %r" % (filename if filename else fp)
PIL.UnidentifiedImageError: cannot identify image file '/home/mpotts32/cams/Horizon/jpg/20240216.tar.gz'
Traceback (most recent call last):
  File "/home/mpotts32/cams/horizonsnap.py", line 219, in <module>
    add_time_stamp()
  File "/home/mpotts32/cams/horizonsnap.py", line 146, in add_time_stamp
    image = Image.open(latest_file)
  File "/home/mpotts32/.local/lib/python3.6/site-packages/PIL/Image.py", line 3031, in open
    "cannot identify image file %r" % (filename if filename else fp)
PIL.UnidentifiedImageError: cannot identify image file '/home/mpotts32/cams/Horizon/jpg/20240216.tar.gz'
Traceback (most recent call last):
  File "/home/mpotts32/cams/horizonsnap.py", line 219, in <module>
    add_time_stamp()
  File "/home/mpotts32/cams/horizonsnap.py", line 146, in add_time_stamp
    image = Image.open(latest_file)
  File "/home/mpotts32/.local/lib/python3.6/site-packages/PIL/Image.py", line 3031, in open
    "cannot identify image file %r" % (filename if filename else fp)
PIL.UnidentifiedImageError: cannot identify image file '/home/mpotts32/cams/Horizon/jpg/20240216.tar.gz'
Traceback (most recent call last):
  File "/home/mpotts32/cams/horizonsnap.py", line 219, in <module>
    add_time_stamp()
  File "/home/mpotts32/cams/horizonsnap.py", line 146, in add_time_stamp
    image = Image.open(latest_file)
  File "/home/mpotts32/.local/lib/python3.6/site-packages/PIL/Image.py", line 3031, in open
    "cannot identify image file %r" % (filename if filename else fp)
PIL.UnidentifiedImageError: cannot identify image file '/home/mpotts32/cams/Horizon/jpg/20240216.tar.gz'
Traceback (most recent call last):
  File "/home/mpotts32/cams/horizonsnap.py", line 219, in <module>
    add_time_stamp()
  File "/home/mpotts32/cams/horizonsnap.py", line 146, in add_time_stamp
    image = Image.open(latest_file)
  File "/home/mpotts32/.local/lib/python3.6/site-packages/PIL/Image.py", line 3031, in open
    "cannot identify image file %r" % (filename if filename else fp)
PIL.UnidentifiedImageError: cannot identify image file '/home/mpotts32/cams/Horizon/jpg/20240216.tar.gz'
Traceback (most recent call last):
  File "/home/mpotts32/cams/horizonsnap.py", line 219, in <module>
    add_time_stamp()
  File "/home/mpotts32/cams/horizonsnap.py", line 146, in add_time_stamp
    image = Image.open(latest_file)
  File "/home/mpotts32/.local/lib/python3.6/site-packages/PIL/Image.py", line 3031, in open
    "cannot identify image file %r" % (filename if filename else fp)
PIL.UnidentifiedImageError: cannot identify image file '/home/mpotts32/cams/Horizon/jpg/20240216.tar.gz'
Traceback (most recent call last):
  File "/home/mpotts32/cams/horizonsnap.py", line 219, in <module>
    add_time_stamp()
  File "/home/mpotts32/cams/horizonsnap.py", line 146, in add_time_stamp
    image = Image.open(latest_file)
  File "/home/mpotts32/.local/lib/python3.6/site-packages/PIL/Image.py", line 3031, in open
    "cannot identify image file %r" % (filename if filename else fp)
PIL.UnidentifiedImageError: cannot identify image file '/home/mpotts32/cams/Horizon/jpg/20240216.tar.gz'
Traceback (most recent call last):
  File "/home/mpotts32/cams/horizonsnap.py", line 219, in <module>
    add_time_stamp()
  File "/home/mpotts32/cams/horizonsnap.py", line 146, in add_time_stamp
    image = Image.open(latest_file)
  File "/home/mpotts32/.local/lib/python3.6/site-packages/PIL/Image.py", line 3031, in open
    "cannot identify image file %r" % (filename if filename else fp)
PIL.UnidentifiedImageError: cannot identify image file '/home/mpotts32/cams/Horizon/jpg/20240216.tar.gz'
Traceback (most recent call last):
  File "/home/mpotts32/cams/horizonsnap.py", line 219, in <module>
    add_time_stamp()
  File "/home/mpotts32/cams/horizonsnap.py", line 146, in add_time_stamp
    image = Image.open(latest_file)
  File "/home/mpotts32/.local/lib/python3.6/site-packages/PIL/Image.py", line 3031, in open
    "cannot identify image file %r" % (filename if filename else fp)
PIL.UnidentifiedImageError: cannot identify image file '/home/mpotts32/cams/Horizon/jpg/20240216.tar.gz'
Traceback (most recent call last):
  File "/home/mpotts32/cams/horizonsnap.py", line 219, in <module>
    add_time_stamp()
  File "/home/mpotts32/cams/horizonsnap.py", line 146, in add_time_stamp
    image = Image.open(latest_file)
  File "/home/mpotts32/.local/lib/python3.6/site-packages/PIL/Image.py", line 3031, in open
    "cannot identify image file %r" % (filename if filename else fp)
PIL.UnidentifiedImageError: cannot identify image file '/home/mpotts32/cams/Horizon/jpg/20240216.tar.gz'
Traceback (most recent call last):
  File "/home/mpotts32/cams/horizonsnap.py", line 219, in <module>
    add_time_stamp()
  File "/home/mpotts32/cams/horizonsnap.py", line 146, in add_time_stamp
    image = Image.open(latest_file)
  File "/home/mpotts32/.local/lib/python3.6/site-packages/PIL/Image.py", line 3031, in open
    "cannot identify image file %r" % (filename if filename else fp)
PIL.UnidentifiedImageError: cannot identify image file '/home/mpotts32/cams/Horizon/jpg/20240216.tar.gz'
Traceback (most recent call last):
  File "/home/mpotts32/cams/horizonsnap.py", line 219, in <module>
    add_time_stamp()
  File "/home/mpotts32/cams/horizonsnap.py", line 146, in add_time_stamp
    image = Image.open(latest_file)
  File "/home/mpotts32/.local/lib/python3.6/site-packages/PIL/Image.py", line 3031, in open
    "cannot identify image file %r" % (filename if filename else fp)
PIL.UnidentifiedImageError: cannot identify image file '/home/mpotts32/cams/Horizon/jpg/20240216.tar.gz'
Traceback (most recent call last):
  File "/home/mpotts32/cams/horizonsnap.py", line 219, in <module>
    add_time_stamp()
  File "/home/mpotts32/cams/horizonsnap.py", line 146, in add_time_stamp
    image = Image.open(latest_file)
  File "/home/mpotts32/.local/lib/python3.6/site-packages/PIL/Image.py", line 3031, in open
    "cannot identify image file %r" % (filename if filename else fp)
PIL.UnidentifiedImageError: cannot identify image file '/home/mpotts32/cams/Horizon/jpg/20240216.tar.gz'
Traceback (most recent call last):
  File "/home/mpotts32/cams/horizonsnap.py", line 219, in <module>
    add_time_stamp()
  File "/home/mpotts32/cams/horizonsnap.py", line 146, in add_time_stamp
    image = Image.open(latest_file)
  File "/home/mpotts32/.local/lib/python3.6/site-packages/PIL/Image.py", line 3031, in open
    "cannot identify image file %r" % (filename if filename else fp)
PIL.UnidentifiedImageError: cannot identify image file '/home/mpotts32/cams/Horizon/jpg/20240216.tar.gz'
Traceback (most recent call last):
  File "/home/mpotts32/cams/horizonsnap.py", line 219, in <module>
    add_time_stamp()
  File "/home/mpotts32/cams/horizonsnap.py", line 146, in add_time_stamp
    image = Image.open(latest_file)
  File "/home/mpotts32/.local/lib/python3.6/site-packages/PIL/Image.py", line 3031, in open
    "cannot identify image file %r" % (filename if filename else fp)
PIL.UnidentifiedImageError: cannot identify image file '/home/mpotts32/cams/Horizon/jpg/20240216.tar.gz'
Traceback (most recent call last):
  File "/home/mpotts32/cams/horizonsnap.py", line 219, in <module>
    add_time_stamp()
  File "/home/mpotts32/cams/horizonsnap.py", line 146, in add_time_stamp
    image = Image.open(latest_file)
  File "/home/mpotts32/.local/lib/python3.6/site-packages/PIL/Image.py", line 3031, in open
    "cannot identify image file %r" % (filename if filename else fp)
PIL.UnidentifiedImageError: cannot identify image file '/home/mpotts32/cams/Horizon/jpg/20240216.tar.gz'
Traceback (most recent call last):
  File "/home/mpotts32/cams/horizonsnap.py", line 219, in <module>
    add_time_stamp()
  File "/home/mpotts32/cams/horizonsnap.py", line 146, in add_time_stamp
    image = Image.open(latest_file)
  File "/home/mpotts32/.local/lib/python3.6/site-packages/PIL/Image.py", line 3031, in open
    "cannot identify image file %r" % (filename if filename else fp)
PIL.UnidentifiedImageError: cannot identify image file '/home/mpotts32/cams/Horizon/jpg/20240216.tar.gz'
Traceback (most recent call last):
  File "/home/mpotts32/cams/horizonsnap.py", line 219, in <module>
    add_time_stamp()
  File "/home/mpotts32/cams/horizonsnap.py", line 146, in add_time_stamp
    image = Image.open(latest_file)
  File "/home/mpotts32/.local/lib/python3.6/site-packages/PIL/Image.py", line 3031, in open
    "cannot identify image file %r" % (filename if filename else fp)
PIL.UnidentifiedImageError: cannot identify image file '/home/mpotts32/cams/Horizon/jpg/20240216.tar.gz'
Traceback (most recent call last):
  File "/home/mpotts32/cams/horizonsnap.py", line 219, in <module>
    add_time_stamp()
  File "/home/mpotts32/cams/horizonsnap.py", line 146, in add_time_stamp
    image = Image.open(latest_file)
  File "/home/mpotts32/.local/lib/python3.6/site-packages/PIL/Image.py", line 3031, in open
    "cannot identify image file %r" % (filename if filename else fp)
PIL.UnidentifiedImageError: cannot identify image file '/home/mpotts32/cams/Horizon/jpg/20240216.tar.gz'
Traceback (most recent call last):
  File "/home/mpotts32/cams/horizonsnap.py", line 219, in <module>
    add_time_stamp()
  File "/home/mpotts32/cams/horizonsnap.py", line 146, in add_time_stamp
    image = Image.open(latest_file)
  File "/home/mpotts32/.local/lib/python3.6/site-packages/PIL/Image.py", line 3031, in open
    "cannot identify image file %r" % (filename if filename else fp)
PIL.UnidentifiedImageError: cannot identify image file '/home/mpotts32/cams/Horizon/jpg/20240216.tar.gz'
Traceback (most recent call last):
  File "/home/mpotts32/cams/horizonsnap.py", line 219, in <module>
    add_time_stamp()
  File "/home/mpotts32/cams/horizonsnap.py", line 146, in add_time_stamp
    image = Image.open(latest_file)
  File "/home/mpotts32/.local/lib/python3.6/site-packages/PIL/Image.py", line 3031, in open
    "cannot identify image file %r" % (filename if filename else fp)
PIL.UnidentifiedImageError: cannot identify image file '/home/mpotts32/cams/Horizon/jpg/20240216.tar.gz'
Traceback (most recent call last):
  File "/home/mpotts32/cams/horizonsnap.py", line 219, in <module>
    add_time_stamp()
  File "/home/mpotts32/cams/horizonsnap.py", line 146, in add_time_stamp
    image = Image.open(latest_file)
  File "/home/mpotts32/.local/lib/python3.6/site-packages/PIL/Image.py", line 3031, in open
    "cannot identify image file %r" % (filename if filename else fp)
PIL.UnidentifiedImageError: cannot identify image file '/home/mpotts32/cams/Horizon/jpg/20240216.tar.gz'
Traceback (most recent call last):
  File "/home/mpotts32/cams/horizonsnap.py", line 219, in <module>
    add_time_stamp()
  File "/home/mpotts32/cams/horizonsnap.py", line 146, in add_time_stamp
    image = Image.open(latest_file)
  File "/home/mpotts32/.local/lib/python3.6/site-packages/PIL/Image.py", line 3031, in open
    "cannot identify image file %r" % (filename if filename else fp)
PIL.UnidentifiedImageError: cannot identify image file '/home/mpotts32/cams/Horizon/jpg/20240216.tar.gz'
Traceback (most recent call last):
  File "/home/mpotts32/cams/horizonsnap.py", line 219, in <module>
    add_time_stamp()
  File "/home/mpotts32/cams/horizonsnap.py", line 146, in add_time_stamp
    image = Image.open(latest_file)
  File "/home/mpotts32/.local/lib/python3.6/site-packages/PIL/Image.py", line 3031, in open
    "cannot identify image file %r" % (filename if filename else fp)
PIL.UnidentifiedImageError: cannot identify image file '/home/mpotts32/cams/Horizon/jpg/20240216.tar.gz'
Traceback (most recent call last):
  File "/home/mpotts32/cams/horizonsnap.py", line 219, in <module>
    add_time_stamp()
  File "/home/mpotts32/cams/horizonsnap.py", line 146, in add_time_stamp
    image = Image.open(latest_file)
  File "/home/mpotts32/.local/lib/python3.6/site-packages/PIL/Image.py", line 3031, in open
    "cannot identify image file %r" % (filename if filename else fp)
PIL.UnidentifiedImageError: cannot identify image file '/home/mpotts32/cams/Horizon/jpg/20240216.tar.gz'
Traceback (most recent call last):
  File "/home/mpotts32/cams/horizonsnap.py", line 219, in <module>
    add_time_stamp()
  File "/home/mpotts32/cams/horizonsnap.py", line 146, in add_time_stamp
    image = Image.open(latest_file)
  File "/home/mpotts32/.local/lib/python3.6/site-packages/PIL/Image.py", line 3031, in open
    "cannot identify image file %r" % (filename if filename else fp)
PIL.UnidentifiedImageError: cannot identify image file '/home/mpotts32/cams/Horizon/jpg/20240216.tar.gz'
Traceback (most recent call last):
  File "/home/mpotts32/cams/horizonsnap.py", line 219, in <module>
    add_time_stamp()
  File "/home/mpotts32/cams/horizonsnap.py", line 146, in add_time_stamp
    image = Image.open(latest_file)
  File "/home/mpotts32/.local/lib/python3.6/site-packages/PIL/Image.py", line 3031, in open
    "cannot identify image file %r" % (filename if filename else fp)
PIL.UnidentifiedImageError: cannot identify image file '/home/mpotts32/cams/Horizon/jpg/20240216.tar.gz'
Traceback (most recent call last):
  File "/home/mpotts32/cams/horizonsnap.py", line 219, in <module>
    add_time_stamp()
  File "/home/mpotts32/cams/horizonsnap.py", line 146, in add_time_stamp
    image = Image.open(latest_file)
  File "/home/mpotts32/.local/lib/python3.6/site-packages/PIL/Image.py", line 3031, in open
    "cannot identify image file %r" % (filename if filename else fp)
PIL.UnidentifiedImageError: cannot identify image file '/home/mpotts32/cams/Horizon/jpg/20240216.tar.gz'
Traceback (most recent call last):
  File "/home/mpotts32/cams/horizonsnap.py", line 219, in <module>
    add_time_stamp()
  File "/home/mpotts32/cams/horizonsnap.py", line 146, in add_time_stamp
    image = Image.open(latest_file)
  File "/home/mpotts32/.local/lib/python3.6/site-packages/PIL/Image.py", line 3031, in open
    "cannot identify image file %r" % (filename if filename else fp)
PIL.UnidentifiedImageError: cannot identify image file '/home/mpotts32/cams/Horizon/jpg/20240216.tar.gz'
Traceback (most recent call last):
  File "/home/mpotts32/cams/horizonsnap.py", line 219, in <module>
    add_time_stamp()
  File "/home/mpotts32/cams/horizonsnap.py", line 146, in add_time_stamp
    image = Image.open(latest_file)
  File "/home/mpotts32/.local/lib/python3.6/site-packages/PIL/Image.py", line 3031, in open
    "cannot identify image file %r" % (filename if filename else fp)
PIL.UnidentifiedImageError: cannot identify image file '/home/mpotts32/cams/Horizon/jpg/20240216.tar.gz'
Traceback (most recent call last):
  File "/home/mpotts32/cams/horizonsnap.py", line 219, in <module>
    add_time_stamp()
  File "/home/mpotts32/cams/horizonsnap.py", line 146, in add_time_stamp
    image = Image.open(latest_file)
  File "/home/mpotts32/.local/lib/python3.6/site-packages/PIL/Image.py", line 3031, in open
    "cannot identify image file %r" % (filename if filename else fp)
PIL.UnidentifiedImageError: cannot identify image file '/home/mpotts32/cams/Horizon/jpg/20240216.tar.gz'
Traceback (most recent call last):
  File "/home/mpotts32/cams/horizonsnap.py", line 219, in <module>
    add_time_stamp()
  File "/home/mpotts32/cams/horizonsnap.py", line 146, in add_time_stamp
    image = Image.open(latest_file)
  File "/home/mpotts32/.local/lib/python3.6/site-packages/PIL/Image.py", line 3031, in open
    "cannot identify image file %r" % (filename if filename else fp)
PIL.UnidentifiedImageError: cannot identify image file '/home/mpotts32/cams/Horizon/jpg/20240216.tar.gz'
Traceback (most recent call last):
  File "/home/mpotts32/cams/horizonsnap.py", line 219, in <module>
    add_time_stamp()
  File "/home/mpotts32/cams/horizonsnap.py", line 146, in add_time_stamp
    image = Image.open(latest_file)
  File "/home/mpotts32/.local/lib/python3.6/site-packages/PIL/Image.py", line 3031, in open
    "cannot identify image file %r" % (filename if filename else fp)
PIL.UnidentifiedImageError: cannot identify image file '/home/mpotts32/cams/Horizon/jpg/20240216.tar.gz'
Traceback (most recent call last):
  File "/home/mpotts32/cams/horizonsnap.py", line 219, in <module>
    add_time_stamp()
  File "/home/mpotts32/cams/horizonsnap.py", line 146, in add_time_stamp
    image = Image.open(latest_file)
  File "/home/mpotts32/.local/lib/python3.6/site-packages/PIL/Image.py", line 3031, in open
    "cannot identify image file %r" % (filename if filename else fp)
PIL.UnidentifiedImageError: cannot identify image file '/home/mpotts32/cams/Horizon/jpg/20240216.tar.gz'
Traceback (most recent call last):
  File "/home/mpotts32/cams/horizonsnap.py", line 219, in <module>
    add_time_stamp()
  File "/home/mpotts32/cams/horizonsnap.py", line 146, in add_time_stamp
    image = Image.open(latest_file)
  File "/home/mpotts32/.local/lib/python3.6/site-packages/PIL/Image.py", line 3031, in open
    "cannot identify image file %r" % (filename if filename else fp)
PIL.UnidentifiedImageError: cannot identify image file '/home/mpotts32/cams/Horizon/jpg/20240216.tar.gz'
Traceback (most recent call last):
  File "/home/mpotts32/cams/horizonsnap.py", line 219, in <module>
    add_time_stamp()
  File "/home/mpotts32/cams/horizonsnap.py", line 146, in add_time_stamp
    image = Image.open(latest_file)
  File "/home/mpotts32/.local/lib/python3.6/site-packages/PIL/Image.py", line 3031, in open
    "cannot identify image file %r" % (filename if filename else fp)
PIL.UnidentifiedImageError: cannot identify image file '/home/mpotts32/cams/Horizon/jpg/20240216.tar.gz'
Traceback (most recent call last):
  File "/home/mpotts32/cams/horizonsnap.py", line 219, in <module>
    add_time_stamp()
  File "/home/mpotts32/cams/horizonsnap.py", line 146, in add_time_stamp
    image = Image.open(latest_file)
  File "/home/mpotts32/.local/lib/python3.6/site-packages/PIL/Image.py", line 3031, in open
    "cannot identify image file %r" % (filename if filename else fp)
PIL.UnidentifiedImageError: cannot identify image file '/home/mpotts32/cams/Horizon/jpg/20240216.tar.gz'
Traceback (most recent call last):
  File "/home/mpotts32/cams/horizonsnap.py", line 219, in <module>
    add_time_stamp()
  File "/home/mpotts32/cams/horizonsnap.py", line 146, in add_time_stamp
    image = Image.open(latest_file)
  File "/home/mpotts32/.local/lib/python3.6/site-packages/PIL/Image.py", line 3031, in open
    "cannot identify image file %r" % (filename if filename else fp)
PIL.UnidentifiedImageError: cannot identify image file '/home/mpotts32/cams/Horizon/jpg/20240216.tar.gz'
Traceback (most recent call last):
  File "/home/mpotts32/cams/horizonsnap.py", line 219, in <module>
    add_time_stamp()
  File "/home/mpotts32/cams/horizonsnap.py", line 146, in add_time_stamp
    image = Image.open(latest_file)
  File "/home/mpotts32/.local/lib/python3.6/site-packages/PIL/Image.py", line 3031, in open
    "cannot identify image file %r" % (filename if filename else fp)
PIL.UnidentifiedImageError: cannot identify image file '/home/mpotts32/cams/Horizon/jpg/20240217.tar.gz'
Traceback (most recent call last):
  File "/home/mpotts32/cams/horizonsnap.py", line 219, in <module>
    add_time_stamp()
  File "/home/mpotts32/cams/horizonsnap.py", line 146, in add_time_stamp
    image = Image.open(latest_file)
  File "/home/mpotts32/.local/lib/python3.6/site-packages/PIL/Image.py", line 3031, in open
    "cannot identify image file %r" % (filename if filename else fp)
PIL.UnidentifiedImageError: cannot identify image file '/home/mpotts32/cams/Horizon/jpg/20240217.tar.gz'
Traceback (most recent call last):
  File "/home/mpotts32/cams/horizonsnap.py", line 219, in <module>
    add_time_stamp()
  File "/home/mpotts32/cams/horizonsnap.py", line 146, in add_time_stamp
    image = Image.open(latest_file)
  File "/home/mpotts32/.local/lib/python3.6/site-packages/PIL/Image.py", line 3031, in open
    "cannot identify image file %r" % (filename if filename else fp)
PIL.UnidentifiedImageError: cannot identify image file '/home/mpotts32/cams/Horizon/jpg/20240217.tar.gz'
Traceback (most recent call last):
  File "/home/mpotts32/cams/horizonsnap.py", line 219, in <module>
    add_time_stamp()
  File "/home/mpotts32/cams/horizonsnap.py", line 146, in add_time_stamp
    image = Image.open(latest_file)
  File "/home/mpotts32/.local/lib/python3.6/site-packages/PIL/Image.py", line 3031, in open
    "cannot identify image file %r" % (filename if filename else fp)
PIL.UnidentifiedImageError: cannot identify image file '/home/mpotts32/cams/Horizon/jpg/20240217.tar.gz'
Traceback (most recent call last):
  File "/home/mpotts32/cams/horizonsnap.py", line 219, in <module>
    add_time_stamp()
  File "/home/mpotts32/cams/horizonsnap.py", line 146, in add_time_stamp
    image = Image.open(latest_file)
  File "/home/mpotts32/.local/lib/python3.6/site-packages/PIL/Image.py", line 3031, in open
    "cannot identify image file %r" % (filename if filename else fp)
PIL.UnidentifiedImageError: cannot identify image file '/home/mpotts32/cams/Horizon/jpg/20240217.tar.gz'
Traceback (most recent call last):
  File "/home/mpotts32/cams/horizonsnap.py", line 219, in <module>
    add_time_stamp()
  File "/home/mpotts32/cams/horizonsnap.py", line 146, in add_time_stamp
    image = Image.open(latest_file)
  File "/home/mpotts32/.local/lib/python3.6/site-packages/PIL/Image.py", line 3031, in open
    "cannot identify image file %r" % (filename if filename else fp)
PIL.UnidentifiedImageError: cannot identify image file '/home/mpotts32/cams/Horizon/jpg/20240217.tar.gz'
Traceback (most recent call last):
  File "/home/mpotts32/cams/horizonsnap.py", line 219, in <module>
    add_time_stamp()
  File "/home/mpotts32/cams/horizonsnap.py", line 146, in add_time_stamp
    image = Image.open(latest_file)
  File "/home/mpotts32/.local/lib/python3.6/site-packages/PIL/Image.py", line 3031, in open
    "cannot identify image file %r" % (filename if filename else fp)
PIL.UnidentifiedImageError: cannot identify image file '/home/mpotts32/cams/Horizon/jpg/20240217.tar.gz'
Traceback (most recent call last):
  File "/home/mpotts32/cams/horizonsnap.py", line 219, in <module>
    add_time_stamp()
  File "/home/mpotts32/cams/horizonsnap.py", line 146, in add_time_stamp
    image = Image.open(latest_file)
  File "/home/mpotts32/.local/lib/python3.6/site-packages/PIL/Image.py", line 3031, in open
    "cannot identify image file %r" % (filename if filename else fp)
PIL.UnidentifiedImageError: cannot identify image file '/home/mpotts32/cams/Horizon/jpg/20240217.tar.gz'
Traceback (most recent call last):
  File "/home/mpotts32/cams/horizonsnap.py", line 219, in <module>
    add_time_stamp()
  File "/home/mpotts32/cams/horizonsnap.py", line 146, in add_time_stamp
    image = Image.open(latest_file)
  File "/home/mpotts32/.local/lib/python3.6/site-packages/PIL/Image.py", line 3031, in open
    "cannot identify image file %r" % (filename if filename else fp)
PIL.UnidentifiedImageError: cannot identify image file '/home/mpotts32/cams/Horizon/jpg/20240217.tar.gz'
Traceback (most recent call last):
  File "/home/mpotts32/cams/horizonsnap.py", line 219, in <module>
    add_time_stamp()
  File "/home/mpotts32/cams/horizonsnap.py", line 146, in add_time_stamp
    image = Image.open(latest_file)
  File "/home/mpotts32/.local/lib/python3.6/site-packages/PIL/Image.py", line 3031, in open
    "cannot identify image file %r" % (filename if filename else fp)
PIL.UnidentifiedImageError: cannot identify image file '/home/mpotts32/cams/Horizon/jpg/20240217.tar.gz'
Traceback (most recent call last):
  File "/home/mpotts32/cams/horizonsnap.py", line 219, in <module>
    add_time_stamp()
  File "/home/mpotts32/cams/horizonsnap.py", line 146, in add_time_stamp
    image = Image.open(latest_file)
  File "/home/mpotts32/.local/lib/python3.6/site-packages/PIL/Image.py", line 3031, in open
    "cannot identify image file %r" % (filename if filename else fp)
PIL.UnidentifiedImageError: cannot identify image file '/home/mpotts32/cams/Horizon/jpg/20240217.tar.gz'
Traceback (most recent call last):
  File "/home/mpotts32/cams/horizonsnap.py", line 219, in <module>
    add_time_stamp()
  File "/home/mpotts32/cams/horizonsnap.py", line 146, in add_time_stamp
    image = Image.open(latest_file)
  File "/home/mpotts32/.local/lib/python3.6/site-packages/PIL/Image.py", line 3031, in open
    "cannot identify image file %r" % (filename if filename else fp)
PIL.UnidentifiedImageError: cannot identify image file '/home/mpotts32/cams/Horizon/jpg/20240217.tar.gz'
Traceback (most recent call last):
  File "/home/mpotts32/cams/horizonsnap.py", line 219, in <module>
    add_time_stamp()
  File "/home/mpotts32/cams/horizonsnap.py", line 146, in add_time_stamp
    image = Image.open(latest_file)
  File "/home/mpotts32/.local/lib/python3.6/site-packages/PIL/Image.py", line 3031, in open
    "cannot identify image file %r" % (filename if filename else fp)
PIL.UnidentifiedImageError: cannot identify image file '/home/mpotts32/cams/Horizon/jpg/20240217.tar.gz'
Traceback (most recent call last):
  File "/home/mpotts32/cams/horizonsnap.py", line 219, in <module>
    add_time_stamp()
  File "/home/mpotts32/cams/horizonsnap.py", line 146, in add_time_stamp
    image = Image.open(latest_file)
  File "/home/mpotts32/.local/lib/python3.6/site-packages/PIL/Image.py", line 3031, in open
    "cannot identify image file %r" % (filename if filename else fp)
PIL.UnidentifiedImageError: cannot identify image file '/home/mpotts32/cams/Horizon/jpg/20240217.tar.gz'
Traceback (most recent call last):
  File "/home/mpotts32/cams/horizonsnap.py", line 219, in <module>
    add_time_stamp()
  File "/home/mpotts32/cams/horizonsnap.py", line 146, in add_time_stamp
    image = Image.open(latest_file)
  File "/home/mpotts32/.local/lib/python3.6/site-packages/PIL/Image.py", line 3031, in open
    "cannot identify image file %r" % (filename if filename else fp)
PIL.UnidentifiedImageError: cannot identify image file '/home/mpotts32/cams/Horizon/jpg/20240217.tar.gz'
Traceback (most recent call last):
  File "/home/mpotts32/cams/horizonsnap.py", line 219, in <module>
    add_time_stamp()
  File "/home/mpotts32/cams/horizonsnap.py", line 146, in add_time_stamp
    image = Image.open(latest_file)
  File "/home/mpotts32/.local/lib/python3.6/site-packages/PIL/Image.py", line 3031, in open
    "cannot identify image file %r" % (filename if filename else fp)
PIL.UnidentifiedImageError: cannot identify image file '/home/mpotts32/cams/Horizon/jpg/20240217.tar.gz'
Traceback (most recent call last):
  File "/home/mpotts32/cams/horizonsnap.py", line 219, in <module>
    add_time_stamp()
  File "/home/mpotts32/cams/horizonsnap.py", line 146, in add_time_stamp
    image = Image.open(latest_file)
  File "/home/mpotts32/.local/lib/python3.6/site-packages/PIL/Image.py", line 3031, in open
    "cannot identify image file %r" % (filename if filename else fp)
PIL.UnidentifiedImageError: cannot identify image file '/home/mpotts32/cams/Horizon/jpg/20240217.tar.gz'
Traceback (most recent call last):
  File "/home/mpotts32/cams/horizonsnap.py", line 219, in <module>
    add_time_stamp()
  File "/home/mpotts32/cams/horizonsnap.py", line 146, in add_time_stamp
    image = Image.open(latest_file)
  File "/home/mpotts32/.local/lib/python3.6/site-packages/PIL/Image.py", line 3031, in open
    "cannot identify image file %r" % (filename if filename else fp)
PIL.UnidentifiedImageError: cannot identify image file '/home/mpotts32/cams/Horizon/jpg/20240217.tar.gz'
Traceback (most recent call last):
  File "/home/mpotts32/cams/horizonsnap.py", line 219, in <module>
    add_time_stamp()
  File "/home/mpotts32/cams/horizonsnap.py", line 146, in add_time_stamp
    image = Image.open(latest_file)
  File "/home/mpotts32/.local/lib/python3.6/site-packages/PIL/Image.py", line 3031, in open
    "cannot identify image file %r" % (filename if filename else fp)
PIL.UnidentifiedImageError: cannot identify image file '/home/mpotts32/cams/Horizon/jpg/20240217.tar.gz'
Traceback (most recent call last):
  File "/home/mpotts32/cams/horizonsnap.py", line 219, in <module>
    add_time_stamp()
  File "/home/mpotts32/cams/horizonsnap.py", line 146, in add_time_stamp
    image = Image.open(latest_file)
  File "/home/mpotts32/.local/lib/python3.6/site-packages/PIL/Image.py", line 3031, in open
    "cannot identify image file %r" % (filename if filename else fp)
PIL.UnidentifiedImageError: cannot identify image file '/home/mpotts32/cams/Horizon/jpg/20240217.tar.gz'
Traceback (most recent call last):
  File "/home/mpotts32/cams/horizonsnap.py", line 219, in <module>
    add_time_stamp()
  File "/home/mpotts32/cams/horizonsnap.py", line 146, in add_time_stamp
    image = Image.open(latest_file)
  File "/home/mpotts32/.local/lib/python3.6/site-packages/PIL/Image.py", line 3031, in open
    "cannot identify image file %r" % (filename if filename else fp)
PIL.UnidentifiedImageError: cannot identify image file '/home/mpotts32/cams/Horizon/jpg/20240217.tar.gz'
Traceback (most recent call last):
  File "/home/mpotts32/cams/horizonsnap.py", line 219, in <module>
    add_time_stamp()
  File "/home/mpotts32/cams/horizonsnap.py", line 146, in add_time_stamp
    image = Image.open(latest_file)
  File "/home/mpotts32/.local/lib/python3.6/site-packages/PIL/Image.py", line 3031, in open
    "cannot identify image file %r" % (filename if filename else fp)
PIL.UnidentifiedImageError: cannot identify image file '/home/mpotts32/cams/Horizon/jpg/20240217.tar.gz'
Traceback (most recent call last):
  File "/home/mpotts32/cams/horizonsnap.py", line 219, in <module>
    add_time_stamp()
  File "/home/mpotts32/cams/horizonsnap.py", line 146, in add_time_stamp
    image = Image.open(latest_file)
  File "/home/mpotts32/.local/lib/python3.6/site-packages/PIL/Image.py", line 3031, in open
    "cannot identify image file %r" % (filename if filename else fp)
PIL.UnidentifiedImageError: cannot identify image file '/home/mpotts32/cams/Horizon/jpg/20240217.tar.gz'
Traceback (most recent call last):
  File "/home/mpotts32/cams/horizonsnap.py", line 219, in <module>
    add_time_stamp()
  File "/home/mpotts32/cams/horizonsnap.py", line 146, in add_time_stamp
    image = Image.open(latest_file)
  File "/home/mpotts32/.local/lib/python3.6/site-packages/PIL/Image.py", line 3031, in open
    "cannot identify image file %r" % (filename if filename else fp)
PIL.UnidentifiedImageError: cannot identify image file '/home/mpotts32/cams/Horizon/jpg/20240217.tar.gz'
Traceback (most recent call last):
  File "/home/mpotts32/cams/horizonsnap.py", line 219, in <module>
    add_time_stamp()
  File "/home/mpotts32/cams/horizonsnap.py", line 146, in add_time_stamp
    image = Image.open(latest_file)
  File "/home/mpotts32/.local/lib/python3.6/site-packages/PIL/Image.py", line 3031, in open
    "cannot identify image file %r" % (filename if filename else fp)
PIL.UnidentifiedImageError: cannot identify image file '/home/mpotts32/cams/Horizon/jpg/20240217.tar.gz'
Traceback (most recent call last):
  File "/home/mpotts32/cams/horizonsnap.py", line 219, in <module>
    add_time_stamp()
  File "/home/mpotts32/cams/horizonsnap.py", line 146, in add_time_stamp
    image = Image.open(latest_file)
  File "/home/mpotts32/.local/lib/python3.6/site-packages/PIL/Image.py", line 3031, in open
    "cannot identify image file %r" % (filename if filename else fp)
PIL.UnidentifiedImageError: cannot identify image file '/home/mpotts32/cams/Horizon/jpg/20240217.tar.gz'
Traceback (most recent call last):
  File "/home/mpotts32/cams/horizonsnap.py", line 219, in <module>
    add_time_stamp()
  File "/home/mpotts32/cams/horizonsnap.py", line 146, in add_time_stamp
    image = Image.open(latest_file)
  File "/home/mpotts32/.local/lib/python3.6/site-packages/PIL/Image.py", line 3031, in open
    "cannot identify image file %r" % (filename if filename else fp)
PIL.UnidentifiedImageError: cannot identify image file '/home/mpotts32/cams/Horizon/jpg/20240217.tar.gz'
Traceback (most recent call last):
  File "/home/mpotts32/cams/horizonsnap.py", line 219, in <module>
    add_time_stamp()
  File "/home/mpotts32/cams/horizonsnap.py", line 146, in add_time_stamp
    image = Image.open(latest_file)
  File "/home/mpotts32/.local/lib/python3.6/site-packages/PIL/Image.py", line 3031, in open
    "cannot identify image file %r" % (filename if filename else fp)
PIL.UnidentifiedImageError: cannot identify image file '/home/mpotts32/cams/Horizon/jpg/20240217.tar.gz'
Traceback (most recent call last):
  File "/home/mpotts32/cams/horizonsnap.py", line 219, in <module>
    add_time_stamp()
  File "/home/mpotts32/cams/horizonsnap.py", line 146, in add_time_stamp
    image = Image.open(latest_file)
  File "/home/mpotts32/.local/lib/python3.6/site-packages/PIL/Image.py", line 3031, in open
    "cannot identify image file %r" % (filename if filename else fp)
PIL.UnidentifiedImageError: cannot identify image file '/home/mpotts32/cams/Horizon/jpg/20240217.tar.gz'
Traceback (most recent call last):
  File "/home/mpotts32/cams/horizonsnap.py", line 219, in <module>
    add_time_stamp()
  File "/home/mpotts32/cams/horizonsnap.py", line 146, in add_time_stamp
    image = Image.open(latest_file)
  File "/home/mpotts32/.local/lib/python3.6/site-packages/PIL/Image.py", line 3031, in open
    "cannot identify image file %r" % (filename if filename else fp)
PIL.UnidentifiedImageError: cannot identify image file '/home/mpotts32/cams/Horizon/jpg/20240217.tar.gz'
Traceback (most recent call last):
  File "/home/mpotts32/cams/horizonsnap.py", line 219, in <module>
    add_time_stamp()
  File "/home/mpotts32/cams/horizonsnap.py", line 146, in add_time_stamp
    image = Image.open(latest_file)
  File "/home/mpotts32/.local/lib/python3.6/site-packages/PIL/Image.py", line 3031, in open
    "cannot identify image file %r" % (filename if filename else fp)
PIL.UnidentifiedImageError: cannot identify image file '/home/mpotts32/cams/Horizon/jpg/20240217.tar.gz'
Traceback (most recent call last):
  File "/home/mpotts32/cams/horizonsnap.py", line 219, in <module>
    add_time_stamp()
  File "/home/mpotts32/cams/horizonsnap.py", line 146, in add_time_stamp
    image = Image.open(latest_file)
  File "/home/mpotts32/.local/lib/python3.6/site-packages/PIL/Image.py", line 3031, in open
    "cannot identify image file %r" % (filename if filename else fp)
PIL.UnidentifiedImageError: cannot identify image file '/home/mpotts32/cams/Horizon/jpg/20240217.tar.gz'
Traceback (most recent call last):
  File "/home/mpotts32/cams/horizonsnap.py", line 219, in <module>
    add_time_stamp()
  File "/home/mpotts32/cams/horizonsnap.py", line 146, in add_time_stamp
    image = Image.open(latest_file)
  File "/home/mpotts32/.local/lib/python3.6/site-packages/PIL/Image.py", line 3031, in open
    "cannot identify image file %r" % (filename if filename else fp)
PIL.UnidentifiedImageError: cannot identify image file '/home/mpotts32/cams/Horizon/jpg/20240217.tar.gz'
Traceback (most recent call last):
  File "/home/mpotts32/cams/horizonsnap.py", line 219, in <module>
    add_time_stamp()
  File "/home/mpotts32/cams/horizonsnap.py", line 146, in add_time_stamp
    image = Image.open(latest_file)
  File "/home/mpotts32/.local/lib/python3.6/site-packages/PIL/Image.py", line 3031, in open
    "cannot identify image file %r" % (filename if filename else fp)
PIL.UnidentifiedImageError: cannot identify image file '/home/mpotts32/cams/Horizon/jpg/20240217.tar.gz'
Traceback (most recent call last):
  File "/home/mpotts32/cams/horizonsnap.py", line 219, in <module>
    add_time_stamp()
  File "/home/mpotts32/cams/horizonsnap.py", line 146, in add_time_stamp
    image = Image.open(latest_file)
  File "/home/mpotts32/.local/lib/python3.6/site-packages/PIL/Image.py", line 3031, in open
    "cannot identify image file %r" % (filename if filename else fp)
PIL.UnidentifiedImageError: cannot identify image file '/home/mpotts32/cams/Horizon/jpg/20240217.tar.gz'
Traceback (most recent call last):
  File "/home/mpotts32/cams/horizonsnap.py", line 219, in <module>
    add_time_stamp()
  File "/home/mpotts32/cams/horizonsnap.py", line 146, in add_time_stamp
    image = Image.open(latest_file)
  File "/home/mpotts32/.local/lib/python3.6/site-packages/PIL/Image.py", line 3031, in open
    "cannot identify image file %r" % (filename if filename else fp)
PIL.UnidentifiedImageError: cannot identify image file '/home/mpotts32/cams/Horizon/jpg/20240217.tar.gz'
Traceback (most recent call last):
  File "/home/mpotts32/cams/horizonsnap.py", line 219, in <module>
    add_time_stamp()
  File "/home/mpotts32/cams/horizonsnap.py", line 146, in add_time_stamp
    image = Image.open(latest_file)
  File "/home/mpotts32/.local/lib/python3.6/site-packages/PIL/Image.py", line 3031, in open
    "cannot identify image file %r" % (filename if filename else fp)
PIL.UnidentifiedImageError: cannot identify image file '/home/mpotts32/cams/Horizon/jpg/20240217.tar.gz'
Traceback (most recent call last):
  File "/home/mpotts32/cams/horizonsnap.py", line 219, in <module>
    add_time_stamp()
  File "/home/mpotts32/cams/horizonsnap.py", line 146, in add_time_stamp
    image = Image.open(latest_file)
  File "/home/mpotts32/.local/lib/python3.6/site-packages/PIL/Image.py", line 3031, in open
    "cannot identify image file %r" % (filename if filename else fp)
PIL.UnidentifiedImageError: cannot identify image file '/home/mpotts32/cams/Horizon/jpg/20240217.tar.gz'
Traceback (most recent call last):
  File "/home/mpotts32/cams/horizonsnap.py", line 219, in <module>
    add_time_stamp()
  File "/home/mpotts32/cams/horizonsnap.py", line 146, in add_time_stamp
    image = Image.open(latest_file)
  File "/home/mpotts32/.local/lib/python3.6/site-packages/PIL/Image.py", line 3031, in open
    "cannot identify image file %r" % (filename if filename else fp)
PIL.UnidentifiedImageError: cannot identify image file '/home/mpotts32/cams/Horizon/jpg/20240217.tar.gz'
Traceback (most recent call last):
  File "/home/mpotts32/cams/horizonsnap.py", line 219, in <module>
    add_time_stamp()
  File "/home/mpotts32/cams/horizonsnap.py", line 146, in add_time_stamp
    image = Image.open(latest_file)
  File "/home/mpotts32/.local/lib/python3.6/site-packages/PIL/Image.py", line 3031, in open
    "cannot identify image file %r" % (filename if filename else fp)
PIL.UnidentifiedImageError: cannot identify image file '/home/mpotts32/cams/Horizon/jpg/20240217.tar.gz'
Traceback (most recent call last):
  File "/home/mpotts32/cams/horizonsnap.py", line 219, in <module>
    add_time_stamp()
  File "/home/mpotts32/cams/horizonsnap.py", line 146, in add_time_stamp
    image = Image.open(latest_file)
  File "/home/mpotts32/.local/lib/python3.6/site-packages/PIL/Image.py", line 3031, in open
    "cannot identify image file %r" % (filename if filename else fp)
PIL.UnidentifiedImageError: cannot identify image file '/home/mpotts32/cams/Horizon/jpg/20240217.tar.gz'
Traceback (most recent call last):
  File "/home/mpotts32/cams/horizonsnap.py", line 219, in <module>
    add_time_stamp()
  File "/home/mpotts32/cams/horizonsnap.py", line 146, in add_time_stamp
    image = Image.open(latest_file)
  File "/home/mpotts32/.local/lib/python3.6/site-packages/PIL/Image.py", line 3031, in open
    "cannot identify image file %r" % (filename if filename else fp)
PIL.UnidentifiedImageError: cannot identify image file '/home/mpotts32/cams/Horizon/jpg/20240217.tar.gz'
Traceback (most recent call last):
  File "/home/mpotts32/cams/horizonsnap.py", line 219, in <module>
    add_time_stamp()
  File "/home/mpotts32/cams/horizonsnap.py", line 146, in add_time_stamp
    image = Image.open(latest_file)
  File "/home/mpotts32/.local/lib/python3.6/site-packages/PIL/Image.py", line 3031, in open
    "cannot identify image file %r" % (filename if filename else fp)
PIL.UnidentifiedImageError: cannot identify image file '/home/mpotts32/cams/Horizon/jpg/20240217.tar.gz'
Traceback (most recent call last):
  File "/home/mpotts32/cams/horizonsnap.py", line 219, in <module>
    add_time_stamp()
  File "/home/mpotts32/cams/horizonsnap.py", line 146, in add_time_stamp
    image = Image.open(latest_file)
  File "/home/mpotts32/.local/lib/python3.6/site-packages/PIL/Image.py", line 3031, in open
    "cannot identify image file %r" % (filename if filename else fp)
PIL.UnidentifiedImageError: cannot identify image file '/home/mpotts32/cams/Horizon/jpg/20240217.tar.gz'
Traceback (most recent call last):
  File "/home/mpotts32/cams/horizonsnap.py", line 219, in <module>
    add_time_stamp()
  File "/home/mpotts32/cams/horizonsnap.py", line 146, in add_time_stamp
    image = Image.open(latest_file)
  File "/home/mpotts32/.local/lib/python3.6/site-packages/PIL/Image.py", line 3031, in open
    "cannot identify image file %r" % (filename if filename else fp)
PIL.UnidentifiedImageError: cannot identify image file '/home/mpotts32/cams/Horizon/jpg/20240217.tar.gz'
Traceback (most recent call last):
  File "/home/mpotts32/cams/horizonsnap.py", line 219, in <module>
    add_time_stamp()
  File "/home/mpotts32/cams/horizonsnap.py", line 146, in add_time_stamp
    image = Image.open(latest_file)
  File "/home/mpotts32/.local/lib/python3.6/site-packages/PIL/Image.py", line 3031, in open
    "cannot identify image file %r" % (filename if filename else fp)
PIL.UnidentifiedImageError: cannot identify image file '/home/mpotts32/cams/Horizon/jpg/20240217.tar.gz'
Traceback (most recent call last):
  File "/home/mpotts32/cams/horizonsnap.py", line 219, in <module>
    add_time_stamp()
  File "/home/mpotts32/cams/horizonsnap.py", line 146, in add_time_stamp
    image = Image.open(latest_file)
  File "/home/mpotts32/.local/lib/python3.6/site-packages/PIL/Image.py", line 3031, in open
    "cannot identify image file %r" % (filename if filename else fp)
PIL.UnidentifiedImageError: cannot identify image file '/home/mpotts32/cams/Horizon/jpg/20240217.tar.gz'
Traceback (most recent call last):
  File "/home/mpotts32/cams/horizonsnap.py", line 219, in <module>
    add_time_stamp()
  File "/home/mpotts32/cams/horizonsnap.py", line 146, in add_time_stamp
    image = Image.open(latest_file)
  File "/home/mpotts32/.local/lib/python3.6/site-packages/PIL/Image.py", line 3031, in open
    "cannot identify image file %r" % (filename if filename else fp)
PIL.UnidentifiedImageError: cannot identify image file '/home/mpotts32/cams/Horizon/jpg/20240217.tar.gz'
Traceback (most recent call last):
  File "/home/mpotts32/cams/horizonsnap.py", line 219, in <module>
    add_time_stamp()
  File "/home/mpotts32/cams/horizonsnap.py", line 146, in add_time_stamp
    image = Image.open(latest_file)
  File "/home/mpotts32/.local/lib/python3.6/site-packages/PIL/Image.py", line 3031, in open
    "cannot identify image file %r" % (filename if filename else fp)
PIL.UnidentifiedImageError: cannot identify image file '/home/mpotts32/cams/Horizon/jpg/20240217.tar.gz'
Traceback (most recent call last):
  File "/home/mpotts32/cams/horizonsnap.py", line 219, in <module>
    add_time_stamp()
  File "/home/mpotts32/cams/horizonsnap.py", line 146, in add_time_stamp
    image = Image.open(latest_file)
  File "/home/mpotts32/.local/lib/python3.6/site-packages/PIL/Image.py", line 3031, in open
    "cannot identify image file %r" % (filename if filename else fp)
PIL.UnidentifiedImageError: cannot identify image file '/home/mpotts32/cams/Horizon/jpg/20240217.tar.gz'
Traceback (most recent call last):
  File "/home/mpotts32/cams/horizonsnap.py", line 219, in <module>
    add_time_stamp()
  File "/home/mpotts32/cams/horizonsnap.py", line 146, in add_time_stamp
    image = Image.open(latest_file)
  File "/home/mpotts32/.local/lib/python3.6/site-packages/PIL/Image.py", line 3031, in open
    "cannot identify image file %r" % (filename if filename else fp)
PIL.UnidentifiedImageError: cannot identify image file '/home/mpotts32/cams/Horizon/jpg/20240217.tar.gz'
Traceback (most recent call last):
  File "/home/mpotts32/cams/horizonsnap.py", line 219, in <module>
    add_time_stamp()
  File "/home/mpotts32/cams/horizonsnap.py", line 146, in add_time_stamp
    image = Image.open(latest_file)
  File "/home/mpotts32/.local/lib/python3.6/site-packages/PIL/Image.py", line 3031, in open
    "cannot identify image file %r" % (filename if filename else fp)
PIL.UnidentifiedImageError: cannot identify image file '/home/mpotts32/cams/Horizon/jpg/20240217.tar.gz'
Traceback (most recent call last):
  File "/home/mpotts32/cams/horizonsnap.py", line 219, in <module>
    add_time_stamp()
  File "/home/mpotts32/cams/horizonsnap.py", line 146, in add_time_stamp
    image = Image.open(latest_file)
  File "/home/mpotts32/.local/lib/python3.6/site-packages/PIL/Image.py", line 3031, in open
    "cannot identify image file %r" % (filename if filename else fp)
PIL.UnidentifiedImageError: cannot identify image file '/home/mpotts32/cams/Horizon/jpg/20240217.tar.gz'
Traceback (most recent call last):
  File "/home/mpotts32/cams/horizonsnap.py", line 219, in <module>
    add_time_stamp()
  File "/home/mpotts32/cams/horizonsnap.py", line 146, in add_time_stamp
    image = Image.open(latest_file)
  File "/home/mpotts32/.local/lib/python3.6/site-packages/PIL/Image.py", line 3031, in open
    "cannot identify image file %r" % (filename if filename else fp)
PIL.UnidentifiedImageError: cannot identify image file '/home/mpotts32/cams/Horizon/jpg/20240217.tar.gz'
Traceback (most recent call last):
  File "/home/mpotts32/cams/horizonsnap.py", line 219, in <module>
    add_time_stamp()
  File "/home/mpotts32/cams/horizonsnap.py", line 146, in add_time_stamp
    image = Image.open(latest_file)
  File "/home/mpotts32/.local/lib/python3.6/site-packages/PIL/Image.py", line 3031, in open
    "cannot identify image file %r" % (filename if filename else fp)
PIL.UnidentifiedImageError: cannot identify image file '/home/mpotts32/cams/Horizon/jpg/20240217.tar.gz'
Traceback (most recent call last):
  File "/home/mpotts32/cams/horizonsnap.py", line 219, in <module>
    add_time_stamp()
  File "/home/mpotts32/cams/horizonsnap.py", line 146, in add_time_stamp
    image = Image.open(latest_file)
  File "/home/mpotts32/.local/lib/python3.6/site-packages/PIL/Image.py", line 3031, in open
    "cannot identify image file %r" % (filename if filename else fp)
PIL.UnidentifiedImageError: cannot identify image file '/home/mpotts32/cams/Horizon/jpg/20240217.tar.gz'
Traceback (most recent call last):
  File "/home/mpotts32/cams/horizonsnap.py", line 219, in <module>
    add_time_stamp()
  File "/home/mpotts32/cams/horizonsnap.py", line 146, in add_time_stamp
    image = Image.open(latest_file)
  File "/home/mpotts32/.local/lib/python3.6/site-packages/PIL/Image.py", line 3031, in open
    "cannot identify image file %r" % (filename if filename else fp)
PIL.UnidentifiedImageError: cannot identify image file '/home/mpotts32/cams/Horizon/jpg/20240217.tar.gz'
Traceback (most recent call last):
  File "/home/mpotts32/cams/horizonsnap.py", line 219, in <module>
    add_time_stamp()
  File "/home/mpotts32/cams/horizonsnap.py", line 146, in add_time_stamp
    image = Image.open(latest_file)
  File "/home/mpotts32/.local/lib/python3.6/site-packages/PIL/Image.py", line 3031, in open
    "cannot identify image file %r" % (filename if filename else fp)
PIL.UnidentifiedImageError: cannot identify image file '/home/mpotts32/cams/Horizon/jpg/20240217.tar.gz'
Traceback (most recent call last):
  File "/home/mpotts32/cams/horizonsnap.py", line 219, in <module>
    add_time_stamp()
  File "/home/mpotts32/cams/horizonsnap.py", line 146, in add_time_stamp
    image = Image.open(latest_file)
  File "/home/mpotts32/.local/lib/python3.6/site-packages/PIL/Image.py", line 3031, in open
    "cannot identify image file %r" % (filename if filename else fp)
PIL.UnidentifiedImageError: cannot identify image file '/home/mpotts32/cams/Horizon/jpg/20240217.tar.gz'
Traceback (most recent call last):
  File "/home/mpotts32/cams/horizonsnap.py", line 219, in <module>
    add_time_stamp()
  File "/home/mpotts32/cams/horizonsnap.py", line 146, in add_time_stamp
    image = Image.open(latest_file)
  File "/home/mpotts32/.local/lib/python3.6/site-packages/PIL/Image.py", line 3031, in open
    "cannot identify image file %r" % (filename if filename else fp)
PIL.UnidentifiedImageError: cannot identify image file '/home/mpotts32/cams/Horizon/jpg/20240217.tar.gz'
Traceback (most recent call last):
  File "/home/mpotts32/cams/horizonsnap.py", line 219, in <module>
    add_time_stamp()
  File "/home/mpotts32/cams/horizonsnap.py", line 146, in add_time_stamp
    image = Image.open(latest_file)
  File "/home/mpotts32/.local/lib/python3.6/site-packages/PIL/Image.py", line 3031, in open
    "cannot identify image file %r" % (filename if filename else fp)
PIL.UnidentifiedImageError: cannot identify image file '/home/mpotts32/cams/Horizon/jpg/20240217.tar.gz'
Traceback (most recent call last):
  File "/home/mpotts32/cams/horizonsnap.py", line 219, in <module>
    add_time_stamp()
  File "/home/mpotts32/cams/horizonsnap.py", line 146, in add_time_stamp
    image = Image.open(latest_file)
  File "/home/mpotts32/.local/lib/python3.6/site-packages/PIL/Image.py", line 3031, in open
    "cannot identify image file %r" % (filename if filename else fp)
PIL.UnidentifiedImageError: cannot identify image file '/home/mpotts32/cams/Horizon/jpg/20240217.tar.gz'
Traceback (most recent call last):
  File "/home/mpotts32/cams/horizonsnap.py", line 219, in <module>
    add_time_stamp()
  File "/home/mpotts32/cams/horizonsnap.py", line 146, in add_time_stamp
    image = Image.open(latest_file)
  File "/home/mpotts32/.local/lib/python3.6/site-packages/PIL/Image.py", line 3031, in open
    "cannot identify image file %r" % (filename if filename else fp)
PIL.UnidentifiedImageError: cannot identify image file '/home/mpotts32/cams/Horizon/jpg/20240217.tar.gz'
Traceback (most recent call last):
  File "/home/mpotts32/cams/horizonsnap.py", line 219, in <module>
    add_time_stamp()
  File "/home/mpotts32/cams/horizonsnap.py", line 146, in add_time_stamp
    image = Image.open(latest_file)
  File "/home/mpotts32/.local/lib/python3.6/site-packages/PIL/Image.py", line 3031, in open
    "cannot identify image file %r" % (filename if filename else fp)
PIL.UnidentifiedImageError: cannot identify image file '/home/mpotts32/cams/Horizon/jpg/20240217.tar.gz'
Traceback (most recent call last):
  File "/home/mpotts32/cams/horizonsnap.py", line 219, in <module>
    add_time_stamp()
  File "/home/mpotts32/cams/horizonsnap.py", line 146, in add_time_stamp
    image = Image.open(latest_file)
  File "/home/mpotts32/.local/lib/python3.6/site-packages/PIL/Image.py", line 3031, in open
    "cannot identify image file %r" % (filename if filename else fp)
PIL.UnidentifiedImageError: cannot identify image file '/home/mpotts32/cams/Horizon/jpg/20240217.tar.gz'
Traceback (most recent call last):
  File "/home/mpotts32/cams/horizonsnap.py", line 219, in <module>
    add_time_stamp()
  File "/home/mpotts32/cams/horizonsnap.py", line 146, in add_time_stamp
    image = Image.open(latest_file)
  File "/home/mpotts32/.local/lib/python3.6/site-packages/PIL/Image.py", line 3031, in open
    "cannot identify image file %r" % (filename if filename else fp)
PIL.UnidentifiedImageError: cannot identify image file '/home/mpotts32/cams/Horizon/jpg/20240217.tar.gz'
Traceback (most recent call last):
  File "/home/mpotts32/cams/horizonsnap.py", line 219, in <module>
    add_time_stamp()
  File "/home/mpotts32/cams/horizonsnap.py", line 146, in add_time_stamp
    image = Image.open(latest_file)
  File "/home/mpotts32/.local/lib/python3.6/site-packages/PIL/Image.py", line 3031, in open
    "cannot identify image file %r" % (filename if filename else fp)
PIL.UnidentifiedImageError: cannot identify image file '/home/mpotts32/cams/Horizon/jpg/20240217.tar.gz'
Traceback (most recent call last):
  File "/home/mpotts32/cams/horizonsnap.py", line 219, in <module>
    add_time_stamp()
  File "/home/mpotts32/cams/horizonsnap.py", line 146, in add_time_stamp
    image = Image.open(latest_file)
  File "/home/mpotts32/.local/lib/python3.6/site-packages/PIL/Image.py", line 3031, in open
    "cannot identify image file %r" % (filename if filename else fp)
PIL.UnidentifiedImageError: cannot identify image file '/home/mpotts32/cams/Horizon/jpg/20240217.tar.gz'
Traceback (most recent call last):
  File "/home/mpotts32/cams/horizonsnap.py", line 219, in <module>
    add_time_stamp()
  File "/home/mpotts32/cams/horizonsnap.py", line 146, in add_time_stamp
    image = Image.open(latest_file)
  File "/home/mpotts32/.local/lib/python3.6/site-packages/PIL/Image.py", line 3031, in open
    "cannot identify image file %r" % (filename if filename else fp)
PIL.UnidentifiedImageError: cannot identify image file '/home/mpotts32/cams/Horizon/jpg/20240217.tar.gz'
Traceback (most recent call last):
  File "/home/mpotts32/cams/horizonsnap.py", line 219, in <module>
    add_time_stamp()
  File "/home/mpotts32/cams/horizonsnap.py", line 146, in add_time_stamp
    image = Image.open(latest_file)
  File "/home/mpotts32/.local/lib/python3.6/site-packages/PIL/Image.py", line 3031, in open
    "cannot identify image file %r" % (filename if filename else fp)
PIL.UnidentifiedImageError: cannot identify image file '/home/mpotts32/cams/Horizon/jpg/20240217.tar.gz'
Traceback (most recent call last):
  File "/home/mpotts32/cams/horizonsnap.py", line 219, in <module>
    add_time_stamp()
  File "/home/mpotts32/cams/horizonsnap.py", line 146, in add_time_stamp
    image = Image.open(latest_file)
  File "/home/mpotts32/.local/lib/python3.6/site-packages/PIL/Image.py", line 3031, in open
    "cannot identify image file %r" % (filename if filename else fp)
PIL.UnidentifiedImageError: cannot identify image file '/home/mpotts32/cams/Horizon/jpg/20240217.tar.gz'
Traceback (most recent call last):
  File "/home/mpotts32/cams/horizonsnap.py", line 219, in <module>
    add_time_stamp()
  File "/home/mpotts32/cams/horizonsnap.py", line 146, in add_time_stamp
    image = Image.open(latest_file)
  File "/home/mpotts32/.local/lib/python3.6/site-packages/PIL/Image.py", line 3031, in open
    "cannot identify image file %r" % (filename if filename else fp)
PIL.UnidentifiedImageError: cannot identify image file '/home/mpotts32/cams/Horizon/jpg/20240217.tar.gz'
Traceback (most recent call last):
  File "/home/mpotts32/cams/horizonsnap.py", line 219, in <module>
    add_time_stamp()
  File "/home/mpotts32/cams/horizonsnap.py", line 146, in add_time_stamp
    image = Image.open(latest_file)
  File "/home/mpotts32/.local/lib/python3.6/site-packages/PIL/Image.py", line 3031, in open
    "cannot identify image file %r" % (filename if filename else fp)
PIL.UnidentifiedImageError: cannot identify image file '/home/mpotts32/cams/Horizon/jpg/20240217.tar.gz'
Traceback (most recent call last):
  File "/home/mpotts32/cams/horizonsnap.py", line 219, in <module>
    add_time_stamp()
  File "/home/mpotts32/cams/horizonsnap.py", line 146, in add_time_stamp
    image = Image.open(latest_file)
  File "/home/mpotts32/.local/lib/python3.6/site-packages/PIL/Image.py", line 3031, in open
    "cannot identify image file %r" % (filename if filename else fp)
PIL.UnidentifiedImageError: cannot identify image file '/home/mpotts32/cams/Horizon/jpg/20240217.tar.gz'
Traceback (most recent call last):
  File "/home/mpotts32/cams/horizonsnap.py", line 219, in <module>
    add_time_stamp()
  File "/home/mpotts32/cams/horizonsnap.py", line 146, in add_time_stamp
    image = Image.open(latest_file)
  File "/home/mpotts32/.local/lib/python3.6/site-packages/PIL/Image.py", line 3031, in open
    "cannot identify image file %r" % (filename if filename else fp)
PIL.UnidentifiedImageError: cannot identify image file '/home/mpotts32/cams/Horizon/jpg/20240217.tar.gz'
Traceback (most recent call last):
  File "/home/mpotts32/cams/horizonsnap.py", line 219, in <module>
    add_time_stamp()
  File "/home/mpotts32/cams/horizonsnap.py", line 146, in add_time_stamp
    image = Image.open(latest_file)
  File "/home/mpotts32/.local/lib/python3.6/site-packages/PIL/Image.py", line 3031, in open
    "cannot identify image file %r" % (filename if filename else fp)
PIL.UnidentifiedImageError: cannot identify image file '/home/mpotts32/cams/Horizon/jpg/20240217.tar.gz'
Traceback (most recent call last):
  File "/home/mpotts32/cams/horizonsnap.py", line 219, in <module>
    add_time_stamp()
  File "/home/mpotts32/cams/horizonsnap.py", line 146, in add_time_stamp
    image = Image.open(latest_file)
  File "/home/mpotts32/.local/lib/python3.6/site-packages/PIL/Image.py", line 3031, in open
    "cannot identify image file %r" % (filename if filename else fp)
PIL.UnidentifiedImageError: cannot identify image file '/home/mpotts32/cams/Horizon/jpg/20240217.tar.gz'
Traceback (most recent call last):
  File "/home/mpotts32/cams/horizonsnap.py", line 219, in <module>
    add_time_stamp()
  File "/home/mpotts32/cams/horizonsnap.py", line 146, in add_time_stamp
    image = Image.open(latest_file)
  File "/home/mpotts32/.local/lib/python3.6/site-packages/PIL/Image.py", line 3031, in open
    "cannot identify image file %r" % (filename if filename else fp)
PIL.UnidentifiedImageError: cannot identify image file '/home/mpotts32/cams/Horizon/jpg/20240217.tar.gz'
Traceback (most recent call last):
  File "/home/mpotts32/cams/horizonsnap.py", line 219, in <module>
    add_time_stamp()
  File "/home/mpotts32/cams/horizonsnap.py", line 146, in add_time_stamp
    image = Image.open(latest_file)
  File "/home/mpotts32/.local/lib/python3.6/site-packages/PIL/Image.py", line 3031, in open
    "cannot identify image file %r" % (filename if filename else fp)
PIL.UnidentifiedImageError: cannot identify image file '/home/mpotts32/cams/Horizon/jpg/20240217.tar.gz'
Traceback (most recent call last):
  File "/home/mpotts32/cams/horizonsnap.py", line 219, in <module>
    add_time_stamp()
  File "/home/mpotts32/cams/horizonsnap.py", line 146, in add_time_stamp
    image = Image.open(latest_file)
  File "/home/mpotts32/.local/lib/python3.6/site-packages/PIL/Image.py", line 3031, in open
    "cannot identify image file %r" % (filename if filename else fp)
PIL.UnidentifiedImageError: cannot identify image file '/home/mpotts32/cams/Horizon/jpg/20240217.tar.gz'
Traceback (most recent call last):
  File "/home/mpotts32/cams/horizonsnap.py", line 219, in <module>
    add_time_stamp()
  File "/home/mpotts32/cams/horizonsnap.py", line 146, in add_time_stamp
    image = Image.open(latest_file)
  File "/home/mpotts32/.local/lib/python3.6/site-packages/PIL/Image.py", line 3031, in open
    "cannot identify image file %r" % (filename if filename else fp)
PIL.UnidentifiedImageError: cannot identify image file '/home/mpotts32/cams/Horizon/jpg/20240217.tar.gz'
Traceback (most recent call last):
  File "/home/mpotts32/cams/horizonsnap.py", line 219, in <module>
    add_time_stamp()
  File "/home/mpotts32/cams/horizonsnap.py", line 146, in add_time_stamp
    image = Image.open(latest_file)
  File "/home/mpotts32/.local/lib/python3.6/site-packages/PIL/Image.py", line 3031, in open
    "cannot identify image file %r" % (filename if filename else fp)
PIL.UnidentifiedImageError: cannot identify image file '/home/mpotts32/cams/Horizon/jpg/20240217.tar.gz'
Traceback (most recent call last):
  File "/home/mpotts32/cams/horizonsnap.py", line 219, in <module>
    add_time_stamp()
  File "/home/mpotts32/cams/horizonsnap.py", line 146, in add_time_stamp
    image = Image.open(latest_file)
  File "/home/mpotts32/.local/lib/python3.6/site-packages/PIL/Image.py", line 3031, in open
    "cannot identify image file %r" % (filename if filename else fp)
PIL.UnidentifiedImageError: cannot identify image file '/home/mpotts32/cams/Horizon/jpg/20240217.tar.gz'
Traceback (most recent call last):
  File "/home/mpotts32/cams/horizonsnap.py", line 219, in <module>
    add_time_stamp()
  File "/home/mpotts32/cams/horizonsnap.py", line 146, in add_time_stamp
    image = Image.open(latest_file)
  File "/home/mpotts32/.local/lib/python3.6/site-packages/PIL/Image.py", line 3031, in open
    "cannot identify image file %r" % (filename if filename else fp)
PIL.UnidentifiedImageError: cannot identify image file '/home/mpotts32/cams/Horizon/jpg/20240217.tar.gz'
Traceback (most recent call last):
  File "/home/mpotts32/cams/horizonsnap.py", line 219, in <module>
    add_time_stamp()
  File "/home/mpotts32/cams/horizonsnap.py", line 146, in add_time_stamp
    image = Image.open(latest_file)
  File "/home/mpotts32/.local/lib/python3.6/site-packages/PIL/Image.py", line 3031, in open
    "cannot identify image file %r" % (filename if filename else fp)
PIL.UnidentifiedImageError: cannot identify image file '/home/mpotts32/cams/Horizon/jpg/20240217.tar.gz'
Traceback (most recent call last):
  File "/home/mpotts32/cams/horizonsnap.py", line 219, in <module>
    add_time_stamp()
  File "/home/mpotts32/cams/horizonsnap.py", line 146, in add_time_stamp
    image = Image.open(latest_file)
  File "/home/mpotts32/.local/lib/python3.6/site-packages/PIL/Image.py", line 3031, in open
    "cannot identify image file %r" % (filename if filename else fp)
PIL.UnidentifiedImageError: cannot identify image file '/home/mpotts32/cams/Horizon/jpg/20240217.tar.gz'
Traceback (most recent call last):
  File "/home/mpotts32/cams/horizonsnap.py", line 219, in <module>
    add_time_stamp()
  File "/home/mpotts32/cams/horizonsnap.py", line 146, in add_time_stamp
    image = Image.open(latest_file)
  File "/home/mpotts32/.local/lib/python3.6/site-packages/PIL/Image.py", line 3031, in open
    "cannot identify image file %r" % (filename if filename else fp)
PIL.UnidentifiedImageError: cannot identify image file '/home/mpotts32/cams/Horizon/jpg/20240217.tar.gz'
Traceback (most recent call last):
  File "/home/mpotts32/cams/horizonsnap.py", line 219, in <module>
    add_time_stamp()
  File "/home/mpotts32/cams/horizonsnap.py", line 146, in add_time_stamp
    image = Image.open(latest_file)
  File "/home/mpotts32/.local/lib/python3.6/site-packages/PIL/Image.py", line 3031, in open
    "cannot identify image file %r" % (filename if filename else fp)
PIL.UnidentifiedImageError: cannot identify image file '/home/mpotts32/cams/Horizon/jpg/20240217.tar.gz'
Traceback (most recent call last):
  File "/home/mpotts32/cams/horizonsnap.py", line 219, in <module>
    add_time_stamp()
  File "/home/mpotts32/cams/horizonsnap.py", line 146, in add_time_stamp
    image = Image.open(latest_file)
  File "/home/mpotts32/.local/lib/python3.6/site-packages/PIL/Image.py", line 3031, in open
    "cannot identify image file %r" % (filename if filename else fp)
PIL.UnidentifiedImageError: cannot identify image file '/home/mpotts32/cams/Horizon/jpg/20240217.tar.gz'
Traceback (most recent call last):
  File "/home/mpotts32/cams/horizonsnap.py", line 219, in <module>
    add_time_stamp()
  File "/home/mpotts32/cams/horizonsnap.py", line 146, in add_time_stamp
    image = Image.open(latest_file)
  File "/home/mpotts32/.local/lib/python3.6/site-packages/PIL/Image.py", line 3031, in open
    "cannot identify image file %r" % (filename if filename else fp)
PIL.UnidentifiedImageError: cannot identify image file '/home/mpotts32/cams/Horizon/jpg/20240217.tar.gz'
Traceback (most recent call last):
  File "/home/mpotts32/cams/horizonsnap.py", line 219, in <module>
    add_time_stamp()
  File "/home/mpotts32/cams/horizonsnap.py", line 146, in add_time_stamp
    image = Image.open(latest_file)
  File "/home/mpotts32/.local/lib/python3.6/site-packages/PIL/Image.py", line 3031, in open
    "cannot identify image file %r" % (filename if filename else fp)
PIL.UnidentifiedImageError: cannot identify image file '/home/mpotts32/cams/Horizon/jpg/20240217.tar.gz'
Traceback (most recent call last):
  File "/home/mpotts32/cams/horizonsnap.py", line 219, in <module>
    add_time_stamp()
  File "/home/mpotts32/cams/horizonsnap.py", line 146, in add_time_stamp
    image = Image.open(latest_file)
  File "/home/mpotts32/.local/lib/python3.6/site-packages/PIL/Image.py", line 3031, in open
    "cannot identify image file %r" % (filename if filename else fp)
PIL.UnidentifiedImageError: cannot identify image file '/home/mpotts32/cams/Horizon/jpg/20240217.tar.gz'
Traceback (most recent call last):
  File "/home/mpotts32/cams/horizonsnap.py", line 219, in <module>
    add_time_stamp()
  File "/home/mpotts32/cams/horizonsnap.py", line 146, in add_time_stamp
    image = Image.open(latest_file)
  File "/home/mpotts32/.local/lib/python3.6/site-packages/PIL/Image.py", line 3031, in open
    "cannot identify image file %r" % (filename if filename else fp)
PIL.UnidentifiedImageError: cannot identify image file '/home/mpotts32/cams/Horizon/jpg/20240217.tar.gz'
Traceback (most recent call last):
  File "/home/mpotts32/cams/horizonsnap.py", line 219, in <module>
    add_time_stamp()
  File "/home/mpotts32/cams/horizonsnap.py", line 146, in add_time_stamp
    image = Image.open(latest_file)
  File "/home/mpotts32/.local/lib/python3.6/site-packages/PIL/Image.py", line 3031, in open
    "cannot identify image file %r" % (filename if filename else fp)
PIL.UnidentifiedImageError: cannot identify image file '/home/mpotts32/cams/Horizon/jpg/20240217.tar.gz'
Traceback (most recent call last):
  File "/home/mpotts32/cams/horizonsnap.py", line 219, in <module>
    add_time_stamp()
  File "/home/mpotts32/cams/horizonsnap.py", line 146, in add_time_stamp
    image = Image.open(latest_file)
  File "/home/mpotts32/.local/lib/python3.6/site-packages/PIL/Image.py", line 3031, in open
    "cannot identify image file %r" % (filename if filename else fp)
PIL.UnidentifiedImageError: cannot identify image file '/home/mpotts32/cams/Horizon/jpg/20240217.tar.gz'
Traceback (most recent call last):
  File "/home/mpotts32/cams/horizonsnap.py", line 219, in <module>
    add_time_stamp()
  File "/home/mpotts32/cams/horizonsnap.py", line 146, in add_time_stamp
    image = Image.open(latest_file)
  File "/home/mpotts32/.local/lib/python3.6/site-packages/PIL/Image.py", line 3031, in open
    "cannot identify image file %r" % (filename if filename else fp)
PIL.UnidentifiedImageError: cannot identify image file '/home/mpotts32/cams/Horizon/jpg/20240217.tar.gz'
Traceback (most recent call last):
  File "/home/mpotts32/cams/horizonsnap.py", line 219, in <module>
    add_time_stamp()
  File "/home/mpotts32/cams/horizonsnap.py", line 146, in add_time_stamp
    image = Image.open(latest_file)
  File "/home/mpotts32/.local/lib/python3.6/site-packages/PIL/Image.py", line 3031, in open
    "cannot identify image file %r" % (filename if filename else fp)
PIL.UnidentifiedImageError: cannot identify image file '/home/mpotts32/cams/Horizon/jpg/20240217.tar.gz'
Traceback (most recent call last):
  File "/home/mpotts32/cams/horizonsnap.py", line 219, in <module>
    add_time_stamp()
  File "/home/mpotts32/cams/horizonsnap.py", line 146, in add_time_stamp
    image = Image.open(latest_file)
  File "/home/mpotts32/.local/lib/python3.6/site-packages/PIL/Image.py", line 3031, in open
    "cannot identify image file %r" % (filename if filename else fp)
PIL.UnidentifiedImageError: cannot identify image file '/home/mpotts32/cams/Horizon/jpg/20240217.tar.gz'
Traceback (most recent call last):
  File "/home/mpotts32/cams/horizonsnap.py", line 219, in <module>
    add_time_stamp()
  File "/home/mpotts32/cams/horizonsnap.py", line 146, in add_time_stamp
    image = Image.open(latest_file)
  File "/home/mpotts32/.local/lib/python3.6/site-packages/PIL/Image.py", line 3031, in open
    "cannot identify image file %r" % (filename if filename else fp)
PIL.UnidentifiedImageError: cannot identify image file '/home/mpotts32/cams/Horizon/jpg/20240217.tar.gz'
Traceback (most recent call last):
  File "/home/mpotts32/cams/horizonsnap.py", line 219, in <module>
    add_time_stamp()
  File "/home/mpotts32/cams/horizonsnap.py", line 146, in add_time_stamp
    image = Image.open(latest_file)
  File "/home/mpotts32/.local/lib/python3.6/site-packages/PIL/Image.py", line 3031, in open
    "cannot identify image file %r" % (filename if filename else fp)
PIL.UnidentifiedImageError: cannot identify image file '/home/mpotts32/cams/Horizon/jpg/20240217.tar.gz'
Traceback (most recent call last):
  File "/home/mpotts32/cams/horizonsnap.py", line 219, in <module>
    add_time_stamp()
  File "/home/mpotts32/cams/horizonsnap.py", line 146, in add_time_stamp
    image = Image.open(latest_file)
  File "/home/mpotts32/.local/lib/python3.6/site-packages/PIL/Image.py", line 3031, in open
    "cannot identify image file %r" % (filename if filename else fp)
PIL.UnidentifiedImageError: cannot identify image file '/home/mpotts32/cams/Horizon/jpg/20240217.tar.gz'
Traceback (most recent call last):
  File "/home/mpotts32/cams/horizonsnap.py", line 219, in <module>
    add_time_stamp()
  File "/home/mpotts32/cams/horizonsnap.py", line 146, in add_time_stamp
    image = Image.open(latest_file)
  File "/home/mpotts32/.local/lib/python3.6/site-packages/PIL/Image.py", line 3031, in open
    "cannot identify image file %r" % (filename if filename else fp)
PIL.UnidentifiedImageError: cannot identify image file '/home/mpotts32/cams/Horizon/jpg/20240217.tar.gz'
Traceback (most recent call last):
  File "/home/mpotts32/cams/horizonsnap.py", line 219, in <module>
    add_time_stamp()
  File "/home/mpotts32/cams/horizonsnap.py", line 146, in add_time_stamp
    image = Image.open(latest_file)
  File "/home/mpotts32/.local/lib/python3.6/site-packages/PIL/Image.py", line 3031, in open
    "cannot identify image file %r" % (filename if filename else fp)
PIL.UnidentifiedImageError: cannot identify image file '/home/mpotts32/cams/Horizon/jpg/20240217.tar.gz'
Traceback (most recent call last):
  File "/home/mpotts32/cams/horizonsnap.py", line 219, in <module>
    add_time_stamp()
  File "/home/mpotts32/cams/horizonsnap.py", line 146, in add_time_stamp
    image = Image.open(latest_file)
  File "/home/mpotts32/.local/lib/python3.6/site-packages/PIL/Image.py", line 3031, in open
    "cannot identify image file %r" % (filename if filename else fp)
PIL.UnidentifiedImageError: cannot identify image file '/home/mpotts32/cams/Horizon/jpg/20240217.tar.gz'
Traceback (most recent call last):
  File "/home/mpotts32/cams/horizonsnap.py", line 219, in <module>
    add_time_stamp()
  File "/home/mpotts32/cams/horizonsnap.py", line 146, in add_time_stamp
    image = Image.open(latest_file)
  File "/home/mpotts32/.local/lib/python3.6/site-packages/PIL/Image.py", line 3031, in open
    "cannot identify image file %r" % (filename if filename else fp)
PIL.UnidentifiedImageError: cannot identify image file '/home/mpotts32/cams/Horizon/jpg/20240217.tar.gz'
Traceback (most recent call last):
  File "/home/mpotts32/cams/horizonsnap.py", line 219, in <module>
    add_time_stamp()
  File "/home/mpotts32/cams/horizonsnap.py", line 146, in add_time_stamp
    image = Image.open(latest_file)
  File "/home/mpotts32/.local/lib/python3.6/site-packages/PIL/Image.py", line 3031, in open
    "cannot identify image file %r" % (filename if filename else fp)
PIL.UnidentifiedImageError: cannot identify image file '/home/mpotts32/cams/Horizon/jpg/20240217.tar.gz'
Traceback (most recent call last):
  File "/home/mpotts32/cams/horizonsnap.py", line 219, in <module>
    add_time_stamp()
  File "/home/mpotts32/cams/horizonsnap.py", line 146, in add_time_stamp
    image = Image.open(latest_file)
  File "/home/mpotts32/.local/lib/python3.6/site-packages/PIL/Image.py", line 3031, in open
    "cannot identify image file %r" % (filename if filename else fp)
PIL.UnidentifiedImageError: cannot identify image file '/home/mpotts32/cams/Horizon/jpg/20240217.tar.gz'
Traceback (most recent call last):
  File "/home/mpotts32/cams/horizonsnap.py", line 219, in <module>
    add_time_stamp()
  File "/home/mpotts32/cams/horizonsnap.py", line 146, in add_time_stamp
    image = Image.open(latest_file)
  File "/home/mpotts32/.local/lib/python3.6/site-packages/PIL/Image.py", line 3031, in open
    "cannot identify image file %r" % (filename if filename else fp)
PIL.UnidentifiedImageError: cannot identify image file '/home/mpotts32/cams/Horizon/jpg/20240217.tar.gz'
Traceback (most recent call last):
  File "/home/mpotts32/cams/horizonsnap.py", line 219, in <module>
    add_time_stamp()
  File "/home/mpotts32/cams/horizonsnap.py", line 146, in add_time_stamp
    image = Image.open(latest_file)
  File "/home/mpotts32/.local/lib/python3.6/site-packages/PIL/Image.py", line 3031, in open
    "cannot identify image file %r" % (filename if filename else fp)
PIL.UnidentifiedImageError: cannot identify image file '/home/mpotts32/cams/Horizon/jpg/20240217.tar.gz'
Traceback (most recent call last):
  File "/home/mpotts32/cams/horizonsnap.py", line 219, in <module>
    add_time_stamp()
  File "/home/mpotts32/cams/horizonsnap.py", line 146, in add_time_stamp
    image = Image.open(latest_file)
  File "/home/mpotts32/.local/lib/python3.6/site-packages/PIL/Image.py", line 3031, in open
    "cannot identify image file %r" % (filename if filename else fp)
PIL.UnidentifiedImageError: cannot identify image file '/home/mpotts32/cams/Horizon/jpg/20240217.tar.gz'
Traceback (most recent call last):
  File "/home/mpotts32/cams/horizonsnap.py", line 219, in <module>
    add_time_stamp()
  File "/home/mpotts32/cams/horizonsnap.py", line 146, in add_time_stamp
    image = Image.open(latest_file)
  File "/home/mpotts32/.local/lib/python3.6/site-packages/PIL/Image.py", line 3031, in open
    "cannot identify image file %r" % (filename if filename else fp)
PIL.UnidentifiedImageError: cannot identify image file '/home/mpotts32/cams/Horizon/jpg/20240217.tar.gz'
Traceback (most recent call last):
  File "/home/mpotts32/cams/horizonsnap.py", line 219, in <module>
    add_time_stamp()
  File "/home/mpotts32/cams/horizonsnap.py", line 146, in add_time_stamp
    image = Image.open(latest_file)
  File "/home/mpotts32/.local/lib/python3.6/site-packages/PIL/Image.py", line 3031, in open
    "cannot identify image file %r" % (filename if filename else fp)
PIL.UnidentifiedImageError: cannot identify image file '/home/mpotts32/cams/Horizon/jpg/20240217.tar.gz'
Traceback (most recent call last):
  File "/home/mpotts32/cams/horizonsnap.py", line 219, in <module>
    add_time_stamp()
  File "/home/mpotts32/cams/horizonsnap.py", line 146, in add_time_stamp
    image = Image.open(latest_file)
  File "/home/mpotts32/.local/lib/python3.6/site-packages/PIL/Image.py", line 3031, in open
    "cannot identify image file %r" % (filename if filename else fp)
PIL.UnidentifiedImageError: cannot identify image file '/home/mpotts32/cams/Horizon/jpg/20240217.tar.gz'
Traceback (most recent call last):
  File "/home/mpotts32/cams/horizonsnap.py", line 219, in <module>
    add_time_stamp()
  File "/home/mpotts32/cams/horizonsnap.py", line 146, in add_time_stamp
    image = Image.open(latest_file)
  File "/home/mpotts32/.local/lib/python3.6/site-packages/PIL/Image.py", line 3031, in open
    "cannot identify image file %r" % (filename if filename else fp)
PIL.UnidentifiedImageError: cannot identify image file '/home/mpotts32/cams/Horizon/jpg/20240217.tar.gz'
Traceback (most recent call last):
  File "/home/mpotts32/cams/horizonsnap.py", line 219, in <module>
    add_time_stamp()
  File "/home/mpotts32/cams/horizonsnap.py", line 146, in add_time_stamp
    image = Image.open(latest_file)
  File "/home/mpotts32/.local/lib/python3.6/site-packages/PIL/Image.py", line 3031, in open
    "cannot identify image file %r" % (filename if filename else fp)
PIL.UnidentifiedImageError: cannot identify image file '/home/mpotts32/cams/Horizon/jpg/20240217.tar.gz'
Traceback (most recent call last):
  File "/home/mpotts32/cams/horizonsnap.py", line 219, in <module>
    add_time_stamp()
  File "/home/mpotts32/cams/horizonsnap.py", line 146, in add_time_stamp
    image = Image.open(latest_file)
  File "/home/mpotts32/.local/lib/python3.6/site-packages/PIL/Image.py", line 3031, in open
    "cannot identify image file %r" % (filename if filename else fp)
PIL.UnidentifiedImageError: cannot identify image file '/home/mpotts32/cams/Horizon/jpg/20240217.tar.gz'
Traceback (most recent call last):
  File "/home/mpotts32/cams/horizonsnap.py", line 219, in <module>
    add_time_stamp()
  File "/home/mpotts32/cams/horizonsnap.py", line 146, in add_time_stamp
    image = Image.open(latest_file)
  File "/home/mpotts32/.local/lib/python3.6/site-packages/PIL/Image.py", line 3031, in open
    "cannot identify image file %r" % (filename if filename else fp)
PIL.UnidentifiedImageError: cannot identify image file '/home/mpotts32/cams/Horizon/jpg/20240217.tar.gz'
Traceback (most recent call last):
  File "/home/mpotts32/cams/horizonsnap.py", line 219, in <module>
    add_time_stamp()
  File "/home/mpotts32/cams/horizonsnap.py", line 146, in add_time_stamp
    image = Image.open(latest_file)
  File "/home/mpotts32/.local/lib/python3.6/site-packages/PIL/Image.py", line 3031, in open
    "cannot identify image file %r" % (filename if filename else fp)
PIL.UnidentifiedImageError: cannot identify image file '/home/mpotts32/cams/Horizon/jpg/20240217.tar.gz'
Traceback (most recent call last):
  File "/home/mpotts32/cams/horizonsnap.py", line 219, in <module>
    add_time_stamp()
  File "/home/mpotts32/cams/horizonsnap.py", line 146, in add_time_stamp
    image = Image.open(latest_file)
  File "/home/mpotts32/.local/lib/python3.6/site-packages/PIL/Image.py", line 3031, in open
    "cannot identify image file %r" % (filename if filename else fp)
PIL.UnidentifiedImageError: cannot identify image file '/home/mpotts32/cams/Horizon/jpg/20240217.tar.gz'
Traceback (most recent call last):
  File "/home/mpotts32/cams/horizonsnap.py", line 219, in <module>
    add_time_stamp()
  File "/home/mpotts32/cams/horizonsnap.py", line 146, in add_time_stamp
    image = Image.open(latest_file)
  File "/home/mpotts32/.local/lib/python3.6/site-packages/PIL/Image.py", line 3031, in open
    "cannot identify image file %r" % (filename if filename else fp)
PIL.UnidentifiedImageError: cannot identify image file '/home/mpotts32/cams/Horizon/jpg/20240217.tar.gz'
Traceback (most recent call last):
  File "/home/mpotts32/cams/horizonsnap.py", line 219, in <module>
    add_time_stamp()
  File "/home/mpotts32/cams/horizonsnap.py", line 146, in add_time_stamp
    image = Image.open(latest_file)
  File "/home/mpotts32/.local/lib/python3.6/site-packages/PIL/Image.py", line 3031, in open
    "cannot identify image file %r" % (filename if filename else fp)
PIL.UnidentifiedImageError: cannot identify image file '/home/mpotts32/cams/Horizon/jpg/20240217.tar.gz'
Traceback (most recent call last):
  File "/home/mpotts32/cams/horizonsnap.py", line 219, in <module>
    add_time_stamp()
  File "/home/mpotts32/cams/horizonsnap.py", line 146, in add_time_stamp
    image = Image.open(latest_file)
  File "/home/mpotts32/.local/lib/python3.6/site-packages/PIL/Image.py", line 3031, in open
    "cannot identify image file %r" % (filename if filename else fp)
PIL.UnidentifiedImageError: cannot identify image file '/home/mpotts32/cams/Horizon/jpg/20240217.tar.gz'
Traceback (most recent call last):
  File "/home/mpotts32/cams/horizonsnap.py", line 219, in <module>
    add_time_stamp()
  File "/home/mpotts32/cams/horizonsnap.py", line 146, in add_time_stamp
    image = Image.open(latest_file)
  File "/home/mpotts32/.local/lib/python3.6/site-packages/PIL/Image.py", line 3031, in open
    "cannot identify image file %r" % (filename if filename else fp)
PIL.UnidentifiedImageError: cannot identify image file '/home/mpotts32/cams/Horizon/jpg/20240217.tar.gz'
Traceback (most recent call last):
  File "/home/mpotts32/cams/horizonsnap.py", line 219, in <module>
    add_time_stamp()
  File "/home/mpotts32/cams/horizonsnap.py", line 146, in add_time_stamp
    image = Image.open(latest_file)
  File "/home/mpotts32/.local/lib/python3.6/site-packages/PIL/Image.py", line 3031, in open
    "cannot identify image file %r" % (filename if filename else fp)
PIL.UnidentifiedImageError: cannot identify image file '/home/mpotts32/cams/Horizon/jpg/20240217.tar.gz'
Traceback (most recent call last):
  File "/home/mpotts32/cams/horizonsnap.py", line 219, in <module>
    add_time_stamp()
  File "/home/mpotts32/cams/horizonsnap.py", line 146, in add_time_stamp
    image = Image.open(latest_file)
  File "/home/mpotts32/.local/lib/python3.6/site-packages/PIL/Image.py", line 3031, in open
    "cannot identify image file %r" % (filename if filename else fp)
PIL.UnidentifiedImageError: cannot identify image file '/home/mpotts32/cams/Horizon/jpg/20240217.tar.gz'
Traceback (most recent call last):
  File "/home/mpotts32/cams/horizonsnap.py", line 219, in <module>
    add_time_stamp()
  File "/home/mpotts32/cams/horizonsnap.py", line 146, in add_time_stamp
    image = Image.open(latest_file)
  File "/home/mpotts32/.local/lib/python3.6/site-packages/PIL/Image.py", line 3031, in open
    "cannot identify image file %r" % (filename if filename else fp)
PIL.UnidentifiedImageError: cannot identify image file '/home/mpotts32/cams/Horizon/jpg/20240217.tar.gz'
Traceback (most recent call last):
  File "/home/mpotts32/cams/horizonsnap.py", line 219, in <module>
    add_time_stamp()
  File "/home/mpotts32/cams/horizonsnap.py", line 146, in add_time_stamp
    image = Image.open(latest_file)
  File "/home/mpotts32/.local/lib/python3.6/site-packages/PIL/Image.py", line 3031, in open
    "cannot identify image file %r" % (filename if filename else fp)
PIL.UnidentifiedImageError: cannot identify image file '/home/mpotts32/cams/Horizon/jpg/20240217.tar.gz'
Traceback (most recent call last):
  File "/home/mpotts32/cams/horizonsnap.py", line 219, in <module>
    add_time_stamp()
  File "/home/mpotts32/cams/horizonsnap.py", line 146, in add_time_stamp
    image = Image.open(latest_file)
  File "/home/mpotts32/.local/lib/python3.6/site-packages/PIL/Image.py", line 3031, in open
    "cannot identify image file %r" % (filename if filename else fp)
PIL.UnidentifiedImageError: cannot identify image file '/home/mpotts32/cams/Horizon/jpg/20240217.tar.gz'
Traceback (most recent call last):
  File "/home/mpotts32/cams/horizonsnap.py", line 219, in <module>
    add_time_stamp()
  File "/home/mpotts32/cams/horizonsnap.py", line 146, in add_time_stamp
    image = Image.open(latest_file)
  File "/home/mpotts32/.local/lib/python3.6/site-packages/PIL/Image.py", line 3031, in open
    "cannot identify image file %r" % (filename if filename else fp)
PIL.UnidentifiedImageError: cannot identify image file '/home/mpotts32/cams/Horizon/jpg/20240217.tar.gz'
Traceback (most recent call last):
  File "/home/mpotts32/cams/horizonsnap.py", line 219, in <module>
    add_time_stamp()
  File "/home/mpotts32/cams/horizonsnap.py", line 146, in add_time_stamp
    image = Image.open(latest_file)
  File "/home/mpotts32/.local/lib/python3.6/site-packages/PIL/Image.py", line 3031, in open
    "cannot identify image file %r" % (filename if filename else fp)
PIL.UnidentifiedImageError: cannot identify image file '/home/mpotts32/cams/Horizon/jpg/20240217.tar.gz'
Traceback (most recent call last):
  File "/home/mpotts32/cams/horizonsnap.py", line 219, in <module>
    add_time_stamp()
  File "/home/mpotts32/cams/horizonsnap.py", line 146, in add_time_stamp
    image = Image.open(latest_file)
  File "/home/mpotts32/.local/lib/python3.6/site-packages/PIL/Image.py", line 3031, in open
    "cannot identify image file %r" % (filename if filename else fp)
PIL.UnidentifiedImageError: cannot identify image file '/home/mpotts32/cams/Horizon/jpg/20240217.tar.gz'
Traceback (most recent call last):
  File "/home/mpotts32/cams/horizonsnap.py", line 219, in <module>
    add_time_stamp()
  File "/home/mpotts32/cams/horizonsnap.py", line 146, in add_time_stamp
    image = Image.open(latest_file)
  File "/home/mpotts32/.local/lib/python3.6/site-packages/PIL/Image.py", line 3031, in open
    "cannot identify image file %r" % (filename if filename else fp)
PIL.UnidentifiedImageError: cannot identify image file '/home/mpotts32/cams/Horizon/jpg/20240217.tar.gz'
Traceback (most recent call last):
  File "/home/mpotts32/cams/horizonsnap.py", line 219, in <module>
    add_time_stamp()
  File "/home/mpotts32/cams/horizonsnap.py", line 146, in add_time_stamp
    image = Image.open(latest_file)
  File "/home/mpotts32/.local/lib/python3.6/site-packages/PIL/Image.py", line 3031, in open
    "cannot identify image file %r" % (filename if filename else fp)
PIL.UnidentifiedImageError: cannot identify image file '/home/mpotts32/cams/Horizon/jpg/20240217.tar.gz'
Traceback (most recent call last):
  File "/home/mpotts32/cams/horizonsnap.py", line 219, in <module>
    add_time_stamp()
  File "/home/mpotts32/cams/horizonsnap.py", line 146, in add_time_stamp
    image = Image.open(latest_file)
  File "/home/mpotts32/.local/lib/python3.6/site-packages/PIL/Image.py", line 3031, in open
    "cannot identify image file %r" % (filename if filename else fp)
PIL.UnidentifiedImageError: cannot identify image file '/home/mpotts32/cams/Horizon/jpg/20240217.tar.gz'
Traceback (most recent call last):
  File "/home/mpotts32/cams/horizonsnap.py", line 219, in <module>
    add_time_stamp()
  File "/home/mpotts32/cams/horizonsnap.py", line 146, in add_time_stamp
    image = Image.open(latest_file)
  File "/home/mpotts32/.local/lib/python3.6/site-packages/PIL/Image.py", line 3031, in open
    "cannot identify image file %r" % (filename if filename else fp)
PIL.UnidentifiedImageError: cannot identify image file '/home/mpotts32/cams/Horizon/jpg/20240217.tar.gz'
Traceback (most recent call last):
  File "/home/mpotts32/cams/horizonsnap.py", line 219, in <module>
    add_time_stamp()
  File "/home/mpotts32/cams/horizonsnap.py", line 146, in add_time_stamp
    image = Image.open(latest_file)
  File "/home/mpotts32/.local/lib/python3.6/site-packages/PIL/Image.py", line 3031, in open
    "cannot identify image file %r" % (filename if filename else fp)
PIL.UnidentifiedImageError: cannot identify image file '/home/mpotts32/cams/Horizon/jpg/20240217.tar.gz'
Traceback (most recent call last):
  File "/home/mpotts32/cams/horizonsnap.py", line 219, in <module>
    add_time_stamp()
  File "/home/mpotts32/cams/horizonsnap.py", line 146, in add_time_stamp
    image = Image.open(latest_file)
  File "/home/mpotts32/.local/lib/python3.6/site-packages/PIL/Image.py", line 3031, in open
    "cannot identify image file %r" % (filename if filename else fp)
PIL.UnidentifiedImageError: cannot identify image file '/home/mpotts32/cams/Horizon/jpg/20240217.tar.gz'
Traceback (most recent call last):
  File "/home/mpotts32/cams/horizonsnap.py", line 219, in <module>
    add_time_stamp()
  File "/home/mpotts32/cams/horizonsnap.py", line 146, in add_time_stamp
    image = Image.open(latest_file)
  File "/home/mpotts32/.local/lib/python3.6/site-packages/PIL/Image.py", line 3031, in open
    "cannot identify image file %r" % (filename if filename else fp)
PIL.UnidentifiedImageError: cannot identify image file '/home/mpotts32/cams/Horizon/jpg/20240217.tar.gz'
Traceback (most recent call last):
  File "/home/mpotts32/cams/horizonsnap.py", line 219, in <module>
    add_time_stamp()
  File "/home/mpotts32/cams/horizonsnap.py", line 146, in add_time_stamp
    image = Image.open(latest_file)
  File "/home/mpotts32/.local/lib/python3.6/site-packages/PIL/Image.py", line 3031, in open
    "cannot identify image file %r" % (filename if filename else fp)
PIL.UnidentifiedImageError: cannot identify image file '/home/mpotts32/cams/Horizon/jpg/20240217.tar.gz'
Traceback (most recent call last):
  File "/home/mpotts32/cams/horizonsnap.py", line 219, in <module>
    add_time_stamp()
  File "/home/mpotts32/cams/horizonsnap.py", line 146, in add_time_stamp
    image = Image.open(latest_file)
  File "/home/mpotts32/.local/lib/python3.6/site-packages/PIL/Image.py", line 3031, in open
    "cannot identify image file %r" % (filename if filename else fp)
PIL.UnidentifiedImageError: cannot identify image file '/home/mpotts32/cams/Horizon/jpg/20240217.tar.gz'
Traceback (most recent call last):
  File "/home/mpotts32/cams/horizonsnap.py", line 219, in <module>
    add_time_stamp()
  File "/home/mpotts32/cams/horizonsnap.py", line 146, in add_time_stamp
    image = Image.open(latest_file)
  File "/home/mpotts32/.local/lib/python3.6/site-packages/PIL/Image.py", line 3031, in open
    "cannot identify image file %r" % (filename if filename else fp)
PIL.UnidentifiedImageError: cannot identify image file '/home/mpotts32/cams/Horizon/jpg/20240217.tar.gz'
Traceback (most recent call last):
  File "/home/mpotts32/cams/horizonsnap.py", line 219, in <module>
    add_time_stamp()
  File "/home/mpotts32/cams/horizonsnap.py", line 146, in add_time_stamp
    image = Image.open(latest_file)
  File "/home/mpotts32/.local/lib/python3.6/site-packages/PIL/Image.py", line 3031, in open
    "cannot identify image file %r" % (filename if filename else fp)
PIL.UnidentifiedImageError: cannot identify image file '/home/mpotts32/cams/Horizon/jpg/20240217.tar.gz'
Traceback (most recent call last):
  File "/home/mpotts32/cams/horizonsnap.py", line 219, in <module>
    add_time_stamp()
  File "/home/mpotts32/cams/horizonsnap.py", line 146, in add_time_stamp
    image = Image.open(latest_file)
  File "/home/mpotts32/.local/lib/python3.6/site-packages/PIL/Image.py", line 3031, in open
    "cannot identify image file %r" % (filename if filename else fp)
PIL.UnidentifiedImageError: cannot identify image file '/home/mpotts32/cams/Horizon/jpg/20240217.tar.gz'
Traceback (most recent call last):
  File "/home/mpotts32/cams/horizonsnap.py", line 219, in <module>
    add_time_stamp()
  File "/home/mpotts32/cams/horizonsnap.py", line 146, in add_time_stamp
    image = Image.open(latest_file)
  File "/home/mpotts32/.local/lib/python3.6/site-packages/PIL/Image.py", line 3031, in open
    "cannot identify image file %r" % (filename if filename else fp)
PIL.UnidentifiedImageError: cannot identify image file '/home/mpotts32/cams/Horizon/jpg/20240217.tar.gz'
Traceback (most recent call last):
  File "/home/mpotts32/cams/horizonsnap.py", line 219, in <module>
    add_time_stamp()
  File "/home/mpotts32/cams/horizonsnap.py", line 146, in add_time_stamp
    image = Image.open(latest_file)
  File "/home/mpotts32/.local/lib/python3.6/site-packages/PIL/Image.py", line 3031, in open
    "cannot identify image file %r" % (filename if filename else fp)
PIL.UnidentifiedImageError: cannot identify image file '/home/mpotts32/cams/Horizon/jpg/20240217.tar.gz'
Traceback (most recent call last):
  File "/home/mpotts32/cams/horizonsnap.py", line 219, in <module>
    add_time_stamp()
  File "/home/mpotts32/cams/horizonsnap.py", line 146, in add_time_stamp
    image = Image.open(latest_file)
  File "/home/mpotts32/.local/lib/python3.6/site-packages/PIL/Image.py", line 3031, in open
    "cannot identify image file %r" % (filename if filename else fp)
PIL.UnidentifiedImageError: cannot identify image file '/home/mpotts32/cams/Horizon/jpg/20240217.tar.gz'
Traceback (most recent call last):
  File "/home/mpotts32/cams/horizonsnap.py", line 219, in <module>
    add_time_stamp()
  File "/home/mpotts32/cams/horizonsnap.py", line 146, in add_time_stamp
    image = Image.open(latest_file)
  File "/home/mpotts32/.local/lib/python3.6/site-packages/PIL/Image.py", line 3031, in open
    "cannot identify image file %r" % (filename if filename else fp)
PIL.UnidentifiedImageError: cannot identify image file '/home/mpotts32/cams/Horizon/jpg/20240217.tar.gz'
Traceback (most recent call last):
  File "/home/mpotts32/cams/horizonsnap.py", line 219, in <module>
    add_time_stamp()
  File "/home/mpotts32/cams/horizonsnap.py", line 146, in add_time_stamp
    image = Image.open(latest_file)
  File "/home/mpotts32/.local/lib/python3.6/site-packages/PIL/Image.py", line 3031, in open
    "cannot identify image file %r" % (filename if filename else fp)
PIL.UnidentifiedImageError: cannot identify image file '/home/mpotts32/cams/Horizon/jpg/20240217.tar.gz'
Traceback (most recent call last):
  File "/home/mpotts32/cams/horizonsnap.py", line 219, in <module>
    add_time_stamp()
  File "/home/mpotts32/cams/horizonsnap.py", line 146, in add_time_stamp
    image = Image.open(latest_file)
  File "/home/mpotts32/.local/lib/python3.6/site-packages/PIL/Image.py", line 3031, in open
    "cannot identify image file %r" % (filename if filename else fp)
PIL.UnidentifiedImageError: cannot identify image file '/home/mpotts32/cams/Horizon/jpg/20240217.tar.gz'
Traceback (most recent call last):
  File "/home/mpotts32/cams/horizonsnap.py", line 219, in <module>
    add_time_stamp()
  File "/home/mpotts32/cams/horizonsnap.py", line 146, in add_time_stamp
    image = Image.open(latest_file)
  File "/home/mpotts32/.local/lib/python3.6/site-packages/PIL/Image.py", line 3031, in open
    "cannot identify image file %r" % (filename if filename else fp)
PIL.UnidentifiedImageError: cannot identify image file '/home/mpotts32/cams/Horizon/jpg/20240217.tar.gz'
Traceback (most recent call last):
  File "/home/mpotts32/cams/horizonsnap.py", line 219, in <module>
    add_time_stamp()
  File "/home/mpotts32/cams/horizonsnap.py", line 146, in add_time_stamp
    image = Image.open(latest_file)
  File "/home/mpotts32/.local/lib/python3.6/site-packages/PIL/Image.py", line 3031, in open
    "cannot identify image file %r" % (filename if filename else fp)
PIL.UnidentifiedImageError: cannot identify image file '/home/mpotts32/cams/Horizon/jpg/20240217.tar.gz'
Traceback (most recent call last):
  File "/home/mpotts32/cams/horizonsnap.py", line 219, in <module>
    add_time_stamp()
  File "/home/mpotts32/cams/horizonsnap.py", line 146, in add_time_stamp
    image = Image.open(latest_file)
  File "/home/mpotts32/.local/lib/python3.6/site-packages/PIL/Image.py", line 3031, in open
    "cannot identify image file %r" % (filename if filename else fp)
PIL.UnidentifiedImageError: cannot identify image file '/home/mpotts32/cams/Horizon/jpg/20240217.tar.gz'
Traceback (most recent call last):
  File "/home/mpotts32/cams/horizonsnap.py", line 219, in <module>
    add_time_stamp()
  File "/home/mpotts32/cams/horizonsnap.py", line 146, in add_time_stamp
    image = Image.open(latest_file)
  File "/home/mpotts32/.local/lib/python3.6/site-packages/PIL/Image.py", line 3031, in open
    "cannot identify image file %r" % (filename if filename else fp)
PIL.UnidentifiedImageError: cannot identify image file '/home/mpotts32/cams/Horizon/jpg/20240217.tar.gz'
Traceback (most recent call last):
  File "/home/mpotts32/cams/horizonsnap.py", line 219, in <module>
    add_time_stamp()
  File "/home/mpotts32/cams/horizonsnap.py", line 146, in add_time_stamp
    image = Image.open(latest_file)
  File "/home/mpotts32/.local/lib/python3.6/site-packages/PIL/Image.py", line 3031, in open
    "cannot identify image file %r" % (filename if filename else fp)
PIL.UnidentifiedImageError: cannot identify image file '/home/mpotts32/cams/Horizon/jpg/20240217.tar.gz'
Traceback (most recent call last):
  File "/home/mpotts32/cams/horizonsnap.py", line 219, in <module>
    add_time_stamp()
  File "/home/mpotts32/cams/horizonsnap.py", line 146, in add_time_stamp
    image = Image.open(latest_file)
  File "/home/mpotts32/.local/lib/python3.6/site-packages/PIL/Image.py", line 3031, in open
    "cannot identify image file %r" % (filename if filename else fp)
PIL.UnidentifiedImageError: cannot identify image file '/home/mpotts32/cams/Horizon/jpg/20240217.tar.gz'
Traceback (most recent call last):
  File "/home/mpotts32/cams/horizonsnap.py", line 219, in <module>
    add_time_stamp()
  File "/home/mpotts32/cams/horizonsnap.py", line 146, in add_time_stamp
    image = Image.open(latest_file)
  File "/home/mpotts32/.local/lib/python3.6/site-packages/PIL/Image.py", line 3031, in open
    "cannot identify image file %r" % (filename if filename else fp)
PIL.UnidentifiedImageError: cannot identify image file '/home/mpotts32/cams/Horizon/jpg/20240217.tar.gz'
Traceback (most recent call last):
  File "/home/mpotts32/cams/horizonsnap.py", line 219, in <module>
    add_time_stamp()
  File "/home/mpotts32/cams/horizonsnap.py", line 146, in add_time_stamp
    image = Image.open(latest_file)
  File "/home/mpotts32/.local/lib/python3.6/site-packages/PIL/Image.py", line 3031, in open
    "cannot identify image file %r" % (filename if filename else fp)
PIL.UnidentifiedImageError: cannot identify image file '/home/mpotts32/cams/Horizon/jpg/20240217.tar.gz'
Traceback (most recent call last):
  File "/home/mpotts32/cams/horizonsnap.py", line 219, in <module>
    add_time_stamp()
  File "/home/mpotts32/cams/horizonsnap.py", line 146, in add_time_stamp
    image = Image.open(latest_file)
  File "/home/mpotts32/.local/lib/python3.6/site-packages/PIL/Image.py", line 3031, in open
    "cannot identify image file %r" % (filename if filename else fp)
PIL.UnidentifiedImageError: cannot identify image file '/home/mpotts32/cams/Horizon/jpg/20240217.tar.gz'
Traceback (most recent call last):
  File "/home/mpotts32/cams/horizonsnap.py", line 219, in <module>
    add_time_stamp()
  File "/home/mpotts32/cams/horizonsnap.py", line 146, in add_time_stamp
    image = Image.open(latest_file)
  File "/home/mpotts32/.local/lib/python3.6/site-packages/PIL/Image.py", line 3031, in open
    "cannot identify image file %r" % (filename if filename else fp)
PIL.UnidentifiedImageError: cannot identify image file '/home/mpotts32/cams/Horizon/jpg/20240217.tar.gz'
Traceback (most recent call last):
  File "/home/mpotts32/cams/horizonsnap.py", line 219, in <module>
    add_time_stamp()
  File "/home/mpotts32/cams/horizonsnap.py", line 146, in add_time_stamp
    image = Image.open(latest_file)
  File "/home/mpotts32/.local/lib/python3.6/site-packages/PIL/Image.py", line 3031, in open
    "cannot identify image file %r" % (filename if filename else fp)
PIL.UnidentifiedImageError: cannot identify image file '/home/mpotts32/cams/Horizon/jpg/20240217.tar.gz'
Traceback (most recent call last):
  File "/home/mpotts32/cams/horizonsnap.py", line 219, in <module>
    add_time_stamp()
  File "/home/mpotts32/cams/horizonsnap.py", line 146, in add_time_stamp
    image = Image.open(latest_file)
  File "/home/mpotts32/.local/lib/python3.6/site-packages/PIL/Image.py", line 3031, in open
    "cannot identify image file %r" % (filename if filename else fp)
PIL.UnidentifiedImageError: cannot identify image file '/home/mpotts32/cams/Horizon/jpg/20240217.tar.gz'
Traceback (most recent call last):
  File "/home/mpotts32/cams/horizonsnap.py", line 219, in <module>
    add_time_stamp()
  File "/home/mpotts32/cams/horizonsnap.py", line 146, in add_time_stamp
    image = Image.open(latest_file)
  File "/home/mpotts32/.local/lib/python3.6/site-packages/PIL/Image.py", line 3031, in open
    "cannot identify image file %r" % (filename if filename else fp)
PIL.UnidentifiedImageError: cannot identify image file '/home/mpotts32/cams/Horizon/jpg/20240217.tar.gz'
Traceback (most recent call last):
  File "/home/mpotts32/cams/horizonsnap.py", line 219, in <module>
    add_time_stamp()
  File "/home/mpotts32/cams/horizonsnap.py", line 146, in add_time_stamp
    image = Image.open(latest_file)
  File "/home/mpotts32/.local/lib/python3.6/site-packages/PIL/Image.py", line 3031, in open
    "cannot identify image file %r" % (filename if filename else fp)
PIL.UnidentifiedImageError: cannot identify image file '/home/mpotts32/cams/Horizon/jpg/20240217.tar.gz'
Traceback (most recent call last):
  File "/home/mpotts32/cams/horizonsnap.py", line 219, in <module>
    add_time_stamp()
  File "/home/mpotts32/cams/horizonsnap.py", line 146, in add_time_stamp
    image = Image.open(latest_file)
  File "/home/mpotts32/.local/lib/python3.6/site-packages/PIL/Image.py", line 3031, in open
    "cannot identify image file %r" % (filename if filename else fp)
PIL.UnidentifiedImageError: cannot identify image file '/home/mpotts32/cams/Horizon/jpg/20240217.tar.gz'
Traceback (most recent call last):
  File "/home/mpotts32/cams/horizonsnap.py", line 219, in <module>
    add_time_stamp()
  File "/home/mpotts32/cams/horizonsnap.py", line 146, in add_time_stamp
    image = Image.open(latest_file)
  File "/home/mpotts32/.local/lib/python3.6/site-packages/PIL/Image.py", line 3031, in open
    "cannot identify image file %r" % (filename if filename else fp)
PIL.UnidentifiedImageError: cannot identify image file '/home/mpotts32/cams/Horizon/jpg/20240217.tar.gz'
Traceback (most recent call last):
  File "/home/mpotts32/cams/horizonsnap.py", line 219, in <module>
    add_time_stamp()
  File "/home/mpotts32/cams/horizonsnap.py", line 146, in add_time_stamp
    image = Image.open(latest_file)
  File "/home/mpotts32/.local/lib/python3.6/site-packages/PIL/Image.py", line 3031, in open
    "cannot identify image file %r" % (filename if filename else fp)
PIL.UnidentifiedImageError: cannot identify image file '/home/mpotts32/cams/Horizon/jpg/20240217.tar.gz'
Traceback (most recent call last):
  File "/home/mpotts32/cams/horizonsnap.py", line 219, in <module>
    add_time_stamp()
  File "/home/mpotts32/cams/horizonsnap.py", line 146, in add_time_stamp
    image = Image.open(latest_file)
  File "/home/mpotts32/.local/lib/python3.6/site-packages/PIL/Image.py", line 3031, in open
    "cannot identify image file %r" % (filename if filename else fp)
PIL.UnidentifiedImageError: cannot identify image file '/home/mpotts32/cams/Horizon/jpg/20240217.tar.gz'
Traceback (most recent call last):
  File "/home/mpotts32/cams/horizonsnap.py", line 219, in <module>
    add_time_stamp()
  File "/home/mpotts32/cams/horizonsnap.py", line 146, in add_time_stamp
    image = Image.open(latest_file)
  File "/home/mpotts32/.local/lib/python3.6/site-packages/PIL/Image.py", line 3031, in open
    "cannot identify image file %r" % (filename if filename else fp)
PIL.UnidentifiedImageError: cannot identify image file '/home/mpotts32/cams/Horizon/jpg/20240217.tar.gz'
Traceback (most recent call last):
  File "/home/mpotts32/cams/horizonsnap.py", line 219, in <module>
    add_time_stamp()
  File "/home/mpotts32/cams/horizonsnap.py", line 146, in add_time_stamp
    image = Image.open(latest_file)
  File "/home/mpotts32/.local/lib/python3.6/site-packages/PIL/Image.py", line 3031, in open
    "cannot identify image file %r" % (filename if filename else fp)
PIL.UnidentifiedImageError: cannot identify image file '/home/mpotts32/cams/Horizon/jpg/20240217.tar.gz'
Traceback (most recent call last):
  File "/home/mpotts32/cams/horizonsnap.py", line 219, in <module>
    add_time_stamp()
  File "/home/mpotts32/cams/horizonsnap.py", line 146, in add_time_stamp
    image = Image.open(latest_file)
  File "/home/mpotts32/.local/lib/python3.6/site-packages/PIL/Image.py", line 3031, in open
    "cannot identify image file %r" % (filename if filename else fp)
PIL.UnidentifiedImageError: cannot identify image file '/home/mpotts32/cams/Horizon/jpg/20240217.tar.gz'
Traceback (most recent call last):
  File "/home/mpotts32/cams/horizonsnap.py", line 219, in <module>
    add_time_stamp()
  File "/home/mpotts32/cams/horizonsnap.py", line 146, in add_time_stamp
    image = Image.open(latest_file)
  File "/home/mpotts32/.local/lib/python3.6/site-packages/PIL/Image.py", line 3031, in open
    "cannot identify image file %r" % (filename if filename else fp)
PIL.UnidentifiedImageError: cannot identify image file '/home/mpotts32/cams/Horizon/jpg/20240217.tar.gz'
Traceback (most recent call last):
  File "/home/mpotts32/cams/horizonsnap.py", line 219, in <module>
    add_time_stamp()
  File "/home/mpotts32/cams/horizonsnap.py", line 146, in add_time_stamp
    image = Image.open(latest_file)
  File "/home/mpotts32/.local/lib/python3.6/site-packages/PIL/Image.py", line 3031, in open
    "cannot identify image file %r" % (filename if filename else fp)
PIL.UnidentifiedImageError: cannot identify image file '/home/mpotts32/cams/Horizon/jpg/20240217.tar.gz'
Traceback (most recent call last):
  File "/home/mpotts32/cams/horizonsnap.py", line 219, in <module>
    add_time_stamp()
  File "/home/mpotts32/cams/horizonsnap.py", line 146, in add_time_stamp
    image = Image.open(latest_file)
  File "/home/mpotts32/.local/lib/python3.6/site-packages/PIL/Image.py", line 3031, in open
    "cannot identify image file %r" % (filename if filename else fp)
PIL.UnidentifiedImageError: cannot identify image file '/home/mpotts32/cams/Horizon/jpg/20240217.tar.gz'
Traceback (most recent call last):
  File "/home/mpotts32/cams/horizonsnap.py", line 219, in <module>
    add_time_stamp()
  File "/home/mpotts32/cams/horizonsnap.py", line 146, in add_time_stamp
    image = Image.open(latest_file)
  File "/home/mpotts32/.local/lib/python3.6/site-packages/PIL/Image.py", line 3031, in open
    "cannot identify image file %r" % (filename if filename else fp)
PIL.UnidentifiedImageError: cannot identify image file '/home/mpotts32/cams/Horizon/jpg/20240217.tar.gz'
Traceback (most recent call last):
  File "/home/mpotts32/cams/horizonsnap.py", line 219, in <module>
    add_time_stamp()
  File "/home/mpotts32/cams/horizonsnap.py", line 146, in add_time_stamp
    image = Image.open(latest_file)
  File "/home/mpotts32/.local/lib/python3.6/site-packages/PIL/Image.py", line 3031, in open
    "cannot identify image file %r" % (filename if filename else fp)
PIL.UnidentifiedImageError: cannot identify image file '/home/mpotts32/cams/Horizon/jpg/20240217.tar.gz'
Traceback (most recent call last):
  File "/home/mpotts32/cams/horizonsnap.py", line 219, in <module>
    add_time_stamp()
  File "/home/mpotts32/cams/horizonsnap.py", line 146, in add_time_stamp
    image = Image.open(latest_file)
  File "/home/mpotts32/.local/lib/python3.6/site-packages/PIL/Image.py", line 3031, in open
    "cannot identify image file %r" % (filename if filename else fp)
PIL.UnidentifiedImageError: cannot identify image file '/home/mpotts32/cams/Horizon/jpg/20240217.tar.gz'
Traceback (most recent call last):
  File "/home/mpotts32/cams/horizonsnap.py", line 219, in <module>
    add_time_stamp()
  File "/home/mpotts32/cams/horizonsnap.py", line 146, in add_time_stamp
    image = Image.open(latest_file)
  File "/home/mpotts32/.local/lib/python3.6/site-packages/PIL/Image.py", line 3031, in open
    "cannot identify image file %r" % (filename if filename else fp)
PIL.UnidentifiedImageError: cannot identify image file '/home/mpotts32/cams/Horizon/jpg/20240217.tar.gz'
Traceback (most recent call last):
  File "/home/mpotts32/cams/horizonsnap.py", line 219, in <module>
    add_time_stamp()
  File "/home/mpotts32/cams/horizonsnap.py", line 146, in add_time_stamp
    image = Image.open(latest_file)
  File "/home/mpotts32/.local/lib/python3.6/site-packages/PIL/Image.py", line 3031, in open
    "cannot identify image file %r" % (filename if filename else fp)
PIL.UnidentifiedImageError: cannot identify image file '/home/mpotts32/cams/Horizon/jpg/20240217.tar.gz'
Traceback (most recent call last):
  File "/home/mpotts32/cams/horizonsnap.py", line 219, in <module>
    add_time_stamp()
  File "/home/mpotts32/cams/horizonsnap.py", line 146, in add_time_stamp
    image = Image.open(latest_file)
  File "/home/mpotts32/.local/lib/python3.6/site-packages/PIL/Image.py", line 3031, in open
    "cannot identify image file %r" % (filename if filename else fp)
PIL.UnidentifiedImageError: cannot identify image file '/home/mpotts32/cams/Horizon/jpg/20240217.tar.gz'
Traceback (most recent call last):
  File "/home/mpotts32/cams/horizonsnap.py", line 219, in <module>
    add_time_stamp()
  File "/home/mpotts32/cams/horizonsnap.py", line 146, in add_time_stamp
    image = Image.open(latest_file)
  File "/home/mpotts32/.local/lib/python3.6/site-packages/PIL/Image.py", line 3031, in open
    "cannot identify image file %r" % (filename if filename else fp)
PIL.UnidentifiedImageError: cannot identify image file '/home/mpotts32/cams/Horizon/jpg/20240217.tar.gz'
Traceback (most recent call last):
  File "/home/mpotts32/cams/horizonsnap.py", line 219, in <module>
    add_time_stamp()
  File "/home/mpotts32/cams/horizonsnap.py", line 146, in add_time_stamp
    image = Image.open(latest_file)
  File "/home/mpotts32/.local/lib/python3.6/site-packages/PIL/Image.py", line 3031, in open
    "cannot identify image file %r" % (filename if filename else fp)
PIL.UnidentifiedImageError: cannot identify image file '/home/mpotts32/cams/Horizon/jpg/20240217.tar.gz'
Traceback (most recent call last):
  File "/home/mpotts32/cams/horizonsnap.py", line 219, in <module>
    add_time_stamp()
  File "/home/mpotts32/cams/horizonsnap.py", line 146, in add_time_stamp
    image = Image.open(latest_file)
  File "/home/mpotts32/.local/lib/python3.6/site-packages/PIL/Image.py", line 3031, in open
    "cannot identify image file %r" % (filename if filename else fp)
PIL.UnidentifiedImageError: cannot identify image file '/home/mpotts32/cams/Horizon/jpg/20240217.tar.gz'
Traceback (most recent call last):
  File "/home/mpotts32/cams/horizonsnap.py", line 219, in <module>
    add_time_stamp()
  File "/home/mpotts32/cams/horizonsnap.py", line 146, in add_time_stamp
    image = Image.open(latest_file)
  File "/home/mpotts32/.local/lib/python3.6/site-packages/PIL/Image.py", line 3031, in open
    "cannot identify image file %r" % (filename if filename else fp)
PIL.UnidentifiedImageError: cannot identify image file '/home/mpotts32/cams/Horizon/jpg/20240217.tar.gz'
Traceback (most recent call last):
  File "/home/mpotts32/cams/horizonsnap.py", line 219, in <module>
    add_time_stamp()
  File "/home/mpotts32/cams/horizonsnap.py", line 146, in add_time_stamp
    image = Image.open(latest_file)
  File "/home/mpotts32/.local/lib/python3.6/site-packages/PIL/Image.py", line 3031, in open
    "cannot identify image file %r" % (filename if filename else fp)
PIL.UnidentifiedImageError: cannot identify image file '/home/mpotts32/cams/Horizon/jpg/20240217.tar.gz'
Traceback (most recent call last):
  File "/home/mpotts32/cams/horizonsnap.py", line 219, in <module>
    add_time_stamp()
  File "/home/mpotts32/cams/horizonsnap.py", line 146, in add_time_stamp
    image = Image.open(latest_file)
  File "/home/mpotts32/.local/lib/python3.6/site-packages/PIL/Image.py", line 3031, in open
    "cannot identify image file %r" % (filename if filename else fp)
PIL.UnidentifiedImageError: cannot identify image file '/home/mpotts32/cams/Horizon/jpg/20240217.tar.gz'
Traceback (most recent call last):
  File "/home/mpotts32/cams/horizonsnap.py", line 219, in <module>
    add_time_stamp()
  File "/home/mpotts32/cams/horizonsnap.py", line 146, in add_time_stamp
    image = Image.open(latest_file)
  File "/home/mpotts32/.local/lib/python3.6/site-packages/PIL/Image.py", line 3031, in open
    "cannot identify image file %r" % (filename if filename else fp)
PIL.UnidentifiedImageError: cannot identify image file '/home/mpotts32/cams/Horizon/jpg/20240217.tar.gz'
Traceback (most recent call last):
  File "/home/mpotts32/cams/horizonsnap.py", line 219, in <module>
    add_time_stamp()
  File "/home/mpotts32/cams/horizonsnap.py", line 146, in add_time_stamp
    image = Image.open(latest_file)
  File "/home/mpotts32/.local/lib/python3.6/site-packages/PIL/Image.py", line 3031, in open
    "cannot identify image file %r" % (filename if filename else fp)
PIL.UnidentifiedImageError: cannot identify image file '/home/mpotts32/cams/Horizon/jpg/20240217.tar.gz'
Traceback (most recent call last):
  File "/home/mpotts32/cams/horizonsnap.py", line 219, in <module>
    add_time_stamp()
  File "/home/mpotts32/cams/horizonsnap.py", line 146, in add_time_stamp
    image = Image.open(latest_file)
  File "/home/mpotts32/.local/lib/python3.6/site-packages/PIL/Image.py", line 3031, in open
    "cannot identify image file %r" % (filename if filename else fp)
PIL.UnidentifiedImageError: cannot identify image file '/home/mpotts32/cams/Horizon/jpg/20240217.tar.gz'
Traceback (most recent call last):
  File "/home/mpotts32/cams/horizonsnap.py", line 219, in <module>
    add_time_stamp()
  File "/home/mpotts32/cams/horizonsnap.py", line 146, in add_time_stamp
    image = Image.open(latest_file)
  File "/home/mpotts32/.local/lib/python3.6/site-packages/PIL/Image.py", line 3031, in open
    "cannot identify image file %r" % (filename if filename else fp)
PIL.UnidentifiedImageError: cannot identify image file '/home/mpotts32/cams/Horizon/jpg/20240217.tar.gz'
Traceback (most recent call last):
  File "/home/mpotts32/cams/horizonsnap.py", line 219, in <module>
    add_time_stamp()
  File "/home/mpotts32/cams/horizonsnap.py", line 146, in add_time_stamp
    image = Image.open(latest_file)
  File "/home/mpotts32/.local/lib/python3.6/site-packages/PIL/Image.py", line 3031, in open
    "cannot identify image file %r" % (filename if filename else fp)
PIL.UnidentifiedImageError: cannot identify image file '/home/mpotts32/cams/Horizon/jpg/20240217.tar.gz'
Traceback (most recent call last):
  File "/home/mpotts32/cams/horizonsnap.py", line 219, in <module>
    add_time_stamp()
  File "/home/mpotts32/cams/horizonsnap.py", line 146, in add_time_stamp
    image = Image.open(latest_file)
  File "/home/mpotts32/.local/lib/python3.6/site-packages/PIL/Image.py", line 3031, in open
    "cannot identify image file %r" % (filename if filename else fp)
PIL.UnidentifiedImageError: cannot identify image file '/home/mpotts32/cams/Horizon/jpg/20240217.tar.gz'
Traceback (most recent call last):
  File "/home/mpotts32/cams/horizonsnap.py", line 219, in <module>
    add_time_stamp()
  File "/home/mpotts32/cams/horizonsnap.py", line 146, in add_time_stamp
    image = Image.open(latest_file)
  File "/home/mpotts32/.local/lib/python3.6/site-packages/PIL/Image.py", line 3031, in open
    "cannot identify image file %r" % (filename if filename else fp)
PIL.UnidentifiedImageError: cannot identify image file '/home/mpotts32/cams/Horizon/jpg/20240217.tar.gz'
Traceback (most recent call last):
  File "/home/mpotts32/cams/horizonsnap.py", line 219, in <module>
    add_time_stamp()
  File "/home/mpotts32/cams/horizonsnap.py", line 146, in add_time_stamp
    image = Image.open(latest_file)
  File "/home/mpotts32/.local/lib/python3.6/site-packages/PIL/Image.py", line 3031, in open
    "cannot identify image file %r" % (filename if filename else fp)
PIL.UnidentifiedImageError: cannot identify image file '/home/mpotts32/cams/Horizon/jpg/20240217.tar.gz'
Traceback (most recent call last):
  File "/home/mpotts32/cams/horizonsnap.py", line 219, in <module>
    add_time_stamp()
  File "/home/mpotts32/cams/horizonsnap.py", line 146, in add_time_stamp
    image = Image.open(latest_file)
  File "/home/mpotts32/.local/lib/python3.6/site-packages/PIL/Image.py", line 3031, in open
    "cannot identify image file %r" % (filename if filename else fp)
PIL.UnidentifiedImageError: cannot identify image file '/home/mpotts32/cams/Horizon/jpg/20240217.tar.gz'
Traceback (most recent call last):
  File "/home/mpotts32/cams/horizonsnap.py", line 219, in <module>
    add_time_stamp()
  File "/home/mpotts32/cams/horizonsnap.py", line 146, in add_time_stamp
    image = Image.open(latest_file)
  File "/home/mpotts32/.local/lib/python3.6/site-packages/PIL/Image.py", line 3031, in open
    "cannot identify image file %r" % (filename if filename else fp)
PIL.UnidentifiedImageError: cannot identify image file '/home/mpotts32/cams/Horizon/jpg/20240217.tar.gz'
Traceback (most recent call last):
  File "/home/mpotts32/cams/horizonsnap.py", line 219, in <module>
    add_time_stamp()
  File "/home/mpotts32/cams/horizonsnap.py", line 146, in add_time_stamp
    image = Image.open(latest_file)
  File "/home/mpotts32/.local/lib/python3.6/site-packages/PIL/Image.py", line 3031, in open
    "cannot identify image file %r" % (filename if filename else fp)
PIL.UnidentifiedImageError: cannot identify image file '/home/mpotts32/cams/Horizon/jpg/20240217.tar.gz'
Traceback (most recent call last):
  File "/home/mpotts32/cams/horizonsnap.py", line 219, in <module>
    add_time_stamp()
  File "/home/mpotts32/cams/horizonsnap.py", line 146, in add_time_stamp
    image = Image.open(latest_file)
  File "/home/mpotts32/.local/lib/python3.6/site-packages/PIL/Image.py", line 3031, in open
    "cannot identify image file %r" % (filename if filename else fp)
PIL.UnidentifiedImageError: cannot identify image file '/home/mpotts32/cams/Horizon/jpg/20240217.tar.gz'
Traceback (most recent call last):
  File "/home/mpotts32/cams/horizonsnap.py", line 219, in <module>
    add_time_stamp()
  File "/home/mpotts32/cams/horizonsnap.py", line 146, in add_time_stamp
    image = Image.open(latest_file)
  File "/home/mpotts32/.local/lib/python3.6/site-packages/PIL/Image.py", line 3031, in open
    "cannot identify image file %r" % (filename if filename else fp)
PIL.UnidentifiedImageError: cannot identify image file '/home/mpotts32/cams/Horizon/jpg/20240217.tar.gz'
Traceback (most recent call last):
  File "/home/mpotts32/cams/horizonsnap.py", line 219, in <module>
    add_time_stamp()
  File "/home/mpotts32/cams/horizonsnap.py", line 146, in add_time_stamp
    image = Image.open(latest_file)
  File "/home/mpotts32/.local/lib/python3.6/site-packages/PIL/Image.py", line 3031, in open
    "cannot identify image file %r" % (filename if filename else fp)
PIL.UnidentifiedImageError: cannot identify image file '/home/mpotts32/cams/Horizon/jpg/20240217.tar.gz'
Traceback (most recent call last):
  File "/home/mpotts32/cams/horizonsnap.py", line 219, in <module>
    add_time_stamp()
  File "/home/mpotts32/cams/horizonsnap.py", line 146, in add_time_stamp
    image = Image.open(latest_file)
  File "/home/mpotts32/.local/lib/python3.6/site-packages/PIL/Image.py", line 3031, in open
    "cannot identify image file %r" % (filename if filename else fp)
PIL.UnidentifiedImageError: cannot identify image file '/home/mpotts32/cams/Horizon/jpg/20240217.tar.gz'
Traceback (most recent call last):
  File "/home/mpotts32/cams/horizonsnap.py", line 219, in <module>
    add_time_stamp()
  File "/home/mpotts32/cams/horizonsnap.py", line 146, in add_time_stamp
    image = Image.open(latest_file)
  File "/home/mpotts32/.local/lib/python3.6/site-packages/PIL/Image.py", line 3031, in open
    "cannot identify image file %r" % (filename if filename else fp)
PIL.UnidentifiedImageError: cannot identify image file '/home/mpotts32/cams/Horizon/jpg/20240217.tar.gz'
Traceback (most recent call last):
  File "/home/mpotts32/cams/horizonsnap.py", line 219, in <module>
    add_time_stamp()
  File "/home/mpotts32/cams/horizonsnap.py", line 146, in add_time_stamp
    image = Image.open(latest_file)
  File "/home/mpotts32/.local/lib/python3.6/site-packages/PIL/Image.py", line 3031, in open
    "cannot identify image file %r" % (filename if filename else fp)
PIL.UnidentifiedImageError: cannot identify image file '/home/mpotts32/cams/Horizon/jpg/20240217.tar.gz'
Traceback (most recent call last):
  File "/home/mpotts32/cams/horizonsnap.py", line 219, in <module>
    add_time_stamp()
  File "/home/mpotts32/cams/horizonsnap.py", line 146, in add_time_stamp
    image = Image.open(latest_file)
  File "/home/mpotts32/.local/lib/python3.6/site-packages/PIL/Image.py", line 3031, in open
    "cannot identify image file %r" % (filename if filename else fp)
PIL.UnidentifiedImageError: cannot identify image file '/home/mpotts32/cams/Horizon/jpg/20240217.tar.gz'
Traceback (most recent call last):
  File "/home/mpotts32/cams/horizonsnap.py", line 219, in <module>
    add_time_stamp()
  File "/home/mpotts32/cams/horizonsnap.py", line 146, in add_time_stamp
    image = Image.open(latest_file)
  File "/home/mpotts32/.local/lib/python3.6/site-packages/PIL/Image.py", line 3031, in open
    "cannot identify image file %r" % (filename if filename else fp)
PIL.UnidentifiedImageError: cannot identify image file '/home/mpotts32/cams/Horizon/jpg/20240217.tar.gz'
Traceback (most recent call last):
  File "/home/mpotts32/cams/horizonsnap.py", line 219, in <module>
    add_time_stamp()
  File "/home/mpotts32/cams/horizonsnap.py", line 146, in add_time_stamp
    image = Image.open(latest_file)
  File "/home/mpotts32/.local/lib/python3.6/site-packages/PIL/Image.py", line 3031, in open
    "cannot identify image file %r" % (filename if filename else fp)
PIL.UnidentifiedImageError: cannot identify image file '/home/mpotts32/cams/Horizon/jpg/20240217.tar.gz'
Traceback (most recent call last):
  File "/home/mpotts32/cams/horizonsnap.py", line 219, in <module>
    add_time_stamp()
  File "/home/mpotts32/cams/horizonsnap.py", line 146, in add_time_stamp
    image = Image.open(latest_file)
  File "/home/mpotts32/.local/lib/python3.6/site-packages/PIL/Image.py", line 3031, in open
    "cannot identify image file %r" % (filename if filename else fp)
PIL.UnidentifiedImageError: cannot identify image file '/home/mpotts32/cams/Horizon/jpg/20240217.tar.gz'
Traceback (most recent call last):
  File "/home/mpotts32/cams/horizonsnap.py", line 219, in <module>
    add_time_stamp()
  File "/home/mpotts32/cams/horizonsnap.py", line 146, in add_time_stamp
    image = Image.open(latest_file)
  File "/home/mpotts32/.local/lib/python3.6/site-packages/PIL/Image.py", line 3031, in open
    "cannot identify image file %r" % (filename if filename else fp)
PIL.UnidentifiedImageError: cannot identify image file '/home/mpotts32/cams/Horizon/jpg/20240217.tar.gz'
Traceback (most recent call last):
  File "/home/mpotts32/cams/horizonsnap.py", line 219, in <module>
    add_time_stamp()
  File "/home/mpotts32/cams/horizonsnap.py", line 146, in add_time_stamp
    image = Image.open(latest_file)
  File "/home/mpotts32/.local/lib/python3.6/site-packages/PIL/Image.py", line 3031, in open
    "cannot identify image file %r" % (filename if filename else fp)
PIL.UnidentifiedImageError: cannot identify image file '/home/mpotts32/cams/Horizon/jpg/20240217.tar.gz'
Traceback (most recent call last):
  File "/home/mpotts32/cams/horizonsnap.py", line 219, in <module>
    add_time_stamp()
  File "/home/mpotts32/cams/horizonsnap.py", line 146, in add_time_stamp
    image = Image.open(latest_file)
  File "/home/mpotts32/.local/lib/python3.6/site-packages/PIL/Image.py", line 3031, in open
    "cannot identify image file %r" % (filename if filename else fp)
PIL.UnidentifiedImageError: cannot identify image file '/home/mpotts32/cams/Horizon/jpg/20240217.tar.gz'
Traceback (most recent call last):
  File "/home/mpotts32/cams/horizonsnap.py", line 219, in <module>
    add_time_stamp()
  File "/home/mpotts32/cams/horizonsnap.py", line 146, in add_time_stamp
    image = Image.open(latest_file)
  File "/home/mpotts32/.local/lib/python3.6/site-packages/PIL/Image.py", line 3031, in open
    "cannot identify image file %r" % (filename if filename else fp)
PIL.UnidentifiedImageError: cannot identify image file '/home/mpotts32/cams/Horizon/jpg/20240217.tar.gz'
Traceback (most recent call last):
  File "/home/mpotts32/cams/horizonsnap.py", line 219, in <module>
    add_time_stamp()
  File "/home/mpotts32/cams/horizonsnap.py", line 146, in add_time_stamp
    image = Image.open(latest_file)
  File "/home/mpotts32/.local/lib/python3.6/site-packages/PIL/Image.py", line 3031, in open
    "cannot identify image file %r" % (filename if filename else fp)
PIL.UnidentifiedImageError: cannot identify image file '/home/mpotts32/cams/Horizon/jpg/20240217.tar.gz'
Traceback (most recent call last):
  File "/home/mpotts32/cams/horizonsnap.py", line 219, in <module>
    add_time_stamp()
  File "/home/mpotts32/cams/horizonsnap.py", line 146, in add_time_stamp
    image = Image.open(latest_file)
  File "/home/mpotts32/.local/lib/python3.6/site-packages/PIL/Image.py", line 3031, in open
    "cannot identify image file %r" % (filename if filename else fp)
PIL.UnidentifiedImageError: cannot identify image file '/home/mpotts32/cams/Horizon/jpg/20240217.tar.gz'
Traceback (most recent call last):
  File "/home/mpotts32/cams/horizonsnap.py", line 219, in <module>
    add_time_stamp()
  File "/home/mpotts32/cams/horizonsnap.py", line 146, in add_time_stamp
    image = Image.open(latest_file)
  File "/home/mpotts32/.local/lib/python3.6/site-packages/PIL/Image.py", line 3031, in open
    "cannot identify image file %r" % (filename if filename else fp)
PIL.UnidentifiedImageError: cannot identify image file '/home/mpotts32/cams/Horizon/jpg/20240217.tar.gz'
Traceback (most recent call last):
  File "/home/mpotts32/cams/horizonsnap.py", line 219, in <module>
    add_time_stamp()
  File "/home/mpotts32/cams/horizonsnap.py", line 146, in add_time_stamp
    image = Image.open(latest_file)
  File "/home/mpotts32/.local/lib/python3.6/site-packages/PIL/Image.py", line 3031, in open
    "cannot identify image file %r" % (filename if filename else fp)
PIL.UnidentifiedImageError: cannot identify image file '/home/mpotts32/cams/Horizon/jpg/20240217.tar.gz'
Traceback (most recent call last):
  File "/home/mpotts32/cams/horizonsnap.py", line 219, in <module>
    add_time_stamp()
  File "/home/mpotts32/cams/horizonsnap.py", line 146, in add_time_stamp
    image = Image.open(latest_file)
  File "/home/mpotts32/.local/lib/python3.6/site-packages/PIL/Image.py", line 3031, in open
    "cannot identify image file %r" % (filename if filename else fp)
PIL.UnidentifiedImageError: cannot identify image file '/home/mpotts32/cams/Horizon/jpg/20240217.tar.gz'
Traceback (most recent call last):
  File "/home/mpotts32/cams/horizonsnap.py", line 219, in <module>
    add_time_stamp()
  File "/home/mpotts32/cams/horizonsnap.py", line 146, in add_time_stamp
    image = Image.open(latest_file)
  File "/home/mpotts32/.local/lib/python3.6/site-packages/PIL/Image.py", line 3031, in open
    "cannot identify image file %r" % (filename if filename else fp)
PIL.UnidentifiedImageError: cannot identify image file '/home/mpotts32/cams/Horizon/jpg/20240217.tar.gz'
Traceback (most recent call last):
  File "/home/mpotts32/cams/horizonsnap.py", line 219, in <module>
    add_time_stamp()
  File "/home/mpotts32/cams/horizonsnap.py", line 146, in add_time_stamp
    image = Image.open(latest_file)
  File "/home/mpotts32/.local/lib/python3.6/site-packages/PIL/Image.py", line 3031, in open
    "cannot identify image file %r" % (filename if filename else fp)
PIL.UnidentifiedImageError: cannot identify image file '/home/mpotts32/cams/Horizon/jpg/20240217.tar.gz'
Traceback (most recent call last):
  File "/home/mpotts32/cams/horizonsnap.py", line 219, in <module>
    add_time_stamp()
  File "/home/mpotts32/cams/horizonsnap.py", line 146, in add_time_stamp
    image = Image.open(latest_file)
  File "/home/mpotts32/.local/lib/python3.6/site-packages/PIL/Image.py", line 3031, in open
    "cannot identify image file %r" % (filename if filename else fp)
PIL.UnidentifiedImageError: cannot identify image file '/home/mpotts32/cams/Horizon/jpg/20240217.tar.gz'
Traceback (most recent call last):
  File "/home/mpotts32/cams/horizonsnap.py", line 219, in <module>
    add_time_stamp()
  File "/home/mpotts32/cams/horizonsnap.py", line 146, in add_time_stamp
    image = Image.open(latest_file)
  File "/home/mpotts32/.local/lib/python3.6/site-packages/PIL/Image.py", line 3031, in open
    "cannot identify image file %r" % (filename if filename else fp)
PIL.UnidentifiedImageError: cannot identify image file '/home/mpotts32/cams/Horizon/jpg/20240217.tar.gz'
Traceback (most recent call last):
  File "/home/mpotts32/cams/horizonsnap.py", line 219, in <module>
    add_time_stamp()
  File "/home/mpotts32/cams/horizonsnap.py", line 146, in add_time_stamp
    image = Image.open(latest_file)
  File "/home/mpotts32/.local/lib/python3.6/site-packages/PIL/Image.py", line 3031, in open
    "cannot identify image file %r" % (filename if filename else fp)
PIL.UnidentifiedImageError: cannot identify image file '/home/mpotts32/cams/Horizon/jpg/20240217.tar.gz'
Traceback (most recent call last):
  File "/home/mpotts32/cams/horizonsnap.py", line 219, in <module>
    add_time_stamp()
  File "/home/mpotts32/cams/horizonsnap.py", line 146, in add_time_stamp
    image = Image.open(latest_file)
  File "/home/mpotts32/.local/lib/python3.6/site-packages/PIL/Image.py", line 3031, in open
    "cannot identify image file %r" % (filename if filename else fp)
PIL.UnidentifiedImageError: cannot identify image file '/home/mpotts32/cams/Horizon/jpg/20240217.tar.gz'
Traceback (most recent call last):
  File "/home/mpotts32/cams/horizonsnap.py", line 219, in <module>
    add_time_stamp()
  File "/home/mpotts32/cams/horizonsnap.py", line 146, in add_time_stamp
    image = Image.open(latest_file)
  File "/home/mpotts32/.local/lib/python3.6/site-packages/PIL/Image.py", line 3031, in open
    "cannot identify image file %r" % (filename if filename else fp)
PIL.UnidentifiedImageError: cannot identify image file '/home/mpotts32/cams/Horizon/jpg/20240217.tar.gz'
Traceback (most recent call last):
  File "/home/mpotts32/cams/horizonsnap.py", line 219, in <module>
    add_time_stamp()
  File "/home/mpotts32/cams/horizonsnap.py", line 146, in add_time_stamp
    image = Image.open(latest_file)
  File "/home/mpotts32/.local/lib/python3.6/site-packages/PIL/Image.py", line 3031, in open
    "cannot identify image file %r" % (filename if filename else fp)
PIL.UnidentifiedImageError: cannot identify image file '/home/mpotts32/cams/Horizon/jpg/20240217.tar.gz'
Traceback (most recent call last):
  File "/home/mpotts32/cams/horizonsnap.py", line 219, in <module>
    add_time_stamp()
  File "/home/mpotts32/cams/horizonsnap.py", line 146, in add_time_stamp
    image = Image.open(latest_file)
  File "/home/mpotts32/.local/lib/python3.6/site-packages/PIL/Image.py", line 3031, in open
    "cannot identify image file %r" % (filename if filename else fp)
PIL.UnidentifiedImageError: cannot identify image file '/home/mpotts32/cams/Horizon/jpg/20240217.tar.gz'
Traceback (most recent call last):
  File "/home/mpotts32/cams/horizonsnap.py", line 219, in <module>
    add_time_stamp()
  File "/home/mpotts32/cams/horizonsnap.py", line 146, in add_time_stamp
    image = Image.open(latest_file)
  File "/home/mpotts32/.local/lib/python3.6/site-packages/PIL/Image.py", line 3031, in open
    "cannot identify image file %r" % (filename if filename else fp)
PIL.UnidentifiedImageError: cannot identify image file '/home/mpotts32/cams/Horizon/jpg/20240217.tar.gz'
Traceback (most recent call last):
  File "/home/mpotts32/cams/horizonsnap.py", line 219, in <module>
    add_time_stamp()
  File "/home/mpotts32/cams/horizonsnap.py", line 146, in add_time_stamp
    image = Image.open(latest_file)
  File "/home/mpotts32/.local/lib/python3.6/site-packages/PIL/Image.py", line 3031, in open
    "cannot identify image file %r" % (filename if filename else fp)
PIL.UnidentifiedImageError: cannot identify image file '/home/mpotts32/cams/Horizon/jpg/20240217.tar.gz'
Traceback (most recent call last):
  File "/home/mpotts32/cams/horizonsnap.py", line 219, in <module>
    add_time_stamp()
  File "/home/mpotts32/cams/horizonsnap.py", line 146, in add_time_stamp
    image = Image.open(latest_file)
  File "/home/mpotts32/.local/lib/python3.6/site-packages/PIL/Image.py", line 3031, in open
    "cannot identify image file %r" % (filename if filename else fp)
PIL.UnidentifiedImageError: cannot identify image file '/home/mpotts32/cams/Horizon/jpg/20240217.tar.gz'
Traceback (most recent call last):
  File "/home/mpotts32/cams/horizonsnap.py", line 219, in <module>
    add_time_stamp()
  File "/home/mpotts32/cams/horizonsnap.py", line 146, in add_time_stamp
    image = Image.open(latest_file)
  File "/home/mpotts32/.local/lib/python3.6/site-packages/PIL/Image.py", line 3031, in open
    "cannot identify image file %r" % (filename if filename else fp)
PIL.UnidentifiedImageError: cannot identify image file '/home/mpotts32/cams/Horizon/jpg/20240217.tar.gz'
Traceback (most recent call last):
  File "/home/mpotts32/cams/horizonsnap.py", line 219, in <module>
    add_time_stamp()
  File "/home/mpotts32/cams/horizonsnap.py", line 146, in add_time_stamp
    image = Image.open(latest_file)
  File "/home/mpotts32/.local/lib/python3.6/site-packages/PIL/Image.py", line 3031, in open
    "cannot identify image file %r" % (filename if filename else fp)
PIL.UnidentifiedImageError: cannot identify image file '/home/mpotts32/cams/Horizon/jpg/20240217.tar.gz'
Traceback (most recent call last):
  File "/home/mpotts32/cams/horizonsnap.py", line 219, in <module>
    add_time_stamp()
  File "/home/mpotts32/cams/horizonsnap.py", line 146, in add_time_stamp
    image = Image.open(latest_file)
  File "/home/mpotts32/.local/lib/python3.6/site-packages/PIL/Image.py", line 3031, in open
    "cannot identify image file %r" % (filename if filename else fp)
PIL.UnidentifiedImageError: cannot identify image file '/home/mpotts32/cams/Horizon/jpg/20240217.tar.gz'
Traceback (most recent call last):
  File "/home/mpotts32/cams/horizonsnap.py", line 219, in <module>
    add_time_stamp()
  File "/home/mpotts32/cams/horizonsnap.py", line 146, in add_time_stamp
    image = Image.open(latest_file)
  File "/home/mpotts32/.local/lib/python3.6/site-packages/PIL/Image.py", line 3031, in open
    "cannot identify image file %r" % (filename if filename else fp)
PIL.UnidentifiedImageError: cannot identify image file '/home/mpotts32/cams/Horizon/jpg/20240217.tar.gz'
Traceback (most recent call last):
  File "/home/mpotts32/cams/horizonsnap.py", line 219, in <module>
    add_time_stamp()
  File "/home/mpotts32/cams/horizonsnap.py", line 146, in add_time_stamp
    image = Image.open(latest_file)
  File "/home/mpotts32/.local/lib/python3.6/site-packages/PIL/Image.py", line 3031, in open
    "cannot identify image file %r" % (filename if filename else fp)
PIL.UnidentifiedImageError: cannot identify image file '/home/mpotts32/cams/Horizon/jpg/20240217.tar.gz'
Traceback (most recent call last):
  File "/home/mpotts32/cams/horizonsnap.py", line 219, in <module>
    add_time_stamp()
  File "/home/mpotts32/cams/horizonsnap.py", line 146, in add_time_stamp
    image = Image.open(latest_file)
  File "/home/mpotts32/.local/lib/python3.6/site-packages/PIL/Image.py", line 3031, in open
    "cannot identify image file %r" % (filename if filename else fp)
PIL.UnidentifiedImageError: cannot identify image file '/home/mpotts32/cams/Horizon/jpg/20240217.tar.gz'
Traceback (most recent call last):
  File "/home/mpotts32/cams/horizonsnap.py", line 219, in <module>
    add_time_stamp()
  File "/home/mpotts32/cams/horizonsnap.py", line 146, in add_time_stamp
    image = Image.open(latest_file)
  File "/home/mpotts32/.local/lib/python3.6/site-packages/PIL/Image.py", line 3031, in open
    "cannot identify image file %r" % (filename if filename else fp)
PIL.UnidentifiedImageError: cannot identify image file '/home/mpotts32/cams/Horizon/jpg/20240217.tar.gz'
Traceback (most recent call last):
  File "/home/mpotts32/cams/horizonsnap.py", line 219, in <module>
    add_time_stamp()
  File "/home/mpotts32/cams/horizonsnap.py", line 146, in add_time_stamp
    image = Image.open(latest_file)
  File "/home/mpotts32/.local/lib/python3.6/site-packages/PIL/Image.py", line 3031, in open
    "cannot identify image file %r" % (filename if filename else fp)
PIL.UnidentifiedImageError: cannot identify image file '/home/mpotts32/cams/Horizon/jpg/20240217.tar.gz'
Traceback (most recent call last):
  File "/home/mpotts32/cams/horizonsnap.py", line 219, in <module>
    add_time_stamp()
  File "/home/mpotts32/cams/horizonsnap.py", line 146, in add_time_stamp
    image = Image.open(latest_file)
  File "/home/mpotts32/.local/lib/python3.6/site-packages/PIL/Image.py", line 3031, in open
    "cannot identify image file %r" % (filename if filename else fp)
PIL.UnidentifiedImageError: cannot identify image file '/home/mpotts32/cams/Horizon/jpg/20240217.tar.gz'
Traceback (most recent call last):
  File "/home/mpotts32/cams/horizonsnap.py", line 219, in <module>
    add_time_stamp()
  File "/home/mpotts32/cams/horizonsnap.py", line 146, in add_time_stamp
    image = Image.open(latest_file)
  File "/home/mpotts32/.local/lib/python3.6/site-packages/PIL/Image.py", line 3031, in open
    "cannot identify image file %r" % (filename if filename else fp)
PIL.UnidentifiedImageError: cannot identify image file '/home/mpotts32/cams/Horizon/jpg/20240217.tar.gz'
Traceback (most recent call last):
  File "/home/mpotts32/cams/horizonsnap.py", line 219, in <module>
    add_time_stamp()
  File "/home/mpotts32/cams/horizonsnap.py", line 146, in add_time_stamp
    image = Image.open(latest_file)
  File "/home/mpotts32/.local/lib/python3.6/site-packages/PIL/Image.py", line 3031, in open
    "cannot identify image file %r" % (filename if filename else fp)
PIL.UnidentifiedImageError: cannot identify image file '/home/mpotts32/cams/Horizon/jpg/20240217.tar.gz'
Traceback (most recent call last):
  File "/home/mpotts32/cams/horizonsnap.py", line 219, in <module>
    add_time_stamp()
  File "/home/mpotts32/cams/horizonsnap.py", line 146, in add_time_stamp
    image = Image.open(latest_file)
  File "/home/mpotts32/.local/lib/python3.6/site-packages/PIL/Image.py", line 3031, in open
    "cannot identify image file %r" % (filename if filename else fp)
PIL.UnidentifiedImageError: cannot identify image file '/home/mpotts32/cams/Horizon/jpg/20240217.tar.gz'
Traceback (most recent call last):
  File "/home/mpotts32/cams/horizonsnap.py", line 219, in <module>
    add_time_stamp()
  File "/home/mpotts32/cams/horizonsnap.py", line 146, in add_time_stamp
    image = Image.open(latest_file)
  File "/home/mpotts32/.local/lib/python3.6/site-packages/PIL/Image.py", line 3031, in open
    "cannot identify image file %r" % (filename if filename else fp)
PIL.UnidentifiedImageError: cannot identify image file '/home/mpotts32/cams/Horizon/jpg/20240217.tar.gz'
Traceback (most recent call last):
  File "/home/mpotts32/cams/horizonsnap.py", line 219, in <module>
    add_time_stamp()
  File "/home/mpotts32/cams/horizonsnap.py", line 146, in add_time_stamp
    image = Image.open(latest_file)
  File "/home/mpotts32/.local/lib/python3.6/site-packages/PIL/Image.py", line 3031, in open
    "cannot identify image file %r" % (filename if filename else fp)
PIL.UnidentifiedImageError: cannot identify image file '/home/mpotts32/cams/Horizon/jpg/20240217.tar.gz'
Traceback (most recent call last):
  File "/home/mpotts32/cams/horizonsnap.py", line 219, in <module>
    add_time_stamp()
  File "/home/mpotts32/cams/horizonsnap.py", line 146, in add_time_stamp
    image = Image.open(latest_file)
  File "/home/mpotts32/.local/lib/python3.6/site-packages/PIL/Image.py", line 3031, in open
    "cannot identify image file %r" % (filename if filename else fp)
PIL.UnidentifiedImageError: cannot identify image file '/home/mpotts32/cams/Horizon/jpg/20240217.tar.gz'
Traceback (most recent call last):
  File "/home/mpotts32/cams/horizonsnap.py", line 219, in <module>
    add_time_stamp()
  File "/home/mpotts32/cams/horizonsnap.py", line 146, in add_time_stamp
    image = Image.open(latest_file)
  File "/home/mpotts32/.local/lib/python3.6/site-packages/PIL/Image.py", line 3031, in open
    "cannot identify image file %r" % (filename if filename else fp)
PIL.UnidentifiedImageError: cannot identify image file '/home/mpotts32/cams/Horizon/jpg/20240217.tar.gz'
Traceback (most recent call last):
  File "/home/mpotts32/cams/horizonsnap.py", line 219, in <module>
    add_time_stamp()
  File "/home/mpotts32/cams/horizonsnap.py", line 146, in add_time_stamp
    image = Image.open(latest_file)
  File "/home/mpotts32/.local/lib/python3.6/site-packages/PIL/Image.py", line 3031, in open
    "cannot identify image file %r" % (filename if filename else fp)
PIL.UnidentifiedImageError: cannot identify image file '/home/mpotts32/cams/Horizon/jpg/20240217.tar.gz'
Traceback (most recent call last):
  File "/home/mpotts32/cams/horizonsnap.py", line 219, in <module>
    add_time_stamp()
  File "/home/mpotts32/cams/horizonsnap.py", line 146, in add_time_stamp
    image = Image.open(latest_file)
  File "/home/mpotts32/.local/lib/python3.6/site-packages/PIL/Image.py", line 3031, in open
    "cannot identify image file %r" % (filename if filename else fp)
PIL.UnidentifiedImageError: cannot identify image file '/home/mpotts32/cams/Horizon/jpg/20240217.tar.gz'
Traceback (most recent call last):
  File "/home/mpotts32/cams/horizonsnap.py", line 219, in <module>
    add_time_stamp()
  File "/home/mpotts32/cams/horizonsnap.py", line 146, in add_time_stamp
    image = Image.open(latest_file)
  File "/home/mpotts32/.local/lib/python3.6/site-packages/PIL/Image.py", line 3031, in open
    "cannot identify image file %r" % (filename if filename else fp)
PIL.UnidentifiedImageError: cannot identify image file '/home/mpotts32/cams/Horizon/jpg/20240217.tar.gz'
Traceback (most recent call last):
  File "/home/mpotts32/cams/horizonsnap.py", line 219, in <module>
    add_time_stamp()
  File "/home/mpotts32/cams/horizonsnap.py", line 146, in add_time_stamp
    image = Image.open(latest_file)
  File "/home/mpotts32/.local/lib/python3.6/site-packages/PIL/Image.py", line 3031, in open
    "cannot identify image file %r" % (filename if filename else fp)
PIL.UnidentifiedImageError: cannot identify image file '/home/mpotts32/cams/Horizon/jpg/20240217.tar.gz'
Traceback (most recent call last):
  File "/home/mpotts32/cams/horizonsnap.py", line 219, in <module>
    add_time_stamp()
  File "/home/mpotts32/cams/horizonsnap.py", line 146, in add_time_stamp
    image = Image.open(latest_file)
  File "/home/mpotts32/.local/lib/python3.6/site-packages/PIL/Image.py", line 3031, in open
    "cannot identify image file %r" % (filename if filename else fp)
PIL.UnidentifiedImageError: cannot identify image file '/home/mpotts32/cams/Horizon/jpg/20240217.tar.gz'
Traceback (most recent call last):
  File "/home/mpotts32/cams/horizonsnap.py", line 219, in <module>
    add_time_stamp()
  File "/home/mpotts32/cams/horizonsnap.py", line 146, in add_time_stamp
    image = Image.open(latest_file)
  File "/home/mpotts32/.local/lib/python3.6/site-packages/PIL/Image.py", line 3031, in open
    "cannot identify image file %r" % (filename if filename else fp)
PIL.UnidentifiedImageError: cannot identify image file '/home/mpotts32/cams/Horizon/jpg/20240217.tar.gz'
Traceback (most recent call last):
  File "/home/mpotts32/cams/horizonsnap.py", line 219, in <module>
    add_time_stamp()
  File "/home/mpotts32/cams/horizonsnap.py", line 146, in add_time_stamp
    image = Image.open(latest_file)
  File "/home/mpotts32/.local/lib/python3.6/site-packages/PIL/Image.py", line 3031, in open
    "cannot identify image file %r" % (filename if filename else fp)
PIL.UnidentifiedImageError: cannot identify image file '/home/mpotts32/cams/Horizon/jpg/20240217.tar.gz'
Traceback (most recent call last):
  File "/home/mpotts32/cams/horizonsnap.py", line 219, in <module>
    add_time_stamp()
  File "/home/mpotts32/cams/horizonsnap.py", line 146, in add_time_stamp
    image = Image.open(latest_file)
  File "/home/mpotts32/.local/lib/python3.6/site-packages/PIL/Image.py", line 3031, in open
    "cannot identify image file %r" % (filename if filename else fp)
PIL.UnidentifiedImageError: cannot identify image file '/home/mpotts32/cams/Horizon/jpg/20240217.tar.gz'
Traceback (most recent call last):
  File "/home/mpotts32/cams/horizonsnap.py", line 219, in <module>
    add_time_stamp()
  File "/home/mpotts32/cams/horizonsnap.py", line 146, in add_time_stamp
    image = Image.open(latest_file)
  File "/home/mpotts32/.local/lib/python3.6/site-packages/PIL/Image.py", line 3031, in open
    "cannot identify image file %r" % (filename if filename else fp)
PIL.UnidentifiedImageError: cannot identify image file '/home/mpotts32/cams/Horizon/jpg/20240217.tar.gz'
Traceback (most recent call last):
  File "/home/mpotts32/cams/horizonsnap.py", line 219, in <module>
    add_time_stamp()
  File "/home/mpotts32/cams/horizonsnap.py", line 146, in add_time_stamp
    image = Image.open(latest_file)
  File "/home/mpotts32/.local/lib/python3.6/site-packages/PIL/Image.py", line 3031, in open
    "cannot identify image file %r" % (filename if filename else fp)
PIL.UnidentifiedImageError: cannot identify image file '/home/mpotts32/cams/Horizon/jpg/20240217.tar.gz'
Traceback (most recent call last):
  File "/home/mpotts32/cams/horizonsnap.py", line 219, in <module>
    add_time_stamp()
  File "/home/mpotts32/cams/horizonsnap.py", line 146, in add_time_stamp
    image = Image.open(latest_file)
  File "/home/mpotts32/.local/lib/python3.6/site-packages/PIL/Image.py", line 3031, in open
    "cannot identify image file %r" % (filename if filename else fp)
PIL.UnidentifiedImageError: cannot identify image file '/home/mpotts32/cams/Horizon/jpg/20240217.tar.gz'
Traceback (most recent call last):
  File "/home/mpotts32/cams/horizonsnap.py", line 219, in <module>
    add_time_stamp()
  File "/home/mpotts32/cams/horizonsnap.py", line 146, in add_time_stamp
    image = Image.open(latest_file)
  File "/home/mpotts32/.local/lib/python3.6/site-packages/PIL/Image.py", line 3031, in open
    "cannot identify image file %r" % (filename if filename else fp)
PIL.UnidentifiedImageError: cannot identify image file '/home/mpotts32/cams/Horizon/jpg/20240217.tar.gz'
Traceback (most recent call last):
  File "/home/mpotts32/cams/horizonsnap.py", line 219, in <module>
    add_time_stamp()
  File "/home/mpotts32/cams/horizonsnap.py", line 146, in add_time_stamp
    image = Image.open(latest_file)
  File "/home/mpotts32/.local/lib/python3.6/site-packages/PIL/Image.py", line 3031, in open
    "cannot identify image file %r" % (filename if filename else fp)
PIL.UnidentifiedImageError: cannot identify image file '/home/mpotts32/cams/Horizon/jpg/20240217.tar.gz'
Traceback (most recent call last):
  File "/home/mpotts32/cams/horizonsnap.py", line 219, in <module>
    add_time_stamp()
  File "/home/mpotts32/cams/horizonsnap.py", line 146, in add_time_stamp
    image = Image.open(latest_file)
  File "/home/mpotts32/.local/lib/python3.6/site-packages/PIL/Image.py", line 3031, in open
    "cannot identify image file %r" % (filename if filename else fp)
PIL.UnidentifiedImageError: cannot identify image file '/home/mpotts32/cams/Horizon/jpg/20240217.tar.gz'
Traceback (most recent call last):
  File "/home/mpotts32/cams/horizonsnap.py", line 219, in <module>
    add_time_stamp()
  File "/home/mpotts32/cams/horizonsnap.py", line 146, in add_time_stamp
    image = Image.open(latest_file)
  File "/home/mpotts32/.local/lib/python3.6/site-packages/PIL/Image.py", line 3031, in open
    "cannot identify image file %r" % (filename if filename else fp)
PIL.UnidentifiedImageError: cannot identify image file '/home/mpotts32/cams/Horizon/jpg/20240217.tar.gz'
Traceback (most recent call last):
  File "/home/mpotts32/cams/horizonsnap.py", line 219, in <module>
    add_time_stamp()
  File "/home/mpotts32/cams/horizonsnap.py", line 146, in add_time_stamp
    image = Image.open(latest_file)
  File "/home/mpotts32/.local/lib/python3.6/site-packages/PIL/Image.py", line 3031, in open
    "cannot identify image file %r" % (filename if filename else fp)
PIL.UnidentifiedImageError: cannot identify image file '/home/mpotts32/cams/Horizon/jpg/20240217.tar.gz'
Traceback (most recent call last):
  File "/home/mpotts32/cams/horizonsnap.py", line 219, in <module>
    add_time_stamp()
  File "/home/mpotts32/cams/horizonsnap.py", line 146, in add_time_stamp
    image = Image.open(latest_file)
  File "/home/mpotts32/.local/lib/python3.6/site-packages/PIL/Image.py", line 3031, in open
    "cannot identify image file %r" % (filename if filename else fp)
PIL.UnidentifiedImageError: cannot identify image file '/home/mpotts32/cams/Horizon/jpg/20240217.tar.gz'
Traceback (most recent call last):
  File "/home/mpotts32/cams/horizonsnap.py", line 219, in <module>
    add_time_stamp()
  File "/home/mpotts32/cams/horizonsnap.py", line 146, in add_time_stamp
    image = Image.open(latest_file)
  File "/home/mpotts32/.local/lib/python3.6/site-packages/PIL/Image.py", line 3031, in open
    "cannot identify image file %r" % (filename if filename else fp)
PIL.UnidentifiedImageError: cannot identify image file '/home/mpotts32/cams/Horizon/jpg/20240217.tar.gz'
Traceback (most recent call last):
  File "/home/mpotts32/cams/horizonsnap.py", line 219, in <module>
    add_time_stamp()
  File "/home/mpotts32/cams/horizonsnap.py", line 146, in add_time_stamp
    image = Image.open(latest_file)
  File "/home/mpotts32/.local/lib/python3.6/site-packages/PIL/Image.py", line 3031, in open
    "cannot identify image file %r" % (filename if filename else fp)
PIL.UnidentifiedImageError: cannot identify image file '/home/mpotts32/cams/Horizon/jpg/20240217.tar.gz'
Traceback (most recent call last):
  File "/home/mpotts32/cams/horizonsnap.py", line 219, in <module>
    add_time_stamp()
  File "/home/mpotts32/cams/horizonsnap.py", line 146, in add_time_stamp
    image = Image.open(latest_file)
  File "/home/mpotts32/.local/lib/python3.6/site-packages/PIL/Image.py", line 3031, in open
    "cannot identify image file %r" % (filename if filename else fp)
PIL.UnidentifiedImageError: cannot identify image file '/home/mpotts32/cams/Horizon/jpg/20240217.tar.gz'
Traceback (most recent call last):
  File "/home/mpotts32/cams/horizonsnap.py", line 219, in <module>
    add_time_stamp()
  File "/home/mpotts32/cams/horizonsnap.py", line 146, in add_time_stamp
    image = Image.open(latest_file)
  File "/home/mpotts32/.local/lib/python3.6/site-packages/PIL/Image.py", line 3031, in open
    "cannot identify image file %r" % (filename if filename else fp)
PIL.UnidentifiedImageError: cannot identify image file '/home/mpotts32/cams/Horizon/jpg/20240217.tar.gz'
Traceback (most recent call last):
  File "/home/mpotts32/cams/horizonsnap.py", line 219, in <module>
    add_time_stamp()
  File "/home/mpotts32/cams/horizonsnap.py", line 146, in add_time_stamp
    image = Image.open(latest_file)
  File "/home/mpotts32/.local/lib/python3.6/site-packages/PIL/Image.py", line 3031, in open
    "cannot identify image file %r" % (filename if filename else fp)
PIL.UnidentifiedImageError: cannot identify image file '/home/mpotts32/cams/Horizon/jpg/20240217.tar.gz'
Traceback (most recent call last):
  File "/home/mpotts32/cams/horizonsnap.py", line 219, in <module>
    add_time_stamp()
  File "/home/mpotts32/cams/horizonsnap.py", line 146, in add_time_stamp
    image = Image.open(latest_file)
  File "/home/mpotts32/.local/lib/python3.6/site-packages/PIL/Image.py", line 3031, in open
    "cannot identify image file %r" % (filename if filename else fp)
PIL.UnidentifiedImageError: cannot identify image file '/home/mpotts32/cams/Horizon/jpg/20240217.tar.gz'
Traceback (most recent call last):
  File "/home/mpotts32/cams/horizonsnap.py", line 219, in <module>
    add_time_stamp()
  File "/home/mpotts32/cams/horizonsnap.py", line 146, in add_time_stamp
    image = Image.open(latest_file)
  File "/home/mpotts32/.local/lib/python3.6/site-packages/PIL/Image.py", line 3031, in open
    "cannot identify image file %r" % (filename if filename else fp)
PIL.UnidentifiedImageError: cannot identify image file '/home/mpotts32/cams/Horizon/jpg/20240217.tar.gz'
Traceback (most recent call last):
  File "/home/mpotts32/cams/horizonsnap.py", line 219, in <module>
    add_time_stamp()
  File "/home/mpotts32/cams/horizonsnap.py", line 146, in add_time_stamp
    image = Image.open(latest_file)
  File "/home/mpotts32/.local/lib/python3.6/site-packages/PIL/Image.py", line 3031, in open
    "cannot identify image file %r" % (filename if filename else fp)
PIL.UnidentifiedImageError: cannot identify image file '/home/mpotts32/cams/Horizon/jpg/20240217.tar.gz'
Traceback (most recent call last):
  File "/home/mpotts32/cams/horizonsnap.py", line 219, in <module>
    add_time_stamp()
  File "/home/mpotts32/cams/horizonsnap.py", line 146, in add_time_stamp
    image = Image.open(latest_file)
  File "/home/mpotts32/.local/lib/python3.6/site-packages/PIL/Image.py", line 3031, in open
    "cannot identify image file %r" % (filename if filename else fp)
PIL.UnidentifiedImageError: cannot identify image file '/home/mpotts32/cams/Horizon/jpg/20240217.tar.gz'
Traceback (most recent call last):
  File "/home/mpotts32/cams/horizonsnap.py", line 219, in <module>
    add_time_stamp()
  File "/home/mpotts32/cams/horizonsnap.py", line 146, in add_time_stamp
    image = Image.open(latest_file)
  File "/home/mpotts32/.local/lib/python3.6/site-packages/PIL/Image.py", line 3031, in open
    "cannot identify image file %r" % (filename if filename else fp)
PIL.UnidentifiedImageError: cannot identify image file '/home/mpotts32/cams/Horizon/jpg/20240217.tar.gz'
Traceback (most recent call last):
  File "/home/mpotts32/cams/horizonsnap.py", line 219, in <module>
    add_time_stamp()
  File "/home/mpotts32/cams/horizonsnap.py", line 146, in add_time_stamp
    image = Image.open(latest_file)
  File "/home/mpotts32/.local/lib/python3.6/site-packages/PIL/Image.py", line 3031, in open
    "cannot identify image file %r" % (filename if filename else fp)
PIL.UnidentifiedImageError: cannot identify image file '/home/mpotts32/cams/Horizon/jpg/20240217.tar.gz'
Traceback (most recent call last):
  File "/home/mpotts32/cams/horizonsnap.py", line 219, in <module>
    add_time_stamp()
  File "/home/mpotts32/cams/horizonsnap.py", line 146, in add_time_stamp
    image = Image.open(latest_file)
  File "/home/mpotts32/.local/lib/python3.6/site-packages/PIL/Image.py", line 3031, in open
    "cannot identify image file %r" % (filename if filename else fp)
PIL.UnidentifiedImageError: cannot identify image file '/home/mpotts32/cams/Horizon/jpg/20240217.tar.gz'
Traceback (most recent call last):
  File "/home/mpotts32/cams/horizonsnap.py", line 219, in <module>
    add_time_stamp()
  File "/home/mpotts32/cams/horizonsnap.py", line 146, in add_time_stamp
    image = Image.open(latest_file)
  File "/home/mpotts32/.local/lib/python3.6/site-packages/PIL/Image.py", line 3031, in open
    "cannot identify image file %r" % (filename if filename else fp)
PIL.UnidentifiedImageError: cannot identify image file '/home/mpotts32/cams/Horizon/jpg/20240217.tar.gz'
Traceback (most recent call last):
  File "/home/mpotts32/cams/horizonsnap.py", line 219, in <module>
    add_time_stamp()
  File "/home/mpotts32/cams/horizonsnap.py", line 146, in add_time_stamp
    image = Image.open(latest_file)
  File "/home/mpotts32/.local/lib/python3.6/site-packages/PIL/Image.py", line 3031, in open
    "cannot identify image file %r" % (filename if filename else fp)
PIL.UnidentifiedImageError: cannot identify image file '/home/mpotts32/cams/Horizon/jpg/20240217.tar.gz'
Traceback (most recent call last):
  File "/home/mpotts32/cams/horizonsnap.py", line 219, in <module>
    add_time_stamp()
  File "/home/mpotts32/cams/horizonsnap.py", line 146, in add_time_stamp
    image = Image.open(latest_file)
  File "/home/mpotts32/.local/lib/python3.6/site-packages/PIL/Image.py", line 3031, in open
    "cannot identify image file %r" % (filename if filename else fp)
PIL.UnidentifiedImageError: cannot identify image file '/home/mpotts32/cams/Horizon/jpg/20240217.tar.gz'
Traceback (most recent call last):
  File "/home/mpotts32/cams/horizonsnap.py", line 219, in <module>
    add_time_stamp()
  File "/home/mpotts32/cams/horizonsnap.py", line 146, in add_time_stamp
    image = Image.open(latest_file)
  File "/home/mpotts32/.local/lib/python3.6/site-packages/PIL/Image.py", line 3031, in open
    "cannot identify image file %r" % (filename if filename else fp)
PIL.UnidentifiedImageError: cannot identify image file '/home/mpotts32/cams/Horizon/jpg/20240217.tar.gz'
Traceback (most recent call last):
  File "/home/mpotts32/cams/horizonsnap.py", line 219, in <module>
    add_time_stamp()
  File "/home/mpotts32/cams/horizonsnap.py", line 146, in add_time_stamp
    image = Image.open(latest_file)
  File "/home/mpotts32/.local/lib/python3.6/site-packages/PIL/Image.py", line 3031, in open
    "cannot identify image file %r" % (filename if filename else fp)
PIL.UnidentifiedImageError: cannot identify image file '/home/mpotts32/cams/Horizon/jpg/20240217.tar.gz'
Traceback (most recent call last):
  File "/home/mpotts32/cams/horizonsnap.py", line 219, in <module>
    add_time_stamp()
  File "/home/mpotts32/cams/horizonsnap.py", line 146, in add_time_stamp
    image = Image.open(latest_file)
  File "/home/mpotts32/.local/lib/python3.6/site-packages/PIL/Image.py", line 3031, in open
    "cannot identify image file %r" % (filename if filename else fp)
PIL.UnidentifiedImageError: cannot identify image file '/home/mpotts32/cams/Horizon/jpg/20240217.tar.gz'
Traceback (most recent call last):
  File "/home/mpotts32/cams/horizonsnap.py", line 219, in <module>
    add_time_stamp()
  File "/home/mpotts32/cams/horizonsnap.py", line 146, in add_time_stamp
    image = Image.open(latest_file)
  File "/home/mpotts32/.local/lib/python3.6/site-packages/PIL/Image.py", line 3031, in open
    "cannot identify image file %r" % (filename if filename else fp)
PIL.UnidentifiedImageError: cannot identify image file '/home/mpotts32/cams/Horizon/jpg/20240217.tar.gz'
Traceback (most recent call last):
  File "/home/mpotts32/cams/horizonsnap.py", line 219, in <module>
    add_time_stamp()
  File "/home/mpotts32/cams/horizonsnap.py", line 146, in add_time_stamp
    image = Image.open(latest_file)
  File "/home/mpotts32/.local/lib/python3.6/site-packages/PIL/Image.py", line 3031, in open
    "cannot identify image file %r" % (filename if filename else fp)
PIL.UnidentifiedImageError: cannot identify image file '/home/mpotts32/cams/Horizon/jpg/20240217.tar.gz'
Traceback (most recent call last):
  File "/home/mpotts32/cams/horizonsnap.py", line 219, in <module>
    add_time_stamp()
  File "/home/mpotts32/cams/horizonsnap.py", line 146, in add_time_stamp
    image = Image.open(latest_file)
  File "/home/mpotts32/.local/lib/python3.6/site-packages/PIL/Image.py", line 3031, in open
    "cannot identify image file %r" % (filename if filename else fp)
PIL.UnidentifiedImageError: cannot identify image file '/home/mpotts32/cams/Horizon/jpg/20240217.tar.gz'
Traceback (most recent call last):
  File "/home/mpotts32/cams/horizonsnap.py", line 219, in <module>
    add_time_stamp()
  File "/home/mpotts32/cams/horizonsnap.py", line 146, in add_time_stamp
    image = Image.open(latest_file)
  File "/home/mpotts32/.local/lib/python3.6/site-packages/PIL/Image.py", line 3031, in open
    "cannot identify image file %r" % (filename if filename else fp)
PIL.UnidentifiedImageError: cannot identify image file '/home/mpotts32/cams/Horizon/jpg/20240217.tar.gz'
Traceback (most recent call last):
  File "/home/mpotts32/cams/horizonsnap.py", line 219, in <module>
    add_time_stamp()
  File "/home/mpotts32/cams/horizonsnap.py", line 146, in add_time_stamp
    image = Image.open(latest_file)
  File "/home/mpotts32/.local/lib/python3.6/site-packages/PIL/Image.py", line 3031, in open
    "cannot identify image file %r" % (filename if filename else fp)
PIL.UnidentifiedImageError: cannot identify image file '/home/mpotts32/cams/Horizon/jpg/20240217.tar.gz'
Traceback (most recent call last):
  File "/home/mpotts32/cams/horizonsnap.py", line 219, in <module>
    add_time_stamp()
  File "/home/mpotts32/cams/horizonsnap.py", line 146, in add_time_stamp
    image = Image.open(latest_file)
  File "/home/mpotts32/.local/lib/python3.6/site-packages/PIL/Image.py", line 3031, in open
    "cannot identify image file %r" % (filename if filename else fp)
PIL.UnidentifiedImageError: cannot identify image file '/home/mpotts32/cams/Horizon/jpg/20240217.tar.gz'
Traceback (most recent call last):
  File "/home/mpotts32/cams/horizonsnap.py", line 219, in <module>
    add_time_stamp()
  File "/home/mpotts32/cams/horizonsnap.py", line 146, in add_time_stamp
    image = Image.open(latest_file)
  File "/home/mpotts32/.local/lib/python3.6/site-packages/PIL/Image.py", line 3031, in open
    "cannot identify image file %r" % (filename if filename else fp)
PIL.UnidentifiedImageError: cannot identify image file '/home/mpotts32/cams/Horizon/jpg/20240217.tar.gz'
Traceback (most recent call last):
  File "/home/mpotts32/cams/horizonsnap.py", line 219, in <module>
    add_time_stamp()
  File "/home/mpotts32/cams/horizonsnap.py", line 146, in add_time_stamp
    image = Image.open(latest_file)
  File "/home/mpotts32/.local/lib/python3.6/site-packages/PIL/Image.py", line 3031, in open
    "cannot identify image file %r" % (filename if filename else fp)
PIL.UnidentifiedImageError: cannot identify image file '/home/mpotts32/cams/Horizon/jpg/20240217.tar.gz'
Traceback (most recent call last):
  File "/home/mpotts32/cams/horizonsnap.py", line 219, in <module>
    add_time_stamp()
  File "/home/mpotts32/cams/horizonsnap.py", line 146, in add_time_stamp
    image = Image.open(latest_file)
  File "/home/mpotts32/.local/lib/python3.6/site-packages/PIL/Image.py", line 3031, in open
    "cannot identify image file %r" % (filename if filename else fp)
PIL.UnidentifiedImageError: cannot identify image file '/home/mpotts32/cams/Horizon/jpg/20240217.tar.gz'
Traceback (most recent call last):
  File "/home/mpotts32/cams/horizonsnap.py", line 219, in <module>
    add_time_stamp()
  File "/home/mpotts32/cams/horizonsnap.py", line 146, in add_time_stamp
    image = Image.open(latest_file)
  File "/home/mpotts32/.local/lib/python3.6/site-packages/PIL/Image.py", line 3031, in open
    "cannot identify image file %r" % (filename if filename else fp)
PIL.UnidentifiedImageError: cannot identify image file '/home/mpotts32/cams/Horizon/jpg/20240217.tar.gz'
Traceback (most recent call last):
  File "/home/mpotts32/cams/horizonsnap.py", line 219, in <module>
    add_time_stamp()
  File "/home/mpotts32/cams/horizonsnap.py", line 146, in add_time_stamp
    image = Image.open(latest_file)
  File "/home/mpotts32/.local/lib/python3.6/site-packages/PIL/Image.py", line 3031, in open
    "cannot identify image file %r" % (filename if filename else fp)
PIL.UnidentifiedImageError: cannot identify image file '/home/mpotts32/cams/Horizon/jpg/20240217.tar.gz'
Traceback (most recent call last):
  File "/home/mpotts32/cams/horizonsnap.py", line 219, in <module>
    add_time_stamp()
  File "/home/mpotts32/cams/horizonsnap.py", line 146, in add_time_stamp
    image = Image.open(latest_file)
  File "/home/mpotts32/.local/lib/python3.6/site-packages/PIL/Image.py", line 3031, in open
    "cannot identify image file %r" % (filename if filename else fp)
PIL.UnidentifiedImageError: cannot identify image file '/home/mpotts32/cams/Horizon/jpg/20240217.tar.gz'
Traceback (most recent call last):
  File "/home/mpotts32/cams/horizonsnap.py", line 219, in <module>
    add_time_stamp()
  File "/home/mpotts32/cams/horizonsnap.py", line 146, in add_time_stamp
    image = Image.open(latest_file)
  File "/home/mpotts32/.local/lib/python3.6/site-packages/PIL/Image.py", line 3031, in open
    "cannot identify image file %r" % (filename if filename else fp)
PIL.UnidentifiedImageError: cannot identify image file '/home/mpotts32/cams/Horizon/jpg/20240217.tar.gz'
Traceback (most recent call last):
  File "/home/mpotts32/cams/horizonsnap.py", line 219, in <module>
    add_time_stamp()
  File "/home/mpotts32/cams/horizonsnap.py", line 146, in add_time_stamp
    image = Image.open(latest_file)
  File "/home/mpotts32/.local/lib/python3.6/site-packages/PIL/Image.py", line 3031, in open
    "cannot identify image file %r" % (filename if filename else fp)
PIL.UnidentifiedImageError: cannot identify image file '/home/mpotts32/cams/Horizon/jpg/20240217.tar.gz'
Traceback (most recent call last):
  File "/home/mpotts32/cams/horizonsnap.py", line 219, in <module>
    add_time_stamp()
  File "/home/mpotts32/cams/horizonsnap.py", line 146, in add_time_stamp
    image = Image.open(latest_file)
  File "/home/mpotts32/.local/lib/python3.6/site-packages/PIL/Image.py", line 3031, in open
    "cannot identify image file %r" % (filename if filename else fp)
PIL.UnidentifiedImageError: cannot identify image file '/home/mpotts32/cams/Horizon/jpg/20240217.tar.gz'
Traceback (most recent call last):
  File "/home/mpotts32/cams/horizonsnap.py", line 219, in <module>
    add_time_stamp()
  File "/home/mpotts32/cams/horizonsnap.py", line 146, in add_time_stamp
    image = Image.open(latest_file)
  File "/home/mpotts32/.local/lib/python3.6/site-packages/PIL/Image.py", line 3031, in open
    "cannot identify image file %r" % (filename if filename else fp)
PIL.UnidentifiedImageError: cannot identify image file '/home/mpotts32/cams/Horizon/jpg/20240217.tar.gz'
Traceback (most recent call last):
  File "/home/mpotts32/cams/horizonsnap.py", line 219, in <module>
    add_time_stamp()
  File "/home/mpotts32/cams/horizonsnap.py", line 146, in add_time_stamp
    image = Image.open(latest_file)
  File "/home/mpotts32/.local/lib/python3.6/site-packages/PIL/Image.py", line 3031, in open
    "cannot identify image file %r" % (filename if filename else fp)
PIL.UnidentifiedImageError: cannot identify image file '/home/mpotts32/cams/Horizon/jpg/20240217.tar.gz'
Traceback (most recent call last):
  File "/home/mpotts32/cams/horizonsnap.py", line 219, in <module>
    add_time_stamp()
  File "/home/mpotts32/cams/horizonsnap.py", line 146, in add_time_stamp
    image = Image.open(latest_file)
  File "/home/mpotts32/.local/lib/python3.6/site-packages/PIL/Image.py", line 3031, in open
    "cannot identify image file %r" % (filename if filename else fp)
PIL.UnidentifiedImageError: cannot identify image file '/home/mpotts32/cams/Horizon/jpg/20240217.tar.gz'
Traceback (most recent call last):
  File "/home/mpotts32/cams/horizonsnap.py", line 219, in <module>
    add_time_stamp()
  File "/home/mpotts32/cams/horizonsnap.py", line 146, in add_time_stamp
    image = Image.open(latest_file)
  File "/home/mpotts32/.local/lib/python3.6/site-packages/PIL/Image.py", line 3031, in open
    "cannot identify image file %r" % (filename if filename else fp)
PIL.UnidentifiedImageError: cannot identify image file '/home/mpotts32/cams/Horizon/jpg/20240217.tar.gz'
Traceback (most recent call last):
  File "/home/mpotts32/cams/horizonsnap.py", line 219, in <module>
    add_time_stamp()
  File "/home/mpotts32/cams/horizonsnap.py", line 146, in add_time_stamp
    image = Image.open(latest_file)
  File "/home/mpotts32/.local/lib/python3.6/site-packages/PIL/Image.py", line 3031, in open
    "cannot identify image file %r" % (filename if filename else fp)
PIL.UnidentifiedImageError: cannot identify image file '/home/mpotts32/cams/Horizon/jpg/20240217.tar.gz'
Traceback (most recent call last):
  File "/home/mpotts32/cams/horizonsnap.py", line 219, in <module>
    add_time_stamp()
  File "/home/mpotts32/cams/horizonsnap.py", line 146, in add_time_stamp
    image = Image.open(latest_file)
  File "/home/mpotts32/.local/lib/python3.6/site-packages/PIL/Image.py", line 3031, in open
    "cannot identify image file %r" % (filename if filename else fp)
PIL.UnidentifiedImageError: cannot identify image file '/home/mpotts32/cams/Horizon/jpg/20240217.tar.gz'
Traceback (most recent call last):
  File "/home/mpotts32/cams/horizonsnap.py", line 219, in <module>
    add_time_stamp()
  File "/home/mpotts32/cams/horizonsnap.py", line 146, in add_time_stamp
    image = Image.open(latest_file)
  File "/home/mpotts32/.local/lib/python3.6/site-packages/PIL/Image.py", line 3031, in open
    "cannot identify image file %r" % (filename if filename else fp)
PIL.UnidentifiedImageError: cannot identify image file '/home/mpotts32/cams/Horizon/jpg/20240217.tar.gz'
Traceback (most recent call last):
  File "/home/mpotts32/cams/horizonsnap.py", line 219, in <module>
    add_time_stamp()
  File "/home/mpotts32/cams/horizonsnap.py", line 146, in add_time_stamp
    image = Image.open(latest_file)
  File "/home/mpotts32/.local/lib/python3.6/site-packages/PIL/Image.py", line 3031, in open
    "cannot identify image file %r" % (filename if filename else fp)
PIL.UnidentifiedImageError: cannot identify image file '/home/mpotts32/cams/Horizon/jpg/20240217.tar.gz'
Traceback (most recent call last):
  File "/home/mpotts32/cams/horizonsnap.py", line 219, in <module>
    add_time_stamp()
  File "/home/mpotts32/cams/horizonsnap.py", line 146, in add_time_stamp
    image = Image.open(latest_file)
  File "/home/mpotts32/.local/lib/python3.6/site-packages/PIL/Image.py", line 3031, in open
    "cannot identify image file %r" % (filename if filename else fp)
PIL.UnidentifiedImageError: cannot identify image file '/home/mpotts32/cams/Horizon/jpg/20240217.tar.gz'
Traceback (most recent call last):
  File "/home/mpotts32/cams/horizonsnap.py", line 219, in <module>
    add_time_stamp()
  File "/home/mpotts32/cams/horizonsnap.py", line 146, in add_time_stamp
    image = Image.open(latest_file)
  File "/home/mpotts32/.local/lib/python3.6/site-packages/PIL/Image.py", line 3031, in open
    "cannot identify image file %r" % (filename if filename else fp)
PIL.UnidentifiedImageError: cannot identify image file '/home/mpotts32/cams/Horizon/jpg/20240217.tar.gz'
Traceback (most recent call last):
  File "/home/mpotts32/cams/horizonsnap.py", line 219, in <module>
    add_time_stamp()
  File "/home/mpotts32/cams/horizonsnap.py", line 146, in add_time_stamp
    image = Image.open(latest_file)
  File "/home/mpotts32/.local/lib/python3.6/site-packages/PIL/Image.py", line 3031, in open
    "cannot identify image file %r" % (filename if filename else fp)
PIL.UnidentifiedImageError: cannot identify image file '/home/mpotts32/cams/Horizon/jpg/20240217.tar.gz'
Traceback (most recent call last):
  File "/home/mpotts32/cams/horizonsnap.py", line 219, in <module>
    add_time_stamp()
  File "/home/mpotts32/cams/horizonsnap.py", line 146, in add_time_stamp
    image = Image.open(latest_file)
  File "/home/mpotts32/.local/lib/python3.6/site-packages/PIL/Image.py", line 3031, in open
    "cannot identify image file %r" % (filename if filename else fp)
PIL.UnidentifiedImageError: cannot identify image file '/home/mpotts32/cams/Horizon/jpg/20240217.tar.gz'
Traceback (most recent call last):
  File "/home/mpotts32/cams/horizonsnap.py", line 219, in <module>
    add_time_stamp()
  File "/home/mpotts32/cams/horizonsnap.py", line 146, in add_time_stamp
    image = Image.open(latest_file)
  File "/home/mpotts32/.local/lib/python3.6/site-packages/PIL/Image.py", line 3031, in open
    "cannot identify image file %r" % (filename if filename else fp)
PIL.UnidentifiedImageError: cannot identify image file '/home/mpotts32/cams/Horizon/jpg/20240217.tar.gz'
Traceback (most recent call last):
  File "/home/mpotts32/cams/horizonsnap.py", line 219, in <module>
    add_time_stamp()
  File "/home/mpotts32/cams/horizonsnap.py", line 146, in add_time_stamp
    image = Image.open(latest_file)
  File "/home/mpotts32/.local/lib/python3.6/site-packages/PIL/Image.py", line 3031, in open
    "cannot identify image file %r" % (filename if filename else fp)
PIL.UnidentifiedImageError: cannot identify image file '/home/mpotts32/cams/Horizon/jpg/20240217.tar.gz'
Traceback (most recent call last):
  File "/home/mpotts32/cams/horizonsnap.py", line 219, in <module>
    add_time_stamp()
  File "/home/mpotts32/cams/horizonsnap.py", line 146, in add_time_stamp
    image = Image.open(latest_file)
  File "/home/mpotts32/.local/lib/python3.6/site-packages/PIL/Image.py", line 3031, in open
    "cannot identify image file %r" % (filename if filename else fp)
PIL.UnidentifiedImageError: cannot identify image file '/home/mpotts32/cams/Horizon/jpg/20240217.tar.gz'
Traceback (most recent call last):
  File "/home/mpotts32/cams/horizonsnap.py", line 219, in <module>
    add_time_stamp()
  File "/home/mpotts32/cams/horizonsnap.py", line 146, in add_time_stamp
    image = Image.open(latest_file)
  File "/home/mpotts32/.local/lib/python3.6/site-packages/PIL/Image.py", line 3031, in open
    "cannot identify image file %r" % (filename if filename else fp)
PIL.UnidentifiedImageError: cannot identify image file '/home/mpotts32/cams/Horizon/jpg/20240217.tar.gz'
Traceback (most recent call last):
  File "/home/mpotts32/cams/horizonsnap.py", line 219, in <module>
    add_time_stamp()
  File "/home/mpotts32/cams/horizonsnap.py", line 146, in add_time_stamp
    image = Image.open(latest_file)
  File "/home/mpotts32/.local/lib/python3.6/site-packages/PIL/Image.py", line 3031, in open
    "cannot identify image file %r" % (filename if filename else fp)
PIL.UnidentifiedImageError: cannot identify image file '/home/mpotts32/cams/Horizon/jpg/20240217.tar.gz'
Traceback (most recent call last):
  File "/home/mpotts32/cams/horizonsnap.py", line 219, in <module>
    add_time_stamp()
  File "/home/mpotts32/cams/horizonsnap.py", line 146, in add_time_stamp
    image = Image.open(latest_file)
  File "/home/mpotts32/.local/lib/python3.6/site-packages/PIL/Image.py", line 3031, in open
    "cannot identify image file %r" % (filename if filename else fp)
PIL.UnidentifiedImageError: cannot identify image file '/home/mpotts32/cams/Horizon/jpg/20240217.tar.gz'
Traceback (most recent call last):
  File "/home/mpotts32/cams/horizonsnap.py", line 219, in <module>
    add_time_stamp()
  File "/home/mpotts32/cams/horizonsnap.py", line 146, in add_time_stamp
    image = Image.open(latest_file)
  File "/home/mpotts32/.local/lib/python3.6/site-packages/PIL/Image.py", line 3031, in open
    "cannot identify image file %r" % (filename if filename else fp)
PIL.UnidentifiedImageError: cannot identify image file '/home/mpotts32/cams/Horizon/jpg/20240217.tar.gz'
Traceback (most recent call last):
  File "/home/mpotts32/cams/horizonsnap.py", line 219, in <module>
    add_time_stamp()
  File "/home/mpotts32/cams/horizonsnap.py", line 146, in add_time_stamp
    image = Image.open(latest_file)
  File "/home/mpotts32/.local/lib/python3.6/site-packages/PIL/Image.py", line 3031, in open
    "cannot identify image file %r" % (filename if filename else fp)
PIL.UnidentifiedImageError: cannot identify image file '/home/mpotts32/cams/Horizon/jpg/20240217.tar.gz'
Traceback (most recent call last):
  File "/home/mpotts32/cams/horizonsnap.py", line 219, in <module>
    add_time_stamp()
  File "/home/mpotts32/cams/horizonsnap.py", line 146, in add_time_stamp
    image = Image.open(latest_file)
  File "/home/mpotts32/.local/lib/python3.6/site-packages/PIL/Image.py", line 3031, in open
    "cannot identify image file %r" % (filename if filename else fp)
PIL.UnidentifiedImageError: cannot identify image file '/home/mpotts32/cams/Horizon/jpg/20240217.tar.gz'
Traceback (most recent call last):
  File "/home/mpotts32/cams/horizonsnap.py", line 219, in <module>
    add_time_stamp()
  File "/home/mpotts32/cams/horizonsnap.py", line 146, in add_time_stamp
    image = Image.open(latest_file)
  File "/home/mpotts32/.local/lib/python3.6/site-packages/PIL/Image.py", line 3031, in open
    "cannot identify image file %r" % (filename if filename else fp)
PIL.UnidentifiedImageError: cannot identify image file '/home/mpotts32/cams/Horizon/jpg/20240217.tar.gz'
Traceback (most recent call last):
  File "/home/mpotts32/cams/horizonsnap.py", line 219, in <module>
    add_time_stamp()
  File "/home/mpotts32/cams/horizonsnap.py", line 146, in add_time_stamp
    image = Image.open(latest_file)
  File "/home/mpotts32/.local/lib/python3.6/site-packages/PIL/Image.py", line 3031, in open
    "cannot identify image file %r" % (filename if filename else fp)
PIL.UnidentifiedImageError: cannot identify image file '/home/mpotts32/cams/Horizon/jpg/20240217.tar.gz'
Traceback (most recent call last):
  File "/home/mpotts32/cams/horizonsnap.py", line 219, in <module>
    add_time_stamp()
  File "/home/mpotts32/cams/horizonsnap.py", line 146, in add_time_stamp
    image = Image.open(latest_file)
  File "/home/mpotts32/.local/lib/python3.6/site-packages/PIL/Image.py", line 3031, in open
    "cannot identify image file %r" % (filename if filename else fp)
PIL.UnidentifiedImageError: cannot identify image file '/home/mpotts32/cams/Horizon/jpg/20240217.tar.gz'
Traceback (most recent call last):
  File "/home/mpotts32/cams/horizonsnap.py", line 219, in <module>
    add_time_stamp()
  File "/home/mpotts32/cams/horizonsnap.py", line 146, in add_time_stamp
    image = Image.open(latest_file)
  File "/home/mpotts32/.local/lib/python3.6/site-packages/PIL/Image.py", line 3031, in open
    "cannot identify image file %r" % (filename if filename else fp)
PIL.UnidentifiedImageError: cannot identify image file '/home/mpotts32/cams/Horizon/jpg/20240217.tar.gz'
Traceback (most recent call last):
  File "/home/mpotts32/cams/horizonsnap.py", line 219, in <module>
    add_time_stamp()
  File "/home/mpotts32/cams/horizonsnap.py", line 146, in add_time_stamp
    image = Image.open(latest_file)
  File "/home/mpotts32/.local/lib/python3.6/site-packages/PIL/Image.py", line 3031, in open
    "cannot identify image file %r" % (filename if filename else fp)
PIL.UnidentifiedImageError: cannot identify image file '/home/mpotts32/cams/Horizon/jpg/20240217.tar.gz'
Traceback (most recent call last):
  File "/home/mpotts32/cams/horizonsnap.py", line 219, in <module>
    add_time_stamp()
  File "/home/mpotts32/cams/horizonsnap.py", line 146, in add_time_stamp
    image = Image.open(latest_file)
  File "/home/mpotts32/.local/lib/python3.6/site-packages/PIL/Image.py", line 3031, in open
    "cannot identify image file %r" % (filename if filename else fp)
PIL.UnidentifiedImageError: cannot identify image file '/home/mpotts32/cams/Horizon/jpg/20240217.tar.gz'
Traceback (most recent call last):
  File "/home/mpotts32/cams/horizonsnap.py", line 219, in <module>
    add_time_stamp()
  File "/home/mpotts32/cams/horizonsnap.py", line 146, in add_time_stamp
    image = Image.open(latest_file)
  File "/home/mpotts32/.local/lib/python3.6/site-packages/PIL/Image.py", line 3031, in open
    "cannot identify image file %r" % (filename if filename else fp)
PIL.UnidentifiedImageError: cannot identify image file '/home/mpotts32/cams/Horizon/jpg/20240217.tar.gz'
Traceback (most recent call last):
  File "/home/mpotts32/cams/horizonsnap.py", line 219, in <module>
    add_time_stamp()
  File "/home/mpotts32/cams/horizonsnap.py", line 146, in add_time_stamp
    image = Image.open(latest_file)
  File "/home/mpotts32/.local/lib/python3.6/site-packages/PIL/Image.py", line 3031, in open
    "cannot identify image file %r" % (filename if filename else fp)
PIL.UnidentifiedImageError: cannot identify image file '/home/mpotts32/cams/Horizon/jpg/20240217.tar.gz'
Traceback (most recent call last):
  File "/home/mpotts32/cams/horizonsnap.py", line 219, in <module>
    add_time_stamp()
  File "/home/mpotts32/cams/horizonsnap.py", line 146, in add_time_stamp
    image = Image.open(latest_file)
  File "/home/mpotts32/.local/lib/python3.6/site-packages/PIL/Image.py", line 3031, in open
    "cannot identify image file %r" % (filename if filename else fp)
PIL.UnidentifiedImageError: cannot identify image file '/home/mpotts32/cams/Horizon/jpg/20240217.tar.gz'
Traceback (most recent call last):
  File "/home/mpotts32/cams/horizonsnap.py", line 219, in <module>
    add_time_stamp()
  File "/home/mpotts32/cams/horizonsnap.py", line 146, in add_time_stamp
    image = Image.open(latest_file)
  File "/home/mpotts32/.local/lib/python3.6/site-packages/PIL/Image.py", line 3031, in open
    "cannot identify image file %r" % (filename if filename else fp)
PIL.UnidentifiedImageError: cannot identify image file '/home/mpotts32/cams/Horizon/jpg/20240217.tar.gz'
Traceback (most recent call last):
  File "/home/mpotts32/cams/horizonsnap.py", line 219, in <module>
    add_time_stamp()
  File "/home/mpotts32/cams/horizonsnap.py", line 146, in add_time_stamp
    image = Image.open(latest_file)
  File "/home/mpotts32/.local/lib/python3.6/site-packages/PIL/Image.py", line 3031, in open
    "cannot identify image file %r" % (filename if filename else fp)
PIL.UnidentifiedImageError: cannot identify image file '/home/mpotts32/cams/Horizon/jpg/20240217.tar.gz'
Traceback (most recent call last):
  File "/home/mpotts32/cams/horizonsnap.py", line 219, in <module>
    add_time_stamp()
  File "/home/mpotts32/cams/horizonsnap.py", line 146, in add_time_stamp
    image = Image.open(latest_file)
  File "/home/mpotts32/.local/lib/python3.6/site-packages/PIL/Image.py", line 3031, in open
    "cannot identify image file %r" % (filename if filename else fp)
PIL.UnidentifiedImageError: cannot identify image file '/home/mpotts32/cams/Horizon/jpg/20240217.tar.gz'
Traceback (most recent call last):
  File "/home/mpotts32/cams/horizonsnap.py", line 219, in <module>
    add_time_stamp()
  File "/home/mpotts32/cams/horizonsnap.py", line 146, in add_time_stamp
    image = Image.open(latest_file)
  File "/home/mpotts32/.local/lib/python3.6/site-packages/PIL/Image.py", line 3031, in open
    "cannot identify image file %r" % (filename if filename else fp)
PIL.UnidentifiedImageError: cannot identify image file '/home/mpotts32/cams/Horizon/jpg/20240217.tar.gz'
Traceback (most recent call last):
  File "/home/mpotts32/cams/horizonsnap.py", line 219, in <module>
    add_time_stamp()
  File "/home/mpotts32/cams/horizonsnap.py", line 146, in add_time_stamp
    image = Image.open(latest_file)
  File "/home/mpotts32/.local/lib/python3.6/site-packages/PIL/Image.py", line 3031, in open
    "cannot identify image file %r" % (filename if filename else fp)
PIL.UnidentifiedImageError: cannot identify image file '/home/mpotts32/cams/Horizon/jpg/20240217.tar.gz'
Traceback (most recent call last):
  File "/home/mpotts32/cams/horizonsnap.py", line 219, in <module>
    add_time_stamp()
  File "/home/mpotts32/cams/horizonsnap.py", line 146, in add_time_stamp
    image = Image.open(latest_file)
  File "/home/mpotts32/.local/lib/python3.6/site-packages/PIL/Image.py", line 3031, in open
    "cannot identify image file %r" % (filename if filename else fp)
PIL.UnidentifiedImageError: cannot identify image file '/home/mpotts32/cams/Horizon/jpg/20240217.tar.gz'
Traceback (most recent call last):
  File "/home/mpotts32/cams/horizonsnap.py", line 219, in <module>
    add_time_stamp()
  File "/home/mpotts32/cams/horizonsnap.py", line 146, in add_time_stamp
    image = Image.open(latest_file)
  File "/home/mpotts32/.local/lib/python3.6/site-packages/PIL/Image.py", line 3031, in open
    "cannot identify image file %r" % (filename if filename else fp)
PIL.UnidentifiedImageError: cannot identify image file '/home/mpotts32/cams/Horizon/jpg/20240217.tar.gz'
Traceback (most recent call last):
  File "/home/mpotts32/cams/horizonsnap.py", line 219, in <module>
    add_time_stamp()
  File "/home/mpotts32/cams/horizonsnap.py", line 146, in add_time_stamp
    image = Image.open(latest_file)
  File "/home/mpotts32/.local/lib/python3.6/site-packages/PIL/Image.py", line 3031, in open
    "cannot identify image file %r" % (filename if filename else fp)
PIL.UnidentifiedImageError: cannot identify image file '/home/mpotts32/cams/Horizon/jpg/20240217.tar.gz'
Traceback (most recent call last):
  File "/home/mpotts32/cams/horizonsnap.py", line 219, in <module>
    add_time_stamp()
  File "/home/mpotts32/cams/horizonsnap.py", line 146, in add_time_stamp
    image = Image.open(latest_file)
  File "/home/mpotts32/.local/lib/python3.6/site-packages/PIL/Image.py", line 3031, in open
    "cannot identify image file %r" % (filename if filename else fp)
PIL.UnidentifiedImageError: cannot identify image file '/home/mpotts32/cams/Horizon/jpg/20240217.tar.gz'
Traceback (most recent call last):
  File "/home/mpotts32/cams/horizonsnap.py", line 219, in <module>
    add_time_stamp()
  File "/home/mpotts32/cams/horizonsnap.py", line 146, in add_time_stamp
    image = Image.open(latest_file)
  File "/home/mpotts32/.local/lib/python3.6/site-packages/PIL/Image.py", line 3031, in open
    "cannot identify image file %r" % (filename if filename else fp)
PIL.UnidentifiedImageError: cannot identify image file '/home/mpotts32/cams/Horizon/jpg/20240217.tar.gz'
Traceback (most recent call last):
  File "/home/mpotts32/cams/horizonsnap.py", line 219, in <module>
    add_time_stamp()
  File "/home/mpotts32/cams/horizonsnap.py", line 146, in add_time_stamp
    image = Image.open(latest_file)
  File "/home/mpotts32/.local/lib/python3.6/site-packages/PIL/Image.py", line 3031, in open
    "cannot identify image file %r" % (filename if filename else fp)
PIL.UnidentifiedImageError: cannot identify image file '/home/mpotts32/cams/Horizon/jpg/20240217.tar.gz'
Traceback (most recent call last):
  File "/home/mpotts32/cams/horizonsnap.py", line 219, in <module>
    add_time_stamp()
  File "/home/mpotts32/cams/horizonsnap.py", line 146, in add_time_stamp
    image = Image.open(latest_file)
  File "/home/mpotts32/.local/lib/python3.6/site-packages/PIL/Image.py", line 3031, in open
    "cannot identify image file %r" % (filename if filename else fp)
PIL.UnidentifiedImageError: cannot identify image file '/home/mpotts32/cams/Horizon/jpg/20240217.tar.gz'
Traceback (most recent call last):
  File "/home/mpotts32/cams/horizonsnap.py", line 219, in <module>
    add_time_stamp()
  File "/home/mpotts32/cams/horizonsnap.py", line 146, in add_time_stamp
    image = Image.open(latest_file)
  File "/home/mpotts32/.local/lib/python3.6/site-packages/PIL/Image.py", line 3031, in open
    "cannot identify image file %r" % (filename if filename else fp)
PIL.UnidentifiedImageError: cannot identify image file '/home/mpotts32/cams/Horizon/jpg/20240217.tar.gz'
Traceback (most recent call last):
  File "/home/mpotts32/cams/horizonsnap.py", line 219, in <module>
    add_time_stamp()
  File "/home/mpotts32/cams/horizonsnap.py", line 146, in add_time_stamp
    image = Image.open(latest_file)
  File "/home/mpotts32/.local/lib/python3.6/site-packages/PIL/Image.py", line 3031, in open
    "cannot identify image file %r" % (filename if filename else fp)
PIL.UnidentifiedImageError: cannot identify image file '/home/mpotts32/cams/Horizon/jpg/20240217.tar.gz'
Traceback (most recent call last):
  File "/home/mpotts32/cams/horizonsnap.py", line 219, in <module>
    add_time_stamp()
  File "/home/mpotts32/cams/horizonsnap.py", line 146, in add_time_stamp
    image = Image.open(latest_file)
  File "/home/mpotts32/.local/lib/python3.6/site-packages/PIL/Image.py", line 3031, in open
    "cannot identify image file %r" % (filename if filename else fp)
PIL.UnidentifiedImageError: cannot identify image file '/home/mpotts32/cams/Horizon/jpg/20240217.tar.gz'
Traceback (most recent call last):
  File "/home/mpotts32/cams/horizonsnap.py", line 219, in <module>
    add_time_stamp()
  File "/home/mpotts32/cams/horizonsnap.py", line 146, in add_time_stamp
    image = Image.open(latest_file)
  File "/home/mpotts32/.local/lib/python3.6/site-packages/PIL/Image.py", line 3031, in open
    "cannot identify image file %r" % (filename if filename else fp)
PIL.UnidentifiedImageError: cannot identify image file '/home/mpotts32/cams/Horizon/jpg/20240217.tar.gz'
Traceback (most recent call last):
  File "/home/mpotts32/cams/horizonsnap.py", line 219, in <module>
    add_time_stamp()
  File "/home/mpotts32/cams/horizonsnap.py", line 146, in add_time_stamp
    image = Image.open(latest_file)
  File "/home/mpotts32/.local/lib/python3.6/site-packages/PIL/Image.py", line 3031, in open
    "cannot identify image file %r" % (filename if filename else fp)
PIL.UnidentifiedImageError: cannot identify image file '/home/mpotts32/cams/Horizon/jpg/20240217.tar.gz'
Traceback (most recent call last):
  File "/home/mpotts32/cams/horizonsnap.py", line 219, in <module>
    add_time_stamp()
  File "/home/mpotts32/cams/horizonsnap.py", line 146, in add_time_stamp
    image = Image.open(latest_file)
  File "/home/mpotts32/.local/lib/python3.6/site-packages/PIL/Image.py", line 3031, in open
    "cannot identify image file %r" % (filename if filename else fp)
PIL.UnidentifiedImageError: cannot identify image file '/home/mpotts32/cams/Horizon/jpg/20240217.tar.gz'
Traceback (most recent call last):
  File "/home/mpotts32/cams/horizonsnap.py", line 219, in <module>
    add_time_stamp()
  File "/home/mpotts32/cams/horizonsnap.py", line 146, in add_time_stamp
    image = Image.open(latest_file)
  File "/home/mpotts32/.local/lib/python3.6/site-packages/PIL/Image.py", line 3031, in open
    "cannot identify image file %r" % (filename if filename else fp)
PIL.UnidentifiedImageError: cannot identify image file '/home/mpotts32/cams/Horizon/jpg/20240217.tar.gz'
Traceback (most recent call last):
  File "/home/mpotts32/cams/horizonsnap.py", line 219, in <module>
    add_time_stamp()
  File "/home/mpotts32/cams/horizonsnap.py", line 146, in add_time_stamp
    image = Image.open(latest_file)
  File "/home/mpotts32/.local/lib/python3.6/site-packages/PIL/Image.py", line 3031, in open
    "cannot identify image file %r" % (filename if filename else fp)
PIL.UnidentifiedImageError: cannot identify image file '/home/mpotts32/cams/Horizon/jpg/20240217.tar.gz'
Traceback (most recent call last):
  File "/home/mpotts32/cams/horizonsnap.py", line 219, in <module>
    add_time_stamp()
  File "/home/mpotts32/cams/horizonsnap.py", line 146, in add_time_stamp
    image = Image.open(latest_file)
  File "/home/mpotts32/.local/lib/python3.6/site-packages/PIL/Image.py", line 3031, in open
    "cannot identify image file %r" % (filename if filename else fp)
PIL.UnidentifiedImageError: cannot identify image file '/home/mpotts32/cams/Horizon/jpg/20240217.tar.gz'
Traceback (most recent call last):
  File "/home/mpotts32/cams/horizonsnap.py", line 219, in <module>
    add_time_stamp()
  File "/home/mpotts32/cams/horizonsnap.py", line 146, in add_time_stamp
    image = Image.open(latest_file)
  File "/home/mpotts32/.local/lib/python3.6/site-packages/PIL/Image.py", line 3031, in open
    "cannot identify image file %r" % (filename if filename else fp)
PIL.UnidentifiedImageError: cannot identify image file '/home/mpotts32/cams/Horizon/jpg/20240217.tar.gz'
Traceback (most recent call last):
  File "/home/mpotts32/cams/horizonsnap.py", line 219, in <module>
    add_time_stamp()
  File "/home/mpotts32/cams/horizonsnap.py", line 146, in add_time_stamp
    image = Image.open(latest_file)
  File "/home/mpotts32/.local/lib/python3.6/site-packages/PIL/Image.py", line 3031, in open
    "cannot identify image file %r" % (filename if filename else fp)
PIL.UnidentifiedImageError: cannot identify image file '/home/mpotts32/cams/Horizon/jpg/20240217.tar.gz'
Traceback (most recent call last):
  File "/home/mpotts32/cams/horizonsnap.py", line 219, in <module>
    add_time_stamp()
  File "/home/mpotts32/cams/horizonsnap.py", line 146, in add_time_stamp
    image = Image.open(latest_file)
  File "/home/mpotts32/.local/lib/python3.6/site-packages/PIL/Image.py", line 3031, in open
    "cannot identify image file %r" % (filename if filename else fp)
PIL.UnidentifiedImageError: cannot identify image file '/home/mpotts32/cams/Horizon/jpg/20240217.tar.gz'
Traceback (most recent call last):
  File "/home/mpotts32/cams/horizonsnap.py", line 219, in <module>
    add_time_stamp()
  File "/home/mpotts32/cams/horizonsnap.py", line 146, in add_time_stamp
    image = Image.open(latest_file)
  File "/home/mpotts32/.local/lib/python3.6/site-packages/PIL/Image.py", line 3031, in open
    "cannot identify image file %r" % (filename if filename else fp)
PIL.UnidentifiedImageError: cannot identify image file '/home/mpotts32/cams/Horizon/jpg/20240217.tar.gz'
Traceback (most recent call last):
  File "/home/mpotts32/cams/horizonsnap.py", line 219, in <module>
    add_time_stamp()
  File "/home/mpotts32/cams/horizonsnap.py", line 146, in add_time_stamp
    image = Image.open(latest_file)
  File "/home/mpotts32/.local/lib/python3.6/site-packages/PIL/Image.py", line 3031, in open
    "cannot identify image file %r" % (filename if filename else fp)
PIL.UnidentifiedImageError: cannot identify image file '/home/mpotts32/cams/Horizon/jpg/20240217.tar.gz'
Traceback (most recent call last):
  File "/home/mpotts32/cams/horizonsnap.py", line 219, in <module>
    add_time_stamp()
  File "/home/mpotts32/cams/horizonsnap.py", line 146, in add_time_stamp
    image = Image.open(latest_file)
  File "/home/mpotts32/.local/lib/python3.6/site-packages/PIL/Image.py", line 3031, in open
    "cannot identify image file %r" % (filename if filename else fp)
PIL.UnidentifiedImageError: cannot identify image file '/home/mpotts32/cams/Horizon/jpg/20240217.tar.gz'
Traceback (most recent call last):
  File "/home/mpotts32/cams/horizonsnap.py", line 219, in <module>
    add_time_stamp()
  File "/home/mpotts32/cams/horizonsnap.py", line 146, in add_time_stamp
    image = Image.open(latest_file)
  File "/home/mpotts32/.local/lib/python3.6/site-packages/PIL/Image.py", line 3031, in open
    "cannot identify image file %r" % (filename if filename else fp)
PIL.UnidentifiedImageError: cannot identify image file '/home/mpotts32/cams/Horizon/jpg/20240217.tar.gz'
Traceback (most recent call last):
  File "/home/mpotts32/cams/horizonsnap.py", line 219, in <module>
    add_time_stamp()
  File "/home/mpotts32/cams/horizonsnap.py", line 146, in add_time_stamp
    image = Image.open(latest_file)
  File "/home/mpotts32/.local/lib/python3.6/site-packages/PIL/Image.py", line 3031, in open
    "cannot identify image file %r" % (filename if filename else fp)
PIL.UnidentifiedImageError: cannot identify image file '/home/mpotts32/cams/Horizon/jpg/20240217.tar.gz'
Traceback (most recent call last):
  File "/home/mpotts32/cams/horizonsnap.py", line 219, in <module>
    add_time_stamp()
  File "/home/mpotts32/cams/horizonsnap.py", line 146, in add_time_stamp
    image = Image.open(latest_file)
  File "/home/mpotts32/.local/lib/python3.6/site-packages/PIL/Image.py", line 3031, in open
    "cannot identify image file %r" % (filename if filename else fp)
PIL.UnidentifiedImageError: cannot identify image file '/home/mpotts32/cams/Horizon/jpg/20240217.tar.gz'
Traceback (most recent call last):
  File "/home/mpotts32/cams/horizonsnap.py", line 219, in <module>
    add_time_stamp()
  File "/home/mpotts32/cams/horizonsnap.py", line 146, in add_time_stamp
    image = Image.open(latest_file)
  File "/home/mpotts32/.local/lib/python3.6/site-packages/PIL/Image.py", line 3031, in open
    "cannot identify image file %r" % (filename if filename else fp)
PIL.UnidentifiedImageError: cannot identify image file '/home/mpotts32/cams/Horizon/jpg/20240217.tar.gz'
Traceback (most recent call last):
  File "/home/mpotts32/cams/horizonsnap.py", line 219, in <module>
    add_time_stamp()
  File "/home/mpotts32/cams/horizonsnap.py", line 146, in add_time_stamp
    image = Image.open(latest_file)
  File "/home/mpotts32/.local/lib/python3.6/site-packages/PIL/Image.py", line 3031, in open
    "cannot identify image file %r" % (filename if filename else fp)
PIL.UnidentifiedImageError: cannot identify image file '/home/mpotts32/cams/Horizon/jpg/20240217.tar.gz'
Traceback (most recent call last):
  File "/home/mpotts32/cams/horizonsnap.py", line 219, in <module>
    add_time_stamp()
  File "/home/mpotts32/cams/horizonsnap.py", line 146, in add_time_stamp
    image = Image.open(latest_file)
  File "/home/mpotts32/.local/lib/python3.6/site-packages/PIL/Image.py", line 3031, in open
    "cannot identify image file %r" % (filename if filename else fp)
PIL.UnidentifiedImageError: cannot identify image file '/home/mpotts32/cams/Horizon/jpg/20240217.tar.gz'
Traceback (most recent call last):
  File "/home/mpotts32/cams/horizonsnap.py", line 219, in <module>
    add_time_stamp()
  File "/home/mpotts32/cams/horizonsnap.py", line 146, in add_time_stamp
    image = Image.open(latest_file)
  File "/home/mpotts32/.local/lib/python3.6/site-packages/PIL/Image.py", line 3031, in open
    "cannot identify image file %r" % (filename if filename else fp)
PIL.UnidentifiedImageError: cannot identify image file '/home/mpotts32/cams/Horizon/jpg/20240217.tar.gz'
Traceback (most recent call last):
  File "/home/mpotts32/cams/horizonsnap.py", line 219, in <module>
    add_time_stamp()
  File "/home/mpotts32/cams/horizonsnap.py", line 146, in add_time_stamp
    image = Image.open(latest_file)
  File "/home/mpotts32/.local/lib/python3.6/site-packages/PIL/Image.py", line 3031, in open
    "cannot identify image file %r" % (filename if filename else fp)
PIL.UnidentifiedImageError: cannot identify image file '/home/mpotts32/cams/Horizon/jpg/20240217.tar.gz'
Traceback (most recent call last):
  File "/home/mpotts32/cams/horizonsnap.py", line 219, in <module>
    add_time_stamp()
  File "/home/mpotts32/cams/horizonsnap.py", line 146, in add_time_stamp
    image = Image.open(latest_file)
  File "/home/mpotts32/.local/lib/python3.6/site-packages/PIL/Image.py", line 3031, in open
    "cannot identify image file %r" % (filename if filename else fp)
PIL.UnidentifiedImageError: cannot identify image file '/home/mpotts32/cams/Horizon/jpg/20240217.tar.gz'
Traceback (most recent call last):
  File "/home/mpotts32/cams/horizonsnap.py", line 219, in <module>
    add_time_stamp()
  File "/home/mpotts32/cams/horizonsnap.py", line 146, in add_time_stamp
    image = Image.open(latest_file)
  File "/home/mpotts32/.local/lib/python3.6/site-packages/PIL/Image.py", line 3031, in open
    "cannot identify image file %r" % (filename if filename else fp)
PIL.UnidentifiedImageError: cannot identify image file '/home/mpotts32/cams/Horizon/jpg/20240217.tar.gz'
Traceback (most recent call last):
  File "/home/mpotts32/cams/horizonsnap.py", line 219, in <module>
    add_time_stamp()
  File "/home/mpotts32/cams/horizonsnap.py", line 146, in add_time_stamp
    image = Image.open(latest_file)
  File "/home/mpotts32/.local/lib/python3.6/site-packages/PIL/Image.py", line 3031, in open
    "cannot identify image file %r" % (filename if filename else fp)
PIL.UnidentifiedImageError: cannot identify image file '/home/mpotts32/cams/Horizon/jpg/20240217.tar.gz'
Traceback (most recent call last):
  File "/home/mpotts32/cams/horizonsnap.py", line 219, in <module>
    add_time_stamp()
  File "/home/mpotts32/cams/horizonsnap.py", line 146, in add_time_stamp
    image = Image.open(latest_file)
  File "/home/mpotts32/.local/lib/python3.6/site-packages/PIL/Image.py", line 3031, in open
    "cannot identify image file %r" % (filename if filename else fp)
PIL.UnidentifiedImageError: cannot identify image file '/home/mpotts32/cams/Horizon/jpg/20240217.tar.gz'
Traceback (most recent call last):
  File "/home/mpotts32/cams/horizonsnap.py", line 219, in <module>
    add_time_stamp()
  File "/home/mpotts32/cams/horizonsnap.py", line 146, in add_time_stamp
    image = Image.open(latest_file)
  File "/home/mpotts32/.local/lib/python3.6/site-packages/PIL/Image.py", line 3031, in open
    "cannot identify image file %r" % (filename if filename else fp)
PIL.UnidentifiedImageError: cannot identify image file '/home/mpotts32/cams/Horizon/jpg/20240217.tar.gz'
Traceback (most recent call last):
  File "/home/mpotts32/cams/horizonsnap.py", line 219, in <module>
    add_time_stamp()
  File "/home/mpotts32/cams/horizonsnap.py", line 146, in add_time_stamp
    image = Image.open(latest_file)
  File "/home/mpotts32/.local/lib/python3.6/site-packages/PIL/Image.py", line 3031, in open
    "cannot identify image file %r" % (filename if filename else fp)
PIL.UnidentifiedImageError: cannot identify image file '/home/mpotts32/cams/Horizon/jpg/20240217.tar.gz'
Traceback (most recent call last):
  File "/home/mpotts32/cams/horizonsnap.py", line 219, in <module>
    add_time_stamp()
  File "/home/mpotts32/cams/horizonsnap.py", line 146, in add_time_stamp
    image = Image.open(latest_file)
  File "/home/mpotts32/.local/lib/python3.6/site-packages/PIL/Image.py", line 3031, in open
    "cannot identify image file %r" % (filename if filename else fp)
PIL.UnidentifiedImageError: cannot identify image file '/home/mpotts32/cams/Horizon/jpg/20240217.tar.gz'
Traceback (most recent call last):
  File "/home/mpotts32/cams/horizonsnap.py", line 219, in <module>
    add_time_stamp()
  File "/home/mpotts32/cams/horizonsnap.py", line 146, in add_time_stamp
    image = Image.open(latest_file)
  File "/home/mpotts32/.local/lib/python3.6/site-packages/PIL/Image.py", line 3031, in open
    "cannot identify image file %r" % (filename if filename else fp)
PIL.UnidentifiedImageError: cannot identify image file '/home/mpotts32/cams/Horizon/jpg/20240217.tar.gz'
Traceback (most recent call last):
  File "/home/mpotts32/cams/horizonsnap.py", line 219, in <module>
    add_time_stamp()
  File "/home/mpotts32/cams/horizonsnap.py", line 146, in add_time_stamp
    image = Image.open(latest_file)
  File "/home/mpotts32/.local/lib/python3.6/site-packages/PIL/Image.py", line 3031, in open
    "cannot identify image file %r" % (filename if filename else fp)
PIL.UnidentifiedImageError: cannot identify image file '/home/mpotts32/cams/Horizon/jpg/20240217.tar.gz'
Traceback (most recent call last):
  File "/home/mpotts32/cams/horizonsnap.py", line 219, in <module>
    add_time_stamp()
  File "/home/mpotts32/cams/horizonsnap.py", line 146, in add_time_stamp
    image = Image.open(latest_file)
  File "/home/mpotts32/.local/lib/python3.6/site-packages/PIL/Image.py", line 3031, in open
    "cannot identify image file %r" % (filename if filename else fp)
PIL.UnidentifiedImageError: cannot identify image file '/home/mpotts32/cams/Horizon/jpg/20240217.tar.gz'
Traceback (most recent call last):
  File "/home/mpotts32/cams/horizonsnap.py", line 219, in <module>
    add_time_stamp()
  File "/home/mpotts32/cams/horizonsnap.py", line 146, in add_time_stamp
    image = Image.open(latest_file)
  File "/home/mpotts32/.local/lib/python3.6/site-packages/PIL/Image.py", line 3031, in open
    "cannot identify image file %r" % (filename if filename else fp)
PIL.UnidentifiedImageError: cannot identify image file '/home/mpotts32/cams/Horizon/jpg/20240217.tar.gz'
Traceback (most recent call last):
  File "/home/mpotts32/cams/horizonsnap.py", line 219, in <module>
    add_time_stamp()
  File "/home/mpotts32/cams/horizonsnap.py", line 146, in add_time_stamp
    image = Image.open(latest_file)
  File "/home/mpotts32/.local/lib/python3.6/site-packages/PIL/Image.py", line 3031, in open
    "cannot identify image file %r" % (filename if filename else fp)
PIL.UnidentifiedImageError: cannot identify image file '/home/mpotts32/cams/Horizon/jpg/20240217.tar.gz'
Traceback (most recent call last):
  File "/home/mpotts32/cams/horizonsnap.py", line 219, in <module>
    add_time_stamp()
  File "/home/mpotts32/cams/horizonsnap.py", line 146, in add_time_stamp
    image = Image.open(latest_file)
  File "/home/mpotts32/.local/lib/python3.6/site-packages/PIL/Image.py", line 3031, in open
    "cannot identify image file %r" % (filename if filename else fp)
PIL.UnidentifiedImageError: cannot identify image file '/home/mpotts32/cams/Horizon/jpg/20240217.tar.gz'
Traceback (most recent call last):
  File "/home/mpotts32/cams/horizonsnap.py", line 219, in <module>
    add_time_stamp()
  File "/home/mpotts32/cams/horizonsnap.py", line 146, in add_time_stamp
    image = Image.open(latest_file)
  File "/home/mpotts32/.local/lib/python3.6/site-packages/PIL/Image.py", line 3031, in open
    "cannot identify image file %r" % (filename if filename else fp)
PIL.UnidentifiedImageError: cannot identify image file '/home/mpotts32/cams/Horizon/jpg/20240217.tar.gz'
Traceback (most recent call last):
  File "/home/mpotts32/cams/horizonsnap.py", line 219, in <module>
    add_time_stamp()
  File "/home/mpotts32/cams/horizonsnap.py", line 146, in add_time_stamp
    image = Image.open(latest_file)
  File "/home/mpotts32/.local/lib/python3.6/site-packages/PIL/Image.py", line 3031, in open
    "cannot identify image file %r" % (filename if filename else fp)
PIL.UnidentifiedImageError: cannot identify image file '/home/mpotts32/cams/Horizon/jpg/20240217.tar.gz'
Traceback (most recent call last):
  File "/home/mpotts32/cams/horizonsnap.py", line 219, in <module>
    add_time_stamp()
  File "/home/mpotts32/cams/horizonsnap.py", line 146, in add_time_stamp
    image = Image.open(latest_file)
  File "/home/mpotts32/.local/lib/python3.6/site-packages/PIL/Image.py", line 3031, in open
    "cannot identify image file %r" % (filename if filename else fp)
PIL.UnidentifiedImageError: cannot identify image file '/home/mpotts32/cams/Horizon/jpg/20240217.tar.gz'
Traceback (most recent call last):
  File "/home/mpotts32/cams/horizonsnap.py", line 219, in <module>
    add_time_stamp()
  File "/home/mpotts32/cams/horizonsnap.py", line 146, in add_time_stamp
    image = Image.open(latest_file)
  File "/home/mpotts32/.local/lib/python3.6/site-packages/PIL/Image.py", line 3031, in open
    "cannot identify image file %r" % (filename if filename else fp)
PIL.UnidentifiedImageError: cannot identify image file '/home/mpotts32/cams/Horizon/jpg/20240217.tar.gz'
Traceback (most recent call last):
  File "/home/mpotts32/cams/horizonsnap.py", line 219, in <module>
    add_time_stamp()
  File "/home/mpotts32/cams/horizonsnap.py", line 146, in add_time_stamp
    image = Image.open(latest_file)
  File "/home/mpotts32/.local/lib/python3.6/site-packages/PIL/Image.py", line 3031, in open
    "cannot identify image file %r" % (filename if filename else fp)
PIL.UnidentifiedImageError: cannot identify image file '/home/mpotts32/cams/Horizon/jpg/20240217.tar.gz'
Traceback (most recent call last):
  File "/home/mpotts32/cams/horizonsnap.py", line 219, in <module>
    add_time_stamp()
  File "/home/mpotts32/cams/horizonsnap.py", line 146, in add_time_stamp
    image = Image.open(latest_file)
  File "/home/mpotts32/.local/lib/python3.6/site-packages/PIL/Image.py", line 3031, in open
    "cannot identify image file %r" % (filename if filename else fp)
PIL.UnidentifiedImageError: cannot identify image file '/home/mpotts32/cams/Horizon/jpg/20240217.tar.gz'
Traceback (most recent call last):
  File "/home/mpotts32/cams/horizonsnap.py", line 219, in <module>
    add_time_stamp()
  File "/home/mpotts32/cams/horizonsnap.py", line 146, in add_time_stamp
    image = Image.open(latest_file)
  File "/home/mpotts32/.local/lib/python3.6/site-packages/PIL/Image.py", line 3031, in open
    "cannot identify image file %r" % (filename if filename else fp)
PIL.UnidentifiedImageError: cannot identify image file '/home/mpotts32/cams/Horizon/jpg/20240217.tar.gz'
Traceback (most recent call last):
  File "/home/mpotts32/cams/horizonsnap.py", line 219, in <module>
    add_time_stamp()
  File "/home/mpotts32/cams/horizonsnap.py", line 146, in add_time_stamp
    image = Image.open(latest_file)
  File "/home/mpotts32/.local/lib/python3.6/site-packages/PIL/Image.py", line 3031, in open
    "cannot identify image file %r" % (filename if filename else fp)
PIL.UnidentifiedImageError: cannot identify image file '/home/mpotts32/cams/Horizon/jpg/20240217.tar.gz'
Traceback (most recent call last):
  File "/home/mpotts32/cams/horizonsnap.py", line 219, in <module>
    add_time_stamp()
  File "/home/mpotts32/cams/horizonsnap.py", line 146, in add_time_stamp
    image = Image.open(latest_file)
  File "/home/mpotts32/.local/lib/python3.6/site-packages/PIL/Image.py", line 3031, in open
    "cannot identify image file %r" % (filename if filename else fp)
PIL.UnidentifiedImageError: cannot identify image file '/home/mpotts32/cams/Horizon/jpg/20240217.tar.gz'
Traceback (most recent call last):
  File "/home/mpotts32/cams/horizonsnap.py", line 219, in <module>
    add_time_stamp()
  File "/home/mpotts32/cams/horizonsnap.py", line 146, in add_time_stamp
    image = Image.open(latest_file)
  File "/home/mpotts32/.local/lib/python3.6/site-packages/PIL/Image.py", line 3031, in open
    "cannot identify image file %r" % (filename if filename else fp)
PIL.UnidentifiedImageError: cannot identify image file '/home/mpotts32/cams/Horizon/jpg/20240217.tar.gz'
Traceback (most recent call last):
  File "/home/mpotts32/cams/horizonsnap.py", line 219, in <module>
    add_time_stamp()
  File "/home/mpotts32/cams/horizonsnap.py", line 146, in add_time_stamp
    image = Image.open(latest_file)
  File "/home/mpotts32/.local/lib/python3.6/site-packages/PIL/Image.py", line 3031, in open
    "cannot identify image file %r" % (filename if filename else fp)
PIL.UnidentifiedImageError: cannot identify image file '/home/mpotts32/cams/Horizon/jpg/20240217.tar.gz'
Traceback (most recent call last):
  File "/home/mpotts32/cams/horizonsnap.py", line 219, in <module>
    add_time_stamp()
  File "/home/mpotts32/cams/horizonsnap.py", line 146, in add_time_stamp
    image = Image.open(latest_file)
  File "/home/mpotts32/.local/lib/python3.6/site-packages/PIL/Image.py", line 3031, in open
    "cannot identify image file %r" % (filename if filename else fp)
PIL.UnidentifiedImageError: cannot identify image file '/home/mpotts32/cams/Horizon/jpg/20240217.tar.gz'
Traceback (most recent call last):
  File "/home/mpotts32/cams/horizonsnap.py", line 219, in <module>
    add_time_stamp()
  File "/home/mpotts32/cams/horizonsnap.py", line 146, in add_time_stamp
    image = Image.open(latest_file)
  File "/home/mpotts32/.local/lib/python3.6/site-packages/PIL/Image.py", line 3031, in open
    "cannot identify image file %r" % (filename if filename else fp)
PIL.UnidentifiedImageError: cannot identify image file '/home/mpotts32/cams/Horizon/jpg/20240217.tar.gz'
Traceback (most recent call last):
  File "/home/mpotts32/cams/horizonsnap.py", line 219, in <module>
    add_time_stamp()
  File "/home/mpotts32/cams/horizonsnap.py", line 146, in add_time_stamp
    image = Image.open(latest_file)
  File "/home/mpotts32/.local/lib/python3.6/site-packages/PIL/Image.py", line 3031, in open
    "cannot identify image file %r" % (filename if filename else fp)
PIL.UnidentifiedImageError: cannot identify image file '/home/mpotts32/cams/Horizon/jpg/20240217.tar.gz'
Traceback (most recent call last):
  File "/home/mpotts32/cams/horizonsnap.py", line 219, in <module>
    add_time_stamp()
  File "/home/mpotts32/cams/horizonsnap.py", line 146, in add_time_stamp
    image = Image.open(latest_file)
  File "/home/mpotts32/.local/lib/python3.6/site-packages/PIL/Image.py", line 3031, in open
    "cannot identify image file %r" % (filename if filename else fp)
PIL.UnidentifiedImageError: cannot identify image file '/home/mpotts32/cams/Horizon/jpg/20240217.tar.gz'
Traceback (most recent call last):
  File "/home/mpotts32/cams/horizonsnap.py", line 219, in <module>
    add_time_stamp()
  File "/home/mpotts32/cams/horizonsnap.py", line 146, in add_time_stamp
    image = Image.open(latest_file)
  File "/home/mpotts32/.local/lib/python3.6/site-packages/PIL/Image.py", line 3031, in open
    "cannot identify image file %r" % (filename if filename else fp)
PIL.UnidentifiedImageError: cannot identify image file '/home/mpotts32/cams/Horizon/jpg/20240217.tar.gz'
Traceback (most recent call last):
  File "/home/mpotts32/cams/horizonsnap.py", line 219, in <module>
    add_time_stamp()
  File "/home/mpotts32/cams/horizonsnap.py", line 146, in add_time_stamp
    image = Image.open(latest_file)
  File "/home/mpotts32/.local/lib/python3.6/site-packages/PIL/Image.py", line 3031, in open
    "cannot identify image file %r" % (filename if filename else fp)
PIL.UnidentifiedImageError: cannot identify image file '/home/mpotts32/cams/Horizon/jpg/20240217.tar.gz'
Traceback (most recent call last):
  File "/home/mpotts32/cams/horizonsnap.py", line 219, in <module>
    add_time_stamp()
  File "/home/mpotts32/cams/horizonsnap.py", line 146, in add_time_stamp
    image = Image.open(latest_file)
  File "/home/mpotts32/.local/lib/python3.6/site-packages/PIL/Image.py", line 3031, in open
    "cannot identify image file %r" % (filename if filename else fp)
PIL.UnidentifiedImageError: cannot identify image file '/home/mpotts32/cams/Horizon/jpg/20240217.tar.gz'
Traceback (most recent call last):
  File "/home/mpotts32/cams/horizonsnap.py", line 219, in <module>
    add_time_stamp()
  File "/home/mpotts32/cams/horizonsnap.py", line 146, in add_time_stamp
    image = Image.open(latest_file)
  File "/home/mpotts32/.local/lib/python3.6/site-packages/PIL/Image.py", line 3031, in open
    "cannot identify image file %r" % (filename if filename else fp)
PIL.UnidentifiedImageError: cannot identify image file '/home/mpotts32/cams/Horizon/jpg/20240217.tar.gz'
Traceback (most recent call last):
  File "/home/mpotts32/cams/horizonsnap.py", line 219, in <module>
    add_time_stamp()
  File "/home/mpotts32/cams/horizonsnap.py", line 146, in add_time_stamp
    image = Image.open(latest_file)
  File "/home/mpotts32/.local/lib/python3.6/site-packages/PIL/Image.py", line 3031, in open
    "cannot identify image file %r" % (filename if filename else fp)
PIL.UnidentifiedImageError: cannot identify image file '/home/mpotts32/cams/Horizon/jpg/20240217.tar.gz'
Traceback (most recent call last):
  File "/home/mpotts32/cams/horizonsnap.py", line 219, in <module>
    add_time_stamp()
  File "/home/mpotts32/cams/horizonsnap.py", line 146, in add_time_stamp
    image = Image.open(latest_file)
  File "/home/mpotts32/.local/lib/python3.6/site-packages/PIL/Image.py", line 3031, in open
    "cannot identify image file %r" % (filename if filename else fp)
PIL.UnidentifiedImageError: cannot identify image file '/home/mpotts32/cams/Horizon/jpg/20240217.tar.gz'
Traceback (most recent call last):
  File "/home/mpotts32/cams/horizonsnap.py", line 219, in <module>
    add_time_stamp()
  File "/home/mpotts32/cams/horizonsnap.py", line 146, in add_time_stamp
    image = Image.open(latest_file)
  File "/home/mpotts32/.local/lib/python3.6/site-packages/PIL/Image.py", line 3031, in open
    "cannot identify image file %r" % (filename if filename else fp)
PIL.UnidentifiedImageError: cannot identify image file '/home/mpotts32/cams/Horizon/jpg/20240217.tar.gz'
Traceback (most recent call last):
  File "/home/mpotts32/cams/horizonsnap.py", line 219, in <module>
    add_time_stamp()
  File "/home/mpotts32/cams/horizonsnap.py", line 146, in add_time_stamp
    image = Image.open(latest_file)
  File "/home/mpotts32/.local/lib/python3.6/site-packages/PIL/Image.py", line 3031, in open
    "cannot identify image file %r" % (filename if filename else fp)
PIL.UnidentifiedImageError: cannot identify image file '/home/mpotts32/cams/Horizon/jpg/20240217.tar.gz'
Traceback (most recent call last):
  File "/home/mpotts32/cams/horizonsnap.py", line 219, in <module>
    add_time_stamp()
  File "/home/mpotts32/cams/horizonsnap.py", line 146, in add_time_stamp
    image = Image.open(latest_file)
  File "/home/mpotts32/.local/lib/python3.6/site-packages/PIL/Image.py", line 3031, in open
    "cannot identify image file %r" % (filename if filename else fp)
PIL.UnidentifiedImageError: cannot identify image file '/home/mpotts32/cams/Horizon/jpg/20240217.tar.gz'
Traceback (most recent call last):
  File "/home/mpotts32/cams/horizonsnap.py", line 219, in <module>
    add_time_stamp()
  File "/home/mpotts32/cams/horizonsnap.py", line 146, in add_time_stamp
    image = Image.open(latest_file)
  File "/home/mpotts32/.local/lib/python3.6/site-packages/PIL/Image.py", line 3031, in open
    "cannot identify image file %r" % (filename if filename else fp)
PIL.UnidentifiedImageError: cannot identify image file '/home/mpotts32/cams/Horizon/jpg/20240217.tar.gz'
Traceback (most recent call last):
  File "/home/mpotts32/cams/horizonsnap.py", line 219, in <module>
    add_time_stamp()
  File "/home/mpotts32/cams/horizonsnap.py", line 146, in add_time_stamp
    image = Image.open(latest_file)
  File "/home/mpotts32/.local/lib/python3.6/site-packages/PIL/Image.py", line 3031, in open
    "cannot identify image file %r" % (filename if filename else fp)
PIL.UnidentifiedImageError: cannot identify image file '/home/mpotts32/cams/Horizon/jpg/20240217.tar.gz'
Traceback (most recent call last):
  File "/home/mpotts32/cams/horizonsnap.py", line 219, in <module>
    add_time_stamp()
  File "/home/mpotts32/cams/horizonsnap.py", line 146, in add_time_stamp
    image = Image.open(latest_file)
  File "/home/mpotts32/.local/lib/python3.6/site-packages/PIL/Image.py", line 3031, in open
    "cannot identify image file %r" % (filename if filename else fp)
PIL.UnidentifiedImageError: cannot identify image file '/home/mpotts32/cams/Horizon/jpg/20240217.tar.gz'
Traceback (most recent call last):
  File "/home/mpotts32/cams/horizonsnap.py", line 219, in <module>
    add_time_stamp()
  File "/home/mpotts32/cams/horizonsnap.py", line 146, in add_time_stamp
    image = Image.open(latest_file)
  File "/home/mpotts32/.local/lib/python3.6/site-packages/PIL/Image.py", line 3031, in open
    "cannot identify image file %r" % (filename if filename else fp)
PIL.UnidentifiedImageError: cannot identify image file '/home/mpotts32/cams/Horizon/jpg/20240217.tar.gz'
Traceback (most recent call last):
  File "/home/mpotts32/cams/horizonsnap.py", line 219, in <module>
    add_time_stamp()
  File "/home/mpotts32/cams/horizonsnap.py", line 146, in add_time_stamp
    image = Image.open(latest_file)
  File "/home/mpotts32/.local/lib/python3.6/site-packages/PIL/Image.py", line 3031, in open
    "cannot identify image file %r" % (filename if filename else fp)
PIL.UnidentifiedImageError: cannot identify image file '/home/mpotts32/cams/Horizon/jpg/20240217.tar.gz'
Traceback (most recent call last):
  File "/home/mpotts32/cams/horizonsnap.py", line 219, in <module>
    add_time_stamp()
  File "/home/mpotts32/cams/horizonsnap.py", line 146, in add_time_stamp
    image = Image.open(latest_file)
  File "/home/mpotts32/.local/lib/python3.6/site-packages/PIL/Image.py", line 3031, in open
    "cannot identify image file %r" % (filename if filename else fp)
PIL.UnidentifiedImageError: cannot identify image file '/home/mpotts32/cams/Horizon/jpg/20240217.tar.gz'
Traceback (most recent call last):
  File "/home/mpotts32/cams/horizonsnap.py", line 219, in <module>
    add_time_stamp()
  File "/home/mpotts32/cams/horizonsnap.py", line 146, in add_time_stamp
    image = Image.open(latest_file)
  File "/home/mpotts32/.local/lib/python3.6/site-packages/PIL/Image.py", line 3031, in open
    "cannot identify image file %r" % (filename if filename else fp)
PIL.UnidentifiedImageError: cannot identify image file '/home/mpotts32/cams/Horizon/jpg/20240217.tar.gz'
Traceback (most recent call last):
  File "/home/mpotts32/cams/horizonsnap.py", line 219, in <module>
    add_time_stamp()
  File "/home/mpotts32/cams/horizonsnap.py", line 146, in add_time_stamp
    image = Image.open(latest_file)
  File "/home/mpotts32/.local/lib/python3.6/site-packages/PIL/Image.py", line 3031, in open
    "cannot identify image file %r" % (filename if filename else fp)
PIL.UnidentifiedImageError: cannot identify image file '/home/mpotts32/cams/Horizon/jpg/20240217.tar.gz'
Traceback (most recent call last):
  File "/home/mpotts32/cams/horizonsnap.py", line 219, in <module>
    add_time_stamp()
  File "/home/mpotts32/cams/horizonsnap.py", line 146, in add_time_stamp
    image = Image.open(latest_file)
  File "/home/mpotts32/.local/lib/python3.6/site-packages/PIL/Image.py", line 3031, in open
    "cannot identify image file %r" % (filename if filename else fp)
PIL.UnidentifiedImageError: cannot identify image file '/home/mpotts32/cams/Horizon/jpg/20240217.tar.gz'
Traceback (most recent call last):
  File "/home/mpotts32/cams/horizonsnap.py", line 219, in <module>
    add_time_stamp()
  File "/home/mpotts32/cams/horizonsnap.py", line 146, in add_time_stamp
    image = Image.open(latest_file)
  File "/home/mpotts32/.local/lib/python3.6/site-packages/PIL/Image.py", line 3031, in open
    "cannot identify image file %r" % (filename if filename else fp)
PIL.UnidentifiedImageError: cannot identify image file '/home/mpotts32/cams/Horizon/jpg/20240217.tar.gz'
Traceback (most recent call last):
  File "/home/mpotts32/cams/horizonsnap.py", line 219, in <module>
    add_time_stamp()
  File "/home/mpotts32/cams/horizonsnap.py", line 146, in add_time_stamp
    image = Image.open(latest_file)
  File "/home/mpotts32/.local/lib/python3.6/site-packages/PIL/Image.py", line 3031, in open
    "cannot identify image file %r" % (filename if filename else fp)
PIL.UnidentifiedImageError: cannot identify image file '/home/mpotts32/cams/Horizon/jpg/20240217.tar.gz'
Traceback (most recent call last):
  File "/home/mpotts32/cams/horizonsnap.py", line 219, in <module>
    add_time_stamp()
  File "/home/mpotts32/cams/horizonsnap.py", line 146, in add_time_stamp
    image = Image.open(latest_file)
  File "/home/mpotts32/.local/lib/python3.6/site-packages/PIL/Image.py", line 3031, in open
    "cannot identify image file %r" % (filename if filename else fp)
PIL.UnidentifiedImageError: cannot identify image file '/home/mpotts32/cams/Horizon/jpg/20240217.tar.gz'
Traceback (most recent call last):
  File "/home/mpotts32/cams/horizonsnap.py", line 219, in <module>
    add_time_stamp()
  File "/home/mpotts32/cams/horizonsnap.py", line 146, in add_time_stamp
    image = Image.open(latest_file)
  File "/home/mpotts32/.local/lib/python3.6/site-packages/PIL/Image.py", line 3031, in open
    "cannot identify image file %r" % (filename if filename else fp)
PIL.UnidentifiedImageError: cannot identify image file '/home/mpotts32/cams/Horizon/jpg/20240217.tar.gz'
Traceback (most recent call last):
  File "/home/mpotts32/cams/horizonsnap.py", line 219, in <module>
    add_time_stamp()
  File "/home/mpotts32/cams/horizonsnap.py", line 146, in add_time_stamp
    image = Image.open(latest_file)
  File "/home/mpotts32/.local/lib/python3.6/site-packages/PIL/Image.py", line 3031, in open
    "cannot identify image file %r" % (filename if filename else fp)
PIL.UnidentifiedImageError: cannot identify image file '/home/mpotts32/cams/Horizon/jpg/20240217.tar.gz'
Traceback (most recent call last):
  File "/home/mpotts32/cams/horizonsnap.py", line 219, in <module>
    add_time_stamp()
  File "/home/mpotts32/cams/horizonsnap.py", line 146, in add_time_stamp
    image = Image.open(latest_file)
  File "/home/mpotts32/.local/lib/python3.6/site-packages/PIL/Image.py", line 3031, in open
    "cannot identify image file %r" % (filename if filename else fp)
PIL.UnidentifiedImageError: cannot identify image file '/home/mpotts32/cams/Horizon/jpg/20240217.tar.gz'
Traceback (most recent call last):
  File "/home/mpotts32/cams/horizonsnap.py", line 219, in <module>
    add_time_stamp()
  File "/home/mpotts32/cams/horizonsnap.py", line 146, in add_time_stamp
    image = Image.open(latest_file)
  File "/home/mpotts32/.local/lib/python3.6/site-packages/PIL/Image.py", line 3031, in open
    "cannot identify image file %r" % (filename if filename else fp)
PIL.UnidentifiedImageError: cannot identify image file '/home/mpotts32/cams/Horizon/jpg/20240217.tar.gz'
Traceback (most recent call last):
  File "/home/mpotts32/cams/horizonsnap.py", line 219, in <module>
    add_time_stamp()
  File "/home/mpotts32/cams/horizonsnap.py", line 146, in add_time_stamp
    image = Image.open(latest_file)
  File "/home/mpotts32/.local/lib/python3.6/site-packages/PIL/Image.py", line 3031, in open
    "cannot identify image file %r" % (filename if filename else fp)
PIL.UnidentifiedImageError: cannot identify image file '/home/mpotts32/cams/Horizon/jpg/20240217.tar.gz'
Traceback (most recent call last):
  File "/home/mpotts32/cams/horizonsnap.py", line 219, in <module>
    add_time_stamp()
  File "/home/mpotts32/cams/horizonsnap.py", line 146, in add_time_stamp
    image = Image.open(latest_file)
  File "/home/mpotts32/.local/lib/python3.6/site-packages/PIL/Image.py", line 3031, in open
    "cannot identify image file %r" % (filename if filename else fp)
PIL.UnidentifiedImageError: cannot identify image file '/home/mpotts32/cams/Horizon/jpg/20240217.tar.gz'
Traceback (most recent call last):
  File "/home/mpotts32/cams/horizonsnap.py", line 219, in <module>
    add_time_stamp()
  File "/home/mpotts32/cams/horizonsnap.py", line 146, in add_time_stamp
    image = Image.open(latest_file)
  File "/home/mpotts32/.local/lib/python3.6/site-packages/PIL/Image.py", line 3031, in open
    "cannot identify image file %r" % (filename if filename else fp)
PIL.UnidentifiedImageError: cannot identify image file '/home/mpotts32/cams/Horizon/jpg/20240217.tar.gz'
Traceback (most recent call last):
  File "/home/mpotts32/cams/horizonsnap.py", line 219, in <module>
    add_time_stamp()
  File "/home/mpotts32/cams/horizonsnap.py", line 146, in add_time_stamp
    image = Image.open(latest_file)
  File "/home/mpotts32/.local/lib/python3.6/site-packages/PIL/Image.py", line 3031, in open
    "cannot identify image file %r" % (filename if filename else fp)
PIL.UnidentifiedImageError: cannot identify image file '/home/mpotts32/cams/Horizon/jpg/20240217.tar.gz'
Traceback (most recent call last):
  File "/home/mpotts32/cams/horizonsnap.py", line 219, in <module>
    add_time_stamp()
  File "/home/mpotts32/cams/horizonsnap.py", line 146, in add_time_stamp
    image = Image.open(latest_file)
  File "/home/mpotts32/.local/lib/python3.6/site-packages/PIL/Image.py", line 3031, in open
    "cannot identify image file %r" % (filename if filename else fp)
PIL.UnidentifiedImageError: cannot identify image file '/home/mpotts32/cams/Horizon/jpg/20240217.tar.gz'
Traceback (most recent call last):
  File "/home/mpotts32/cams/horizonsnap.py", line 219, in <module>
    add_time_stamp()
  File "/home/mpotts32/cams/horizonsnap.py", line 146, in add_time_stamp
    image = Image.open(latest_file)
  File "/home/mpotts32/.local/lib/python3.6/site-packages/PIL/Image.py", line 3031, in open
    "cannot identify image file %r" % (filename if filename else fp)
PIL.UnidentifiedImageError: cannot identify image file '/home/mpotts32/cams/Horizon/jpg/20240217.tar.gz'
Traceback (most recent call last):
  File "/home/mpotts32/cams/horizonsnap.py", line 219, in <module>
    add_time_stamp()
  File "/home/mpotts32/cams/horizonsnap.py", line 146, in add_time_stamp
    image = Image.open(latest_file)
  File "/home/mpotts32/.local/lib/python3.6/site-packages/PIL/Image.py", line 3031, in open
    "cannot identify image file %r" % (filename if filename else fp)
PIL.UnidentifiedImageError: cannot identify image file '/home/mpotts32/cams/Horizon/jpg/20240217.tar.gz'
Traceback (most recent call last):
  File "/home/mpotts32/cams/horizonsnap.py", line 219, in <module>
    add_time_stamp()
  File "/home/mpotts32/cams/horizonsnap.py", line 146, in add_time_stamp
    image = Image.open(latest_file)
  File "/home/mpotts32/.local/lib/python3.6/site-packages/PIL/Image.py", line 3031, in open
    "cannot identify image file %r" % (filename if filename else fp)
PIL.UnidentifiedImageError: cannot identify image file '/home/mpotts32/cams/Horizon/jpg/20240217.tar.gz'
Traceback (most recent call last):
  File "/home/mpotts32/cams/horizonsnap.py", line 219, in <module>
    add_time_stamp()
  File "/home/mpotts32/cams/horizonsnap.py", line 146, in add_time_stamp
    image = Image.open(latest_file)
  File "/home/mpotts32/.local/lib/python3.6/site-packages/PIL/Image.py", line 3031, in open
    "cannot identify image file %r" % (filename if filename else fp)
PIL.UnidentifiedImageError: cannot identify image file '/home/mpotts32/cams/Horizon/jpg/20240217.tar.gz'
Traceback (most recent call last):
  File "/home/mpotts32/cams/horizonsnap.py", line 219, in <module>
    add_time_stamp()
  File "/home/mpotts32/cams/horizonsnap.py", line 146, in add_time_stamp
    image = Image.open(latest_file)
  File "/home/mpotts32/.local/lib/python3.6/site-packages/PIL/Image.py", line 3031, in open
    "cannot identify image file %r" % (filename if filename else fp)
PIL.UnidentifiedImageError: cannot identify image file '/home/mpotts32/cams/Horizon/jpg/20240217.tar.gz'
Traceback (most recent call last):
  File "/home/mpotts32/cams/horizonsnap.py", line 219, in <module>
    add_time_stamp()
  File "/home/mpotts32/cams/horizonsnap.py", line 146, in add_time_stamp
    image = Image.open(latest_file)
  File "/home/mpotts32/.local/lib/python3.6/site-packages/PIL/Image.py", line 3031, in open
    "cannot identify image file %r" % (filename if filename else fp)
PIL.UnidentifiedImageError: cannot identify image file '/home/mpotts32/cams/Horizon/jpg/20240217.tar.gz'
Traceback (most recent call last):
  File "/home/mpotts32/cams/horizonsnap.py", line 219, in <module>
    add_time_stamp()
  File "/home/mpotts32/cams/horizonsnap.py", line 146, in add_time_stamp
    image = Image.open(latest_file)
  File "/home/mpotts32/.local/lib/python3.6/site-packages/PIL/Image.py", line 3031, in open
    "cannot identify image file %r" % (filename if filename else fp)
PIL.UnidentifiedImageError: cannot identify image file '/home/mpotts32/cams/Horizon/jpg/20240217.tar.gz'
Traceback (most recent call last):
  File "/home/mpotts32/cams/horizonsnap.py", line 219, in <module>
    add_time_stamp()
  File "/home/mpotts32/cams/horizonsnap.py", line 146, in add_time_stamp
    image = Image.open(latest_file)
  File "/home/mpotts32/.local/lib/python3.6/site-packages/PIL/Image.py", line 3031, in open
    "cannot identify image file %r" % (filename if filename else fp)
PIL.UnidentifiedImageError: cannot identify image file '/home/mpotts32/cams/Horizon/jpg/20240217.tar.gz'
Traceback (most recent call last):
  File "/home/mpotts32/cams/horizonsnap.py", line 219, in <module>
    add_time_stamp()
  File "/home/mpotts32/cams/horizonsnap.py", line 146, in add_time_stamp
    image = Image.open(latest_file)
  File "/home/mpotts32/.local/lib/python3.6/site-packages/PIL/Image.py", line 3031, in open
    "cannot identify image file %r" % (filename if filename else fp)
PIL.UnidentifiedImageError: cannot identify image file '/home/mpotts32/cams/Horizon/jpg/20240217.tar.gz'
Traceback (most recent call last):
  File "/home/mpotts32/cams/horizonsnap.py", line 219, in <module>
    add_time_stamp()
  File "/home/mpotts32/cams/horizonsnap.py", line 146, in add_time_stamp
    image = Image.open(latest_file)
  File "/home/mpotts32/.local/lib/python3.6/site-packages/PIL/Image.py", line 3031, in open
    "cannot identify image file %r" % (filename if filename else fp)
PIL.UnidentifiedImageError: cannot identify image file '/home/mpotts32/cams/Horizon/jpg/20240217.tar.gz'
Traceback (most recent call last):
  File "/home/mpotts32/cams/horizonsnap.py", line 219, in <module>
    add_time_stamp()
  File "/home/mpotts32/cams/horizonsnap.py", line 146, in add_time_stamp
    image = Image.open(latest_file)
  File "/home/mpotts32/.local/lib/python3.6/site-packages/PIL/Image.py", line 3031, in open
    "cannot identify image file %r" % (filename if filename else fp)
PIL.UnidentifiedImageError: cannot identify image file '/home/mpotts32/cams/Horizon/jpg/20240217.tar.gz'
Traceback (most recent call last):
  File "/home/mpotts32/cams/horizonsnap.py", line 219, in <module>
    add_time_stamp()
  File "/home/mpotts32/cams/horizonsnap.py", line 146, in add_time_stamp
    image = Image.open(latest_file)
  File "/home/mpotts32/.local/lib/python3.6/site-packages/PIL/Image.py", line 3031, in open
    "cannot identify image file %r" % (filename if filename else fp)
PIL.UnidentifiedImageError: cannot identify image file '/home/mpotts32/cams/Horizon/jpg/20240217.tar.gz'
Traceback (most recent call last):
  File "/home/mpotts32/cams/horizonsnap.py", line 219, in <module>
    add_time_stamp()
  File "/home/mpotts32/cams/horizonsnap.py", line 146, in add_time_stamp
    image = Image.open(latest_file)
  File "/home/mpotts32/.local/lib/python3.6/site-packages/PIL/Image.py", line 3031, in open
    "cannot identify image file %r" % (filename if filename else fp)
PIL.UnidentifiedImageError: cannot identify image file '/home/mpotts32/cams/Horizon/jpg/20240217.tar.gz'
Traceback (most recent call last):
  File "/home/mpotts32/cams/horizonsnap.py", line 219, in <module>
    add_time_stamp()
  File "/home/mpotts32/cams/horizonsnap.py", line 146, in add_time_stamp
    image = Image.open(latest_file)
  File "/home/mpotts32/.local/lib/python3.6/site-packages/PIL/Image.py", line 3031, in open
    "cannot identify image file %r" % (filename if filename else fp)
PIL.UnidentifiedImageError: cannot identify image file '/home/mpotts32/cams/Horizon/jpg/20240217.tar.gz'
Traceback (most recent call last):
  File "/home/mpotts32/cams/horizonsnap.py", line 219, in <module>
    add_time_stamp()
  File "/home/mpotts32/cams/horizonsnap.py", line 146, in add_time_stamp
    image = Image.open(latest_file)
  File "/home/mpotts32/.local/lib/python3.6/site-packages/PIL/Image.py", line 3031, in open
    "cannot identify image file %r" % (filename if filename else fp)
PIL.UnidentifiedImageError: cannot identify image file '/home/mpotts32/cams/Horizon/jpg/20240217.tar.gz'
Traceback (most recent call last):
  File "/home/mpotts32/cams/horizonsnap.py", line 219, in <module>
    add_time_stamp()
  File "/home/mpotts32/cams/horizonsnap.py", line 146, in add_time_stamp
    image = Image.open(latest_file)
  File "/home/mpotts32/.local/lib/python3.6/site-packages/PIL/Image.py", line 3031, in open
    "cannot identify image file %r" % (filename if filename else fp)
PIL.UnidentifiedImageError: cannot identify image file '/home/mpotts32/cams/Horizon/jpg/20240217.tar.gz'
Traceback (most recent call last):
  File "/home/mpotts32/cams/horizonsnap.py", line 219, in <module>
    add_time_stamp()
  File "/home/mpotts32/cams/horizonsnap.py", line 146, in add_time_stamp
    image = Image.open(latest_file)
  File "/home/mpotts32/.local/lib/python3.6/site-packages/PIL/Image.py", line 3031, in open
    "cannot identify image file %r" % (filename if filename else fp)
PIL.UnidentifiedImageError: cannot identify image file '/home/mpotts32/cams/Horizon/jpg/20240217.tar.gz'
Traceback (most recent call last):
  File "/home/mpotts32/cams/horizonsnap.py", line 219, in <module>
    add_time_stamp()
  File "/home/mpotts32/cams/horizonsnap.py", line 146, in add_time_stamp
    image = Image.open(latest_file)
  File "/home/mpotts32/.local/lib/python3.6/site-packages/PIL/Image.py", line 3031, in open
    "cannot identify image file %r" % (filename if filename else fp)
PIL.UnidentifiedImageError: cannot identify image file '/home/mpotts32/cams/Horizon/jpg/20240217.tar.gz'
Traceback (most recent call last):
  File "/home/mpotts32/cams/horizonsnap.py", line 219, in <module>
    add_time_stamp()
  File "/home/mpotts32/cams/horizonsnap.py", line 146, in add_time_stamp
    image = Image.open(latest_file)
  File "/home/mpotts32/.local/lib/python3.6/site-packages/PIL/Image.py", line 3031, in open
    "cannot identify image file %r" % (filename if filename else fp)
PIL.UnidentifiedImageError: cannot identify image file '/home/mpotts32/cams/Horizon/jpg/20240217.tar.gz'
Traceback (most recent call last):
  File "/home/mpotts32/cams/horizonsnap.py", line 219, in <module>
    add_time_stamp()
  File "/home/mpotts32/cams/horizonsnap.py", line 146, in add_time_stamp
    image = Image.open(latest_file)
  File "/home/mpotts32/.local/lib/python3.6/site-packages/PIL/Image.py", line 3031, in open
    "cannot identify image file %r" % (filename if filename else fp)
PIL.UnidentifiedImageError: cannot identify image file '/home/mpotts32/cams/Horizon/jpg/20240217.tar.gz'
Traceback (most recent call last):
  File "/home/mpotts32/cams/horizonsnap.py", line 219, in <module>
    add_time_stamp()
  File "/home/mpotts32/cams/horizonsnap.py", line 146, in add_time_stamp
    image = Image.open(latest_file)
  File "/home/mpotts32/.local/lib/python3.6/site-packages/PIL/Image.py", line 3031, in open
    "cannot identify image file %r" % (filename if filename else fp)
PIL.UnidentifiedImageError: cannot identify image file '/home/mpotts32/cams/Horizon/jpg/20240217.tar.gz'
Traceback (most recent call last):
  File "/home/mpotts32/cams/horizonsnap.py", line 219, in <module>
    add_time_stamp()
  File "/home/mpotts32/cams/horizonsnap.py", line 146, in add_time_stamp
    image = Image.open(latest_file)
  File "/home/mpotts32/.local/lib/python3.6/site-packages/PIL/Image.py", line 3031, in open
    "cannot identify image file %r" % (filename if filename else fp)
PIL.UnidentifiedImageError: cannot identify image file '/home/mpotts32/cams/Horizon/jpg/20240217.tar.gz'
Traceback (most recent call last):
  File "/home/mpotts32/cams/horizonsnap.py", line 219, in <module>
    add_time_stamp()
  File "/home/mpotts32/cams/horizonsnap.py", line 146, in add_time_stamp
    image = Image.open(latest_file)
  File "/home/mpotts32/.local/lib/python3.6/site-packages/PIL/Image.py", line 3031, in open
    "cannot identify image file %r" % (filename if filename else fp)
PIL.UnidentifiedImageError: cannot identify image file '/home/mpotts32/cams/Horizon/jpg/20240217.tar.gz'
Traceback (most recent call last):
  File "/home/mpotts32/cams/horizonsnap.py", line 219, in <module>
    add_time_stamp()
  File "/home/mpotts32/cams/horizonsnap.py", line 146, in add_time_stamp
    image = Image.open(latest_file)
  File "/home/mpotts32/.local/lib/python3.6/site-packages/PIL/Image.py", line 3031, in open
    "cannot identify image file %r" % (filename if filename else fp)
PIL.UnidentifiedImageError: cannot identify image file '/home/mpotts32/cams/Horizon/jpg/20240217.tar.gz'
Traceback (most recent call last):
  File "/home/mpotts32/cams/horizonsnap.py", line 219, in <module>
    add_time_stamp()
  File "/home/mpotts32/cams/horizonsnap.py", line 146, in add_time_stamp
    image = Image.open(latest_file)
  File "/home/mpotts32/.local/lib/python3.6/site-packages/PIL/Image.py", line 3031, in open
    "cannot identify image file %r" % (filename if filename else fp)
PIL.UnidentifiedImageError: cannot identify image file '/home/mpotts32/cams/Horizon/jpg/20240217.tar.gz'
Traceback (most recent call last):
  File "/home/mpotts32/cams/horizonsnap.py", line 219, in <module>
    add_time_stamp()
  File "/home/mpotts32/cams/horizonsnap.py", line 146, in add_time_stamp
    image = Image.open(latest_file)
  File "/home/mpotts32/.local/lib/python3.6/site-packages/PIL/Image.py", line 3031, in open
    "cannot identify image file %r" % (filename if filename else fp)
PIL.UnidentifiedImageError: cannot identify image file '/home/mpotts32/cams/Horizon/jpg/20240217.tar.gz'
Traceback (most recent call last):
  File "/home/mpotts32/cams/horizonsnap.py", line 217, in <module>
    sleep(new_exp/10**6)
NameError: name 'sleep' is not defined
  File "/home/mpotts32/cams/horizonsnap.py", line 149
    log_file(f'Convert units {}
                              ^
SyntaxError: EOL while scanning string literal
Traceback (most recent call last):
  File "/home/mpotts32/cams/horizonsnap.py", line 227, in <module>
    ew_exp, units=set_units(new_exp)
  File "/home/mpotts32/cams/horizonsnap.py", line 150, in set_units
    return new_exp, units
UnboundLocalError: local variable 'new_exp' referenced before assignment
Traceback (most recent call last):
  File "/home/mpotts32/cams/horizonsnap.py", line 226, in <module>
    new_exp, units=set_units(new_exp)
  File "/home/mpotts32/cams/horizonsnap.py", line 150, in set_units
    return new_exp, units
UnboundLocalError: local variable 'new_exp' referenced before assignment
Traceback (most recent call last):
  File "/home/mpotts32/cams/horizonsnap.py", line 226, in <module>
    new_exp, units=set_units(new_exp)
  File "/home/mpotts32/cams/horizonsnap.py", line 150, in set_units
    return new_exp, units
UnboundLocalError: local variable 'new_exp' referenced before assignment
Traceback (most recent call last):
  File "/home/mpotts32/cams/horizonsnap.py", line 226, in <module>
    new_exp, units=set_units(new_exp)
  File "/home/mpotts32/cams/horizonsnap.py", line 150, in set_units
    return new_exp, units
UnboundLocalError: local variable 'new_exp' referenced before assignment
Traceback (most recent call last):
  File "/home/mpotts32/cams/horizonsnap.py", line 226, in <module>
    new_exp, units=set_units(new_exp)
  File "/home/mpotts32/cams/horizonsnap.py", line 150, in set_units
    return new_exp, units
UnboundLocalError: local variable 'new_exp' referenced before assignment
Traceback (most recent call last):
  File "/home/mpotts32/cams/horizonsnap.py", line 226, in <module>
    new_exp, units=set_units(new_exp)
  File "/home/mpotts32/cams/horizonsnap.py", line 150, in set_units
    return new_exp, units
UnboundLocalError: local variable 'new_exp' referenced before assignment
Traceback (most recent call last):
  File "/home/mpotts32/cams/horizonsnap.py", line 226, in <module>
    new_exp, units=set_units(new_exp)
  File "/home/mpotts32/cams/horizonsnap.py", line 150, in set_units
    return new_exp, units
UnboundLocalError: local variable 'new_exp' referenced before assignment
Traceback (most recent call last):
  File "/home/mpotts32/cams/horizonsnap.py", line 226, in <module>
    new_exp, units=set_units(new_exp)
  File "/home/mpotts32/cams/horizonsnap.py", line 150, in set_units
    return new_exp, units
UnboundLocalError: local variable 'new_exp' referenced before assignment
Traceback (most recent call last):
  File "/home/mpotts32/cams/horizonsnap.py", line 226, in <module>
    new_exp, units=set_units(new_exp)
  File "/home/mpotts32/cams/horizonsnap.py", line 150, in set_units
    return new_exp, units
UnboundLocalError: local variable 'new_exp' referenced before assignment
Traceback (most recent call last):
  File "/home/mpotts32/cams/horizonsnap.py", line 226, in <module>
    new_exp, units=set_units(new_exp)
  File "/home/mpotts32/cams/horizonsnap.py", line 150, in set_units
    return new_exp, units
UnboundLocalError: local variable 'new_exp' referenced before assignment
