INFO:root:Added sunrise_time: 2024-05-04 11:38:13 
INFO:root:Added sunrise_time: 2024-05-04 11:38:13 
INFO:root:Added sunrise_time: 2024-05-04 11:38:13 
INFO:root:Before Sunrise 
2024-05-03 19:40:42 - Added sunrise_time: 2024-05-04 11:38:13 
2024-05-03 19:40:45 - Before Sunrise 
2024-05-03 19:41:20 - Passed Sunrise 
2024-05-03 19:41:20 - Shutting Down Camera 
2024-05-03 19:42:40 - Shut down camera Successful 
2024-05-03 19:42:40 - CTM complete. Powering Down MagnaPS 
2024-05-03 19:42:42 - Shutdown Complete 
2024-05-03 19:43:13 - Passed Sunrise 
2024-05-03 19:43:13 - CT Camera not operating 
2024-05-03 19:43:24 - Passed Sunrise 
2024-05-03 19:43:24 - CT Camera not operating 
2024-05-03 19:43:43 - Passed Sunrise 
2024-05-03 19:43:43 - CT Camera not operating 
2024-05-03 20:09:42 - Added sunrise_time: 2024-05-04 11:38:13 
2024-05-03 20:11:45 - Added sunrise_time: 2024-05-04 11:38:13 
2024-05-03 20:16:09 - Added sunrise_time: 2024-05-04 11:38:13 
2024-05-03 20:19:56 - Added sunrise_time: 2024-05-04 11:38:13 
2024-05-03 20:29:06 - Added sunrise_time: 2024-05-04 11:38:13 
Traceback (most recent call last):
  File "/home/trinity/control_software/FailSAFE/sunrise.py", line 1, in <module>
    import ephem
ModuleNotFoundError: No module named 'ephem'
2024-05-03 20:36:40 - Added sunrise_time: 2024-05-04 11:38:13 
Traceback (most recent call last):
  File "/home/trinity/control_software/FailSAFE/sunrise.py", line 1, in <module>
    import ephem
ModuleNotFoundError: No module named 'ephem'
2024-05-03 20:44:01 - Added sunrise_time: 2024-05-04 11:38:13 
2024-05-04 10:00:01 - Before Sunrise 
2024-05-04 10:10:01 - Before Sunrise 
2024-05-04 10:20:01 - Before Sunrise 
2024-05-04 10:30:01 - Before Sunrise 
2024-05-04 10:40:01 - Before Sunrise 
2024-05-04 10:50:01 - Before Sunrise 
2024-05-04 11:00:01 - Before Sunrise 
2024-05-04 11:10:01 - Before Sunrise 
2024-05-04 11:20:01 - Before Sunrise 
2024-05-04 11:30:01 - Before Sunrise 
2024-05-04 11:40:01 - Passed Sunrise 
2024-05-04 11:40:01 - CT Camera not operating 
2024-05-04 11:50:01 - Passed Sunrise 
2024-05-04 11:50:01 - CT Camera not operating 
2024-05-04 12:00:01 - Passed Sunrise 
2024-05-04 12:00:01 - CT Camera not operating 
2024-05-04 12:10:02 - Passed Sunrise 
2024-05-04 12:10:02 - CT Camera not operating 
2024-05-04 12:20:01 - Passed Sunrise 
2024-05-04 12:20:01 - CT Camera not operating 
2024-05-04 12:30:01 - Passed Sunrise 
2024-05-04 12:30:01 - CT Camera not operating 
2024-05-04 12:40:01 - Passed Sunrise 
2024-05-04 12:40:01 - CT Camera not operating 
2024-05-04 12:50:01 - Passed Sunrise 
2024-05-04 12:50:01 - CT Camera not operating 
2024-05-04 13:00:01 - Passed Sunrise 
2024-05-04 13:00:01 - CT Camera not operating 
2024-05-04 13:10:02 - Passed Sunrise 
2024-05-04 13:10:02 - CT Camera not operating 
2024-05-04 13:20:01 - Passed Sunrise 
2024-05-04 13:20:01 - CT Camera not operating 
2024-05-04 13:30:01 - Passed Sunrise 
2024-05-04 13:30:01 - CT Camera not operating 
2024-05-04 13:40:01 - Passed Sunrise 
2024-05-04 13:40:01 - CT Camera not operating 
2024-05-04 13:50:01 - Passed Sunrise 
2024-05-04 13:50:01 - CT Camera not operating 
2024-05-04 14:00:01 - Passed Sunrise 
2024-05-04 14:00:01 - CT Camera not operating 
2024-05-04 14:10:02 - Passed Sunrise 
2024-05-04 14:10:02 - CT Camera not operating 
2024-05-04 14:20:01 - Passed Sunrise 
2024-05-04 14:20:01 - CT Camera not operating 
2024-05-04 14:30:01 - Passed Sunrise 
2024-05-04 14:30:01 - CT Camera not operating 
2024-05-04 14:40:01 - Passed Sunrise 
2024-05-04 14:40:01 - CT Camera not operating 
2024-05-04 14:50:01 - Passed Sunrise 
2024-05-04 14:50:01 - CT Camera not operating 
2024-05-04 15:00:01 - Passed Sunrise 
2024-05-04 15:00:01 - CT Camera not operating 
2024-05-04 15:10:01 - Passed Sunrise 
2024-05-04 15:10:01 - CT Camera not operating 
2024-05-04 15:20:01 - Passed Sunrise 
2024-05-04 15:20:01 - CT Camera not operating 
2024-05-04 15:30:01 - Passed Sunrise 
2024-05-04 15:30:01 - CT Camera not operating 
2024-05-04 15:40:01 - Passed Sunrise 
2024-05-04 15:40:01 - CT Camera not operating 
2024-05-04 15:50:01 - Passed Sunrise 
2024-05-04 15:50:01 - CT Camera not operating 
2024-05-04 16:00:01 - Passed Sunrise 
2024-05-04 16:00:01 - CT Camera not operating 
2024-05-04 16:10:01 - Passed Sunrise 
2024-05-04 16:10:01 - CT Camera not operating 
2024-05-04 16:20:01 - Passed Sunrise 
2024-05-04 16:20:01 - CT Camera not operating 
2024-05-04 16:30:01 - Passed Sunrise 
2024-05-04 16:30:01 - CT Camera not operating 
2024-05-04 16:40:01 - Passed Sunrise 
2024-05-04 16:40:01 - CT Camera not operating 
2024-05-04 16:50:01 - Passed Sunrise 
2024-05-04 16:50:01 - CT Camera not operating 
2024-05-04 20:01:02 - Added sunrise_time: 2024-05-05 11:36:56 
2024-05-05 10:00:02 - Before Sunrise 
2024-05-05 10:10:01 - Before Sunrise 
2024-05-05 10:20:01 - Before Sunrise 
2024-05-05 10:30:01 - Before Sunrise 
2024-05-05 10:40:01 - Before Sunrise 
2024-05-05 10:50:01 - Before Sunrise 
2024-05-05 11:00:02 - Before Sunrise 
2024-05-05 11:10:01 - Before Sunrise 
2024-05-05 11:20:01 - Before Sunrise 
2024-05-05 11:30:01 - Before Sunrise 
2024-05-05 11:40:01 - Passed Sunrise 
2024-05-05 11:40:01 - CT Camera not operating 
2024-05-05 11:50:01 - Passed Sunrise 
2024-05-05 11:50:01 - CT Camera not operating 
2024-05-05 12:00:02 - Passed Sunrise 
2024-05-05 12:00:02 - CT Camera not operating 
2024-05-05 12:10:01 - Passed Sunrise 
2024-05-05 12:10:01 - CT Camera not operating 
2024-05-05 12:20:01 - Passed Sunrise 
2024-05-05 12:20:01 - CT Camera not operating 
2024-05-05 12:30:01 - Passed Sunrise 
2024-05-05 12:30:01 - CT Camera not operating 
2024-05-05 12:40:01 - Passed Sunrise 
2024-05-05 12:40:01 - CT Camera not operating 
2024-05-05 12:50:02 - Passed Sunrise 
2024-05-05 12:50:02 - CT Camera not operating 
2024-05-05 13:00:01 - Passed Sunrise 
2024-05-05 13:00:01 - CT Camera not operating 
2024-05-05 13:10:01 - Passed Sunrise 
2024-05-05 13:10:01 - CT Camera not operating 
2024-05-05 13:20:01 - Passed Sunrise 
2024-05-05 13:20:01 - CT Camera not operating 
2024-05-05 13:30:01 - Passed Sunrise 
2024-05-05 13:30:01 - CT Camera not operating 
2024-05-05 13:40:01 - Passed Sunrise 
2024-05-05 13:40:01 - CT Camera not operating 
2024-05-05 13:50:02 - Passed Sunrise 
2024-05-05 13:50:02 - CT Camera not operating 
2024-05-05 14:00:01 - Passed Sunrise 
2024-05-05 14:00:01 - CT Camera not operating 
2024-05-05 14:10:01 - Passed Sunrise 
2024-05-05 14:10:01 - CT Camera not operating 
2024-05-05 14:20:01 - Passed Sunrise 
2024-05-05 14:20:01 - CT Camera not operating 
2024-05-05 14:30:01 - Passed Sunrise 
2024-05-05 14:30:01 - CT Camera not operating 
2024-05-05 14:40:01 - Passed Sunrise 
2024-05-05 14:40:01 - CT Camera not operating 
2024-05-05 14:50:02 - Passed Sunrise 
2024-05-05 14:50:02 - CT Camera not operating 
2024-05-05 15:00:01 - Passed Sunrise 
2024-05-05 15:00:01 - CT Camera not operating 
2024-05-05 15:10:01 - Passed Sunrise 
2024-05-05 15:10:01 - CT Camera not operating 
2024-05-05 15:20:01 - Passed Sunrise 
2024-05-05 15:20:01 - CT Camera not operating 
2024-05-05 15:30:01 - Passed Sunrise 
2024-05-05 15:30:01 - CT Camera not operating 
2024-05-05 15:40:01 - Passed Sunrise 
2024-05-05 15:40:01 - CT Camera not operating 
2024-05-05 15:50:01 - Passed Sunrise 
2024-05-05 15:50:01 - CT Camera not operating 
2024-05-05 16:00:01 - Passed Sunrise 
2024-05-05 16:00:01 - CT Camera not operating 
2024-05-05 16:10:01 - Passed Sunrise 
2024-05-05 16:10:01 - CT Camera not operating 
2024-05-05 16:20:01 - Passed Sunrise 
2024-05-05 16:20:01 - CT Camera not operating 
2024-05-05 16:30:01 - Passed Sunrise 
2024-05-05 16:30:01 - CT Camera not operating 
2024-05-05 16:40:01 - Passed Sunrise 
2024-05-05 16:40:01 - CT Camera not operating 
2024-05-05 16:50:01 - Passed Sunrise 
2024-05-05 16:50:01 - CT Camera not operating 
2024-05-05 20:01:01 - Added sunrise_time: 2024-05-06 11:35:40 
2024-05-06 10:00:01 - Before Sunrise 
2024-05-06 10:10:01 - Before Sunrise 
2024-05-06 10:20:01 - Before Sunrise 
2024-05-06 10:30:01 - Before Sunrise 
2024-05-06 10:40:01 - Before Sunrise 
2024-05-06 10:50:01 - Before Sunrise 
2024-05-06 11:00:01 - Before Sunrise 
2024-05-06 11:10:01 - Before Sunrise 
2024-05-06 11:20:01 - Before Sunrise 
2024-05-06 11:30:02 - Before Sunrise 
2024-05-06 11:40:01 - Passed Sunrise 
2024-05-06 11:40:01 - CT Camera not operating 
2024-05-06 11:50:01 - Passed Sunrise 
2024-05-06 11:50:01 - CT Camera not operating 
2024-05-06 12:00:01 - Passed Sunrise 
2024-05-06 12:00:01 - CT Camera not operating 
2024-05-06 12:10:01 - Passed Sunrise 
2024-05-06 12:10:01 - CT Camera not operating 
2024-05-06 12:20:01 - Passed Sunrise 
2024-05-06 12:20:01 - CT Camera not operating 
2024-05-06 12:30:02 - Passed Sunrise 
2024-05-06 12:30:02 - CT Camera not operating 
2024-05-06 12:40:01 - Passed Sunrise 
2024-05-06 12:40:01 - CT Camera not operating 
2024-05-06 12:50:01 - Passed Sunrise 
2024-05-06 12:50:01 - CT Camera not operating 
2024-05-06 13:00:01 - Passed Sunrise 
2024-05-06 13:00:01 - CT Camera not operating 
2024-05-06 13:10:01 - Passed Sunrise 
2024-05-06 13:10:01 - CT Camera not operating 
2024-05-06 13:20:01 - Passed Sunrise 
2024-05-06 13:20:01 - CT Camera not operating 
2024-05-06 13:30:02 - Passed Sunrise 
2024-05-06 13:30:02 - CT Camera not operating 
2024-05-06 13:40:01 - Passed Sunrise 
2024-05-06 13:40:01 - CT Camera not operating 
2024-05-06 13:50:01 - Passed Sunrise 
2024-05-06 13:50:01 - CT Camera not operating 
2024-05-06 14:00:01 - Passed Sunrise 
2024-05-06 14:00:01 - CT Camera not operating 
2024-05-06 14:10:01 - Passed Sunrise 
2024-05-06 14:10:01 - CT Camera not operating 
2024-05-06 14:20:01 - Passed Sunrise 
2024-05-06 14:20:01 - CT Camera not operating 
2024-05-06 14:30:02 - Passed Sunrise 
2024-05-06 14:30:02 - CT Camera not operating 
2024-05-06 14:40:01 - Passed Sunrise 
2024-05-06 14:40:01 - CT Camera not operating 
2024-05-06 14:50:01 - Passed Sunrise 
2024-05-06 14:50:01 - CT Camera not operating 
2024-05-06 15:00:01 - Passed Sunrise 
2024-05-06 15:00:01 - CT Camera not operating 
2024-05-06 15:10:01 - Passed Sunrise 
2024-05-06 15:10:01 - CT Camera not operating 
2024-05-06 15:20:02 - Passed Sunrise 
2024-05-06 15:20:02 - CT Camera not operating 
2024-05-06 15:30:01 - Passed Sunrise 
2024-05-06 15:30:01 - CT Camera not operating 
2024-05-06 15:40:01 - Passed Sunrise 
2024-05-06 15:40:01 - CT Camera not operating 
2024-05-06 15:50:01 - Passed Sunrise 
2024-05-06 15:50:01 - CT Camera not operating 
2024-05-06 16:00:01 - Passed Sunrise 
2024-05-06 16:00:01 - CT Camera not operating 
2024-05-06 16:10:01 - Passed Sunrise 
2024-05-06 16:10:01 - CT Camera not operating 
2024-05-06 16:20:02 - Passed Sunrise 
2024-05-06 16:20:02 - CT Camera not operating 
2024-05-06 16:30:01 - Passed Sunrise 
2024-05-06 16:30:01 - CT Camera not operating 
2024-05-06 16:40:01 - Passed Sunrise 
2024-05-06 16:40:01 - CT Camera not operating 
2024-05-06 16:50:01 - Passed Sunrise 
2024-05-06 16:50:01 - CT Camera not operating 
2024-05-06 20:01:01 - Added sunrise_time: 2024-05-07 11:34:26 
2024-05-07 10:00:01 - Before Sunrise 
2024-05-07 10:10:01 - Before Sunrise 
2024-05-07 10:20:01 - Before Sunrise 
2024-05-07 10:30:01 - Before Sunrise 
2024-05-07 10:40:01 - Before Sunrise 
2024-05-07 10:50:01 - Before Sunrise 
2024-05-07 11:00:01 - Before Sunrise 
2024-05-07 11:10:01 - Before Sunrise 
2024-05-07 11:20:01 - Before Sunrise 
2024-05-07 11:30:02 - Before Sunrise 
2024-05-07 11:40:01 - Passed Sunrise 
2024-05-07 11:40:01 - CT Camera not operating 
2024-05-07 11:50:01 - Passed Sunrise 
2024-05-07 11:50:01 - CT Camera not operating 
2024-05-07 12:00:01 - Passed Sunrise 
2024-05-07 12:00:01 - CT Camera not operating 
2024-05-07 12:10:01 - Passed Sunrise 
2024-05-07 12:10:01 - CT Camera not operating 
2024-05-07 12:20:01 - Passed Sunrise 
2024-05-07 12:20:01 - CT Camera not operating 
2024-05-07 12:30:02 - Passed Sunrise 
2024-05-07 12:30:02 - CT Camera not operating 
2024-05-07 12:40:01 - Passed Sunrise 
2024-05-07 12:40:01 - CT Camera not operating 
2024-05-07 12:50:01 - Passed Sunrise 
2024-05-07 12:50:01 - CT Camera not operating 
2024-05-07 13:00:01 - Passed Sunrise 
2024-05-07 13:00:01 - CT Camera not operating 
2024-05-07 13:10:01 - Passed Sunrise 
2024-05-07 13:10:01 - CT Camera not operating 
2024-05-07 13:20:01 - Passed Sunrise 
2024-05-07 13:20:01 - CT Camera not operating 
2024-05-07 13:30:02 - Passed Sunrise 
2024-05-07 13:30:02 - CT Camera not operating 
2024-05-07 13:40:01 - Passed Sunrise 
2024-05-07 13:40:01 - CT Camera not operating 
2024-05-07 13:50:01 - Passed Sunrise 
2024-05-07 13:50:01 - CT Camera not operating 
2024-05-07 14:00:01 - Passed Sunrise 
2024-05-07 14:00:01 - CT Camera not operating 
2024-05-07 14:10:01 - Passed Sunrise 
2024-05-07 14:10:01 - CT Camera not operating 
2024-05-07 14:20:01 - Passed Sunrise 
2024-05-07 14:20:01 - CT Camera not operating 
2024-05-07 14:30:02 - Passed Sunrise 
2024-05-07 14:30:02 - CT Camera not operating 
2024-05-07 14:40:01 - Passed Sunrise 
2024-05-07 14:40:01 - CT Camera not operating 
2024-05-07 14:50:01 - Passed Sunrise 
2024-05-07 14:50:01 - CT Camera not operating 
2024-05-07 15:00:01 - Passed Sunrise 
2024-05-07 15:00:01 - CT Camera not operating 
2024-05-07 15:10:01 - Passed Sunrise 
2024-05-07 15:10:01 - CT Camera not operating 
2024-05-07 15:20:01 - Passed Sunrise 
2024-05-07 15:20:01 - CT Camera not operating 
2024-05-07 15:30:02 - Passed Sunrise 
2024-05-07 15:30:02 - CT Camera not operating 
2024-05-07 15:40:01 - Passed Sunrise 
2024-05-07 15:40:01 - CT Camera not operating 
2024-05-07 15:50:01 - Passed Sunrise 
2024-05-07 15:50:01 - CT Camera not operating 
2024-05-07 16:00:01 - Passed Sunrise 
2024-05-07 16:00:01 - CT Camera not operating 
2024-05-07 16:10:01 - Passed Sunrise 
2024-05-07 16:10:01 - CT Camera not operating 
2024-05-07 16:20:02 - Passed Sunrise 
2024-05-07 16:20:02 - CT Camera not operating 
2024-05-07 16:30:01 - Passed Sunrise 
2024-05-07 16:30:01 - CT Camera not operating 
2024-05-07 16:40:01 - Passed Sunrise 
2024-05-07 16:40:01 - CT Camera not operating 
2024-05-07 16:50:01 - Passed Sunrise 
2024-05-07 16:50:01 - CT Camera not operating 
2024-05-07 20:01:01 - Added sunrise_time: 2024-05-08 11:33:13 
2024-05-08 10:00:01 - Before Sunrise 
2024-05-08 10:10:01 - Before Sunrise 
2024-05-08 10:20:01 - Before Sunrise 
2024-05-08 10:30:01 - Before Sunrise 
2024-05-08 10:40:01 - Before Sunrise 
2024-05-08 10:50:01 - Before Sunrise 
2024-05-08 11:00:01 - Before Sunrise 
2024-05-08 11:10:01 - Before Sunrise 
2024-05-08 11:20:01 - Before Sunrise 
2024-05-08 11:30:01 - Before Sunrise 
2024-05-08 11:40:02 - Passed Sunrise 
2024-05-08 11:40:02 - CT Camera not operating 
2024-05-08 11:50:01 - Passed Sunrise 
2024-05-08 11:50:01 - CT Camera not operating 
2024-05-08 12:00:01 - Passed Sunrise 
2024-05-08 12:00:01 - CT Camera not operating 
2024-05-08 12:10:01 - Passed Sunrise 
2024-05-08 12:10:01 - CT Camera not operating 
2024-05-08 12:20:01 - Passed Sunrise 
2024-05-08 12:20:01 - CT Camera not operating 
2024-05-08 12:30:01 - Passed Sunrise 
2024-05-08 12:30:01 - CT Camera not operating 
2024-05-08 12:40:01 - Passed Sunrise 
2024-05-08 12:40:01 - CT Camera not operating 
2024-05-08 12:50:01 - Passed Sunrise 
2024-05-08 12:50:01 - CT Camera not operating 
2024-05-08 13:00:01 - Passed Sunrise 
2024-05-08 13:00:01 - CT Camera not operating 
2024-05-08 13:10:01 - Passed Sunrise 
2024-05-08 13:10:01 - CT Camera not operating 
2024-05-08 13:20:01 - Passed Sunrise 
2024-05-08 13:20:01 - CT Camera not operating 
2024-05-08 13:30:01 - Passed Sunrise 
2024-05-08 13:30:01 - CT Camera not operating 
2024-05-08 13:40:01 - Passed Sunrise 
2024-05-08 13:40:01 - CT Camera not operating 
2024-05-08 13:50:01 - Passed Sunrise 
2024-05-08 13:50:01 - CT Camera not operating 
2024-05-08 14:00:01 - Passed Sunrise 
2024-05-08 14:00:01 - CT Camera not operating 
2024-05-08 14:10:01 - Passed Sunrise 
2024-05-08 14:10:01 - CT Camera not operating 
2024-05-08 14:20:01 - Passed Sunrise 
2024-05-08 14:20:01 - CT Camera not operating 
2024-05-08 14:30:01 - Passed Sunrise 
2024-05-08 14:30:01 - CT Camera not operating 
2024-05-08 14:40:01 - Passed Sunrise 
2024-05-08 14:40:01 - CT Camera not operating 
2024-05-08 14:50:01 - Passed Sunrise 
2024-05-08 14:50:01 - CT Camera not operating 
2024-05-08 15:00:01 - Passed Sunrise 
2024-05-08 15:00:01 - CT Camera not operating 
2024-05-08 15:10:01 - Passed Sunrise 
2024-05-08 15:10:01 - CT Camera not operating 
2024-05-08 15:20:01 - Passed Sunrise 
2024-05-08 15:20:01 - CT Camera not operating 
2024-05-08 15:30:01 - Passed Sunrise 
2024-05-08 15:30:01 - CT Camera not operating 
2024-05-08 15:40:01 - Passed Sunrise 
2024-05-08 15:40:01 - CT Camera not operating 
2024-05-08 15:50:01 - Passed Sunrise 
2024-05-08 15:50:01 - CT Camera not operating 
2024-05-08 16:00:02 - Passed Sunrise 
2024-05-08 16:00:02 - CT Camera not operating 
2024-05-08 16:10:01 - Passed Sunrise 
2024-05-08 16:10:01 - CT Camera not operating 
2024-05-08 16:20:01 - Passed Sunrise 
2024-05-08 16:20:01 - CT Camera not operating 
2024-05-08 16:30:01 - Passed Sunrise 
2024-05-08 16:30:01 - CT Camera not operating 
2024-05-08 16:40:01 - Passed Sunrise 
2024-05-08 16:40:01 - CT Camera not operating 
2024-05-08 16:50:01 - Passed Sunrise 
2024-05-08 16:50:01 - CT Camera not operating 
2024-05-08 20:01:01 - Added sunrise_time: 2024-05-09 11:32:01 
2024-05-09 10:00:01 - Before Sunrise 
2024-05-09 10:10:01 - Before Sunrise 
2024-05-09 10:20:01 - Before Sunrise 
2024-05-09 10:30:01 - Before Sunrise 
2024-05-09 10:40:01 - Before Sunrise 
2024-05-09 10:50:01 - Before Sunrise 
2024-05-09 11:00:01 - Before Sunrise 
2024-05-09 11:10:01 - Before Sunrise 
2024-05-09 11:20:01 - Before Sunrise 
2024-05-09 11:30:02 - Before Sunrise 
2024-05-09 11:40:01 - Passed Sunrise 
2024-05-09 11:40:01 - CT Camera not operating 
2024-05-09 11:50:01 - Passed Sunrise 
2024-05-09 11:50:01 - CT Camera not operating 
2024-05-09 12:00:01 - Passed Sunrise 
2024-05-09 12:00:01 - CT Camera not operating 
2024-05-09 12:10:01 - Passed Sunrise 
2024-05-09 12:10:01 - CT Camera not operating 
2024-05-09 12:20:01 - Passed Sunrise 
2024-05-09 12:20:01 - CT Camera not operating 
2024-05-09 12:30:01 - Passed Sunrise 
2024-05-09 12:30:01 - CT Camera not operating 
2024-05-09 12:40:01 - Passed Sunrise 
2024-05-09 12:40:01 - CT Camera not operating 
2024-05-09 12:50:01 - Passed Sunrise 
2024-05-09 12:50:01 - CT Camera not operating 
2024-05-09 13:00:01 - Passed Sunrise 
2024-05-09 13:00:01 - CT Camera not operating 
2024-05-09 13:10:01 - Passed Sunrise 
2024-05-09 13:10:01 - CT Camera not operating 
2024-05-09 13:20:01 - Passed Sunrise 
2024-05-09 13:20:01 - CT Camera not operating 
2024-05-09 13:30:01 - Passed Sunrise 
2024-05-09 13:30:01 - CT Camera not operating 
2024-05-09 13:40:01 - Passed Sunrise 
2024-05-09 13:40:01 - CT Camera not operating 
2024-05-09 13:50:01 - Passed Sunrise 
2024-05-09 13:50:01 - CT Camera not operating 
2024-05-09 14:00:01 - Passed Sunrise 
2024-05-09 14:00:01 - CT Camera not operating 
2024-05-09 14:10:01 - Passed Sunrise 
2024-05-09 14:10:01 - CT Camera not operating 
2024-05-09 14:20:01 - Passed Sunrise 
2024-05-09 14:20:01 - CT Camera not operating 
2024-05-09 14:30:01 - Passed Sunrise 
2024-05-09 14:30:01 - CT Camera not operating 
2024-05-09 14:40:01 - Passed Sunrise 
2024-05-09 14:40:01 - CT Camera not operating 
2024-05-09 14:50:01 - Passed Sunrise 
2024-05-09 14:50:01 - CT Camera not operating 
2024-05-09 15:00:01 - Passed Sunrise 
2024-05-09 15:00:01 - CT Camera not operating 
2024-05-09 15:10:02 - Passed Sunrise 
2024-05-09 15:10:02 - CT Camera not operating 
2024-05-09 15:20:01 - Passed Sunrise 
2024-05-09 15:20:01 - CT Camera not operating 
2024-05-09 15:30:01 - Passed Sunrise 
2024-05-09 15:30:01 - CT Camera not operating 
2024-05-09 15:40:01 - Passed Sunrise 
2024-05-09 15:40:01 - CT Camera not operating 
2024-05-09 15:50:01 - Passed Sunrise 
2024-05-09 15:50:01 - CT Camera not operating 
2024-05-09 16:00:01 - Passed Sunrise 
2024-05-09 16:00:01 - CT Camera not operating 
2024-05-09 16:10:02 - Passed Sunrise 
2024-05-09 16:10:02 - CT Camera not operating 
2024-05-09 16:20:01 - Passed Sunrise 
2024-05-09 16:20:01 - CT Camera not operating 
2024-05-09 16:30:01 - Passed Sunrise 
2024-05-09 16:30:01 - CT Camera not operating 
2024-05-09 16:40:01 - Passed Sunrise 
2024-05-09 16:40:01 - CT Camera not operating 
2024-05-09 16:50:01 - Passed Sunrise 
2024-05-09 16:50:01 - CT Camera not operating 
2024-05-09 20:01:01 - Added sunrise_time: 2024-05-10 11:30:51 
2024-05-10 10:00:01 - Before Sunrise 
2024-05-10 10:10:01 - Before Sunrise 
2024-05-10 10:20:01 - Before Sunrise 
2024-05-10 10:30:01 - Before Sunrise 
2024-05-10 10:40:01 - Before Sunrise 
2024-05-10 10:50:01 - Before Sunrise 
2024-05-10 11:00:01 - Before Sunrise 
2024-05-10 11:10:01 - Before Sunrise 
2024-05-10 11:20:01 - Before Sunrise 
2024-05-10 11:30:01 - Before Sunrise 
2024-05-10 11:40:01 - Passed Sunrise 
2024-05-10 11:40:01 - CT Camera not operating 
2024-05-10 11:50:01 - Passed Sunrise 
2024-05-10 11:50:01 - CT Camera not operating 
2024-05-10 12:00:01 - Passed Sunrise 
2024-05-10 12:00:01 - CT Camera not operating 
2024-05-10 12:10:01 - Passed Sunrise 
2024-05-10 12:10:01 - CT Camera not operating 
2024-05-10 12:20:01 - Passed Sunrise 
2024-05-10 12:20:01 - CT Camera not operating 
2024-05-10 12:30:01 - Passed Sunrise 
2024-05-10 12:30:01 - CT Camera not operating 
2024-05-10 12:40:01 - Passed Sunrise 
2024-05-10 12:40:01 - CT Camera not operating 
2024-05-10 12:50:01 - Passed Sunrise 
2024-05-10 12:50:01 - CT Camera not operating 
2024-05-10 13:00:01 - Passed Sunrise 
2024-05-10 13:00:01 - CT Camera not operating 
2024-05-10 13:10:01 - Passed Sunrise 
2024-05-10 13:10:01 - CT Camera not operating 
2024-05-10 13:20:01 - Passed Sunrise 
2024-05-10 13:20:01 - CT Camera not operating 
2024-05-10 13:30:01 - Passed Sunrise 
2024-05-10 13:30:01 - CT Camera not operating 
2024-05-10 13:40:01 - Passed Sunrise 
2024-05-10 13:40:01 - CT Camera not operating 
2024-05-10 13:50:01 - Passed Sunrise 
2024-05-10 13:50:01 - CT Camera not operating 
2024-05-10 14:00:01 - Passed Sunrise 
2024-05-10 14:00:01 - CT Camera not operating 
2024-05-10 14:10:01 - Passed Sunrise 
2024-05-10 14:10:01 - CT Camera not operating 
2024-05-10 14:20:01 - Passed Sunrise 
2024-05-10 14:20:01 - CT Camera not operating 
2024-05-10 14:30:01 - Passed Sunrise 
2024-05-10 14:30:01 - CT Camera not operating 
2024-05-10 14:40:01 - Passed Sunrise 
2024-05-10 14:40:01 - CT Camera not operating 
2024-05-10 14:50:01 - Passed Sunrise 
2024-05-10 14:50:01 - CT Camera not operating 
2024-05-10 15:00:01 - Passed Sunrise 
2024-05-10 15:00:01 - CT Camera not operating 
2024-05-10 15:10:01 - Passed Sunrise 
2024-05-10 15:10:01 - CT Camera not operating 
2024-05-10 15:20:01 - Passed Sunrise 
2024-05-10 15:20:01 - CT Camera not operating 
2024-05-10 15:30:01 - Passed Sunrise 
2024-05-10 15:30:01 - CT Camera not operating 
2024-05-10 15:40:01 - Passed Sunrise 
2024-05-10 15:40:01 - CT Camera not operating 
2024-05-10 15:50:01 - Passed Sunrise 
2024-05-10 15:50:01 - CT Camera not operating 
2024-05-10 16:00:01 - Passed Sunrise 
2024-05-10 16:00:01 - CT Camera not operating 
2024-05-10 16:10:01 - Passed Sunrise 
2024-05-10 16:10:01 - CT Camera not operating 
2024-05-10 16:20:01 - Passed Sunrise 
2024-05-10 16:20:01 - CT Camera not operating 
2024-05-10 16:30:01 - Passed Sunrise 
2024-05-10 16:30:01 - CT Camera not operating 
2024-05-10 16:40:01 - Passed Sunrise 
2024-05-10 16:40:01 - CT Camera not operating 
2024-05-10 16:50:01 - Passed Sunrise 
2024-05-10 16:50:01 - CT Camera not operating 
2024-05-10 20:01:01 - Added sunrise_time: 2024-05-11 11:29:42 
2024-05-11 10:00:01 - Before Sunrise 
2024-05-11 10:10:01 - Before Sunrise 
2024-05-11 10:20:01 - Before Sunrise 
2024-05-11 10:30:01 - Before Sunrise 
2024-05-11 10:40:01 - Before Sunrise 
2024-05-11 10:50:01 - Before Sunrise 
2024-05-11 11:00:01 - Before Sunrise 
2024-05-11 11:10:01 - Before Sunrise 
2024-05-11 11:20:01 - Before Sunrise 
2024-05-11 11:30:01 - Passed Sunrise 
2024-05-11 11:30:01 - CT Camera not operating 
2024-05-11 11:40:01 - Passed Sunrise 
2024-05-11 11:40:01 - CT Camera not operating 
2024-05-11 11:50:01 - Passed Sunrise 
2024-05-11 11:50:01 - CT Camera not operating 
2024-05-11 12:00:01 - Passed Sunrise 
2024-05-11 12:00:01 - CT Camera not operating 
2024-05-11 12:10:01 - Passed Sunrise 
2024-05-11 12:10:01 - CT Camera not operating 
2024-05-11 12:20:01 - Passed Sunrise 
2024-05-11 12:20:01 - CT Camera not operating 
2024-05-11 12:30:01 - Passed Sunrise 
2024-05-11 12:30:01 - CT Camera not operating 
2024-05-11 12:40:01 - Passed Sunrise 
2024-05-11 12:40:01 - CT Camera not operating 
2024-05-11 12:50:01 - Passed Sunrise 
2024-05-11 12:50:01 - CT Camera not operating 
2024-05-11 13:00:01 - Passed Sunrise 
2024-05-11 13:00:01 - CT Camera not operating 
2024-05-11 13:10:01 - Passed Sunrise 
2024-05-11 13:10:01 - CT Camera not operating 
2024-05-11 13:20:01 - Passed Sunrise 
2024-05-11 13:20:01 - CT Camera not operating 
2024-05-11 13:30:01 - Passed Sunrise 
2024-05-11 13:30:01 - CT Camera not operating 
2024-05-11 13:40:01 - Passed Sunrise 
2024-05-11 13:40:01 - CT Camera not operating 
2024-05-11 13:50:01 - Passed Sunrise 
2024-05-11 13:50:01 - CT Camera not operating 
2024-05-11 14:00:01 - Passed Sunrise 
2024-05-11 14:00:01 - CT Camera not operating 
2024-05-11 14:10:01 - Passed Sunrise 
2024-05-11 14:10:01 - CT Camera not operating 
2024-05-11 14:20:01 - Passed Sunrise 
2024-05-11 14:20:01 - CT Camera not operating 
2024-05-11 14:30:01 - Passed Sunrise 
2024-05-11 14:30:01 - CT Camera not operating 
2024-05-11 14:40:01 - Passed Sunrise 
2024-05-11 14:40:01 - CT Camera not operating 
2024-05-11 14:50:01 - Passed Sunrise 
2024-05-11 14:50:01 - CT Camera not operating 
2024-05-11 15:00:01 - Passed Sunrise 
2024-05-11 15:00:01 - CT Camera not operating 
2024-05-11 15:10:01 - Passed Sunrise 
2024-05-11 15:10:01 - CT Camera not operating 
2024-05-11 15:20:01 - Passed Sunrise 
2024-05-11 15:20:01 - CT Camera not operating 
2024-05-11 15:30:02 - Passed Sunrise 
2024-05-11 15:30:02 - CT Camera not operating 
2024-05-11 15:40:01 - Passed Sunrise 
2024-05-11 15:40:01 - CT Camera not operating 
2024-05-11 15:50:01 - Passed Sunrise 
2024-05-11 15:50:01 - CT Camera not operating 
2024-05-11 16:00:01 - Passed Sunrise 
2024-05-11 16:00:01 - CT Camera not operating 
2024-05-11 16:10:01 - Passed Sunrise 
2024-05-11 16:10:01 - CT Camera not operating 
2024-05-11 16:20:01 - Passed Sunrise 
2024-05-11 16:20:01 - CT Camera not operating 
2024-05-11 16:30:02 - Passed Sunrise 
2024-05-11 16:30:02 - CT Camera not operating 
2024-05-11 16:40:01 - Passed Sunrise 
2024-05-11 16:40:01 - CT Camera not operating 
2024-05-11 16:50:01 - Passed Sunrise 
2024-05-11 16:50:01 - CT Camera not operating 
2024-05-11 20:01:01 - Added sunrise_time: 2024-05-12 11:28:34 
2024-05-12 10:00:01 - Before Sunrise 
2024-05-12 10:10:02 - Before Sunrise 
2024-05-12 10:20:01 - Before Sunrise 
2024-05-12 10:30:01 - Before Sunrise 
2024-05-12 10:40:01 - Before Sunrise 
2024-05-12 10:50:01 - Before Sunrise 
2024-05-12 11:00:01 - Before Sunrise 
2024-05-12 11:10:02 - Before Sunrise 
2024-05-12 11:20:01 - Before Sunrise 
2024-05-12 11:30:01 - Passed Sunrise 
2024-05-12 11:30:01 - CT Camera not operating 
2024-05-12 11:40:01 - Passed Sunrise 
2024-05-12 11:40:01 - CT Camera not operating 
2024-05-12 11:50:01 - Passed Sunrise 
2024-05-12 11:50:01 - CT Camera not operating 
2024-05-12 12:00:01 - Passed Sunrise 
2024-05-12 12:00:01 - CT Camera not operating 
2024-05-12 12:10:01 - Passed Sunrise 
2024-05-12 12:10:01 - CT Camera not operating 
2024-05-12 12:20:01 - Passed Sunrise 
2024-05-12 12:20:01 - CT Camera not operating 
2024-05-12 12:30:01 - Passed Sunrise 
2024-05-12 12:30:01 - CT Camera not operating 
2024-05-12 12:40:01 - Passed Sunrise 
2024-05-12 12:40:01 - CT Camera not operating 
2024-05-12 12:50:01 - Passed Sunrise 
2024-05-12 12:50:01 - CT Camera not operating 
2024-05-12 13:00:01 - Passed Sunrise 
2024-05-12 13:00:01 - CT Camera not operating 
2024-05-12 13:10:01 - Passed Sunrise 
2024-05-12 13:10:01 - CT Camera not operating 
2024-05-12 13:20:01 - Passed Sunrise 
2024-05-12 13:20:01 - CT Camera not operating 
2024-05-12 13:30:01 - Passed Sunrise 
2024-05-12 13:30:01 - CT Camera not operating 
2024-05-12 13:40:01 - Passed Sunrise 
2024-05-12 13:40:01 - CT Camera not operating 
2024-05-12 13:50:01 - Passed Sunrise 
2024-05-12 13:50:01 - CT Camera not operating 
2024-05-12 14:00:01 - Passed Sunrise 
2024-05-12 14:00:01 - CT Camera not operating 
2024-05-12 14:10:01 - Passed Sunrise 
2024-05-12 14:10:01 - CT Camera not operating 
2024-05-12 14:20:01 - Passed Sunrise 
2024-05-12 14:20:01 - CT Camera not operating 
2024-05-12 14:30:01 - Passed Sunrise 
2024-05-12 14:30:01 - CT Camera not operating 
2024-05-12 14:40:01 - Passed Sunrise 
2024-05-12 14:40:01 - CT Camera not operating 
2024-05-12 14:50:01 - Passed Sunrise 
2024-05-12 14:50:01 - CT Camera not operating 
2024-05-12 15:00:01 - Passed Sunrise 
2024-05-12 15:00:01 - CT Camera not operating 
2024-05-12 15:10:01 - Passed Sunrise 
2024-05-12 15:10:01 - CT Camera not operating 
2024-05-12 15:20:01 - Passed Sunrise 
2024-05-12 15:20:01 - CT Camera not operating 
2024-05-12 15:30:01 - Passed Sunrise 
2024-05-12 15:30:01 - CT Camera not operating 
2024-05-12 15:40:01 - Passed Sunrise 
2024-05-12 15:40:01 - CT Camera not operating 
2024-05-12 15:50:01 - Passed Sunrise 
2024-05-12 15:50:01 - CT Camera not operating 
2024-05-12 16:00:01 - Passed Sunrise 
2024-05-12 16:00:01 - CT Camera not operating 
2024-05-12 16:10:01 - Passed Sunrise 
2024-05-12 16:10:01 - CT Camera not operating 
2024-05-12 16:20:01 - Passed Sunrise 
2024-05-12 16:20:01 - CT Camera not operating 
2024-05-12 16:30:01 - Passed Sunrise 
2024-05-12 16:30:01 - CT Camera not operating 
2024-05-12 16:40:01 - Passed Sunrise 
2024-05-12 16:40:01 - CT Camera not operating 
2024-05-12 16:50:01 - Passed Sunrise 
2024-05-12 16:50:01 - CT Camera not operating 
2024-05-12 20:01:02 - Added sunrise_time: 2024-05-13 11:27:28 
2024-05-13 10:00:01 - Before Sunrise 
2024-05-13 10:10:01 - Before Sunrise 
2024-05-13 10:20:01 - Before Sunrise 
2024-05-13 10:30:01 - Before Sunrise 
2024-05-13 10:40:01 - Before Sunrise 
2024-05-13 10:50:01 - Before Sunrise 
2024-05-13 11:00:01 - Before Sunrise 
2024-05-13 11:10:01 - Before Sunrise 
2024-05-13 11:20:01 - Before Sunrise 
2024-05-13 11:30:01 - Passed Sunrise 
2024-05-13 11:30:01 - CT Camera not operating 
2024-05-13 11:40:01 - Passed Sunrise 
2024-05-13 11:40:01 - CT Camera not operating 
2024-05-13 11:50:01 - Passed Sunrise 
2024-05-13 11:50:01 - CT Camera not operating 
2024-05-13 12:00:01 - Passed Sunrise 
2024-05-13 12:00:01 - CT Camera not operating 
2024-05-13 12:10:01 - Passed Sunrise 
2024-05-13 12:10:01 - CT Camera not operating 
2024-05-13 12:20:01 - Passed Sunrise 
2024-05-13 12:20:01 - CT Camera not operating 
2024-05-13 12:30:01 - Passed Sunrise 
2024-05-13 12:30:01 - CT Camera not operating 
2024-05-13 12:40:02 - Passed Sunrise 
2024-05-13 12:40:02 - CT Camera not operating 
2024-05-13 12:50:01 - Passed Sunrise 
2024-05-13 12:50:01 - CT Camera not operating 
2024-05-13 13:00:01 - Passed Sunrise 
2024-05-13 13:00:01 - CT Camera not operating 
2024-05-13 13:10:01 - Passed Sunrise 
2024-05-13 13:10:01 - CT Camera not operating 
2024-05-13 13:20:01 - Passed Sunrise 
2024-05-13 13:20:01 - CT Camera not operating 
2024-05-13 13:30:01 - Passed Sunrise 
2024-05-13 13:30:01 - CT Camera not operating 
2024-05-13 13:40:01 - Passed Sunrise 
2024-05-13 13:40:01 - CT Camera not operating 
2024-05-13 13:50:01 - Passed Sunrise 
2024-05-13 13:50:01 - CT Camera not operating 
2024-05-13 14:00:01 - Passed Sunrise 
2024-05-13 14:00:01 - CT Camera not operating 
2024-05-13 14:10:01 - Passed Sunrise 
2024-05-13 14:10:01 - CT Camera not operating 
2024-05-13 14:20:01 - Passed Sunrise 
2024-05-13 14:20:01 - CT Camera not operating 
2024-05-13 14:30:01 - Passed Sunrise 
2024-05-13 14:30:01 - CT Camera not operating 
2024-05-13 14:40:01 - Passed Sunrise 
2024-05-13 14:40:01 - CT Camera not operating 
2024-05-13 14:50:01 - Passed Sunrise 
2024-05-13 14:50:01 - CT Camera not operating 
2024-05-13 15:00:01 - Passed Sunrise 
2024-05-13 15:00:01 - CT Camera not operating 
2024-05-13 15:10:01 - Passed Sunrise 
2024-05-13 15:10:01 - CT Camera not operating 
2024-05-13 15:20:01 - Passed Sunrise 
2024-05-13 15:20:01 - CT Camera not operating 
2024-05-13 15:30:01 - Passed Sunrise 
2024-05-13 15:30:01 - CT Camera not operating 
2024-05-13 15:40:01 - Passed Sunrise 
2024-05-13 15:40:01 - CT Camera not operating 
2024-05-13 15:50:01 - Passed Sunrise 
2024-05-13 15:50:01 - CT Camera not operating 
2024-05-13 16:00:01 - Passed Sunrise 
2024-05-13 16:00:01 - CT Camera not operating 
2024-05-13 16:10:01 - Passed Sunrise 
2024-05-13 16:10:01 - CT Camera not operating 
2024-05-13 16:20:01 - Passed Sunrise 
2024-05-13 16:20:01 - CT Camera not operating 
2024-05-13 16:30:01 - Passed Sunrise 
2024-05-13 16:30:01 - CT Camera not operating 
2024-05-13 16:40:01 - Passed Sunrise 
2024-05-13 16:40:01 - CT Camera not operating 
2024-05-13 16:50:01 - Passed Sunrise 
2024-05-13 16:50:01 - CT Camera not operating 
2024-05-13 20:01:01 - Added sunrise_time: 2024-05-14 11:26:24 
2024-05-14 10:00:01 - Before Sunrise 
2024-05-14 10:10:01 - Before Sunrise 
2024-05-14 10:20:01 - Before Sunrise 
2024-05-14 10:30:01 - Before Sunrise 
2024-05-14 10:40:01 - Before Sunrise 
2024-05-14 10:50:01 - Before Sunrise 
2024-05-14 11:00:01 - Before Sunrise 
2024-05-14 11:10:01 - Before Sunrise 
2024-05-14 11:20:01 - Before Sunrise 
2024-05-14 11:30:01 - Passed Sunrise 
2024-05-14 11:30:01 - CT Camera not operating 
2024-05-14 11:40:01 - Passed Sunrise 
2024-05-14 11:40:01 - CT Camera not operating 
2024-05-14 11:50:01 - Passed Sunrise 
2024-05-14 11:50:01 - CT Camera not operating 
2024-05-14 12:00:01 - Passed Sunrise 
2024-05-14 12:00:01 - CT Camera not operating 
2024-05-14 12:10:01 - Passed Sunrise 
2024-05-14 12:10:01 - CT Camera not operating 
2024-05-14 12:20:01 - Passed Sunrise 
2024-05-14 12:20:01 - CT Camera not operating 
2024-05-14 12:30:01 - Passed Sunrise 
2024-05-14 12:30:01 - CT Camera not operating 
2024-05-14 12:40:01 - Passed Sunrise 
2024-05-14 12:40:01 - CT Camera not operating 
2024-05-14 12:50:01 - Passed Sunrise 
2024-05-14 12:50:01 - CT Camera not operating 
2024-05-14 13:00:01 - Passed Sunrise 
2024-05-14 13:00:01 - CT Camera not operating 
2024-05-14 13:10:01 - Passed Sunrise 
2024-05-14 13:10:01 - CT Camera not operating 
2024-05-14 13:20:01 - Passed Sunrise 
2024-05-14 13:20:01 - CT Camera not operating 
2024-05-14 13:30:01 - Passed Sunrise 
2024-05-14 13:30:01 - CT Camera not operating 
2024-05-14 13:40:01 - Passed Sunrise 
2024-05-14 13:40:01 - CT Camera not operating 
2024-05-14 13:50:01 - Passed Sunrise 
2024-05-14 13:50:01 - CT Camera not operating 
2024-05-14 14:00:01 - Passed Sunrise 
2024-05-14 14:00:01 - CT Camera not operating 
2024-05-14 14:10:01 - Passed Sunrise 
2024-05-14 14:10:01 - CT Camera not operating 
2024-05-14 14:20:01 - Passed Sunrise 
2024-05-14 14:20:01 - CT Camera not operating 
2024-05-14 14:30:01 - Passed Sunrise 
2024-05-14 14:30:01 - CT Camera not operating 
2024-05-14 14:40:01 - Passed Sunrise 
2024-05-14 14:40:01 - CT Camera not operating 
2024-05-14 14:50:01 - Passed Sunrise 
2024-05-14 14:50:01 - CT Camera not operating 
2024-05-14 15:00:01 - Passed Sunrise 
2024-05-14 15:00:01 - CT Camera not operating 
2024-05-14 15:10:01 - Passed Sunrise 
2024-05-14 15:10:01 - CT Camera not operating 
2024-05-14 15:20:01 - Passed Sunrise 
2024-05-14 15:20:01 - CT Camera not operating 
2024-05-14 15:30:01 - Passed Sunrise 
2024-05-14 15:30:01 - CT Camera not operating 
2024-05-14 15:40:01 - Passed Sunrise 
2024-05-14 15:40:01 - CT Camera not operating 
2024-05-14 15:50:01 - Passed Sunrise 
2024-05-14 15:50:01 - CT Camera not operating 
2024-05-14 16:00:01 - Passed Sunrise 
2024-05-14 16:00:01 - CT Camera not operating 
2024-05-14 16:10:01 - Passed Sunrise 
2024-05-14 16:10:01 - CT Camera not operating 
2024-05-14 16:20:01 - Passed Sunrise 
2024-05-14 16:20:01 - CT Camera not operating 
2024-05-14 16:30:01 - Passed Sunrise 
2024-05-14 16:30:01 - CT Camera not operating 
2024-05-14 16:40:02 - Passed Sunrise 
2024-05-14 16:40:02 - CT Camera not operating 
2024-05-14 16:50:01 - Passed Sunrise 
2024-05-14 16:50:01 - CT Camera not operating 
2024-05-14 20:01:01 - Added sunrise_time: 2024-05-15 11:25:21 
2024-05-15 10:00:01 - Before Sunrise 
2024-05-15 10:10:01 - Before Sunrise 
2024-05-15 10:20:01 - Before Sunrise 
2024-05-15 10:30:01 - Before Sunrise 
2024-05-15 10:40:01 - Before Sunrise 
2024-05-15 10:50:01 - Before Sunrise 
2024-05-15 11:00:01 - Before Sunrise 
2024-05-15 11:10:01 - Before Sunrise 
2024-05-15 11:20:01 - Before Sunrise 
2024-05-15 11:30:01 - Passed Sunrise 
2024-05-15 11:30:01 - CT Camera not operating 
2024-05-15 11:40:01 - Passed Sunrise 
2024-05-15 11:40:01 - CT Camera not operating 
2024-05-15 11:50:01 - Passed Sunrise 
2024-05-15 11:50:01 - CT Camera not operating 
2024-05-15 12:00:01 - Passed Sunrise 
2024-05-15 12:00:01 - CT Camera not operating 
2024-05-15 12:10:01 - Passed Sunrise 
2024-05-15 12:10:01 - CT Camera not operating 
2024-05-15 12:20:01 - Passed Sunrise 
2024-05-15 12:20:01 - CT Camera not operating 
2024-05-15 12:30:01 - Passed Sunrise 
2024-05-15 12:30:01 - CT Camera not operating 
2024-05-15 12:40:01 - Passed Sunrise 
2024-05-15 12:40:01 - CT Camera not operating 
2024-05-15 12:50:01 - Passed Sunrise 
2024-05-15 12:50:01 - CT Camera not operating 
2024-05-15 13:00:01 - Passed Sunrise 
2024-05-15 13:00:01 - CT Camera not operating 
2024-05-15 13:10:01 - Passed Sunrise 
2024-05-15 13:10:01 - CT Camera not operating 
2024-05-15 13:20:01 - Passed Sunrise 
2024-05-15 13:20:01 - CT Camera not operating 
2024-05-15 13:30:01 - Passed Sunrise 
2024-05-15 13:30:01 - CT Camera not operating 
2024-05-15 13:40:01 - Passed Sunrise 
2024-05-15 13:40:01 - CT Camera not operating 
2024-05-15 13:50:01 - Passed Sunrise 
2024-05-15 13:50:01 - CT Camera not operating 
2024-05-15 14:00:01 - Passed Sunrise 
2024-05-15 14:00:01 - CT Camera not operating 
2024-05-15 14:10:02 - Passed Sunrise 
2024-05-15 14:10:02 - CT Camera not operating 
2024-05-15 14:20:01 - Passed Sunrise 
2024-05-15 14:20:01 - CT Camera not operating 
2024-05-15 14:30:01 - Passed Sunrise 
2024-05-15 14:30:01 - CT Camera not operating 
2024-05-15 14:40:01 - Passed Sunrise 
2024-05-15 14:40:01 - CT Camera not operating 
2024-05-15 14:50:01 - Passed Sunrise 
2024-05-15 14:50:01 - CT Camera not operating 
2024-05-15 15:00:01 - Passed Sunrise 
2024-05-15 15:00:01 - CT Camera not operating 
2024-05-15 15:10:02 - Passed Sunrise 
2024-05-15 15:10:02 - CT Camera not operating 
2024-05-15 15:20:01 - Passed Sunrise 
2024-05-15 15:20:01 - CT Camera not operating 
2024-05-15 15:30:01 - Passed Sunrise 
2024-05-15 15:30:01 - CT Camera not operating 
2024-05-15 15:40:01 - Passed Sunrise 
2024-05-15 15:40:01 - CT Camera not operating 
2024-05-15 15:50:01 - Passed Sunrise 
2024-05-15 15:50:01 - CT Camera not operating 
2024-05-15 16:00:01 - Passed Sunrise 
2024-05-15 16:00:01 - CT Camera not operating 
2024-05-15 16:10:02 - Passed Sunrise 
2024-05-15 16:10:02 - CT Camera not operating 
2024-05-15 16:20:01 - Passed Sunrise 
2024-05-15 16:20:01 - CT Camera not operating 
2024-05-15 16:30:01 - Passed Sunrise 
2024-05-15 16:30:01 - CT Camera not operating 
2024-05-15 16:40:01 - Passed Sunrise 
2024-05-15 16:40:01 - CT Camera not operating 
2024-05-15 16:50:01 - Passed Sunrise 
2024-05-15 16:50:01 - CT Camera not operating 
2024-05-15 20:01:01 - Added sunrise_time: 2024-05-16 11:24:19 
2024-05-16 10:00:01 - Before Sunrise 
2024-05-16 10:10:01 - Before Sunrise 
2024-05-16 10:20:02 - Before Sunrise 
2024-05-16 10:30:01 - Before Sunrise 
2024-05-16 10:40:01 - Before Sunrise 
2024-05-16 10:50:01 - Before Sunrise 
2024-05-16 11:00:01 - Before Sunrise 
2024-05-16 11:10:01 - Before Sunrise 
2024-05-16 11:20:02 - Before Sunrise 
2024-05-16 11:30:01 - Passed Sunrise 
2024-05-16 11:30:01 - CT Camera not operating 
2024-05-16 11:40:01 - Passed Sunrise 
2024-05-16 11:40:01 - CT Camera not operating 
2024-05-16 11:50:01 - Passed Sunrise 
2024-05-16 11:50:01 - CT Camera not operating 
2024-05-16 12:00:01 - Passed Sunrise 
2024-05-16 12:00:01 - CT Camera not operating 
2024-05-16 12:10:01 - Passed Sunrise 
2024-05-16 12:10:01 - CT Camera not operating 
2024-05-16 12:20:02 - Passed Sunrise 
2024-05-16 12:20:02 - CT Camera not operating 
2024-05-16 12:30:01 - Passed Sunrise 
2024-05-16 12:30:01 - CT Camera not operating 
2024-05-16 12:40:01 - Passed Sunrise 
2024-05-16 12:40:01 - CT Camera not operating 
2024-05-16 12:50:01 - Passed Sunrise 
2024-05-16 12:50:01 - CT Camera not operating 
2024-05-16 13:00:01 - Passed Sunrise 
2024-05-16 13:00:01 - CT Camera not operating 
2024-05-16 13:10:01 - Passed Sunrise 
2024-05-16 13:10:01 - CT Camera not operating 
2024-05-16 13:20:01 - Passed Sunrise 
2024-05-16 13:20:01 - CT Camera not operating 
2024-05-16 13:30:01 - Passed Sunrise 
2024-05-16 13:30:01 - CT Camera not operating 
2024-05-16 13:40:01 - Passed Sunrise 
2024-05-16 13:40:01 - CT Camera not operating 
2024-05-16 13:50:01 - Passed Sunrise 
2024-05-16 13:50:01 - CT Camera not operating 
2024-05-16 14:00:01 - Passed Sunrise 
2024-05-16 14:00:01 - CT Camera not operating 
2024-05-16 14:10:01 - Passed Sunrise 
2024-05-16 14:10:01 - CT Camera not operating 
2024-05-16 14:20:01 - Passed Sunrise 
2024-05-16 14:20:01 - CT Camera not operating 
2024-05-16 14:30:01 - Passed Sunrise 
2024-05-16 14:30:01 - CT Camera not operating 
2024-05-16 14:40:01 - Passed Sunrise 
2024-05-16 14:40:01 - CT Camera not operating 
2024-05-16 14:50:01 - Passed Sunrise 
2024-05-16 14:50:01 - CT Camera not operating 
2024-05-16 15:00:01 - Passed Sunrise 
2024-05-16 15:00:01 - CT Camera not operating 
2024-05-16 15:10:01 - Passed Sunrise 
2024-05-16 15:10:01 - CT Camera not operating 
2024-05-16 15:20:01 - Passed Sunrise 
2024-05-16 15:20:01 - CT Camera not operating 
2024-05-16 15:30:01 - Passed Sunrise 
2024-05-16 15:30:01 - CT Camera not operating 
2024-05-16 15:40:01 - Passed Sunrise 
2024-05-16 15:40:01 - CT Camera not operating 
2024-05-16 15:50:01 - Passed Sunrise 
2024-05-16 15:50:01 - CT Camera not operating 
2024-05-16 16:00:01 - Passed Sunrise 
2024-05-16 16:00:01 - CT Camera not operating 
2024-05-16 16:10:01 - Passed Sunrise 
2024-05-16 16:10:01 - CT Camera not operating 
2024-05-16 16:20:01 - Passed Sunrise 
2024-05-16 16:20:01 - CT Camera not operating 
2024-05-16 16:30:01 - Passed Sunrise 
2024-05-16 16:30:01 - CT Camera not operating 
2024-05-16 16:40:01 - Passed Sunrise 
2024-05-16 16:40:01 - CT Camera not operating 
2024-05-16 16:50:01 - Passed Sunrise 
2024-05-16 16:50:01 - CT Camera not operating 
2024-05-16 20:01:01 - Added sunrise_time: 2024-05-17 11:23:20 
2024-05-17 10:00:01 - Before Sunrise 
2024-05-17 10:10:01 - Before Sunrise 
2024-05-17 10:20:01 - Before Sunrise 
2024-05-17 10:30:01 - Before Sunrise 
2024-05-17 10:40:01 - Before Sunrise 
2024-05-17 10:50:01 - Before Sunrise 
2024-05-17 11:00:01 - Before Sunrise 
2024-05-17 11:10:01 - Before Sunrise 
2024-05-17 11:20:01 - Before Sunrise 
2024-05-17 11:30:01 - Passed Sunrise 
2024-05-17 11:30:01 - CT Camera not operating 
2024-05-17 11:40:01 - Passed Sunrise 
2024-05-17 11:40:01 - CT Camera not operating 
2024-05-17 11:50:01 - Passed Sunrise 
2024-05-17 11:50:01 - CT Camera not operating 
2024-05-17 12:00:01 - Passed Sunrise 
2024-05-17 12:00:01 - CT Camera not operating 
2024-05-17 12:10:01 - Passed Sunrise 
2024-05-17 12:10:01 - CT Camera not operating 
2024-05-17 12:20:01 - Passed Sunrise 
2024-05-17 12:20:01 - CT Camera not operating 
2024-05-17 12:30:01 - Passed Sunrise 
2024-05-17 12:30:01 - CT Camera not operating 
2024-05-17 12:40:01 - Passed Sunrise 
2024-05-17 12:40:01 - CT Camera not operating 
2024-05-17 12:50:01 - Passed Sunrise 
2024-05-17 12:50:01 - CT Camera not operating 
2024-05-17 13:00:01 - Passed Sunrise 
2024-05-17 13:00:01 - CT Camera not operating 
2024-05-17 13:10:01 - Passed Sunrise 
2024-05-17 13:10:01 - CT Camera not operating 
2024-05-17 13:20:01 - Passed Sunrise 
2024-05-17 13:20:01 - CT Camera not operating 
2024-05-17 13:30:01 - Passed Sunrise 
2024-05-17 13:30:01 - CT Camera not operating 
2024-05-17 13:40:01 - Passed Sunrise 
2024-05-17 13:40:01 - CT Camera not operating 
2024-05-17 13:50:01 - Passed Sunrise 
2024-05-17 13:50:01 - CT Camera not operating 
2024-05-17 14:00:01 - Passed Sunrise 
2024-05-17 14:00:01 - CT Camera not operating 
2024-05-17 14:10:02 - Passed Sunrise 
2024-05-17 14:10:02 - CT Camera not operating 
2024-05-17 14:20:01 - Passed Sunrise 
2024-05-17 14:20:01 - CT Camera not operating 
2024-05-17 14:30:01 - Passed Sunrise 
2024-05-17 14:30:01 - CT Camera not operating 
2024-05-17 14:40:01 - Passed Sunrise 
2024-05-17 14:40:01 - CT Camera not operating 
2024-05-17 14:50:01 - Passed Sunrise 
2024-05-17 14:50:01 - CT Camera not operating 
2024-05-17 15:00:01 - Passed Sunrise 
2024-05-17 15:00:01 - CT Camera not operating 
2024-05-17 15:10:02 - Passed Sunrise 
2024-05-17 15:10:02 - CT Camera not operating 
2024-05-17 15:20:01 - Passed Sunrise 
2024-05-17 15:20:01 - CT Camera not operating 
2024-05-17 15:30:01 - Passed Sunrise 
2024-05-17 15:30:01 - CT Camera not operating 
2024-05-17 15:40:01 - Passed Sunrise 
2024-05-17 15:40:01 - CT Camera not operating 
2024-05-17 15:50:01 - Passed Sunrise 
2024-05-17 15:50:01 - CT Camera not operating 
2024-05-17 16:00:01 - Passed Sunrise 
2024-05-17 16:00:01 - CT Camera not operating 
2024-05-17 16:10:02 - Passed Sunrise 
2024-05-17 16:10:02 - CT Camera not operating 
2024-05-17 16:20:01 - Passed Sunrise 
2024-05-17 16:20:01 - CT Camera not operating 
2024-05-17 16:30:01 - Passed Sunrise 
2024-05-17 16:30:01 - CT Camera not operating 
2024-05-17 16:40:01 - Passed Sunrise 
2024-05-17 16:40:01 - CT Camera not operating 
2024-05-17 16:50:01 - Passed Sunrise 
2024-05-17 16:50:01 - CT Camera not operating 
2024-05-17 20:01:01 - Added sunrise_time: 2024-05-18 11:22:22 
2024-05-18 10:00:01 - Before Sunrise 
2024-05-18 10:10:01 - Before Sunrise 
2024-05-18 10:20:01 - Before Sunrise 
2024-05-18 10:30:01 - Before Sunrise 
2024-05-18 10:40:01 - Before Sunrise 
2024-05-18 10:50:01 - Before Sunrise 
2024-05-18 11:00:01 - Before Sunrise 
2024-05-18 11:10:01 - Before Sunrise 
2024-05-18 11:20:01 - Before Sunrise 
2024-05-18 11:30:01 - Passed Sunrise 
2024-05-18 11:30:01 - CT Camera not operating 
2024-05-18 11:40:01 - Passed Sunrise 
2024-05-18 11:40:01 - CT Camera not operating 
2024-05-18 11:50:01 - Passed Sunrise 
2024-05-18 11:50:01 - CT Camera not operating 
2024-05-18 12:00:01 - Passed Sunrise 
2024-05-18 12:00:01 - CT Camera not operating 
2024-05-18 12:10:01 - Passed Sunrise 
2024-05-18 12:10:01 - CT Camera not operating 
2024-05-18 12:20:01 - Passed Sunrise 
2024-05-18 12:20:01 - CT Camera not operating 
2024-05-18 12:30:01 - Passed Sunrise 
2024-05-18 12:30:01 - CT Camera not operating 
2024-05-18 12:40:01 - Passed Sunrise 
2024-05-18 12:40:01 - CT Camera not operating 
2024-05-18 12:50:01 - Passed Sunrise 
2024-05-18 12:50:01 - CT Camera not operating 
2024-05-18 13:00:01 - Passed Sunrise 
2024-05-18 13:00:01 - CT Camera not operating 
2024-05-18 13:10:01 - Passed Sunrise 
2024-05-18 13:10:01 - CT Camera not operating 
2024-05-18 13:20:01 - Passed Sunrise 
2024-05-18 13:20:01 - CT Camera not operating 
2024-05-18 13:30:01 - Passed Sunrise 
2024-05-18 13:30:01 - CT Camera not operating 
2024-05-18 13:40:01 - Passed Sunrise 
2024-05-18 13:40:01 - CT Camera not operating 
2024-05-18 13:50:01 - Passed Sunrise 
2024-05-18 13:50:01 - CT Camera not operating 
2024-05-18 14:00:01 - Passed Sunrise 
2024-05-18 14:00:01 - CT Camera not operating 
2024-05-18 14:10:01 - Passed Sunrise 
2024-05-18 14:10:01 - CT Camera not operating 
2024-05-18 14:20:01 - Passed Sunrise 
2024-05-18 14:20:01 - CT Camera not operating 
2024-05-18 14:30:01 - Passed Sunrise 
2024-05-18 14:30:01 - CT Camera not operating 
2024-05-18 14:40:01 - Passed Sunrise 
2024-05-18 14:40:01 - CT Camera not operating 
2024-05-18 14:50:01 - Passed Sunrise 
2024-05-18 14:50:01 - CT Camera not operating 
2024-05-18 15:00:01 - Passed Sunrise 
2024-05-18 15:00:01 - CT Camera not operating 
2024-05-18 15:10:01 - Passed Sunrise 
2024-05-18 15:10:01 - CT Camera not operating 
2024-05-18 15:20:01 - Passed Sunrise 
2024-05-18 15:20:01 - CT Camera not operating 
2024-05-18 15:30:01 - Passed Sunrise 
2024-05-18 15:30:01 - CT Camera not operating 
2024-05-18 15:40:01 - Passed Sunrise 
2024-05-18 15:40:01 - CT Camera not operating 
2024-05-18 15:50:01 - Passed Sunrise 
2024-05-18 15:50:01 - CT Camera not operating 
2024-05-18 16:00:01 - Passed Sunrise 
2024-05-18 16:00:01 - CT Camera not operating 
2024-05-18 16:10:01 - Passed Sunrise 
2024-05-18 16:10:01 - CT Camera not operating 
2024-05-18 16:20:01 - Passed Sunrise 
2024-05-18 16:20:01 - CT Camera not operating 
2024-05-18 16:30:01 - Passed Sunrise 
2024-05-18 16:30:01 - CT Camera not operating 
2024-05-18 16:40:01 - Passed Sunrise 
2024-05-18 16:40:01 - CT Camera not operating 
2024-05-18 16:50:01 - Passed Sunrise 
2024-05-18 16:50:01 - CT Camera not operating 
2024-05-18 20:01:01 - Added sunrise_time: 2024-05-19 11:21:25 
2024-05-19 10:00:01 - Before Sunrise 
2024-05-19 10:10:01 - Before Sunrise 
2024-05-19 10:20:02 - Before Sunrise 
2024-05-19 10:30:01 - Before Sunrise 
2024-05-19 10:40:01 - Before Sunrise 
2024-05-19 10:50:01 - Before Sunrise 
2024-05-19 11:00:01 - Before Sunrise 
2024-05-19 11:10:01 - Before Sunrise 
2024-05-19 11:20:02 - Before Sunrise 
2024-05-19 11:30:01 - Passed Sunrise 
2024-05-19 11:30:01 - CT Camera not operating 
2024-05-19 11:40:01 - Passed Sunrise 
2024-05-19 11:40:01 - CT Camera not operating 
2024-05-19 11:50:01 - Passed Sunrise 
2024-05-19 11:50:01 - CT Camera not operating 
2024-05-19 12:00:01 - Passed Sunrise 
2024-05-19 12:00:01 - CT Camera not operating 
2024-05-19 12:10:01 - Passed Sunrise 
2024-05-19 12:10:01 - CT Camera not operating 
2024-05-19 12:20:01 - Passed Sunrise 
2024-05-19 12:20:01 - CT Camera not operating 
2024-05-19 12:30:01 - Passed Sunrise 
2024-05-19 12:30:01 - CT Camera not operating 
2024-05-19 12:40:01 - Passed Sunrise 
2024-05-19 12:40:01 - CT Camera not operating 
2024-05-19 12:50:01 - Passed Sunrise 
2024-05-19 12:50:01 - CT Camera not operating 
2024-05-19 13:00:01 - Passed Sunrise 
2024-05-19 13:00:01 - CT Camera not operating 
2024-05-19 13:10:01 - Passed Sunrise 
2024-05-19 13:10:01 - CT Camera not operating 
2024-05-19 13:20:01 - Passed Sunrise 
2024-05-19 13:20:01 - CT Camera not operating 
2024-05-19 13:30:01 - Passed Sunrise 
2024-05-19 13:30:01 - CT Camera not operating 
2024-05-19 13:40:01 - Passed Sunrise 
2024-05-19 13:40:01 - CT Camera not operating 
2024-05-19 13:50:01 - Passed Sunrise 
2024-05-19 13:50:01 - CT Camera not operating 
2024-05-19 14:00:01 - Passed Sunrise 
2024-05-19 14:00:01 - CT Camera not operating 
2024-05-19 14:10:01 - Passed Sunrise 
2024-05-19 14:10:01 - CT Camera not operating 
2024-05-19 14:20:01 - Passed Sunrise 
2024-05-19 14:20:01 - CT Camera not operating 
2024-05-19 14:30:01 - Passed Sunrise 
2024-05-19 14:30:01 - CT Camera not operating 
2024-05-19 14:40:01 - Passed Sunrise 
2024-05-19 14:40:01 - CT Camera not operating 
2024-05-19 14:50:01 - Passed Sunrise 
2024-05-19 14:50:01 - CT Camera not operating 
2024-05-19 15:00:01 - Passed Sunrise 
2024-05-19 15:00:01 - CT Camera not operating 
2024-05-19 15:10:01 - Passed Sunrise 
2024-05-19 15:10:01 - CT Camera not operating 
2024-05-19 15:20:01 - Passed Sunrise 
2024-05-19 15:20:01 - CT Camera not operating 
2024-05-19 15:30:01 - Passed Sunrise 
2024-05-19 15:30:01 - CT Camera not operating 
2024-05-19 15:40:01 - Passed Sunrise 
2024-05-19 15:40:01 - CT Camera not operating 
2024-05-19 15:50:01 - Passed Sunrise 
2024-05-19 15:50:01 - CT Camera not operating 
2024-05-19 16:00:01 - Passed Sunrise 
2024-05-19 16:00:01 - CT Camera not operating 
2024-05-19 16:10:01 - Passed Sunrise 
2024-05-19 16:10:01 - CT Camera not operating 
2024-05-19 16:20:01 - Passed Sunrise 
2024-05-19 16:20:01 - CT Camera not operating 
2024-05-19 16:30:01 - Passed Sunrise 
2024-05-19 16:30:01 - CT Camera not operating 
2024-05-19 16:40:01 - Passed Sunrise 
2024-05-19 16:40:01 - CT Camera not operating 
2024-05-19 16:50:01 - Passed Sunrise 
2024-05-19 16:50:01 - CT Camera not operating 
2024-05-19 20:01:01 - Added sunrise_time: 2024-05-20 11:20:31 
2024-05-20 10:00:01 - Before Sunrise 
2024-05-20 10:10:01 - Before Sunrise 
2024-05-20 10:20:01 - Before Sunrise 
2024-05-20 10:30:01 - Before Sunrise 
2024-05-20 10:40:01 - Before Sunrise 
2024-05-20 10:50:01 - Before Sunrise 
2024-05-20 11:00:01 - Before Sunrise 
2024-05-20 11:10:01 - Before Sunrise 
2024-05-20 11:20:01 - Before Sunrise 
2024-05-20 11:30:01 - Passed Sunrise 
2024-05-20 11:30:01 - CT Camera not operating 
2024-05-20 11:40:01 - Passed Sunrise 
2024-05-20 11:40:01 - CT Camera not operating 
2024-05-20 11:50:01 - Passed Sunrise 
2024-05-20 11:50:01 - CT Camera not operating 
2024-05-20 12:00:01 - Passed Sunrise 
2024-05-20 12:00:01 - CT Camera not operating 
2024-05-20 12:10:01 - Passed Sunrise 
2024-05-20 12:10:01 - CT Camera not operating 
2024-05-20 12:20:01 - Passed Sunrise 
2024-05-20 12:20:01 - CT Camera not operating 
2024-05-20 12:30:01 - Passed Sunrise 
2024-05-20 12:30:01 - CT Camera not operating 
2024-05-20 12:40:01 - Passed Sunrise 
2024-05-20 12:40:01 - CT Camera not operating 
2024-05-20 12:50:01 - Passed Sunrise 
2024-05-20 12:50:01 - CT Camera not operating 
2024-05-20 13:00:01 - Passed Sunrise 
2024-05-20 13:00:01 - CT Camera not operating 
2024-05-20 13:10:01 - Passed Sunrise 
2024-05-20 13:10:01 - CT Camera not operating 
2024-05-20 13:20:01 - Passed Sunrise 
2024-05-20 13:20:01 - CT Camera not operating 
2024-05-20 13:30:01 - Passed Sunrise 
2024-05-20 13:30:01 - CT Camera not operating 
2024-05-20 13:40:01 - Passed Sunrise 
2024-05-20 13:40:01 - CT Camera not operating 
2024-05-20 13:50:01 - Passed Sunrise 
2024-05-20 13:50:01 - CT Camera not operating 
2024-05-20 14:00:01 - Passed Sunrise 
2024-05-20 14:00:01 - CT Camera not operating 
2024-05-20 14:10:01 - Passed Sunrise 
2024-05-20 14:10:01 - CT Camera not operating 
2024-05-20 14:20:01 - Passed Sunrise 
2024-05-20 14:20:01 - CT Camera not operating 
2024-05-20 14:30:01 - Passed Sunrise 
2024-05-20 14:30:01 - CT Camera not operating 
2024-05-20 14:40:01 - Passed Sunrise 
2024-05-20 14:40:01 - CT Camera not operating 
2024-05-20 14:50:01 - Passed Sunrise 
2024-05-20 14:50:01 - CT Camera not operating 
2024-05-20 15:00:01 - Passed Sunrise 
2024-05-20 15:00:01 - CT Camera not operating 
2024-05-20 15:10:01 - Passed Sunrise 
2024-05-20 15:10:01 - CT Camera not operating 
2024-05-20 15:20:01 - Passed Sunrise 
2024-05-20 15:20:01 - CT Camera not operating 
2024-05-20 15:30:01 - Passed Sunrise 
2024-05-20 15:30:01 - CT Camera not operating 
2024-05-20 15:40:02 - Passed Sunrise 
2024-05-20 15:40:02 - CT Camera not operating 
2024-05-20 15:50:01 - Passed Sunrise 
2024-05-20 15:50:01 - CT Camera not operating 
2024-05-20 16:00:01 - Passed Sunrise 
2024-05-20 16:00:01 - CT Camera not operating 
2024-05-20 16:10:01 - Passed Sunrise 
2024-05-20 16:10:01 - CT Camera not operating 
2024-05-20 16:20:01 - Passed Sunrise 
2024-05-20 16:20:01 - CT Camera not operating 
2024-05-20 16:30:01 - Passed Sunrise 
2024-05-20 16:30:01 - CT Camera not operating 
2024-05-20 16:40:02 - Passed Sunrise 
2024-05-20 16:40:02 - CT Camera not operating 
2024-05-20 16:50:01 - Passed Sunrise 
2024-05-20 16:50:01 - CT Camera not operating 
2024-05-20 20:01:01 - Added sunrise_time: 2024-05-21 11:19:38 
2024-05-21 10:00:01 - Before Sunrise 
2024-05-21 10:10:01 - Before Sunrise 
2024-05-21 10:20:01 - Before Sunrise 
2024-05-21 10:30:01 - Before Sunrise 
2024-05-21 10:40:01 - Before Sunrise 
2024-05-21 10:50:01 - Before Sunrise 
2024-05-21 11:00:01 - Before Sunrise 
2024-05-21 11:10:01 - Before Sunrise 
2024-05-21 11:20:01 - Passed Sunrise 
2024-05-21 11:20:01 - CT Camera not operating 
2024-05-21 11:30:01 - Passed Sunrise 
2024-05-21 11:30:01 - CT Camera not operating 
2024-05-21 11:40:01 - Passed Sunrise 
2024-05-21 11:40:01 - CT Camera not operating 
2024-05-21 11:50:01 - Passed Sunrise 
2024-05-21 11:50:01 - CT Camera not operating 
2024-05-21 12:00:01 - Passed Sunrise 
2024-05-21 12:00:01 - CT Camera not operating 
2024-05-21 12:10:01 - Passed Sunrise 
2024-05-21 12:10:01 - CT Camera not operating 
2024-05-21 12:20:01 - Passed Sunrise 
2024-05-21 12:20:01 - CT Camera not operating 
2024-05-21 12:30:01 - Passed Sunrise 
2024-05-21 12:30:01 - CT Camera not operating 
2024-05-21 12:40:02 - Passed Sunrise 
2024-05-21 12:40:02 - CT Camera not operating 
2024-05-21 12:50:01 - Passed Sunrise 
2024-05-21 12:50:01 - CT Camera not operating 
2024-05-21 13:00:01 - Passed Sunrise 
2024-05-21 13:00:01 - CT Camera not operating 
2024-05-21 13:10:01 - Passed Sunrise 
2024-05-21 13:10:01 - CT Camera not operating 
2024-05-21 13:20:01 - Passed Sunrise 
2024-05-21 13:20:01 - CT Camera not operating 
2024-05-21 13:30:01 - Passed Sunrise 
2024-05-21 13:30:01 - CT Camera not operating 
2024-05-21 13:40:02 - Passed Sunrise 
2024-05-21 13:40:02 - CT Camera not operating 
2024-05-21 13:50:01 - Passed Sunrise 
2024-05-21 13:50:01 - CT Camera not operating 
2024-05-21 14:00:01 - Passed Sunrise 
2024-05-21 14:00:01 - CT Camera not operating 
2024-05-21 14:10:01 - Passed Sunrise 
2024-05-21 14:10:01 - CT Camera not operating 
2024-05-21 14:20:01 - Passed Sunrise 
2024-05-21 14:20:01 - CT Camera not operating 
2024-05-21 14:30:01 - Passed Sunrise 
2024-05-21 14:30:01 - CT Camera not operating 
2024-05-21 14:40:02 - Passed Sunrise 
2024-05-21 14:40:02 - CT Camera not operating 
2024-05-21 14:50:01 - Passed Sunrise 
2024-05-21 14:50:01 - CT Camera not operating 
2024-05-21 15:00:01 - Passed Sunrise 
2024-05-21 15:00:01 - CT Camera not operating 
2024-05-21 15:10:01 - Passed Sunrise 
2024-05-21 15:10:01 - CT Camera not operating 
2024-05-21 15:20:01 - Passed Sunrise 
2024-05-21 15:20:01 - CT Camera not operating 
2024-05-21 15:30:01 - Passed Sunrise 
2024-05-21 15:30:01 - CT Camera not operating 
2024-05-21 15:40:01 - Passed Sunrise 
2024-05-21 15:40:01 - CT Camera not operating 
2024-05-21 15:50:01 - Passed Sunrise 
2024-05-21 15:50:01 - CT Camera not operating 
2024-05-21 16:00:01 - Passed Sunrise 
2024-05-21 16:00:01 - CT Camera not operating 
2024-05-21 16:10:01 - Passed Sunrise 
2024-05-21 16:10:01 - CT Camera not operating 
2024-05-21 16:20:01 - Passed Sunrise 
2024-05-21 16:20:01 - CT Camera not operating 
2024-05-21 16:30:01 - Passed Sunrise 
2024-05-21 16:30:01 - CT Camera not operating 
2024-05-21 16:40:01 - Passed Sunrise 
2024-05-21 16:40:01 - CT Camera not operating 
2024-05-21 16:50:01 - Passed Sunrise 
2024-05-21 16:50:01 - CT Camera not operating 
2024-05-21 20:01:01 - Added sunrise_time: 2024-05-22 11:18:47 
2024-05-22 10:00:01 - Before Sunrise 
2024-05-22 10:10:01 - Before Sunrise 
2024-05-22 10:20:01 - Before Sunrise 
2024-05-22 10:30:01 - Before Sunrise 
2024-05-22 10:40:02 - Before Sunrise 
2024-05-22 10:50:01 - Before Sunrise 
2024-05-22 11:00:01 - Before Sunrise 
2024-05-22 11:10:01 - Before Sunrise 
2024-05-22 11:20:01 - Passed Sunrise 
2024-05-22 11:20:01 - CT Camera not operating 
2024-05-22 11:30:01 - Passed Sunrise 
2024-05-22 11:30:01 - CT Camera not operating 
2024-05-22 11:40:02 - Passed Sunrise 
2024-05-22 11:40:02 - CT Camera not operating 
2024-05-22 11:50:01 - Passed Sunrise 
2024-05-22 11:50:01 - CT Camera not operating 
2024-05-22 12:00:01 - Passed Sunrise 
2024-05-22 12:00:01 - CT Camera not operating 
2024-05-22 12:10:01 - Passed Sunrise 
2024-05-22 12:10:01 - CT Camera not operating 
2024-05-22 12:20:01 - Passed Sunrise 
2024-05-22 12:20:01 - CT Camera not operating 
2024-05-22 12:30:01 - Passed Sunrise 
2024-05-22 12:30:01 - CT Camera not operating 
2024-05-22 12:40:01 - Passed Sunrise 
2024-05-22 12:40:01 - CT Camera not operating 
2024-05-22 12:50:01 - Passed Sunrise 
2024-05-22 12:50:01 - CT Camera not operating 
2024-05-22 13:00:01 - Passed Sunrise 
2024-05-22 13:00:01 - CT Camera not operating 
2024-05-22 13:10:01 - Passed Sunrise 
2024-05-22 13:10:01 - CT Camera not operating 
2024-05-22 13:20:01 - Passed Sunrise 
2024-05-22 13:20:01 - CT Camera not operating 
2024-05-22 13:30:01 - Passed Sunrise 
2024-05-22 13:30:01 - CT Camera not operating 
2024-05-22 13:40:01 - Passed Sunrise 
2024-05-22 13:40:01 - CT Camera not operating 
2024-05-22 13:50:01 - Passed Sunrise 
2024-05-22 13:50:01 - CT Camera not operating 
2024-05-22 14:00:01 - Passed Sunrise 
2024-05-22 14:00:01 - CT Camera not operating 
2024-05-22 14:10:01 - Passed Sunrise 
2024-05-22 14:10:01 - CT Camera not operating 
2024-05-22 14:20:01 - Passed Sunrise 
2024-05-22 14:20:01 - CT Camera not operating 
2024-05-22 14:30:01 - Passed Sunrise 
2024-05-22 14:30:01 - CT Camera not operating 
2024-05-22 14:40:01 - Passed Sunrise 
2024-05-22 14:40:01 - CT Camera not operating 
2024-05-22 14:50:01 - Passed Sunrise 
2024-05-22 14:50:01 - CT Camera not operating 
2024-05-22 15:00:01 - Passed Sunrise 
2024-05-22 15:00:01 - CT Camera not operating 
2024-05-22 15:10:01 - Passed Sunrise 
2024-05-22 15:10:01 - CT Camera not operating 
2024-05-22 15:20:01 - Passed Sunrise 
2024-05-22 15:20:01 - CT Camera not operating 
2024-05-22 15:30:01 - Passed Sunrise 
2024-05-22 15:30:01 - CT Camera not operating 
2024-05-22 15:40:01 - Passed Sunrise 
2024-05-22 15:40:01 - CT Camera not operating 
2024-05-22 15:50:01 - Passed Sunrise 
2024-05-22 15:50:01 - CT Camera not operating 
2024-05-22 16:00:01 - Passed Sunrise 
2024-05-22 16:00:01 - CT Camera not operating 
2024-05-22 16:10:01 - Passed Sunrise 
2024-05-22 16:10:01 - CT Camera not operating 
2024-05-22 16:20:01 - Passed Sunrise 
2024-05-22 16:20:01 - CT Camera not operating 
2024-05-22 16:30:01 - Passed Sunrise 
2024-05-22 16:30:01 - CT Camera not operating 
2024-05-22 16:40:01 - Passed Sunrise 
2024-05-22 16:40:01 - CT Camera not operating 
2024-05-22 16:50:01 - Passed Sunrise 
2024-05-22 16:50:01 - CT Camera not operating 
2024-05-22 20:01:01 - Added sunrise_time: 2024-05-23 11:17:58 
2024-05-23 10:00:01 - Before Sunrise 
2024-05-23 10:10:01 - Before Sunrise 
2024-05-23 10:20:01 - Before Sunrise 
2024-05-23 10:30:01 - Before Sunrise 
2024-05-23 10:40:01 - Before Sunrise 
2024-05-23 10:50:01 - Before Sunrise 
2024-05-23 11:00:01 - Before Sunrise 
2024-05-23 11:10:01 - Before Sunrise 
2024-05-23 11:20:01 - Passed Sunrise 
2024-05-23 11:20:01 - CT Camera not operating 
2024-05-23 11:30:02 - Passed Sunrise 
2024-05-23 11:30:02 - CT Camera not operating 
2024-05-23 11:40:01 - Passed Sunrise 
2024-05-23 11:40:01 - CT Camera not operating 
2024-05-23 11:50:01 - Passed Sunrise 
2024-05-23 11:50:01 - CT Camera not operating 
2024-05-23 12:00:01 - Passed Sunrise 
2024-05-23 12:00:01 - CT Camera not operating 
2024-05-23 12:10:01 - Passed Sunrise 
2024-05-23 12:10:01 - CT Camera not operating 
2024-05-23 12:20:01 - Passed Sunrise 
2024-05-23 12:20:01 - CT Camera not operating 
2024-05-23 12:30:02 - Passed Sunrise 
2024-05-23 12:30:02 - CT Camera not operating 
2024-05-23 12:40:01 - Passed Sunrise 
2024-05-23 12:40:01 - CT Camera not operating 
2024-05-23 12:50:01 - Passed Sunrise 
2024-05-23 12:50:01 - CT Camera not operating 
2024-05-23 13:00:01 - Passed Sunrise 
2024-05-23 13:00:01 - CT Camera not operating 
2024-05-23 13:10:01 - Passed Sunrise 
2024-05-23 13:10:01 - CT Camera not operating 
2024-05-23 13:20:01 - Passed Sunrise 
2024-05-23 13:20:01 - CT Camera not operating 
2024-05-23 13:30:02 - Passed Sunrise 
2024-05-23 13:30:02 - CT Camera not operating 
2024-05-23 13:40:01 - Passed Sunrise 
2024-05-23 13:40:01 - CT Camera not operating 
2024-05-23 13:50:01 - Passed Sunrise 
2024-05-23 13:50:01 - CT Camera not operating 
2024-05-23 14:00:01 - Passed Sunrise 
2024-05-23 14:00:01 - CT Camera not operating 
2024-05-23 14:10:01 - Passed Sunrise 
2024-05-23 14:10:01 - CT Camera not operating 
2024-05-23 14:20:01 - Passed Sunrise 
2024-05-23 14:20:01 - CT Camera not operating 
2024-05-23 14:30:01 - Passed Sunrise 
2024-05-23 14:30:01 - CT Camera not operating 
2024-05-23 14:40:01 - Passed Sunrise 
2024-05-23 14:40:01 - CT Camera not operating 
2024-05-23 14:50:01 - Passed Sunrise 
2024-05-23 14:50:01 - CT Camera not operating 
2024-05-23 15:00:01 - Passed Sunrise 
2024-05-23 15:00:01 - CT Camera not operating 
2024-05-23 15:10:01 - Passed Sunrise 
2024-05-23 15:10:01 - CT Camera not operating 
2024-05-23 15:20:02 - Passed Sunrise 
2024-05-23 15:20:02 - CT Camera not operating 
2024-05-23 15:30:01 - Passed Sunrise 
2024-05-23 15:30:01 - CT Camera not operating 
2024-05-23 15:40:01 - Passed Sunrise 
2024-05-23 15:40:01 - CT Camera not operating 
2024-05-23 15:50:01 - Passed Sunrise 
2024-05-23 15:50:01 - CT Camera not operating 
2024-05-23 16:00:01 - Passed Sunrise 
2024-05-23 16:00:01 - CT Camera not operating 
2024-05-23 16:10:01 - Passed Sunrise 
2024-05-23 16:10:01 - CT Camera not operating 
2024-05-23 16:20:02 - Passed Sunrise 
2024-05-23 16:20:02 - CT Camera not operating 
2024-05-23 16:30:01 - Passed Sunrise 
2024-05-23 16:30:01 - CT Camera not operating 
2024-05-23 16:40:01 - Passed Sunrise 
2024-05-23 16:40:01 - CT Camera not operating 
2024-05-23 16:50:01 - Passed Sunrise 
2024-05-23 16:50:01 - CT Camera not operating 
2024-05-23 20:01:01 - Added sunrise_time: 2024-05-24 11:17:11 
2024-05-24 10:00:01 - Before Sunrise 
2024-05-24 10:10:01 - Before Sunrise 
2024-05-24 10:20:01 - Before Sunrise 
2024-05-24 10:30:01 - Before Sunrise 
2024-05-24 10:40:01 - Before Sunrise 
2024-05-24 10:50:01 - Before Sunrise 
2024-05-24 11:00:01 - Before Sunrise 
2024-05-24 11:10:01 - Before Sunrise 
2024-05-24 11:20:01 - Passed Sunrise 
2024-05-24 11:20:01 - CT Camera not operating 
2024-05-24 11:30:01 - Passed Sunrise 
2024-05-24 11:30:01 - CT Camera not operating 
2024-05-24 11:40:01 - Passed Sunrise 
2024-05-24 11:40:01 - CT Camera not operating 
2024-05-24 11:50:01 - Passed Sunrise 
2024-05-24 11:50:01 - CT Camera not operating 
2024-05-24 12:00:01 - Passed Sunrise 
2024-05-24 12:00:01 - CT Camera not operating 
2024-05-24 12:10:01 - Passed Sunrise 
2024-05-24 12:10:01 - CT Camera not operating 
2024-05-24 12:20:01 - Passed Sunrise 
2024-05-24 12:20:01 - CT Camera not operating 
2024-05-24 12:30:01 - Passed Sunrise 
2024-05-24 12:30:01 - CT Camera not operating 
2024-05-24 12:40:01 - Passed Sunrise 
2024-05-24 12:40:01 - CT Camera not operating 
2024-05-24 12:50:01 - Passed Sunrise 
2024-05-24 12:50:01 - CT Camera not operating 
2024-05-24 13:00:01 - Passed Sunrise 
2024-05-24 13:00:01 - CT Camera not operating 
2024-05-24 13:10:01 - Passed Sunrise 
2024-05-24 13:10:01 - CT Camera not operating 
2024-05-24 13:20:01 - Passed Sunrise 
2024-05-24 13:20:01 - CT Camera not operating 
2024-05-24 13:30:01 - Passed Sunrise 
2024-05-24 13:30:01 - CT Camera not operating 
2024-05-24 13:40:01 - Passed Sunrise 
2024-05-24 13:40:01 - CT Camera not operating 
2024-05-24 13:50:01 - Passed Sunrise 
2024-05-24 13:50:01 - CT Camera not operating 
2024-05-24 14:00:01 - Passed Sunrise 
2024-05-24 14:00:01 - CT Camera not operating 
2024-05-24 14:10:01 - Passed Sunrise 
2024-05-24 14:10:01 - CT Camera not operating 
2024-05-24 14:20:01 - Passed Sunrise 
2024-05-24 14:20:01 - CT Camera not operating 
2024-05-24 14:30:01 - Passed Sunrise 
2024-05-24 14:30:01 - CT Camera not operating 
2024-05-24 14:40:01 - Passed Sunrise 
2024-05-24 14:40:01 - CT Camera not operating 
2024-05-24 14:50:01 - Passed Sunrise 
2024-05-24 14:50:01 - CT Camera not operating 
2024-05-24 15:00:01 - Passed Sunrise 
2024-05-24 15:00:01 - CT Camera not operating 
2024-05-24 15:10:01 - Passed Sunrise 
2024-05-24 15:10:01 - CT Camera not operating 
2024-05-24 15:20:01 - Passed Sunrise 
2024-05-24 15:20:01 - CT Camera not operating 
2024-05-24 15:30:01 - Passed Sunrise 
2024-05-24 15:30:01 - CT Camera not operating 
2024-05-24 15:40:01 - Passed Sunrise 
2024-05-24 15:40:01 - CT Camera not operating 
2024-05-24 15:50:01 - Passed Sunrise 
2024-05-24 15:50:01 - CT Camera not operating 
2024-05-24 16:00:01 - Passed Sunrise 
2024-05-24 16:00:01 - CT Camera not operating 
2024-05-24 16:10:01 - Passed Sunrise 
2024-05-24 16:10:01 - CT Camera not operating 
2024-05-24 16:20:01 - Passed Sunrise 
2024-05-24 16:20:01 - CT Camera not operating 
2024-05-24 16:30:01 - Passed Sunrise 
2024-05-24 16:30:01 - CT Camera not operating 
2024-05-24 16:40:01 - Passed Sunrise 
2024-05-24 16:40:01 - CT Camera not operating 
2024-05-24 16:50:01 - Passed Sunrise 
2024-05-24 16:50:01 - CT Camera not operating 
2024-05-24 20:01:01 - Added sunrise_time: 2024-05-25 11:16:25 
2024-05-25 10:00:01 - Before Sunrise 
2024-05-25 10:10:01 - Before Sunrise 
2024-05-25 10:20:01 - Before Sunrise 
2024-05-25 10:30:01 - Before Sunrise 
2024-05-25 10:40:02 - Before Sunrise 
2024-05-25 10:50:01 - Before Sunrise 
2024-05-25 11:00:01 - Before Sunrise 
2024-05-25 11:10:01 - Before Sunrise 
2024-05-25 11:20:01 - Passed Sunrise 
2024-05-25 11:20:01 - CT Camera not operating 
2024-05-25 11:30:01 - Passed Sunrise 
2024-05-25 11:30:01 - CT Camera not operating 
2024-05-25 11:40:02 - Passed Sunrise 
2024-05-25 11:40:02 - CT Camera not operating 
2024-05-25 11:50:01 - Passed Sunrise 
2024-05-25 11:50:01 - CT Camera not operating 
2024-05-25 12:00:01 - Passed Sunrise 
2024-05-25 12:00:01 - CT Camera not operating 
2024-05-25 12:10:01 - Passed Sunrise 
2024-05-25 12:10:01 - CT Camera not operating 
2024-05-25 12:20:01 - Passed Sunrise 
2024-05-25 12:20:01 - CT Camera not operating 
2024-05-25 12:30:01 - Passed Sunrise 
2024-05-25 12:30:01 - CT Camera not operating 
2024-05-25 12:40:02 - Passed Sunrise 
2024-05-25 12:40:02 - CT Camera not operating 
2024-05-25 12:50:01 - Passed Sunrise 
2024-05-25 12:50:01 - CT Camera not operating 
2024-05-25 13:00:01 - Passed Sunrise 
2024-05-25 13:00:01 - CT Camera not operating 
2024-05-25 13:10:01 - Passed Sunrise 
2024-05-25 13:10:01 - CT Camera not operating 
2024-05-25 13:20:01 - Passed Sunrise 
2024-05-25 13:20:01 - CT Camera not operating 
2024-05-25 13:30:01 - Passed Sunrise 
2024-05-25 13:30:01 - CT Camera not operating 
2024-05-25 13:40:01 - Passed Sunrise 
2024-05-25 13:40:01 - CT Camera not operating 
2024-05-25 13:50:01 - Passed Sunrise 
2024-05-25 13:50:01 - CT Camera not operating 
2024-05-25 14:00:01 - Passed Sunrise 
2024-05-25 14:00:01 - CT Camera not operating 
2024-05-25 14:10:01 - Passed Sunrise 
2024-05-25 14:10:01 - CT Camera not operating 
2024-05-25 14:20:01 - Passed Sunrise 
2024-05-25 14:20:01 - CT Camera not operating 
2024-05-25 14:30:01 - Passed Sunrise 
2024-05-25 14:30:01 - CT Camera not operating 
2024-05-25 14:40:01 - Passed Sunrise 
2024-05-25 14:40:01 - CT Camera not operating 
2024-05-25 14:50:01 - Passed Sunrise 
2024-05-25 14:50:01 - CT Camera not operating 
2024-05-25 15:00:01 - Passed Sunrise 
2024-05-25 15:00:01 - CT Camera not operating 
2024-05-25 15:10:01 - Passed Sunrise 
2024-05-25 15:10:01 - CT Camera not operating 
2024-05-25 15:20:01 - Passed Sunrise 
2024-05-25 15:20:01 - CT Camera not operating 
2024-05-25 15:30:01 - Passed Sunrise 
2024-05-25 15:30:01 - CT Camera not operating 
2024-05-25 15:40:01 - Passed Sunrise 
2024-05-25 15:40:01 - CT Camera not operating 
2024-05-25 15:50:01 - Passed Sunrise 
2024-05-25 15:50:01 - CT Camera not operating 
2024-05-25 16:00:01 - Passed Sunrise 
2024-05-25 16:00:01 - CT Camera not operating 
2024-05-25 16:10:01 - Passed Sunrise 
2024-05-25 16:10:01 - CT Camera not operating 
2024-05-25 16:20:01 - Passed Sunrise 
2024-05-25 16:20:01 - CT Camera not operating 
2024-05-25 16:30:01 - Passed Sunrise 
2024-05-25 16:30:01 - CT Camera not operating 
2024-05-25 16:40:01 - Passed Sunrise 
2024-05-25 16:40:01 - CT Camera not operating 
2024-05-25 16:50:01 - Passed Sunrise 
2024-05-25 16:50:01 - CT Camera not operating 
2024-05-25 20:01:01 - Added sunrise_time: 2024-05-26 11:15:42 
2024-05-26 10:00:01 - Before Sunrise 
2024-05-26 10:10:01 - Before Sunrise 
2024-05-26 10:20:01 - Before Sunrise 
2024-05-26 10:30:01 - Before Sunrise 
2024-05-26 10:40:01 - Before Sunrise 
2024-05-26 10:50:01 - Before Sunrise 
2024-05-26 11:00:01 - Before Sunrise 
2024-05-26 11:10:02 - Before Sunrise 
2024-05-26 11:20:01 - Passed Sunrise 
2024-05-26 11:20:01 - CT Camera not operating 
2024-05-26 11:30:01 - Passed Sunrise 
2024-05-26 11:30:01 - CT Camera not operating 
2024-05-26 11:40:01 - Passed Sunrise 
2024-05-26 11:40:01 - CT Camera not operating 
2024-05-26 11:50:01 - Passed Sunrise 
2024-05-26 11:50:01 - CT Camera not operating 
2024-05-26 12:00:01 - Passed Sunrise 
2024-05-26 12:00:01 - CT Camera not operating 
2024-05-26 12:10:02 - Passed Sunrise 
2024-05-26 12:10:02 - CT Camera not operating 
2024-05-26 12:20:01 - Passed Sunrise 
2024-05-26 12:20:01 - CT Camera not operating 
2024-05-26 12:30:01 - Passed Sunrise 
2024-05-26 12:30:01 - CT Camera not operating 
2024-05-26 12:40:01 - Passed Sunrise 
2024-05-26 12:40:01 - CT Camera not operating 
2024-05-26 12:50:01 - Passed Sunrise 
2024-05-26 12:50:01 - CT Camera not operating 
2024-05-26 13:00:01 - Passed Sunrise 
2024-05-26 13:00:01 - CT Camera not operating 
2024-05-26 13:10:01 - Passed Sunrise 
2024-05-26 13:10:01 - CT Camera not operating 
2024-05-26 13:20:01 - Passed Sunrise 
2024-05-26 13:20:01 - CT Camera not operating 
2024-05-26 13:30:01 - Passed Sunrise 
2024-05-26 13:30:01 - CT Camera not operating 
2024-05-26 13:40:01 - Passed Sunrise 
2024-05-26 13:40:01 - CT Camera not operating 
2024-05-26 13:50:01 - Passed Sunrise 
2024-05-26 13:50:01 - CT Camera not operating 
2024-05-26 14:00:01 - Passed Sunrise 
2024-05-26 14:00:01 - CT Camera not operating 
2024-05-26 14:10:01 - Passed Sunrise 
2024-05-26 14:10:01 - CT Camera not operating 
2024-05-26 14:20:01 - Passed Sunrise 
2024-05-26 14:20:01 - CT Camera not operating 
2024-05-26 14:30:01 - Passed Sunrise 
2024-05-26 14:30:01 - CT Camera not operating 
2024-05-26 14:40:01 - Passed Sunrise 
2024-05-26 14:40:01 - CT Camera not operating 
2024-05-26 14:50:01 - Passed Sunrise 
2024-05-26 14:50:01 - CT Camera not operating 
2024-05-26 15:00:01 - Passed Sunrise 
2024-05-26 15:00:01 - CT Camera not operating 
2024-05-26 15:10:01 - Passed Sunrise 
2024-05-26 15:10:01 - CT Camera not operating 
2024-05-26 15:20:01 - Passed Sunrise 
2024-05-26 15:20:01 - CT Camera not operating 
2024-05-26 15:30:01 - Passed Sunrise 
2024-05-26 15:30:01 - CT Camera not operating 
2024-05-26 15:40:01 - Passed Sunrise 
2024-05-26 15:40:01 - CT Camera not operating 
2024-05-26 15:50:01 - Passed Sunrise 
2024-05-26 15:50:01 - CT Camera not operating 
2024-05-26 16:00:01 - Passed Sunrise 
2024-05-26 16:00:01 - CT Camera not operating 
2024-05-26 16:10:01 - Passed Sunrise 
2024-05-26 16:10:01 - CT Camera not operating 
2024-05-26 16:20:01 - Passed Sunrise 
2024-05-26 16:20:01 - CT Camera not operating 
2024-05-26 16:30:01 - Passed Sunrise 
2024-05-26 16:30:01 - CT Camera not operating 
2024-05-26 16:40:01 - Passed Sunrise 
2024-05-26 16:40:01 - CT Camera not operating 
2024-05-26 16:50:01 - Passed Sunrise 
2024-05-26 16:50:01 - CT Camera not operating 
2024-05-26 20:01:02 - Added sunrise_time: 2024-05-27 11:15:01 
2024-05-27 10:00:02 - Before Sunrise 
2024-05-27 10:10:01 - Before Sunrise 
2024-05-27 10:20:01 - Before Sunrise 
2024-05-27 10:30:01 - Before Sunrise 
2024-05-27 10:40:01 - Before Sunrise 
2024-05-27 10:50:01 - Before Sunrise 
2024-05-27 11:00:02 - Before Sunrise 
2024-05-27 11:10:01 - Before Sunrise 
2024-05-27 11:20:01 - Passed Sunrise 
2024-05-27 11:20:01 - CT Camera not operating 
2024-05-27 11:30:01 - Passed Sunrise 
2024-05-27 11:30:01 - CT Camera not operating 
2024-05-27 11:40:01 - Passed Sunrise 
2024-05-27 11:40:01 - CT Camera not operating 
2024-05-27 11:50:02 - Passed Sunrise 
2024-05-27 11:50:02 - CT Camera not operating 
2024-05-27 12:00:01 - Passed Sunrise 
2024-05-27 12:00:01 - CT Camera not operating 
2024-05-27 12:10:01 - Passed Sunrise 
2024-05-27 12:10:01 - CT Camera not operating 
2024-05-27 12:20:01 - Passed Sunrise 
2024-05-27 12:20:01 - CT Camera not operating 
2024-05-27 12:30:01 - Passed Sunrise 
2024-05-27 12:30:01 - CT Camera not operating 
2024-05-27 12:40:01 - Passed Sunrise 
2024-05-27 12:40:01 - CT Camera not operating 
2024-05-27 12:50:02 - Passed Sunrise 
2024-05-27 12:50:02 - CT Camera not operating 
2024-05-27 13:00:01 - Passed Sunrise 
2024-05-27 13:00:01 - CT Camera not operating 
2024-05-27 13:10:01 - Passed Sunrise 
2024-05-27 13:10:01 - CT Camera not operating 
2024-05-27 13:20:01 - Passed Sunrise 
2024-05-27 13:20:01 - CT Camera not operating 
2024-05-27 13:30:01 - Passed Sunrise 
2024-05-27 13:30:01 - CT Camera not operating 
2024-05-27 13:40:01 - Passed Sunrise 
2024-05-27 13:40:01 - CT Camera not operating 
2024-05-27 13:50:02 - Passed Sunrise 
2024-05-27 13:50:02 - CT Camera not operating 
2024-05-27 14:00:01 - Passed Sunrise 
2024-05-27 14:00:01 - CT Camera not operating 
2024-05-27 14:10:01 - Passed Sunrise 
2024-05-27 14:10:01 - CT Camera not operating 
2024-05-27 14:20:01 - Passed Sunrise 
2024-05-27 14:20:01 - CT Camera not operating 
2024-05-27 14:30:01 - Passed Sunrise 
2024-05-27 14:30:01 - CT Camera not operating 
2024-05-27 14:40:01 - Passed Sunrise 
2024-05-27 14:40:01 - CT Camera not operating 
2024-05-27 14:50:01 - Passed Sunrise 
2024-05-27 14:50:01 - CT Camera not operating 
2024-05-27 15:00:01 - Passed Sunrise 
2024-05-27 15:00:01 - CT Camera not operating 
2024-05-27 15:10:01 - Passed Sunrise 
2024-05-27 15:10:01 - CT Camera not operating 
2024-05-27 15:20:01 - Passed Sunrise 
2024-05-27 15:20:01 - CT Camera not operating 
2024-05-27 15:30:01 - Passed Sunrise 
2024-05-27 15:30:01 - CT Camera not operating 
2024-05-27 15:40:01 - Passed Sunrise 
2024-05-27 15:40:01 - CT Camera not operating 
2024-05-27 15:50:01 - Passed Sunrise 
2024-05-27 15:50:01 - CT Camera not operating 
2024-05-27 16:00:01 - Passed Sunrise 
2024-05-27 16:00:01 - CT Camera not operating 
2024-05-27 16:10:01 - Passed Sunrise 
2024-05-27 16:10:01 - CT Camera not operating 
2024-05-27 16:20:01 - Passed Sunrise 
2024-05-27 16:20:01 - CT Camera not operating 
2024-05-27 16:30:01 - Passed Sunrise 
2024-05-27 16:30:01 - CT Camera not operating 
2024-05-27 16:40:01 - Passed Sunrise 
2024-05-27 16:40:01 - CT Camera not operating 
2024-05-27 16:50:01 - Passed Sunrise 
2024-05-27 16:50:01 - CT Camera not operating 
2024-05-27 20:01:01 - Added sunrise_time: 2024-05-28 11:14:21 
2024-05-28 10:00:01 - Before Sunrise 
2024-05-28 10:10:01 - Before Sunrise 
2024-05-28 10:20:01 - Before Sunrise 
2024-05-28 10:30:01 - Before Sunrise 
2024-05-28 10:40:02 - Before Sunrise 
2024-05-28 10:50:01 - Before Sunrise 
2024-05-28 11:00:01 - Before Sunrise 
2024-05-28 11:10:01 - Before Sunrise 
2024-05-28 11:20:01 - Passed Sunrise 
2024-05-28 11:20:01 - CT Camera not operating 
2024-05-28 11:30:01 - Passed Sunrise 
2024-05-28 11:30:01 - CT Camera not operating 
2024-05-28 11:40:02 - Passed Sunrise 
2024-05-28 11:40:02 - CT Camera not operating 
2024-05-28 11:50:01 - Passed Sunrise 
2024-05-28 11:50:01 - CT Camera not operating 
2024-05-28 12:00:01 - Passed Sunrise 
2024-05-28 12:00:01 - CT Camera not operating 
2024-05-28 12:10:01 - Passed Sunrise 
2024-05-28 12:10:01 - CT Camera not operating 
2024-05-28 12:20:01 - Passed Sunrise 
2024-05-28 12:20:01 - CT Camera not operating 
2024-05-28 12:30:01 - Passed Sunrise 
2024-05-28 12:30:01 - CT Camera not operating 
2024-05-28 12:40:01 - Passed Sunrise 
2024-05-28 12:40:01 - CT Camera not operating 
2024-05-28 12:50:01 - Passed Sunrise 
2024-05-28 12:50:01 - CT Camera not operating 
2024-05-28 13:00:01 - Passed Sunrise 
2024-05-28 13:00:01 - CT Camera not operating 
2024-05-28 13:10:01 - Passed Sunrise 
2024-05-28 13:10:01 - CT Camera not operating 
2024-05-28 13:20:01 - Passed Sunrise 
2024-05-28 13:20:01 - CT Camera not operating 
2024-05-28 13:30:01 - Passed Sunrise 
2024-05-28 13:30:01 - CT Camera not operating 
2024-05-28 13:40:01 - Passed Sunrise 
2024-05-28 13:40:01 - CT Camera not operating 
2024-05-28 13:50:01 - Passed Sunrise 
2024-05-28 13:50:01 - CT Camera not operating 
2024-05-28 14:00:01 - Passed Sunrise 
2024-05-28 14:00:01 - CT Camera not operating 
2024-05-28 14:10:01 - Passed Sunrise 
2024-05-28 14:10:01 - CT Camera not operating 
2024-05-28 14:20:01 - Passed Sunrise 
2024-05-28 14:20:01 - CT Camera not operating 
2024-05-28 14:30:01 - Passed Sunrise 
2024-05-28 14:30:01 - CT Camera not operating 
2024-05-28 14:40:01 - Passed Sunrise 
2024-05-28 14:40:01 - CT Camera not operating 
2024-05-28 14:50:01 - Passed Sunrise 
2024-05-28 14:50:01 - CT Camera not operating 
2024-05-28 15:00:01 - Passed Sunrise 
2024-05-28 15:00:01 - CT Camera not operating 
2024-05-28 15:10:01 - Passed Sunrise 
2024-05-28 15:10:01 - CT Camera not operating 
2024-05-28 15:20:01 - Passed Sunrise 
2024-05-28 15:20:01 - CT Camera not operating 
2024-05-28 15:30:01 - Passed Sunrise 
2024-05-28 15:30:01 - CT Camera not operating 
2024-05-28 15:40:01 - Passed Sunrise 
2024-05-28 15:40:01 - CT Camera not operating 
2024-05-28 15:50:01 - Passed Sunrise 
2024-05-28 15:50:01 - CT Camera not operating 
2024-05-28 16:00:01 - Passed Sunrise 
2024-05-28 16:00:01 - CT Camera not operating 
2024-05-28 16:10:01 - Passed Sunrise 
2024-05-28 16:10:01 - CT Camera not operating 
2024-05-28 16:20:01 - Passed Sunrise 
2024-05-28 16:20:01 - CT Camera not operating 
2024-05-28 16:30:01 - Passed Sunrise 
2024-05-28 16:30:01 - CT Camera not operating 
2024-05-28 16:40:01 - Passed Sunrise 
2024-05-28 16:40:01 - CT Camera not operating 
2024-05-28 16:50:01 - Passed Sunrise 
2024-05-28 16:50:01 - CT Camera not operating 
2024-05-28 20:01:01 - Added sunrise_time: 2024-05-29 11:13:44 
2024-05-29 10:00:01 - Before Sunrise 
2024-05-29 10:10:01 - Before Sunrise 
2024-05-29 10:20:01 - Before Sunrise 
2024-05-29 10:30:01 - Before Sunrise 
2024-05-29 10:40:01 - Before Sunrise 
2024-05-29 10:50:01 - Before Sunrise 
2024-05-29 11:00:01 - Before Sunrise 
2024-05-29 11:10:01 - Before Sunrise 
2024-05-29 11:20:01 - Passed Sunrise 
2024-05-29 11:20:01 - CT Camera not operating 
2024-05-29 11:30:01 - Passed Sunrise 
2024-05-29 11:30:01 - CT Camera not operating 
2024-05-29 11:40:01 - Passed Sunrise 
2024-05-29 11:40:01 - CT Camera not operating 
2024-05-29 11:50:01 - Passed Sunrise 
2024-05-29 11:50:01 - CT Camera not operating 
2024-05-29 12:00:01 - Passed Sunrise 
2024-05-29 12:00:01 - CT Camera not operating 
2024-05-29 12:10:01 - Passed Sunrise 
2024-05-29 12:10:01 - CT Camera not operating 
2024-05-29 12:20:01 - Passed Sunrise 
2024-05-29 12:20:01 - CT Camera not operating 
2024-05-29 12:30:01 - Passed Sunrise 
2024-05-29 12:30:01 - CT Camera not operating 
2024-05-29 12:40:01 - Passed Sunrise 
2024-05-29 12:40:01 - CT Camera not operating 
2024-05-29 12:50:01 - Passed Sunrise 
2024-05-29 12:50:01 - CT Camera not operating 
2024-05-29 13:00:01 - Passed Sunrise 
2024-05-29 13:00:01 - CT Camera not operating 
2024-05-29 13:10:01 - Passed Sunrise 
2024-05-29 13:10:01 - CT Camera not operating 
2024-05-29 13:20:01 - Passed Sunrise 
2024-05-29 13:20:01 - CT Camera not operating 
2024-05-29 13:30:01 - Passed Sunrise 
2024-05-29 13:30:01 - CT Camera not operating 
2024-05-29 13:40:01 - Passed Sunrise 
2024-05-29 13:40:01 - CT Camera not operating 
2024-05-29 13:50:01 - Passed Sunrise 
2024-05-29 13:50:01 - CT Camera not operating 
2024-05-29 14:00:01 - Passed Sunrise 
2024-05-29 14:00:01 - CT Camera not operating 
2024-05-29 14:10:01 - Passed Sunrise 
2024-05-29 14:10:01 - CT Camera not operating 
2024-05-29 14:20:01 - Passed Sunrise 
2024-05-29 14:20:01 - CT Camera not operating 
2024-05-29 14:30:01 - Passed Sunrise 
2024-05-29 14:30:01 - CT Camera not operating 
2024-05-29 14:40:01 - Passed Sunrise 
2024-05-29 14:40:01 - CT Camera not operating 
2024-05-29 14:50:01 - Passed Sunrise 
2024-05-29 14:50:01 - CT Camera not operating 
2024-05-29 15:00:01 - Passed Sunrise 
2024-05-29 15:00:01 - CT Camera not operating 
2024-05-29 15:10:01 - Passed Sunrise 
2024-05-29 15:10:01 - CT Camera not operating 
2024-05-29 15:20:01 - Passed Sunrise 
2024-05-29 15:20:01 - CT Camera not operating 
2024-05-29 15:30:01 - Passed Sunrise 
2024-05-29 15:30:01 - CT Camera not operating 
2024-05-29 15:40:02 - Passed Sunrise 
2024-05-29 15:40:02 - CT Camera not operating 
2024-05-29 15:50:01 - Passed Sunrise 
2024-05-29 15:50:01 - CT Camera not operating 
2024-05-29 16:00:01 - Passed Sunrise 
2024-05-29 16:00:01 - CT Camera not operating 
2024-05-29 16:10:01 - Passed Sunrise 
2024-05-29 16:10:01 - CT Camera not operating 
2024-05-29 16:20:01 - Passed Sunrise 
2024-05-29 16:20:01 - CT Camera not operating 
2024-05-29 16:30:01 - Passed Sunrise 
2024-05-29 16:30:01 - CT Camera not operating 
2024-05-29 16:40:01 - Passed Sunrise 
2024-05-29 16:40:01 - CT Camera not operating 
2024-05-29 16:50:01 - Passed Sunrise 
2024-05-29 16:50:01 - CT Camera not operating 
2024-05-29 20:01:01 - Added sunrise_time: 2024-05-30 11:13:09 
2024-05-30 10:00:01 - Before Sunrise 
2024-05-30 10:10:01 - Before Sunrise 
2024-05-30 10:20:01 - Before Sunrise 
2024-05-30 10:30:02 - Before Sunrise 
2024-05-30 10:40:01 - Before Sunrise 
2024-05-30 10:50:01 - Before Sunrise 
2024-05-30 11:00:01 - Before Sunrise 
2024-05-30 11:10:01 - Before Sunrise 
2024-05-30 11:20:02 - Passed Sunrise 
2024-05-30 11:20:02 - CT Camera not operating 
2024-05-30 11:30:01 - Passed Sunrise 
2024-05-30 11:30:01 - CT Camera not operating 
2024-05-30 11:40:01 - Passed Sunrise 
2024-05-30 11:40:01 - CT Camera not operating 
2024-05-30 11:50:01 - Passed Sunrise 
2024-05-30 11:50:01 - CT Camera not operating 
2024-05-30 12:00:01 - Passed Sunrise 
2024-05-30 12:00:01 - CT Camera not operating 
2024-05-30 12:10:01 - Passed Sunrise 
2024-05-30 12:10:01 - CT Camera not operating 
2024-05-30 12:20:01 - Passed Sunrise 
2024-05-30 12:20:01 - CT Camera not operating 
2024-05-30 12:30:01 - Passed Sunrise 
2024-05-30 12:30:01 - CT Camera not operating 
2024-05-30 12:40:01 - Passed Sunrise 
2024-05-30 12:40:01 - CT Camera not operating 
2024-05-30 12:50:01 - Passed Sunrise 
2024-05-30 12:50:01 - CT Camera not operating 
2024-05-30 13:00:01 - Passed Sunrise 
2024-05-30 13:00:01 - CT Camera not operating 
2024-05-30 13:10:01 - Passed Sunrise 
2024-05-30 13:10:01 - CT Camera not operating 
2024-05-30 13:20:01 - Passed Sunrise 
2024-05-30 13:20:01 - CT Camera not operating 
2024-05-30 13:30:01 - Passed Sunrise 
2024-05-30 13:30:01 - CT Camera not operating 
2024-05-30 13:40:01 - Passed Sunrise 
2024-05-30 13:40:01 - CT Camera not operating 
2024-05-30 13:50:01 - Passed Sunrise 
2024-05-30 13:50:01 - CT Camera not operating 
2024-05-30 14:00:01 - Passed Sunrise 
2024-05-30 14:00:01 - CT Camera not operating 
2024-05-30 14:10:01 - Passed Sunrise 
2024-05-30 14:10:01 - CT Camera not operating 
2024-05-30 14:20:01 - Passed Sunrise 
2024-05-30 14:20:01 - CT Camera not operating 
2024-05-30 14:30:01 - Passed Sunrise 
2024-05-30 14:30:01 - CT Camera not operating 
2024-05-30 14:40:01 - Passed Sunrise 
2024-05-30 14:40:01 - CT Camera not operating 
2024-05-30 14:50:01 - Passed Sunrise 
2024-05-30 14:50:01 - CT Camera not operating 
2024-05-30 15:00:01 - Passed Sunrise 
2024-05-30 15:00:01 - CT Camera not operating 
2024-05-30 15:10:01 - Passed Sunrise 
2024-05-30 15:10:01 - CT Camera not operating 
2024-05-30 15:20:01 - Passed Sunrise 
2024-05-30 15:20:01 - CT Camera not operating 
2024-05-30 15:30:01 - Passed Sunrise 
2024-05-30 15:30:01 - CT Camera not operating 
2024-05-30 15:40:01 - Passed Sunrise 
2024-05-30 15:40:01 - CT Camera not operating 
2024-05-30 15:50:01 - Passed Sunrise 
2024-05-30 15:50:01 - CT Camera not operating 
2024-05-30 16:00:01 - Passed Sunrise 
2024-05-30 16:00:01 - CT Camera not operating 
2024-05-30 16:10:01 - Passed Sunrise 
2024-05-30 16:10:01 - CT Camera not operating 
2024-05-30 16:20:01 - Passed Sunrise 
2024-05-30 16:20:01 - CT Camera not operating 
2024-05-30 16:30:01 - Passed Sunrise 
2024-05-30 16:30:01 - CT Camera not operating 
2024-05-30 16:40:01 - Passed Sunrise 
2024-05-30 16:40:01 - CT Camera not operating 
2024-05-30 16:50:01 - Passed Sunrise 
2024-05-30 16:50:01 - CT Camera not operating 
2024-05-30 20:01:01 - Added sunrise_time: 2024-05-31 11:12:36 
2024-05-31 10:00:01 - Before Sunrise 
2024-05-31 10:10:01 - Before Sunrise 
2024-05-31 10:20:01 - Before Sunrise 
2024-05-31 10:30:01 - Before Sunrise 
2024-05-31 10:40:01 - Before Sunrise 
2024-05-31 10:50:01 - Before Sunrise 
2024-05-31 11:00:01 - Before Sunrise 
2024-05-31 11:10:01 - Before Sunrise 
2024-05-31 11:20:01 - Passed Sunrise 
2024-05-31 11:20:01 - CT Camera not operating 
2024-05-31 11:30:01 - Passed Sunrise 
2024-05-31 11:30:01 - CT Camera not operating 
2024-05-31 11:40:01 - Passed Sunrise 
2024-05-31 11:40:01 - CT Camera not operating 
2024-05-31 11:50:01 - Passed Sunrise 
2024-05-31 11:50:01 - CT Camera not operating 
2024-05-31 12:00:01 - Passed Sunrise 
2024-05-31 12:00:01 - CT Camera not operating 
2024-05-31 12:10:01 - Passed Sunrise 
2024-05-31 12:10:01 - CT Camera not operating 
2024-05-31 12:20:01 - Passed Sunrise 
2024-05-31 12:20:01 - CT Camera not operating 
2024-05-31 12:30:01 - Passed Sunrise 
2024-05-31 12:30:01 - CT Camera not operating 
2024-05-31 12:40:01 - Passed Sunrise 
2024-05-31 12:40:01 - CT Camera not operating 
2024-05-31 12:50:01 - Passed Sunrise 
2024-05-31 12:50:01 - CT Camera not operating 
2024-05-31 13:00:01 - Passed Sunrise 
2024-05-31 13:00:01 - CT Camera not operating 
2024-05-31 13:10:01 - Passed Sunrise 
2024-05-31 13:10:01 - CT Camera not operating 
2024-05-31 13:20:01 - Passed Sunrise 
2024-05-31 13:20:01 - CT Camera not operating 
2024-05-31 13:30:01 - Passed Sunrise 
2024-05-31 13:30:01 - CT Camera not operating 
2024-05-31 13:40:01 - Passed Sunrise 
2024-05-31 13:40:01 - CT Camera not operating 
2024-05-31 13:50:01 - Passed Sunrise 
2024-05-31 13:50:01 - CT Camera not operating 
2024-05-31 14:00:01 - Passed Sunrise 
2024-05-31 14:00:01 - CT Camera not operating 
2024-05-31 14:10:01 - Passed Sunrise 
2024-05-31 14:10:01 - CT Camera not operating 
2024-05-31 14:20:01 - Passed Sunrise 
2024-05-31 14:20:01 - CT Camera not operating 
2024-05-31 14:30:01 - Passed Sunrise 
2024-05-31 14:30:01 - CT Camera not operating 
2024-05-31 14:40:01 - Passed Sunrise 
2024-05-31 14:40:01 - CT Camera not operating 
2024-05-31 14:50:01 - Passed Sunrise 
2024-05-31 14:50:01 - CT Camera not operating 
2024-05-31 15:00:01 - Passed Sunrise 
2024-05-31 15:00:01 - CT Camera not operating 
2024-05-31 15:10:01 - Passed Sunrise 
2024-05-31 15:10:01 - CT Camera not operating 
2024-05-31 15:20:01 - Passed Sunrise 
2024-05-31 15:20:01 - CT Camera not operating 
2024-05-31 15:30:01 - Passed Sunrise 
2024-05-31 15:30:01 - CT Camera not operating 
2024-05-31 15:40:01 - Passed Sunrise 
2024-05-31 15:40:01 - CT Camera not operating 
2024-05-31 15:50:01 - Passed Sunrise 
2024-05-31 15:50:01 - CT Camera not operating 
2024-05-31 16:00:01 - Passed Sunrise 
2024-05-31 16:00:01 - CT Camera not operating 
2024-05-31 16:10:01 - Passed Sunrise 
2024-05-31 16:10:01 - CT Camera not operating 
2024-05-31 16:20:01 - Passed Sunrise 
2024-05-31 16:20:01 - CT Camera not operating 
2024-05-31 16:30:01 - Passed Sunrise 
2024-05-31 16:30:01 - CT Camera not operating 
2024-05-31 16:40:01 - Passed Sunrise 
2024-05-31 16:40:01 - CT Camera not operating 
2024-05-31 16:50:01 - Passed Sunrise 
2024-05-31 16:50:01 - CT Camera not operating 
2024-05-31 20:01:01 - Added sunrise_time: 2024-06-01 11:12:05 
2024-06-01 10:00:01 - Before Sunrise 
2024-06-01 10:10:01 - Before Sunrise 
2024-06-01 10:20:01 - Before Sunrise 
2024-06-01 10:30:01 - Before Sunrise 
2024-06-01 10:40:01 - Before Sunrise 
2024-06-01 10:50:02 - Before Sunrise 
2024-06-01 11:00:01 - Before Sunrise 
2024-06-01 11:10:01 - Before Sunrise 
2024-06-01 11:20:01 - Passed Sunrise 
2024-06-01 11:20:01 - CT Camera not operating 
2024-06-01 11:30:01 - Passed Sunrise 
2024-06-01 11:30:01 - CT Camera not operating 
2024-06-01 11:40:01 - Passed Sunrise 
2024-06-01 11:40:01 - CT Camera not operating 
2024-06-01 11:50:01 - Passed Sunrise 
2024-06-01 11:50:01 - CT Camera not operating 
2024-06-01 12:00:01 - Passed Sunrise 
2024-06-01 12:00:01 - CT Camera not operating 
2024-06-01 12:10:01 - Passed Sunrise 
2024-06-01 12:10:01 - CT Camera not operating 
2024-06-01 12:20:01 - Passed Sunrise 
2024-06-01 12:20:01 - CT Camera not operating 
2024-06-01 12:30:01 - Passed Sunrise 
2024-06-01 12:30:01 - CT Camera not operating 
2024-06-01 12:40:01 - Passed Sunrise 
2024-06-01 12:40:01 - CT Camera not operating 
2024-06-01 12:50:01 - Passed Sunrise 
2024-06-01 12:50:01 - CT Camera not operating 
2024-06-01 13:00:01 - Passed Sunrise 
2024-06-01 13:00:01 - CT Camera not operating 
2024-06-01 13:10:01 - Passed Sunrise 
2024-06-01 13:10:01 - CT Camera not operating 
2024-06-01 13:20:01 - Passed Sunrise 
2024-06-01 13:20:01 - CT Camera not operating 
2024-06-01 13:30:01 - Passed Sunrise 
2024-06-01 13:30:01 - CT Camera not operating 
2024-06-01 13:40:01 - Passed Sunrise 
2024-06-01 13:40:01 - CT Camera not operating 
2024-06-01 13:50:01 - Passed Sunrise 
2024-06-01 13:50:01 - CT Camera not operating 
2024-06-01 14:00:01 - Passed Sunrise 
2024-06-01 14:00:01 - CT Camera not operating 
2024-06-01 14:10:01 - Passed Sunrise 
2024-06-01 14:10:01 - CT Camera not operating 
2024-06-01 14:20:01 - Passed Sunrise 
2024-06-01 14:20:01 - CT Camera not operating 
2024-06-01 14:30:01 - Passed Sunrise 
2024-06-01 14:30:01 - CT Camera not operating 
2024-06-01 14:40:01 - Passed Sunrise 
2024-06-01 14:40:01 - CT Camera not operating 
2024-06-01 14:50:01 - Passed Sunrise 
2024-06-01 14:50:01 - CT Camera not operating 
2024-06-01 15:00:01 - Passed Sunrise 
2024-06-01 15:00:01 - CT Camera not operating 
2024-06-01 15:10:01 - Passed Sunrise 
2024-06-01 15:10:01 - CT Camera not operating 
2024-06-01 15:20:01 - Passed Sunrise 
2024-06-01 15:20:01 - CT Camera not operating 
2024-06-01 15:30:01 - Passed Sunrise 
2024-06-01 15:30:01 - CT Camera not operating 
2024-06-01 15:40:01 - Passed Sunrise 
2024-06-01 15:40:01 - CT Camera not operating 
2024-06-01 15:50:01 - Passed Sunrise 
2024-06-01 15:50:01 - CT Camera not operating 
2024-06-01 16:00:01 - Passed Sunrise 
2024-06-01 16:00:01 - CT Camera not operating 
2024-06-01 16:10:01 - Passed Sunrise 
2024-06-01 16:10:01 - CT Camera not operating 
2024-06-01 16:20:01 - Passed Sunrise 
2024-06-01 16:20:01 - CT Camera not operating 
2024-06-01 16:30:01 - Passed Sunrise 
2024-06-01 16:30:01 - CT Camera not operating 
2024-06-01 16:40:01 - Passed Sunrise 
2024-06-01 16:40:01 - CT Camera not operating 
2024-06-01 16:50:01 - Passed Sunrise 
2024-06-01 16:50:01 - CT Camera not operating 
2024-06-01 20:01:01 - Added sunrise_time: 2024-06-02 11:11:36 
2024-06-02 10:00:01 - Before Sunrise 
2024-06-02 10:10:01 - Before Sunrise 
2024-06-02 10:20:01 - Before Sunrise 
2024-06-02 10:30:01 - Before Sunrise 
2024-06-02 10:40:01 - Before Sunrise 
2024-06-02 10:50:01 - Before Sunrise 
2024-06-02 11:00:01 - Before Sunrise 
2024-06-02 11:10:01 - Before Sunrise 
2024-06-02 11:20:01 - Passed Sunrise 
2024-06-02 11:20:01 - CT Camera not operating 
2024-06-02 11:30:01 - Passed Sunrise 
2024-06-02 11:30:01 - CT Camera not operating 
2024-06-02 11:40:01 - Passed Sunrise 
2024-06-02 11:40:01 - CT Camera not operating 
2024-06-02 11:50:01 - Passed Sunrise 
2024-06-02 11:50:01 - CT Camera not operating 
2024-06-02 12:00:01 - Passed Sunrise 
2024-06-02 12:00:01 - CT Camera not operating 
2024-06-02 12:10:01 - Passed Sunrise 
2024-06-02 12:10:01 - CT Camera not operating 
2024-06-02 12:20:01 - Passed Sunrise 
2024-06-02 12:20:01 - CT Camera not operating 
2024-06-02 12:30:01 - Passed Sunrise 
2024-06-02 12:30:01 - CT Camera not operating 
2024-06-02 12:40:01 - Passed Sunrise 
2024-06-02 12:40:01 - CT Camera not operating 
2024-06-02 12:50:01 - Passed Sunrise 
2024-06-02 12:50:01 - CT Camera not operating 
2024-06-02 13:00:01 - Passed Sunrise 
2024-06-02 13:00:01 - CT Camera not operating 
2024-06-02 13:10:01 - Passed Sunrise 
2024-06-02 13:10:01 - CT Camera not operating 
2024-06-02 13:20:01 - Passed Sunrise 
2024-06-02 13:20:01 - CT Camera not operating 
2024-06-02 13:30:01 - Passed Sunrise 
2024-06-02 13:30:01 - CT Camera not operating 
2024-06-02 13:40:01 - Passed Sunrise 
2024-06-02 13:40:01 - CT Camera not operating 
2024-06-02 13:50:01 - Passed Sunrise 
2024-06-02 13:50:01 - CT Camera not operating 
2024-06-02 14:00:01 - Passed Sunrise 
2024-06-02 14:00:01 - CT Camera not operating 
2024-06-02 14:10:01 - Passed Sunrise 
2024-06-02 14:10:01 - CT Camera not operating 
2024-06-02 14:20:01 - Passed Sunrise 
2024-06-02 14:20:01 - CT Camera not operating 
2024-06-02 14:30:01 - Passed Sunrise 
2024-06-02 14:30:01 - CT Camera not operating 
2024-06-02 14:40:01 - Passed Sunrise 
2024-06-02 14:40:01 - CT Camera not operating 
2024-06-02 14:50:01 - Passed Sunrise 
2024-06-02 14:50:01 - CT Camera not operating 
2024-06-02 15:00:01 - Passed Sunrise 
2024-06-02 15:00:01 - CT Camera not operating 
2024-06-02 15:10:01 - Passed Sunrise 
2024-06-02 15:10:01 - CT Camera not operating 
2024-06-02 15:20:01 - Passed Sunrise 
2024-06-02 15:20:01 - CT Camera not operating 
2024-06-02 15:30:01 - Passed Sunrise 
2024-06-02 15:30:01 - CT Camera not operating 
2024-06-02 15:40:02 - Passed Sunrise 
2024-06-02 15:40:02 - CT Camera not operating 
2024-06-02 15:50:01 - Passed Sunrise 
2024-06-02 15:50:01 - CT Camera not operating 
2024-06-02 16:00:01 - Passed Sunrise 
2024-06-02 16:00:01 - CT Camera not operating 
2024-06-02 16:10:01 - Passed Sunrise 
2024-06-02 16:10:01 - CT Camera not operating 
2024-06-02 16:20:01 - Passed Sunrise 
2024-06-02 16:20:01 - CT Camera not operating 
2024-06-02 16:30:01 - Passed Sunrise 
2024-06-02 16:30:01 - CT Camera not operating 
2024-06-02 16:40:01 - Passed Sunrise 
2024-06-02 16:40:01 - CT Camera not operating 
2024-06-02 16:50:01 - Passed Sunrise 
2024-06-02 16:50:01 - CT Camera not operating 
2024-06-02 20:01:01 - Added sunrise_time: 2024-06-03 11:11:10 
2024-06-03 10:00:01 - Before Sunrise 
2024-06-03 10:10:01 - Before Sunrise 
2024-06-03 10:20:01 - Before Sunrise 
2024-06-03 10:30:01 - Before Sunrise 
2024-06-03 10:40:01 - Before Sunrise 
2024-06-03 10:50:01 - Before Sunrise 
2024-06-03 11:00:01 - Before Sunrise 
2024-06-03 11:10:01 - Before Sunrise 
2024-06-03 11:20:01 - Passed Sunrise 
2024-06-03 11:20:01 - CT Camera not operating 
2024-06-03 11:30:01 - Passed Sunrise 
2024-06-03 11:30:01 - CT Camera not operating 
2024-06-03 11:40:01 - Passed Sunrise 
2024-06-03 11:40:01 - CT Camera not operating 
2024-06-03 11:50:01 - Passed Sunrise 
2024-06-03 11:50:01 - CT Camera not operating 
2024-06-03 12:00:01 - Passed Sunrise 
2024-06-03 12:00:01 - CT Camera not operating 
2024-06-03 12:10:01 - Passed Sunrise 
2024-06-03 12:10:01 - CT Camera not operating 
2024-06-03 12:20:01 - Passed Sunrise 
2024-06-03 12:20:01 - CT Camera not operating 
2024-06-03 12:30:01 - Passed Sunrise 
2024-06-03 12:30:01 - CT Camera not operating 
2024-06-03 12:40:01 - Passed Sunrise 
2024-06-03 12:40:01 - CT Camera not operating 
2024-06-03 12:50:01 - Passed Sunrise 
2024-06-03 12:50:01 - CT Camera not operating 
2024-06-03 13:00:01 - Passed Sunrise 
2024-06-03 13:00:01 - CT Camera not operating 
2024-06-03 13:10:01 - Passed Sunrise 
2024-06-03 13:10:01 - CT Camera not operating 
2024-06-03 13:20:01 - Passed Sunrise 
2024-06-03 13:20:01 - CT Camera not operating 
2024-06-03 13:30:01 - Passed Sunrise 
2024-06-03 13:30:01 - CT Camera not operating 
2024-06-03 13:40:01 - Passed Sunrise 
2024-06-03 13:40:01 - CT Camera not operating 
2024-06-03 13:50:01 - Passed Sunrise 
2024-06-03 13:50:01 - CT Camera not operating 
2024-06-03 14:00:01 - Passed Sunrise 
2024-06-03 14:00:01 - CT Camera not operating 
2024-06-03 14:10:01 - Passed Sunrise 
2024-06-03 14:10:01 - CT Camera not operating 
2024-06-03 14:20:01 - Passed Sunrise 
2024-06-03 14:20:01 - CT Camera not operating 
2024-06-03 14:30:01 - Passed Sunrise 
2024-06-03 14:30:01 - CT Camera not operating 
2024-06-03 14:40:01 - Passed Sunrise 
2024-06-03 14:40:01 - CT Camera not operating 
2024-06-03 14:50:01 - Passed Sunrise 
2024-06-03 14:50:01 - CT Camera not operating 
2024-06-03 15:00:01 - Passed Sunrise 
2024-06-03 15:00:01 - CT Camera not operating 
2024-06-03 15:10:01 - Passed Sunrise 
2024-06-03 15:10:01 - CT Camera not operating 
2024-06-03 15:20:01 - Passed Sunrise 
2024-06-03 15:20:01 - CT Camera not operating 
2024-06-03 15:30:01 - Passed Sunrise 
2024-06-03 15:30:01 - CT Camera not operating 
2024-06-03 15:40:01 - Passed Sunrise 
2024-06-03 15:40:01 - CT Camera not operating 
2024-06-03 15:50:01 - Passed Sunrise 
2024-06-03 15:50:01 - CT Camera not operating 
2024-06-03 16:00:01 - Passed Sunrise 
2024-06-03 16:00:01 - CT Camera not operating 
2024-06-03 16:10:02 - Passed Sunrise 
2024-06-03 16:10:02 - CT Camera not operating 
2024-06-03 16:20:01 - Passed Sunrise 
2024-06-03 16:20:01 - CT Camera not operating 
2024-06-03 16:30:00 - Passed Sunrise 
2024-06-03 16:30:00 - Shutting Down Camera 
2024-06-03 16:31:30 - Shut down camera Successful 
2024-06-03 16:31:30 - CTM complete. Powering Down MagnaPS 
2024-06-03 16:31:30 - Shutdown Complete 
2024-06-03 16:40:01 - Passed Sunrise 
2024-06-03 16:40:01 - CT Camera not operating 
2024-06-03 16:50:01 - Passed Sunrise 
2024-06-03 16:50:01 - CT Camera not operating 
2024-06-03 20:01:02 - Added sunrise_time: 2024-06-04 11:10:45 
2024-06-04 10:00:01 - Before Sunrise 
2024-06-04 10:10:01 - Before Sunrise 
2024-06-04 10:20:01 - Before Sunrise 
2024-06-04 10:30:01 - Before Sunrise 
2024-06-04 10:40:01 - Before Sunrise 
2024-06-04 10:50:01 - Before Sunrise 
2024-06-04 11:00:01 - Before Sunrise 
2024-06-04 11:10:01 - Before Sunrise 
2024-06-04 11:20:01 - Passed Sunrise 
2024-06-04 11:20:01 - CT Camera not operating 
2024-06-04 11:30:01 - Passed Sunrise 
2024-06-04 11:30:01 - CT Camera not operating 
2024-06-04 11:40:01 - Passed Sunrise 
2024-06-04 11:40:01 - CT Camera not operating 
2024-06-04 11:50:01 - Passed Sunrise 
2024-06-04 11:50:01 - CT Camera not operating 
2024-06-04 12:00:01 - Passed Sunrise 
2024-06-04 12:00:01 - CT Camera not operating 
2024-06-04 12:10:01 - Passed Sunrise 
2024-06-04 12:10:01 - CT Camera not operating 
2024-06-04 12:20:01 - Passed Sunrise 
2024-06-04 12:20:01 - CT Camera not operating 
2024-06-04 12:30:01 - Passed Sunrise 
2024-06-04 12:30:01 - CT Camera not operating 
2024-06-04 12:40:01 - Passed Sunrise 
2024-06-04 12:40:01 - CT Camera not operating 
2024-06-04 12:50:01 - Passed Sunrise 
2024-06-04 12:50:01 - CT Camera not operating 
2024-06-04 13:00:01 - Passed Sunrise 
2024-06-04 13:00:01 - CT Camera not operating 
2024-06-04 13:10:01 - Passed Sunrise 
2024-06-04 13:10:01 - CT Camera not operating 
2024-06-04 13:20:01 - Passed Sunrise 
2024-06-04 13:20:01 - CT Camera not operating 
2024-06-04 13:30:01 - Passed Sunrise 
2024-06-04 13:30:01 - CT Camera not operating 
2024-06-04 13:40:01 - Passed Sunrise 
2024-06-04 13:40:01 - CT Camera not operating 
2024-06-04 13:50:01 - Passed Sunrise 
2024-06-04 13:50:01 - CT Camera not operating 
2024-06-04 14:00:01 - Passed Sunrise 
2024-06-04 14:00:01 - CT Camera not operating 
2024-06-04 14:10:01 - Passed Sunrise 
2024-06-04 14:10:01 - CT Camera not operating 
2024-06-04 14:20:01 - Passed Sunrise 
2024-06-04 14:20:01 - CT Camera not operating 
2024-06-04 14:30:01 - Passed Sunrise 
2024-06-04 14:30:01 - CT Camera not operating 
2024-06-04 14:40:01 - Passed Sunrise 
2024-06-04 14:40:01 - CT Camera not operating 
2024-06-04 14:50:01 - Passed Sunrise 
2024-06-04 14:50:01 - CT Camera not operating 
2024-06-04 15:00:01 - Passed Sunrise 
2024-06-04 15:00:01 - CT Camera not operating 
2024-06-04 15:10:02 - Passed Sunrise 
2024-06-04 15:10:02 - CT Camera not operating 
2024-06-04 15:20:01 - Passed Sunrise 
2024-06-04 15:20:01 - CT Camera not operating 
2024-06-04 15:30:01 - Passed Sunrise 
2024-06-04 15:30:01 - CT Camera not operating 
2024-06-04 15:40:01 - Passed Sunrise 
2024-06-04 15:40:01 - CT Camera not operating 
2024-06-04 15:50:01 - Passed Sunrise 
2024-06-04 15:50:01 - CT Camera not operating 
2024-06-04 16:00:01 - Passed Sunrise 
2024-06-04 16:00:01 - CT Camera not operating 
2024-06-04 16:10:02 - Passed Sunrise 
2024-06-04 16:10:02 - CT Camera not operating 
2024-06-04 16:20:01 - Passed Sunrise 
2024-06-04 16:20:01 - CT Camera not operating 
2024-06-04 16:30:01 - Passed Sunrise 
2024-06-04 16:30:01 - CT Camera not operating 
2024-06-04 16:40:01 - Passed Sunrise 
2024-06-04 16:40:01 - CT Camera not operating 
2024-06-04 16:50:01 - Passed Sunrise 
2024-06-04 16:50:01 - CT Camera not operating 
2024-06-04 20:01:01 - Added sunrise_time: 2024-06-05 11:10:23 
2024-06-05 10:00:01 - Before Sunrise 
2024-06-05 10:10:01 - Before Sunrise 
2024-06-05 10:20:01 - Before Sunrise 
2024-06-05 10:30:01 - Before Sunrise 
2024-06-05 10:40:01 - Before Sunrise 
2024-06-05 10:50:01 - Before Sunrise 
2024-06-05 11:00:01 - Before Sunrise 
2024-06-05 11:10:01 - Before Sunrise 
2024-06-05 11:20:01 - Passed Sunrise 
2024-06-05 11:20:01 - CT Camera not operating 
2024-06-05 11:30:01 - Passed Sunrise 
2024-06-05 11:30:01 - CT Camera not operating 
2024-06-05 11:40:01 - Passed Sunrise 
2024-06-05 11:40:01 - CT Camera not operating 
2024-06-05 11:50:01 - Passed Sunrise 
2024-06-05 11:50:01 - CT Camera not operating 
2024-06-05 12:00:02 - Passed Sunrise 
2024-06-05 12:00:02 - CT Camera not operating 
2024-06-05 12:10:01 - Passed Sunrise 
2024-06-05 12:10:01 - CT Camera not operating 
2024-06-05 12:20:01 - Passed Sunrise 
2024-06-05 12:20:01 - CT Camera not operating 
2024-06-05 12:30:01 - Passed Sunrise 
2024-06-05 12:30:01 - CT Camera not operating 
2024-06-05 12:40:01 - Passed Sunrise 
2024-06-05 12:40:01 - CT Camera not operating 
2024-06-05 12:50:01 - Passed Sunrise 
2024-06-05 12:50:01 - CT Camera not operating 
2024-06-05 13:00:02 - Passed Sunrise 
2024-06-05 13:00:02 - CT Camera not operating 
2024-06-05 13:10:01 - Passed Sunrise 
2024-06-05 13:10:01 - CT Camera not operating 
2024-06-05 13:20:01 - Passed Sunrise 
2024-06-05 13:20:01 - CT Camera not operating 
2024-06-05 13:30:01 - Passed Sunrise 
2024-06-05 13:30:01 - CT Camera not operating 
2024-06-05 13:40:01 - Passed Sunrise 
2024-06-05 13:40:01 - CT Camera not operating 
2024-06-05 13:50:01 - Passed Sunrise 
2024-06-05 13:50:01 - CT Camera not operating 
2024-06-05 14:00:02 - Passed Sunrise 
2024-06-05 14:00:02 - CT Camera not operating 
2024-06-05 14:10:01 - Passed Sunrise 
2024-06-05 14:10:01 - CT Camera not operating 
2024-06-05 14:20:01 - Passed Sunrise 
2024-06-05 14:20:01 - CT Camera not operating 
2024-06-05 14:30:01 - Passed Sunrise 
2024-06-05 14:30:01 - CT Camera not operating 
2024-06-05 14:40:01 - Passed Sunrise 
2024-06-05 14:40:01 - CT Camera not operating 
2024-06-05 14:50:01 - Passed Sunrise 
2024-06-05 14:50:01 - CT Camera not operating 
2024-06-05 15:00:01 - Passed Sunrise 
2024-06-05 15:00:01 - CT Camera not operating 
2024-06-05 15:10:01 - Passed Sunrise 
2024-06-05 15:10:01 - CT Camera not operating 
2024-06-05 15:20:01 - Passed Sunrise 
2024-06-05 15:20:01 - CT Camera not operating 
2024-06-05 15:30:01 - Passed Sunrise 
2024-06-05 15:30:01 - CT Camera not operating 
2024-06-05 15:40:01 - Passed Sunrise 
2024-06-05 15:40:01 - CT Camera not operating 
2024-06-05 15:50:02 - Passed Sunrise 
2024-06-05 15:50:02 - CT Camera not operating 
2024-06-05 16:00:01 - Passed Sunrise 
2024-06-05 16:00:01 - CT Camera not operating 
2024-06-05 16:10:01 - Passed Sunrise 
2024-06-05 16:10:01 - CT Camera not operating 
2024-06-05 16:20:01 - Passed Sunrise 
2024-06-05 16:20:01 - CT Camera not operating 
2024-06-05 16:30:01 - Passed Sunrise 
2024-06-05 16:30:01 - CT Camera not operating 
2024-06-05 16:40:01 - Passed Sunrise 
2024-06-05 16:40:01 - CT Camera not operating 
2024-06-05 16:50:02 - Passed Sunrise 
2024-06-05 16:50:02 - CT Camera not operating 
2024-06-05 20:01:01 - Added sunrise_time: 2024-06-06 11:10:03 
2024-06-06 10:00:01 - Before Sunrise 
2024-06-06 10:10:01 - Before Sunrise 
2024-06-06 10:20:01 - Before Sunrise 
2024-06-06 10:30:01 - Before Sunrise 
2024-06-06 10:40:01 - Before Sunrise 
2024-06-06 10:50:01 - Before Sunrise 
2024-06-06 11:00:01 - Before Sunrise 
2024-06-06 11:10:01 - Before Sunrise 
2024-06-06 11:20:01 - Passed Sunrise 
2024-06-06 11:20:01 - CT Camera not operating 
2024-06-06 11:30:01 - Passed Sunrise 
2024-06-06 11:30:01 - CT Camera not operating 
2024-06-06 11:40:01 - Passed Sunrise 
2024-06-06 11:40:01 - CT Camera not operating 
2024-06-06 11:50:01 - Passed Sunrise 
2024-06-06 11:50:01 - CT Camera not operating 
2024-06-06 12:00:01 - Passed Sunrise 
2024-06-06 12:00:01 - CT Camera not operating 
2024-06-06 12:10:01 - Passed Sunrise 
2024-06-06 12:10:01 - CT Camera not operating 
2024-06-06 12:20:01 - Passed Sunrise 
2024-06-06 12:20:01 - CT Camera not operating 
2024-06-06 12:30:01 - Passed Sunrise 
2024-06-06 12:30:01 - CT Camera not operating 
2024-06-06 12:40:01 - Passed Sunrise 
2024-06-06 12:40:01 - CT Camera not operating 
2024-06-06 12:50:01 - Passed Sunrise 
2024-06-06 12:50:01 - CT Camera not operating 
2024-06-06 13:00:01 - Passed Sunrise 
2024-06-06 13:00:01 - CT Camera not operating 
2024-06-06 13:10:01 - Passed Sunrise 
2024-06-06 13:10:01 - CT Camera not operating 
2024-06-06 13:20:01 - Passed Sunrise 
2024-06-06 13:20:01 - CT Camera not operating 
2024-06-06 13:30:01 - Passed Sunrise 
2024-06-06 13:30:01 - CT Camera not operating 
2024-06-06 13:40:01 - Passed Sunrise 
2024-06-06 13:40:01 - CT Camera not operating 
2024-06-06 13:50:01 - Passed Sunrise 
2024-06-06 13:50:01 - CT Camera not operating 
2024-06-06 14:00:01 - Passed Sunrise 
2024-06-06 14:00:01 - CT Camera not operating 
2024-06-06 14:10:01 - Passed Sunrise 
2024-06-06 14:10:01 - CT Camera not operating 
2024-06-06 14:20:01 - Passed Sunrise 
2024-06-06 14:20:01 - CT Camera not operating 
2024-06-06 14:30:01 - Passed Sunrise 
2024-06-06 14:30:01 - CT Camera not operating 
2024-06-06 14:40:01 - Passed Sunrise 
2024-06-06 14:40:01 - CT Camera not operating 
2024-06-06 14:50:01 - Passed Sunrise 
2024-06-06 14:50:01 - CT Camera not operating 
2024-06-06 15:00:01 - Passed Sunrise 
2024-06-06 15:00:01 - CT Camera not operating 
2024-06-06 15:10:01 - Passed Sunrise 
2024-06-06 15:10:01 - CT Camera not operating 
2024-06-06 15:20:01 - Passed Sunrise 
2024-06-06 15:20:01 - CT Camera not operating 
2024-06-06 15:30:01 - Passed Sunrise 
2024-06-06 15:30:01 - CT Camera not operating 
2024-06-06 15:40:01 - Passed Sunrise 
2024-06-06 15:40:01 - CT Camera not operating 
2024-06-06 15:50:01 - Passed Sunrise 
2024-06-06 15:50:01 - CT Camera not operating 
2024-06-06 16:00:01 - Passed Sunrise 
2024-06-06 16:00:01 - CT Camera not operating 
2024-06-06 16:10:01 - Passed Sunrise 
2024-06-06 16:10:01 - CT Camera not operating 
2024-06-06 16:20:01 - Passed Sunrise 
2024-06-06 16:20:01 - CT Camera not operating 
2024-06-06 16:30:01 - Passed Sunrise 
2024-06-06 16:30:01 - CT Camera not operating 
2024-06-06 16:40:02 - Passed Sunrise 
2024-06-06 16:40:02 - CT Camera not operating 
2024-06-06 16:50:01 - Passed Sunrise 
2024-06-06 16:50:01 - CT Camera not operating 
2024-06-06 20:01:01 - Added sunrise_time: 2024-06-07 11:09:46 
2024-06-07 10:00:01 - Before Sunrise 
2024-06-07 10:10:01 - Before Sunrise 
2024-06-07 10:20:01 - Before Sunrise 
2024-06-07 10:30:01 - Before Sunrise 
2024-06-07 10:40:01 - Before Sunrise 
2024-06-07 10:50:01 - Before Sunrise 
2024-06-07 11:00:01 - Before Sunrise 
2024-06-07 11:10:01 - Passed Sunrise 
2024-06-07 11:10:01 - CT Camera not operating 
2024-06-07 11:20:01 - Passed Sunrise 
2024-06-07 11:20:01 - CT Camera not operating 
2024-06-07 11:30:01 - Passed Sunrise 
2024-06-07 11:30:01 - CT Camera not operating 
2024-06-07 11:40:01 - Passed Sunrise 
2024-06-07 11:40:01 - CT Camera not operating 
2024-06-07 11:50:01 - Passed Sunrise 
2024-06-07 11:50:01 - CT Camera not operating 
2024-06-07 12:00:01 - Passed Sunrise 
2024-06-07 12:00:01 - CT Camera not operating 
2024-06-07 12:10:01 - Passed Sunrise 
2024-06-07 12:10:01 - CT Camera not operating 
2024-06-07 12:20:01 - Passed Sunrise 
2024-06-07 12:20:01 - CT Camera not operating 
2024-06-07 12:30:01 - Passed Sunrise 
2024-06-07 12:30:01 - CT Camera not operating 
2024-06-07 12:40:01 - Passed Sunrise 
2024-06-07 12:40:01 - CT Camera not operating 
2024-06-07 12:50:01 - Passed Sunrise 
2024-06-07 12:50:01 - CT Camera not operating 
2024-06-07 13:00:01 - Passed Sunrise 
2024-06-07 13:00:01 - CT Camera not operating 
2024-06-07 13:10:01 - Passed Sunrise 
2024-06-07 13:10:01 - CT Camera not operating 
2024-06-07 13:20:01 - Passed Sunrise 
2024-06-07 13:20:01 - CT Camera not operating 
2024-06-07 13:30:01 - Passed Sunrise 
2024-06-07 13:30:01 - CT Camera not operating 
2024-06-07 13:40:02 - Passed Sunrise 
2024-06-07 13:40:02 - CT Camera not operating 
2024-06-07 13:50:01 - Passed Sunrise 
2024-06-07 13:50:01 - CT Camera not operating 
2024-06-07 14:00:01 - Passed Sunrise 
2024-06-07 14:00:01 - CT Camera not operating 
2024-06-07 14:10:01 - Passed Sunrise 
2024-06-07 14:10:01 - CT Camera not operating 
2024-06-07 14:20:01 - Passed Sunrise 
2024-06-07 14:20:01 - CT Camera not operating 
2024-06-07 14:30:01 - Passed Sunrise 
2024-06-07 14:30:01 - CT Camera not operating 
2024-06-07 14:40:02 - Passed Sunrise 
2024-06-07 14:40:02 - CT Camera not operating 
2024-06-07 14:50:01 - Passed Sunrise 
2024-06-07 14:50:01 - CT Camera not operating 
2024-06-07 15:00:01 - Passed Sunrise 
2024-06-07 15:00:01 - CT Camera not operating 
2024-06-07 15:10:01 - Passed Sunrise 
2024-06-07 15:10:01 - CT Camera not operating 
2024-06-07 15:20:01 - Passed Sunrise 
2024-06-07 15:20:01 - CT Camera not operating 
2024-06-07 15:30:01 - Passed Sunrise 
2024-06-07 15:30:01 - CT Camera not operating 
2024-06-07 15:40:01 - Passed Sunrise 
2024-06-07 15:40:01 - CT Camera not operating 
2024-06-07 15:50:01 - Passed Sunrise 
2024-06-07 15:50:01 - CT Camera not operating 
2024-06-07 16:00:01 - Passed Sunrise 
2024-06-07 16:00:01 - CT Camera not operating 
2024-06-07 16:10:01 - Passed Sunrise 
2024-06-07 16:10:01 - CT Camera not operating 
2024-06-07 16:20:01 - Passed Sunrise 
2024-06-07 16:20:01 - CT Camera not operating 
2024-06-07 16:30:01 - Passed Sunrise 
2024-06-07 16:30:01 - CT Camera not operating 
2024-06-07 16:40:01 - Passed Sunrise 
2024-06-07 16:40:01 - CT Camera not operating 
2024-06-07 16:50:01 - Passed Sunrise 
2024-06-07 16:50:01 - CT Camera not operating 
2024-06-07 20:01:01 - Added sunrise_time: 2024-06-08 11:09:30 
2024-06-08 10:00:01 - Before Sunrise 
2024-06-08 10:10:01 - Before Sunrise 
2024-06-08 10:20:01 - Before Sunrise 
2024-06-08 10:30:01 - Before Sunrise 
2024-06-08 10:40:01 - Before Sunrise 
2024-06-08 10:50:01 - Before Sunrise 
2024-06-08 11:00:02 - Before Sunrise 
2024-06-08 11:10:01 - Passed Sunrise 
2024-06-08 11:10:01 - CT Camera not operating 
2024-06-08 11:20:01 - Passed Sunrise 
2024-06-08 11:20:01 - CT Camera not operating 
2024-06-08 11:30:01 - Passed Sunrise 
2024-06-08 11:30:01 - CT Camera not operating 
2024-06-08 11:40:01 - Passed Sunrise 
2024-06-08 11:40:01 - CT Camera not operating 
2024-06-08 11:50:01 - Passed Sunrise 
2024-06-08 11:50:01 - CT Camera not operating 
2024-06-08 12:00:02 - Passed Sunrise 
2024-06-08 12:00:02 - CT Camera not operating 
2024-06-08 12:10:01 - Passed Sunrise 
2024-06-08 12:10:01 - CT Camera not operating 
2024-06-08 12:20:01 - Passed Sunrise 
2024-06-08 12:20:01 - CT Camera not operating 
2024-06-08 12:30:01 - Passed Sunrise 
2024-06-08 12:30:01 - CT Camera not operating 
2024-06-08 12:40:01 - Passed Sunrise 
2024-06-08 12:40:01 - CT Camera not operating 
2024-06-08 12:50:01 - Passed Sunrise 
2024-06-08 12:50:01 - CT Camera not operating 
2024-06-08 13:00:02 - Passed Sunrise 
2024-06-08 13:00:02 - CT Camera not operating 
2024-06-08 13:10:01 - Passed Sunrise 
2024-06-08 13:10:01 - CT Camera not operating 
2024-06-08 13:20:01 - Passed Sunrise 
2024-06-08 13:20:01 - CT Camera not operating 
2024-06-08 13:30:01 - Passed Sunrise 
2024-06-08 13:30:01 - CT Camera not operating 
2024-06-08 13:40:01 - Passed Sunrise 
2024-06-08 13:40:01 - CT Camera not operating 
2024-06-08 13:50:02 - Passed Sunrise 
2024-06-08 13:50:02 - CT Camera not operating 
2024-06-08 14:00:01 - Passed Sunrise 
2024-06-08 14:00:01 - CT Camera not operating 
2024-06-08 14:10:01 - Passed Sunrise 
2024-06-08 14:10:01 - CT Camera not operating 
2024-06-08 14:20:01 - Passed Sunrise 
2024-06-08 14:20:01 - CT Camera not operating 
2024-06-08 14:30:01 - Passed Sunrise 
2024-06-08 14:30:01 - CT Camera not operating 
2024-06-08 14:40:01 - Passed Sunrise 
2024-06-08 14:40:01 - CT Camera not operating 
2024-06-08 14:50:02 - Passed Sunrise 
2024-06-08 14:50:02 - CT Camera not operating 
2024-06-08 15:00:01 - Passed Sunrise 
2024-06-08 15:00:01 - CT Camera not operating 
2024-06-08 15:10:01 - Passed Sunrise 
2024-06-08 15:10:01 - CT Camera not operating 
2024-06-08 15:20:01 - Passed Sunrise 
2024-06-08 15:20:01 - CT Camera not operating 
2024-06-08 15:30:01 - Passed Sunrise 
2024-06-08 15:30:01 - CT Camera not operating 
2024-06-08 15:40:01 - Passed Sunrise 
2024-06-08 15:40:01 - CT Camera not operating 
2024-06-08 15:50:02 - Passed Sunrise 
2024-06-08 15:50:02 - CT Camera not operating 
2024-06-08 16:00:01 - Passed Sunrise 
2024-06-08 16:00:01 - CT Camera not operating 
2024-06-08 16:10:01 - Passed Sunrise 
2024-06-08 16:10:01 - CT Camera not operating 
2024-06-08 16:20:01 - Passed Sunrise 
2024-06-08 16:20:01 - CT Camera not operating 
2024-06-08 16:30:01 - Passed Sunrise 
2024-06-08 16:30:01 - CT Camera not operating 
2024-06-08 16:40:01 - Passed Sunrise 
2024-06-08 16:40:01 - CT Camera not operating 
2024-06-08 16:50:02 - Passed Sunrise 
2024-06-08 16:50:02 - CT Camera not operating 
2024-06-08 20:01:01 - Added sunrise_time: 2024-06-09 11:09:17 
2024-06-09 10:00:01 - Before Sunrise 
2024-06-09 10:10:01 - Before Sunrise 
2024-06-09 10:20:01 - Before Sunrise 
2024-06-09 10:30:01 - Before Sunrise 
2024-06-09 10:40:01 - Before Sunrise 
2024-06-09 10:50:01 - Before Sunrise 
2024-06-09 11:00:01 - Before Sunrise 
2024-06-09 11:10:01 - Passed Sunrise 
2024-06-09 11:10:01 - CT Camera not operating 
2024-06-09 11:20:01 - Passed Sunrise 
2024-06-09 11:20:01 - CT Camera not operating 
2024-06-09 11:30:01 - Passed Sunrise 
2024-06-09 11:30:01 - CT Camera not operating 
2024-06-09 11:40:01 - Passed Sunrise 
2024-06-09 11:40:01 - CT Camera not operating 
2024-06-09 11:50:01 - Passed Sunrise 
2024-06-09 11:50:01 - CT Camera not operating 
2024-06-09 12:00:01 - Passed Sunrise 
2024-06-09 12:00:01 - CT Camera not operating 
2024-06-09 12:10:01 - Passed Sunrise 
2024-06-09 12:10:01 - CT Camera not operating 
2024-06-09 12:20:01 - Passed Sunrise 
2024-06-09 12:20:01 - CT Camera not operating 
2024-06-09 12:30:01 - Passed Sunrise 
2024-06-09 12:30:01 - CT Camera not operating 
2024-06-09 12:40:01 - Passed Sunrise 
2024-06-09 12:40:01 - CT Camera not operating 
2024-06-09 12:50:01 - Passed Sunrise 
2024-06-09 12:50:01 - CT Camera not operating 
2024-06-09 13:00:01 - Passed Sunrise 
2024-06-09 13:00:01 - CT Camera not operating 
2024-06-09 13:10:01 - Passed Sunrise 
2024-06-09 13:10:01 - CT Camera not operating 
2024-06-09 13:20:01 - Passed Sunrise 
2024-06-09 13:20:01 - CT Camera not operating 
2024-06-09 13:30:01 - Passed Sunrise 
2024-06-09 13:30:01 - CT Camera not operating 
2024-06-09 13:40:01 - Passed Sunrise 
2024-06-09 13:40:01 - CT Camera not operating 
2024-06-09 13:50:01 - Passed Sunrise 
2024-06-09 13:50:01 - CT Camera not operating 
2024-06-09 14:00:01 - Passed Sunrise 
2024-06-09 14:00:01 - CT Camera not operating 
2024-06-09 14:10:01 - Passed Sunrise 
2024-06-09 14:10:01 - CT Camera not operating 
2024-06-09 14:20:01 - Passed Sunrise 
2024-06-09 14:20:01 - CT Camera not operating 
2024-06-09 14:30:01 - Passed Sunrise 
2024-06-09 14:30:01 - CT Camera not operating 
2024-06-09 14:40:01 - Passed Sunrise 
2024-06-09 14:40:01 - CT Camera not operating 
2024-06-09 14:50:01 - Passed Sunrise 
2024-06-09 14:50:01 - CT Camera not operating 
2024-06-09 15:00:01 - Passed Sunrise 
2024-06-09 15:00:01 - CT Camera not operating 
2024-06-09 15:10:01 - Passed Sunrise 
2024-06-09 15:10:01 - CT Camera not operating 
2024-06-09 15:20:01 - Passed Sunrise 
2024-06-09 15:20:01 - CT Camera not operating 
2024-06-09 15:30:01 - Passed Sunrise 
2024-06-09 15:30:01 - CT Camera not operating 
2024-06-09 15:40:01 - Passed Sunrise 
2024-06-09 15:40:01 - CT Camera not operating 
2024-06-09 15:50:01 - Passed Sunrise 
2024-06-09 15:50:01 - CT Camera not operating 
2024-06-09 16:00:01 - Passed Sunrise 
2024-06-09 16:00:01 - CT Camera not operating 
2024-06-09 16:10:01 - Passed Sunrise 
2024-06-09 16:10:01 - CT Camera not operating 
2024-06-09 16:20:01 - Passed Sunrise 
2024-06-09 16:20:01 - CT Camera not operating 
2024-06-09 16:30:01 - Passed Sunrise 
2024-06-09 16:30:01 - CT Camera not operating 
2024-06-09 16:40:01 - Passed Sunrise 
2024-06-09 16:40:01 - CT Camera not operating 
2024-06-09 16:50:01 - Passed Sunrise 
2024-06-09 16:50:01 - CT Camera not operating 
2024-06-09 20:01:01 - Added sunrise_time: 2024-06-10 11:09:06 
2024-06-10 10:00:01 - Before Sunrise 
2024-06-10 10:10:01 - Before Sunrise 
2024-06-10 10:20:01 - Before Sunrise 
2024-06-10 10:30:01 - Before Sunrise 
2024-06-10 10:40:01 - Before Sunrise 
2024-06-10 10:50:01 - Before Sunrise 
2024-06-10 11:00:01 - Before Sunrise 
2024-06-10 11:10:01 - Passed Sunrise 
2024-06-10 11:10:01 - CT Camera not operating 
2024-06-10 11:20:01 - Passed Sunrise 
2024-06-10 11:20:01 - CT Camera not operating 
2024-06-10 11:30:01 - Passed Sunrise 
2024-06-10 11:30:01 - CT Camera not operating 
2024-06-10 11:40:01 - Passed Sunrise 
2024-06-10 11:40:01 - CT Camera not operating 
2024-06-10 11:50:01 - Passed Sunrise 
2024-06-10 11:50:01 - CT Camera not operating 
2024-06-10 12:00:02 - Passed Sunrise 
2024-06-10 12:00:02 - CT Camera not operating 
2024-06-10 12:10:01 - Passed Sunrise 
2024-06-10 12:10:01 - CT Camera not operating 
2024-06-10 12:20:01 - Passed Sunrise 
2024-06-10 12:20:01 - CT Camera not operating 
2024-06-10 12:30:01 - Passed Sunrise 
2024-06-10 12:30:01 - CT Camera not operating 
2024-06-10 12:40:01 - Passed Sunrise 
2024-06-10 12:40:01 - CT Camera not operating 
2024-06-10 12:50:01 - Passed Sunrise 
2024-06-10 12:50:01 - CT Camera not operating 
2024-06-10 13:00:02 - Passed Sunrise 
2024-06-10 13:00:02 - CT Camera not operating 
2024-06-10 13:10:01 - Passed Sunrise 
2024-06-10 13:10:01 - CT Camera not operating 
2024-06-10 13:20:01 - Passed Sunrise 
2024-06-10 13:20:01 - CT Camera not operating 
2024-06-10 13:30:01 - Passed Sunrise 
2024-06-10 13:30:01 - CT Camera not operating 
2024-06-10 13:40:01 - Passed Sunrise 
2024-06-10 13:40:01 - CT Camera not operating 
2024-06-10 13:50:01 - Passed Sunrise 
2024-06-10 13:50:01 - CT Camera not operating 
2024-06-10 14:00:02 - Passed Sunrise 
2024-06-10 14:00:02 - CT Camera not operating 
2024-06-10 14:10:01 - Passed Sunrise 
2024-06-10 14:10:01 - CT Camera not operating 
2024-06-10 14:20:01 - Passed Sunrise 
2024-06-10 14:20:01 - CT Camera not operating 
2024-06-10 14:30:01 - Passed Sunrise 
2024-06-10 14:30:01 - CT Camera not operating 
2024-06-10 14:40:01 - Passed Sunrise 
2024-06-10 14:40:01 - CT Camera not operating 
2024-06-10 14:50:01 - Passed Sunrise 
2024-06-10 14:50:01 - CT Camera not operating 
2024-06-10 15:00:02 - Passed Sunrise 
2024-06-10 15:00:02 - CT Camera not operating 
2024-06-10 15:10:01 - Passed Sunrise 
2024-06-10 15:10:01 - CT Camera not operating 
2024-06-10 15:20:01 - Passed Sunrise 
2024-06-10 15:20:01 - CT Camera not operating 
2024-06-10 15:30:01 - Passed Sunrise 
2024-06-10 15:30:01 - CT Camera not operating 
2024-06-10 15:40:01 - Passed Sunrise 
2024-06-10 15:40:01 - CT Camera not operating 
2024-06-10 15:50:02 - Passed Sunrise 
2024-06-10 15:50:02 - CT Camera not operating 
2024-06-10 16:00:01 - Passed Sunrise 
2024-06-10 16:00:01 - CT Camera not operating 
2024-06-10 16:10:01 - Passed Sunrise 
2024-06-10 16:10:01 - CT Camera not operating 
2024-06-10 16:20:01 - Passed Sunrise 
2024-06-10 16:20:01 - CT Camera not operating 
2024-06-10 16:30:01 - Passed Sunrise 
2024-06-10 16:30:01 - CT Camera not operating 
2024-06-10 16:40:01 - Passed Sunrise 
2024-06-10 16:40:01 - CT Camera not operating 
2024-06-10 16:50:02 - Passed Sunrise 
2024-06-10 16:50:02 - CT Camera not operating 
2024-06-10 20:01:01 - Added sunrise_time: 2024-06-11 11:08:57 
2024-06-11 10:00:01 - Before Sunrise 
2024-06-11 10:10:01 - Before Sunrise 
2024-06-11 10:20:01 - Before Sunrise 
2024-06-11 10:30:01 - Before Sunrise 
2024-06-11 10:40:01 - Before Sunrise 
2024-06-11 10:50:01 - Before Sunrise 
2024-06-11 11:00:01 - Before Sunrise 
2024-06-11 11:10:01 - Passed Sunrise 
2024-06-11 11:10:01 - CT Camera not operating 
2024-06-11 11:20:01 - Passed Sunrise 
2024-06-11 11:20:01 - CT Camera not operating 
2024-06-11 11:30:01 - Passed Sunrise 
2024-06-11 11:30:01 - CT Camera not operating 
2024-06-11 11:40:01 - Passed Sunrise 
2024-06-11 11:40:01 - CT Camera not operating 
2024-06-11 11:50:01 - Passed Sunrise 
2024-06-11 11:50:01 - CT Camera not operating 
2024-06-11 12:00:01 - Passed Sunrise 
2024-06-11 12:00:01 - CT Camera not operating 
2024-06-11 12:10:01 - Passed Sunrise 
2024-06-11 12:10:01 - CT Camera not operating 
2024-06-11 12:20:01 - Passed Sunrise 
2024-06-11 12:20:01 - CT Camera not operating 
2024-06-11 12:30:01 - Passed Sunrise 
2024-06-11 12:30:01 - CT Camera not operating 
2024-06-11 12:40:01 - Passed Sunrise 
2024-06-11 12:40:01 - CT Camera not operating 
2024-06-11 12:50:01 - Passed Sunrise 
2024-06-11 12:50:01 - CT Camera not operating 
2024-06-11 13:00:01 - Passed Sunrise 
2024-06-11 13:00:01 - CT Camera not operating 
2024-06-11 13:10:01 - Passed Sunrise 
2024-06-11 13:10:01 - CT Camera not operating 
2024-06-11 13:20:01 - Passed Sunrise 
2024-06-11 13:20:01 - CT Camera not operating 
2024-06-11 13:30:01 - Passed Sunrise 
2024-06-11 13:30:01 - CT Camera not operating 
2024-06-11 13:40:01 - Passed Sunrise 
2024-06-11 13:40:01 - CT Camera not operating 
2024-06-11 13:50:01 - Passed Sunrise 
2024-06-11 13:50:01 - CT Camera not operating 
2024-06-11 14:00:02 - Passed Sunrise 
2024-06-11 14:00:02 - CT Camera not operating 
2024-06-11 14:10:01 - Passed Sunrise 
2024-06-11 14:10:01 - CT Camera not operating 
2024-06-11 14:20:01 - Passed Sunrise 
2024-06-11 14:20:01 - CT Camera not operating 
2024-06-11 14:30:01 - Passed Sunrise 
2024-06-11 14:30:01 - CT Camera not operating 
2024-06-11 14:40:01 - Passed Sunrise 
2024-06-11 14:40:01 - CT Camera not operating 
2024-06-11 14:50:01 - Passed Sunrise 
2024-06-11 14:50:01 - CT Camera not operating 
2024-06-11 15:00:02 - Passed Sunrise 
2024-06-11 15:00:02 - CT Camera not operating 
2024-06-11 15:10:01 - Passed Sunrise 
2024-06-11 15:10:01 - CT Camera not operating 
2024-06-11 15:20:01 - Passed Sunrise 
2024-06-11 15:20:01 - CT Camera not operating 
2024-06-11 15:30:01 - Passed Sunrise 
2024-06-11 15:30:01 - CT Camera not operating 
2024-06-11 15:40:01 - Passed Sunrise 
2024-06-11 15:40:01 - CT Camera not operating 
2024-06-11 15:50:01 - Passed Sunrise 
2024-06-11 15:50:01 - CT Camera not operating 
2024-06-11 16:00:02 - Passed Sunrise 
2024-06-11 16:00:02 - CT Camera not operating 
2024-06-11 16:10:01 - Passed Sunrise 
2024-06-11 16:10:01 - CT Camera not operating 
2024-06-11 16:20:01 - Passed Sunrise 
2024-06-11 16:20:01 - CT Camera not operating 
2024-06-11 16:30:01 - Passed Sunrise 
2024-06-11 16:30:01 - CT Camera not operating 
2024-06-11 16:40:01 - Passed Sunrise 
2024-06-11 16:40:01 - CT Camera not operating 
2024-06-11 16:50:02 - Passed Sunrise 
2024-06-11 16:50:02 - CT Camera not operating 
2024-06-11 20:01:01 - Added sunrise_time: 2024-06-12 11:08:51 
2024-06-12 10:00:01 - Before Sunrise 
2024-06-12 10:10:01 - Before Sunrise 
2024-06-12 10:20:01 - Before Sunrise 
2024-06-12 10:30:01 - Before Sunrise 
2024-06-12 10:40:01 - Before Sunrise 
2024-06-12 10:50:01 - Before Sunrise 
2024-06-12 11:00:01 - Before Sunrise 
2024-06-12 11:10:01 - Passed Sunrise 
2024-06-12 11:10:01 - CT Camera not operating 
2024-06-12 11:20:01 - Passed Sunrise 
2024-06-12 11:20:01 - CT Camera not operating 
2024-06-12 11:30:01 - Passed Sunrise 
2024-06-12 11:30:01 - CT Camera not operating 
2024-06-12 11:40:01 - Passed Sunrise 
2024-06-12 11:40:01 - CT Camera not operating 
2024-06-12 11:50:01 - Passed Sunrise 
2024-06-12 11:50:01 - CT Camera not operating 
2024-06-12 12:00:01 - Passed Sunrise 
2024-06-12 12:00:01 - CT Camera not operating 
2024-06-12 12:10:01 - Passed Sunrise 
2024-06-12 12:10:01 - CT Camera not operating 
2024-06-12 12:20:01 - Passed Sunrise 
2024-06-12 12:20:01 - CT Camera not operating 
2024-06-12 12:30:01 - Passed Sunrise 
2024-06-12 12:30:01 - CT Camera not operating 
2024-06-12 12:40:01 - Passed Sunrise 
2024-06-12 12:40:01 - CT Camera not operating 
2024-06-12 12:50:01 - Passed Sunrise 
2024-06-12 12:50:01 - CT Camera not operating 
2024-06-12 13:00:01 - Passed Sunrise 
2024-06-12 13:00:01 - CT Camera not operating 
2024-06-12 13:10:01 - Passed Sunrise 
2024-06-12 13:10:01 - CT Camera not operating 
2024-06-12 13:20:01 - Passed Sunrise 
2024-06-12 13:20:01 - CT Camera not operating 
2024-06-12 13:30:01 - Passed Sunrise 
2024-06-12 13:30:01 - CT Camera not operating 
2024-06-12 13:40:01 - Passed Sunrise 
2024-06-12 13:40:01 - CT Camera not operating 
2024-06-12 13:50:01 - Passed Sunrise 
2024-06-12 13:50:01 - CT Camera not operating 
2024-06-12 14:00:01 - Passed Sunrise 
2024-06-12 14:00:01 - CT Camera not operating 
2024-06-12 14:10:01 - Passed Sunrise 
2024-06-12 14:10:01 - CT Camera not operating 
2024-06-12 14:20:01 - Passed Sunrise 
2024-06-12 14:20:01 - CT Camera not operating 
2024-06-12 14:30:01 - Passed Sunrise 
2024-06-12 14:30:01 - CT Camera not operating 
2024-06-12 14:40:01 - Passed Sunrise 
2024-06-12 14:40:01 - CT Camera not operating 
2024-06-12 14:50:01 - Passed Sunrise 
2024-06-12 14:50:01 - CT Camera not operating 
2024-06-12 15:00:01 - Passed Sunrise 
2024-06-12 15:00:01 - CT Camera not operating 
2024-06-12 15:10:01 - Passed Sunrise 
2024-06-12 15:10:01 - CT Camera not operating 
2024-06-12 15:20:01 - Passed Sunrise 
2024-06-12 15:20:01 - CT Camera not operating 
2024-06-12 15:30:01 - Passed Sunrise 
2024-06-12 15:30:01 - CT Camera not operating 
2024-06-12 15:40:01 - Passed Sunrise 
2024-06-12 15:40:01 - CT Camera not operating 
2024-06-12 15:50:01 - Passed Sunrise 
2024-06-12 15:50:01 - CT Camera not operating 
2024-06-12 16:00:01 - Passed Sunrise 
2024-06-12 16:00:01 - CT Camera not operating 
2024-06-12 16:10:01 - Passed Sunrise 
2024-06-12 16:10:01 - CT Camera not operating 
2024-06-12 16:20:01 - Passed Sunrise 
2024-06-12 16:20:01 - CT Camera not operating 
2024-06-12 16:30:01 - Passed Sunrise 
2024-06-12 16:30:01 - CT Camera not operating 
2024-06-12 16:40:02 - Passed Sunrise 
2024-06-12 16:40:02 - CT Camera not operating 
2024-06-12 16:50:01 - Passed Sunrise 
2024-06-12 16:50:01 - CT Camera not operating 
2024-06-12 20:01:01 - Added sunrise_time: 2024-06-13 11:08:46 
2024-06-13 10:00:01 - Before Sunrise 
2024-06-13 10:10:01 - Before Sunrise 
2024-06-13 10:20:01 - Before Sunrise 
2024-06-13 10:30:01 - Before Sunrise 
2024-06-13 10:40:01 - Before Sunrise 
2024-06-13 10:50:01 - Before Sunrise 
2024-06-13 11:00:01 - Before Sunrise 
2024-06-13 11:10:01 - Passed Sunrise 
2024-06-13 11:10:01 - CT Camera not operating 
2024-06-13 11:20:01 - Passed Sunrise 
2024-06-13 11:20:01 - CT Camera not operating 
2024-06-13 11:30:01 - Passed Sunrise 
2024-06-13 11:30:01 - CT Camera not operating 
2024-06-13 11:40:01 - Passed Sunrise 
2024-06-13 11:40:01 - CT Camera not operating 
2024-06-13 11:50:01 - Passed Sunrise 
2024-06-13 11:50:01 - CT Camera not operating 
2024-06-13 12:00:01 - Passed Sunrise 
2024-06-13 12:00:01 - CT Camera not operating 
2024-06-13 12:10:01 - Passed Sunrise 
2024-06-13 12:10:01 - CT Camera not operating 
2024-06-13 12:20:01 - Passed Sunrise 
2024-06-13 12:20:01 - CT Camera not operating 
2024-06-13 12:30:01 - Passed Sunrise 
2024-06-13 12:30:01 - CT Camera not operating 
2024-06-13 12:40:01 - Passed Sunrise 
2024-06-13 12:40:01 - CT Camera not operating 
2024-06-13 12:50:01 - Passed Sunrise 
2024-06-13 12:50:01 - CT Camera not operating 
2024-06-13 13:00:01 - Passed Sunrise 
2024-06-13 13:00:01 - CT Camera not operating 
2024-06-13 13:10:01 - Passed Sunrise 
2024-06-13 13:10:01 - CT Camera not operating 
2024-06-13 13:20:01 - Passed Sunrise 
2024-06-13 13:20:01 - CT Camera not operating 
2024-06-13 13:30:01 - Passed Sunrise 
2024-06-13 13:30:01 - CT Camera not operating 
2024-06-13 13:40:01 - Passed Sunrise 
2024-06-13 13:40:01 - CT Camera not operating 
2024-06-13 13:50:01 - Passed Sunrise 
2024-06-13 13:50:01 - CT Camera not operating 
2024-06-13 14:00:01 - Passed Sunrise 
2024-06-13 14:00:01 - CT Camera not operating 
2024-06-13 14:10:01 - Passed Sunrise 
2024-06-13 14:10:01 - CT Camera not operating 
2024-06-13 14:20:01 - Passed Sunrise 
2024-06-13 14:20:01 - CT Camera not operating 
2024-06-13 14:30:01 - Passed Sunrise 
2024-06-13 14:30:01 - CT Camera not operating 
2024-06-13 14:40:01 - Passed Sunrise 
2024-06-13 14:40:01 - CT Camera not operating 
2024-06-13 14:50:01 - Passed Sunrise 
2024-06-13 14:50:01 - CT Camera not operating 
2024-06-13 15:00:01 - Passed Sunrise 
2024-06-13 15:00:01 - CT Camera not operating 
2024-06-13 15:10:01 - Passed Sunrise 
2024-06-13 15:10:01 - CT Camera not operating 
2024-06-13 15:20:01 - Passed Sunrise 
2024-06-13 15:20:01 - CT Camera not operating 
2024-06-13 15:30:01 - Passed Sunrise 
2024-06-13 15:30:01 - CT Camera not operating 
2024-06-13 15:40:01 - Passed Sunrise 
2024-06-13 15:40:01 - CT Camera not operating 
2024-06-13 15:50:01 - Passed Sunrise 
2024-06-13 15:50:01 - CT Camera not operating 
2024-06-13 16:00:01 - Passed Sunrise 
2024-06-13 16:00:01 - CT Camera not operating 
2024-06-13 16:10:01 - Passed Sunrise 
2024-06-13 16:10:01 - CT Camera not operating 
2024-06-13 16:20:01 - Passed Sunrise 
2024-06-13 16:20:01 - CT Camera not operating 
2024-06-13 16:30:01 - Passed Sunrise 
2024-06-13 16:30:01 - CT Camera not operating 
2024-06-13 16:40:01 - Passed Sunrise 
2024-06-13 16:40:01 - CT Camera not operating 
2024-06-13 16:50:01 - Passed Sunrise 
2024-06-13 16:50:01 - CT Camera not operating 
2024-06-13 20:01:01 - Added sunrise_time: 2024-06-14 11:08:44 
2024-06-14 10:00:01 - Before Sunrise 
2024-06-14 10:10:01 - Before Sunrise 
2024-06-14 10:20:01 - Before Sunrise 
2024-06-14 10:30:02 - Before Sunrise 
2024-06-14 10:40:01 - Before Sunrise 
2024-06-14 10:50:01 - Before Sunrise 
2024-06-14 11:00:01 - Before Sunrise 
2024-06-14 11:10:01 - Passed Sunrise 
2024-06-14 11:10:01 - CT Camera not operating 
2024-06-14 11:20:01 - Passed Sunrise 
2024-06-14 11:20:01 - CT Camera not operating 
2024-06-14 11:30:02 - Passed Sunrise 
2024-06-14 11:30:02 - CT Camera not operating 
2024-06-14 11:40:01 - Passed Sunrise 
2024-06-14 11:40:01 - CT Camera not operating 
2024-06-14 11:50:01 - Passed Sunrise 
2024-06-14 11:50:01 - CT Camera not operating 
2024-06-14 12:00:01 - Passed Sunrise 
2024-06-14 12:00:01 - CT Camera not operating 
2024-06-14 12:10:01 - Passed Sunrise 
2024-06-14 12:10:01 - CT Camera not operating 
2024-06-14 12:20:01 - Passed Sunrise 
2024-06-14 12:20:01 - CT Camera not operating 
2024-06-14 12:30:01 - Passed Sunrise 
2024-06-14 12:30:01 - CT Camera not operating 
2024-06-14 12:40:01 - Passed Sunrise 
2024-06-14 12:40:01 - CT Camera not operating 
2024-06-14 12:50:01 - Passed Sunrise 
2024-06-14 12:50:01 - CT Camera not operating 
2024-06-14 13:00:01 - Passed Sunrise 
2024-06-14 13:00:01 - CT Camera not operating 
2024-06-14 13:10:01 - Passed Sunrise 
2024-06-14 13:10:01 - CT Camera not operating 
2024-06-14 13:20:02 - Passed Sunrise 
2024-06-14 13:20:02 - CT Camera not operating 
2024-06-14 13:30:01 - Passed Sunrise 
2024-06-14 13:30:01 - CT Camera not operating 
2024-06-14 13:40:01 - Passed Sunrise 
2024-06-14 13:40:01 - CT Camera not operating 
2024-06-14 13:50:01 - Passed Sunrise 
2024-06-14 13:50:01 - CT Camera not operating 
2024-06-14 14:00:01 - Passed Sunrise 
2024-06-14 14:00:01 - CT Camera not operating 
2024-06-14 14:10:01 - Passed Sunrise 
2024-06-14 14:10:01 - CT Camera not operating 
2024-06-14 14:20:02 - Passed Sunrise 
2024-06-14 14:20:02 - CT Camera not operating 
2024-06-14 14:30:01 - Passed Sunrise 
2024-06-14 14:30:01 - CT Camera not operating 
2024-06-14 14:40:01 - Passed Sunrise 
2024-06-14 14:40:01 - CT Camera not operating 
2024-06-14 14:50:01 - Passed Sunrise 
2024-06-14 14:50:01 - CT Camera not operating 
2024-06-14 15:00:01 - Passed Sunrise 
2024-06-14 15:00:01 - CT Camera not operating 
2024-06-14 15:10:01 - Passed Sunrise 
2024-06-14 15:10:01 - CT Camera not operating 
2024-06-14 15:20:02 - Passed Sunrise 
2024-06-14 15:20:02 - CT Camera not operating 
2024-06-14 15:30:01 - Passed Sunrise 
2024-06-14 15:30:01 - CT Camera not operating 
2024-06-14 15:40:01 - Passed Sunrise 
2024-06-14 15:40:01 - CT Camera not operating 
2024-06-14 15:50:01 - Passed Sunrise 
2024-06-14 15:50:01 - CT Camera not operating 
2024-06-14 16:00:01 - Passed Sunrise 
2024-06-14 16:00:01 - CT Camera not operating 
2024-06-14 16:10:01 - Passed Sunrise 
2024-06-14 16:10:01 - CT Camera not operating 
2024-06-14 16:20:01 - Passed Sunrise 
2024-06-14 16:20:01 - CT Camera not operating 
2024-06-14 16:30:01 - Passed Sunrise 
2024-06-14 16:30:01 - CT Camera not operating 
2024-06-14 16:40:01 - Passed Sunrise 
2024-06-14 16:40:01 - CT Camera not operating 
2024-06-14 16:50:01 - Passed Sunrise 
2024-06-14 16:50:01 - CT Camera not operating 
2024-06-14 20:01:01 - Added sunrise_time: 2024-06-15 11:08:44 
2024-06-15 10:00:02 - Before Sunrise 
2024-06-15 10:10:01 - Before Sunrise 
2024-06-15 10:20:01 - Before Sunrise 
2024-06-15 10:30:01 - Before Sunrise 
2024-06-15 10:40:01 - Before Sunrise 
2024-06-15 10:50:01 - Before Sunrise 
2024-06-15 11:00:02 - Before Sunrise 
2024-06-15 11:10:01 - Passed Sunrise 
2024-06-15 11:10:01 - CT Camera not operating 
2024-06-15 11:20:01 - Passed Sunrise 
2024-06-15 11:20:01 - CT Camera not operating 
2024-06-15 11:30:01 - Passed Sunrise 
2024-06-15 11:30:01 - CT Camera not operating 
2024-06-15 11:40:01 - Passed Sunrise 
2024-06-15 11:40:01 - CT Camera not operating 
2024-06-15 11:50:01 - Passed Sunrise 
2024-06-15 11:50:01 - CT Camera not operating 
2024-06-15 12:00:02 - Passed Sunrise 
2024-06-15 12:00:02 - CT Camera not operating 
2024-06-15 12:10:01 - Passed Sunrise 
2024-06-15 12:10:01 - CT Camera not operating 
2024-06-15 12:20:01 - Passed Sunrise 
2024-06-15 12:20:01 - CT Camera not operating 
2024-06-15 12:30:01 - Passed Sunrise 
2024-06-15 12:30:01 - CT Camera not operating 
2024-06-15 12:40:01 - Passed Sunrise 
2024-06-15 12:40:01 - CT Camera not operating 
2024-06-15 12:50:02 - Passed Sunrise 
2024-06-15 12:50:02 - CT Camera not operating 
2024-06-15 13:00:01 - Passed Sunrise 
2024-06-15 13:00:01 - CT Camera not operating 
2024-06-15 13:10:01 - Passed Sunrise 
2024-06-15 13:10:01 - CT Camera not operating 
2024-06-15 13:20:01 - Passed Sunrise 
2024-06-15 13:20:01 - CT Camera not operating 
2024-06-15 13:30:01 - Passed Sunrise 
2024-06-15 13:30:01 - CT Camera not operating 
2024-06-15 13:40:01 - Passed Sunrise 
2024-06-15 13:40:01 - CT Camera not operating 
2024-06-15 13:50:02 - Passed Sunrise 
2024-06-15 13:50:02 - CT Camera not operating 
2024-06-15 14:00:01 - Passed Sunrise 
2024-06-15 14:00:01 - CT Camera not operating 
2024-06-15 14:10:01 - Passed Sunrise 
2024-06-15 14:10:01 - CT Camera not operating 
2024-06-15 14:20:01 - Passed Sunrise 
2024-06-15 14:20:01 - CT Camera not operating 
2024-06-15 14:30:01 - Passed Sunrise 
2024-06-15 14:30:01 - CT Camera not operating 
2024-06-15 14:40:01 - Passed Sunrise 
2024-06-15 14:40:01 - CT Camera not operating 
2024-06-15 14:50:02 - Passed Sunrise 
2024-06-15 14:50:02 - CT Camera not operating 
2024-06-15 15:00:01 - Passed Sunrise 
2024-06-15 15:00:01 - CT Camera not operating 
2024-06-15 15:10:01 - Passed Sunrise 
2024-06-15 15:10:01 - CT Camera not operating 
2024-06-15 15:20:01 - Passed Sunrise 
2024-06-15 15:20:01 - CT Camera not operating 
2024-06-15 15:30:01 - Passed Sunrise 
2024-06-15 15:30:01 - CT Camera not operating 
2024-06-15 15:40:01 - Passed Sunrise 
2024-06-15 15:40:01 - CT Camera not operating 
2024-06-15 15:50:01 - Passed Sunrise 
2024-06-15 15:50:01 - CT Camera not operating 
2024-06-15 16:00:01 - Passed Sunrise 
2024-06-15 16:00:01 - CT Camera not operating 
2024-06-15 16:10:01 - Passed Sunrise 
2024-06-15 16:10:01 - CT Camera not operating 
2024-06-15 16:20:01 - Passed Sunrise 
2024-06-15 16:20:01 - CT Camera not operating 
2024-06-15 16:30:01 - Passed Sunrise 
2024-06-15 16:30:01 - CT Camera not operating 
2024-06-15 16:40:01 - Passed Sunrise 
2024-06-15 16:40:01 - CT Camera not operating 
2024-06-15 16:50:01 - Passed Sunrise 
2024-06-15 16:50:01 - CT Camera not operating 
2024-06-15 20:01:01 - Added sunrise_time: 2024-06-16 11:08:47 
2024-06-16 10:00:01 - Before Sunrise 
2024-06-16 10:10:01 - Before Sunrise 
2024-06-16 10:20:01 - Before Sunrise 
2024-06-16 10:30:01 - Before Sunrise 
2024-06-16 10:40:01 - Before Sunrise 
2024-06-16 10:50:01 - Before Sunrise 
2024-06-16 11:00:01 - Before Sunrise 
2024-06-16 11:10:02 - Passed Sunrise 
2024-06-16 11:10:02 - CT Camera not operating 
2024-06-16 11:20:01 - Passed Sunrise 
2024-06-16 11:20:01 - CT Camera not operating 
2024-06-16 11:30:01 - Passed Sunrise 
2024-06-16 11:30:01 - CT Camera not operating 
2024-06-16 11:40:01 - Passed Sunrise 
2024-06-16 11:40:01 - CT Camera not operating 
2024-06-16 11:50:01 - Passed Sunrise 
2024-06-16 11:50:01 - CT Camera not operating 
2024-06-16 12:00:01 - Passed Sunrise 
2024-06-16 12:00:01 - CT Camera not operating 
2024-06-16 12:10:02 - Passed Sunrise 
2024-06-16 12:10:02 - CT Camera not operating 
2024-06-16 12:20:01 - Passed Sunrise 
2024-06-16 12:20:01 - CT Camera not operating 
2024-06-16 12:30:01 - Passed Sunrise 
2024-06-16 12:30:01 - CT Camera not operating 
2024-06-16 12:40:01 - Passed Sunrise 
2024-06-16 12:40:01 - CT Camera not operating 
2024-06-16 12:50:01 - Passed Sunrise 
2024-06-16 12:50:01 - CT Camera not operating 
2024-06-16 13:00:01 - Passed Sunrise 
2024-06-16 13:00:01 - CT Camera not operating 
2024-06-16 13:10:01 - Passed Sunrise 
2024-06-16 13:10:01 - CT Camera not operating 
2024-06-16 13:20:01 - Passed Sunrise 
2024-06-16 13:20:01 - CT Camera not operating 
2024-06-16 13:30:01 - Passed Sunrise 
2024-06-16 13:30:01 - CT Camera not operating 
2024-06-16 13:40:01 - Passed Sunrise 
2024-06-16 13:40:01 - CT Camera not operating 
2024-06-16 13:50:01 - Passed Sunrise 
2024-06-16 13:50:01 - CT Camera not operating 
2024-06-16 14:00:01 - Passed Sunrise 
2024-06-16 14:00:01 - CT Camera not operating 
2024-06-16 14:10:01 - Passed Sunrise 
2024-06-16 14:10:01 - CT Camera not operating 
2024-06-16 14:20:01 - Passed Sunrise 
2024-06-16 14:20:01 - CT Camera not operating 
2024-06-16 14:30:01 - Passed Sunrise 
2024-06-16 14:30:01 - CT Camera not operating 
2024-06-16 14:40:01 - Passed Sunrise 
2024-06-16 14:40:01 - CT Camera not operating 
2024-06-16 14:50:01 - Passed Sunrise 
2024-06-16 14:50:01 - CT Camera not operating 
2024-06-16 15:00:01 - Passed Sunrise 
2024-06-16 15:00:01 - CT Camera not operating 
2024-06-16 15:10:01 - Passed Sunrise 
2024-06-16 15:10:01 - CT Camera not operating 
2024-06-16 15:20:01 - Passed Sunrise 
2024-06-16 15:20:01 - CT Camera not operating 
2024-06-16 15:30:01 - Passed Sunrise 
2024-06-16 15:30:01 - CT Camera not operating 
2024-06-16 15:40:01 - Passed Sunrise 
2024-06-16 15:40:01 - CT Camera not operating 
2024-06-16 15:50:01 - Passed Sunrise 
2024-06-16 15:50:01 - CT Camera not operating 
2024-06-16 16:00:01 - Passed Sunrise 
2024-06-16 16:00:01 - CT Camera not operating 
2024-06-16 16:10:01 - Passed Sunrise 
2024-06-16 16:10:01 - CT Camera not operating 
2024-06-16 16:20:01 - Passed Sunrise 
2024-06-16 16:20:01 - CT Camera not operating 
2024-06-16 16:30:01 - Passed Sunrise 
2024-06-16 16:30:01 - CT Camera not operating 
2024-06-16 16:40:01 - Passed Sunrise 
2024-06-16 16:40:01 - CT Camera not operating 
2024-06-16 16:50:01 - Passed Sunrise 
2024-06-16 16:50:01 - CT Camera not operating 
2024-06-16 20:01:02 - Added sunrise_time: 2024-06-17 11:08:51 
2024-06-17 10:00:01 - Before Sunrise 
2024-06-17 10:10:01 - Before Sunrise 
2024-06-17 10:20:01 - Before Sunrise 
2024-06-17 10:30:01 - Before Sunrise 
2024-06-17 10:40:01 - Before Sunrise 
2024-06-17 10:50:01 - Before Sunrise 
2024-06-17 11:00:01 - Before Sunrise 
2024-06-17 11:10:01 - Passed Sunrise 
2024-06-17 11:10:01 - CT Camera not operating 
2024-06-17 11:20:01 - Passed Sunrise 
2024-06-17 11:20:01 - CT Camera not operating 
2024-06-17 11:30:01 - Passed Sunrise 
2024-06-17 11:30:01 - CT Camera not operating 
2024-06-17 11:40:01 - Passed Sunrise 
2024-06-17 11:40:01 - CT Camera not operating 
2024-06-17 11:50:01 - Passed Sunrise 
2024-06-17 11:50:01 - CT Camera not operating 
2024-06-17 12:00:02 - Passed Sunrise 
2024-06-17 12:00:02 - CT Camera not operating 
2024-06-17 12:10:01 - Passed Sunrise 
2024-06-17 12:10:01 - CT Camera not operating 
2024-06-17 12:20:01 - Passed Sunrise 
2024-06-17 12:20:01 - CT Camera not operating 
2024-06-17 12:30:01 - Passed Sunrise 
2024-06-17 12:30:01 - CT Camera not operating 
2024-06-17 12:40:01 - Passed Sunrise 
2024-06-17 12:40:01 - CT Camera not operating 
2024-06-17 12:50:01 - Passed Sunrise 
2024-06-17 12:50:01 - CT Camera not operating 
2024-06-17 13:00:02 - Passed Sunrise 
2024-06-17 13:00:02 - CT Camera not operating 
2024-06-17 13:10:01 - Passed Sunrise 
2024-06-17 13:10:01 - CT Camera not operating 
2024-06-17 13:20:01 - Passed Sunrise 
2024-06-17 13:20:01 - CT Camera not operating 
2024-06-17 13:30:01 - Passed Sunrise 
2024-06-17 13:30:01 - CT Camera not operating 
2024-06-17 13:40:01 - Passed Sunrise 
2024-06-17 13:40:01 - CT Camera not operating 
2024-06-17 13:50:01 - Passed Sunrise 
2024-06-17 13:50:01 - CT Camera not operating 
2024-06-17 14:00:02 - Passed Sunrise 
2024-06-17 14:00:02 - CT Camera not operating 
2024-06-17 14:10:01 - Passed Sunrise 
2024-06-17 14:10:01 - CT Camera not operating 
2024-06-17 14:20:01 - Passed Sunrise 
2024-06-17 14:20:01 - CT Camera not operating 
2024-06-17 14:30:01 - Passed Sunrise 
2024-06-17 14:30:01 - CT Camera not operating 
2024-06-17 14:40:01 - Passed Sunrise 
2024-06-17 14:40:01 - CT Camera not operating 
2024-06-17 14:50:02 - Passed Sunrise 
2024-06-17 14:50:02 - CT Camera not operating 
2024-06-17 15:00:01 - Passed Sunrise 
2024-06-17 15:00:01 - CT Camera not operating 
2024-06-17 15:10:01 - Passed Sunrise 
2024-06-17 15:10:01 - CT Camera not operating 
2024-06-17 15:20:01 - Passed Sunrise 
2024-06-17 15:20:01 - CT Camera not operating 
2024-06-17 15:30:01 - Passed Sunrise 
2024-06-17 15:30:01 - CT Camera not operating 
2024-06-17 15:40:01 - Passed Sunrise 
2024-06-17 15:40:01 - CT Camera not operating 
2024-06-17 15:50:02 - Passed Sunrise 
2024-06-17 15:50:02 - CT Camera not operating 
2024-06-17 16:00:01 - Passed Sunrise 
2024-06-17 16:00:01 - CT Camera not operating 
2024-06-17 16:10:01 - Passed Sunrise 
2024-06-17 16:10:01 - CT Camera not operating 
2024-06-17 16:20:01 - Passed Sunrise 
2024-06-17 16:20:01 - CT Camera not operating 
2024-06-17 16:30:01 - Passed Sunrise 
2024-06-17 16:30:01 - CT Camera not operating 
2024-06-17 16:40:01 - Passed Sunrise 
2024-06-17 16:40:01 - CT Camera not operating 
2024-06-17 16:50:01 - Passed Sunrise 
2024-06-17 16:50:01 - CT Camera not operating 
2024-06-17 20:01:01 - Added sunrise_time: 2024-06-18 11:08:58 
2024-06-18 10:00:01 - Before Sunrise 
2024-06-18 10:10:01 - Before Sunrise 
2024-06-18 10:20:01 - Before Sunrise 
2024-06-18 10:30:01 - Before Sunrise 
2024-06-18 10:40:01 - Before Sunrise 
2024-06-18 10:50:01 - Before Sunrise 
2024-06-18 11:00:01 - Before Sunrise 
2024-06-18 11:10:01 - Passed Sunrise 
2024-06-18 11:10:01 - CT Camera not operating 
2024-06-18 11:20:01 - Passed Sunrise 
2024-06-18 11:20:01 - CT Camera not operating 
2024-06-18 11:30:01 - Passed Sunrise 
2024-06-18 11:30:01 - CT Camera not operating 
2024-06-18 11:40:01 - Passed Sunrise 
2024-06-18 11:40:01 - CT Camera not operating 
2024-06-18 11:50:01 - Passed Sunrise 
2024-06-18 11:50:01 - CT Camera not operating 
2024-06-18 12:00:01 - Passed Sunrise 
2024-06-18 12:00:01 - CT Camera not operating 
2024-06-18 12:10:01 - Passed Sunrise 
2024-06-18 12:10:01 - CT Camera not operating 
2024-06-18 12:20:01 - Passed Sunrise 
2024-06-18 12:20:01 - CT Camera not operating 
2024-06-18 12:30:01 - Passed Sunrise 
2024-06-18 12:30:01 - CT Camera not operating 
2024-06-18 12:40:01 - Passed Sunrise 
2024-06-18 12:40:01 - CT Camera not operating 
2024-06-18 12:50:01 - Passed Sunrise 
2024-06-18 12:50:01 - CT Camera not operating 
2024-06-18 13:00:01 - Passed Sunrise 
2024-06-18 13:00:01 - CT Camera not operating 
2024-06-18 13:10:01 - Passed Sunrise 
2024-06-18 13:10:01 - CT Camera not operating 
2024-06-18 13:20:01 - Passed Sunrise 
2024-06-18 13:20:01 - CT Camera not operating 
2024-06-18 13:30:01 - Passed Sunrise 
2024-06-18 13:30:01 - CT Camera not operating 
2024-06-18 13:40:02 - Passed Sunrise 
2024-06-18 13:40:02 - CT Camera not operating 
2024-06-18 13:50:01 - Passed Sunrise 
2024-06-18 13:50:01 - CT Camera not operating 
2024-06-18 14:00:01 - Passed Sunrise 
2024-06-18 14:00:01 - CT Camera not operating 
2024-06-18 14:10:01 - Passed Sunrise 
2024-06-18 14:10:01 - CT Camera not operating 
2024-06-18 14:20:01 - Passed Sunrise 
2024-06-18 14:20:01 - CT Camera not operating 
2024-06-18 14:30:01 - Passed Sunrise 
2024-06-18 14:30:01 - CT Camera not operating 
2024-06-18 14:40:02 - Passed Sunrise 
2024-06-18 14:40:02 - CT Camera not operating 
2024-06-18 14:50:01 - Passed Sunrise 
2024-06-18 14:50:01 - CT Camera not operating 
2024-06-18 15:00:01 - Passed Sunrise 
2024-06-18 15:00:01 - CT Camera not operating 
2024-06-18 15:10:01 - Passed Sunrise 
2024-06-18 15:10:01 - CT Camera not operating 
2024-06-18 15:20:01 - Passed Sunrise 
2024-06-18 15:20:01 - CT Camera not operating 
2024-06-18 15:30:01 - Passed Sunrise 
2024-06-18 15:30:01 - CT Camera not operating 
2024-06-18 15:50:01 - Passed Sunrise 
2024-06-18 15:50:01 - CT Camera not operating 
2024-06-18 16:00:01 - Passed Sunrise 
2024-06-18 16:00:01 - CT Camera not operating 
2024-06-18 16:10:01 - Passed Sunrise 
2024-06-18 16:10:01 - Shutting Down Camera 
2024-06-18 16:11:31 - Shut down camera Successful 
2024-06-18 16:11:31 - CTM complete. Powering Down MagnaPS 
2024-06-18 16:11:33 - Shutdown Complete 
2024-06-18 16:20:01 - Passed Sunrise 
2024-06-18 16:20:01 - Shutting Down Camera 
2024-06-18 16:21:31 - Shut down camera Successful 
2024-06-18 16:21:31 - CTM complete. Powering Down MagnaPS 
2024-06-18 16:21:31 - Shutdown Complete 
2024-06-18 16:30:02 - Passed Sunrise 
2024-06-18 16:30:02 - Shutting Down Camera 
2024-06-18 16:31:32 - Shut down camera Successful 
2024-06-18 16:31:32 - CTM complete. Powering Down MagnaPS 
2024-06-18 16:31:32 - Shutdown Complete 
2024-06-18 16:40:01 - Passed Sunrise 
2024-06-18 16:40:01 - CT Camera not operating 
2024-06-18 16:50:02 - Passed Sunrise 
2024-06-18 16:50:02 - Shutting Down Camera 
2024-06-18 16:51:32 - Shut down camera Successful 
2024-06-18 16:51:32 - CTM complete. Powering Down MagnaPS 
2024-06-18 16:51:32 - Shutdown Complete 
2024-06-18 20:01:01 - Added sunrise_time: 2024-06-19 11:09:07 
2024-06-19 10:00:01 - Before Sunrise 
2024-06-19 10:10:01 - Before Sunrise 
2024-06-19 10:20:02 - Before Sunrise 
2024-06-19 10:30:01 - Before Sunrise 
2024-06-19 10:40:01 - Before Sunrise 
2024-06-19 10:50:01 - Before Sunrise 
2024-06-19 11:00:01 - Before Sunrise 
2024-06-19 11:10:01 - Passed Sunrise 
2024-06-19 11:10:01 - CT Camera not operating 
2024-06-19 11:20:02 - Passed Sunrise 
2024-06-19 11:20:02 - CT Camera not operating 
2024-06-19 11:30:01 - Passed Sunrise 
2024-06-19 11:30:01 - CT Camera not operating 
2024-06-19 11:40:01 - Passed Sunrise 
2024-06-19 11:40:01 - CT Camera not operating 
2024-06-19 11:50:01 - Passed Sunrise 
2024-06-19 11:50:01 - CT Camera not operating 
2024-06-19 12:00:01 - Passed Sunrise 
2024-06-19 12:00:01 - CT Camera not operating 
2024-06-19 12:10:01 - Passed Sunrise 
2024-06-19 12:10:01 - CT Camera not operating 
2024-06-19 12:20:02 - Passed Sunrise 
2024-06-19 12:20:02 - CT Camera not operating 
2024-06-19 12:30:01 - Passed Sunrise 
2024-06-19 12:30:01 - CT Camera not operating 
2024-06-19 12:40:01 - Passed Sunrise 
2024-06-19 12:40:01 - CT Camera not operating 
2024-06-19 12:50:01 - Passed Sunrise 
2024-06-19 12:50:01 - CT Camera not operating 
2024-06-19 13:00:01 - Passed Sunrise 
2024-06-19 13:00:01 - CT Camera not operating 
2024-06-19 13:10:01 - Passed Sunrise 
2024-06-19 13:10:01 - CT Camera not operating 
2024-06-19 13:20:01 - Passed Sunrise 
2024-06-19 13:20:01 - CT Camera not operating 
2024-06-19 13:30:01 - Passed Sunrise 
2024-06-19 13:30:01 - CT Camera not operating 
2024-06-19 13:40:01 - Passed Sunrise 
2024-06-19 13:40:01 - CT Camera not operating 
2024-06-19 13:50:01 - Passed Sunrise 
2024-06-19 13:50:01 - CT Camera not operating 
2024-06-19 14:00:01 - Passed Sunrise 
2024-06-19 14:00:01 - CT Camera not operating 
2024-06-19 14:10:01 - Passed Sunrise 
2024-06-19 14:10:01 - CT Camera not operating 
2024-06-19 14:20:01 - Passed Sunrise 
2024-06-19 14:20:01 - CT Camera not operating 
2024-06-19 14:30:01 - Passed Sunrise 
2024-06-19 14:30:01 - CT Camera not operating 
2024-06-19 14:40:01 - Passed Sunrise 
2024-06-19 14:40:01 - CT Camera not operating 
2024-06-19 14:50:01 - Passed Sunrise 
2024-06-19 14:50:01 - CT Camera not operating 
2024-06-19 15:00:01 - Passed Sunrise 
2024-06-19 15:00:01 - CT Camera not operating 
2024-06-19 15:10:01 - Passed Sunrise 
2024-06-19 15:10:01 - CT Camera not operating 
2024-06-19 15:20:01 - Passed Sunrise 
2024-06-19 15:20:01 - CT Camera not operating 
2024-06-19 15:30:01 - Passed Sunrise 
2024-06-19 15:30:01 - CT Camera not operating 
2024-06-19 15:40:01 - Passed Sunrise 
2024-06-19 15:40:01 - CT Camera not operating 
2024-06-19 15:50:01 - Passed Sunrise 
2024-06-19 15:50:01 - CT Camera not operating 
2024-06-19 16:00:01 - Passed Sunrise 
2024-06-19 16:00:01 - CT Camera not operating 
2024-06-19 16:10:01 - Passed Sunrise 
2024-06-19 16:10:01 - CT Camera not operating 
2024-06-19 16:20:01 - Passed Sunrise 
2024-06-19 16:20:01 - CT Camera not operating 
2024-06-19 16:30:01 - Passed Sunrise 
2024-06-19 16:30:01 - CT Camera not operating 
2024-06-19 16:40:01 - Passed Sunrise 
2024-06-19 16:40:01 - CT Camera not operating 
2024-06-19 16:50:01 - Passed Sunrise 
2024-06-19 16:50:01 - CT Camera not operating 
2024-06-19 20:01:01 - Added sunrise_time: 2024-06-20 11:09:18 
2024-06-20 10:00:01 - Before Sunrise 
2024-06-20 10:10:01 - Before Sunrise 
2024-06-20 10:20:01 - Before Sunrise 
2024-06-20 10:30:01 - Before Sunrise 
2024-06-20 10:40:01 - Before Sunrise 
2024-06-20 10:50:01 - Before Sunrise 
2024-06-20 11:00:01 - Before Sunrise 
2024-06-20 11:10:01 - Passed Sunrise 
2024-06-20 11:10:01 - CT Camera not operating 
2024-06-20 11:20:01 - Passed Sunrise 
2024-06-20 11:20:01 - CT Camera not operating 
2024-06-20 11:30:01 - Passed Sunrise 
2024-06-20 11:30:01 - CT Camera not operating 
2024-06-20 11:40:01 - Passed Sunrise 
2024-06-20 11:40:01 - CT Camera not operating 
2024-06-20 11:50:01 - Passed Sunrise 
2024-06-20 11:50:01 - CT Camera not operating 
2024-06-20 12:00:01 - Passed Sunrise 
2024-06-20 12:00:01 - CT Camera not operating 
2024-06-20 12:10:01 - Passed Sunrise 
2024-06-20 12:10:01 - CT Camera not operating 
2024-06-20 12:20:01 - Passed Sunrise 
2024-06-20 12:20:01 - CT Camera not operating 
2024-06-20 12:30:01 - Passed Sunrise 
2024-06-20 12:30:01 - CT Camera not operating 
2024-06-20 12:40:01 - Passed Sunrise 
2024-06-20 12:40:01 - CT Camera not operating 
2024-06-20 12:50:01 - Passed Sunrise 
2024-06-20 12:50:01 - CT Camera not operating 
2024-06-20 13:00:01 - Passed Sunrise 
2024-06-20 13:00:01 - CT Camera not operating 
2024-06-20 13:10:01 - Passed Sunrise 
2024-06-20 13:10:01 - CT Camera not operating 
2024-06-20 13:20:01 - Passed Sunrise 
2024-06-20 13:20:01 - CT Camera not operating 
2024-06-20 13:30:01 - Passed Sunrise 
2024-06-20 13:30:01 - CT Camera not operating 
2024-06-20 13:40:01 - Passed Sunrise 
2024-06-20 13:40:01 - CT Camera not operating 
2024-06-20 13:50:01 - Passed Sunrise 
2024-06-20 13:50:01 - CT Camera not operating 
2024-06-20 14:00:01 - Passed Sunrise 
2024-06-20 14:00:01 - CT Camera not operating 
2024-06-20 14:10:01 - Passed Sunrise 
2024-06-20 14:10:01 - CT Camera not operating 
2024-06-20 14:20:01 - Passed Sunrise 
2024-06-20 14:20:01 - CT Camera not operating 
2024-06-20 14:30:01 - Passed Sunrise 
2024-06-20 14:30:01 - CT Camera not operating 
2024-06-20 14:40:01 - Passed Sunrise 
2024-06-20 14:40:01 - CT Camera not operating 
2024-06-20 14:50:01 - Passed Sunrise 
2024-06-20 14:50:01 - CT Camera not operating 
2024-06-20 15:00:01 - Passed Sunrise 
2024-06-20 15:00:01 - CT Camera not operating 
2024-06-20 15:10:01 - Passed Sunrise 
2024-06-20 15:10:01 - CT Camera not operating 
2024-06-20 15:20:01 - Passed Sunrise 
2024-06-20 15:20:01 - CT Camera not operating 
2024-06-20 15:30:01 - Passed Sunrise 
2024-06-20 15:30:01 - CT Camera not operating 
2024-06-20 15:40:01 - Passed Sunrise 
2024-06-20 15:40:01 - CT Camera not operating 
2024-06-20 15:50:01 - Passed Sunrise 
2024-06-20 15:50:01 - CT Camera not operating 
2024-06-20 16:00:01 - Passed Sunrise 
2024-06-20 16:00:01 - CT Camera not operating 
2024-06-20 16:10:02 - Passed Sunrise 
2024-06-20 16:10:02 - CT Camera not operating 
2024-06-20 16:20:01 - Passed Sunrise 
2024-06-20 16:20:01 - CT Camera not operating 
2024-06-20 16:30:01 - Passed Sunrise 
2024-06-20 16:30:01 - CT Camera not operating 
2024-06-20 16:40:01 - Passed Sunrise 
2024-06-20 16:40:01 - CT Camera not operating 
2024-06-20 16:50:01 - Passed Sunrise 
2024-06-20 16:50:01 - CT Camera not operating 
2024-06-20 20:01:01 - Added sunrise_time: 2024-06-21 11:09:31 
2024-06-21 10:00:01 - Before Sunrise 
2024-06-21 10:10:01 - Before Sunrise 
2024-06-21 10:20:01 - Before Sunrise 
2024-06-21 10:30:01 - Before Sunrise 
2024-06-21 10:40:01 - Before Sunrise 
2024-06-21 10:50:01 - Before Sunrise 
2024-06-21 11:00:01 - Before Sunrise 
2024-06-21 11:10:02 - Passed Sunrise 
2024-06-21 11:10:02 - CT Camera not operating 
2024-06-21 11:20:01 - Passed Sunrise 
2024-06-21 11:20:01 - CT Camera not operating 
2024-06-21 11:30:01 - Passed Sunrise 
2024-06-21 11:30:01 - CT Camera not operating 
2024-06-21 11:40:01 - Passed Sunrise 
2024-06-21 11:40:01 - CT Camera not operating 
2024-06-21 11:50:01 - Passed Sunrise 
2024-06-21 11:50:01 - CT Camera not operating 
2024-06-21 12:00:01 - Passed Sunrise 
2024-06-21 12:00:01 - CT Camera not operating 
2024-06-21 12:10:02 - Passed Sunrise 
2024-06-21 12:10:02 - CT Camera not operating 
2024-06-21 12:20:01 - Passed Sunrise 
2024-06-21 12:20:01 - CT Camera not operating 
2024-06-21 12:30:01 - Passed Sunrise 
2024-06-21 12:30:01 - CT Camera not operating 
2024-06-21 12:40:01 - Passed Sunrise 
2024-06-21 12:40:01 - CT Camera not operating 
2024-06-21 12:50:01 - Passed Sunrise 
2024-06-21 12:50:01 - CT Camera not operating 
2024-06-21 13:00:01 - Passed Sunrise 
2024-06-21 13:00:01 - CT Camera not operating 
2024-06-21 13:10:01 - Passed Sunrise 
2024-06-21 13:10:01 - CT Camera not operating 
2024-06-21 13:20:01 - Passed Sunrise 
2024-06-21 13:20:01 - CT Camera not operating 
2024-06-21 13:30:01 - Passed Sunrise 
2024-06-21 13:30:01 - CT Camera not operating 
2024-06-21 13:40:01 - Passed Sunrise 
2024-06-21 13:40:01 - CT Camera not operating 
2024-06-21 13:50:01 - Passed Sunrise 
2024-06-21 13:50:01 - CT Camera not operating 
2024-06-21 14:00:01 - Passed Sunrise 
2024-06-21 14:00:01 - CT Camera not operating 
2024-06-21 14:10:01 - Passed Sunrise 
2024-06-21 14:10:01 - CT Camera not operating 
2024-06-21 14:20:01 - Passed Sunrise 
2024-06-21 14:20:01 - CT Camera not operating 
2024-06-21 14:30:01 - Passed Sunrise 
2024-06-21 14:30:01 - CT Camera not operating 
2024-06-21 14:40:01 - Passed Sunrise 
2024-06-21 14:40:01 - CT Camera not operating 
2024-06-21 14:50:01 - Passed Sunrise 
2024-06-21 14:50:01 - CT Camera not operating 
2024-06-21 15:00:01 - Passed Sunrise 
2024-06-21 15:00:01 - CT Camera not operating 
2024-06-21 15:10:01 - Passed Sunrise 
2024-06-21 15:10:01 - CT Camera not operating 
2024-06-21 15:20:01 - Passed Sunrise 
2024-06-21 15:20:01 - CT Camera not operating 
2024-06-21 15:30:01 - Passed Sunrise 
2024-06-21 15:30:01 - CT Camera not operating 
2024-06-21 15:40:01 - Passed Sunrise 
2024-06-21 15:40:01 - CT Camera not operating 
2024-06-21 15:50:01 - Passed Sunrise 
2024-06-21 15:50:01 - CT Camera not operating 
2024-06-21 16:00:01 - Passed Sunrise 
2024-06-21 16:00:01 - CT Camera not operating 
2024-06-21 16:10:01 - Passed Sunrise 
2024-06-21 16:10:01 - CT Camera not operating 
2024-06-21 16:20:01 - Passed Sunrise 
2024-06-21 16:20:01 - CT Camera not operating 
2024-06-21 16:30:01 - Passed Sunrise 
2024-06-21 16:30:01 - CT Camera not operating 
2024-06-21 16:40:01 - Passed Sunrise 
2024-06-21 16:40:01 - CT Camera not operating 
2024-06-21 16:50:01 - Passed Sunrise 
2024-06-21 16:50:01 - CT Camera not operating 
2024-06-21 20:01:01 - Added sunrise_time: 2024-06-22 11:09:47 
2024-06-22 10:00:01 - Before Sunrise 
2024-06-22 10:10:01 - Before Sunrise 
2024-06-22 10:20:01 - Before Sunrise 
2024-06-22 10:30:01 - Before Sunrise 
2024-06-22 10:40:01 - Before Sunrise 
2024-06-22 10:50:01 - Before Sunrise 
2024-06-22 11:00:01 - Before Sunrise 
2024-06-22 11:10:01 - Passed Sunrise 
2024-06-22 11:10:01 - CT Camera not operating 
2024-06-22 11:20:01 - Passed Sunrise 
2024-06-22 11:20:01 - CT Camera not operating 
2024-06-22 11:30:01 - Passed Sunrise 
2024-06-22 11:30:01 - CT Camera not operating 
2024-06-22 11:40:01 - Passed Sunrise 
2024-06-22 11:40:01 - CT Camera not operating 
2024-06-22 11:50:01 - Passed Sunrise 
2024-06-22 11:50:01 - CT Camera not operating 
2024-06-22 12:00:02 - Passed Sunrise 
2024-06-22 12:00:02 - CT Camera not operating 
2024-06-22 12:10:01 - Passed Sunrise 
2024-06-22 12:10:01 - CT Camera not operating 
2024-06-22 12:20:01 - Passed Sunrise 
2024-06-22 12:20:01 - CT Camera not operating 
2024-06-22 12:30:01 - Passed Sunrise 
2024-06-22 12:30:01 - CT Camera not operating 
2024-06-22 12:40:01 - Passed Sunrise 
2024-06-22 12:40:01 - CT Camera not operating 
2024-06-22 12:50:02 - Passed Sunrise 
2024-06-22 12:50:02 - CT Camera not operating 
2024-06-22 13:00:01 - Passed Sunrise 
2024-06-22 13:00:01 - CT Camera not operating 
2024-06-22 13:10:01 - Passed Sunrise 
2024-06-22 13:10:01 - CT Camera not operating 
2024-06-22 13:20:01 - Passed Sunrise 
2024-06-22 13:20:01 - CT Camera not operating 
2024-06-22 13:30:01 - Passed Sunrise 
2024-06-22 13:30:01 - CT Camera not operating 
2024-06-22 13:40:01 - Passed Sunrise 
2024-06-22 13:40:01 - CT Camera not operating 
2024-06-22 13:50:02 - Passed Sunrise 
2024-06-22 13:50:02 - CT Camera not operating 
2024-06-22 14:00:01 - Passed Sunrise 
2024-06-22 14:00:01 - CT Camera not operating 
2024-06-22 14:10:01 - Passed Sunrise 
2024-06-22 14:10:01 - CT Camera not operating 
2024-06-22 14:20:01 - Passed Sunrise 
2024-06-22 14:20:01 - CT Camera not operating 
2024-06-22 14:30:01 - Passed Sunrise 
2024-06-22 14:30:01 - CT Camera not operating 
2024-06-22 14:40:01 - Passed Sunrise 
2024-06-22 14:40:01 - CT Camera not operating 
2024-06-22 14:50:02 - Passed Sunrise 
2024-06-22 14:50:02 - CT Camera not operating 
2024-06-22 15:00:01 - Passed Sunrise 
2024-06-22 15:00:01 - CT Camera not operating 
2024-06-22 15:10:01 - Passed Sunrise 
2024-06-22 15:10:01 - CT Camera not operating 
2024-06-22 15:20:01 - Passed Sunrise 
2024-06-22 15:20:01 - CT Camera not operating 
2024-06-22 15:30:01 - Passed Sunrise 
2024-06-22 15:30:01 - CT Camera not operating 
2024-06-22 15:40:01 - Passed Sunrise 
2024-06-22 15:40:01 - CT Camera not operating 
2024-06-22 15:50:01 - Passed Sunrise 
2024-06-22 15:50:01 - CT Camera not operating 
2024-06-22 16:00:01 - Passed Sunrise 
2024-06-22 16:00:01 - CT Camera not operating 
2024-06-22 16:10:01 - Passed Sunrise 
2024-06-22 16:10:01 - CT Camera not operating 
2024-06-22 16:20:01 - Passed Sunrise 
2024-06-22 16:20:01 - CT Camera not operating 
2024-06-22 16:30:01 - Passed Sunrise 
2024-06-22 16:30:01 - CT Camera not operating 
2024-06-22 16:40:01 - Passed Sunrise 
2024-06-22 16:40:01 - CT Camera not operating 
2024-06-22 16:50:01 - Passed Sunrise 
2024-06-22 16:50:01 - CT Camera not operating 
2024-06-22 20:01:01 - Added sunrise_time: 2024-06-23 11:10:04 
2024-06-23 10:00:01 - Before Sunrise 
2024-06-23 10:10:01 - Before Sunrise 
2024-06-23 10:20:01 - Before Sunrise 
2024-06-23 10:30:01 - Before Sunrise 
2024-06-23 10:40:01 - Before Sunrise 
2024-06-23 10:50:01 - Before Sunrise 
2024-06-23 11:00:01 - Before Sunrise 
2024-06-23 11:10:01 - Before Sunrise 
2024-06-23 11:20:01 - Passed Sunrise 
2024-06-23 11:20:01 - CT Camera not operating 
2024-06-23 11:30:01 - Passed Sunrise 
2024-06-23 11:30:01 - CT Camera not operating 
2024-06-23 11:40:01 - Passed Sunrise 
2024-06-23 11:40:01 - CT Camera not operating 
2024-06-23 11:50:01 - Passed Sunrise 
2024-06-23 11:50:01 - CT Camera not operating 
2024-06-23 12:00:01 - Passed Sunrise 
2024-06-23 12:00:01 - CT Camera not operating 
2024-06-23 12:10:01 - Passed Sunrise 
2024-06-23 12:10:01 - CT Camera not operating 
2024-06-23 12:20:01 - Passed Sunrise 
2024-06-23 12:20:01 - CT Camera not operating 
2024-06-23 12:30:01 - Passed Sunrise 
2024-06-23 12:30:01 - CT Camera not operating 
2024-06-23 12:40:01 - Passed Sunrise 
2024-06-23 12:40:01 - CT Camera not operating 
2024-06-23 12:50:01 - Passed Sunrise 
2024-06-23 12:50:01 - CT Camera not operating 
2024-06-23 13:00:01 - Passed Sunrise 
2024-06-23 13:00:01 - CT Camera not operating 
2024-06-23 13:10:01 - Passed Sunrise 
2024-06-23 13:10:01 - CT Camera not operating 
2024-06-23 13:20:01 - Passed Sunrise 
2024-06-23 13:20:01 - CT Camera not operating 
2024-06-23 13:30:01 - Passed Sunrise 
2024-06-23 13:30:01 - CT Camera not operating 
2024-06-23 13:40:02 - Passed Sunrise 
2024-06-23 13:40:02 - CT Camera not operating 
2024-06-23 13:50:01 - Passed Sunrise 
2024-06-23 13:50:01 - CT Camera not operating 
2024-06-23 14:00:01 - Passed Sunrise 
2024-06-23 14:00:01 - CT Camera not operating 
2024-06-23 14:10:01 - Passed Sunrise 
2024-06-23 14:10:01 - CT Camera not operating 
2024-06-23 14:20:01 - Passed Sunrise 
2024-06-23 14:20:01 - CT Camera not operating 
2024-06-23 14:30:01 - Passed Sunrise 
2024-06-23 14:30:01 - CT Camera not operating 
2024-06-23 14:40:02 - Passed Sunrise 
2024-06-23 14:40:02 - CT Camera not operating 
2024-06-23 14:50:01 - Passed Sunrise 
2024-06-23 14:50:01 - CT Camera not operating 
2024-06-23 15:00:01 - Passed Sunrise 
2024-06-23 15:00:01 - CT Camera not operating 
2024-06-23 15:10:01 - Passed Sunrise 
2024-06-23 15:10:01 - CT Camera not operating 
2024-06-23 15:20:01 - Passed Sunrise 
2024-06-23 15:20:01 - CT Camera not operating 
2024-06-23 15:30:01 - Passed Sunrise 
2024-06-23 15:30:01 - CT Camera not operating 
2024-06-23 15:40:01 - Passed Sunrise 
2024-06-23 15:40:01 - CT Camera not operating 
2024-06-23 15:50:01 - Passed Sunrise 
2024-06-23 15:50:01 - CT Camera not operating 
2024-06-23 16:00:01 - Passed Sunrise 
2024-06-23 16:00:01 - CT Camera not operating 
2024-06-23 16:10:01 - Passed Sunrise 
2024-06-23 16:10:01 - CT Camera not operating 
2024-06-23 16:20:01 - Passed Sunrise 
2024-06-23 16:20:01 - CT Camera not operating 
2024-06-23 16:30:01 - Passed Sunrise 
2024-06-23 16:30:01 - CT Camera not operating 
2024-06-23 16:40:01 - Passed Sunrise 
2024-06-23 16:40:01 - CT Camera not operating 
2024-06-23 16:50:01 - Passed Sunrise 
2024-06-23 16:50:01 - CT Camera not operating 
2024-06-23 20:01:01 - Added sunrise_time: 2024-06-24 11:10:23 
2024-06-24 10:00:01 - Before Sunrise 
2024-06-24 10:10:01 - Before Sunrise 
2024-06-24 10:20:01 - Before Sunrise 
2024-06-24 10:30:01 - Before Sunrise 
2024-06-24 10:40:01 - Before Sunrise 
2024-06-24 10:50:01 - Before Sunrise 
2024-06-24 11:00:01 - Before Sunrise 
2024-06-24 11:10:01 - Before Sunrise 
2024-06-24 11:20:01 - Passed Sunrise 
2024-06-24 11:20:01 - CT Camera not operating 
2024-06-24 11:30:01 - Passed Sunrise 
2024-06-24 11:30:01 - CT Camera not operating 
2024-06-24 11:40:01 - Passed Sunrise 
2024-06-24 11:40:01 - CT Camera not operating 
2024-06-24 11:50:01 - Passed Sunrise 
2024-06-24 11:50:01 - CT Camera not operating 
2024-06-24 12:00:01 - Passed Sunrise 
2024-06-24 12:00:01 - CT Camera not operating 
2024-06-24 12:10:01 - Passed Sunrise 
2024-06-24 12:10:01 - CT Camera not operating 
2024-06-24 12:20:01 - Passed Sunrise 
2024-06-24 12:20:01 - CT Camera not operating 
2024-06-24 12:30:02 - Passed Sunrise 
2024-06-24 12:30:02 - CT Camera not operating 
2024-06-24 12:40:01 - Passed Sunrise 
2024-06-24 12:40:01 - CT Camera not operating 
2024-06-24 12:50:01 - Passed Sunrise 
2024-06-24 12:50:01 - CT Camera not operating 
2024-06-24 13:00:01 - Passed Sunrise 
2024-06-24 13:00:01 - CT Camera not operating 
2024-06-24 13:10:01 - Passed Sunrise 
2024-06-24 13:10:01 - CT Camera not operating 
2024-06-24 13:20:01 - Passed Sunrise 
2024-06-24 13:20:01 - CT Camera not operating 
2024-06-24 13:30:02 - Passed Sunrise 
2024-06-24 13:30:02 - CT Camera not operating 
2024-06-24 13:40:01 - Passed Sunrise 
2024-06-24 13:40:01 - CT Camera not operating 
2024-06-24 13:50:01 - Passed Sunrise 
2024-06-24 13:50:01 - CT Camera not operating 
2024-06-24 14:00:01 - Passed Sunrise 
2024-06-24 14:00:01 - CT Camera not operating 
2024-06-24 14:10:01 - Passed Sunrise 
2024-06-24 14:10:01 - CT Camera not operating 
2024-06-24 14:20:01 - Passed Sunrise 
2024-06-24 14:20:01 - CT Camera not operating 
2024-06-24 14:30:01 - Passed Sunrise 
2024-06-24 14:30:01 - CT Camera not operating 
2024-06-24 14:40:01 - Passed Sunrise 
2024-06-24 14:40:01 - CT Camera not operating 
2024-06-24 14:50:01 - Passed Sunrise 
2024-06-24 14:50:01 - CT Camera not operating 
2024-06-24 15:00:01 - Passed Sunrise 
2024-06-24 15:00:01 - CT Camera not operating 
2024-06-24 15:10:01 - Passed Sunrise 
2024-06-24 15:10:01 - CT Camera not operating 
2024-06-24 15:20:02 - Passed Sunrise 
2024-06-24 15:20:02 - CT Camera not operating 
2024-06-24 15:30:01 - Passed Sunrise 
2024-06-24 15:30:01 - CT Camera not operating 
2024-06-24 15:40:01 - Passed Sunrise 
2024-06-24 15:40:01 - CT Camera not operating 
2024-06-24 15:50:01 - Passed Sunrise 
2024-06-24 15:50:01 - CT Camera not operating 
2024-06-24 16:00:01 - Passed Sunrise 
2024-06-24 16:00:01 - CT Camera not operating 
2024-06-24 16:10:01 - Passed Sunrise 
2024-06-24 16:10:01 - CT Camera not operating 
2024-06-24 16:20:01 - Passed Sunrise 
2024-06-24 16:20:01 - CT Camera not operating 
2024-06-24 16:30:01 - Passed Sunrise 
2024-06-24 16:30:01 - CT Camera not operating 
2024-06-24 16:40:01 - Passed Sunrise 
2024-06-24 16:40:01 - CT Camera not operating 
2024-06-24 16:50:01 - Passed Sunrise 
2024-06-24 16:50:01 - CT Camera not operating 
2024-06-24 20:01:02 - Added sunrise_time: 2024-06-25 11:10:45 
2024-06-25 10:00:01 - Before Sunrise 
2024-06-25 10:10:01 - Before Sunrise 
2024-06-25 10:20:01 - Before Sunrise 
2024-06-25 10:30:01 - Before Sunrise 
2024-06-25 10:40:01 - Before Sunrise 
2024-06-25 10:50:01 - Before Sunrise 
2024-06-25 11:00:01 - Before Sunrise 
2024-06-25 11:10:01 - Before Sunrise 
2024-06-25 11:20:01 - Passed Sunrise 
2024-06-25 11:20:01 - CT Camera not operating 
2024-06-25 11:30:01 - Passed Sunrise 
2024-06-25 11:30:01 - CT Camera not operating 
2024-06-25 11:40:02 - Passed Sunrise 
2024-06-25 11:40:02 - CT Camera not operating 
2024-06-25 11:50:01 - Passed Sunrise 
2024-06-25 11:50:01 - CT Camera not operating 
2024-06-25 12:00:01 - Passed Sunrise 
2024-06-25 12:00:01 - CT Camera not operating 
2024-06-25 12:10:01 - Passed Sunrise 
2024-06-25 12:10:01 - CT Camera not operating 
2024-06-25 12:20:01 - Passed Sunrise 
2024-06-25 12:20:01 - CT Camera not operating 
2024-06-25 12:30:01 - Passed Sunrise 
2024-06-25 12:30:01 - CT Camera not operating 
2024-06-25 12:40:02 - Passed Sunrise 
2024-06-25 12:40:02 - CT Camera not operating 
2024-06-25 12:50:01 - Passed Sunrise 
2024-06-25 12:50:01 - CT Camera not operating 
2024-06-25 13:00:01 - Passed Sunrise 
2024-06-25 13:00:01 - CT Camera not operating 
2024-06-25 13:10:01 - Passed Sunrise 
2024-06-25 13:10:01 - CT Camera not operating 
2024-06-25 13:20:01 - Passed Sunrise 
2024-06-25 13:20:01 - CT Camera not operating 
2024-06-25 13:30:01 - Passed Sunrise 
2024-06-25 13:30:01 - CT Camera not operating 
2024-06-25 13:40:02 - Passed Sunrise 
2024-06-25 13:40:02 - CT Camera not operating 
2024-06-25 13:50:01 - Passed Sunrise 
2024-06-25 13:50:01 - CT Camera not operating 
2024-06-25 14:00:01 - Passed Sunrise 
2024-06-25 14:00:01 - CT Camera not operating 
2024-06-25 14:10:01 - Passed Sunrise 
2024-06-25 14:10:01 - CT Camera not operating 
2024-06-25 14:20:01 - Passed Sunrise 
2024-06-25 14:20:01 - CT Camera not operating 
2024-06-25 14:30:01 - Passed Sunrise 
2024-06-25 14:30:01 - CT Camera not operating 
2024-06-25 14:40:01 - Passed Sunrise 
2024-06-25 14:40:01 - CT Camera not operating 
2024-06-25 14:50:01 - Passed Sunrise 
2024-06-25 14:50:01 - CT Camera not operating 
2024-06-25 15:00:01 - Passed Sunrise 
2024-06-25 15:00:01 - CT Camera not operating 
2024-06-25 15:10:01 - Passed Sunrise 
2024-06-25 15:10:01 - CT Camera not operating 
2024-06-25 15:20:01 - Passed Sunrise 
2024-06-25 15:20:01 - CT Camera not operating 
2024-06-25 15:30:01 - Passed Sunrise 
2024-06-25 15:30:01 - CT Camera not operating 
2024-06-25 15:40:01 - Passed Sunrise 
2024-06-25 15:40:01 - CT Camera not operating 
2024-06-25 15:50:01 - Passed Sunrise 
2024-06-25 15:50:01 - CT Camera not operating 
2024-06-25 16:00:01 - Passed Sunrise 
2024-06-25 16:00:01 - CT Camera not operating 
2024-06-25 16:10:01 - Passed Sunrise 
2024-06-25 16:10:01 - CT Camera not operating 
2024-06-25 16:20:01 - Passed Sunrise 
2024-06-25 16:20:01 - CT Camera not operating 
2024-06-25 16:30:01 - Passed Sunrise 
2024-06-25 16:30:01 - CT Camera not operating 
2024-06-25 16:40:01 - Passed Sunrise 
2024-06-25 16:40:01 - CT Camera not operating 
2024-06-25 16:50:01 - Passed Sunrise 
2024-06-25 16:50:01 - CT Camera not operating 
2024-06-25 20:01:01 - Added sunrise_time: 2024-06-26 11:11:08 
2024-06-26 10:00:01 - Before Sunrise 
2024-06-26 10:10:01 - Before Sunrise 
2024-06-26 10:20:01 - Before Sunrise 
2024-06-26 10:30:01 - Before Sunrise 
2024-06-26 10:40:01 - Before Sunrise 
2024-06-26 10:50:01 - Before Sunrise 
2024-06-26 11:00:01 - Before Sunrise 
2024-06-26 11:10:01 - Before Sunrise 
2024-06-26 11:20:01 - Passed Sunrise 
2024-06-26 11:20:01 - CT Camera not operating 
2024-06-26 11:30:01 - Passed Sunrise 
2024-06-26 11:30:01 - CT Camera not operating 
2024-06-26 11:40:01 - Passed Sunrise 
2024-06-26 11:40:01 - CT Camera not operating 
2024-06-26 11:50:01 - Passed Sunrise 
2024-06-26 11:50:01 - CT Camera not operating 
2024-06-26 12:00:01 - Passed Sunrise 
2024-06-26 12:00:01 - CT Camera not operating 
2024-06-26 12:10:01 - Passed Sunrise 
2024-06-26 12:10:01 - CT Camera not operating 
2024-06-26 12:20:01 - Passed Sunrise 
2024-06-26 12:20:01 - CT Camera not operating 
2024-06-26 12:30:02 - Passed Sunrise 
2024-06-26 12:30:02 - CT Camera not operating 
2024-06-26 12:40:01 - Passed Sunrise 
2024-06-26 12:40:01 - CT Camera not operating 
2024-06-26 12:50:01 - Passed Sunrise 
2024-06-26 12:50:01 - CT Camera not operating 
2024-06-26 13:00:01 - Passed Sunrise 
2024-06-26 13:00:01 - CT Camera not operating 
2024-06-26 13:10:01 - Passed Sunrise 
2024-06-26 13:10:01 - CT Camera not operating 
2024-06-26 13:20:01 - Passed Sunrise 
2024-06-26 13:20:01 - CT Camera not operating 
2024-06-26 13:30:02 - Passed Sunrise 
2024-06-26 13:30:02 - CT Camera not operating 
2024-06-26 13:40:01 - Passed Sunrise 
2024-06-26 13:40:01 - CT Camera not operating 
2024-06-26 13:50:01 - Passed Sunrise 
2024-06-26 13:50:01 - CT Camera not operating 
2024-06-26 14:00:01 - Passed Sunrise 
2024-06-26 14:00:01 - CT Camera not operating 
2024-06-26 14:10:01 - Passed Sunrise 
2024-06-26 14:10:01 - CT Camera not operating 
2024-06-26 14:20:01 - Passed Sunrise 
2024-06-26 14:20:01 - CT Camera not operating 
2024-06-26 14:30:02 - Passed Sunrise 
2024-06-26 14:30:02 - CT Camera not operating 
2024-06-26 14:40:01 - Passed Sunrise 
2024-06-26 14:40:01 - CT Camera not operating 
2024-06-26 14:50:01 - Passed Sunrise 
2024-06-26 14:50:01 - CT Camera not operating 
2024-06-26 15:00:01 - Passed Sunrise 
2024-06-26 15:00:01 - CT Camera not operating 
2024-06-26 15:10:01 - Passed Sunrise 
2024-06-26 15:10:01 - CT Camera not operating 
2024-06-26 15:20:02 - Passed Sunrise 
2024-06-26 15:20:02 - CT Camera not operating 
2024-06-26 15:30:01 - Passed Sunrise 
2024-06-26 15:30:01 - CT Camera not operating 
2024-06-26 15:40:01 - Passed Sunrise 
2024-06-26 15:40:01 - CT Camera not operating 
2024-06-26 15:50:01 - Passed Sunrise 
2024-06-26 15:50:01 - CT Camera not operating 
2024-06-26 16:00:01 - Passed Sunrise 
2024-06-26 16:00:01 - CT Camera not operating 
2024-06-26 16:10:01 - Passed Sunrise 
2024-06-26 16:10:01 - CT Camera not operating 
2024-06-26 16:20:01 - Passed Sunrise 
2024-06-26 16:20:01 - CT Camera not operating 
2024-06-26 16:30:01 - Passed Sunrise 
2024-06-26 16:30:01 - CT Camera not operating 
2024-06-26 16:40:01 - Passed Sunrise 
2024-06-26 16:40:01 - CT Camera not operating 
2024-06-26 16:50:01 - Passed Sunrise 
2024-06-26 16:50:01 - CT Camera not operating 
2024-06-26 20:01:02 - Added sunrise_time: 2024-06-27 11:11:34 
2024-06-27 10:00:01 - Before Sunrise 
2024-06-27 10:10:01 - Before Sunrise 
2024-06-27 10:20:01 - Before Sunrise 
2024-06-27 10:30:01 - Before Sunrise 
2024-06-27 10:40:01 - Before Sunrise 
2024-06-27 10:50:01 - Before Sunrise 
2024-06-27 11:00:01 - Before Sunrise 
2024-06-27 11:10:01 - Before Sunrise 
2024-06-27 11:20:01 - Passed Sunrise 
2024-06-27 11:20:01 - CT Camera not operating 
2024-06-27 11:30:01 - Passed Sunrise 
2024-06-27 11:30:01 - CT Camera not operating 
2024-06-27 11:40:01 - Passed Sunrise 
2024-06-27 11:40:01 - CT Camera not operating 
2024-06-27 11:50:01 - Passed Sunrise 
2024-06-27 11:50:01 - CT Camera not operating 
2024-06-27 12:00:01 - Passed Sunrise 
2024-06-27 12:00:01 - CT Camera not operating 
2024-06-27 12:10:01 - Passed Sunrise 
2024-06-27 12:10:01 - CT Camera not operating 
2024-06-27 12:20:01 - Passed Sunrise 
2024-06-27 12:20:01 - CT Camera not operating 
2024-06-27 12:30:01 - Passed Sunrise 
2024-06-27 12:30:01 - CT Camera not operating 
2024-06-27 12:40:01 - Passed Sunrise 
2024-06-27 12:40:01 - CT Camera not operating 
2024-06-27 12:50:01 - Passed Sunrise 
2024-06-27 12:50:01 - CT Camera not operating 
2024-06-27 13:00:01 - Passed Sunrise 
2024-06-27 13:00:01 - CT Camera not operating 
2024-06-27 13:10:01 - Passed Sunrise 
2024-06-27 13:10:01 - CT Camera not operating 
2024-06-27 13:20:01 - Passed Sunrise 
2024-06-27 13:20:01 - CT Camera not operating 
2024-06-27 13:30:01 - Passed Sunrise 
2024-06-27 13:30:01 - CT Camera not operating 
2024-06-27 13:40:01 - Passed Sunrise 
2024-06-27 13:40:01 - CT Camera not operating 
2024-06-27 13:50:01 - Passed Sunrise 
2024-06-27 13:50:01 - CT Camera not operating 
2024-06-27 14:00:01 - Passed Sunrise 
2024-06-27 14:00:01 - CT Camera not operating 
2024-06-27 14:10:01 - Passed Sunrise 
2024-06-27 14:10:01 - CT Camera not operating 
2024-06-27 14:20:01 - Passed Sunrise 
2024-06-27 14:20:01 - CT Camera not operating 
2024-06-27 14:30:01 - Passed Sunrise 
2024-06-27 14:30:01 - CT Camera not operating 
2024-06-27 14:40:01 - Passed Sunrise 
2024-06-27 14:40:01 - CT Camera not operating 
2024-06-27 14:50:01 - Passed Sunrise 
2024-06-27 14:50:01 - CT Camera not operating 
2024-06-27 15:00:02 - Passed Sunrise 
2024-06-27 15:00:02 - CT Camera not operating 
2024-06-27 15:10:01 - Passed Sunrise 
2024-06-27 15:10:01 - CT Camera not operating 
2024-06-27 15:20:01 - Passed Sunrise 
2024-06-27 15:20:01 - CT Camera not operating 
2024-06-27 15:30:01 - Passed Sunrise 
2024-06-27 15:30:01 - CT Camera not operating 
2024-06-27 15:40:01 - Passed Sunrise 
2024-06-27 15:40:01 - CT Camera not operating 
2024-06-27 15:50:01 - Passed Sunrise 
2024-06-27 15:50:01 - CT Camera not operating 
2024-06-27 16:00:01 - Passed Sunrise 
2024-06-27 16:00:01 - CT Camera not operating 
2024-06-27 16:10:01 - Passed Sunrise 
2024-06-27 16:10:01 - CT Camera not operating 
2024-06-27 16:20:01 - Passed Sunrise 
2024-06-27 16:20:01 - CT Camera not operating 
2024-06-27 16:30:01 - Passed Sunrise 
2024-06-27 16:30:01 - CT Camera not operating 
2024-06-27 16:40:01 - Passed Sunrise 
2024-06-27 16:40:01 - CT Camera not operating 
2024-06-27 16:50:01 - Passed Sunrise 
2024-06-27 16:50:01 - CT Camera not operating 
2024-06-27 20:01:01 - Added sunrise_time: 2024-06-28 11:12:01 
2024-06-28 10:00:01 - Before Sunrise 
2024-06-28 10:10:01 - Before Sunrise 
2024-06-28 10:20:01 - Before Sunrise 
2024-06-28 10:30:01 - Before Sunrise 
2024-06-28 10:40:01 - Before Sunrise 
2024-06-28 10:50:01 - Before Sunrise 
2024-06-28 11:00:01 - Before Sunrise 
2024-06-28 11:10:01 - Before Sunrise 
2024-06-28 11:20:01 - Passed Sunrise 
2024-06-28 11:20:01 - CT Camera not operating 
2024-06-28 11:30:01 - Passed Sunrise 
2024-06-28 11:30:01 - CT Camera not operating 
2024-06-28 11:40:01 - Passed Sunrise 
2024-06-28 11:40:01 - CT Camera not operating 
2024-06-28 11:50:01 - Passed Sunrise 
2024-06-28 11:50:01 - CT Camera not operating 
2024-06-28 12:00:01 - Passed Sunrise 
2024-06-28 12:00:01 - CT Camera not operating 
2024-06-28 12:10:01 - Passed Sunrise 
2024-06-28 12:10:01 - CT Camera not operating 
2024-06-28 12:20:01 - Passed Sunrise 
2024-06-28 12:20:01 - CT Camera not operating 
2024-06-28 12:30:01 - Passed Sunrise 
2024-06-28 12:30:01 - CT Camera not operating 
2024-06-28 12:40:01 - Passed Sunrise 
2024-06-28 12:40:01 - CT Camera not operating 
2024-06-28 12:50:01 - Passed Sunrise 
2024-06-28 12:50:01 - CT Camera not operating 
2024-06-28 13:00:01 - Passed Sunrise 
2024-06-28 13:00:01 - CT Camera not operating 
2024-06-28 13:10:01 - Passed Sunrise 
2024-06-28 13:10:01 - CT Camera not operating 
2024-06-28 13:20:01 - Passed Sunrise 
2024-06-28 13:20:01 - CT Camera not operating 
2024-06-28 13:30:01 - Passed Sunrise 
2024-06-28 13:30:01 - CT Camera not operating 
2024-06-28 13:40:02 - Passed Sunrise 
2024-06-28 13:40:02 - CT Camera not operating 
2024-06-28 13:50:01 - Passed Sunrise 
2024-06-28 13:50:01 - CT Camera not operating 
2024-06-28 14:00:01 - Passed Sunrise 
2024-06-28 14:00:01 - CT Camera not operating 
2024-06-28 14:10:01 - Passed Sunrise 
2024-06-28 14:10:01 - CT Camera not operating 
2024-06-28 14:20:01 - Passed Sunrise 
2024-06-28 14:20:01 - CT Camera not operating 
2024-06-28 14:30:01 - Passed Sunrise 
2024-06-28 14:30:01 - CT Camera not operating 
2024-06-28 14:40:02 - Passed Sunrise 
2024-06-28 14:40:02 - CT Camera not operating 
2024-06-28 14:50:01 - Passed Sunrise 
2024-06-28 14:50:01 - CT Camera not operating 
2024-06-28 15:00:01 - Passed Sunrise 
2024-06-28 15:00:01 - CT Camera not operating 
2024-06-28 15:10:01 - Passed Sunrise 
2024-06-28 15:10:01 - CT Camera not operating 
2024-06-28 15:20:01 - Passed Sunrise 
2024-06-28 15:20:01 - CT Camera not operating 
2024-06-28 15:30:01 - Passed Sunrise 
2024-06-28 15:30:01 - CT Camera not operating 
2024-06-28 15:40:01 - Passed Sunrise 
2024-06-28 15:40:01 - CT Camera not operating 
2024-06-28 15:50:01 - Passed Sunrise 
2024-06-28 15:50:01 - CT Camera not operating 
2024-06-28 16:00:01 - Passed Sunrise 
2024-06-28 16:00:01 - CT Camera not operating 
2024-06-28 16:10:01 - Passed Sunrise 
2024-06-28 16:10:01 - CT Camera not operating 
2024-06-28 16:20:01 - Passed Sunrise 
2024-06-28 16:20:01 - CT Camera not operating 
2024-06-28 16:30:02 - Passed Sunrise 
2024-06-28 16:30:02 - CT Camera not operating 
2024-06-28 16:40:01 - Passed Sunrise 
2024-06-28 16:40:01 - CT Camera not operating 
2024-06-28 16:50:01 - Passed Sunrise 
2024-06-28 16:50:01 - CT Camera not operating 
2024-06-28 20:01:01 - Added sunrise_time: 2024-06-29 11:12:31 
2024-06-29 10:00:01 - Before Sunrise 
2024-06-29 10:10:01 - Before Sunrise 
2024-06-29 10:20:02 - Before Sunrise 
2024-06-29 10:30:01 - Before Sunrise 
2024-06-29 10:40:01 - Before Sunrise 
2024-06-29 10:50:01 - Before Sunrise 
2024-06-29 11:00:01 - Before Sunrise 
2024-06-29 11:10:01 - Before Sunrise 
2024-06-29 11:20:01 - Passed Sunrise 
2024-06-29 11:20:01 - CT Camera not operating 
2024-06-29 11:30:01 - Passed Sunrise 
2024-06-29 11:30:01 - CT Camera not operating 
2024-06-29 11:40:01 - Passed Sunrise 
2024-06-29 11:40:01 - CT Camera not operating 
2024-06-29 11:50:01 - Passed Sunrise 
2024-06-29 11:50:01 - CT Camera not operating 
2024-06-29 12:00:01 - Passed Sunrise 
2024-06-29 12:00:01 - CT Camera not operating 
2024-06-29 12:10:01 - Passed Sunrise 
2024-06-29 12:10:01 - CT Camera not operating 
2024-06-29 12:20:01 - Passed Sunrise 
2024-06-29 12:20:01 - CT Camera not operating 
2024-06-29 12:30:01 - Passed Sunrise 
2024-06-29 12:30:01 - CT Camera not operating 
2024-06-29 12:40:01 - Passed Sunrise 
2024-06-29 12:40:01 - CT Camera not operating 
2024-06-29 12:50:01 - Passed Sunrise 
2024-06-29 12:50:01 - CT Camera not operating 
2024-06-29 13:00:01 - Passed Sunrise 
2024-06-29 13:00:01 - CT Camera not operating 
2024-06-29 13:10:01 - Passed Sunrise 
2024-06-29 13:10:01 - CT Camera not operating 
2024-06-29 13:20:01 - Passed Sunrise 
2024-06-29 13:20:01 - CT Camera not operating 
2024-06-29 13:30:01 - Passed Sunrise 
2024-06-29 13:30:01 - CT Camera not operating 
2024-06-29 13:40:01 - Passed Sunrise 
2024-06-29 13:40:01 - CT Camera not operating 
2024-06-29 13:50:01 - Passed Sunrise 
2024-06-29 13:50:01 - CT Camera not operating 
2024-06-29 14:00:01 - Passed Sunrise 
2024-06-29 14:00:01 - CT Camera not operating 
2024-06-29 14:10:01 - Passed Sunrise 
2024-06-29 14:10:01 - CT Camera not operating 
2024-06-29 14:20:01 - Passed Sunrise 
2024-06-29 14:20:01 - CT Camera not operating 
2024-06-29 14:30:01 - Passed Sunrise 
2024-06-29 14:30:01 - CT Camera not operating 
2024-06-29 14:40:01 - Passed Sunrise 
2024-06-29 14:40:01 - CT Camera not operating 
2024-06-29 14:50:01 - Passed Sunrise 
2024-06-29 14:50:01 - CT Camera not operating 
2024-06-29 15:00:01 - Passed Sunrise 
2024-06-29 15:00:01 - CT Camera not operating 
2024-06-29 15:10:01 - Passed Sunrise 
2024-06-29 15:10:01 - CT Camera not operating 
2024-06-29 15:20:01 - Passed Sunrise 
2024-06-29 15:20:01 - CT Camera not operating 
2024-06-29 15:30:01 - Passed Sunrise 
2024-06-29 15:30:01 - CT Camera not operating 
2024-06-29 15:40:01 - Passed Sunrise 
2024-06-29 15:40:01 - CT Camera not operating 
2024-06-29 15:50:01 - Passed Sunrise 
2024-06-29 15:50:01 - CT Camera not operating 
2024-06-29 16:00:01 - Passed Sunrise 
2024-06-29 16:00:01 - CT Camera not operating 
2024-06-29 16:10:01 - Passed Sunrise 
2024-06-29 16:10:01 - CT Camera not operating 
2024-06-29 16:20:01 - Passed Sunrise 
2024-06-29 16:20:01 - CT Camera not operating 
2024-06-29 16:30:01 - Passed Sunrise 
2024-06-29 16:30:01 - CT Camera not operating 
2024-06-29 16:40:01 - Passed Sunrise 
2024-06-29 16:40:01 - CT Camera not operating 
2024-06-29 16:50:01 - Passed Sunrise 
2024-06-29 16:50:01 - CT Camera not operating 
2024-06-29 20:01:01 - Added sunrise_time: 2024-06-30 11:13:02 
2024-06-30 10:00:01 - Before Sunrise 
2024-06-30 10:10:01 - Before Sunrise 
2024-06-30 10:20:01 - Before Sunrise 
2024-06-30 10:30:01 - Before Sunrise 
2024-06-30 10:40:01 - Before Sunrise 
2024-06-30 10:50:01 - Before Sunrise 
2024-06-30 11:00:01 - Before Sunrise 
2024-06-30 11:10:01 - Before Sunrise 
2024-06-30 11:20:01 - Passed Sunrise 
2024-06-30 11:20:01 - CT Camera not operating 
2024-06-30 11:30:01 - Passed Sunrise 
2024-06-30 11:30:01 - CT Camera not operating 
2024-06-30 11:40:01 - Passed Sunrise 
2024-06-30 11:40:01 - CT Camera not operating 
2024-06-30 11:50:01 - Passed Sunrise 
2024-06-30 11:50:01 - CT Camera not operating 
2024-06-30 12:00:01 - Passed Sunrise 
2024-06-30 12:00:01 - CT Camera not operating 
2024-06-30 12:10:02 - Passed Sunrise 
2024-06-30 12:10:02 - CT Camera not operating 
2024-06-30 12:20:01 - Passed Sunrise 
2024-06-30 12:20:01 - CT Camera not operating 
2024-06-30 12:30:01 - Passed Sunrise 
2024-06-30 12:30:01 - CT Camera not operating 
2024-06-30 12:40:01 - Passed Sunrise 
2024-06-30 12:40:01 - CT Camera not operating 
2024-06-30 12:50:01 - Passed Sunrise 
2024-06-30 12:50:01 - CT Camera not operating 
2024-06-30 13:00:01 - Passed Sunrise 
2024-06-30 13:00:01 - CT Camera not operating 
2024-06-30 13:10:02 - Passed Sunrise 
2024-06-30 13:10:02 - CT Camera not operating 
2024-06-30 13:20:01 - Passed Sunrise 
2024-06-30 13:20:01 - CT Camera not operating 
2024-06-30 13:30:01 - Passed Sunrise 
2024-06-30 13:30:01 - CT Camera not operating 
2024-06-30 13:40:01 - Passed Sunrise 
2024-06-30 13:40:01 - CT Camera not operating 
2024-06-30 13:50:01 - Passed Sunrise 
2024-06-30 13:50:01 - CT Camera not operating 
2024-06-30 14:00:01 - Passed Sunrise 
2024-06-30 14:00:01 - CT Camera not operating 
2024-06-30 14:10:01 - Passed Sunrise 
2024-06-30 14:10:01 - CT Camera not operating 
2024-06-30 14:20:01 - Passed Sunrise 
2024-06-30 14:20:01 - CT Camera not operating 
2024-06-30 14:30:01 - Passed Sunrise 
2024-06-30 14:30:01 - CT Camera not operating 
2024-06-30 14:40:01 - Passed Sunrise 
2024-06-30 14:40:01 - CT Camera not operating 
2024-06-30 14:50:01 - Passed Sunrise 
2024-06-30 14:50:01 - CT Camera not operating 
2024-06-30 15:00:01 - Passed Sunrise 
2024-06-30 15:00:01 - CT Camera not operating 
2024-06-30 15:10:01 - Passed Sunrise 
2024-06-30 15:10:01 - CT Camera not operating 
2024-06-30 15:20:01 - Passed Sunrise 
2024-06-30 15:20:01 - CT Camera not operating 
2024-06-30 15:30:01 - Passed Sunrise 
2024-06-30 15:30:01 - CT Camera not operating 
2024-06-30 15:40:01 - Passed Sunrise 
2024-06-30 15:40:01 - CT Camera not operating 
2024-06-30 15:50:01 - Passed Sunrise 
2024-06-30 15:50:01 - CT Camera not operating 
2024-06-30 16:00:01 - Passed Sunrise 
2024-06-30 16:00:01 - CT Camera not operating 
2024-06-30 16:10:01 - Passed Sunrise 
2024-06-30 16:10:01 - CT Camera not operating 
2024-06-30 16:20:01 - Passed Sunrise 
2024-06-30 16:20:01 - CT Camera not operating 
2024-06-30 16:30:01 - Passed Sunrise 
2024-06-30 16:30:01 - CT Camera not operating 
2024-06-30 16:40:01 - Passed Sunrise 
2024-06-30 16:40:01 - CT Camera not operating 
2024-06-30 16:50:01 - Passed Sunrise 
2024-06-30 16:50:01 - CT Camera not operating 
2024-06-30 20:01:01 - Added sunrise_time: 2024-07-01 11:13:35 
2024-07-01 10:00:02 - Before Sunrise 
2024-07-01 10:10:01 - Before Sunrise 
2024-07-01 10:20:01 - Before Sunrise 
2024-07-01 10:30:01 - Before Sunrise 
2024-07-01 10:40:01 - Before Sunrise 
2024-07-01 10:50:01 - Before Sunrise 
2024-07-01 11:00:02 - Before Sunrise 
2024-07-01 11:10:01 - Before Sunrise 
2024-07-01 11:20:01 - Passed Sunrise 
2024-07-01 11:20:01 - CT Camera not operating 
2024-07-01 11:30:01 - Passed Sunrise 
2024-07-01 11:30:01 - CT Camera not operating 
2024-07-01 11:40:01 - Passed Sunrise 
2024-07-01 11:40:01 - CT Camera not operating 
2024-07-01 11:50:01 - Passed Sunrise 
2024-07-01 11:50:01 - CT Camera not operating 
2024-07-01 12:00:02 - Passed Sunrise 
2024-07-01 12:00:02 - CT Camera not operating 
2024-07-01 12:10:01 - Passed Sunrise 
2024-07-01 12:10:01 - CT Camera not operating 
2024-07-01 12:20:01 - Passed Sunrise 
2024-07-01 12:20:01 - CT Camera not operating 
2024-07-01 12:30:01 - Passed Sunrise 
2024-07-01 12:30:01 - CT Camera not operating 
2024-07-01 12:40:01 - Passed Sunrise 
2024-07-01 12:40:01 - CT Camera not operating 
2024-07-01 12:50:01 - Passed Sunrise 
2024-07-01 12:50:01 - CT Camera not operating 
2024-07-01 13:00:01 - Passed Sunrise 
2024-07-01 13:00:01 - CT Camera not operating 
2024-07-01 13:10:01 - Passed Sunrise 
2024-07-01 13:10:01 - CT Camera not operating 
2024-07-01 13:20:01 - Passed Sunrise 
2024-07-01 13:20:01 - CT Camera not operating 
2024-07-01 13:30:01 - Passed Sunrise 
2024-07-01 13:30:01 - CT Camera not operating 
2024-07-01 13:40:01 - Passed Sunrise 
2024-07-01 13:40:01 - CT Camera not operating 
2024-07-01 13:50:02 - Passed Sunrise 
2024-07-01 13:50:02 - CT Camera not operating 
2024-07-01 14:00:01 - Passed Sunrise 
2024-07-01 14:00:01 - CT Camera not operating 
2024-07-01 14:10:01 - Passed Sunrise 
2024-07-01 14:10:01 - CT Camera not operating 
2024-07-01 14:20:01 - Passed Sunrise 
2024-07-01 14:20:01 - CT Camera not operating 
2024-07-01 14:30:01 - Passed Sunrise 
2024-07-01 14:30:01 - CT Camera not operating 
2024-07-01 14:40:01 - Passed Sunrise 
2024-07-01 14:40:01 - CT Camera not operating 
2024-07-01 14:50:01 - Passed Sunrise 
2024-07-01 14:50:01 - CT Camera not operating 
2024-07-01 15:00:01 - Passed Sunrise 
2024-07-01 15:00:01 - CT Camera not operating 
2024-07-01 15:10:01 - Passed Sunrise 
2024-07-01 15:10:01 - CT Camera not operating 
2024-07-01 15:20:01 - Passed Sunrise 
2024-07-01 15:20:01 - CT Camera not operating 
2024-07-01 15:30:01 - Passed Sunrise 
2024-07-01 15:30:01 - CT Camera not operating 
2024-07-01 15:40:01 - Passed Sunrise 
2024-07-01 15:40:01 - CT Camera not operating 
2024-07-01 15:50:01 - Passed Sunrise 
2024-07-01 15:50:01 - CT Camera not operating 
2024-07-01 16:00:01 - Passed Sunrise 
2024-07-01 16:00:01 - CT Camera not operating 
2024-07-01 16:10:01 - Passed Sunrise 
2024-07-01 16:10:01 - CT Camera not operating 
2024-07-01 16:20:01 - Passed Sunrise 
2024-07-01 16:20:01 - CT Camera not operating 
2024-07-01 16:30:01 - Passed Sunrise 
2024-07-01 16:30:01 - CT Camera not operating 
2024-07-01 16:40:02 - Passed Sunrise 
2024-07-01 16:40:02 - CT Camera not operating 
2024-07-01 16:50:01 - Passed Sunrise 
2024-07-01 16:50:01 - CT Camera not operating 
2024-07-01 20:01:01 - Added sunrise_time: 2024-07-02 11:14:09 
2024-07-02 10:00:01 - Before Sunrise 
2024-07-02 10:10:02 - Before Sunrise 
2024-07-02 10:20:01 - Before Sunrise 
2024-07-02 10:30:01 - Before Sunrise 
2024-07-02 10:40:01 - Before Sunrise 
2024-07-02 10:50:01 - Before Sunrise 
2024-07-02 11:00:01 - Before Sunrise 
2024-07-02 11:10:02 - Before Sunrise 
2024-07-02 11:20:01 - Passed Sunrise 
2024-07-02 11:20:01 - CT Camera not operating 
2024-07-02 11:30:01 - Passed Sunrise 
2024-07-02 11:30:01 - CT Camera not operating 
2024-07-02 11:40:01 - Passed Sunrise 
2024-07-02 11:40:01 - CT Camera not operating 
2024-07-02 11:50:01 - Passed Sunrise 
2024-07-02 11:50:01 - CT Camera not operating 
2024-07-02 12:00:01 - Passed Sunrise 
2024-07-02 12:00:01 - CT Camera not operating 
2024-07-02 12:10:01 - Passed Sunrise 
2024-07-02 12:10:01 - CT Camera not operating 
2024-07-02 12:20:01 - Passed Sunrise 
2024-07-02 12:20:01 - CT Camera not operating 
2024-07-02 12:30:01 - Passed Sunrise 
2024-07-02 12:30:01 - CT Camera not operating 
2024-07-02 12:40:01 - Passed Sunrise 
2024-07-02 12:40:01 - CT Camera not operating 
2024-07-02 12:50:01 - Passed Sunrise 
2024-07-02 12:50:01 - CT Camera not operating 
2024-07-02 13:00:01 - Passed Sunrise 
2024-07-02 13:00:01 - CT Camera not operating 
2024-07-02 13:10:01 - Passed Sunrise 
2024-07-02 13:10:01 - CT Camera not operating 
2024-07-02 13:20:01 - Passed Sunrise 
2024-07-02 13:20:01 - CT Camera not operating 
2024-07-02 13:30:01 - Passed Sunrise 
2024-07-02 13:30:01 - CT Camera not operating 
2024-07-02 13:40:01 - Passed Sunrise 
2024-07-02 13:40:01 - CT Camera not operating 
2024-07-02 13:50:01 - Passed Sunrise 
2024-07-02 13:50:01 - CT Camera not operating 
2024-07-02 14:00:01 - Passed Sunrise 
2024-07-02 14:00:01 - CT Camera not operating 
2024-07-02 14:10:01 - Passed Sunrise 
2024-07-02 14:10:01 - CT Camera not operating 
2024-07-02 14:20:01 - Passed Sunrise 
2024-07-02 14:20:01 - CT Camera not operating 
2024-07-02 14:30:01 - Passed Sunrise 
2024-07-02 14:30:01 - CT Camera not operating 
2024-07-02 14:40:01 - Passed Sunrise 
2024-07-02 14:40:01 - CT Camera not operating 
2024-07-02 14:50:01 - Passed Sunrise 
2024-07-02 14:50:01 - CT Camera not operating 
2024-07-02 15:00:01 - Passed Sunrise 
2024-07-02 15:00:01 - CT Camera not operating 
2024-07-02 15:10:01 - Passed Sunrise 
2024-07-02 15:10:01 - CT Camera not operating 
2024-07-02 15:20:01 - Passed Sunrise 
2024-07-02 15:20:01 - CT Camera not operating 
2024-07-02 15:30:01 - Passed Sunrise 
2024-07-02 15:30:01 - CT Camera not operating 
2024-07-02 15:40:01 - Passed Sunrise 
2024-07-02 15:40:01 - CT Camera not operating 
2024-07-02 15:50:01 - Passed Sunrise 
2024-07-02 15:50:01 - CT Camera not operating 
2024-07-02 16:00:01 - Passed Sunrise 
2024-07-02 16:00:01 - CT Camera not operating 
2024-07-02 16:10:01 - Passed Sunrise 
2024-07-02 16:10:01 - CT Camera not operating 
2024-07-02 16:20:01 - Passed Sunrise 
2024-07-02 16:20:01 - CT Camera not operating 
2024-07-02 16:30:01 - Passed Sunrise 
2024-07-02 16:30:01 - CT Camera not operating 
2024-07-02 16:40:01 - Passed Sunrise 
2024-07-02 16:40:01 - CT Camera not operating 
2024-07-02 16:50:01 - Passed Sunrise 
2024-07-02 16:50:01 - CT Camera not operating 
2024-07-02 20:01:01 - Added sunrise_time: 2024-07-03 11:14:46 
2024-07-03 10:00:01 - Before Sunrise 
2024-07-03 10:10:01 - Before Sunrise 
2024-07-03 10:20:01 - Before Sunrise 
2024-07-03 10:30:01 - Before Sunrise 
2024-07-03 10:40:02 - Before Sunrise 
2024-07-03 10:50:01 - Before Sunrise 
2024-07-03 11:00:01 - Before Sunrise 
2024-07-03 11:10:01 - Before Sunrise 
2024-07-03 11:20:01 - Passed Sunrise 
2024-07-03 11:20:01 - CT Camera not operating 
2024-07-03 11:30:01 - Passed Sunrise 
2024-07-03 11:30:01 - CT Camera not operating 
2024-07-03 11:40:02 - Passed Sunrise 
2024-07-03 11:40:02 - CT Camera not operating 
2024-07-03 11:50:01 - Passed Sunrise 
2024-07-03 11:50:01 - CT Camera not operating 
2024-07-03 12:00:01 - Passed Sunrise 
2024-07-03 12:00:01 - CT Camera not operating 
2024-07-03 12:10:01 - Passed Sunrise 
2024-07-03 12:10:01 - CT Camera not operating 
2024-07-03 12:20:01 - Passed Sunrise 
2024-07-03 12:20:01 - CT Camera not operating 
2024-07-03 12:30:01 - Passed Sunrise 
2024-07-03 12:30:01 - CT Camera not operating 
2024-07-03 12:40:01 - Passed Sunrise 
2024-07-03 12:40:01 - CT Camera not operating 
2024-07-03 12:50:01 - Passed Sunrise 
2024-07-03 12:50:01 - CT Camera not operating 
2024-07-03 13:00:01 - Passed Sunrise 
2024-07-03 13:00:01 - CT Camera not operating 
2024-07-03 13:10:01 - Passed Sunrise 
2024-07-03 13:10:01 - CT Camera not operating 
2024-07-03 13:20:01 - Passed Sunrise 
2024-07-03 13:20:01 - CT Camera not operating 
2024-07-03 13:30:01 - Passed Sunrise 
2024-07-03 13:30:01 - CT Camera not operating 
2024-07-03 13:40:01 - Passed Sunrise 
2024-07-03 13:40:01 - CT Camera not operating 
2024-07-03 13:50:01 - Passed Sunrise 
2024-07-03 13:50:01 - CT Camera not operating 
2024-07-03 14:00:01 - Passed Sunrise 
2024-07-03 14:00:01 - CT Camera not operating 
2024-07-03 14:10:01 - Passed Sunrise 
2024-07-03 14:10:01 - CT Camera not operating 
2024-07-03 14:20:01 - Passed Sunrise 
2024-07-03 14:20:01 - CT Camera not operating 
2024-07-03 14:30:01 - Passed Sunrise 
2024-07-03 14:30:01 - CT Camera not operating 
2024-07-03 14:40:01 - Passed Sunrise 
2024-07-03 14:40:01 - CT Camera not operating 
2024-07-03 14:50:01 - Passed Sunrise 
2024-07-03 14:50:01 - CT Camera not operating 
2024-07-03 15:00:01 - Passed Sunrise 
2024-07-03 15:00:01 - CT Camera not operating 
2024-07-03 15:10:01 - Passed Sunrise 
2024-07-03 15:10:01 - CT Camera not operating 
2024-07-03 15:20:01 - Passed Sunrise 
2024-07-03 15:20:01 - CT Camera not operating 
2024-07-03 15:30:01 - Passed Sunrise 
2024-07-03 15:30:01 - CT Camera not operating 
2024-07-03 15:40:01 - Passed Sunrise 
2024-07-03 15:40:01 - CT Camera not operating 
2024-07-03 15:50:01 - Passed Sunrise 
2024-07-03 15:50:01 - CT Camera not operating 
2024-07-03 16:00:01 - Passed Sunrise 
2024-07-03 16:00:01 - CT Camera not operating 
2024-07-03 16:10:01 - Passed Sunrise 
2024-07-03 16:10:01 - CT Camera not operating 
2024-07-03 16:20:02 - Passed Sunrise 
2024-07-03 16:20:02 - CT Camera not operating 
2024-07-03 16:30:01 - Passed Sunrise 
2024-07-03 16:30:01 - CT Camera not operating 
2024-07-03 16:40:01 - Passed Sunrise 
2024-07-03 16:40:01 - CT Camera not operating 
2024-07-03 16:50:01 - Passed Sunrise 
2024-07-03 16:50:01 - CT Camera not operating 
2024-07-03 20:01:01 - Added sunrise_time: 2024-07-04 11:15:24 
2024-07-04 10:00:01 - Before Sunrise 
2024-07-04 10:10:01 - Before Sunrise 
2024-07-04 10:20:01 - Before Sunrise 
2024-07-04 10:30:01 - Before Sunrise 
2024-07-04 10:40:01 - Before Sunrise 
2024-07-04 10:50:01 - Before Sunrise 
2024-07-04 11:00:01 - Before Sunrise 
2024-07-04 11:10:01 - Before Sunrise 
2024-07-04 11:20:01 - Passed Sunrise 
2024-07-04 11:20:01 - CT Camera not operating 
2024-07-04 11:30:01 - Passed Sunrise 
2024-07-04 11:30:01 - CT Camera not operating 
2024-07-04 11:40:01 - Passed Sunrise 
2024-07-04 11:40:01 - CT Camera not operating 
2024-07-04 11:50:01 - Passed Sunrise 
2024-07-04 11:50:01 - CT Camera not operating 
2024-07-04 12:00:01 - Passed Sunrise 
2024-07-04 12:00:01 - CT Camera not operating 
2024-07-04 12:10:01 - Passed Sunrise 
2024-07-04 12:10:01 - CT Camera not operating 
2024-07-04 12:20:01 - Passed Sunrise 
2024-07-04 12:20:01 - CT Camera not operating 
2024-07-04 12:30:01 - Passed Sunrise 
2024-07-04 12:30:01 - CT Camera not operating 
2024-07-04 12:40:01 - Passed Sunrise 
2024-07-04 12:40:01 - CT Camera not operating 
2024-07-04 12:50:01 - Passed Sunrise 
2024-07-04 12:50:01 - CT Camera not operating 
2024-07-04 13:00:01 - Passed Sunrise 
2024-07-04 13:00:01 - CT Camera not operating 
2024-07-04 13:10:01 - Passed Sunrise 
2024-07-04 13:10:01 - CT Camera not operating 
2024-07-04 13:20:01 - Passed Sunrise 
2024-07-04 13:20:01 - CT Camera not operating 
2024-07-04 13:30:01 - Passed Sunrise 
2024-07-04 13:30:01 - CT Camera not operating 
2024-07-04 13:40:01 - Passed Sunrise 
2024-07-04 13:40:01 - CT Camera not operating 
2024-07-04 13:50:01 - Passed Sunrise 
2024-07-04 13:50:01 - CT Camera not operating 
2024-07-04 14:00:01 - Passed Sunrise 
2024-07-04 14:00:01 - CT Camera not operating 
2024-07-04 14:10:01 - Passed Sunrise 
2024-07-04 14:10:01 - CT Camera not operating 
2024-07-04 14:20:01 - Passed Sunrise 
2024-07-04 14:20:01 - CT Camera not operating 
2024-07-04 14:30:01 - Passed Sunrise 
2024-07-04 14:30:01 - CT Camera not operating 
2024-07-04 14:40:01 - Passed Sunrise 
2024-07-04 14:40:01 - CT Camera not operating 
2024-07-04 14:50:01 - Passed Sunrise 
2024-07-04 14:50:01 - CT Camera not operating 
2024-07-04 15:00:01 - Passed Sunrise 
2024-07-04 15:00:01 - CT Camera not operating 
2024-07-04 15:10:01 - Passed Sunrise 
2024-07-04 15:10:01 - CT Camera not operating 
2024-07-04 15:20:01 - Passed Sunrise 
2024-07-04 15:20:01 - CT Camera not operating 
2024-07-04 15:30:01 - Passed Sunrise 
2024-07-04 15:30:01 - CT Camera not operating 
2024-07-04 15:40:01 - Passed Sunrise 
2024-07-04 15:40:01 - CT Camera not operating 
2024-07-04 15:50:01 - Passed Sunrise 
2024-07-04 15:50:01 - CT Camera not operating 
2024-07-04 16:00:01 - Passed Sunrise 
2024-07-04 16:00:01 - CT Camera not operating 
2024-07-04 16:10:01 - Passed Sunrise 
2024-07-04 16:10:01 - CT Camera not operating 
2024-07-04 16:20:01 - Passed Sunrise 
2024-07-04 16:20:01 - CT Camera not operating 
2024-07-04 16:30:01 - Passed Sunrise 
2024-07-04 16:30:01 - CT Camera not operating 
2024-07-04 16:40:01 - Passed Sunrise 
2024-07-04 16:40:01 - CT Camera not operating 
2024-07-04 16:50:01 - Passed Sunrise 
2024-07-04 16:50:01 - CT Camera not operating 
2024-07-04 20:01:01 - Added sunrise_time: 2024-07-05 11:16:04 
2024-07-05 10:00:01 - Before Sunrise 
2024-07-05 10:10:01 - Before Sunrise 
2024-07-05 10:20:02 - Before Sunrise 
2024-07-05 10:30:01 - Before Sunrise 
2024-07-05 10:40:01 - Before Sunrise 
2024-07-05 10:50:01 - Before Sunrise 
2024-07-05 11:00:01 - Before Sunrise 
2024-07-05 11:10:01 - Before Sunrise 
2024-07-05 11:20:02 - Passed Sunrise 
2024-07-05 11:20:02 - CT Camera not operating 
2024-07-05 11:30:01 - Passed Sunrise 
2024-07-05 11:30:01 - CT Camera not operating 
2024-07-05 11:40:01 - Passed Sunrise 
2024-07-05 11:40:01 - CT Camera not operating 
2024-07-05 11:50:01 - Passed Sunrise 
2024-07-05 11:50:01 - CT Camera not operating 
2024-07-05 12:00:01 - Passed Sunrise 
2024-07-05 12:00:01 - CT Camera not operating 
2024-07-05 12:10:01 - Passed Sunrise 
2024-07-05 12:10:01 - CT Camera not operating 
2024-07-05 12:20:01 - Passed Sunrise 
2024-07-05 12:20:01 - CT Camera not operating 
2024-07-05 12:30:01 - Passed Sunrise 
2024-07-05 12:30:01 - CT Camera not operating 
2024-07-05 12:40:01 - Passed Sunrise 
2024-07-05 12:40:01 - CT Camera not operating 
2024-07-05 12:50:01 - Passed Sunrise 
2024-07-05 12:50:01 - CT Camera not operating 
2024-07-05 13:00:01 - Passed Sunrise 
2024-07-05 13:00:01 - CT Camera not operating 
2024-07-05 13:10:01 - Passed Sunrise 
2024-07-05 13:10:01 - CT Camera not operating 
2024-07-05 13:20:01 - Passed Sunrise 
2024-07-05 13:20:01 - CT Camera not operating 
2024-07-05 13:30:01 - Passed Sunrise 
2024-07-05 13:30:01 - CT Camera not operating 
2024-07-05 13:40:01 - Passed Sunrise 
2024-07-05 13:40:01 - CT Camera not operating 
2024-07-05 13:50:01 - Passed Sunrise 
2024-07-05 13:50:01 - CT Camera not operating 
2024-07-05 14:00:01 - Passed Sunrise 
2024-07-05 14:00:01 - CT Camera not operating 
2024-07-05 14:10:01 - Passed Sunrise 
2024-07-05 14:10:01 - CT Camera not operating 
2024-07-05 14:20:01 - Passed Sunrise 
2024-07-05 14:20:01 - CT Camera not operating 
2024-07-05 14:30:01 - Passed Sunrise 
2024-07-05 14:30:01 - CT Camera not operating 
2024-07-05 14:40:01 - Passed Sunrise 
2024-07-05 14:40:01 - CT Camera not operating 
2024-07-05 14:50:01 - Passed Sunrise 
2024-07-05 14:50:01 - CT Camera not operating 
2024-07-05 15:00:01 - Passed Sunrise 
2024-07-05 15:00:01 - CT Camera not operating 
2024-07-05 15:10:01 - Passed Sunrise 
2024-07-05 15:10:01 - CT Camera not operating 
2024-07-05 15:20:01 - Passed Sunrise 
2024-07-05 15:20:01 - CT Camera not operating 
2024-07-05 15:30:01 - Passed Sunrise 
2024-07-05 15:30:01 - CT Camera not operating 
2024-07-05 15:40:01 - Passed Sunrise 
2024-07-05 15:40:01 - CT Camera not operating 
2024-07-05 15:50:01 - Passed Sunrise 
2024-07-05 15:50:01 - CT Camera not operating 
2024-07-05 16:00:01 - Passed Sunrise 
2024-07-05 16:00:01 - CT Camera not operating 
2024-07-05 16:10:01 - Passed Sunrise 
2024-07-05 16:10:01 - CT Camera not operating 
2024-07-05 16:20:01 - Passed Sunrise 
2024-07-05 16:20:01 - CT Camera not operating 
2024-07-05 16:30:01 - Passed Sunrise 
2024-07-05 16:30:01 - CT Camera not operating 
2024-07-05 16:40:01 - Passed Sunrise 
2024-07-05 16:40:01 - CT Camera not operating 
2024-07-05 16:50:01 - Passed Sunrise 
2024-07-05 16:50:01 - CT Camera not operating 
2024-07-05 20:01:01 - Added sunrise_time: 2024-07-06 11:16:45 
2024-07-06 10:00:01 - Before Sunrise 
2024-07-06 10:10:01 - Before Sunrise 
2024-07-06 10:20:01 - Before Sunrise 
2024-07-06 10:30:01 - Before Sunrise 
2024-07-06 10:40:01 - Before Sunrise 
2024-07-06 10:50:02 - Before Sunrise 
2024-07-06 11:00:01 - Before Sunrise 
2024-07-06 11:10:01 - Before Sunrise 
2024-07-06 11:20:01 - Passed Sunrise 
2024-07-06 11:20:01 - CT Camera not operating 
2024-07-06 11:30:01 - Passed Sunrise 
2024-07-06 11:30:01 - CT Camera not operating 
2024-07-06 11:40:01 - Passed Sunrise 
2024-07-06 11:40:01 - CT Camera not operating 
2024-07-06 11:50:01 - Passed Sunrise 
2024-07-06 11:50:01 - CT Camera not operating 
2024-07-06 12:00:01 - Passed Sunrise 
2024-07-06 12:00:01 - CT Camera not operating 
2024-07-06 12:10:01 - Passed Sunrise 
2024-07-06 12:10:01 - CT Camera not operating 
2024-07-06 12:20:01 - Passed Sunrise 
2024-07-06 12:20:01 - CT Camera not operating 
2024-07-06 12:30:01 - Passed Sunrise 
2024-07-06 12:30:01 - CT Camera not operating 
2024-07-06 12:40:01 - Passed Sunrise 
2024-07-06 12:40:01 - CT Camera not operating 
2024-07-06 12:50:01 - Passed Sunrise 
2024-07-06 12:50:01 - CT Camera not operating 
2024-07-06 13:00:01 - Passed Sunrise 
2024-07-06 13:00:01 - CT Camera not operating 
2024-07-06 13:10:01 - Passed Sunrise 
2024-07-06 13:10:01 - CT Camera not operating 
2024-07-06 13:20:01 - Passed Sunrise 
2024-07-06 13:20:01 - CT Camera not operating 
2024-07-06 13:30:01 - Passed Sunrise 
2024-07-06 13:30:01 - CT Camera not operating 
2024-07-06 13:40:01 - Passed Sunrise 
2024-07-06 13:40:01 - CT Camera not operating 
2024-07-06 13:50:01 - Passed Sunrise 
2024-07-06 13:50:01 - CT Camera not operating 
2024-07-06 14:00:01 - Passed Sunrise 
2024-07-06 14:00:01 - CT Camera not operating 
2024-07-06 14:10:01 - Passed Sunrise 
2024-07-06 14:10:01 - CT Camera not operating 
2024-07-06 14:20:01 - Passed Sunrise 
2024-07-06 14:20:01 - CT Camera not operating 
2024-07-06 14:30:01 - Passed Sunrise 
2024-07-06 14:30:01 - CT Camera not operating 
2024-07-06 14:40:01 - Passed Sunrise 
2024-07-06 14:40:02 - CT Camera not operating 
2024-07-06 14:50:01 - Passed Sunrise 
2024-07-06 14:50:01 - CT Camera not operating 
2024-07-06 15:00:01 - Passed Sunrise 
2024-07-06 15:00:01 - CT Camera not operating 
2024-07-06 15:10:01 - Passed Sunrise 
2024-07-06 15:10:01 - CT Camera not operating 
2024-07-06 15:20:01 - Passed Sunrise 
2024-07-06 15:20:01 - CT Camera not operating 
2024-07-06 15:30:01 - Passed Sunrise 
2024-07-06 15:30:01 - CT Camera not operating 
2024-07-06 15:40:02 - Passed Sunrise 
2024-07-06 15:40:02 - CT Camera not operating 
2024-07-06 15:50:01 - Passed Sunrise 
2024-07-06 15:50:01 - CT Camera not operating 
2024-07-06 16:00:01 - Passed Sunrise 
2024-07-06 16:00:01 - CT Camera not operating 
2024-07-06 16:10:01 - Passed Sunrise 
2024-07-06 16:10:01 - CT Camera not operating 
2024-07-06 16:20:01 - Passed Sunrise 
2024-07-06 16:20:01 - CT Camera not operating 
2024-07-06 16:30:01 - Passed Sunrise 
2024-07-06 16:30:01 - CT Camera not operating 
2024-07-06 16:40:02 - Passed Sunrise 
2024-07-06 16:40:02 - CT Camera not operating 
2024-07-06 16:50:01 - Passed Sunrise 
2024-07-06 16:50:01 - CT Camera not operating 
2024-07-06 20:01:01 - Added sunrise_time: 2024-07-07 11:17:28 
2024-07-07 10:00:01 - Before Sunrise 
2024-07-07 10:10:01 - Before Sunrise 
2024-07-07 10:20:01 - Before Sunrise 
2024-07-07 10:30:01 - Before Sunrise 
2024-07-07 10:40:01 - Before Sunrise 
2024-07-07 10:50:01 - Before Sunrise 
2024-07-07 11:00:01 - Before Sunrise 
2024-07-07 11:10:01 - Before Sunrise 
2024-07-07 11:20:01 - Passed Sunrise 
2024-07-07 11:20:01 - CT Camera not operating 
2024-07-07 11:30:01 - Passed Sunrise 
2024-07-07 11:30:01 - CT Camera not operating 
2024-07-07 11:40:01 - Passed Sunrise 
2024-07-07 11:40:01 - CT Camera not operating 
2024-07-07 11:50:01 - Passed Sunrise 
2024-07-07 11:50:01 - CT Camera not operating 
2024-07-07 12:00:02 - Passed Sunrise 
2024-07-07 12:00:02 - CT Camera not operating 
2024-07-07 12:10:01 - Passed Sunrise 
2024-07-07 12:10:01 - CT Camera not operating 
2024-07-07 12:20:01 - Passed Sunrise 
2024-07-07 12:20:01 - CT Camera not operating 
2024-07-07 12:30:01 - Passed Sunrise 
2024-07-07 12:30:01 - CT Camera not operating 
2024-07-07 12:40:01 - Passed Sunrise 
2024-07-07 12:40:01 - CT Camera not operating 
2024-07-07 12:50:01 - Passed Sunrise 
2024-07-07 12:50:01 - CT Camera not operating 
2024-07-07 13:00:02 - Passed Sunrise 
2024-07-07 13:00:02 - CT Camera not operating 
2024-07-07 13:10:01 - Passed Sunrise 
2024-07-07 13:10:01 - CT Camera not operating 
2024-07-07 13:20:01 - Passed Sunrise 
2024-07-07 13:20:01 - CT Camera not operating 
2024-07-07 13:30:01 - Passed Sunrise 
2024-07-07 13:30:01 - CT Camera not operating 
2024-07-07 13:40:01 - Passed Sunrise 
2024-07-07 13:40:01 - CT Camera not operating 
2024-07-07 13:50:01 - Passed Sunrise 
2024-07-07 13:50:01 - CT Camera not operating 
2024-07-07 14:00:01 - Passed Sunrise 
2024-07-07 14:00:01 - CT Camera not operating 
2024-07-07 14:10:01 - Passed Sunrise 
2024-07-07 14:10:01 - CT Camera not operating 
2024-07-07 14:20:01 - Passed Sunrise 
2024-07-07 14:20:01 - CT Camera not operating 
2024-07-07 14:30:01 - Passed Sunrise 
2024-07-07 14:30:01 - CT Camera not operating 
2024-07-07 14:40:01 - Passed Sunrise 
2024-07-07 14:40:01 - CT Camera not operating 
2024-07-07 14:50:02 - Passed Sunrise 
2024-07-07 14:50:02 - CT Camera not operating 
2024-07-07 15:00:01 - Passed Sunrise 
2024-07-07 15:00:01 - CT Camera not operating 
2024-07-07 15:10:01 - Passed Sunrise 
2024-07-07 15:10:01 - CT Camera not operating 
2024-07-07 15:20:01 - Passed Sunrise 
2024-07-07 15:20:01 - CT Camera not operating 
2024-07-07 15:30:01 - Passed Sunrise 
2024-07-07 15:30:01 - CT Camera not operating 
2024-07-07 15:40:01 - Passed Sunrise 
2024-07-07 15:40:01 - CT Camera not operating 
2024-07-07 15:50:02 - Passed Sunrise 
2024-07-07 15:50:02 - CT Camera not operating 
2024-07-07 16:00:01 - Passed Sunrise 
2024-07-07 16:00:01 - CT Camera not operating 
2024-07-07 16:10:01 - Passed Sunrise 
2024-07-07 16:10:01 - CT Camera not operating 
2024-07-07 16:20:01 - Passed Sunrise 
2024-07-07 16:20:01 - CT Camera not operating 
2024-07-07 16:30:01 - Passed Sunrise 
2024-07-07 16:30:01 - CT Camera not operating 
2024-07-07 16:40:01 - Passed Sunrise 
2024-07-07 16:40:01 - CT Camera not operating 
2024-07-07 16:50:01 - Passed Sunrise 
2024-07-07 16:50:01 - CT Camera not operating 
2024-07-07 20:01:01 - Added sunrise_time: 2024-07-08 11:18:12 
2024-07-08 10:00:01 - Before Sunrise 
2024-07-08 10:10:01 - Before Sunrise 
2024-07-08 10:20:01 - Before Sunrise 
2024-07-08 10:30:01 - Before Sunrise 
2024-07-08 10:40:01 - Before Sunrise 
2024-07-08 10:50:02 - Before Sunrise 
2024-07-08 11:00:01 - Before Sunrise 
2024-07-08 11:10:01 - Before Sunrise 
2024-07-08 11:20:01 - Passed Sunrise 
2024-07-08 11:20:01 - CT Camera not operating 
2024-07-08 11:30:01 - Passed Sunrise 
2024-07-08 11:30:01 - CT Camera not operating 
2024-07-08 11:40:01 - Passed Sunrise 
2024-07-08 11:40:01 - CT Camera not operating 
2024-07-08 11:50:01 - Passed Sunrise 
2024-07-08 11:50:01 - CT Camera not operating 
2024-07-08 12:00:01 - Passed Sunrise 
2024-07-08 12:00:01 - CT Camera not operating 
2024-07-08 12:10:01 - Passed Sunrise 
2024-07-08 12:10:01 - CT Camera not operating 
2024-07-08 12:20:01 - Passed Sunrise 
2024-07-08 12:20:01 - CT Camera not operating 
2024-07-08 12:30:01 - Passed Sunrise 
2024-07-08 12:30:01 - CT Camera not operating 
2024-07-08 12:40:01 - Passed Sunrise 
2024-07-08 12:40:01 - CT Camera not operating 
2024-07-08 12:50:01 - Passed Sunrise 
2024-07-08 12:50:01 - CT Camera not operating 
2024-07-08 13:00:01 - Passed Sunrise 
2024-07-08 13:00:01 - CT Camera not operating 
2024-07-08 13:10:01 - Passed Sunrise 
2024-07-08 13:10:01 - CT Camera not operating 
2024-07-08 13:20:01 - Passed Sunrise 
2024-07-08 13:20:01 - CT Camera not operating 
2024-07-08 13:30:01 - Passed Sunrise 
2024-07-08 13:30:01 - CT Camera not operating 
2024-07-08 13:40:01 - Passed Sunrise 
2024-07-08 13:40:01 - CT Camera not operating 
2024-07-08 13:50:01 - Passed Sunrise 
2024-07-08 13:50:01 - CT Camera not operating 
2024-07-08 14:00:01 - Passed Sunrise 
2024-07-08 14:00:01 - CT Camera not operating 
2024-07-08 14:10:01 - Passed Sunrise 
2024-07-08 14:10:01 - CT Camera not operating 
2024-07-08 14:20:01 - Passed Sunrise 
2024-07-08 14:20:01 - CT Camera not operating 
2024-07-08 14:30:01 - Passed Sunrise 
2024-07-08 14:30:01 - CT Camera not operating 
2024-07-08 14:40:01 - Passed Sunrise 
2024-07-08 14:40:01 - CT Camera not operating 
2024-07-08 14:50:01 - Passed Sunrise 
2024-07-08 14:50:01 - CT Camera not operating 
2024-07-08 15:00:01 - Passed Sunrise 
2024-07-08 15:00:01 - CT Camera not operating 
2024-07-08 15:10:01 - Passed Sunrise 
2024-07-08 15:10:01 - CT Camera not operating 
2024-07-08 15:20:01 - Passed Sunrise 
2024-07-08 15:20:01 - CT Camera not operating 
2024-07-08 15:30:01 - Passed Sunrise 
2024-07-08 15:30:01 - CT Camera not operating 
2024-07-08 15:40:01 - Passed Sunrise 
2024-07-08 15:40:01 - CT Camera not operating 
2024-07-08 15:50:01 - Passed Sunrise 
2024-07-08 15:50:01 - CT Camera not operating 
2024-07-08 16:00:01 - Passed Sunrise 
2024-07-08 16:00:01 - CT Camera not operating 
2024-07-08 16:10:01 - Passed Sunrise 
2024-07-08 16:10:01 - CT Camera not operating 
2024-07-08 16:20:01 - Passed Sunrise 
2024-07-08 16:20:01 - CT Camera not operating 
2024-07-08 16:30:01 - Passed Sunrise 
2024-07-08 16:30:01 - CT Camera not operating 
2024-07-08 16:40:01 - Passed Sunrise 
2024-07-08 16:40:01 - CT Camera not operating 
2024-07-08 16:50:01 - Passed Sunrise 
2024-07-08 16:50:01 - CT Camera not operating 
2024-07-08 20:01:01 - Added sunrise_time: 2024-07-09 11:18:58 
2024-07-09 10:00:01 - Before Sunrise 
2024-07-09 10:10:01 - Before Sunrise 
2024-07-09 10:20:01 - Before Sunrise 
2024-07-09 10:30:01 - Before Sunrise 
2024-07-09 10:40:01 - Before Sunrise 
2024-07-09 10:50:01 - Before Sunrise 
2024-07-09 11:00:01 - Before Sunrise 
2024-07-09 11:10:01 - Before Sunrise 
2024-07-09 11:20:01 - Passed Sunrise 
2024-07-09 11:20:01 - CT Camera not operating 
2024-07-09 11:30:01 - Passed Sunrise 
2024-07-09 11:30:01 - CT Camera not operating 
2024-07-09 11:40:01 - Passed Sunrise 
2024-07-09 11:40:01 - CT Camera not operating 
2024-07-09 11:50:01 - Passed Sunrise 
2024-07-09 11:50:01 - CT Camera not operating 
2024-07-09 12:00:01 - Passed Sunrise 
2024-07-09 12:00:01 - CT Camera not operating 
2024-07-09 12:10:01 - Passed Sunrise 
2024-07-09 12:10:01 - CT Camera not operating 
2024-07-09 12:20:01 - Passed Sunrise 
2024-07-09 12:20:01 - CT Camera not operating 
2024-07-09 12:30:01 - Passed Sunrise 
2024-07-09 12:30:01 - CT Camera not operating 
2024-07-09 12:40:01 - Passed Sunrise 
2024-07-09 12:40:01 - CT Camera not operating 
2024-07-09 12:50:01 - Passed Sunrise 
2024-07-09 12:50:01 - CT Camera not operating 
2024-07-09 13:00:01 - Passed Sunrise 
2024-07-09 13:00:01 - CT Camera not operating 
2024-07-09 13:10:01 - Passed Sunrise 
2024-07-09 13:10:01 - CT Camera not operating 
2024-07-09 13:20:01 - Passed Sunrise 
2024-07-09 13:20:01 - CT Camera not operating 
2024-07-09 13:30:01 - Passed Sunrise 
2024-07-09 13:30:01 - CT Camera not operating 
2024-07-09 13:40:02 - Passed Sunrise 
2024-07-09 13:40:02 - CT Camera not operating 
2024-07-09 13:50:01 - Passed Sunrise 
2024-07-09 13:50:01 - CT Camera not operating 
2024-07-09 14:00:01 - Passed Sunrise 
2024-07-09 14:00:01 - CT Camera not operating 
2024-07-09 14:10:01 - Passed Sunrise 
2024-07-09 14:10:01 - CT Camera not operating 
2024-07-09 14:20:01 - Passed Sunrise 
2024-07-09 14:20:01 - CT Camera not operating 
2024-07-09 14:30:01 - Passed Sunrise 
2024-07-09 14:30:01 - CT Camera not operating 
2024-07-09 14:40:01 - Passed Sunrise 
2024-07-09 14:40:01 - CT Camera not operating 
2024-07-09 14:50:02 - Passed Sunrise 
2024-07-09 14:50:02 - CT Camera not operating 
2024-07-09 15:00:01 - Passed Sunrise 
2024-07-09 15:00:01 - CT Camera not operating 
2024-07-09 15:10:01 - Passed Sunrise 
2024-07-09 15:10:01 - CT Camera not operating 
2024-07-09 15:20:01 - Passed Sunrise 
2024-07-09 15:20:01 - CT Camera not operating 
2024-07-09 15:30:01 - Passed Sunrise 
2024-07-09 15:30:01 - CT Camera not operating 
2024-07-09 15:40:01 - Passed Sunrise 
2024-07-09 15:40:01 - CT Camera not operating 
2024-07-09 15:50:02 - Passed Sunrise 
2024-07-09 15:50:02 - CT Camera not operating 
2024-07-09 16:00:01 - Passed Sunrise 
2024-07-09 16:00:01 - CT Camera not operating 
2024-07-09 16:10:01 - Passed Sunrise 
2024-07-09 16:10:01 - CT Camera not operating 
2024-07-09 16:20:01 - Passed Sunrise 
2024-07-09 16:20:01 - CT Camera not operating 
2024-07-09 16:30:01 - Passed Sunrise 
2024-07-09 16:30:01 - CT Camera not operating 
2024-07-09 16:40:01 - Passed Sunrise 
2024-07-09 16:40:01 - CT Camera not operating 
2024-07-09 16:50:02 - Passed Sunrise 
2024-07-09 16:50:02 - CT Camera not operating 
2024-07-09 20:01:01 - Added sunrise_time: 2024-07-10 11:19:45 
2024-07-10 10:00:01 - Before Sunrise 
2024-07-10 10:10:01 - Before Sunrise 
2024-07-10 10:20:01 - Before Sunrise 
2024-07-10 10:30:01 - Before Sunrise 
2024-07-10 10:40:01 - Before Sunrise 
2024-07-10 10:50:01 - Before Sunrise 
2024-07-10 11:00:01 - Before Sunrise 
2024-07-10 11:10:01 - Before Sunrise 
2024-07-10 11:20:01 - Passed Sunrise 
2024-07-10 11:20:01 - CT Camera not operating 
2024-07-10 11:30:01 - Passed Sunrise 
2024-07-10 11:30:01 - CT Camera not operating 
2024-07-10 11:40:01 - Passed Sunrise 
2024-07-10 11:40:01 - CT Camera not operating 
2024-07-10 11:50:01 - Passed Sunrise 
2024-07-10 11:50:01 - CT Camera not operating 
2024-07-10 12:00:01 - Passed Sunrise 
2024-07-10 12:00:01 - CT Camera not operating 
2024-07-10 12:10:01 - Passed Sunrise 
2024-07-10 12:10:01 - CT Camera not operating 
2024-07-10 12:20:01 - Passed Sunrise 
2024-07-10 12:20:01 - CT Camera not operating 
2024-07-10 12:30:02 - Passed Sunrise 
2024-07-10 12:30:02 - CT Camera not operating 
2024-07-10 12:40:01 - Passed Sunrise 
2024-07-10 12:40:01 - CT Camera not operating 
2024-07-10 12:50:01 - Passed Sunrise 
2024-07-10 12:50:01 - CT Camera not operating 
2024-07-10 13:00:01 - Passed Sunrise 
2024-07-10 13:00:01 - CT Camera not operating 
2024-07-10 13:10:01 - Passed Sunrise 
2024-07-10 13:10:01 - CT Camera not operating 
2024-07-10 13:20:01 - Passed Sunrise 
2024-07-10 13:20:01 - CT Camera not operating 
2024-07-10 13:30:02 - Passed Sunrise 
2024-07-10 13:30:02 - CT Camera not operating 
2024-07-10 13:40:01 - Passed Sunrise 
2024-07-10 13:40:01 - CT Camera not operating 
2024-07-10 13:50:01 - Passed Sunrise 
2024-07-10 13:50:01 - CT Camera not operating 
2024-07-10 14:00:01 - Passed Sunrise 
2024-07-10 14:00:01 - CT Camera not operating 
2024-07-10 14:10:01 - Passed Sunrise 
2024-07-10 14:10:01 - CT Camera not operating 
2024-07-10 14:20:02 - Passed Sunrise 
2024-07-10 14:20:02 - CT Camera not operating 
2024-07-10 14:30:01 - Passed Sunrise 
2024-07-10 14:30:01 - CT Camera not operating 
2024-07-10 14:40:01 - Passed Sunrise 
2024-07-10 14:40:01 - CT Camera not operating 
2024-07-10 14:50:01 - Passed Sunrise 
2024-07-10 14:50:01 - CT Camera not operating 
2024-07-10 15:00:01 - Passed Sunrise 
2024-07-10 15:00:01 - CT Camera not operating 
2024-07-10 15:10:01 - Passed Sunrise 
2024-07-10 15:10:01 - CT Camera not operating 
2024-07-10 15:20:02 - Passed Sunrise 
2024-07-10 15:20:02 - CT Camera not operating 
2024-07-10 15:30:01 - Passed Sunrise 
2024-07-10 15:30:01 - CT Camera not operating 
2024-07-10 15:40:01 - Passed Sunrise 
2024-07-10 15:40:01 - CT Camera not operating 
2024-07-10 15:50:01 - Passed Sunrise 
2024-07-10 15:50:01 - CT Camera not operating 
2024-07-10 16:00:01 - Passed Sunrise 
2024-07-10 16:00:01 - CT Camera not operating 
2024-07-10 16:10:01 - Passed Sunrise 
2024-07-10 16:10:01 - CT Camera not operating 
2024-07-10 16:20:02 - Passed Sunrise 
2024-07-10 16:20:02 - CT Camera not operating 
2024-07-10 16:30:01 - Passed Sunrise 
2024-07-10 16:30:01 - CT Camera not operating 
2024-07-10 16:40:01 - Passed Sunrise 
2024-07-10 16:40:01 - CT Camera not operating 
2024-07-10 16:50:01 - Passed Sunrise 
2024-07-10 16:50:01 - CT Camera not operating 
2024-07-10 20:01:01 - Added sunrise_time: 2024-07-11 11:20:33 
2024-07-11 10:00:01 - Before Sunrise 
2024-07-11 10:10:01 - Before Sunrise 
2024-07-11 10:20:01 - Before Sunrise 
2024-07-11 10:30:02 - Before Sunrise 
2024-07-11 10:40:01 - Before Sunrise 
2024-07-11 10:50:01 - Before Sunrise 
2024-07-11 11:00:01 - Before Sunrise 
2024-07-11 11:10:01 - Before Sunrise 
2024-07-11 11:20:01 - Before Sunrise 
2024-07-11 11:30:02 - Passed Sunrise 
2024-07-11 11:30:02 - CT Camera not operating 
2024-07-11 11:40:01 - Passed Sunrise 
2024-07-11 11:40:01 - CT Camera not operating 
2024-07-11 11:50:01 - Passed Sunrise 
2024-07-11 11:50:01 - CT Camera not operating 
2024-07-11 12:00:01 - Passed Sunrise 
2024-07-11 12:00:01 - CT Camera not operating 
2024-07-11 12:10:01 - Passed Sunrise 
2024-07-11 12:10:01 - CT Camera not operating 
2024-07-11 12:20:01 - Passed Sunrise 
2024-07-11 12:20:01 - CT Camera not operating 
2024-07-11 12:30:02 - Passed Sunrise 
2024-07-11 12:30:02 - CT Camera not operating 
2024-07-11 12:40:01 - Passed Sunrise 
2024-07-11 12:40:01 - CT Camera not operating 
2024-07-11 12:50:01 - Passed Sunrise 
2024-07-11 12:50:01 - CT Camera not operating 
2024-07-11 13:00:01 - Passed Sunrise 
2024-07-11 13:00:01 - CT Camera not operating 
2024-07-11 13:10:01 - Passed Sunrise 
2024-07-11 13:10:01 - CT Camera not operating 
2024-07-11 13:20:02 - Passed Sunrise 
2024-07-11 13:20:02 - CT Camera not operating 
2024-07-11 13:30:01 - Passed Sunrise 
2024-07-11 13:30:01 - CT Camera not operating 
2024-07-11 13:40:01 - Passed Sunrise 
2024-07-11 13:40:01 - CT Camera not operating 
2024-07-11 13:50:01 - Passed Sunrise 
2024-07-11 13:50:01 - CT Camera not operating 
2024-07-11 14:00:01 - Passed Sunrise 
2024-07-11 14:00:01 - CT Camera not operating 
2024-07-11 14:10:01 - Passed Sunrise 
2024-07-11 14:10:01 - CT Camera not operating 
2024-07-11 14:20:02 - Passed Sunrise 
2024-07-11 14:20:02 - CT Camera not operating 
2024-07-11 14:30:01 - Passed Sunrise 
2024-07-11 14:30:01 - CT Camera not operating 
2024-07-11 14:40:01 - Passed Sunrise 
2024-07-11 14:40:01 - CT Camera not operating 
2024-07-11 14:50:01 - Passed Sunrise 
2024-07-11 14:50:01 - CT Camera not operating 
2024-07-11 15:00:01 - Passed Sunrise 
2024-07-11 15:00:01 - CT Camera not operating 
2024-07-11 15:10:01 - Passed Sunrise 
2024-07-11 15:10:01 - CT Camera not operating 
2024-07-11 15:20:02 - Passed Sunrise 
2024-07-11 15:20:02 - CT Camera not operating 
2024-07-11 15:30:01 - Passed Sunrise 
2024-07-11 15:30:01 - CT Camera not operating 
2024-07-11 15:40:01 - Passed Sunrise 
2024-07-11 15:40:01 - CT Camera not operating 
2024-07-11 15:50:01 - Passed Sunrise 
2024-07-11 15:50:01 - CT Camera not operating 
2024-07-11 16:00:01 - Passed Sunrise 
2024-07-11 16:00:01 - CT Camera not operating 
2024-07-11 16:10:01 - Passed Sunrise 
2024-07-11 16:10:01 - CT Camera not operating 
2024-07-11 16:20:01 - Passed Sunrise 
2024-07-11 16:20:01 - CT Camera not operating 
2024-07-11 16:30:01 - Passed Sunrise 
2024-07-11 16:30:01 - CT Camera not operating 
2024-07-11 16:40:01 - Passed Sunrise 
2024-07-11 16:40:01 - CT Camera not operating 
2024-07-11 16:50:01 - Passed Sunrise 
2024-07-11 16:50:01 - CT Camera not operating 
2024-07-11 20:01:01 - Added sunrise_time: 2024-07-12 11:21:23 
2024-07-12 10:00:01 - Before Sunrise 
2024-07-12 10:10:01 - Before Sunrise 
2024-07-12 10:20:01 - Before Sunrise 
2024-07-12 10:30:01 - Before Sunrise 
2024-07-12 10:40:01 - Before Sunrise 
2024-07-12 10:50:01 - Before Sunrise 
2024-07-12 11:00:01 - Before Sunrise 
2024-07-12 11:10:01 - Before Sunrise 
2024-07-12 11:20:01 - Before Sunrise 
2024-07-12 11:30:01 - Passed Sunrise 
2024-07-12 11:30:01 - CT Camera not operating 
2024-07-12 11:40:01 - Passed Sunrise 
2024-07-12 11:40:01 - CT Camera not operating 
2024-07-12 11:50:01 - Passed Sunrise 
2024-07-12 11:50:01 - CT Camera not operating 
2024-07-12 12:00:01 - Passed Sunrise 
2024-07-12 12:00:01 - CT Camera not operating 
2024-07-12 12:10:01 - Passed Sunrise 
2024-07-12 12:10:01 - CT Camera not operating 
2024-07-12 12:20:01 - Passed Sunrise 
2024-07-12 12:20:01 - CT Camera not operating 
2024-07-12 12:30:01 - Passed Sunrise 
2024-07-12 12:30:01 - CT Camera not operating 
2024-07-12 12:40:01 - Passed Sunrise 
2024-07-12 12:40:01 - CT Camera not operating 
2024-07-12 12:50:01 - Passed Sunrise 
2024-07-12 12:50:01 - CT Camera not operating 
2024-07-12 13:00:01 - Passed Sunrise 
2024-07-12 13:00:01 - CT Camera not operating 
2024-07-12 13:10:01 - Passed Sunrise 
2024-07-12 13:10:01 - CT Camera not operating 
2024-07-12 13:20:01 - Passed Sunrise 
2024-07-12 13:20:01 - CT Camera not operating 
2024-07-12 13:30:01 - Passed Sunrise 
2024-07-12 13:30:01 - CT Camera not operating 
2024-07-12 13:40:01 - Passed Sunrise 
2024-07-12 13:40:01 - CT Camera not operating 
2024-07-12 13:50:01 - Passed Sunrise 
2024-07-12 13:50:01 - CT Camera not operating 
2024-07-12 14:00:01 - Passed Sunrise 
2024-07-12 14:00:01 - CT Camera not operating 
2024-07-12 14:10:01 - Passed Sunrise 
2024-07-12 14:10:01 - CT Camera not operating 
2024-07-12 14:20:01 - Passed Sunrise 
2024-07-12 14:20:01 - CT Camera not operating 
2024-07-12 14:30:01 - Passed Sunrise 
2024-07-12 14:30:01 - CT Camera not operating 
2024-07-12 14:40:01 - Passed Sunrise 
2024-07-12 14:40:01 - CT Camera not operating 
2024-07-12 14:50:01 - Passed Sunrise 
2024-07-12 14:50:01 - CT Camera not operating 
2024-07-12 15:00:01 - Passed Sunrise 
2024-07-12 15:00:01 - CT Camera not operating 
2024-07-12 15:10:01 - Passed Sunrise 
2024-07-12 15:10:01 - CT Camera not operating 
2024-07-12 15:20:01 - Passed Sunrise 
2024-07-12 15:20:01 - CT Camera not operating 
2024-07-12 15:30:01 - Passed Sunrise 
2024-07-12 15:30:01 - CT Camera not operating 
2024-07-12 15:40:01 - Passed Sunrise 
2024-07-12 15:40:01 - CT Camera not operating 
2024-07-12 15:50:01 - Passed Sunrise 
2024-07-12 15:50:01 - CT Camera not operating 
2024-07-12 16:00:01 - Passed Sunrise 
2024-07-12 16:00:01 - CT Camera not operating 
2024-07-12 16:10:01 - Passed Sunrise 
2024-07-12 16:10:01 - CT Camera not operating 
2024-07-12 16:20:01 - Passed Sunrise 
2024-07-12 16:20:01 - CT Camera not operating 
2024-07-12 16:30:01 - Passed Sunrise 
2024-07-12 16:30:01 - CT Camera not operating 
2024-07-12 16:40:01 - Passed Sunrise 
2024-07-12 16:40:01 - CT Camera not operating 
2024-07-12 16:50:01 - Passed Sunrise 
2024-07-12 16:50:01 - CT Camera not operating 
2024-07-12 20:01:01 - Added sunrise_time: 2024-07-13 11:22:13 
2024-07-13 10:00:01 - Before Sunrise 
2024-07-13 10:10:01 - Before Sunrise 
2024-07-13 10:20:01 - Before Sunrise 
2024-07-13 10:30:01 - Before Sunrise 
2024-07-13 10:40:01 - Before Sunrise 
2024-07-13 10:50:01 - Before Sunrise 
2024-07-13 11:00:01 - Before Sunrise 
2024-07-13 11:10:01 - Before Sunrise 
2024-07-13 11:20:01 - Before Sunrise 
2024-07-13 11:30:01 - Passed Sunrise 
2024-07-13 11:30:01 - CT Camera not operating 
2024-07-13 11:40:01 - Passed Sunrise 
2024-07-13 11:40:01 - CT Camera not operating 
2024-07-13 11:50:01 - Passed Sunrise 
2024-07-13 11:50:01 - CT Camera not operating 
2024-07-13 12:00:01 - Passed Sunrise 
2024-07-13 12:00:01 - CT Camera not operating 
2024-07-13 12:10:01 - Passed Sunrise 
2024-07-13 12:10:01 - CT Camera not operating 
2024-07-13 12:20:02 - Passed Sunrise 
2024-07-13 12:20:02 - CT Camera not operating 
2024-07-13 12:30:01 - Passed Sunrise 
2024-07-13 12:30:01 - CT Camera not operating 
2024-07-13 12:40:01 - Passed Sunrise 
2024-07-13 12:40:01 - CT Camera not operating 
2024-07-13 12:50:02 - Passed Sunrise 
2024-07-13 12:50:02 - CT Camera not operating 
2024-07-13 13:00:01 - Passed Sunrise 
2024-07-13 13:00:01 - CT Camera not operating 
2024-07-13 13:10:01 - Passed Sunrise 
2024-07-13 13:10:01 - CT Camera not operating 
2024-07-13 13:20:01 - Passed Sunrise 
2024-07-13 13:20:01 - CT Camera not operating 
2024-07-13 13:30:01 - Passed Sunrise 
2024-07-13 13:30:01 - CT Camera not operating 
2024-07-13 13:40:01 - Passed Sunrise 
2024-07-13 13:40:01 - CT Camera not operating 
2024-07-13 13:50:01 - Passed Sunrise 
2024-07-13 13:50:01 - CT Camera not operating 
2024-07-13 14:00:01 - Passed Sunrise 
2024-07-13 14:00:01 - CT Camera not operating 
2024-07-13 14:10:01 - Passed Sunrise 
2024-07-13 14:10:01 - CT Camera not operating 
2024-07-13 14:20:01 - Passed Sunrise 
2024-07-13 14:20:01 - CT Camera not operating 
2024-07-13 14:30:01 - Passed Sunrise 
2024-07-13 14:30:01 - CT Camera not operating 
2024-07-13 14:40:01 - Passed Sunrise 
2024-07-13 14:40:01 - CT Camera not operating 
2024-07-13 14:50:01 - Passed Sunrise 
2024-07-13 14:50:01 - CT Camera not operating 
2024-07-13 15:00:01 - Passed Sunrise 
2024-07-13 15:00:01 - CT Camera not operating 
2024-07-13 15:10:01 - Passed Sunrise 
2024-07-13 15:10:01 - CT Camera not operating 
2024-07-13 15:20:01 - Passed Sunrise 
2024-07-13 15:20:01 - CT Camera not operating 
2024-07-13 15:30:01 - Passed Sunrise 
2024-07-13 15:30:01 - CT Camera not operating 
2024-07-13 15:40:01 - Passed Sunrise 
2024-07-13 15:40:01 - CT Camera not operating 
2024-07-13 15:50:01 - Passed Sunrise 
2024-07-13 15:50:01 - CT Camera not operating 
2024-07-13 16:00:01 - Passed Sunrise 
2024-07-13 16:00:01 - CT Camera not operating 
2024-07-13 16:10:01 - Passed Sunrise 
2024-07-13 16:10:01 - CT Camera not operating 
2024-07-13 16:20:01 - Passed Sunrise 
2024-07-13 16:20:01 - CT Camera not operating 
2024-07-13 16:30:01 - Passed Sunrise 
2024-07-13 16:30:01 - CT Camera not operating 
2024-07-13 16:40:01 - Passed Sunrise 
2024-07-13 16:40:01 - CT Camera not operating 
2024-07-13 16:50:01 - Passed Sunrise 
2024-07-13 16:50:01 - CT Camera not operating 
2024-07-13 20:01:01 - Added sunrise_time: 2024-07-14 11:23:05 
2024-07-14 10:00:01 - Before Sunrise 
2024-07-14 10:10:01 - Before Sunrise 
2024-07-14 10:20:01 - Before Sunrise 
2024-07-14 10:30:01 - Before Sunrise 
2024-07-14 10:40:01 - Before Sunrise 
2024-07-14 10:50:01 - Before Sunrise 
2024-07-14 11:00:01 - Before Sunrise 
2024-07-14 11:10:01 - Before Sunrise 
2024-07-14 11:20:01 - Before Sunrise 
2024-07-14 11:30:01 - Passed Sunrise 
2024-07-14 11:30:01 - CT Camera not operating 
2024-07-14 11:40:01 - Passed Sunrise 
2024-07-14 11:40:01 - CT Camera not operating 
2024-07-14 11:50:01 - Passed Sunrise 
2024-07-14 11:50:01 - CT Camera not operating 
2024-07-14 12:00:01 - Passed Sunrise 
2024-07-14 12:00:01 - CT Camera not operating 
2024-07-14 12:10:01 - Passed Sunrise 
2024-07-14 12:10:01 - CT Camera not operating 
2024-07-14 12:20:01 - Passed Sunrise 
2024-07-14 12:20:01 - CT Camera not operating 
2024-07-14 12:30:01 - Passed Sunrise 
2024-07-14 12:30:01 - CT Camera not operating 
2024-07-14 12:40:01 - Passed Sunrise 
2024-07-14 12:40:01 - CT Camera not operating 
2024-07-14 12:50:01 - Passed Sunrise 
2024-07-14 12:50:01 - CT Camera not operating 
2024-07-14 13:00:01 - Passed Sunrise 
2024-07-14 13:00:01 - CT Camera not operating 
2024-07-14 13:10:01 - Passed Sunrise 
2024-07-14 13:10:01 - CT Camera not operating 
2024-07-14 13:20:01 - Passed Sunrise 
2024-07-14 13:20:01 - CT Camera not operating 
2024-07-14 13:30:01 - Passed Sunrise 
2024-07-14 13:30:01 - CT Camera not operating 
2024-07-14 13:40:01 - Passed Sunrise 
2024-07-14 13:40:01 - CT Camera not operating 
2024-07-14 13:50:01 - Passed Sunrise 
2024-07-14 13:50:01 - CT Camera not operating 
2024-07-14 14:00:01 - Passed Sunrise 
2024-07-14 14:00:01 - CT Camera not operating 
2024-07-14 14:10:01 - Passed Sunrise 
2024-07-14 14:10:01 - CT Camera not operating 
2024-07-14 14:20:01 - Passed Sunrise 
2024-07-14 14:20:01 - CT Camera not operating 
2024-07-14 14:30:01 - Passed Sunrise 
2024-07-14 14:30:01 - CT Camera not operating 
2024-07-14 14:40:01 - Passed Sunrise 
2024-07-14 14:40:01 - CT Camera not operating 
2024-07-14 14:50:01 - Passed Sunrise 
2024-07-14 14:50:01 - CT Camera not operating 
2024-07-14 15:00:01 - Passed Sunrise 
2024-07-14 15:00:01 - CT Camera not operating 
2024-07-14 15:10:01 - Passed Sunrise 
2024-07-14 15:10:01 - CT Camera not operating 
2024-07-14 15:20:01 - Passed Sunrise 
2024-07-14 15:20:01 - CT Camera not operating 
2024-07-14 15:30:01 - Passed Sunrise 
2024-07-14 15:30:01 - CT Camera not operating 
2024-07-14 15:40:01 - Passed Sunrise 
2024-07-14 15:40:01 - CT Camera not operating 
2024-07-14 15:50:01 - Passed Sunrise 
2024-07-14 15:50:01 - CT Camera not operating 
2024-07-14 16:00:01 - Passed Sunrise 
2024-07-14 16:00:01 - CT Camera not operating 
2024-07-14 16:10:01 - Passed Sunrise 
2024-07-14 16:10:01 - CT Camera not operating 
2024-07-14 16:20:01 - Passed Sunrise 
2024-07-14 16:20:01 - CT Camera not operating 
2024-07-14 16:30:01 - Passed Sunrise 
2024-07-14 16:30:01 - CT Camera not operating 
2024-07-14 16:40:02 - Passed Sunrise 
2024-07-14 16:40:02 - CT Camera not operating 
2024-07-14 16:50:01 - Passed Sunrise 
2024-07-14 16:50:01 - CT Camera not operating 
2024-07-14 20:01:01 - Added sunrise_time: 2024-07-15 11:23:58 
2024-07-15 10:00:01 - Before Sunrise 
2024-07-15 10:10:01 - Before Sunrise 
2024-07-15 10:20:01 - Before Sunrise 
2024-07-15 10:30:01 - Before Sunrise 
2024-07-15 10:40:01 - Before Sunrise 
2024-07-15 10:50:01 - Before Sunrise 
2024-07-15 11:00:01 - Before Sunrise 
2024-07-15 11:10:02 - Before Sunrise 
2024-07-15 11:20:01 - Before Sunrise 
2024-07-15 11:30:01 - Passed Sunrise 
2024-07-15 11:30:01 - CT Camera not operating 
2024-07-15 11:40:01 - Passed Sunrise 
2024-07-15 11:40:01 - CT Camera not operating 
2024-07-15 11:50:01 - Passed Sunrise 
2024-07-15 11:50:01 - CT Camera not operating 
2024-07-15 12:00:01 - Passed Sunrise 
2024-07-15 12:00:01 - CT Camera not operating 
2024-07-15 12:10:01 - Passed Sunrise 
2024-07-15 12:10:01 - CT Camera not operating 
2024-07-15 12:20:01 - Passed Sunrise 
2024-07-15 12:20:01 - CT Camera not operating 
2024-07-15 12:30:02 - Passed Sunrise 
2024-07-15 12:30:02 - CT Camera not operating 
2024-07-15 12:40:01 - Passed Sunrise 
2024-07-15 12:40:01 - CT Camera not operating 
2024-07-15 12:50:01 - Passed Sunrise 
2024-07-15 12:50:01 - CT Camera not operating 
2024-07-15 13:00:01 - Passed Sunrise 
2024-07-15 13:00:01 - CT Camera not operating 
2024-07-15 13:10:01 - Passed Sunrise 
2024-07-15 13:10:01 - CT Camera not operating 
2024-07-15 13:20:01 - Passed Sunrise 
2024-07-15 13:20:01 - CT Camera not operating 
2024-07-15 13:30:01 - Passed Sunrise 
2024-07-15 13:30:01 - CT Camera not operating 
2024-07-15 13:40:01 - Passed Sunrise 
2024-07-15 13:40:01 - CT Camera not operating 
2024-07-15 13:50:01 - Passed Sunrise 
2024-07-15 13:50:01 - CT Camera not operating 
2024-07-15 14:00:01 - Passed Sunrise 
2024-07-15 14:00:01 - CT Camera not operating 
2024-07-15 14:10:01 - Passed Sunrise 
2024-07-15 14:10:01 - CT Camera not operating 
2024-07-15 14:20:02 - Passed Sunrise 
2024-07-15 14:20:02 - CT Camera not operating 
2024-07-15 14:30:01 - Passed Sunrise 
2024-07-15 14:30:01 - CT Camera not operating 
2024-07-15 14:40:01 - Passed Sunrise 
2024-07-15 14:40:01 - CT Camera not operating 
2024-07-15 14:50:01 - Passed Sunrise 
2024-07-15 14:50:01 - CT Camera not operating 
2024-07-15 15:00:01 - Passed Sunrise 
2024-07-15 15:00:01 - CT Camera not operating 
2024-07-15 15:10:01 - Passed Sunrise 
2024-07-15 15:10:01 - CT Camera not operating 
2024-07-15 15:20:01 - Passed Sunrise 
2024-07-15 15:20:01 - CT Camera not operating 
2024-07-15 15:30:01 - Passed Sunrise 
2024-07-15 15:30:01 - CT Camera not operating 
2024-07-15 15:40:01 - Passed Sunrise 
2024-07-15 15:40:01 - CT Camera not operating 
2024-07-15 15:50:01 - Passed Sunrise 
2024-07-15 15:50:01 - CT Camera not operating 
2024-07-15 16:00:01 - Passed Sunrise 
2024-07-15 16:00:01 - CT Camera not operating 
2024-07-15 16:10:01 - Passed Sunrise 
2024-07-15 16:10:01 - CT Camera not operating 
2024-07-15 16:20:02 - Passed Sunrise 
2024-07-15 16:20:02 - CT Camera not operating 
2024-07-15 16:30:01 - Passed Sunrise 
2024-07-15 16:30:01 - CT Camera not operating 
2024-07-15 16:40:01 - Passed Sunrise 
2024-07-15 16:40:01 - CT Camera not operating 
2024-07-15 16:50:01 - Passed Sunrise 
2024-07-15 16:50:01 - CT Camera not operating 
2024-07-15 20:01:01 - Added sunrise_time: 2024-07-16 11:24:52 
2024-07-16 10:00:01 - Before Sunrise 
2024-07-16 10:10:01 - Before Sunrise 
2024-07-16 10:20:01 - Before Sunrise 
2024-07-16 10:30:01 - Before Sunrise 
2024-07-16 10:40:01 - Before Sunrise 
2024-07-16 10:50:01 - Before Sunrise 
2024-07-16 11:00:01 - Before Sunrise 
2024-07-16 11:10:01 - Before Sunrise 
2024-07-16 11:20:02 - Before Sunrise 
2024-07-16 11:30:01 - Passed Sunrise 
2024-07-16 11:30:01 - CT Camera not operating 
2024-07-16 11:40:01 - Passed Sunrise 
2024-07-16 11:40:01 - CT Camera not operating 
2024-07-16 11:50:01 - Passed Sunrise 
2024-07-16 11:50:01 - CT Camera not operating 
2024-07-16 12:00:01 - Passed Sunrise 
2024-07-16 12:00:01 - CT Camera not operating 
2024-07-16 12:10:01 - Passed Sunrise 
2024-07-16 12:10:01 - CT Camera not operating 
2024-07-16 12:20:02 - Passed Sunrise 
2024-07-16 12:20:02 - CT Camera not operating 
2024-07-16 12:30:01 - Passed Sunrise 
2024-07-16 12:30:01 - CT Camera not operating 
2024-07-16 12:40:01 - Passed Sunrise 
2024-07-16 12:40:01 - CT Camera not operating 
2024-07-16 12:50:01 - Passed Sunrise 
2024-07-16 12:50:01 - CT Camera not operating 
2024-07-16 13:00:01 - Passed Sunrise 
2024-07-16 13:00:01 - CT Camera not operating 
2024-07-16 13:10:01 - Passed Sunrise 
2024-07-16 13:10:01 - CT Camera not operating 
2024-07-16 13:20:02 - Passed Sunrise 
2024-07-16 13:20:02 - CT Camera not operating 
2024-07-16 13:30:01 - Passed Sunrise 
2024-07-16 13:30:01 - CT Camera not operating 
2024-07-16 13:40:01 - Passed Sunrise 
2024-07-16 13:40:01 - CT Camera not operating 
2024-07-16 13:50:01 - Passed Sunrise 
2024-07-16 13:50:01 - CT Camera not operating 
2024-07-16 14:00:01 - Passed Sunrise 
2024-07-16 14:00:01 - CT Camera not operating 
2024-07-16 14:10:01 - Passed Sunrise 
2024-07-16 14:10:01 - CT Camera not operating 
2024-07-16 14:20:01 - Passed Sunrise 
2024-07-16 14:20:01 - CT Camera not operating 
2024-07-16 14:30:01 - Passed Sunrise 
2024-07-16 14:30:01 - CT Camera not operating 
2024-07-16 14:40:01 - Passed Sunrise 
2024-07-16 14:40:01 - CT Camera not operating 
2024-07-16 14:50:01 - Passed Sunrise 
2024-07-16 14:50:01 - CT Camera not operating 
2024-07-16 15:00:01 - Passed Sunrise 
2024-07-16 15:00:01 - CT Camera not operating 
2024-07-16 15:10:01 - Passed Sunrise 
2024-07-16 15:10:01 - CT Camera not operating 
2024-07-16 15:20:01 - Passed Sunrise 
2024-07-16 15:20:01 - CT Camera not operating 
2024-07-16 15:30:01 - Passed Sunrise 
2024-07-16 15:30:01 - CT Camera not operating 
2024-07-16 15:40:01 - Passed Sunrise 
2024-07-16 15:40:01 - CT Camera not operating 
2024-07-16 15:50:01 - Passed Sunrise 
2024-07-16 15:50:01 - CT Camera not operating 
2024-07-16 16:00:01 - Passed Sunrise 
2024-07-16 16:00:01 - CT Camera not operating 
2024-07-16 16:10:01 - Passed Sunrise 
2024-07-16 16:10:01 - CT Camera not operating 
2024-07-16 16:20:01 - Passed Sunrise 
2024-07-16 16:20:01 - CT Camera not operating 
2024-07-16 16:30:01 - Passed Sunrise 
2024-07-16 16:30:01 - CT Camera not operating 
2024-07-16 16:40:01 - Passed Sunrise 
2024-07-16 16:40:01 - CT Camera not operating 
2024-07-16 16:50:01 - Passed Sunrise 
2024-07-16 16:50:01 - CT Camera not operating 
2024-07-16 20:01:01 - Added sunrise_time: 2024-07-17 11:25:46 
2024-07-17 10:00:01 - Before Sunrise 
2024-07-17 10:10:02 - Before Sunrise 
2024-07-17 10:20:01 - Before Sunrise 
2024-07-17 10:30:01 - Before Sunrise 
2024-07-17 10:40:01 - Before Sunrise 
2024-07-17 10:50:01 - Before Sunrise 
2024-07-17 11:00:01 - Before Sunrise 
2024-07-17 11:10:01 - Before Sunrise 
2024-07-17 11:20:01 - Before Sunrise 
2024-07-17 11:30:01 - Passed Sunrise 
2024-07-17 11:30:01 - CT Camera not operating 
2024-07-17 11:40:01 - Passed Sunrise 
2024-07-17 11:40:01 - CT Camera not operating 
2024-07-17 11:50:01 - Passed Sunrise 
2024-07-17 11:50:01 - CT Camera not operating 
2024-07-17 12:00:01 - Passed Sunrise 
2024-07-17 12:00:01 - CT Camera not operating 
2024-07-17 12:10:01 - Passed Sunrise 
2024-07-17 12:10:01 - CT Camera not operating 
2024-07-17 12:20:01 - Passed Sunrise 
2024-07-17 12:20:01 - CT Camera not operating 
2024-07-17 12:30:01 - Passed Sunrise 
2024-07-17 12:30:01 - CT Camera not operating 
2024-07-17 12:40:01 - Passed Sunrise 
2024-07-17 12:40:01 - CT Camera not operating 
2024-07-17 12:50:01 - Passed Sunrise 
2024-07-17 12:50:01 - CT Camera not operating 
2024-07-17 13:00:01 - Passed Sunrise 
2024-07-17 13:00:01 - CT Camera not operating 
2024-07-17 13:10:01 - Passed Sunrise 
2024-07-17 13:10:01 - CT Camera not operating 
2024-07-17 13:20:01 - Passed Sunrise 
2024-07-17 13:20:01 - CT Camera not operating 
2024-07-17 13:30:01 - Passed Sunrise 
2024-07-17 13:30:01 - CT Camera not operating 
2024-07-17 13:40:01 - Passed Sunrise 
2024-07-17 13:40:01 - CT Camera not operating 
2024-07-17 13:50:01 - Passed Sunrise 
2024-07-17 13:50:01 - CT Camera not operating 
2024-07-17 14:00:01 - Passed Sunrise 
2024-07-17 14:00:01 - CT Camera not operating 
2024-07-17 14:10:01 - Passed Sunrise 
2024-07-17 14:10:01 - CT Camera not operating 
2024-07-17 14:20:01 - Passed Sunrise 
2024-07-17 14:20:01 - CT Camera not operating 
2024-07-17 14:30:01 - Passed Sunrise 
2024-07-17 14:30:01 - CT Camera not operating 
2024-07-17 14:40:01 - Passed Sunrise 
2024-07-17 14:40:01 - CT Camera not operating 
2024-07-17 14:50:01 - Passed Sunrise 
2024-07-17 14:50:01 - CT Camera not operating 
2024-07-17 15:00:01 - Passed Sunrise 
2024-07-17 15:00:01 - CT Camera not operating 
2024-07-17 15:10:01 - Passed Sunrise 
2024-07-17 15:10:01 - CT Camera not operating 
2024-07-17 15:20:01 - Passed Sunrise 
2024-07-17 15:20:01 - CT Camera not operating 
2024-07-17 15:30:01 - Passed Sunrise 
2024-07-17 15:30:01 - CT Camera not operating 
2024-07-17 15:40:01 - Passed Sunrise 
2024-07-17 15:40:01 - CT Camera not operating 
2024-07-17 15:50:01 - Passed Sunrise 
2024-07-17 15:50:01 - CT Camera not operating 
2024-07-17 16:00:01 - Passed Sunrise 
2024-07-17 16:00:01 - CT Camera not operating 
2024-07-17 16:10:01 - Passed Sunrise 
2024-07-17 16:10:01 - CT Camera not operating 
2024-07-17 16:20:01 - Passed Sunrise 
2024-07-17 16:20:01 - CT Camera not operating 
2024-07-17 16:30:01 - Passed Sunrise 
2024-07-17 16:30:01 - CT Camera not operating 
2024-07-17 16:40:01 - Passed Sunrise 
2024-07-17 16:40:01 - CT Camera not operating 
2024-07-17 16:50:01 - Passed Sunrise 
2024-07-17 16:50:01 - CT Camera not operating 
2024-07-17 20:01:01 - Added sunrise_time: 2024-07-18 11:26:42 
2024-07-18 10:00:01 - Before Sunrise 
2024-07-18 10:10:01 - Before Sunrise 
2024-07-18 10:20:02 - Before Sunrise 
2024-07-18 10:30:01 - Before Sunrise 
2024-07-18 10:40:01 - Before Sunrise 
2024-07-18 10:50:01 - Before Sunrise 
2024-07-18 11:00:01 - Before Sunrise 
2024-07-18 11:10:01 - Before Sunrise 
2024-07-18 11:20:02 - Before Sunrise 
2024-07-18 11:30:01 - Passed Sunrise 
2024-07-18 11:30:01 - CT Camera not operating 
2024-07-18 11:40:01 - Passed Sunrise 
2024-07-18 11:40:01 - CT Camera not operating 
2024-07-18 11:50:01 - Passed Sunrise 
2024-07-18 11:50:01 - CT Camera not operating 
2024-07-18 12:00:01 - Passed Sunrise 
2024-07-18 12:00:01 - CT Camera not operating 
2024-07-18 12:10:01 - Passed Sunrise 
2024-07-18 12:10:01 - CT Camera not operating 
2024-07-18 12:20:01 - Passed Sunrise 
2024-07-18 12:20:01 - CT Camera not operating 
2024-07-18 12:30:01 - Passed Sunrise 
2024-07-18 12:30:01 - CT Camera not operating 
2024-07-18 12:40:01 - Passed Sunrise 
2024-07-18 12:40:01 - CT Camera not operating 
2024-07-18 12:50:01 - Passed Sunrise 
2024-07-18 12:50:01 - CT Camera not operating 
2024-07-18 13:00:01 - Passed Sunrise 
2024-07-18 13:00:01 - CT Camera not operating 
2024-07-18 13:10:01 - Passed Sunrise 
2024-07-18 13:10:01 - CT Camera not operating 
2024-07-18 13:20:01 - Passed Sunrise 
2024-07-18 13:20:01 - CT Camera not operating 
2024-07-18 13:30:01 - Passed Sunrise 
2024-07-18 13:30:01 - CT Camera not operating 
2024-07-18 13:40:01 - Passed Sunrise 
2024-07-18 13:40:01 - CT Camera not operating 
2024-07-18 13:50:01 - Passed Sunrise 
2024-07-18 13:50:01 - CT Camera not operating 
2024-07-18 14:00:01 - Passed Sunrise 
2024-07-18 14:00:01 - CT Camera not operating 
2024-07-18 14:10:01 - Passed Sunrise 
2024-07-18 14:10:01 - CT Camera not operating 
2024-07-18 14:20:01 - Passed Sunrise 
2024-07-18 14:20:01 - CT Camera not operating 
2024-07-18 14:30:01 - Passed Sunrise 
2024-07-18 14:30:01 - CT Camera not operating 
2024-07-18 14:40:01 - Passed Sunrise 
2024-07-18 14:40:01 - CT Camera not operating 
2024-07-18 14:50:01 - Passed Sunrise 
2024-07-18 14:50:01 - CT Camera not operating 
2024-07-18 15:00:01 - Passed Sunrise 
2024-07-18 15:00:01 - CT Camera not operating 
2024-07-18 15:10:01 - Passed Sunrise 
2024-07-18 15:10:01 - CT Camera not operating 
2024-07-18 15:20:01 - Passed Sunrise 
2024-07-18 15:20:01 - CT Camera not operating 
2024-07-18 15:30:01 - Passed Sunrise 
2024-07-18 15:30:01 - CT Camera not operating 
2024-07-18 15:40:01 - Passed Sunrise 
2024-07-18 15:40:01 - CT Camera not operating 
2024-07-18 15:50:01 - Passed Sunrise 
2024-07-18 15:50:01 - CT Camera not operating 
2024-07-18 16:00:01 - Passed Sunrise 
2024-07-18 16:00:01 - CT Camera not operating 
2024-07-18 16:10:01 - Passed Sunrise 
2024-07-18 16:10:01 - CT Camera not operating 
2024-07-18 16:20:01 - Passed Sunrise 
2024-07-18 16:20:01 - CT Camera not operating 
2024-07-18 16:30:01 - Passed Sunrise 
2024-07-18 16:30:01 - CT Camera not operating 
2024-07-18 16:40:01 - Passed Sunrise 
2024-07-18 16:40:01 - CT Camera not operating 
2024-07-18 16:50:01 - Passed Sunrise 
2024-07-18 16:50:01 - CT Camera not operating 
2024-07-18 20:01:01 - Added sunrise_time: 2024-07-19 11:27:38 
2024-07-19 10:00:01 - Before Sunrise 
2024-07-19 10:10:02 - Before Sunrise 
2024-07-19 10:20:01 - Before Sunrise 
2024-07-19 10:30:01 - Before Sunrise 
2024-07-19 10:40:01 - Before Sunrise 
2024-07-19 10:50:01 - Before Sunrise 
2024-07-19 11:00:01 - Before Sunrise 
2024-07-19 11:10:01 - Before Sunrise 
2024-07-19 11:20:01 - Before Sunrise 
2024-07-19 11:30:01 - Passed Sunrise 
2024-07-19 11:30:01 - CT Camera not operating 
2024-07-19 11:40:01 - Passed Sunrise 
2024-07-19 11:40:01 - CT Camera not operating 
2024-07-19 11:50:01 - Passed Sunrise 
2024-07-19 11:50:01 - CT Camera not operating 
2024-07-19 12:00:01 - Passed Sunrise 
2024-07-19 12:00:01 - CT Camera not operating 
2024-07-19 12:10:01 - Passed Sunrise 
2024-07-19 12:10:01 - CT Camera not operating 
2024-07-19 12:20:01 - Passed Sunrise 
2024-07-19 12:20:01 - CT Camera not operating 
2024-07-19 12:30:01 - Passed Sunrise 
2024-07-19 12:30:01 - CT Camera not operating 
2024-07-19 12:40:01 - Passed Sunrise 
2024-07-19 12:40:01 - CT Camera not operating 
2024-07-19 12:50:01 - Passed Sunrise 
2024-07-19 12:50:01 - CT Camera not operating 
2024-07-19 13:00:01 - Passed Sunrise 
2024-07-19 13:00:01 - CT Camera not operating 
2024-07-19 13:10:01 - Passed Sunrise 
2024-07-19 13:10:01 - CT Camera not operating 
2024-07-19 13:20:01 - Passed Sunrise 
2024-07-19 13:20:01 - CT Camera not operating 
2024-07-19 13:30:01 - Passed Sunrise 
2024-07-19 13:30:01 - CT Camera not operating 
2024-07-19 13:40:01 - Passed Sunrise 
2024-07-19 13:40:01 - CT Camera not operating 
2024-07-19 13:50:01 - Passed Sunrise 
2024-07-19 13:50:01 - CT Camera not operating 
2024-07-19 14:00:01 - Passed Sunrise 
2024-07-19 14:00:01 - CT Camera not operating 
2024-07-19 14:10:01 - Passed Sunrise 
2024-07-19 14:10:01 - CT Camera not operating 
2024-07-19 14:20:01 - Passed Sunrise 
2024-07-19 14:20:01 - CT Camera not operating 
2024-07-19 14:30:01 - Passed Sunrise 
2024-07-19 14:30:01 - CT Camera not operating 
2024-07-19 14:40:01 - Passed Sunrise 
2024-07-19 14:40:01 - CT Camera not operating 
2024-07-19 14:50:01 - Passed Sunrise 
2024-07-19 14:50:01 - CT Camera not operating 
2024-07-19 15:00:01 - Passed Sunrise 
2024-07-19 15:00:01 - CT Camera not operating 
2024-07-19 15:10:01 - Passed Sunrise 
2024-07-19 15:10:01 - CT Camera not operating 
2024-07-19 15:20:01 - Passed Sunrise 
2024-07-19 15:20:01 - CT Camera not operating 
2024-07-19 15:30:01 - Passed Sunrise 
2024-07-19 15:30:01 - CT Camera not operating 
2024-07-19 15:40:01 - Passed Sunrise 
2024-07-19 15:40:01 - CT Camera not operating 
2024-07-19 15:50:01 - Passed Sunrise 
2024-07-19 15:50:01 - CT Camera not operating 
2024-07-19 16:00:01 - Passed Sunrise 
2024-07-19 16:00:01 - CT Camera not operating 
2024-07-19 16:10:01 - Passed Sunrise 
2024-07-19 16:10:01 - CT Camera not operating 
2024-07-19 16:20:01 - Passed Sunrise 
2024-07-19 16:20:01 - CT Camera not operating 
2024-07-19 16:30:01 - Passed Sunrise 
2024-07-19 16:30:01 - CT Camera not operating 
2024-07-19 16:40:01 - Passed Sunrise 
2024-07-19 16:40:01 - CT Camera not operating 
2024-07-19 16:50:01 - Passed Sunrise 
2024-07-19 16:50:01 - CT Camera not operating 
2024-07-19 20:01:01 - Added sunrise_time: 2024-07-20 11:28:36 
2024-07-20 10:00:01 - Before Sunrise 
2024-07-20 10:10:01 - Before Sunrise 
2024-07-20 10:20:01 - Before Sunrise 
2024-07-20 10:30:01 - Before Sunrise 
2024-07-20 10:40:01 - Before Sunrise 
2024-07-20 10:50:02 - Before Sunrise 
2024-07-20 11:00:01 - Before Sunrise 
2024-07-20 11:10:01 - Before Sunrise 
2024-07-20 11:20:01 - Before Sunrise 
2024-07-20 11:30:01 - Passed Sunrise 
2024-07-20 11:30:01 - CT Camera not operating 
2024-07-20 11:40:01 - Passed Sunrise 
2024-07-20 11:40:01 - CT Camera not operating 
2024-07-20 11:50:01 - Passed Sunrise 
2024-07-20 11:50:01 - CT Camera not operating 
2024-07-20 12:00:01 - Passed Sunrise 
2024-07-20 12:00:01 - CT Camera not operating 
2024-07-20 12:10:01 - Passed Sunrise 
2024-07-20 12:10:01 - CT Camera not operating 
2024-07-20 12:20:01 - Passed Sunrise 
2024-07-20 12:20:01 - CT Camera not operating 
2024-07-20 12:30:01 - Passed Sunrise 
2024-07-20 12:30:01 - CT Camera not operating 
2024-07-20 12:40:01 - Passed Sunrise 
2024-07-20 12:40:01 - CT Camera not operating 
2024-07-20 12:50:01 - Passed Sunrise 
2024-07-20 12:50:01 - CT Camera not operating 
2024-07-20 13:00:01 - Passed Sunrise 
2024-07-20 13:00:01 - CT Camera not operating 
2024-07-20 13:10:01 - Passed Sunrise 
2024-07-20 13:10:01 - CT Camera not operating 
2024-07-20 13:20:01 - Passed Sunrise 
2024-07-20 13:20:01 - CT Camera not operating 
2024-07-20 13:30:01 - Passed Sunrise 
2024-07-20 13:30:01 - CT Camera not operating 
2024-07-20 13:40:01 - Passed Sunrise 
2024-07-20 13:40:01 - CT Camera not operating 
2024-07-20 13:50:01 - Passed Sunrise 
2024-07-20 13:50:01 - CT Camera not operating 
2024-07-20 14:00:01 - Passed Sunrise 
2024-07-20 14:00:01 - CT Camera not operating 
2024-07-20 14:10:01 - Passed Sunrise 
2024-07-20 14:10:01 - CT Camera not operating 
2024-07-20 14:20:01 - Passed Sunrise 
2024-07-20 14:20:01 - CT Camera not operating 
2024-07-20 14:30:01 - Passed Sunrise 
2024-07-20 14:30:01 - CT Camera not operating 
2024-07-20 14:40:01 - Passed Sunrise 
2024-07-20 14:40:01 - CT Camera not operating 
2024-07-20 14:50:01 - Passed Sunrise 
2024-07-20 14:50:01 - CT Camera not operating 
2024-07-20 15:00:01 - Passed Sunrise 
2024-07-20 15:00:01 - CT Camera not operating 
2024-07-20 15:10:01 - Passed Sunrise 
2024-07-20 15:10:01 - CT Camera not operating 
2024-07-20 15:20:01 - Passed Sunrise 
2024-07-20 15:20:01 - CT Camera not operating 
2024-07-20 15:30:01 - Passed Sunrise 
2024-07-20 15:30:01 - CT Camera not operating 
2024-07-20 15:40:01 - Passed Sunrise 
2024-07-20 15:40:01 - CT Camera not operating 
2024-07-20 15:50:01 - Passed Sunrise 
2024-07-20 15:50:01 - CT Camera not operating 
2024-07-20 16:00:01 - Passed Sunrise 
2024-07-20 16:00:01 - CT Camera not operating 
2024-07-20 16:10:01 - Passed Sunrise 
2024-07-20 16:10:01 - CT Camera not operating 
2024-07-20 16:20:01 - Passed Sunrise 
2024-07-20 16:20:01 - CT Camera not operating 
2024-07-20 16:30:01 - Passed Sunrise 
2024-07-20 16:30:01 - CT Camera not operating 
2024-07-20 16:40:01 - Passed Sunrise 
2024-07-20 16:40:01 - CT Camera not operating 
2024-07-20 16:50:01 - Passed Sunrise 
2024-07-20 16:50:01 - CT Camera not operating 
2024-07-20 20:01:01 - Added sunrise_time: 2024-07-21 11:29:34 
2024-07-21 10:00:01 - Before Sunrise 
2024-07-21 10:10:01 - Before Sunrise 
2024-07-21 10:20:01 - Before Sunrise 
2024-07-21 10:30:01 - Before Sunrise 
2024-07-21 10:40:01 - Before Sunrise 
2024-07-21 10:50:02 - Before Sunrise 
2024-07-21 11:00:01 - Before Sunrise 
2024-07-21 11:10:01 - Before Sunrise 
2024-07-21 11:20:01 - Before Sunrise 
2024-07-21 11:30:01 - Passed Sunrise 
2024-07-21 11:30:01 - CT Camera not operating 
2024-07-21 11:40:01 - Passed Sunrise 
2024-07-21 11:40:01 - CT Camera not operating 
2024-07-21 11:50:01 - Passed Sunrise 
2024-07-21 11:50:01 - CT Camera not operating 
2024-07-21 12:00:01 - Passed Sunrise 
2024-07-21 12:00:01 - CT Camera not operating 
2024-07-21 12:10:01 - Passed Sunrise 
2024-07-21 12:10:01 - CT Camera not operating 
2024-07-21 12:20:01 - Passed Sunrise 
2024-07-21 12:20:01 - CT Camera not operating 
2024-07-21 12:30:01 - Passed Sunrise 
2024-07-21 12:30:01 - CT Camera not operating 
2024-07-21 12:40:01 - Passed Sunrise 
2024-07-21 12:40:01 - CT Camera not operating 
2024-07-21 12:50:01 - Passed Sunrise 
2024-07-21 12:50:01 - CT Camera not operating 
2024-07-21 13:00:01 - Passed Sunrise 
2024-07-21 13:00:01 - CT Camera not operating 
2024-07-21 13:10:01 - Passed Sunrise 
2024-07-21 13:10:01 - CT Camera not operating 
2024-07-21 13:20:01 - Passed Sunrise 
2024-07-21 13:20:01 - CT Camera not operating 
2024-07-21 13:30:01 - Passed Sunrise 
2024-07-21 13:30:01 - CT Camera not operating 
2024-07-21 13:40:02 - Passed Sunrise 
2024-07-21 13:40:02 - CT Camera not operating 
2024-07-21 13:50:01 - Passed Sunrise 
2024-07-21 13:50:01 - CT Camera not operating 
2024-07-21 14:00:01 - Passed Sunrise 
2024-07-21 14:00:01 - CT Camera not operating 
2024-07-21 14:10:01 - Passed Sunrise 
2024-07-21 14:10:01 - CT Camera not operating 
2024-07-21 14:20:01 - Passed Sunrise 
2024-07-21 14:20:01 - CT Camera not operating 
2024-07-21 14:30:01 - Passed Sunrise 
2024-07-21 14:30:01 - CT Camera not operating 
2024-07-21 14:40:01 - Passed Sunrise 
2024-07-21 14:40:01 - CT Camera not operating 
2024-07-21 14:50:01 - Passed Sunrise 
2024-07-21 14:50:01 - CT Camera not operating 
2024-07-21 15:00:02 - Passed Sunrise 
2024-07-21 15:00:02 - CT Camera not operating 
2024-07-21 15:10:01 - Passed Sunrise 
2024-07-21 15:10:01 - CT Camera not operating 
2024-07-21 15:20:01 - Passed Sunrise 
2024-07-21 15:20:01 - CT Camera not operating 
2024-07-21 15:30:01 - Passed Sunrise 
2024-07-21 15:30:01 - CT Camera not operating 
2024-07-21 15:40:01 - Passed Sunrise 
2024-07-21 15:40:01 - CT Camera not operating 
2024-07-21 15:50:01 - Passed Sunrise 
2024-07-21 15:50:01 - CT Camera not operating 
2024-07-21 16:00:01 - Passed Sunrise 
2024-07-21 16:00:01 - CT Camera not operating 
2024-07-21 16:10:01 - Passed Sunrise 
2024-07-21 16:10:01 - CT Camera not operating 
2024-07-21 16:20:01 - Passed Sunrise 
2024-07-21 16:20:01 - CT Camera not operating 
2024-07-21 16:30:01 - Passed Sunrise 
2024-07-21 16:30:01 - CT Camera not operating 
2024-07-21 16:40:01 - Passed Sunrise 
2024-07-21 16:40:01 - CT Camera not operating 
2024-07-21 16:50:01 - Passed Sunrise 
2024-07-21 16:50:01 - CT Camera not operating 
2024-07-21 20:01:01 - Added sunrise_time: 2024-07-22 11:30:32 
2024-07-22 10:00:01 - Before Sunrise 
2024-07-22 10:10:01 - Before Sunrise 
2024-07-22 10:20:01 - Before Sunrise 
2024-07-22 10:30:01 - Before Sunrise 
2024-07-22 10:40:01 - Before Sunrise 
2024-07-22 10:50:01 - Before Sunrise 
2024-07-22 11:00:01 - Before Sunrise 
2024-07-22 11:10:01 - Before Sunrise 
2024-07-22 11:20:01 - Before Sunrise 
2024-07-22 11:30:01 - Before Sunrise 
2024-07-22 11:40:01 - Passed Sunrise 
2024-07-22 11:40:01 - CT Camera not operating 
2024-07-22 11:50:02 - Passed Sunrise 
2024-07-22 11:50:02 - CT Camera not operating 
2024-07-22 12:00:01 - Passed Sunrise 
2024-07-22 12:00:01 - CT Camera not operating 
2024-07-22 12:10:01 - Passed Sunrise 
2024-07-22 12:10:01 - CT Camera not operating 
2024-07-22 12:20:01 - Passed Sunrise 
2024-07-22 12:20:01 - CT Camera not operating 
2024-07-22 12:30:01 - Passed Sunrise 
2024-07-22 12:30:01 - CT Camera not operating 
2024-07-22 12:40:01 - Passed Sunrise 
2024-07-22 12:40:01 - CT Camera not operating 
2024-07-22 12:50:01 - Passed Sunrise 
2024-07-22 12:50:01 - CT Camera not operating 
2024-07-22 13:00:01 - Passed Sunrise 
2024-07-22 13:00:01 - CT Camera not operating 
2024-07-22 13:10:01 - Passed Sunrise 
2024-07-22 13:10:01 - CT Camera not operating 
2024-07-22 13:20:01 - Passed Sunrise 
2024-07-22 13:20:01 - CT Camera not operating 
2024-07-22 13:30:01 - Passed Sunrise 
2024-07-22 13:30:01 - CT Camera not operating 
2024-07-22 13:40:01 - Passed Sunrise 
2024-07-22 13:40:01 - CT Camera not operating 
2024-07-22 13:50:01 - Passed Sunrise 
2024-07-22 13:50:01 - CT Camera not operating 
2024-07-22 14:00:01 - Passed Sunrise 
2024-07-22 14:00:01 - CT Camera not operating 
2024-07-22 14:10:01 - Passed Sunrise 
2024-07-22 14:10:01 - CT Camera not operating 
2024-07-22 14:20:01 - Passed Sunrise 
2024-07-22 14:20:01 - CT Camera not operating 
2024-07-22 14:30:01 - Passed Sunrise 
2024-07-22 14:30:01 - CT Camera not operating 
2024-07-22 14:40:02 - Passed Sunrise 
2024-07-22 14:40:02 - CT Camera not operating 
2024-07-22 14:50:01 - Passed Sunrise 
2024-07-22 14:50:01 - CT Camera not operating 
2024-07-22 15:00:01 - Passed Sunrise 
2024-07-22 15:00:01 - CT Camera not operating 
2024-07-22 15:10:01 - Passed Sunrise 
2024-07-22 15:10:01 - CT Camera not operating 
2024-07-22 15:20:01 - Passed Sunrise 
2024-07-22 15:20:01 - CT Camera not operating 
2024-07-22 15:30:01 - Passed Sunrise 
2024-07-22 15:30:01 - CT Camera not operating 
2024-07-22 15:40:01 - Passed Sunrise 
2024-07-22 15:40:01 - CT Camera not operating 
2024-07-22 15:50:01 - Passed Sunrise 
2024-07-22 15:50:01 - CT Camera not operating 
2024-07-22 16:00:01 - Passed Sunrise 
2024-07-22 16:00:01 - CT Camera not operating 
2024-07-22 16:10:01 - Passed Sunrise 
2024-07-22 16:10:01 - CT Camera not operating 
2024-07-22 16:20:01 - Passed Sunrise 
2024-07-22 16:20:01 - CT Camera not operating 
2024-07-22 16:30:01 - Passed Sunrise 
2024-07-22 16:30:01 - CT Camera not operating 
2024-07-22 16:40:01 - Passed Sunrise 
2024-07-22 16:40:01 - CT Camera not operating 
2024-07-22 16:50:01 - Passed Sunrise 
2024-07-22 16:50:01 - CT Camera not operating 
2024-07-22 20:01:01 - Added sunrise_time: 2024-07-23 11:31:31 
2024-07-23 10:00:01 - Before Sunrise 
2024-07-23 10:10:02 - Before Sunrise 
2024-07-23 10:20:01 - Before Sunrise 
2024-07-23 10:30:01 - Before Sunrise 
2024-07-23 10:40:01 - Before Sunrise 
2024-07-23 10:50:01 - Before Sunrise 
2024-07-23 11:00:01 - Before Sunrise 
2024-07-23 11:10:01 - Before Sunrise 
2024-07-23 11:20:01 - Before Sunrise 
2024-07-23 11:30:01 - Before Sunrise 
2024-07-23 11:40:01 - Passed Sunrise 
2024-07-23 11:40:01 - CT Camera not operating 
2024-07-23 11:50:01 - Passed Sunrise 
2024-07-23 11:50:01 - CT Camera not operating 
2024-07-23 12:00:01 - Passed Sunrise 
2024-07-23 12:00:01 - CT Camera not operating 
2024-07-23 12:10:01 - Passed Sunrise 
2024-07-23 12:10:01 - CT Camera not operating 
2024-07-23 12:20:01 - Passed Sunrise 
2024-07-23 12:20:01 - CT Camera not operating 
2024-07-23 12:30:01 - Passed Sunrise 
2024-07-23 12:30:01 - CT Camera not operating 
2024-07-23 12:40:01 - Passed Sunrise 
2024-07-23 12:40:01 - CT Camera not operating 
2024-07-23 12:50:02 - Passed Sunrise 
2024-07-23 12:50:02 - CT Camera not operating 
2024-07-23 13:00:01 - Passed Sunrise 
2024-07-23 13:00:01 - CT Camera not operating 
2024-07-23 13:10:01 - Passed Sunrise 
2024-07-23 13:10:01 - CT Camera not operating 
2024-07-23 13:20:01 - Passed Sunrise 
2024-07-23 13:20:01 - CT Camera not operating 
2024-07-23 13:30:01 - Passed Sunrise 
2024-07-23 13:30:01 - CT Camera not operating 
2024-07-23 13:40:01 - Passed Sunrise 
2024-07-23 13:40:01 - CT Camera not operating 
2024-07-23 13:50:01 - Passed Sunrise 
2024-07-23 13:50:01 - CT Camera not operating 
2024-07-23 14:00:01 - Passed Sunrise 
2024-07-23 14:00:01 - CT Camera not operating 
2024-07-23 14:10:01 - Passed Sunrise 
2024-07-23 14:10:01 - CT Camera not operating 
2024-07-23 14:20:01 - Passed Sunrise 
2024-07-23 14:20:01 - CT Camera not operating 
2024-07-23 14:30:01 - Passed Sunrise 
2024-07-23 14:30:01 - CT Camera not operating 
2024-07-23 14:40:01 - Passed Sunrise 
2024-07-23 14:40:01 - CT Camera not operating 
2024-07-23 14:50:01 - Passed Sunrise 
2024-07-23 14:50:01 - CT Camera not operating 
2024-07-23 15:00:01 - Passed Sunrise 
2024-07-23 15:00:01 - CT Camera not operating 
2024-07-23 15:10:01 - Passed Sunrise 
2024-07-23 15:10:01 - CT Camera not operating 
2024-07-23 15:20:01 - Passed Sunrise 
2024-07-23 15:20:01 - CT Camera not operating 
2024-07-23 15:30:01 - Passed Sunrise 
2024-07-23 15:30:01 - CT Camera not operating 
2024-07-23 15:40:02 - Passed Sunrise 
2024-07-23 15:40:02 - CT Camera not operating 
2024-07-23 15:50:01 - Passed Sunrise 
2024-07-23 15:50:01 - CT Camera not operating 
2024-07-23 16:00:01 - Passed Sunrise 
2024-07-23 16:00:01 - CT Camera not operating 
2024-07-23 16:10:01 - Passed Sunrise 
2024-07-23 16:10:01 - CT Camera not operating 
2024-07-23 16:20:01 - Passed Sunrise 
2024-07-23 16:20:01 - CT Camera not operating 
2024-07-23 16:30:01 - Passed Sunrise 
2024-07-23 16:30:01 - CT Camera not operating 
2024-07-23 16:40:01 - Passed Sunrise 
2024-07-23 16:40:01 - CT Camera not operating 
2024-07-23 16:50:01 - Passed Sunrise 
2024-07-23 16:50:01 - CT Camera not operating 
2024-07-23 20:01:02 - Added sunrise_time: 2024-07-24 11:32:31 
2024-07-24 10:00:01 - Before Sunrise 
2024-07-24 10:10:01 - Before Sunrise 
2024-07-24 10:20:01 - Before Sunrise 
2024-07-24 10:30:01 - Before Sunrise 
2024-07-24 10:40:01 - Before Sunrise 
2024-07-24 10:50:01 - Before Sunrise 
2024-07-24 11:00:01 - Before Sunrise 
2024-07-24 11:10:01 - Before Sunrise 
2024-07-24 11:20:01 - Before Sunrise 
2024-07-24 11:30:01 - Before Sunrise 
2024-07-24 11:40:01 - Passed Sunrise 
2024-07-24 11:40:01 - CT Camera not operating 
2024-07-24 11:50:01 - Passed Sunrise 
2024-07-24 11:50:01 - CT Camera not operating 
2024-07-24 12:00:01 - Passed Sunrise 
2024-07-24 12:00:01 - CT Camera not operating 
2024-07-24 12:10:01 - Passed Sunrise 
2024-07-24 12:10:01 - CT Camera not operating 
2024-07-24 12:20:01 - Passed Sunrise 
2024-07-24 12:20:01 - CT Camera not operating 
2024-07-24 12:30:01 - Passed Sunrise 
2024-07-24 12:30:01 - CT Camera not operating 
2024-07-24 12:40:01 - Passed Sunrise 
2024-07-24 12:40:01 - CT Camera not operating 
2024-07-24 12:50:01 - Passed Sunrise 
2024-07-24 12:50:01 - CT Camera not operating 
2024-07-24 13:00:01 - Passed Sunrise 
2024-07-24 13:00:01 - CT Camera not operating 
2024-07-24 13:10:01 - Passed Sunrise 
2024-07-24 13:10:01 - CT Camera not operating 
2024-07-24 13:20:01 - Passed Sunrise 
2024-07-24 13:20:01 - CT Camera not operating 
2024-07-24 13:30:01 - Passed Sunrise 
2024-07-24 13:30:01 - CT Camera not operating 
2024-07-24 13:40:01 - Passed Sunrise 
2024-07-24 13:40:01 - CT Camera not operating 
2024-07-24 13:50:01 - Passed Sunrise 
2024-07-24 13:50:01 - CT Camera not operating 
2024-07-24 14:00:02 - Passed Sunrise 
2024-07-24 14:00:02 - CT Camera not operating 
2024-07-24 14:10:01 - Passed Sunrise 
2024-07-24 14:10:01 - CT Camera not operating 
2024-07-24 14:20:01 - Passed Sunrise 
2024-07-24 14:20:01 - CT Camera not operating 
2024-07-24 14:30:01 - Passed Sunrise 
2024-07-24 14:30:01 - CT Camera not operating 
2024-07-24 14:40:01 - Passed Sunrise 
2024-07-24 14:40:01 - CT Camera not operating 
2024-07-24 14:50:01 - Passed Sunrise 
2024-07-24 14:50:01 - CT Camera not operating 
2024-07-24 15:00:01 - Passed Sunrise 
2024-07-24 15:00:01 - CT Camera not operating 
2024-07-24 15:10:01 - Passed Sunrise 
2024-07-24 15:10:01 - CT Camera not operating 
2024-07-24 15:20:01 - Passed Sunrise 
2024-07-24 15:20:01 - CT Camera not operating 
2024-07-24 15:30:01 - Passed Sunrise 
2024-07-24 15:30:01 - CT Camera not operating 
2024-07-24 15:40:01 - Passed Sunrise 
2024-07-24 15:40:01 - CT Camera not operating 
2024-07-24 15:50:01 - Passed Sunrise 
2024-07-24 15:50:01 - CT Camera not operating 
2024-07-24 16:00:01 - Passed Sunrise 
2024-07-24 16:00:01 - CT Camera not operating 
2024-07-24 16:10:01 - Passed Sunrise 
2024-07-24 16:10:01 - CT Camera not operating 
2024-07-24 16:20:01 - Passed Sunrise 
2024-07-24 16:20:01 - CT Camera not operating 
2024-07-24 16:30:01 - Passed Sunrise 
2024-07-24 16:30:01 - CT Camera not operating 
2024-07-24 16:40:01 - Passed Sunrise 
2024-07-24 16:40:01 - CT Camera not operating 
2024-07-24 16:50:01 - Passed Sunrise 
2024-07-24 16:50:01 - CT Camera not operating 
2024-07-24 20:01:01 - Added sunrise_time: 2024-07-25 11:33:32 
2024-07-25 10:00:01 - Before Sunrise 
2024-07-25 10:10:01 - Before Sunrise 
2024-07-25 10:20:01 - Before Sunrise 
2024-07-25 10:30:01 - Before Sunrise 
2024-07-25 10:40:01 - Before Sunrise 
2024-07-25 10:50:02 - Before Sunrise 
2024-07-25 11:00:01 - Before Sunrise 
2024-07-25 11:10:01 - Before Sunrise 
2024-07-25 11:20:01 - Before Sunrise 
2024-07-25 11:30:01 - Before Sunrise 
2024-07-25 11:40:01 - Passed Sunrise 
2024-07-25 11:40:01 - CT Camera not operating 
2024-07-25 11:50:01 - Passed Sunrise 
2024-07-25 11:50:01 - CT Camera not operating 
2024-07-25 12:00:01 - Passed Sunrise 
2024-07-25 12:00:01 - CT Camera not operating 
2024-07-25 12:10:01 - Passed Sunrise 
2024-07-25 12:10:01 - CT Camera not operating 
2024-07-25 12:20:01 - Passed Sunrise 
2024-07-25 12:20:01 - CT Camera not operating 
2024-07-25 12:30:01 - Passed Sunrise 
2024-07-25 12:30:01 - CT Camera not operating 
2024-07-25 12:40:01 - Passed Sunrise 
2024-07-25 12:40:01 - CT Camera not operating 
2024-07-25 12:50:01 - Passed Sunrise 
2024-07-25 12:50:01 - CT Camera not operating 
2024-07-25 13:00:01 - Passed Sunrise 
2024-07-25 13:00:01 - CT Camera not operating 
2024-07-25 13:10:01 - Passed Sunrise 
2024-07-25 13:10:01 - CT Camera not operating 
2024-07-25 13:20:01 - Passed Sunrise 
2024-07-25 13:20:01 - CT Camera not operating 
2024-07-25 13:30:01 - Passed Sunrise 
2024-07-25 13:30:01 - CT Camera not operating 
2024-07-25 13:40:02 - Passed Sunrise 
2024-07-25 13:40:02 - CT Camera not operating 
2024-07-25 13:50:01 - Passed Sunrise 
2024-07-25 13:50:01 - CT Camera not operating 
2024-07-25 14:00:01 - Passed Sunrise 
2024-07-25 14:00:01 - CT Camera not operating 
2024-07-25 14:10:01 - Passed Sunrise 
2024-07-25 14:10:01 - CT Camera not operating 
2024-07-25 14:20:01 - Passed Sunrise 
2024-07-25 14:20:01 - CT Camera not operating 
2024-07-25 14:30:01 - Passed Sunrise 
2024-07-25 14:30:01 - CT Camera not operating 
2024-07-25 14:40:01 - Passed Sunrise 
2024-07-25 14:40:01 - CT Camera not operating 
2024-07-25 14:50:01 - Passed Sunrise 
2024-07-25 14:50:01 - CT Camera not operating 
2024-07-25 15:00:01 - Passed Sunrise 
2024-07-25 15:00:01 - CT Camera not operating 
2024-07-25 15:10:01 - Passed Sunrise 
2024-07-25 15:10:01 - CT Camera not operating 
2024-07-25 15:20:01 - Passed Sunrise 
2024-07-25 15:20:01 - CT Camera not operating 
2024-07-25 15:30:01 - Passed Sunrise 
2024-07-25 15:30:01 - CT Camera not operating 
2024-07-25 15:40:01 - Passed Sunrise 
2024-07-25 15:40:01 - CT Camera not operating 
2024-07-25 15:50:01 - Passed Sunrise 
2024-07-25 15:50:01 - CT Camera not operating 
2024-07-25 16:00:01 - Passed Sunrise 
2024-07-25 16:00:01 - CT Camera not operating 
2024-07-25 16:10:01 - Passed Sunrise 
2024-07-25 16:10:01 - CT Camera not operating 
2024-07-25 16:20:02 - Passed Sunrise 
2024-07-25 16:20:02 - CT Camera not operating 
2024-07-25 16:30:01 - Passed Sunrise 
2024-07-25 16:30:01 - CT Camera not operating 
2024-07-25 16:40:01 - Passed Sunrise 
2024-07-25 16:40:01 - CT Camera not operating 
2024-07-25 16:50:01 - Passed Sunrise 
2024-07-25 16:50:01 - CT Camera not operating 
2024-07-25 20:01:01 - Added sunrise_time: 2024-07-26 11:34:33 
2024-07-26 10:00:01 - Before Sunrise 
2024-07-26 10:10:01 - Before Sunrise 
2024-07-26 10:20:01 - Before Sunrise 
2024-07-26 10:30:01 - Before Sunrise 
2024-07-26 10:40:01 - Before Sunrise 
2024-07-26 10:50:01 - Before Sunrise 
2024-07-26 11:00:01 - Before Sunrise 
2024-07-26 11:10:01 - Before Sunrise 
2024-07-26 11:20:01 - Before Sunrise 
2024-07-26 11:30:01 - Before Sunrise 
2024-07-26 11:40:01 - Passed Sunrise 
2024-07-26 11:40:01 - CT Camera not operating 
2024-07-26 11:50:01 - Passed Sunrise 
2024-07-26 11:50:01 - CT Camera not operating 
2024-07-26 12:00:01 - Passed Sunrise 
2024-07-26 12:00:01 - CT Camera not operating 
2024-07-26 12:10:01 - Passed Sunrise 
2024-07-26 12:10:01 - CT Camera not operating 
2024-07-26 12:20:01 - Passed Sunrise 
2024-07-26 12:20:01 - CT Camera not operating 
2024-07-26 12:30:01 - Passed Sunrise 
2024-07-26 12:30:01 - CT Camera not operating 
2024-07-26 12:40:01 - Passed Sunrise 
2024-07-26 12:40:01 - CT Camera not operating 
2024-07-26 12:50:01 - Passed Sunrise 
2024-07-26 12:50:01 - CT Camera not operating 
2024-07-26 13:00:01 - Passed Sunrise 
2024-07-26 13:00:01 - CT Camera not operating 
2024-07-26 13:10:01 - Passed Sunrise 
2024-07-26 13:10:01 - CT Camera not operating 
2024-07-26 13:20:01 - Passed Sunrise 
2024-07-26 13:20:01 - CT Camera not operating 
2024-07-26 13:30:01 - Passed Sunrise 
2024-07-26 13:30:01 - CT Camera not operating 
2024-07-26 13:40:01 - Passed Sunrise 
2024-07-26 13:40:01 - CT Camera not operating 
2024-07-26 13:50:01 - Passed Sunrise 
2024-07-26 13:50:01 - CT Camera not operating 
2024-07-26 14:00:01 - Passed Sunrise 
2024-07-26 14:00:01 - CT Camera not operating 
2024-07-26 14:10:01 - Passed Sunrise 
2024-07-26 14:10:01 - CT Camera not operating 
2024-07-26 14:20:01 - Passed Sunrise 
2024-07-26 14:20:01 - CT Camera not operating 
2024-07-26 14:30:01 - Passed Sunrise 
2024-07-26 14:30:01 - CT Camera not operating 
2024-07-26 14:40:01 - Passed Sunrise 
2024-07-26 14:40:01 - CT Camera not operating 
2024-07-26 14:50:01 - Passed Sunrise 
2024-07-26 14:50:01 - CT Camera not operating 
2024-07-26 15:00:01 - Passed Sunrise 
2024-07-26 15:00:01 - CT Camera not operating 
2024-07-26 15:10:01 - Passed Sunrise 
2024-07-26 15:10:01 - CT Camera not operating 
2024-07-26 15:20:01 - Passed Sunrise 
2024-07-26 15:20:01 - CT Camera not operating 
2024-07-26 15:30:01 - Passed Sunrise 
2024-07-26 15:30:01 - CT Camera not operating 
2024-07-26 15:40:01 - Passed Sunrise 
2024-07-26 15:40:01 - CT Camera not operating 
2024-07-26 15:50:01 - Passed Sunrise 
2024-07-26 15:50:01 - CT Camera not operating 
2024-07-26 16:00:01 - Passed Sunrise 
2024-07-26 16:00:01 - CT Camera not operating 
2024-07-26 16:10:01 - Passed Sunrise 
2024-07-26 16:10:01 - CT Camera not operating 
2024-07-26 16:20:01 - Passed Sunrise 
2024-07-26 16:20:01 - CT Camera not operating 
2024-07-26 16:30:01 - Passed Sunrise 
2024-07-26 16:30:01 - CT Camera not operating 
2024-07-26 16:40:01 - Passed Sunrise 
2024-07-26 16:40:01 - CT Camera not operating 
2024-07-26 16:50:01 - Passed Sunrise 
2024-07-26 16:50:01 - CT Camera not operating 
2024-07-26 20:01:01 - Added sunrise_time: 2024-07-27 11:35:34 
2024-07-27 10:00:01 - Before Sunrise 
2024-07-27 10:10:01 - Before Sunrise 
2024-07-27 10:20:01 - Before Sunrise 
2024-07-27 10:30:01 - Before Sunrise 
2024-07-27 10:40:01 - Before Sunrise 
2024-07-27 10:50:01 - Before Sunrise 
2024-07-27 11:00:01 - Before Sunrise 
2024-07-27 11:10:01 - Before Sunrise 
2024-07-27 11:20:01 - Before Sunrise 
2024-07-27 11:30:01 - Before Sunrise 
2024-07-27 11:40:01 - Passed Sunrise 
2024-07-27 11:40:01 - CT Camera not operating 
2024-07-27 11:50:01 - Passed Sunrise 
2024-07-27 11:50:01 - CT Camera not operating 
2024-07-27 12:00:01 - Passed Sunrise 
2024-07-27 12:00:01 - CT Camera not operating 
2024-07-27 12:10:01 - Passed Sunrise 
2024-07-27 12:10:01 - CT Camera not operating 
2024-07-27 12:20:01 - Passed Sunrise 
2024-07-27 12:20:01 - CT Camera not operating 
2024-07-27 12:30:01 - Passed Sunrise 
2024-07-27 12:30:01 - CT Camera not operating 
2024-07-27 12:40:01 - Passed Sunrise 
2024-07-27 12:40:01 - CT Camera not operating 
2024-07-27 12:50:01 - Passed Sunrise 
2024-07-27 12:50:01 - CT Camera not operating 
2024-07-27 13:00:02 - Passed Sunrise 
2024-07-27 13:00:02 - CT Camera not operating 
2024-07-27 13:10:01 - Passed Sunrise 
2024-07-27 13:10:01 - CT Camera not operating 
2024-07-27 13:20:01 - Passed Sunrise 
2024-07-27 13:20:01 - CT Camera not operating 
2024-07-27 13:30:01 - Passed Sunrise 
2024-07-27 13:30:01 - CT Camera not operating 
2024-07-27 13:40:01 - Passed Sunrise 
2024-07-27 13:40:01 - CT Camera not operating 
2024-07-27 13:50:01 - Passed Sunrise 
2024-07-27 13:50:01 - CT Camera not operating 
2024-07-27 14:00:01 - Passed Sunrise 
2024-07-27 14:00:01 - CT Camera not operating 
2024-07-27 14:10:01 - Passed Sunrise 
2024-07-27 14:10:01 - CT Camera not operating 
2024-07-27 14:20:01 - Passed Sunrise 
2024-07-27 14:20:01 - CT Camera not operating 
2024-07-27 14:30:01 - Passed Sunrise 
2024-07-27 14:30:01 - CT Camera not operating 
2024-07-27 14:40:01 - Passed Sunrise 
2024-07-27 14:40:01 - CT Camera not operating 
2024-07-27 14:50:01 - Passed Sunrise 
2024-07-27 14:50:01 - CT Camera not operating 
2024-07-27 15:00:01 - Passed Sunrise 
2024-07-27 15:00:01 - CT Camera not operating 
2024-07-27 15:10:01 - Passed Sunrise 
2024-07-27 15:10:01 - CT Camera not operating 
2024-07-27 15:20:01 - Passed Sunrise 
2024-07-27 15:20:01 - CT Camera not operating 
2024-07-27 15:30:01 - Passed Sunrise 
2024-07-27 15:30:01 - CT Camera not operating 
2024-07-27 15:40:01 - Passed Sunrise 
2024-07-27 15:40:01 - CT Camera not operating 
2024-07-27 15:50:01 - Passed Sunrise 
2024-07-27 15:50:01 - CT Camera not operating 
2024-07-27 16:00:01 - Passed Sunrise 
2024-07-27 16:00:01 - CT Camera not operating 
2024-07-27 16:10:01 - Passed Sunrise 
2024-07-27 16:10:01 - CT Camera not operating 
2024-07-27 16:20:01 - Passed Sunrise 
2024-07-27 16:20:01 - CT Camera not operating 
2024-07-27 16:30:01 - Passed Sunrise 
2024-07-27 16:30:01 - CT Camera not operating 
2024-07-27 16:40:01 - Passed Sunrise 
2024-07-27 16:40:01 - CT Camera not operating 
2024-07-27 16:50:01 - Passed Sunrise 
2024-07-27 16:50:01 - CT Camera not operating 
2024-07-27 20:01:02 - Added sunrise_time: 2024-07-28 11:36:36 
2024-07-28 10:00:01 - Before Sunrise 
2024-07-28 10:10:01 - Before Sunrise 
2024-07-28 10:20:01 - Before Sunrise 
2024-07-28 10:30:01 - Before Sunrise 
2024-07-28 10:40:01 - Before Sunrise 
2024-07-28 10:50:01 - Before Sunrise 
2024-07-28 11:00:01 - Before Sunrise 
2024-07-28 11:10:01 - Before Sunrise 
2024-07-28 11:20:01 - Before Sunrise 
2024-07-28 11:30:01 - Before Sunrise 
2024-07-28 11:40:01 - Passed Sunrise 
2024-07-28 11:40:01 - CT Camera not operating 
2024-07-28 11:50:01 - Passed Sunrise 
2024-07-28 11:50:01 - CT Camera not operating 
2024-07-28 12:00:01 - Passed Sunrise 
2024-07-28 12:00:01 - CT Camera not operating 
2024-07-28 12:10:01 - Passed Sunrise 
2024-07-28 12:10:01 - CT Camera not operating 
2024-07-28 12:20:01 - Passed Sunrise 
2024-07-28 12:20:01 - CT Camera not operating 
2024-07-28 12:30:01 - Passed Sunrise 
2024-07-28 12:30:01 - CT Camera not operating 
2024-07-28 12:40:01 - Passed Sunrise 
2024-07-28 12:40:01 - CT Camera not operating 
2024-07-28 12:50:01 - Passed Sunrise 
2024-07-28 12:50:01 - CT Camera not operating 
2024-07-28 13:00:01 - Passed Sunrise 
2024-07-28 13:00:01 - CT Camera not operating 
2024-07-28 13:10:01 - Passed Sunrise 
2024-07-28 13:10:01 - CT Camera not operating 
2024-07-28 13:20:01 - Passed Sunrise 
2024-07-28 13:20:01 - CT Camera not operating 
2024-07-28 13:30:01 - Passed Sunrise 
2024-07-28 13:30:01 - CT Camera not operating 
2024-07-28 13:40:01 - Passed Sunrise 
2024-07-28 13:40:01 - CT Camera not operating 
2024-07-28 13:50:01 - Passed Sunrise 
2024-07-28 13:50:01 - CT Camera not operating 
2024-07-28 14:00:02 - Passed Sunrise 
2024-07-28 14:00:02 - CT Camera not operating 
2024-07-28 14:10:01 - Passed Sunrise 
2024-07-28 14:10:01 - CT Camera not operating 
2024-07-28 14:20:01 - Passed Sunrise 
2024-07-28 14:20:01 - CT Camera not operating 
2024-07-28 14:30:01 - Passed Sunrise 
2024-07-28 14:30:01 - CT Camera not operating 
2024-07-28 14:40:01 - Passed Sunrise 
2024-07-28 14:40:01 - CT Camera not operating 
2024-07-28 14:50:01 - Passed Sunrise 
2024-07-28 14:50:01 - CT Camera not operating 
2024-07-28 15:00:01 - Passed Sunrise 
2024-07-28 15:00:01 - CT Camera not operating 
2024-07-28 15:10:01 - Passed Sunrise 
2024-07-28 15:10:01 - CT Camera not operating 
2024-07-28 15:20:01 - Passed Sunrise 
2024-07-28 15:20:01 - CT Camera not operating 
2024-07-28 15:30:01 - Passed Sunrise 
2024-07-28 15:30:01 - CT Camera not operating 
2024-07-28 15:40:01 - Passed Sunrise 
2024-07-28 15:40:01 - CT Camera not operating 
2024-07-28 15:50:01 - Passed Sunrise 
2024-07-28 15:50:01 - CT Camera not operating 
2024-07-28 16:00:01 - Passed Sunrise 
2024-07-28 16:00:01 - CT Camera not operating 
2024-07-28 16:10:01 - Passed Sunrise 
2024-07-28 16:10:01 - CT Camera not operating 
2024-07-28 16:20:01 - Passed Sunrise 
2024-07-28 16:20:01 - CT Camera not operating 
2024-07-28 16:30:01 - Passed Sunrise 
2024-07-28 16:30:01 - CT Camera not operating 
2024-07-28 16:40:01 - Passed Sunrise 
2024-07-28 16:40:01 - CT Camera not operating 
2024-07-28 16:50:01 - Passed Sunrise 
2024-07-28 16:50:01 - CT Camera not operating 
2024-07-28 20:01:01 - Added sunrise_time: 2024-07-29 11:37:39 
2024-07-29 10:00:01 - Before Sunrise 
2024-07-29 10:10:01 - Before Sunrise 
2024-07-29 10:20:02 - Before Sunrise 
2024-07-29 10:30:01 - Before Sunrise 
2024-07-29 10:40:01 - Before Sunrise 
2024-07-29 10:50:01 - Before Sunrise 
2024-07-29 11:00:01 - Before Sunrise 
2024-07-29 11:10:01 - Before Sunrise 
2024-07-29 11:20:01 - Before Sunrise 
2024-07-29 11:30:01 - Before Sunrise 
2024-07-29 11:40:01 - Passed Sunrise 
2024-07-29 11:40:01 - CT Camera not operating 
2024-07-29 11:50:01 - Passed Sunrise 
2024-07-29 11:50:01 - CT Camera not operating 
2024-07-29 12:00:01 - Passed Sunrise 
2024-07-29 12:00:01 - CT Camera not operating 
2024-07-29 12:10:01 - Passed Sunrise 
2024-07-29 12:10:01 - CT Camera not operating 
2024-07-29 12:20:01 - Passed Sunrise 
2024-07-29 12:20:01 - CT Camera not operating 
2024-07-29 12:30:01 - Passed Sunrise 
2024-07-29 12:30:01 - CT Camera not operating 
2024-07-29 12:40:01 - Passed Sunrise 
2024-07-29 12:40:01 - CT Camera not operating 
2024-07-29 12:50:01 - Passed Sunrise 
2024-07-29 12:50:01 - CT Camera not operating 
2024-07-29 13:00:01 - Passed Sunrise 
2024-07-29 13:00:01 - CT Camera not operating 
2024-07-29 13:10:01 - Passed Sunrise 
2024-07-29 13:10:01 - CT Camera not operating 
2024-07-29 13:20:01 - Passed Sunrise 
2024-07-29 13:20:01 - CT Camera not operating 
2024-07-29 13:30:01 - Passed Sunrise 
2024-07-29 13:30:01 - CT Camera not operating 
2024-07-29 13:40:01 - Passed Sunrise 
2024-07-29 13:40:01 - CT Camera not operating 
2024-07-29 13:50:01 - Passed Sunrise 
2024-07-29 13:50:01 - CT Camera not operating 
2024-07-29 14:00:01 - Passed Sunrise 
2024-07-29 14:00:01 - CT Camera not operating 
2024-07-29 14:10:01 - Passed Sunrise 
2024-07-29 14:10:01 - CT Camera not operating 
2024-07-29 14:20:01 - Passed Sunrise 
2024-07-29 14:20:01 - CT Camera not operating 
2024-07-29 14:30:01 - Passed Sunrise 
2024-07-29 14:30:01 - CT Camera not operating 
2024-07-29 14:40:01 - Passed Sunrise 
2024-07-29 14:40:01 - CT Camera not operating 
2024-07-29 14:50:01 - Passed Sunrise 
2024-07-29 14:50:01 - CT Camera not operating 
2024-07-29 15:00:01 - Passed Sunrise 
2024-07-29 15:00:01 - CT Camera not operating 
2024-07-29 15:10:01 - Passed Sunrise 
2024-07-29 15:10:01 - CT Camera not operating 
2024-07-29 15:20:01 - Passed Sunrise 
2024-07-29 15:20:01 - CT Camera not operating 
2024-07-29 15:30:01 - Passed Sunrise 
2024-07-29 15:30:01 - CT Camera not operating 
2024-07-29 15:40:01 - Passed Sunrise 
2024-07-29 15:40:01 - CT Camera not operating 
2024-07-29 15:50:01 - Passed Sunrise 
2024-07-29 15:50:01 - CT Camera not operating 
2024-07-29 16:00:01 - Passed Sunrise 
2024-07-29 16:00:01 - CT Camera not operating 
2024-07-29 16:10:01 - Passed Sunrise 
2024-07-29 16:10:01 - CT Camera not operating 
2024-07-29 16:20:01 - Passed Sunrise 
2024-07-29 16:20:01 - CT Camera not operating 
2024-07-29 16:30:01 - Passed Sunrise 
2024-07-29 16:30:01 - CT Camera not operating 
2024-07-29 16:40:01 - Passed Sunrise 
2024-07-29 16:40:01 - CT Camera not operating 
2024-07-29 16:50:01 - Passed Sunrise 
2024-07-29 16:50:01 - CT Camera not operating 
2024-07-29 20:01:01 - Added sunrise_time: 2024-07-30 11:38:41 
2024-07-30 10:00:01 - Before Sunrise 
2024-07-30 10:10:02 - Before Sunrise 
2024-07-30 10:20:01 - Before Sunrise 
2024-07-30 10:30:01 - Before Sunrise 
2024-07-30 10:40:01 - Before Sunrise 
2024-07-30 10:50:01 - Before Sunrise 
2024-07-30 11:00:01 - Before Sunrise 
2024-07-30 11:10:02 - Before Sunrise 
2024-07-30 11:20:01 - Before Sunrise 
2024-07-30 11:30:01 - Before Sunrise 
2024-07-30 11:40:01 - Passed Sunrise 
2024-07-30 11:40:01 - CT Camera not operating 
2024-07-30 11:50:01 - Passed Sunrise 
2024-07-30 11:50:01 - CT Camera not operating 
2024-07-30 12:00:01 - Passed Sunrise 
2024-07-30 12:00:01 - CT Camera not operating 
2024-07-30 12:10:01 - Passed Sunrise 
2024-07-30 12:10:01 - CT Camera not operating 
2024-07-30 12:20:01 - Passed Sunrise 
2024-07-30 12:20:01 - CT Camera not operating 
2024-07-30 12:30:01 - Passed Sunrise 
2024-07-30 12:30:01 - CT Camera not operating 
2024-07-30 12:40:01 - Passed Sunrise 
2024-07-30 12:40:01 - CT Camera not operating 
2024-07-30 12:50:01 - Passed Sunrise 
2024-07-30 12:50:01 - CT Camera not operating 
2024-07-30 13:00:01 - Passed Sunrise 
2024-07-30 13:00:01 - CT Camera not operating 
2024-07-30 13:10:01 - Passed Sunrise 
2024-07-30 13:10:01 - CT Camera not operating 
2024-07-30 13:20:01 - Passed Sunrise 
2024-07-30 13:20:01 - CT Camera not operating 
2024-07-30 13:30:01 - Passed Sunrise 
2024-07-30 13:30:01 - CT Camera not operating 
2024-07-30 13:40:01 - Passed Sunrise 
2024-07-30 13:40:01 - CT Camera not operating 
2024-07-30 13:50:01 - Passed Sunrise 
2024-07-30 13:50:01 - CT Camera not operating 
2024-07-30 14:00:01 - Passed Sunrise 
2024-07-30 14:00:01 - CT Camera not operating 
2024-07-30 14:10:01 - Passed Sunrise 
2024-07-30 14:10:01 - CT Camera not operating 
2024-07-30 14:20:01 - Passed Sunrise 
2024-07-30 14:20:01 - CT Camera not operating 
2024-07-30 14:30:01 - Passed Sunrise 
2024-07-30 14:30:01 - CT Camera not operating 
2024-07-30 14:40:01 - Passed Sunrise 
2024-07-30 14:40:01 - CT Camera not operating 
2024-07-30 14:50:01 - Passed Sunrise 
2024-07-30 14:50:01 - CT Camera not operating 
2024-07-30 15:00:01 - Passed Sunrise 
2024-07-30 15:00:01 - CT Camera not operating 
2024-07-30 15:10:01 - Passed Sunrise 
2024-07-30 15:10:01 - CT Camera not operating 
2024-07-30 15:20:01 - Passed Sunrise 
2024-07-30 15:20:01 - CT Camera not operating 
2024-07-30 15:30:01 - Passed Sunrise 
2024-07-30 15:30:01 - CT Camera not operating 
2024-07-30 15:40:01 - Passed Sunrise 
2024-07-30 15:40:01 - CT Camera not operating 
2024-07-30 15:50:01 - Passed Sunrise 
2024-07-30 15:50:01 - CT Camera not operating 
2024-07-30 16:00:01 - Passed Sunrise 
2024-07-30 16:00:01 - CT Camera not operating 
2024-07-30 16:10:01 - Passed Sunrise 
2024-07-30 16:10:01 - CT Camera not operating 
2024-07-30 16:20:01 - Passed Sunrise 
2024-07-30 16:20:01 - CT Camera not operating 
2024-07-30 16:30:01 - Passed Sunrise 
2024-07-30 16:30:01 - CT Camera not operating 
2024-07-30 16:40:01 - Passed Sunrise 
2024-07-30 16:40:01 - CT Camera not operating 
2024-07-30 16:50:01 - Passed Sunrise 
2024-07-30 16:50:01 - CT Camera not operating 
2024-07-30 20:01:01 - Added sunrise_time: 2024-07-31 11:39:44 
2024-07-31 10:00:01 - Before Sunrise 
2024-07-31 10:10:01 - Before Sunrise 
2024-07-31 10:20:01 - Before Sunrise 
2024-07-31 10:30:01 - Before Sunrise 
2024-07-31 10:40:01 - Before Sunrise 
2024-07-31 10:50:01 - Before Sunrise 
2024-07-31 11:00:01 - Before Sunrise 
2024-07-31 11:10:01 - Before Sunrise 
2024-07-31 11:20:01 - Before Sunrise 
2024-07-31 11:30:01 - Before Sunrise 
2024-07-31 11:40:02 - Passed Sunrise 
2024-07-31 11:40:02 - CT Camera not operating 
2024-07-31 11:50:01 - Passed Sunrise 
2024-07-31 11:50:01 - CT Camera not operating 
2024-07-31 12:00:01 - Passed Sunrise 
2024-07-31 12:00:01 - CT Camera not operating 
2024-07-31 12:10:01 - Passed Sunrise 
2024-07-31 12:10:01 - CT Camera not operating 
2024-07-31 12:20:01 - Passed Sunrise 
2024-07-31 12:20:01 - CT Camera not operating 
2024-07-31 12:30:01 - Passed Sunrise 
2024-07-31 12:30:01 - CT Camera not operating 
2024-07-31 12:40:02 - Passed Sunrise 
2024-07-31 12:40:02 - CT Camera not operating 
2024-07-31 12:50:01 - Passed Sunrise 
2024-07-31 12:50:01 - CT Camera not operating 
2024-07-31 13:00:01 - Passed Sunrise 
2024-07-31 13:00:01 - CT Camera not operating 
2024-07-31 13:10:01 - Passed Sunrise 
2024-07-31 13:10:01 - CT Camera not operating 
2024-07-31 13:20:01 - Passed Sunrise 
2024-07-31 13:20:01 - CT Camera not operating 
2024-07-31 13:30:01 - Passed Sunrise 
2024-07-31 13:30:01 - CT Camera not operating 
2024-07-31 13:40:02 - Passed Sunrise 
2024-07-31 13:40:02 - CT Camera not operating 
2024-07-31 13:50:01 - Passed Sunrise 
2024-07-31 13:50:01 - CT Camera not operating 
2024-07-31 14:00:01 - Passed Sunrise 
2024-07-31 14:00:01 - CT Camera not operating 
2024-07-31 14:10:01 - Passed Sunrise 
2024-07-31 14:10:01 - CT Camera not operating 
2024-07-31 14:20:01 - Passed Sunrise 
2024-07-31 14:20:01 - CT Camera not operating 
2024-07-31 14:30:01 - Passed Sunrise 
2024-07-31 14:30:01 - CT Camera not operating 
2024-07-31 14:40:01 - Passed Sunrise 
2024-07-31 14:40:01 - CT Camera not operating 
2024-07-31 14:50:01 - Passed Sunrise 
2024-07-31 14:50:01 - CT Camera not operating 
2024-07-31 15:00:01 - Passed Sunrise 
2024-07-31 15:00:01 - CT Camera not operating 
2024-07-31 15:10:01 - Passed Sunrise 
2024-07-31 15:10:01 - CT Camera not operating 
2024-07-31 15:20:01 - Passed Sunrise 
2024-07-31 15:20:01 - CT Camera not operating 
2024-07-31 15:30:01 - Passed Sunrise 
2024-07-31 15:30:01 - CT Camera not operating 
2024-07-31 15:40:01 - Passed Sunrise 
2024-07-31 15:40:01 - CT Camera not operating 
2024-07-31 15:50:01 - Passed Sunrise 
2024-07-31 15:50:01 - CT Camera not operating 
2024-07-31 16:00:01 - Passed Sunrise 
2024-07-31 16:00:01 - CT Camera not operating 
2024-07-31 16:10:01 - Passed Sunrise 
2024-07-31 16:10:01 - CT Camera not operating 
2024-07-31 16:20:01 - Passed Sunrise 
2024-07-31 16:20:01 - Shutting Down Camera 
2024-07-31 16:21:31 - Shut down camera Successful 
2024-07-31 16:21:31 - CTM complete. Powering Down MagnaPS 
2024-07-31 16:21:33 - Shutdown Complete 
2024-07-31 16:30:01 - Passed Sunrise 
2024-07-31 16:30:01 - CT Camera not operating 
2024-07-31 16:40:01 - Passed Sunrise 
2024-07-31 16:40:01 - CT Camera not operating 
2024-07-31 16:50:01 - Passed Sunrise 
2024-07-31 16:50:01 - CT Camera not operating 
2024-07-31 20:01:01 - Added sunrise_time: 2024-08-01 11:40:48 
2024-08-01 10:00:01 - Before Sunrise 
2024-08-01 10:10:01 - Before Sunrise 
2024-08-01 10:20:01 - Before Sunrise 
2024-08-01 10:30:01 - Before Sunrise 
2024-08-01 10:40:01 - Before Sunrise 
2024-08-01 10:50:01 - Before Sunrise 
2024-08-01 11:00:01 - Before Sunrise 
2024-08-01 11:10:01 - Before Sunrise 
2024-08-01 11:20:01 - Before Sunrise 
2024-08-01 11:30:01 - Before Sunrise 
2024-08-01 11:40:01 - Before Sunrise 
2024-08-01 11:50:01 - Passed Sunrise 
2024-08-01 11:50:01 - CT Camera not operating 
2024-08-01 12:00:01 - Passed Sunrise 
2024-08-01 12:00:01 - CT Camera not operating 
2024-08-01 12:10:01 - Passed Sunrise 
2024-08-01 12:10:01 - CT Camera not operating 
2024-08-01 12:20:01 - Passed Sunrise 
2024-08-01 12:20:01 - CT Camera not operating 
2024-08-01 12:30:01 - Passed Sunrise 
2024-08-01 12:30:01 - CT Camera not operating 
2024-08-01 12:40:01 - Passed Sunrise 
2024-08-01 12:40:01 - CT Camera not operating 
2024-08-01 12:50:01 - Passed Sunrise 
2024-08-01 12:50:01 - CT Camera not operating 
2024-08-01 13:00:01 - Passed Sunrise 
2024-08-01 13:00:01 - CT Camera not operating 
2024-08-01 13:10:01 - Passed Sunrise 
2024-08-01 13:10:01 - CT Camera not operating 
2024-08-01 13:20:01 - Passed Sunrise 
2024-08-01 13:20:01 - CT Camera not operating 
2024-08-01 13:30:01 - Passed Sunrise 
2024-08-01 13:30:01 - CT Camera not operating 
2024-08-01 13:40:01 - Passed Sunrise 
2024-08-01 13:40:01 - CT Camera not operating 
2024-08-01 13:50:01 - Passed Sunrise 
2024-08-01 13:50:01 - CT Camera not operating 
2024-08-01 14:00:01 - Passed Sunrise 
2024-08-01 14:00:01 - CT Camera not operating 
2024-08-01 14:10:01 - Passed Sunrise 
2024-08-01 14:10:01 - CT Camera not operating 
2024-08-01 14:20:01 - Passed Sunrise 
2024-08-01 14:20:01 - CT Camera not operating 
2024-08-01 14:30:01 - Passed Sunrise 
2024-08-01 14:30:01 - CT Camera not operating 
2024-08-01 14:40:01 - Passed Sunrise 
2024-08-01 14:40:01 - CT Camera not operating 
2024-08-01 14:50:01 - Passed Sunrise 
2024-08-01 14:50:01 - CT Camera not operating 
2024-08-01 15:00:01 - Passed Sunrise 
2024-08-01 15:00:01 - CT Camera not operating 
2024-08-01 15:10:01 - Passed Sunrise 
2024-08-01 15:10:01 - CT Camera not operating 
2024-08-01 15:20:01 - Passed Sunrise 
2024-08-01 15:20:01 - CT Camera not operating 
2024-08-01 15:30:01 - Passed Sunrise 
2024-08-01 15:30:01 - CT Camera not operating 
2024-08-01 15:40:01 - Passed Sunrise 
2024-08-01 15:40:01 - CT Camera not operating 
2024-08-01 15:50:01 - Passed Sunrise 
2024-08-01 15:50:01 - CT Camera not operating 
2024-08-01 16:00:01 - Passed Sunrise 
2024-08-01 16:00:01 - CT Camera not operating 
2024-08-01 16:10:01 - Passed Sunrise 
2024-08-01 16:10:01 - CT Camera not operating 
2024-08-01 16:20:01 - Passed Sunrise 
2024-08-01 16:20:01 - CT Camera not operating 
2024-08-01 16:30:01 - Passed Sunrise 
2024-08-01 16:30:01 - CT Camera not operating 
2024-08-01 16:40:01 - Passed Sunrise 
2024-08-01 16:40:01 - CT Camera not operating 
2024-08-01 16:50:01 - Passed Sunrise 
2024-08-01 16:50:01 - CT Camera not operating 
2024-08-01 20:01:01 - Added sunrise_time: 2024-08-02 11:41:51 
2024-08-02 10:00:01 - Before Sunrise 
2024-08-02 10:10:01 - Before Sunrise 
2024-08-02 10:20:01 - Before Sunrise 
2024-08-02 10:30:01 - Before Sunrise 
2024-08-02 10:40:01 - Before Sunrise 
2024-08-02 10:50:01 - Before Sunrise 
2024-08-02 11:00:01 - Before Sunrise 
2024-08-02 11:10:01 - Before Sunrise 
2024-08-02 11:20:01 - Before Sunrise 
2024-08-02 11:30:01 - Before Sunrise 
2024-08-02 11:40:02 - Before Sunrise 
2024-08-02 11:50:01 - Passed Sunrise 
2024-08-02 11:50:01 - CT Camera not operating 
2024-08-02 12:00:01 - Passed Sunrise 
2024-08-02 12:00:01 - CT Camera not operating 
2024-08-02 12:10:01 - Passed Sunrise 
2024-08-02 12:10:01 - CT Camera not operating 
2024-08-02 12:20:01 - Passed Sunrise 
2024-08-02 12:20:01 - CT Camera not operating 
2024-08-02 12:30:01 - Passed Sunrise 
2024-08-02 12:30:01 - CT Camera not operating 
2024-08-02 12:40:01 - Passed Sunrise 
2024-08-02 12:40:01 - CT Camera not operating 
2024-08-02 12:50:01 - Passed Sunrise 
2024-08-02 12:50:01 - CT Camera not operating 
2024-08-02 13:00:01 - Passed Sunrise 
2024-08-02 13:00:01 - CT Camera not operating 
2024-08-02 13:10:01 - Passed Sunrise 
2024-08-02 13:10:01 - CT Camera not operating 
2024-08-02 13:20:01 - Passed Sunrise 
2024-08-02 13:20:01 - CT Camera not operating 
2024-08-02 13:30:01 - Passed Sunrise 
2024-08-02 13:30:01 - CT Camera not operating 
2024-08-02 13:40:01 - Passed Sunrise 
2024-08-02 13:40:01 - CT Camera not operating 
2024-08-02 13:50:01 - Passed Sunrise 
2024-08-02 13:50:01 - CT Camera not operating 
2024-08-02 14:00:01 - Passed Sunrise 
2024-08-02 14:00:01 - CT Camera not operating 
2024-08-02 14:10:01 - Passed Sunrise 
2024-08-02 14:10:01 - CT Camera not operating 
2024-08-02 14:20:01 - Passed Sunrise 
2024-08-02 14:20:01 - CT Camera not operating 
2024-08-02 14:30:01 - Passed Sunrise 
2024-08-02 14:30:01 - CT Camera not operating 
2024-08-02 14:40:01 - Passed Sunrise 
2024-08-02 14:40:01 - CT Camera not operating 
2024-08-02 14:50:01 - Passed Sunrise 
2024-08-02 14:50:01 - CT Camera not operating 
2024-08-02 15:00:01 - Passed Sunrise 
2024-08-02 15:00:01 - CT Camera not operating 
2024-08-02 15:10:01 - Passed Sunrise 
2024-08-02 15:10:01 - CT Camera not operating 
2024-08-02 15:20:01 - Passed Sunrise 
2024-08-02 15:20:01 - CT Camera not operating 
2024-08-02 15:30:01 - Passed Sunrise 
2024-08-02 15:30:01 - CT Camera not operating 
2024-08-02 15:40:01 - Passed Sunrise 
2024-08-02 15:40:01 - CT Camera not operating 
2024-08-02 15:50:01 - Passed Sunrise 
2024-08-02 15:50:01 - CT Camera not operating 
2024-08-02 16:00:01 - Passed Sunrise 
2024-08-02 16:00:01 - CT Camera not operating 
2024-08-02 16:10:01 - Passed Sunrise 
2024-08-02 16:10:01 - CT Camera not operating 
2024-08-02 16:20:01 - Passed Sunrise 
2024-08-02 16:20:01 - CT Camera not operating 
2024-08-02 16:30:01 - Passed Sunrise 
2024-08-02 16:30:01 - CT Camera not operating 
2024-08-02 16:40:01 - Passed Sunrise 
2024-08-02 16:40:01 - CT Camera not operating 
2024-08-02 16:50:01 - Passed Sunrise 
2024-08-02 16:50:01 - CT Camera not operating 
2024-08-02 20:01:01 - Added sunrise_time: 2024-08-03 11:42:55 
2024-08-03 10:00:01 - Before Sunrise 
2024-08-03 10:10:01 - Before Sunrise 
2024-08-03 10:20:01 - Before Sunrise 
2024-08-03 10:30:01 - Before Sunrise 
2024-08-03 10:40:01 - Before Sunrise 
2024-08-03 10:50:02 - Before Sunrise 
2024-08-03 11:00:01 - Before Sunrise 
2024-08-03 11:10:01 - Before Sunrise 
2024-08-03 11:20:01 - Before Sunrise 
2024-08-03 11:30:01 - Before Sunrise 
2024-08-03 11:40:01 - Before Sunrise 
2024-08-03 11:50:01 - Passed Sunrise 
2024-08-03 11:50:01 - CT Camera not operating 
2024-08-03 12:00:01 - Passed Sunrise 
2024-08-03 12:00:01 - CT Camera not operating 
2024-08-03 12:10:01 - Passed Sunrise 
2024-08-03 12:10:01 - CT Camera not operating 
2024-08-03 12:20:01 - Passed Sunrise 
2024-08-03 12:20:01 - CT Camera not operating 
2024-08-03 12:30:01 - Passed Sunrise 
2024-08-03 12:30:01 - CT Camera not operating 
2024-08-03 12:40:01 - Passed Sunrise 
2024-08-03 12:40:01 - CT Camera not operating 
2024-08-03 12:50:01 - Passed Sunrise 
2024-08-03 12:50:01 - CT Camera not operating 
2024-08-03 13:00:01 - Passed Sunrise 
2024-08-03 13:00:01 - CT Camera not operating 
2024-08-03 13:10:01 - Passed Sunrise 
2024-08-03 13:10:01 - CT Camera not operating 
2024-08-03 13:20:01 - Passed Sunrise 
2024-08-03 13:20:01 - CT Camera not operating 
2024-08-03 13:30:01 - Passed Sunrise 
2024-08-03 13:30:01 - CT Camera not operating 
2024-08-03 13:40:01 - Passed Sunrise 
2024-08-03 13:40:01 - CT Camera not operating 
2024-08-03 13:50:01 - Passed Sunrise 
2024-08-03 13:50:01 - CT Camera not operating 
2024-08-03 14:00:01 - Passed Sunrise 
2024-08-03 14:00:01 - CT Camera not operating 
2024-08-03 14:10:01 - Passed Sunrise 
2024-08-03 14:10:01 - CT Camera not operating 
2024-08-03 14:20:01 - Passed Sunrise 
2024-08-03 14:20:01 - CT Camera not operating 
2024-08-03 14:30:01 - Passed Sunrise 
2024-08-03 14:30:01 - CT Camera not operating 
2024-08-03 14:40:01 - Passed Sunrise 
2024-08-03 14:40:01 - CT Camera not operating 
2024-08-03 14:50:01 - Passed Sunrise 
2024-08-03 14:50:01 - CT Camera not operating 
2024-08-03 15:00:01 - Passed Sunrise 
2024-08-03 15:00:01 - CT Camera not operating 
2024-08-03 15:10:01 - Passed Sunrise 
2024-08-03 15:10:01 - CT Camera not operating 
2024-08-03 15:20:01 - Passed Sunrise 
2024-08-03 15:20:01 - CT Camera not operating 
2024-08-03 15:30:01 - Passed Sunrise 
2024-08-03 15:30:01 - CT Camera not operating 
2024-08-03 15:40:01 - Passed Sunrise 
2024-08-03 15:40:01 - CT Camera not operating 
2024-08-03 15:50:01 - Passed Sunrise 
2024-08-03 15:50:01 - CT Camera not operating 
2024-08-03 16:00:01 - Passed Sunrise 
2024-08-03 16:00:01 - CT Camera not operating 
2024-08-03 16:10:01 - Passed Sunrise 
2024-08-03 16:10:01 - CT Camera not operating 
2024-08-03 16:20:01 - Passed Sunrise 
2024-08-03 16:20:01 - CT Camera not operating 
2024-08-03 16:30:01 - Passed Sunrise 
2024-08-03 16:30:01 - CT Camera not operating 
2024-08-03 16:40:01 - Passed Sunrise 
2024-08-03 16:40:01 - CT Camera not operating 
2024-08-03 16:50:01 - Passed Sunrise 
2024-08-03 16:50:01 - CT Camera not operating 
2024-08-03 20:01:01 - Added sunrise_time: 2024-08-04 11:43:59 
2024-08-04 10:00:01 - Before Sunrise 
2024-08-04 10:10:01 - Before Sunrise 
2024-08-04 10:20:01 - Before Sunrise 
2024-08-04 10:30:02 - Before Sunrise 
2024-08-04 10:40:01 - Before Sunrise 
2024-08-04 10:50:01 - Before Sunrise 
2024-08-04 11:00:01 - Before Sunrise 
2024-08-04 11:10:01 - Before Sunrise 
2024-08-04 11:20:01 - Before Sunrise 
2024-08-04 11:30:02 - Before Sunrise 
2024-08-04 11:40:01 - Before Sunrise 
2024-08-04 11:50:01 - Passed Sunrise 
2024-08-04 11:50:01 - CT Camera not operating 
2024-08-04 12:00:01 - Passed Sunrise 
2024-08-04 12:00:01 - CT Camera not operating 
2024-08-04 12:10:01 - Passed Sunrise 
2024-08-04 12:10:01 - CT Camera not operating 
2024-08-04 12:20:01 - Passed Sunrise 
2024-08-04 12:20:01 - CT Camera not operating 
2024-08-04 12:30:01 - Passed Sunrise 
2024-08-04 12:30:01 - CT Camera not operating 
2024-08-04 12:40:01 - Passed Sunrise 
2024-08-04 12:40:01 - CT Camera not operating 
2024-08-04 12:50:01 - Passed Sunrise 
2024-08-04 12:50:01 - CT Camera not operating 
2024-08-04 13:00:01 - Passed Sunrise 
2024-08-04 13:00:01 - CT Camera not operating 
2024-08-04 13:10:01 - Passed Sunrise 
2024-08-04 13:10:01 - CT Camera not operating 
2024-08-04 13:20:02 - Passed Sunrise 
2024-08-04 13:20:02 - CT Camera not operating 
2024-08-04 13:30:01 - Passed Sunrise 
2024-08-04 13:30:01 - CT Camera not operating 
2024-08-04 13:40:01 - Passed Sunrise 
2024-08-04 13:40:01 - CT Camera not operating 
2024-08-04 13:50:01 - Passed Sunrise 
2024-08-04 13:50:01 - CT Camera not operating 
2024-08-04 14:00:01 - Passed Sunrise 
2024-08-04 14:00:01 - CT Camera not operating 
2024-08-04 14:10:01 - Passed Sunrise 
2024-08-04 14:10:01 - CT Camera not operating 
2024-08-04 14:20:02 - Passed Sunrise 
2024-08-04 14:20:02 - CT Camera not operating 
2024-08-04 14:30:01 - Passed Sunrise 
2024-08-04 14:30:01 - CT Camera not operating 
2024-08-04 14:40:01 - Passed Sunrise 
2024-08-04 14:40:01 - CT Camera not operating 
2024-08-04 14:50:01 - Passed Sunrise 
2024-08-04 14:50:01 - CT Camera not operating 
2024-08-04 15:00:01 - Passed Sunrise 
2024-08-04 15:00:01 - CT Camera not operating 
2024-08-04 15:10:01 - Passed Sunrise 
2024-08-04 15:10:01 - CT Camera not operating 
2024-08-04 15:20:02 - Passed Sunrise 
2024-08-04 15:20:02 - CT Camera not operating 
2024-08-04 15:30:01 - Passed Sunrise 
2024-08-04 15:30:01 - CT Camera not operating 
2024-08-04 15:40:01 - Passed Sunrise 
2024-08-04 15:40:01 - CT Camera not operating 
2024-08-04 15:50:01 - Passed Sunrise 
2024-08-04 15:50:01 - CT Camera not operating 
2024-08-04 16:00:01 - Passed Sunrise 
2024-08-04 16:00:01 - CT Camera not operating 
2024-08-04 16:10:01 - Passed Sunrise 
2024-08-04 16:10:01 - CT Camera not operating 
2024-08-04 16:20:01 - Passed Sunrise 
2024-08-04 16:20:01 - CT Camera not operating 
2024-08-04 16:30:01 - Passed Sunrise 
2024-08-04 16:30:01 - CT Camera not operating 
2024-08-04 16:40:01 - Passed Sunrise 
2024-08-04 16:40:01 - CT Camera not operating 
2024-08-04 16:50:01 - Passed Sunrise 
2024-08-04 16:50:01 - CT Camera not operating 
2024-08-04 20:01:01 - Added sunrise_time: 2024-08-05 11:45:03 
2024-08-05 10:00:01 - Before Sunrise 
2024-08-05 10:10:01 - Before Sunrise 
2024-08-05 10:20:01 - Before Sunrise 
2024-08-05 10:30:01 - Before Sunrise 
2024-08-05 10:40:01 - Before Sunrise 
2024-08-05 10:50:01 - Before Sunrise 
2024-08-05 11:00:01 - Before Sunrise 
2024-08-05 11:10:01 - Before Sunrise 
2024-08-05 11:20:01 - Before Sunrise 
2024-08-05 11:30:01 - Before Sunrise 
2024-08-05 11:40:01 - Before Sunrise 
2024-08-05 11:50:01 - Passed Sunrise 
2024-08-05 11:50:01 - CT Camera not operating 
2024-08-05 12:00:01 - Passed Sunrise 
2024-08-05 12:00:01 - CT Camera not operating 
2024-08-05 12:10:01 - Passed Sunrise 
2024-08-05 12:10:01 - CT Camera not operating 
2024-08-05 12:20:01 - Passed Sunrise 
2024-08-05 12:20:01 - CT Camera not operating 
2024-08-05 12:30:01 - Passed Sunrise 
2024-08-05 12:30:01 - CT Camera not operating 
2024-08-05 12:40:01 - Passed Sunrise 
2024-08-05 12:40:01 - CT Camera not operating 
2024-08-05 12:50:01 - Passed Sunrise 
2024-08-05 12:50:01 - CT Camera not operating 
2024-08-05 13:00:01 - Passed Sunrise 
2024-08-05 13:00:01 - CT Camera not operating 
2024-08-05 13:10:01 - Passed Sunrise 
2024-08-05 13:10:01 - CT Camera not operating 
2024-08-05 13:20:01 - Passed Sunrise 
2024-08-05 13:20:01 - CT Camera not operating 
2024-08-05 13:30:01 - Passed Sunrise 
2024-08-05 13:30:01 - CT Camera not operating 
2024-08-05 13:40:02 - Passed Sunrise 
2024-08-05 13:40:02 - CT Camera not operating 
2024-08-05 13:50:01 - Passed Sunrise 
2024-08-05 13:50:01 - CT Camera not operating 
2024-08-05 14:00:01 - Passed Sunrise 
2024-08-05 14:00:01 - CT Camera not operating 
2024-08-05 14:10:01 - Passed Sunrise 
2024-08-05 14:10:01 - CT Camera not operating 
2024-08-05 14:20:01 - Passed Sunrise 
2024-08-05 14:20:01 - CT Camera not operating 
2024-08-05 14:30:01 - Passed Sunrise 
2024-08-05 14:30:01 - CT Camera not operating 
2024-08-05 14:40:02 - Passed Sunrise 
2024-08-05 14:40:02 - CT Camera not operating 
2024-08-05 14:50:01 - Passed Sunrise 
2024-08-05 14:50:01 - CT Camera not operating 
2024-08-05 15:00:01 - Passed Sunrise 
2024-08-05 15:00:01 - CT Camera not operating 
2024-08-05 15:10:01 - Passed Sunrise 
2024-08-05 15:10:01 - CT Camera not operating 
2024-08-05 15:20:01 - Passed Sunrise 
2024-08-05 15:20:01 - CT Camera not operating 
2024-08-05 15:30:01 - Passed Sunrise 
2024-08-05 15:30:01 - CT Camera not operating 
2024-08-05 15:40:02 - Passed Sunrise 
2024-08-05 15:40:02 - CT Camera not operating 
2024-08-05 15:50:01 - Passed Sunrise 
2024-08-05 15:50:01 - CT Camera not operating 
2024-08-05 16:00:01 - Passed Sunrise 
2024-08-05 16:00:01 - CT Camera not operating 
2024-08-05 16:10:01 - Passed Sunrise 
2024-08-05 16:10:01 - CT Camera not operating 
2024-08-05 16:20:01 - Passed Sunrise 
2024-08-05 16:20:01 - CT Camera not operating 
2024-08-05 16:30:01 - Passed Sunrise 
2024-08-05 16:30:01 - CT Camera not operating 
2024-08-05 16:40:01 - Passed Sunrise 
2024-08-05 16:40:01 - Shutting Down Camera 
2024-08-05 16:41:31 - Shut down camera Successful 
2024-08-05 16:41:31 - CTM complete. Powering Down MagnaPS 
2024-08-05 16:41:31 - Shutdown Complete 
2024-08-05 16:50:01 - Passed Sunrise 
2024-08-05 16:50:01 - Shutting Down Camera 
2024-08-05 16:51:31 - Shut down camera Successful 
2024-08-05 16:51:31 - CTM complete. Powering Down MagnaPS 
2024-08-05 16:51:31 - Shutdown Complete 
2024-08-05 20:01:01 - Added sunrise_time: 2024-08-06 11:46:07 
2024-08-06 10:00:01 - Before Sunrise 
2024-08-06 10:10:01 - Before Sunrise 
2024-08-06 10:20:01 - Before Sunrise 
2024-08-06 10:30:02 - Before Sunrise 
2024-08-06 10:40:01 - Before Sunrise 
2024-08-06 10:50:01 - Before Sunrise 
2024-08-06 11:00:01 - Before Sunrise 
2024-08-06 11:10:01 - Before Sunrise 
2024-08-06 11:20:01 - Before Sunrise 
2024-08-06 11:30:02 - Before Sunrise 
2024-08-06 11:40:01 - Before Sunrise 
2024-08-06 11:50:01 - Passed Sunrise 
2024-08-06 11:50:01 - CT Camera not operating 
2024-08-06 12:00:01 - Passed Sunrise 
2024-08-06 12:00:01 - CT Camera not operating 
2024-08-06 12:10:01 - Passed Sunrise 
2024-08-06 12:10:01 - CT Camera not operating 
2024-08-06 12:20:01 - Passed Sunrise 
2024-08-06 12:20:01 - CT Camera not operating 
2024-08-06 12:30:02 - Passed Sunrise 
2024-08-06 12:30:02 - CT Camera not operating 
2024-08-06 12:40:01 - Passed Sunrise 
2024-08-06 12:40:01 - CT Camera not operating 
2024-08-06 12:50:01 - Passed Sunrise 
2024-08-06 12:50:01 - CT Camera not operating 
2024-08-06 13:00:01 - Passed Sunrise 
2024-08-06 13:00:01 - CT Camera not operating 
2024-08-06 13:10:01 - Passed Sunrise 
2024-08-06 13:10:01 - CT Camera not operating 
2024-08-06 13:20:01 - Passed Sunrise 
2024-08-06 13:20:01 - CT Camera not operating 
2024-08-06 13:30:01 - Passed Sunrise 
2024-08-06 13:30:01 - CT Camera not operating 
2024-08-06 13:40:01 - Passed Sunrise 
2024-08-06 13:40:01 - CT Camera not operating 
2024-08-06 13:50:01 - Passed Sunrise 
2024-08-06 13:50:01 - CT Camera not operating 
2024-08-06 14:00:01 - Passed Sunrise 
2024-08-06 14:00:01 - CT Camera not operating 
2024-08-06 14:10:01 - Passed Sunrise 
2024-08-06 14:10:01 - CT Camera not operating 
2024-08-06 14:20:01 - Passed Sunrise 
2024-08-06 14:20:01 - CT Camera not operating 
2024-08-06 14:30:01 - Passed Sunrise 
2024-08-06 14:30:01 - CT Camera not operating 
2024-08-06 14:40:01 - Passed Sunrise 
2024-08-06 14:40:01 - CT Camera not operating 
2024-08-06 14:50:01 - Passed Sunrise 
2024-08-06 14:50:01 - CT Camera not operating 
2024-08-06 15:00:01 - Passed Sunrise 
2024-08-06 15:00:01 - CT Camera not operating 
2024-08-06 15:10:01 - Passed Sunrise 
2024-08-06 15:10:01 - CT Camera not operating 
2024-08-06 15:20:01 - Passed Sunrise 
2024-08-06 15:20:01 - CT Camera not operating 
2024-08-06 15:30:01 - Passed Sunrise 
2024-08-06 15:30:01 - CT Camera not operating 
2024-08-06 15:40:01 - Passed Sunrise 
2024-08-06 15:40:01 - CT Camera not operating 
2024-08-06 15:50:01 - Passed Sunrise 
2024-08-06 15:50:01 - CT Camera not operating 
2024-08-06 16:00:01 - Passed Sunrise 
2024-08-06 16:00:01 - CT Camera not operating 
2024-08-06 16:10:01 - Passed Sunrise 
2024-08-06 16:10:01 - CT Camera not operating 
2024-08-06 16:20:01 - Passed Sunrise 
2024-08-06 16:20:01 - CT Camera not operating 
2024-08-06 16:30:01 - Passed Sunrise 
2024-08-06 16:30:01 - CT Camera not operating 
2024-08-06 16:40:01 - Passed Sunrise 
2024-08-06 16:40:01 - CT Camera not operating 
2024-08-06 16:50:01 - Passed Sunrise 
2024-08-06 16:50:01 - CT Camera not operating 
2024-08-06 20:01:01 - Added sunrise_time: 2024-08-07 11:47:11 
2024-08-07 10:00:01 - Before Sunrise 
2024-08-07 10:10:01 - Before Sunrise 
2024-08-07 10:20:01 - Before Sunrise 
2024-08-07 10:30:01 - Before Sunrise 
2024-08-07 10:40:01 - Before Sunrise 
2024-08-07 10:50:02 - Before Sunrise 
2024-08-07 11:00:01 - Before Sunrise 
2024-08-07 11:10:01 - Before Sunrise 
2024-08-07 11:20:01 - Before Sunrise 
2024-08-07 11:30:01 - Before Sunrise 
2024-08-07 11:40:01 - Before Sunrise 
2024-08-07 11:50:02 - Passed Sunrise 
2024-08-07 11:50:02 - CT Camera not operating 
2024-08-07 12:00:01 - Passed Sunrise 
2024-08-07 12:00:01 - CT Camera not operating 
2024-08-07 12:10:01 - Passed Sunrise 
2024-08-07 12:10:01 - CT Camera not operating 
2024-08-07 12:20:01 - Passed Sunrise 
2024-08-07 12:20:01 - CT Camera not operating 
2024-08-07 12:30:01 - Passed Sunrise 
2024-08-07 12:30:01 - CT Camera not operating 
2024-08-07 12:40:01 - Passed Sunrise 
2024-08-07 12:40:01 - CT Camera not operating 
2024-08-07 12:50:02 - Passed Sunrise 
2024-08-07 12:50:02 - CT Camera not operating 
2024-08-07 13:00:01 - Passed Sunrise 
2024-08-07 13:00:01 - CT Camera not operating 
2024-08-07 13:10:01 - Passed Sunrise 
2024-08-07 13:10:01 - CT Camera not operating 
2024-08-07 13:20:01 - Passed Sunrise 
2024-08-07 13:20:01 - CT Camera not operating 
2024-08-07 13:30:01 - Passed Sunrise 
2024-08-07 13:30:01 - CT Camera not operating 
2024-08-07 13:40:01 - Passed Sunrise 
2024-08-07 13:40:01 - CT Camera not operating 
2024-08-07 13:50:02 - Passed Sunrise 
2024-08-07 13:50:02 - CT Camera not operating 
2024-08-07 14:00:01 - Passed Sunrise 
2024-08-07 14:00:01 - CT Camera not operating 
2024-08-07 14:10:01 - Passed Sunrise 
2024-08-07 14:10:01 - CT Camera not operating 
2024-08-07 14:20:01 - Passed Sunrise 
2024-08-07 14:20:01 - CT Camera not operating 
2024-08-07 14:30:01 - Passed Sunrise 
2024-08-07 14:30:01 - CT Camera not operating 
2024-08-07 14:40:01 - Passed Sunrise 
2024-08-07 14:40:01 - CT Camera not operating 
2024-08-07 14:50:01 - Passed Sunrise 
2024-08-07 14:50:01 - CT Camera not operating 
2024-08-07 15:00:01 - Passed Sunrise 
2024-08-07 15:00:01 - CT Camera not operating 
2024-08-07 15:10:01 - Passed Sunrise 
2024-08-07 15:10:01 - CT Camera not operating 
2024-08-07 15:20:01 - Passed Sunrise 
2024-08-07 15:20:01 - CT Camera not operating 
2024-08-07 15:30:01 - Passed Sunrise 
2024-08-07 15:30:01 - CT Camera not operating 
2024-08-07 15:40:01 - Passed Sunrise 
2024-08-07 15:40:01 - CT Camera not operating 
2024-08-07 15:50:01 - Passed Sunrise 
2024-08-07 15:50:01 - CT Camera not operating 
2024-08-07 16:00:01 - Passed Sunrise 
2024-08-07 16:00:01 - CT Camera not operating 
2024-08-07 16:10:01 - Passed Sunrise 
2024-08-07 16:10:01 - CT Camera not operating 
2024-08-07 16:20:01 - Passed Sunrise 
2024-08-07 16:20:01 - CT Camera not operating 
2024-08-07 16:30:01 - Passed Sunrise 
2024-08-07 16:30:01 - CT Camera not operating 
2024-08-07 16:40:01 - Passed Sunrise 
2024-08-07 16:40:01 - CT Camera not operating 
2024-08-07 16:50:01 - Passed Sunrise 
2024-08-07 16:50:01 - CT Camera not operating 
2024-08-07 20:01:01 - Added sunrise_time: 2024-08-08 11:48:15 
2024-08-08 10:00:01 - Before Sunrise 
2024-08-08 10:10:01 - Before Sunrise 
2024-08-08 10:20:01 - Before Sunrise 
2024-08-08 10:30:01 - Before Sunrise 
2024-08-08 10:40:01 - Before Sunrise 
2024-08-08 10:50:01 - Before Sunrise 
2024-08-08 11:00:01 - Before Sunrise 
2024-08-08 11:10:01 - Before Sunrise 
2024-08-08 11:20:01 - Before Sunrise 
2024-08-08 11:30:01 - Before Sunrise 
2024-08-08 11:40:01 - Before Sunrise 
2024-08-08 11:50:01 - Passed Sunrise 
2024-08-08 11:50:01 - CT Camera not operating 
2024-08-08 12:00:01 - Passed Sunrise 
2024-08-08 12:00:01 - CT Camera not operating 
2024-08-08 12:10:01 - Passed Sunrise 
2024-08-08 12:10:01 - CT Camera not operating 
2024-08-08 12:20:01 - Passed Sunrise 
2024-08-08 12:20:01 - CT Camera not operating 
2024-08-08 12:30:02 - Passed Sunrise 
2024-08-08 12:30:02 - CT Camera not operating 
2024-08-08 12:40:01 - Passed Sunrise 
2024-08-08 12:40:01 - CT Camera not operating 
2024-08-08 12:50:01 - Passed Sunrise 
2024-08-08 12:50:01 - CT Camera not operating 
2024-08-08 13:00:01 - Passed Sunrise 
2024-08-08 13:00:01 - CT Camera not operating 
2024-08-08 13:10:01 - Passed Sunrise 
2024-08-08 13:10:01 - CT Camera not operating 
2024-08-08 13:20:01 - Passed Sunrise 
2024-08-08 13:20:01 - CT Camera not operating 
2024-08-08 13:30:02 - Passed Sunrise 
2024-08-08 13:30:02 - CT Camera not operating 
2024-08-08 13:40:01 - Passed Sunrise 
2024-08-08 13:40:01 - CT Camera not operating 
2024-08-08 13:50:01 - Passed Sunrise 
2024-08-08 13:50:01 - CT Camera not operating 
2024-08-08 14:00:01 - Passed Sunrise 
2024-08-08 14:00:01 - CT Camera not operating 
2024-08-08 14:10:01 - Passed Sunrise 
2024-08-08 14:10:01 - CT Camera not operating 
2024-08-08 14:20:01 - Passed Sunrise 
2024-08-08 14:20:01 - CT Camera not operating 
2024-08-08 14:30:02 - Passed Sunrise 
2024-08-08 14:30:02 - CT Camera not operating 
2024-08-08 14:40:01 - Passed Sunrise 
2024-08-08 14:40:01 - CT Camera not operating 
2024-08-08 14:50:01 - Passed Sunrise 
2024-08-08 14:50:01 - CT Camera not operating 
2024-08-08 15:00:01 - Passed Sunrise 
2024-08-08 15:00:01 - CT Camera not operating 
2024-08-08 15:10:01 - Passed Sunrise 
2024-08-08 15:10:01 - CT Camera not operating 
2024-08-08 15:20:01 - Passed Sunrise 
2024-08-08 15:20:01 - CT Camera not operating 
2024-08-08 15:30:01 - Passed Sunrise 
2024-08-08 15:30:01 - CT Camera not operating 
2024-08-08 15:40:01 - Passed Sunrise 
2024-08-08 15:40:01 - CT Camera not operating 
2024-08-08 15:50:01 - Passed Sunrise 
2024-08-08 15:50:01 - CT Camera not operating 
2024-08-08 16:00:01 - Passed Sunrise 
2024-08-08 16:00:01 - CT Camera not operating 
2024-08-08 16:10:01 - Passed Sunrise 
2024-08-08 16:10:01 - CT Camera not operating 
2024-08-08 16:20:02 - Passed Sunrise 
2024-08-08 16:20:02 - CT Camera not operating 
2024-08-08 16:30:01 - Passed Sunrise 
2024-08-08 16:30:01 - CT Camera not operating 
2024-08-08 16:40:01 - Passed Sunrise 
2024-08-08 16:40:01 - CT Camera not operating 
2024-08-08 16:50:01 - Passed Sunrise 
2024-08-08 16:50:01 - CT Camera not operating 
2024-08-08 20:01:01 - Added sunrise_time: 2024-08-09 11:49:19 
2024-08-09 10:00:01 - Before Sunrise 
2024-08-09 10:10:02 - Before Sunrise 
2024-08-09 10:20:01 - Before Sunrise 
2024-08-09 10:30:01 - Before Sunrise 
2024-08-09 10:40:01 - Before Sunrise 
2024-08-09 10:50:01 - Before Sunrise 
2024-08-09 11:00:01 - Before Sunrise 
2024-08-09 11:10:01 - Before Sunrise 
2024-08-09 11:20:01 - Before Sunrise 
2024-08-09 11:30:01 - Before Sunrise 
2024-08-09 11:40:01 - Before Sunrise 
2024-08-09 11:50:01 - Passed Sunrise 
2024-08-09 11:50:01 - CT Camera not operating 
2024-08-09 12:00:01 - Passed Sunrise 
2024-08-09 12:00:01 - CT Camera not operating 
2024-08-09 12:10:01 - Passed Sunrise 
2024-08-09 12:10:01 - CT Camera not operating 
2024-08-09 12:20:01 - Passed Sunrise 
2024-08-09 12:20:01 - CT Camera not operating 
2024-08-09 12:30:01 - Passed Sunrise 
2024-08-09 12:30:01 - CT Camera not operating 
2024-08-09 12:40:01 - Passed Sunrise 
2024-08-09 12:40:01 - CT Camera not operating 
2024-08-09 12:50:01 - Passed Sunrise 
2024-08-09 12:50:01 - CT Camera not operating 
2024-08-09 13:00:01 - Passed Sunrise 
2024-08-09 13:00:01 - CT Camera not operating 
2024-08-09 13:10:01 - Passed Sunrise 
2024-08-09 13:10:01 - CT Camera not operating 
2024-08-09 13:20:01 - Passed Sunrise 
2024-08-09 13:20:01 - CT Camera not operating 
2024-08-09 13:30:01 - Passed Sunrise 
2024-08-09 13:30:01 - CT Camera not operating 
2024-08-09 13:40:01 - Passed Sunrise 
2024-08-09 13:40:01 - CT Camera not operating 
2024-08-09 13:50:01 - Passed Sunrise 
2024-08-09 13:50:01 - CT Camera not operating 
2024-08-09 14:00:01 - Passed Sunrise 
2024-08-09 14:00:01 - CT Camera not operating 
2024-08-09 14:10:01 - Passed Sunrise 
2024-08-09 14:10:01 - CT Camera not operating 
2024-08-09 14:20:01 - Passed Sunrise 
2024-08-09 14:20:01 - CT Camera not operating 
2024-08-09 14:30:01 - Passed Sunrise 
2024-08-09 14:30:01 - CT Camera not operating 
2024-08-09 14:40:01 - Passed Sunrise 
2024-08-09 14:40:01 - CT Camera not operating 
2024-08-09 14:50:01 - Passed Sunrise 
2024-08-09 14:50:01 - CT Camera not operating 
2024-08-09 15:00:01 - Passed Sunrise 
2024-08-09 15:00:01 - CT Camera not operating 
2024-08-09 15:10:01 - Passed Sunrise 
2024-08-09 15:10:01 - CT Camera not operating 
2024-08-09 15:20:01 - Passed Sunrise 
2024-08-09 15:20:01 - CT Camera not operating 
2024-08-09 15:30:01 - Passed Sunrise 
2024-08-09 15:30:01 - CT Camera not operating 
2024-08-09 15:40:01 - Passed Sunrise 
2024-08-09 15:40:01 - CT Camera not operating 
2024-08-09 15:50:01 - Passed Sunrise 
2024-08-09 15:50:01 - CT Camera not operating 
2024-08-09 16:00:01 - Passed Sunrise 
2024-08-09 16:00:01 - CT Camera not operating 
2024-08-09 16:10:01 - Passed Sunrise 
2024-08-09 16:10:01 - CT Camera not operating 
2024-08-09 16:20:01 - Passed Sunrise 
2024-08-09 16:20:01 - CT Camera not operating 
2024-08-09 16:30:01 - Passed Sunrise 
2024-08-09 16:30:01 - CT Camera not operating 
2024-08-09 16:40:01 - Passed Sunrise 
2024-08-09 16:40:01 - CT Camera not operating 
2024-08-09 16:50:01 - Passed Sunrise 
2024-08-09 16:50:01 - CT Camera not operating 
2024-08-09 20:01:02 - Added sunrise_time: 2024-08-10 11:50:23 
2024-08-10 10:00:01 - Before Sunrise 
2024-08-10 10:10:01 - Before Sunrise 
2024-08-10 10:20:01 - Before Sunrise 
2024-08-10 10:30:01 - Before Sunrise 
2024-08-10 10:40:01 - Before Sunrise 
2024-08-10 10:50:01 - Before Sunrise 
2024-08-10 11:00:01 - Before Sunrise 
2024-08-10 11:10:01 - Before Sunrise 
2024-08-10 11:20:01 - Before Sunrise 
2024-08-10 11:30:01 - Before Sunrise 
2024-08-10 11:40:01 - Before Sunrise 
2024-08-10 11:50:01 - Before Sunrise 
2024-08-10 12:00:01 - Passed Sunrise 
2024-08-10 12:00:01 - CT Camera not operating 
2024-08-10 12:10:01 - Passed Sunrise 
2024-08-10 12:10:01 - CT Camera not operating 
2024-08-10 12:20:01 - Passed Sunrise 
2024-08-10 12:20:01 - CT Camera not operating 
2024-08-10 12:30:01 - Passed Sunrise 
2024-08-10 12:30:01 - CT Camera not operating 
2024-08-10 12:40:01 - Passed Sunrise 
2024-08-10 12:40:01 - CT Camera not operating 
2024-08-10 12:50:01 - Passed Sunrise 
2024-08-10 12:50:01 - CT Camera not operating 
2024-08-10 13:00:01 - Passed Sunrise 
2024-08-10 13:00:01 - CT Camera not operating 
2024-08-10 13:10:01 - Passed Sunrise 
2024-08-10 13:10:01 - CT Camera not operating 
2024-08-10 13:20:01 - Passed Sunrise 
2024-08-10 13:20:01 - CT Camera not operating 
2024-08-10 13:30:01 - Passed Sunrise 
2024-08-10 13:30:01 - CT Camera not operating 
2024-08-10 13:40:01 - Passed Sunrise 
2024-08-10 13:40:01 - CT Camera not operating 
2024-08-10 13:50:01 - Passed Sunrise 
2024-08-10 13:50:01 - CT Camera not operating 
2024-08-10 14:00:01 - Passed Sunrise 
2024-08-10 14:00:01 - CT Camera not operating 
2024-08-10 14:10:01 - Passed Sunrise 
2024-08-10 14:10:01 - CT Camera not operating 
2024-08-10 14:20:01 - Passed Sunrise 
2024-08-10 14:20:01 - CT Camera not operating 
2024-08-10 14:30:01 - Passed Sunrise 
2024-08-10 14:30:01 - CT Camera not operating 
2024-08-10 14:40:01 - Passed Sunrise 
2024-08-10 14:40:01 - CT Camera not operating 
2024-08-10 14:50:01 - Passed Sunrise 
2024-08-10 14:50:01 - CT Camera not operating 
2024-08-10 15:00:01 - Passed Sunrise 
2024-08-10 15:00:01 - CT Camera not operating 
2024-08-10 15:10:01 - Passed Sunrise 
2024-08-10 15:10:01 - CT Camera not operating 
2024-08-10 15:20:01 - Passed Sunrise 
2024-08-10 15:20:01 - CT Camera not operating 
2024-08-10 15:30:01 - Passed Sunrise 
2024-08-10 15:30:01 - CT Camera not operating 
2024-08-10 15:40:01 - Passed Sunrise 
2024-08-10 15:40:01 - CT Camera not operating 
2024-08-10 15:50:01 - Passed Sunrise 
2024-08-10 15:50:01 - CT Camera not operating 
2024-08-10 16:00:01 - Passed Sunrise 
2024-08-10 16:00:01 - CT Camera not operating 
2024-08-10 16:10:01 - Passed Sunrise 
2024-08-10 16:10:01 - CT Camera not operating 
2024-08-10 16:20:01 - Passed Sunrise 
2024-08-10 16:20:01 - CT Camera not operating 
2024-08-10 16:30:01 - Passed Sunrise 
2024-08-10 16:30:01 - CT Camera not operating 
2024-08-10 16:40:01 - Passed Sunrise 
2024-08-10 16:40:01 - CT Camera not operating 
2024-08-10 16:50:01 - Passed Sunrise 
2024-08-10 16:50:01 - CT Camera not operating 
2024-08-10 20:01:01 - Added sunrise_time: 2024-08-11 11:51:26 
2024-08-11 10:00:01 - Before Sunrise 
2024-08-11 10:10:02 - Before Sunrise 
2024-08-11 10:20:01 - Before Sunrise 
2024-08-11 10:30:01 - Before Sunrise 
2024-08-11 10:40:01 - Before Sunrise 
2024-08-11 10:50:01 - Before Sunrise 
2024-08-11 11:00:01 - Before Sunrise 
2024-08-11 11:10:01 - Before Sunrise 
2024-08-11 11:20:01 - Before Sunrise 
2024-08-11 11:30:01 - Before Sunrise 
2024-08-11 11:40:01 - Before Sunrise 
2024-08-11 11:50:01 - Before Sunrise 
2024-08-11 12:00:01 - Passed Sunrise 
2024-08-11 12:00:01 - CT Camera not operating 
2024-08-11 12:10:01 - Passed Sunrise 
2024-08-11 12:10:01 - CT Camera not operating 
2024-08-11 12:20:01 - Passed Sunrise 
2024-08-11 12:20:01 - CT Camera not operating 
2024-08-11 12:30:01 - Passed Sunrise 
2024-08-11 12:30:01 - CT Camera not operating 
2024-08-11 12:40:01 - Passed Sunrise 
2024-08-11 12:40:01 - CT Camera not operating 
2024-08-11 12:50:01 - Passed Sunrise 
2024-08-11 12:50:01 - CT Camera not operating 
2024-08-11 13:00:01 - Passed Sunrise 
2024-08-11 13:00:01 - CT Camera not operating 
2024-08-11 13:10:01 - Passed Sunrise 
2024-08-11 13:10:01 - CT Camera not operating 
2024-08-11 13:20:01 - Passed Sunrise 
2024-08-11 13:20:01 - CT Camera not operating 
2024-08-11 13:30:01 - Passed Sunrise 
2024-08-11 13:30:01 - CT Camera not operating 
2024-08-11 13:40:01 - Passed Sunrise 
2024-08-11 13:40:01 - CT Camera not operating 
2024-08-11 13:50:01 - Passed Sunrise 
2024-08-11 13:50:01 - CT Camera not operating 
2024-08-11 14:00:01 - Passed Sunrise 
2024-08-11 14:00:01 - CT Camera not operating 
2024-08-11 14:10:01 - Passed Sunrise 
2024-08-11 14:10:01 - CT Camera not operating 
2024-08-11 14:20:01 - Passed Sunrise 
2024-08-11 14:20:01 - CT Camera not operating 
2024-08-11 14:30:01 - Passed Sunrise 
2024-08-11 14:30:01 - CT Camera not operating 
2024-08-11 14:40:01 - Passed Sunrise 
2024-08-11 14:40:01 - CT Camera not operating 
2024-08-11 14:50:01 - Passed Sunrise 
2024-08-11 14:50:01 - CT Camera not operating 
2024-08-11 15:00:01 - Passed Sunrise 
2024-08-11 15:00:01 - CT Camera not operating 
2024-08-11 15:10:01 - Passed Sunrise 
2024-08-11 15:10:01 - CT Camera not operating 
2024-08-11 15:20:01 - Passed Sunrise 
2024-08-11 15:20:01 - CT Camera not operating 
2024-08-11 15:30:01 - Passed Sunrise 
2024-08-11 15:30:01 - CT Camera not operating 
2024-08-11 15:40:01 - Passed Sunrise 
2024-08-11 15:40:01 - CT Camera not operating 
2024-08-11 15:50:01 - Passed Sunrise 
2024-08-11 15:50:01 - CT Camera not operating 
2024-08-11 16:00:01 - Passed Sunrise 
2024-08-11 16:00:01 - CT Camera not operating 
2024-08-11 16:10:01 - Passed Sunrise 
2024-08-11 16:10:01 - CT Camera not operating 
2024-08-11 16:20:01 - Passed Sunrise 
2024-08-11 16:20:01 - CT Camera not operating 
2024-08-11 16:30:01 - Passed Sunrise 
2024-08-11 16:30:01 - CT Camera not operating 
2024-08-11 16:40:01 - Passed Sunrise 
2024-08-11 16:40:01 - CT Camera not operating 
2024-08-11 16:50:01 - Passed Sunrise 
2024-08-11 16:50:01 - CT Camera not operating 
2024-08-11 20:01:01 - Added sunrise_time: 2024-08-12 11:52:30 
2024-08-12 10:00:01 - Before Sunrise 
2024-08-12 10:10:01 - Before Sunrise 
2024-08-12 10:20:01 - Before Sunrise 
2024-08-12 10:30:02 - Before Sunrise 
2024-08-12 10:40:01 - Before Sunrise 
2024-08-12 10:50:01 - Before Sunrise 
2024-08-12 11:00:01 - Before Sunrise 
2024-08-12 11:10:01 - Before Sunrise 
2024-08-12 11:20:01 - Before Sunrise 
2024-08-12 11:30:01 - Before Sunrise 
2024-08-12 11:40:01 - Before Sunrise 
2024-08-12 11:50:01 - Before Sunrise 
2024-08-12 12:00:01 - Passed Sunrise 
2024-08-12 12:00:01 - CT Camera not operating 
2024-08-12 12:10:01 - Passed Sunrise 
2024-08-12 12:10:01 - CT Camera not operating 
2024-08-12 12:20:02 - Passed Sunrise 
2024-08-12 12:20:02 - CT Camera not operating 
2024-08-12 12:30:01 - Passed Sunrise 
2024-08-12 12:30:01 - CT Camera not operating 
2024-08-12 12:40:01 - Passed Sunrise 
2024-08-12 12:40:01 - CT Camera not operating 
2024-08-12 12:50:01 - Passed Sunrise 
2024-08-12 12:50:01 - CT Camera not operating 
2024-08-12 13:00:01 - Passed Sunrise 
2024-08-12 13:00:01 - CT Camera not operating 
2024-08-12 13:10:01 - Passed Sunrise 
2024-08-12 13:10:01 - CT Camera not operating 
2024-08-12 13:20:02 - Passed Sunrise 
2024-08-12 13:20:02 - CT Camera not operating 
2024-08-12 13:30:01 - Passed Sunrise 
2024-08-12 13:30:01 - CT Camera not operating 
2024-08-12 13:40:01 - Passed Sunrise 
2024-08-12 13:40:01 - CT Camera not operating 
2024-08-12 13:50:01 - Passed Sunrise 
2024-08-12 13:50:01 - CT Camera not operating 
2024-08-12 14:00:01 - Passed Sunrise 
2024-08-12 14:00:01 - CT Camera not operating 
2024-08-12 14:10:01 - Passed Sunrise 
2024-08-12 14:10:01 - CT Camera not operating 
2024-08-12 14:20:01 - Passed Sunrise 
2024-08-12 14:20:01 - CT Camera not operating 
2024-08-12 14:30:01 - Passed Sunrise 
2024-08-12 14:30:01 - CT Camera not operating 
2024-08-12 14:40:01 - Passed Sunrise 
2024-08-12 14:40:01 - CT Camera not operating 
2024-08-12 14:50:01 - Passed Sunrise 
2024-08-12 14:50:01 - CT Camera not operating 
2024-08-12 15:00:01 - Passed Sunrise 
2024-08-12 15:00:01 - CT Camera not operating 
2024-08-12 15:10:01 - Passed Sunrise 
2024-08-12 15:10:01 - CT Camera not operating 
2024-08-12 15:20:01 - Passed Sunrise 
2024-08-12 15:20:01 - CT Camera not operating 
2024-08-12 15:30:01 - Passed Sunrise 
2024-08-12 15:30:01 - CT Camera not operating 
2024-08-12 15:40:01 - Passed Sunrise 
2024-08-12 15:40:01 - CT Camera not operating 
2024-08-12 15:50:01 - Passed Sunrise 
2024-08-12 15:50:01 - CT Camera not operating 
2024-08-12 16:00:01 - Passed Sunrise 
2024-08-12 16:00:01 - CT Camera not operating 
2024-08-12 16:10:01 - Passed Sunrise 
2024-08-12 16:10:01 - CT Camera not operating 
2024-08-12 16:20:01 - Passed Sunrise 
2024-08-12 16:20:01 - CT Camera not operating 
2024-08-12 16:30:01 - Passed Sunrise 
2024-08-12 16:30:01 - CT Camera not operating 
2024-08-12 16:40:01 - Passed Sunrise 
2024-08-12 16:40:01 - CT Camera not operating 
2024-08-12 16:50:01 - Passed Sunrise 
2024-08-12 16:50:01 - CT Camera not operating 
2024-08-12 20:01:01 - Added sunrise_time: 2024-08-13 11:53:34 
2024-08-13 10:00:01 - Before Sunrise 
2024-08-13 10:10:01 - Before Sunrise 
2024-08-13 10:20:01 - Before Sunrise 
2024-08-13 10:30:01 - Before Sunrise 
2024-08-13 10:40:02 - Before Sunrise 
2024-08-13 10:50:01 - Before Sunrise 
2024-08-13 11:00:01 - Before Sunrise 
2024-08-13 11:10:01 - Before Sunrise 
2024-08-13 11:20:01 - Before Sunrise 
2024-08-13 11:30:01 - Before Sunrise 
2024-08-13 11:40:01 - Before Sunrise 
2024-08-13 11:50:01 - Before Sunrise 
2024-08-13 12:00:01 - Passed Sunrise 
2024-08-13 12:00:01 - CT Camera not operating 
2024-08-13 12:10:01 - Passed Sunrise 
2024-08-13 12:10:01 - CT Camera not operating 
2024-08-13 12:20:01 - Passed Sunrise 
2024-08-13 12:20:01 - CT Camera not operating 
2024-08-13 12:30:01 - Passed Sunrise 
2024-08-13 12:30:01 - CT Camera not operating 
2024-08-13 12:40:01 - Passed Sunrise 
2024-08-13 12:40:01 - CT Camera not operating 
2024-08-13 12:50:01 - Passed Sunrise 
2024-08-13 12:50:01 - CT Camera not operating 
2024-08-13 13:00:01 - Passed Sunrise 
2024-08-13 13:00:01 - CT Camera not operating 
2024-08-13 13:10:01 - Passed Sunrise 
2024-08-13 13:10:01 - CT Camera not operating 
2024-08-13 13:20:01 - Passed Sunrise 
2024-08-13 13:20:01 - CT Camera not operating 
2024-08-13 13:30:01 - Passed Sunrise 
2024-08-13 13:30:01 - CT Camera not operating 
2024-08-13 13:40:01 - Passed Sunrise 
2024-08-13 13:40:01 - CT Camera not operating 
2024-08-13 13:50:01 - Passed Sunrise 
2024-08-13 13:50:01 - CT Camera not operating 
2024-08-13 14:00:01 - Passed Sunrise 
2024-08-13 14:00:01 - CT Camera not operating 
2024-08-13 14:10:01 - Passed Sunrise 
2024-08-13 14:10:01 - CT Camera not operating 
2024-08-13 14:20:01 - Passed Sunrise 
2024-08-13 14:20:01 - CT Camera not operating 
2024-08-13 14:30:01 - Passed Sunrise 
2024-08-13 14:30:01 - CT Camera not operating 
2024-08-13 14:40:01 - Passed Sunrise 
2024-08-13 14:40:01 - CT Camera not operating 
2024-08-13 14:50:01 - Passed Sunrise 
2024-08-13 14:50:01 - CT Camera not operating 
2024-08-13 15:00:01 - Passed Sunrise 
2024-08-13 15:00:01 - CT Camera not operating 
2024-08-13 15:10:01 - Passed Sunrise 
2024-08-13 15:10:01 - CT Camera not operating 
2024-08-13 15:20:01 - Passed Sunrise 
2024-08-13 15:20:01 - CT Camera not operating 
2024-08-13 15:30:01 - Passed Sunrise 
2024-08-13 15:30:01 - CT Camera not operating 
2024-08-13 15:40:01 - Passed Sunrise 
2024-08-13 15:40:01 - CT Camera not operating 
2024-08-13 15:50:01 - Passed Sunrise 
2024-08-13 15:50:01 - CT Camera not operating 
2024-08-13 16:00:01 - Passed Sunrise 
2024-08-13 16:00:01 - CT Camera not operating 
2024-08-13 16:10:01 - Passed Sunrise 
2024-08-13 16:10:01 - CT Camera not operating 
2024-08-13 16:20:01 - Passed Sunrise 
2024-08-13 16:20:01 - CT Camera not operating 
2024-08-13 16:30:01 - Passed Sunrise 
2024-08-13 16:30:01 - CT Camera not operating 
2024-08-13 16:40:01 - Passed Sunrise 
2024-08-13 16:40:01 - CT Camera not operating 
2024-08-13 16:50:01 - Passed Sunrise 
2024-08-13 16:50:01 - CT Camera not operating 
2024-08-13 20:01:01 - Added sunrise_time: 2024-08-14 11:54:37 
2024-08-14 10:00:01 - Before Sunrise 
2024-08-14 10:10:01 - Before Sunrise 
2024-08-14 10:20:01 - Before Sunrise 
2024-08-14 10:30:01 - Before Sunrise 
2024-08-14 10:40:01 - Before Sunrise 
2024-08-14 10:50:01 - Before Sunrise 
2024-08-14 11:00:01 - Before Sunrise 
2024-08-14 11:10:01 - Before Sunrise 
2024-08-14 11:20:01 - Before Sunrise 
2024-08-14 11:30:01 - Before Sunrise 
2024-08-14 11:40:01 - Before Sunrise 
2024-08-14 11:50:01 - Before Sunrise 
2024-08-14 12:00:01 - Passed Sunrise 
2024-08-14 12:00:01 - CT Camera not operating 
2024-08-14 12:10:01 - Passed Sunrise 
2024-08-14 12:10:01 - CT Camera not operating 
2024-08-14 12:20:01 - Passed Sunrise 
2024-08-14 12:20:01 - CT Camera not operating 
2024-08-14 12:30:02 - Passed Sunrise 
2024-08-14 12:30:02 - CT Camera not operating 
2024-08-14 12:40:01 - Passed Sunrise 
2024-08-14 12:40:01 - CT Camera not operating 
2024-08-14 12:50:01 - Passed Sunrise 
2024-08-14 12:50:01 - CT Camera not operating 
2024-08-14 13:00:01 - Passed Sunrise 
2024-08-14 13:00:01 - CT Camera not operating 
2024-08-14 13:10:01 - Passed Sunrise 
2024-08-14 13:10:01 - CT Camera not operating 
2024-08-14 13:20:01 - Passed Sunrise 
2024-08-14 13:20:01 - CT Camera not operating 
2024-08-14 13:30:01 - Passed Sunrise 
2024-08-14 13:30:01 - CT Camera not operating 
2024-08-14 13:40:01 - Passed Sunrise 
2024-08-14 13:40:01 - CT Camera not operating 
2024-08-14 13:50:01 - Passed Sunrise 
2024-08-14 13:50:01 - CT Camera not operating 
2024-08-14 14:00:01 - Passed Sunrise 
2024-08-14 14:00:01 - CT Camera not operating 
2024-08-14 14:10:01 - Passed Sunrise 
2024-08-14 14:10:01 - CT Camera not operating 
2024-08-14 14:20:01 - Passed Sunrise 
2024-08-14 14:20:01 - CT Camera not operating 
2024-08-14 14:30:01 - Passed Sunrise 
2024-08-14 14:30:01 - CT Camera not operating 
2024-08-14 14:40:01 - Passed Sunrise 
2024-08-14 14:40:01 - CT Camera not operating 
2024-08-14 14:50:01 - Passed Sunrise 
2024-08-14 14:50:01 - CT Camera not operating 
2024-08-14 15:00:01 - Passed Sunrise 
2024-08-14 15:00:01 - CT Camera not operating 
2024-08-14 15:10:01 - Passed Sunrise 
2024-08-14 15:10:01 - CT Camera not operating 
2024-08-14 15:20:01 - Passed Sunrise 
2024-08-14 15:20:01 - CT Camera not operating 
2024-08-14 15:30:01 - Passed Sunrise 
2024-08-14 15:30:01 - CT Camera not operating 
2024-08-14 15:40:01 - Passed Sunrise 
2024-08-14 15:40:01 - CT Camera not operating 
2024-08-14 15:50:01 - Passed Sunrise 
2024-08-14 15:50:01 - CT Camera not operating 
2024-08-14 16:00:02 - Passed Sunrise 
2024-08-14 16:00:02 - CT Camera not operating 
2024-08-14 16:10:01 - Passed Sunrise 
2024-08-14 16:10:01 - CT Camera not operating 
2024-08-14 16:20:01 - Passed Sunrise 
2024-08-14 16:20:01 - CT Camera not operating 
2024-08-14 16:30:01 - Passed Sunrise 
2024-08-14 16:30:01 - CT Camera not operating 
2024-08-14 16:40:01 - Passed Sunrise 
2024-08-14 16:40:01 - CT Camera not operating 
2024-08-14 16:50:02 - Passed Sunrise 
2024-08-14 16:50:02 - CT Camera not operating 
2024-08-14 20:01:01 - Added sunrise_time: 2024-08-15 11:55:41 
2024-08-15 10:00:01 - Before Sunrise 
2024-08-15 10:10:01 - Before Sunrise 
2024-08-15 10:20:01 - Before Sunrise 
2024-08-15 10:30:01 - Before Sunrise 
2024-08-15 10:40:01 - Before Sunrise 
2024-08-15 10:50:01 - Before Sunrise 
2024-08-15 11:00:01 - Before Sunrise 
2024-08-15 11:10:01 - Before Sunrise 
2024-08-15 11:20:01 - Before Sunrise 
2024-08-15 11:30:01 - Before Sunrise 
2024-08-15 11:40:01 - Before Sunrise 
2024-08-15 11:50:01 - Before Sunrise 
2024-08-15 12:00:01 - Passed Sunrise 
2024-08-15 12:00:01 - CT Camera not operating 
2024-08-15 12:10:01 - Passed Sunrise 
2024-08-15 12:10:01 - CT Camera not operating 
2024-08-15 12:20:01 - Passed Sunrise 
2024-08-15 12:20:01 - CT Camera not operating 
2024-08-15 12:30:01 - Passed Sunrise 
2024-08-15 12:30:01 - CT Camera not operating 
2024-08-15 12:40:01 - Passed Sunrise 
2024-08-15 12:40:01 - CT Camera not operating 
2024-08-15 12:50:01 - Passed Sunrise 
2024-08-15 12:50:01 - CT Camera not operating 
2024-08-15 13:00:01 - Passed Sunrise 
2024-08-15 13:00:01 - CT Camera not operating 
2024-08-15 13:10:01 - Passed Sunrise 
2024-08-15 13:10:01 - CT Camera not operating 
2024-08-15 13:20:01 - Passed Sunrise 
2024-08-15 13:20:01 - CT Camera not operating 
2024-08-15 13:30:01 - Passed Sunrise 
2024-08-15 13:30:01 - CT Camera not operating 
2024-08-15 13:40:01 - Passed Sunrise 
2024-08-15 13:40:01 - CT Camera not operating 
2024-08-15 13:50:01 - Passed Sunrise 
2024-08-15 13:50:01 - CT Camera not operating 
2024-08-15 14:00:01 - Passed Sunrise 
2024-08-15 14:00:01 - CT Camera not operating 
2024-08-15 14:10:01 - Passed Sunrise 
2024-08-15 14:10:01 - CT Camera not operating 
2024-08-15 14:20:01 - Passed Sunrise 
2024-08-15 14:20:01 - CT Camera not operating 
2024-08-15 14:30:01 - Passed Sunrise 
2024-08-15 14:30:01 - CT Camera not operating 
2024-08-15 14:40:01 - Passed Sunrise 
2024-08-15 14:40:01 - CT Camera not operating 
2024-08-15 14:50:01 - Passed Sunrise 
2024-08-15 14:50:01 - CT Camera not operating 
2024-08-15 15:00:01 - Passed Sunrise 
2024-08-15 15:00:01 - CT Camera not operating 
2024-08-15 15:10:02 - Passed Sunrise 
2024-08-15 15:10:02 - CT Camera not operating 
2024-08-15 15:20:01 - Passed Sunrise 
2024-08-15 15:20:01 - CT Camera not operating 
2024-08-15 15:30:01 - Passed Sunrise 
2024-08-15 15:30:01 - CT Camera not operating 
2024-08-15 15:40:01 - Passed Sunrise 
2024-08-15 15:40:01 - CT Camera not operating 
2024-08-15 15:50:01 - Passed Sunrise 
2024-08-15 15:50:01 - CT Camera not operating 
2024-08-15 16:00:01 - Passed Sunrise 
2024-08-15 16:00:01 - CT Camera not operating 
2024-08-15 16:10:01 - Passed Sunrise 
2024-08-15 16:10:01 - Shutting Down Camera 
2024-08-15 16:11:31 - Shut down camera Successful 
2024-08-15 16:11:31 - CTM complete. Powering Down MagnaPS 
2024-08-15 16:11:33 - Shutdown Complete 
2024-08-15 16:20:01 - Passed Sunrise 
2024-08-15 16:20:01 - Shutting Down Camera 
2024-08-15 16:21:31 - Shut down camera Successful 
2024-08-15 16:21:31 - CTM complete. Powering Down MagnaPS 
2024-08-15 16:21:33 - Shutdown Complete 
2024-08-15 16:30:01 - Passed Sunrise 
2024-08-15 16:30:01 - CT Camera not operating 
2024-08-15 16:40:01 - Passed Sunrise 
2024-08-15 16:40:01 - CT Camera not operating 
2024-08-15 16:50:01 - Passed Sunrise 
2024-08-15 16:50:01 - CT Camera not operating 
2024-08-15 20:01:01 - Added sunrise_time: 2024-08-16 11:56:44 
2024-08-16 10:00:01 - Before Sunrise 
2024-08-16 10:10:01 - Before Sunrise 
2024-08-16 10:20:01 - Before Sunrise 
2024-08-16 10:30:02 - Before Sunrise 
2024-08-16 10:40:01 - Before Sunrise 
2024-08-16 10:50:01 - Before Sunrise 
2024-08-16 11:00:01 - Before Sunrise 
2024-08-16 11:10:01 - Before Sunrise 
2024-08-16 11:20:01 - Before Sunrise 
2024-08-16 11:30:02 - Before Sunrise 
2024-08-16 11:40:01 - Before Sunrise 
2024-08-16 11:50:01 - Before Sunrise 
2024-08-16 12:00:01 - Passed Sunrise 
2024-08-16 12:00:01 - CT Camera not operating 
2024-08-16 12:10:01 - Passed Sunrise 
2024-08-16 12:10:01 - CT Camera not operating 
2024-08-16 12:20:01 - Passed Sunrise 
2024-08-16 12:20:01 - CT Camera not operating 
2024-08-16 12:30:02 - Passed Sunrise 
2024-08-16 12:30:02 - CT Camera not operating 
2024-08-16 12:40:01 - Passed Sunrise 
2024-08-16 12:40:01 - CT Camera not operating 
2024-08-16 12:50:01 - Passed Sunrise 
2024-08-16 12:50:01 - CT Camera not operating 
2024-08-16 13:00:01 - Passed Sunrise 
2024-08-16 13:00:01 - CT Camera not operating 
2024-08-16 13:10:01 - Passed Sunrise 
2024-08-16 13:10:01 - CT Camera not operating 
2024-08-16 13:20:01 - Passed Sunrise 
2024-08-16 13:20:01 - CT Camera not operating 
2024-08-16 13:30:02 - Passed Sunrise 
2024-08-16 13:30:02 - CT Camera not operating 
2024-08-16 13:40:01 - Passed Sunrise 
2024-08-16 13:40:01 - CT Camera not operating 
2024-08-16 13:50:01 - Passed Sunrise 
2024-08-16 13:50:01 - CT Camera not operating 
2024-08-16 14:00:01 - Passed Sunrise 
2024-08-16 14:00:01 - CT Camera not operating 
2024-08-16 14:10:01 - Passed Sunrise 
2024-08-16 14:10:01 - CT Camera not operating 
2024-08-16 14:20:02 - Passed Sunrise 
2024-08-16 14:20:02 - CT Camera not operating 
2024-08-16 14:30:01 - Passed Sunrise 
2024-08-16 14:30:01 - CT Camera not operating 
2024-08-16 14:40:01 - Passed Sunrise 
2024-08-16 14:40:01 - CT Camera not operating 
2024-08-16 14:50:01 - Passed Sunrise 
2024-08-16 14:50:01 - CT Camera not operating 
2024-08-16 15:00:01 - Passed Sunrise 
2024-08-16 15:00:01 - CT Camera not operating 
2024-08-16 15:10:01 - Passed Sunrise 
2024-08-16 15:10:01 - CT Camera not operating 
2024-08-16 15:20:02 - Passed Sunrise 
2024-08-16 15:20:02 - CT Camera not operating 
2024-08-16 15:30:01 - Passed Sunrise 
2024-08-16 15:30:01 - CT Camera not operating 
2024-08-16 15:40:01 - Passed Sunrise 
2024-08-16 15:40:01 - CT Camera not operating 
2024-08-16 15:50:01 - Passed Sunrise 
2024-08-16 15:50:01 - CT Camera not operating 
2024-08-16 16:00:01 - Passed Sunrise 
2024-08-16 16:00:01 - CT Camera not operating 
2024-08-16 16:10:01 - Passed Sunrise 
2024-08-16 16:10:01 - CT Camera not operating 
2024-08-16 16:20:02 - Passed Sunrise 
2024-08-16 16:20:02 - CT Camera not operating 
2024-08-16 16:30:01 - Passed Sunrise 
2024-08-16 16:30:01 - CT Camera not operating 
2024-08-16 16:40:01 - Passed Sunrise 
2024-08-16 16:40:01 - CT Camera not operating 
2024-08-16 16:50:01 - Passed Sunrise 
2024-08-16 16:50:01 - CT Camera not operating 
2024-08-16 20:01:01 - Added sunrise_time: 2024-08-17 11:57:47 
2024-08-17 10:00:01 - Before Sunrise 
2024-08-17 10:10:01 - Before Sunrise 
2024-08-17 10:20:01 - Before Sunrise 
2024-08-17 10:30:01 - Before Sunrise 
2024-08-17 10:40:01 - Before Sunrise 
2024-08-17 10:50:01 - Before Sunrise 
2024-08-17 11:00:01 - Before Sunrise 
2024-08-17 11:10:01 - Before Sunrise 
2024-08-17 11:20:01 - Before Sunrise 
2024-08-17 11:30:01 - Before Sunrise 
2024-08-17 11:40:01 - Before Sunrise 
2024-08-17 11:50:01 - Before Sunrise 
2024-08-17 12:00:01 - Passed Sunrise 
2024-08-17 12:00:01 - CT Camera not operating 
2024-08-17 12:10:01 - Passed Sunrise 
2024-08-17 12:10:01 - CT Camera not operating 
2024-08-17 12:20:01 - Passed Sunrise 
2024-08-17 12:20:01 - CT Camera not operating 
2024-08-17 12:30:01 - Passed Sunrise 
2024-08-17 12:30:01 - CT Camera not operating 
2024-08-17 12:40:01 - Passed Sunrise 
2024-08-17 12:40:01 - CT Camera not operating 
2024-08-17 12:50:01 - Passed Sunrise 
2024-08-17 12:50:01 - CT Camera not operating 
2024-08-17 13:00:01 - Passed Sunrise 
2024-08-17 13:00:01 - CT Camera not operating 
2024-08-17 13:10:01 - Passed Sunrise 
2024-08-17 13:10:01 - CT Camera not operating 
2024-08-17 13:20:01 - Passed Sunrise 
2024-08-17 13:20:01 - CT Camera not operating 
2024-08-17 13:30:01 - Passed Sunrise 
2024-08-17 13:30:01 - CT Camera not operating 
2024-08-17 13:40:01 - Passed Sunrise 
2024-08-17 13:40:01 - CT Camera not operating 
2024-08-17 13:50:01 - Passed Sunrise 
2024-08-17 13:50:01 - CT Camera not operating 
2024-08-17 14:00:01 - Passed Sunrise 
2024-08-17 14:00:01 - CT Camera not operating 
2024-08-17 14:10:01 - Passed Sunrise 
2024-08-17 14:10:01 - CT Camera not operating 
2024-08-17 14:20:01 - Passed Sunrise 
2024-08-17 14:20:01 - CT Camera not operating 
2024-08-17 14:30:01 - Passed Sunrise 
2024-08-17 14:30:01 - CT Camera not operating 
2024-08-17 14:40:01 - Passed Sunrise 
2024-08-17 14:40:01 - CT Camera not operating 
2024-08-17 14:50:01 - Passed Sunrise 
2024-08-17 14:50:01 - CT Camera not operating 
2024-08-17 15:00:01 - Passed Sunrise 
2024-08-17 15:00:01 - CT Camera not operating 
2024-08-17 15:10:01 - Passed Sunrise 
2024-08-17 15:10:01 - CT Camera not operating 
2024-08-17 15:20:01 - Passed Sunrise 
2024-08-17 15:20:01 - CT Camera not operating 
2024-08-17 15:30:01 - Passed Sunrise 
2024-08-17 15:30:01 - CT Camera not operating 
2024-08-17 15:40:01 - Passed Sunrise 
2024-08-17 15:40:01 - CT Camera not operating 
2024-08-17 15:50:01 - Passed Sunrise 
2024-08-17 15:50:01 - CT Camera not operating 
2024-08-17 16:00:01 - Passed Sunrise 
2024-08-17 16:00:01 - CT Camera not operating 
2024-08-17 16:10:02 - Passed Sunrise 
2024-08-17 16:10:02 - CT Camera not operating 
2024-08-17 16:20:01 - Passed Sunrise 
2024-08-17 16:20:01 - CT Camera not operating 
2024-08-17 16:30:01 - Passed Sunrise 
2024-08-17 16:30:01 - CT Camera not operating 
2024-08-17 16:40:01 - Passed Sunrise 
2024-08-17 16:40:01 - CT Camera not operating 
2024-08-17 16:50:01 - Passed Sunrise 
2024-08-17 16:50:01 - CT Camera not operating 
2024-08-17 20:01:01 - Added sunrise_time: 2024-08-18 11:58:50 
2024-08-18 10:00:01 - Before Sunrise 
2024-08-18 10:10:02 - Before Sunrise 
2024-08-18 10:20:01 - Before Sunrise 
2024-08-18 10:30:01 - Before Sunrise 
2024-08-18 10:40:01 - Before Sunrise 
2024-08-18 10:50:01 - Before Sunrise 
2024-08-18 11:00:01 - Before Sunrise 
2024-08-18 11:10:01 - Before Sunrise 
2024-08-18 11:20:01 - Before Sunrise 
2024-08-18 11:30:01 - Before Sunrise 
2024-08-18 11:40:01 - Before Sunrise 
2024-08-18 11:50:01 - Before Sunrise 
2024-08-18 12:00:01 - Passed Sunrise 
2024-08-18 12:00:01 - CT Camera not operating 
2024-08-18 12:10:01 - Passed Sunrise 
2024-08-18 12:10:01 - CT Camera not operating 
2024-08-18 12:20:01 - Passed Sunrise 
2024-08-18 12:20:01 - CT Camera not operating 
2024-08-18 12:30:01 - Passed Sunrise 
2024-08-18 12:30:01 - CT Camera not operating 
2024-08-18 12:40:01 - Passed Sunrise 
2024-08-18 12:40:01 - CT Camera not operating 
2024-08-18 12:50:01 - Passed Sunrise 
2024-08-18 12:50:01 - CT Camera not operating 
2024-08-18 13:00:01 - Passed Sunrise 
2024-08-18 13:00:01 - CT Camera not operating 
2024-08-18 13:10:01 - Passed Sunrise 
2024-08-18 13:10:01 - CT Camera not operating 
2024-08-18 13:20:01 - Passed Sunrise 
2024-08-18 13:20:01 - CT Camera not operating 
2024-08-18 13:30:01 - Passed Sunrise 
2024-08-18 13:30:01 - CT Camera not operating 
2024-08-18 13:40:01 - Passed Sunrise 
2024-08-18 13:40:01 - CT Camera not operating 
2024-08-18 13:50:01 - Passed Sunrise 
2024-08-18 13:50:01 - CT Camera not operating 
2024-08-18 14:00:01 - Passed Sunrise 
2024-08-18 14:00:01 - CT Camera not operating 
2024-08-18 14:10:01 - Passed Sunrise 
2024-08-18 14:10:01 - CT Camera not operating 
2024-08-18 14:20:01 - Passed Sunrise 
2024-08-18 14:20:01 - CT Camera not operating 
2024-08-18 14:30:01 - Passed Sunrise 
2024-08-18 14:30:01 - CT Camera not operating 
2024-08-18 14:40:01 - Passed Sunrise 
2024-08-18 14:40:01 - CT Camera not operating 
2024-08-18 14:50:01 - Passed Sunrise 
2024-08-18 14:50:01 - CT Camera not operating 
2024-08-18 15:00:01 - Passed Sunrise 
2024-08-18 15:00:01 - CT Camera not operating 
2024-08-18 15:10:01 - Passed Sunrise 
2024-08-18 15:10:01 - CT Camera not operating 
2024-08-18 15:20:01 - Passed Sunrise 
2024-08-18 15:20:01 - CT Camera not operating 
2024-08-18 15:30:01 - Passed Sunrise 
2024-08-18 15:30:01 - CT Camera not operating 
2024-08-18 15:40:01 - Passed Sunrise 
2024-08-18 15:40:01 - CT Camera not operating 
2024-08-18 15:50:01 - Passed Sunrise 
2024-08-18 15:50:01 - CT Camera not operating 
2024-08-18 16:00:01 - Passed Sunrise 
2024-08-18 16:00:01 - CT Camera not operating 
2024-08-18 16:10:01 - Passed Sunrise 
2024-08-18 16:10:01 - CT Camera not operating 
2024-08-18 16:20:01 - Passed Sunrise 
2024-08-18 16:20:01 - CT Camera not operating 
2024-08-18 16:30:01 - Passed Sunrise 
2024-08-18 16:30:01 - CT Camera not operating 
2024-08-18 16:40:01 - Passed Sunrise 
2024-08-18 16:40:01 - CT Camera not operating 
2024-08-18 16:50:01 - Passed Sunrise 
2024-08-18 16:50:01 - CT Camera not operating 
2024-08-18 20:01:02 - Added sunrise_time: 2024-08-19 11:59:52 
2024-08-19 10:00:01 - Before Sunrise 
2024-08-19 10:10:01 - Before Sunrise 
2024-08-19 10:20:01 - Before Sunrise 
2024-08-19 10:30:01 - Before Sunrise 
2024-08-19 10:40:01 - Before Sunrise 
2024-08-19 10:50:01 - Before Sunrise 
2024-08-19 11:00:01 - Before Sunrise 
2024-08-19 11:10:01 - Before Sunrise 
2024-08-19 11:20:01 - Before Sunrise 
2024-08-19 11:30:01 - Before Sunrise 
2024-08-19 11:40:01 - Before Sunrise 
2024-08-19 11:50:01 - Before Sunrise 
2024-08-19 12:00:02 - Passed Sunrise 
2024-08-19 12:00:02 - CT Camera not operating 
2024-08-19 12:10:01 - Passed Sunrise 
2024-08-19 12:10:01 - CT Camera not operating 
2024-08-19 12:20:01 - Passed Sunrise 
2024-08-19 12:20:01 - CT Camera not operating 
2024-08-19 12:30:01 - Passed Sunrise 
2024-08-19 12:30:01 - CT Camera not operating 
2024-08-19 12:40:01 - Passed Sunrise 
2024-08-19 12:40:01 - CT Camera not operating 
2024-08-19 12:50:01 - Passed Sunrise 
2024-08-19 12:50:01 - CT Camera not operating 
2024-08-19 13:00:02 - Passed Sunrise 
2024-08-19 13:00:02 - CT Camera not operating 
2024-08-19 13:10:01 - Passed Sunrise 
2024-08-19 13:10:01 - CT Camera not operating 
2024-08-19 13:20:01 - Passed Sunrise 
2024-08-19 13:20:01 - CT Camera not operating 
2024-08-19 13:30:01 - Passed Sunrise 
2024-08-19 13:30:01 - CT Camera not operating 
2024-08-19 13:40:01 - Passed Sunrise 
2024-08-19 13:40:01 - CT Camera not operating 
2024-08-19 13:50:01 - Passed Sunrise 
2024-08-19 13:50:01 - CT Camera not operating 
2024-08-19 14:00:02 - Passed Sunrise 
2024-08-19 14:00:02 - CT Camera not operating 
2024-08-19 14:10:01 - Passed Sunrise 
2024-08-19 14:10:01 - CT Camera not operating 
2024-08-19 14:20:01 - Passed Sunrise 
2024-08-19 14:20:01 - CT Camera not operating 
2024-08-19 14:30:01 - Passed Sunrise 
2024-08-19 14:30:01 - CT Camera not operating 
2024-08-19 14:40:01 - Passed Sunrise 
2024-08-19 14:40:01 - CT Camera not operating 
2024-08-19 14:50:01 - Passed Sunrise 
2024-08-19 14:50:01 - CT Camera not operating 
2024-08-19 15:00:01 - Passed Sunrise 
2024-08-19 15:00:01 - CT Camera not operating 
2024-08-19 15:10:01 - Passed Sunrise 
2024-08-19 15:10:01 - CT Camera not operating 
2024-08-19 15:20:01 - Passed Sunrise 
2024-08-19 15:20:01 - CT Camera not operating 
2024-08-19 15:30:01 - Passed Sunrise 
2024-08-19 15:30:01 - CT Camera not operating 
2024-08-19 15:40:01 - Passed Sunrise 
2024-08-19 15:40:01 - CT Camera not operating 
2024-08-19 15:50:02 - Passed Sunrise 
2024-08-19 15:50:02 - CT Camera not operating 
2024-08-19 16:00:01 - Passed Sunrise 
2024-08-19 16:00:01 - CT Camera not operating 
2024-08-19 16:10:01 - Passed Sunrise 
2024-08-19 16:10:01 - CT Camera not operating 
2024-08-19 16:20:01 - Passed Sunrise 
2024-08-19 16:20:01 - CT Camera not operating 
2024-08-19 16:30:01 - Passed Sunrise 
2024-08-19 16:30:01 - CT Camera not operating 
2024-08-19 16:40:01 - Passed Sunrise 
2024-08-19 16:40:01 - CT Camera not operating 
2024-08-19 16:50:02 - Passed Sunrise 
2024-08-19 16:50:02 - CT Camera not operating 
2024-08-19 20:01:01 - Added sunrise_time: 2024-08-20 12:00:54 
2024-08-20 10:00:01 - Before Sunrise 
2024-08-20 10:10:01 - Before Sunrise 
2024-08-20 10:20:01 - Before Sunrise 
2024-08-20 10:30:01 - Before Sunrise 
2024-08-20 10:40:01 - Before Sunrise 
2024-08-20 10:50:01 - Before Sunrise 
2024-08-20 11:00:01 - Before Sunrise 
2024-08-20 11:10:01 - Before Sunrise 
2024-08-20 11:20:01 - Before Sunrise 
2024-08-20 11:30:01 - Before Sunrise 
2024-08-20 11:40:01 - Before Sunrise 
2024-08-20 11:50:01 - Before Sunrise 
2024-08-20 12:00:01 - Before Sunrise 
2024-08-20 12:10:01 - Passed Sunrise 
2024-08-20 12:10:01 - CT Camera not operating 
2024-08-20 12:20:01 - Passed Sunrise 
2024-08-20 12:20:01 - CT Camera not operating 
2024-08-20 12:30:01 - Passed Sunrise 
2024-08-20 12:30:01 - CT Camera not operating 
2024-08-20 12:40:01 - Passed Sunrise 
2024-08-20 12:40:01 - CT Camera not operating 
2024-08-20 12:50:01 - Passed Sunrise 
2024-08-20 12:50:01 - CT Camera not operating 
2024-08-20 13:00:01 - Passed Sunrise 
2024-08-20 13:00:01 - CT Camera not operating 
2024-08-20 13:10:01 - Passed Sunrise 
2024-08-20 13:10:01 - CT Camera not operating 
2024-08-20 13:20:01 - Passed Sunrise 
2024-08-20 13:20:01 - CT Camera not operating 
2024-08-20 13:30:01 - Passed Sunrise 
2024-08-20 13:30:01 - CT Camera not operating 
2024-08-20 13:40:01 - Passed Sunrise 
2024-08-20 13:40:01 - CT Camera not operating 
2024-08-20 13:50:01 - Passed Sunrise 
2024-08-20 13:50:01 - CT Camera not operating 
2024-08-20 14:00:01 - Passed Sunrise 
2024-08-20 14:00:01 - CT Camera not operating 
2024-08-20 14:10:01 - Passed Sunrise 
2024-08-20 14:10:01 - CT Camera not operating 
2024-08-20 14:20:01 - Passed Sunrise 
2024-08-20 14:20:01 - CT Camera not operating 
2024-08-20 14:30:01 - Passed Sunrise 
2024-08-20 14:30:01 - CT Camera not operating 
2024-08-20 14:40:01 - Passed Sunrise 
2024-08-20 14:40:01 - CT Camera not operating 
2024-08-20 14:50:01 - Passed Sunrise 
2024-08-20 14:50:01 - CT Camera not operating 
2024-08-20 15:00:01 - Passed Sunrise 
2024-08-20 15:00:01 - CT Camera not operating 
2024-08-20 15:10:01 - Passed Sunrise 
2024-08-20 15:10:01 - CT Camera not operating 
2024-08-20 15:20:01 - Passed Sunrise 
2024-08-20 15:20:01 - CT Camera not operating 
2024-08-20 15:30:01 - Passed Sunrise 
2024-08-20 15:30:01 - CT Camera not operating 
2024-08-20 15:40:01 - Passed Sunrise 
2024-08-20 15:40:01 - CT Camera not operating 
2024-08-20 15:50:01 - Passed Sunrise 
2024-08-20 15:50:01 - CT Camera not operating 
2024-08-20 16:00:01 - Passed Sunrise 
2024-08-20 16:00:01 - CT Camera not operating 
2024-08-20 16:10:01 - Passed Sunrise 
2024-08-20 16:10:01 - CT Camera not operating 
2024-08-20 16:20:01 - Passed Sunrise 
2024-08-20 16:20:01 - CT Camera not operating 
2024-08-20 16:30:01 - Passed Sunrise 
2024-08-20 16:30:01 - CT Camera not operating 
2024-08-20 16:40:01 - Passed Sunrise 
2024-08-20 16:40:01 - CT Camera not operating 
2024-08-20 16:50:01 - Passed Sunrise 
2024-08-20 16:50:01 - CT Camera not operating 
2024-08-20 20:01:01 - Added sunrise_time: 2024-08-21 12:01:57 
2024-08-21 10:00:01 - Before Sunrise 
2024-08-21 10:10:01 - Before Sunrise 
2024-08-21 10:20:01 - Before Sunrise 
2024-08-21 10:30:01 - Before Sunrise 
2024-08-21 10:40:01 - Before Sunrise 
2024-08-21 10:50:01 - Before Sunrise 
2024-08-21 11:00:01 - Before Sunrise 
2024-08-21 11:10:01 - Before Sunrise 
2024-08-21 11:20:01 - Before Sunrise 
2024-08-21 11:30:01 - Before Sunrise 
2024-08-21 11:40:01 - Before Sunrise 
2024-08-21 11:50:01 - Before Sunrise 
2024-08-21 12:00:01 - Before Sunrise 
2024-08-21 12:10:01 - Passed Sunrise 
2024-08-21 12:10:01 - CT Camera not operating 
2024-08-21 12:20:01 - Passed Sunrise 
2024-08-21 12:20:01 - CT Camera not operating 
2024-08-21 12:30:01 - Passed Sunrise 
2024-08-21 12:30:01 - CT Camera not operating 
2024-08-21 12:40:01 - Passed Sunrise 
2024-08-21 12:40:01 - CT Camera not operating 
2024-08-21 12:50:01 - Passed Sunrise 
2024-08-21 12:50:01 - CT Camera not operating 
2024-08-21 13:00:01 - Passed Sunrise 
2024-08-21 13:00:01 - CT Camera not operating 
2024-08-21 13:10:01 - Passed Sunrise 
2024-08-21 13:10:01 - CT Camera not operating 
2024-08-21 13:20:01 - Passed Sunrise 
2024-08-21 13:20:01 - CT Camera not operating 
2024-08-21 13:30:01 - Passed Sunrise 
2024-08-21 13:30:01 - CT Camera not operating 
2024-08-21 13:40:01 - Passed Sunrise 
2024-08-21 13:40:01 - CT Camera not operating 
2024-08-21 13:50:01 - Passed Sunrise 
2024-08-21 13:50:01 - CT Camera not operating 
2024-08-21 14:00:01 - Passed Sunrise 
2024-08-21 14:00:01 - CT Camera not operating 
2024-08-21 14:10:02 - Passed Sunrise 
2024-08-21 14:10:02 - CT Camera not operating 
2024-08-21 14:20:01 - Passed Sunrise 
2024-08-21 14:20:01 - CT Camera not operating 
2024-08-21 14:30:01 - Passed Sunrise 
2024-08-21 14:30:01 - CT Camera not operating 
2024-08-21 14:40:01 - Passed Sunrise 
2024-08-21 14:40:01 - CT Camera not operating 
2024-08-21 14:50:01 - Passed Sunrise 
2024-08-21 14:50:01 - CT Camera not operating 
2024-08-21 15:00:01 - Passed Sunrise 
2024-08-21 15:00:01 - CT Camera not operating 
2024-08-21 15:10:02 - Passed Sunrise 
2024-08-21 15:10:02 - CT Camera not operating 
2024-08-21 15:20:01 - Passed Sunrise 
2024-08-21 15:20:01 - CT Camera not operating 
2024-08-21 15:30:01 - Passed Sunrise 
2024-08-21 15:30:01 - CT Camera not operating 
2024-08-21 15:40:01 - Passed Sunrise 
2024-08-21 15:40:01 - CT Camera not operating 
2024-08-21 15:50:01 - Passed Sunrise 
2024-08-21 15:50:01 - CT Camera not operating 
2024-08-21 16:00:01 - Passed Sunrise 
2024-08-21 16:00:01 - CT Camera not operating 
2024-08-21 16:10:01 - Passed Sunrise 
2024-08-21 16:10:01 - CT Camera not operating 
2024-08-21 16:20:01 - Passed Sunrise 
2024-08-21 16:20:01 - CT Camera not operating 
2024-08-21 16:30:01 - Passed Sunrise 
2024-08-21 16:30:01 - CT Camera not operating 
2024-08-21 16:40:01 - Passed Sunrise 
2024-08-21 16:40:01 - CT Camera not operating 
2024-08-21 16:50:01 - Passed Sunrise 
2024-08-21 16:50:01 - CT Camera not operating 
2024-08-21 20:01:01 - Added sunrise_time: 2024-08-22 12:02:58 
2024-08-22 10:00:01 - Before Sunrise 
2024-08-22 10:10:01 - Before Sunrise 
2024-08-22 10:20:01 - Before Sunrise 
2024-08-22 10:30:01 - Before Sunrise 
2024-08-22 10:40:01 - Before Sunrise 
2024-08-22 10:50:01 - Before Sunrise 
2024-08-22 11:00:01 - Before Sunrise 
2024-08-22 11:10:01 - Before Sunrise 
2024-08-22 11:20:01 - Before Sunrise 
2024-08-22 11:30:01 - Before Sunrise 
2024-08-22 11:40:01 - Before Sunrise 
2024-08-22 11:50:01 - Before Sunrise 
2024-08-22 12:00:01 - Before Sunrise 
2024-08-22 12:10:01 - Passed Sunrise 
2024-08-22 12:10:01 - CT Camera not operating 
2024-08-22 12:20:01 - Passed Sunrise 
2024-08-22 12:20:01 - CT Camera not operating 
2024-08-22 12:30:01 - Passed Sunrise 
2024-08-22 12:30:01 - CT Camera not operating 
2024-08-22 12:40:01 - Passed Sunrise 
2024-08-22 12:40:01 - CT Camera not operating 
2024-08-22 12:50:01 - Passed Sunrise 
2024-08-22 12:50:01 - CT Camera not operating 
2024-08-22 13:00:01 - Passed Sunrise 
2024-08-22 13:00:01 - CT Camera not operating 
2024-08-22 13:10:01 - Passed Sunrise 
2024-08-22 13:10:01 - CT Camera not operating 
2024-08-22 13:20:01 - Passed Sunrise 
2024-08-22 13:20:01 - CT Camera not operating 
2024-08-22 13:30:01 - Passed Sunrise 
2024-08-22 13:30:01 - CT Camera not operating 
2024-08-22 13:40:01 - Passed Sunrise 
2024-08-22 13:40:01 - CT Camera not operating 
2024-08-22 13:50:01 - Passed Sunrise 
2024-08-22 13:50:01 - CT Camera not operating 
2024-08-22 14:00:01 - Passed Sunrise 
2024-08-22 14:00:01 - CT Camera not operating 
2024-08-22 14:10:01 - Passed Sunrise 
2024-08-22 14:10:01 - CT Camera not operating 
2024-08-22 14:20:01 - Passed Sunrise 
2024-08-22 14:20:01 - CT Camera not operating 
2024-08-22 14:30:01 - Passed Sunrise 
2024-08-22 14:30:01 - CT Camera not operating 
2024-08-22 14:40:01 - Passed Sunrise 
2024-08-22 14:40:01 - CT Camera not operating 
2024-08-22 14:50:01 - Passed Sunrise 
2024-08-22 14:50:01 - CT Camera not operating 
2024-08-22 15:00:01 - Passed Sunrise 
2024-08-22 15:00:01 - CT Camera not operating 
2024-08-22 15:10:01 - Passed Sunrise 
2024-08-22 15:10:01 - CT Camera not operating 
2024-08-22 15:20:01 - Passed Sunrise 
2024-08-22 15:20:01 - CT Camera not operating 
2024-08-22 15:30:01 - Passed Sunrise 
2024-08-22 15:30:01 - CT Camera not operating 
2024-08-22 15:40:01 - Passed Sunrise 
2024-08-22 15:40:01 - CT Camera not operating 
2024-08-22 15:50:01 - Passed Sunrise 
2024-08-22 15:50:01 - CT Camera not operating 
2024-08-22 16:00:01 - Passed Sunrise 
2024-08-22 16:00:01 - CT Camera not operating 
2024-08-22 16:10:01 - Passed Sunrise 
2024-08-22 16:10:01 - CT Camera not operating 
2024-08-22 16:20:01 - Passed Sunrise 
2024-08-22 16:20:01 - CT Camera not operating 
2024-08-22 16:30:01 - Passed Sunrise 
2024-08-22 16:30:01 - CT Camera not operating 
2024-08-22 16:40:01 - Passed Sunrise 
2024-08-22 16:40:01 - CT Camera not operating 
2024-08-22 16:50:01 - Passed Sunrise 
2024-08-22 16:50:01 - CT Camera not operating 
2024-08-22 20:01:02 - Added sunrise_time: 2024-08-23 12:04:00 
2024-08-23 10:00:01 - Before Sunrise 
2024-08-23 10:10:01 - Before Sunrise 
2024-08-23 10:20:01 - Before Sunrise 
2024-08-23 10:30:01 - Before Sunrise 
2024-08-23 10:40:01 - Before Sunrise 
2024-08-23 10:50:01 - Before Sunrise 
2024-08-23 11:00:01 - Before Sunrise 
2024-08-23 11:10:01 - Before Sunrise 
2024-08-23 11:20:01 - Before Sunrise 
2024-08-23 11:30:01 - Before Sunrise 
2024-08-23 11:40:01 - Before Sunrise 
2024-08-23 11:50:01 - Before Sunrise 
2024-08-23 12:00:01 - Before Sunrise 
2024-08-23 12:10:01 - Passed Sunrise 
2024-08-23 12:10:01 - CT Camera not operating 
2024-08-23 12:20:01 - Passed Sunrise 
2024-08-23 12:20:01 - CT Camera not operating 
2024-08-23 12:30:01 - Passed Sunrise 
2024-08-23 12:30:01 - CT Camera not operating 
2024-08-23 12:40:01 - Passed Sunrise 
2024-08-23 12:40:01 - CT Camera not operating 
2024-08-23 12:50:01 - Passed Sunrise 
2024-08-23 12:50:01 - CT Camera not operating 
2024-08-23 13:00:01 - Passed Sunrise 
2024-08-23 13:00:01 - CT Camera not operating 
2024-08-23 13:10:01 - Passed Sunrise 
2024-08-23 13:10:01 - CT Camera not operating 
2024-08-23 13:20:01 - Passed Sunrise 
2024-08-23 13:20:01 - CT Camera not operating 
2024-08-23 13:30:01 - Passed Sunrise 
2024-08-23 13:30:01 - CT Camera not operating 
2024-08-23 13:40:01 - Passed Sunrise 
2024-08-23 13:40:01 - CT Camera not operating 
2024-08-23 13:50:01 - Passed Sunrise 
2024-08-23 13:50:01 - CT Camera not operating 
2024-08-23 14:00:02 - Passed Sunrise 
2024-08-23 14:00:02 - CT Camera not operating 
2024-08-23 14:10:01 - Passed Sunrise 
2024-08-23 14:10:01 - CT Camera not operating 
2024-08-23 14:20:01 - Passed Sunrise 
2024-08-23 14:20:01 - CT Camera not operating 
2024-08-23 14:30:01 - Passed Sunrise 
2024-08-23 14:30:01 - CT Camera not operating 
2024-08-23 14:40:01 - Passed Sunrise 
2024-08-23 14:40:01 - CT Camera not operating 
2024-08-23 14:50:01 - Passed Sunrise 
2024-08-23 14:50:01 - CT Camera not operating 
2024-08-23 15:00:02 - Passed Sunrise 
2024-08-23 15:00:02 - CT Camera not operating 
2024-08-23 15:10:01 - Passed Sunrise 
2024-08-23 15:10:01 - CT Camera not operating 
2024-08-23 15:20:01 - Passed Sunrise 
2024-08-23 15:20:01 - CT Camera not operating 
2024-08-23 15:30:01 - Passed Sunrise 
2024-08-23 15:30:01 - CT Camera not operating 
2024-08-23 15:40:01 - Passed Sunrise 
2024-08-23 15:40:01 - CT Camera not operating 
2024-08-23 15:50:01 - Passed Sunrise 
2024-08-23 15:50:01 - CT Camera not operating 
2024-08-23 16:00:02 - Passed Sunrise 
2024-08-23 16:00:02 - CT Camera not operating 
2024-08-23 16:10:01 - Passed Sunrise 
2024-08-23 16:10:01 - CT Camera not operating 
2024-08-23 16:20:01 - Passed Sunrise 
2024-08-23 16:20:01 - CT Camera not operating 
2024-08-23 16:30:01 - Passed Sunrise 
2024-08-23 16:30:01 - CT Camera not operating 
2024-08-23 16:40:01 - Passed Sunrise 
2024-08-23 16:40:01 - CT Camera not operating 
2024-08-23 16:50:01 - Passed Sunrise 
2024-08-23 16:50:01 - CT Camera not operating 
2024-08-23 20:01:01 - Added sunrise_time: 2024-08-24 12:05:01 
2024-08-24 10:00:01 - Before Sunrise 
2024-08-24 10:10:01 - Before Sunrise 
2024-08-24 10:20:01 - Before Sunrise 
2024-08-24 10:30:01 - Before Sunrise 
2024-08-24 10:40:01 - Before Sunrise 
2024-08-24 10:50:01 - Before Sunrise 
2024-08-24 11:00:01 - Before Sunrise 
2024-08-24 11:10:01 - Before Sunrise 
2024-08-24 11:20:01 - Before Sunrise 
2024-08-24 11:30:01 - Before Sunrise 
2024-08-24 11:40:01 - Before Sunrise 
2024-08-24 11:50:01 - Before Sunrise 
2024-08-24 12:00:01 - Before Sunrise 
2024-08-24 12:10:01 - Passed Sunrise 
2024-08-24 12:10:01 - CT Camera not operating 
2024-08-24 12:20:01 - Passed Sunrise 
2024-08-24 12:20:01 - CT Camera not operating 
2024-08-24 12:30:01 - Passed Sunrise 
2024-08-24 12:30:01 - CT Camera not operating 
2024-08-24 12:40:01 - Passed Sunrise 
2024-08-24 12:40:01 - CT Camera not operating 
2024-08-24 12:50:01 - Passed Sunrise 
2024-08-24 12:50:01 - CT Camera not operating 
2024-08-24 13:00:01 - Passed Sunrise 
2024-08-24 13:00:01 - CT Camera not operating 
2024-08-24 13:10:01 - Passed Sunrise 
2024-08-24 13:10:01 - CT Camera not operating 
2024-08-24 13:20:01 - Passed Sunrise 
2024-08-24 13:20:01 - CT Camera not operating 
2024-08-24 13:30:01 - Passed Sunrise 
2024-08-24 13:30:01 - CT Camera not operating 
2024-08-24 13:40:01 - Passed Sunrise 
2024-08-24 13:40:01 - CT Camera not operating 
2024-08-24 13:50:01 - Passed Sunrise 
2024-08-24 13:50:01 - CT Camera not operating 
2024-08-24 14:00:01 - Passed Sunrise 
2024-08-24 14:00:01 - CT Camera not operating 
2024-08-24 14:10:01 - Passed Sunrise 
2024-08-24 14:10:01 - CT Camera not operating 
2024-08-24 14:20:01 - Passed Sunrise 
2024-08-24 14:20:01 - CT Camera not operating 
2024-08-24 14:30:01 - Passed Sunrise 
2024-08-24 14:30:01 - CT Camera not operating 
2024-08-24 14:40:01 - Passed Sunrise 
2024-08-24 14:40:01 - CT Camera not operating 
2024-08-24 14:50:01 - Passed Sunrise 
2024-08-24 14:50:01 - CT Camera not operating 
2024-08-24 15:00:01 - Passed Sunrise 
2024-08-24 15:00:01 - CT Camera not operating 
2024-08-24 15:10:01 - Passed Sunrise 
2024-08-24 15:10:01 - CT Camera not operating 
2024-08-24 15:20:01 - Passed Sunrise 
2024-08-24 15:20:01 - CT Camera not operating 
2024-08-24 15:30:01 - Passed Sunrise 
2024-08-24 15:30:01 - CT Camera not operating 
2024-08-24 15:40:02 - Passed Sunrise 
2024-08-24 15:40:02 - CT Camera not operating 
2024-08-24 15:50:01 - Passed Sunrise 
2024-08-24 15:50:01 - CT Camera not operating 
2024-08-24 16:00:01 - Passed Sunrise 
2024-08-24 16:00:01 - CT Camera not operating 
2024-08-24 16:10:01 - Passed Sunrise 
2024-08-24 16:10:01 - CT Camera not operating 
2024-08-24 16:20:01 - Passed Sunrise 
2024-08-24 16:20:01 - CT Camera not operating 
2024-08-24 16:30:01 - Passed Sunrise 
2024-08-24 16:30:01 - CT Camera not operating 
2024-08-24 16:40:02 - Passed Sunrise 
2024-08-24 16:40:02 - CT Camera not operating 
2024-08-24 16:50:01 - Passed Sunrise 
2024-08-24 16:50:01 - CT Camera not operating 
2024-08-24 20:01:01 - Added sunrise_time: 2024-08-25 12:06:03 
2024-08-25 10:00:01 - Before Sunrise 
2024-08-25 10:10:01 - Before Sunrise 
2024-08-25 10:20:01 - Before Sunrise 
2024-08-25 10:30:02 - Before Sunrise 
2024-08-25 10:40:01 - Before Sunrise 
2024-08-25 10:50:01 - Before Sunrise 
2024-08-25 11:00:01 - Before Sunrise 
2024-08-25 11:10:01 - Before Sunrise 
2024-08-25 11:20:01 - Before Sunrise 
2024-08-25 11:30:02 - Before Sunrise 
2024-08-25 11:40:01 - Before Sunrise 
2024-08-25 11:50:01 - Before Sunrise 
2024-08-25 12:00:01 - Before Sunrise 
2024-08-25 12:10:01 - Passed Sunrise 
2024-08-25 12:10:01 - CT Camera not operating 
2024-08-25 12:20:01 - Passed Sunrise 
2024-08-25 12:20:01 - CT Camera not operating 
2024-08-25 12:30:02 - Passed Sunrise 
2024-08-25 12:30:02 - CT Camera not operating 
2024-08-25 12:40:01 - Passed Sunrise 
2024-08-25 12:40:01 - CT Camera not operating 
2024-08-25 12:50:01 - Passed Sunrise 
2024-08-25 12:50:01 - CT Camera not operating 
2024-08-25 13:00:01 - Passed Sunrise 
2024-08-25 13:00:01 - CT Camera not operating 
2024-08-25 13:10:01 - Passed Sunrise 
2024-08-25 13:10:01 - CT Camera not operating 
2024-08-25 13:20:02 - Passed Sunrise 
2024-08-25 13:20:02 - CT Camera not operating 
2024-08-25 13:30:01 - Passed Sunrise 
2024-08-25 13:30:01 - CT Camera not operating 
2024-08-25 13:40:01 - Passed Sunrise 
2024-08-25 13:40:01 - CT Camera not operating 
2024-08-25 13:50:01 - Passed Sunrise 
2024-08-25 13:50:01 - CT Camera not operating 
2024-08-25 14:00:01 - Passed Sunrise 
2024-08-25 14:00:01 - CT Camera not operating 
2024-08-25 14:10:01 - Passed Sunrise 
2024-08-25 14:10:01 - CT Camera not operating 
2024-08-25 14:20:02 - Passed Sunrise 
2024-08-25 14:20:02 - CT Camera not operating 
2024-08-25 14:30:01 - Passed Sunrise 
2024-08-25 14:30:01 - CT Camera not operating 
2024-08-25 14:40:01 - Passed Sunrise 
2024-08-25 14:40:01 - CT Camera not operating 
2024-08-25 14:50:01 - Passed Sunrise 
2024-08-25 14:50:01 - CT Camera not operating 
2024-08-25 15:00:01 - Passed Sunrise 
2024-08-25 15:00:01 - CT Camera not operating 
2024-08-25 15:10:01 - Passed Sunrise 
2024-08-25 15:10:01 - CT Camera not operating 
2024-08-25 15:20:02 - Passed Sunrise 
2024-08-25 15:20:02 - CT Camera not operating 
2024-08-25 15:30:01 - Passed Sunrise 
2024-08-25 15:30:01 - CT Camera not operating 
2024-08-25 15:40:01 - Passed Sunrise 
2024-08-25 15:40:01 - CT Camera not operating 
2024-08-25 15:50:01 - Passed Sunrise 
2024-08-25 15:50:01 - CT Camera not operating 
2024-08-25 16:00:01 - Passed Sunrise 
2024-08-25 16:00:01 - CT Camera not operating 
2024-08-25 16:10:01 - Passed Sunrise 
2024-08-25 16:10:01 - CT Camera not operating 
2024-08-25 16:20:01 - Passed Sunrise 
2024-08-25 16:20:01 - CT Camera not operating 
2024-08-25 16:30:01 - Passed Sunrise 
2024-08-25 16:30:01 - CT Camera not operating 
2024-08-25 16:40:01 - Passed Sunrise 
2024-08-25 16:40:01 - CT Camera not operating 
2024-08-25 16:50:01 - Passed Sunrise 
2024-08-25 16:50:01 - CT Camera not operating 
2024-08-25 20:01:01 - Added sunrise_time: 2024-08-26 12:07:04 
2024-08-26 10:00:01 - Before Sunrise 
2024-08-26 10:10:01 - Before Sunrise 
2024-08-26 10:20:01 - Before Sunrise 
2024-08-26 10:30:01 - Before Sunrise 
2024-08-26 10:40:01 - Before Sunrise 
2024-08-26 10:50:01 - Before Sunrise 
2024-08-26 11:00:01 - Before Sunrise 
2024-08-26 11:10:01 - Before Sunrise 
2024-08-26 11:20:01 - Before Sunrise 
2024-08-26 11:30:01 - Before Sunrise 
2024-08-26 11:40:01 - Before Sunrise 
2024-08-26 11:50:01 - Before Sunrise 
2024-08-26 12:00:01 - Before Sunrise 
2024-08-26 12:10:01 - Passed Sunrise 
2024-08-26 12:10:01 - CT Camera not operating 
2024-08-26 12:20:01 - Passed Sunrise 
2024-08-26 12:20:01 - CT Camera not operating 
2024-08-26 12:30:01 - Passed Sunrise 
2024-08-26 12:30:01 - CT Camera not operating 
2024-08-26 12:40:01 - Passed Sunrise 
2024-08-26 12:40:01 - CT Camera not operating 
2024-08-26 12:50:01 - Passed Sunrise 
2024-08-26 12:50:01 - CT Camera not operating 
2024-08-26 13:00:01 - Passed Sunrise 
2024-08-26 13:00:01 - CT Camera not operating 
2024-08-26 13:10:01 - Passed Sunrise 
2024-08-26 13:10:01 - CT Camera not operating 
2024-08-26 13:20:01 - Passed Sunrise 
2024-08-26 13:20:01 - CT Camera not operating 
2024-08-26 13:30:01 - Passed Sunrise 
2024-08-26 13:30:01 - CT Camera not operating 
2024-08-26 13:40:01 - Passed Sunrise 
2024-08-26 13:40:01 - CT Camera not operating 
2024-08-26 13:50:01 - Passed Sunrise 
2024-08-26 13:50:01 - CT Camera not operating 
2024-08-26 14:00:01 - Passed Sunrise 
2024-08-26 14:00:01 - CT Camera not operating 
2024-08-26 14:10:01 - Passed Sunrise 
2024-08-26 14:10:01 - CT Camera not operating 
2024-08-26 14:20:01 - Passed Sunrise 
2024-08-26 14:20:01 - CT Camera not operating 
2024-08-26 14:30:01 - Passed Sunrise 
2024-08-26 14:30:01 - CT Camera not operating 
2024-08-26 14:40:01 - Passed Sunrise 
2024-08-26 14:40:01 - CT Camera not operating 
2024-08-26 14:50:01 - Passed Sunrise 
2024-08-26 14:50:01 - CT Camera not operating 
2024-08-26 15:00:01 - Passed Sunrise 
2024-08-26 15:00:01 - CT Camera not operating 
2024-08-26 15:10:01 - Passed Sunrise 
2024-08-26 15:10:01 - CT Camera not operating 
2024-08-26 15:20:01 - Passed Sunrise 
2024-08-26 15:20:01 - CT Camera not operating 
2024-08-26 15:30:01 - Passed Sunrise 
2024-08-26 15:30:01 - CT Camera not operating 
2024-08-26 15:40:01 - Passed Sunrise 
2024-08-26 15:40:01 - CT Camera not operating 
2024-08-26 15:50:01 - Passed Sunrise 
2024-08-26 15:50:01 - CT Camera not operating 
2024-08-26 16:00:01 - Passed Sunrise 
2024-08-26 16:00:01 - CT Camera not operating 
2024-08-26 16:10:01 - Passed Sunrise 
2024-08-26 16:10:01 - CT Camera not operating 
2024-08-26 16:20:01 - Passed Sunrise 
2024-08-26 16:20:01 - CT Camera not operating 
2024-08-26 16:30:01 - Passed Sunrise 
2024-08-26 16:30:01 - CT Camera not operating 
2024-08-26 16:40:01 - Passed Sunrise 
2024-08-26 16:40:01 - CT Camera not operating 
2024-08-26 16:50:01 - Passed Sunrise 
2024-08-26 16:50:01 - CT Camera not operating 
2024-08-26 20:01:01 - Added sunrise_time: 2024-08-27 12:08:04 
2024-08-27 10:00:01 - Before Sunrise 
2024-08-27 10:10:01 - Before Sunrise 
2024-08-27 10:20:02 - Before Sunrise 
2024-08-27 10:30:01 - Before Sunrise 
2024-08-27 10:40:01 - Before Sunrise 
2024-08-27 10:50:01 - Before Sunrise 
2024-08-27 11:00:01 - Before Sunrise 
2024-08-27 11:10:01 - Before Sunrise 
2024-08-27 11:20:02 - Before Sunrise 
2024-08-27 11:30:01 - Before Sunrise 
2024-08-27 11:40:01 - Before Sunrise 
2024-08-27 11:50:01 - Before Sunrise 
2024-08-27 12:00:01 - Before Sunrise 
2024-08-27 12:10:01 - Passed Sunrise 
2024-08-27 12:10:01 - CT Camera not operating 
2024-08-27 12:20:01 - Passed Sunrise 
2024-08-27 12:20:01 - CT Camera not operating 
2024-08-27 12:30:01 - Passed Sunrise 
2024-08-27 12:30:01 - CT Camera not operating 
2024-08-27 12:40:01 - Passed Sunrise 
2024-08-27 12:40:01 - CT Camera not operating 
2024-08-27 12:50:01 - Passed Sunrise 
2024-08-27 12:50:01 - CT Camera not operating 
2024-08-27 13:00:01 - Passed Sunrise 
2024-08-27 13:00:01 - CT Camera not operating 
2024-08-27 13:10:01 - Passed Sunrise 
2024-08-27 13:10:01 - CT Camera not operating 
2024-08-27 13:20:01 - Passed Sunrise 
2024-08-27 13:20:01 - CT Camera not operating 
2024-08-27 13:30:01 - Passed Sunrise 
2024-08-27 13:30:01 - CT Camera not operating 
2024-08-27 13:40:01 - Passed Sunrise 
2024-08-27 13:40:01 - CT Camera not operating 
2024-08-27 13:50:01 - Passed Sunrise 
2024-08-27 13:50:01 - CT Camera not operating 
2024-08-27 14:00:01 - Passed Sunrise 
2024-08-27 14:00:01 - CT Camera not operating 
2024-08-27 14:10:01 - Passed Sunrise 
2024-08-27 14:10:01 - CT Camera not operating 
2024-08-27 14:20:01 - Passed Sunrise 
2024-08-27 14:20:01 - CT Camera not operating 
2024-08-27 14:30:01 - Passed Sunrise 
2024-08-27 14:30:01 - CT Camera not operating 
2024-08-27 14:40:01 - Passed Sunrise 
2024-08-27 14:40:01 - CT Camera not operating 
2024-08-27 14:50:01 - Passed Sunrise 
2024-08-27 14:50:01 - CT Camera not operating 
2024-08-27 15:00:01 - Passed Sunrise 
2024-08-27 15:00:01 - CT Camera not operating 
2024-08-27 15:10:01 - Passed Sunrise 
2024-08-27 15:10:01 - CT Camera not operating 
2024-08-27 15:20:01 - Passed Sunrise 
2024-08-27 15:20:01 - CT Camera not operating 
2024-08-27 15:30:01 - Passed Sunrise 
2024-08-27 15:30:01 - CT Camera not operating 
2024-08-27 15:40:01 - Passed Sunrise 
2024-08-27 15:40:01 - CT Camera not operating 
2024-08-27 15:50:01 - Passed Sunrise 
2024-08-27 15:50:01 - CT Camera not operating 
2024-08-27 16:00:01 - Passed Sunrise 
2024-08-27 16:00:01 - CT Camera not operating 
2024-08-27 16:10:01 - Passed Sunrise 
2024-08-27 16:10:01 - CT Camera not operating 
2024-08-27 16:20:01 - Passed Sunrise 
2024-08-27 16:20:01 - CT Camera not operating 
2024-08-27 16:30:01 - Passed Sunrise 
2024-08-27 16:30:01 - CT Camera not operating 
2024-08-27 16:40:01 - Passed Sunrise 
2024-08-27 16:40:01 - CT Camera not operating 
2024-08-27 16:50:01 - Passed Sunrise 
2024-08-27 16:50:01 - CT Camera not operating 
2024-08-27 20:01:01 - Added sunrise_time: 2024-08-28 12:09:05 
2024-08-28 10:00:01 - Before Sunrise 
2024-08-28 10:10:01 - Before Sunrise 
2024-08-28 10:20:01 - Before Sunrise 
2024-08-28 10:30:01 - Before Sunrise 
2024-08-28 10:40:01 - Before Sunrise 
2024-08-28 10:50:01 - Before Sunrise 
2024-08-28 11:00:01 - Before Sunrise 
2024-08-28 11:10:01 - Before Sunrise 
2024-08-28 11:20:01 - Before Sunrise 
2024-08-28 11:30:01 - Before Sunrise 
2024-08-28 11:40:01 - Before Sunrise 
2024-08-28 11:50:01 - Before Sunrise 
2024-08-28 12:00:01 - Before Sunrise 
2024-08-28 12:10:01 - Passed Sunrise 
2024-08-28 12:10:01 - CT Camera not operating 
2024-08-28 12:20:01 - Passed Sunrise 
2024-08-28 12:20:01 - CT Camera not operating 
2024-08-28 12:30:02 - Passed Sunrise 
2024-08-28 12:30:02 - CT Camera not operating 
2024-08-28 12:40:01 - Passed Sunrise 
2024-08-28 12:40:01 - CT Camera not operating 
2024-08-28 12:50:01 - Passed Sunrise 
2024-08-28 12:50:01 - CT Camera not operating 
2024-08-28 13:00:01 - Passed Sunrise 
2024-08-28 13:00:01 - CT Camera not operating 
2024-08-28 13:10:01 - Passed Sunrise 
2024-08-28 13:10:01 - CT Camera not operating 
2024-08-28 13:20:01 - Passed Sunrise 
2024-08-28 13:20:01 - CT Camera not operating 
2024-08-28 13:30:02 - Passed Sunrise 
2024-08-28 13:30:02 - CT Camera not operating 
2024-08-28 13:40:01 - Passed Sunrise 
2024-08-28 13:40:01 - CT Camera not operating 
2024-08-28 13:50:01 - Passed Sunrise 
2024-08-28 13:50:01 - CT Camera not operating 
2024-08-28 14:00:01 - Passed Sunrise 
2024-08-28 14:00:01 - CT Camera not operating 
2024-08-28 14:10:01 - Passed Sunrise 
2024-08-28 14:10:01 - CT Camera not operating 
2024-08-28 14:20:01 - Passed Sunrise 
2024-08-28 14:20:01 - CT Camera not operating 
2024-08-28 14:30:01 - Passed Sunrise 
2024-08-28 14:30:01 - CT Camera not operating 
2024-08-28 14:40:01 - Passed Sunrise 
2024-08-28 14:40:01 - CT Camera not operating 
2024-08-28 14:50:01 - Passed Sunrise 
2024-08-28 14:50:01 - CT Camera not operating 
2024-08-28 15:00:01 - Passed Sunrise 
2024-08-28 15:00:01 - CT Camera not operating 
2024-08-28 15:10:01 - Passed Sunrise 
2024-08-28 15:10:01 - CT Camera not operating 
2024-08-28 15:20:02 - Passed Sunrise 
2024-08-28 15:20:02 - CT Camera not operating 
2024-08-28 15:30:01 - Passed Sunrise 
2024-08-28 15:30:01 - CT Camera not operating 
2024-08-28 15:40:01 - Passed Sunrise 
2024-08-28 15:40:01 - CT Camera not operating 
2024-08-28 15:50:01 - Passed Sunrise 
2024-08-28 15:50:01 - CT Camera not operating 
2024-08-28 16:00:01 - Passed Sunrise 
2024-08-28 16:00:01 - CT Camera not operating 
2024-08-28 16:10:01 - Passed Sunrise 
2024-08-28 16:10:01 - CT Camera not operating 
2024-08-28 16:20:02 - Passed Sunrise 
2024-08-28 16:20:02 - CT Camera not operating 
2024-08-28 16:30:01 - Passed Sunrise 
2024-08-28 16:30:01 - CT Camera not operating 
2024-08-28 16:40:01 - Passed Sunrise 
2024-08-28 16:40:01 - CT Camera not operating 
2024-08-28 16:50:01 - Passed Sunrise 
2024-08-28 16:50:01 - CT Camera not operating 
2024-08-28 20:01:01 - Added sunrise_time: 2024-08-29 12:10:05 
2024-08-29 10:00:01 - Before Sunrise 
2024-08-29 10:10:01 - Before Sunrise 
2024-08-29 10:20:01 - Before Sunrise 
2024-08-29 10:30:01 - Before Sunrise 
2024-08-29 10:40:01 - Before Sunrise 
2024-08-29 10:50:01 - Before Sunrise 
2024-08-29 11:00:01 - Before Sunrise 
2024-08-29 11:10:01 - Before Sunrise 
2024-08-29 11:20:01 - Before Sunrise 
2024-08-29 11:30:01 - Before Sunrise 
2024-08-29 11:40:01 - Before Sunrise 
2024-08-29 11:50:01 - Before Sunrise 
2024-08-29 12:00:01 - Before Sunrise 
2024-08-29 12:10:01 - Before Sunrise 
2024-08-29 12:20:01 - Passed Sunrise 
2024-08-29 12:20:01 - CT Camera not operating 
2024-08-29 12:30:01 - Passed Sunrise 
2024-08-29 12:30:01 - CT Camera not operating 
2024-08-29 12:40:01 - Passed Sunrise 
2024-08-29 12:40:01 - CT Camera not operating 
2024-08-29 12:50:01 - Passed Sunrise 
2024-08-29 12:50:01 - CT Camera not operating 
2024-08-29 13:00:01 - Passed Sunrise 
2024-08-29 13:00:01 - CT Camera not operating 
2024-08-29 13:10:01 - Passed Sunrise 
2024-08-29 13:10:01 - CT Camera not operating 
2024-08-29 13:20:01 - Passed Sunrise 
2024-08-29 13:20:01 - CT Camera not operating 
2024-08-29 13:30:01 - Passed Sunrise 
2024-08-29 13:30:01 - CT Camera not operating 
2024-08-29 13:40:01 - Passed Sunrise 
2024-08-29 13:40:01 - CT Camera not operating 
2024-08-29 13:50:01 - Passed Sunrise 
2024-08-29 13:50:01 - CT Camera not operating 
2024-08-29 14:00:01 - Passed Sunrise 
2024-08-29 14:00:01 - CT Camera not operating 
2024-08-29 14:10:01 - Passed Sunrise 
2024-08-29 14:10:01 - CT Camera not operating 
2024-08-29 14:20:01 - Passed Sunrise 
2024-08-29 14:20:01 - CT Camera not operating 
2024-08-29 14:30:01 - Passed Sunrise 
2024-08-29 14:30:01 - CT Camera not operating 
2024-08-29 14:40:02 - Passed Sunrise 
2024-08-29 14:40:02 - CT Camera not operating 
2024-08-29 14:50:01 - Passed Sunrise 
2024-08-29 14:50:01 - CT Camera not operating 
2024-08-29 15:00:01 - Passed Sunrise 
2024-08-29 15:00:01 - CT Camera not operating 
2024-08-29 15:10:01 - Passed Sunrise 
2024-08-29 15:10:01 - CT Camera not operating 
2024-08-29 15:20:01 - Passed Sunrise 
2024-08-29 15:20:01 - CT Camera not operating 
2024-08-29 15:30:01 - Passed Sunrise 
2024-08-29 15:30:01 - CT Camera not operating 
2024-08-29 15:40:02 - Passed Sunrise 
2024-08-29 15:40:02 - CT Camera not operating 
2024-08-29 15:50:01 - Passed Sunrise 
2024-08-29 15:50:01 - CT Camera not operating 
2024-08-29 16:00:01 - Passed Sunrise 
2024-08-29 16:00:01 - CT Camera not operating 
2024-08-29 16:10:01 - Passed Sunrise 
2024-08-29 16:10:01 - CT Camera not operating 
2024-08-29 16:20:01 - Passed Sunrise 
2024-08-29 16:20:01 - CT Camera not operating 
2024-08-29 16:30:01 - Passed Sunrise 
2024-08-29 16:30:01 - CT Camera not operating 
2024-08-29 16:40:02 - Passed Sunrise 
2024-08-29 16:40:02 - CT Camera not operating 
2024-08-29 16:50:01 - Passed Sunrise 
2024-08-29 16:50:01 - CT Camera not operating 
2024-08-29 20:01:01 - Added sunrise_time: 2024-08-30 12:11:05 
2024-08-30 10:00:01 - Before Sunrise 
2024-08-30 10:10:01 - Before Sunrise 
2024-08-30 10:20:01 - Before Sunrise 
2024-08-30 10:30:01 - Before Sunrise 
2024-08-30 10:40:01 - Before Sunrise 
2024-08-30 10:50:01 - Before Sunrise 
2024-08-30 11:00:01 - Before Sunrise 
2024-08-30 11:10:01 - Before Sunrise 
2024-08-30 11:20:01 - Before Sunrise 
2024-08-30 11:30:01 - Before Sunrise 
2024-08-30 11:40:01 - Before Sunrise 
2024-08-30 11:50:01 - Before Sunrise 
2024-08-30 12:00:01 - Before Sunrise 
2024-08-30 12:10:01 - Before Sunrise 
2024-08-30 12:20:01 - Passed Sunrise 
2024-08-30 12:20:01 - CT Camera not operating 
2024-08-30 12:30:01 - Passed Sunrise 
2024-08-30 12:30:01 - CT Camera not operating 
2024-08-30 12:40:01 - Passed Sunrise 
2024-08-30 12:40:01 - CT Camera not operating 
2024-08-30 12:50:01 - Passed Sunrise 
2024-08-30 12:50:01 - CT Camera not operating 
2024-08-30 13:00:01 - Passed Sunrise 
2024-08-30 13:00:01 - CT Camera not operating 
2024-08-30 13:10:01 - Passed Sunrise 
2024-08-30 13:10:01 - CT Camera not operating 
2024-08-30 13:20:01 - Passed Sunrise 
2024-08-30 13:20:01 - CT Camera not operating 
2024-08-30 13:30:01 - Passed Sunrise 
2024-08-30 13:30:01 - CT Camera not operating 
2024-08-30 13:40:01 - Passed Sunrise 
2024-08-30 13:40:01 - CT Camera not operating 
2024-08-30 13:50:01 - Passed Sunrise 
2024-08-30 13:50:01 - CT Camera not operating 
2024-08-30 14:00:01 - Passed Sunrise 
2024-08-30 14:00:01 - CT Camera not operating 
2024-08-30 14:10:01 - Passed Sunrise 
2024-08-30 14:10:01 - CT Camera not operating 
2024-08-30 14:20:01 - Passed Sunrise 
2024-08-30 14:20:01 - CT Camera not operating 
2024-08-30 14:30:01 - Passed Sunrise 
2024-08-30 14:30:01 - CT Camera not operating 
2024-08-30 14:40:01 - Passed Sunrise 
2024-08-30 14:40:01 - CT Camera not operating 
2024-08-30 14:50:01 - Passed Sunrise 
2024-08-30 14:50:01 - CT Camera not operating 
2024-08-30 15:00:01 - Passed Sunrise 
2024-08-30 15:00:01 - CT Camera not operating 
2024-08-30 15:10:01 - Passed Sunrise 
2024-08-30 15:10:01 - CT Camera not operating 
2024-08-30 15:20:01 - Passed Sunrise 
2024-08-30 15:20:01 - CT Camera not operating 
2024-08-30 15:30:01 - Passed Sunrise 
2024-08-30 15:30:01 - CT Camera not operating 
2024-08-30 15:40:01 - Passed Sunrise 
2024-08-30 15:40:01 - CT Camera not operating 
2024-08-30 15:50:01 - Passed Sunrise 
2024-08-30 15:50:01 - CT Camera not operating 
2024-08-30 16:00:01 - Passed Sunrise 
2024-08-30 16:00:01 - CT Camera not operating 
2024-08-30 16:10:01 - Passed Sunrise 
2024-08-30 16:10:01 - CT Camera not operating 
2024-08-30 16:20:01 - Passed Sunrise 
2024-08-30 16:20:01 - CT Camera not operating 
2024-08-30 16:30:01 - Passed Sunrise 
2024-08-30 16:30:01 - CT Camera not operating 
2024-08-30 16:40:01 - Passed Sunrise 
2024-08-30 16:40:01 - CT Camera not operating 
2024-08-30 16:50:01 - Passed Sunrise 
2024-08-30 16:50:01 - CT Camera not operating 
2024-08-30 20:01:01 - Added sunrise_time: 2024-08-31 12:12:05 
2024-08-31 10:00:01 - Before Sunrise 
2024-08-31 10:10:01 - Before Sunrise 
2024-08-31 10:20:01 - Before Sunrise 
2024-08-31 10:30:01 - Before Sunrise 
2024-08-31 10:40:02 - Before Sunrise 
2024-08-31 10:50:01 - Before Sunrise 
2024-08-31 11:00:01 - Before Sunrise 
2024-08-31 11:10:01 - Before Sunrise 
2024-08-31 11:20:01 - Before Sunrise 
2024-08-31 11:30:01 - Before Sunrise 
2024-08-31 11:40:01 - Before Sunrise 
2024-08-31 11:50:01 - Before Sunrise 
2024-08-31 12:00:01 - Before Sunrise 
2024-08-31 12:10:01 - Before Sunrise 
2024-08-31 12:20:01 - Passed Sunrise 
2024-08-31 12:20:01 - CT Camera not operating 
2024-08-31 12:30:01 - Passed Sunrise 
2024-08-31 12:30:01 - CT Camera not operating 
2024-08-31 12:40:01 - Passed Sunrise 
2024-08-31 12:40:01 - CT Camera not operating 
2024-08-31 12:50:01 - Passed Sunrise 
2024-08-31 12:50:01 - CT Camera not operating 
2024-08-31 13:00:01 - Passed Sunrise 
2024-08-31 13:00:01 - CT Camera not operating 
2024-08-31 13:10:01 - Passed Sunrise 
2024-08-31 13:10:01 - CT Camera not operating 
2024-08-31 13:20:01 - Passed Sunrise 
2024-08-31 13:20:01 - CT Camera not operating 
2024-08-31 13:30:01 - Passed Sunrise 
2024-08-31 13:30:01 - CT Camera not operating 
2024-08-31 13:40:01 - Passed Sunrise 
2024-08-31 13:40:01 - CT Camera not operating 
2024-08-31 13:50:01 - Passed Sunrise 
2024-08-31 13:50:01 - CT Camera not operating 
2024-08-31 14:00:01 - Passed Sunrise 
2024-08-31 14:00:01 - CT Camera not operating 
2024-08-31 14:10:01 - Passed Sunrise 
2024-08-31 14:10:01 - CT Camera not operating 
2024-08-31 14:20:01 - Passed Sunrise 
2024-08-31 14:20:01 - CT Camera not operating 
2024-08-31 14:30:01 - Passed Sunrise 
2024-08-31 14:30:01 - CT Camera not operating 
2024-08-31 14:40:01 - Passed Sunrise 
2024-08-31 14:40:01 - CT Camera not operating 
2024-08-31 14:50:01 - Passed Sunrise 
2024-08-31 14:50:01 - CT Camera not operating 
2024-08-31 15:00:01 - Passed Sunrise 
2024-08-31 15:00:01 - CT Camera not operating 
2024-08-31 15:10:01 - Passed Sunrise 
2024-08-31 15:10:01 - CT Camera not operating 
2024-08-31 15:20:01 - Passed Sunrise 
2024-08-31 15:20:01 - CT Camera not operating 
2024-08-31 15:30:01 - Passed Sunrise 
2024-08-31 15:30:01 - CT Camera not operating 
2024-08-31 15:40:01 - Passed Sunrise 
2024-08-31 15:40:01 - CT Camera not operating 
2024-08-31 15:50:01 - Passed Sunrise 
2024-08-31 15:50:01 - CT Camera not operating 
2024-08-31 16:00:01 - Passed Sunrise 
2024-08-31 16:00:01 - CT Camera not operating 
2024-08-31 16:10:01 - Passed Sunrise 
2024-08-31 16:10:01 - CT Camera not operating 
2024-08-31 16:20:01 - Passed Sunrise 
2024-08-31 16:20:01 - CT Camera not operating 
2024-08-31 16:30:01 - Passed Sunrise 
2024-08-31 16:30:01 - CT Camera not operating 
2024-08-31 16:40:01 - Passed Sunrise 
2024-08-31 16:40:01 - CT Camera not operating 
2024-08-31 16:50:01 - Passed Sunrise 
2024-08-31 16:50:01 - CT Camera not operating 
2024-08-31 20:01:01 - Added sunrise_time: 2024-09-01 12:13:04 
2024-09-01 10:00:02 - Before Sunrise 
2024-09-01 10:10:01 - Before Sunrise 
2024-09-01 10:20:01 - Before Sunrise 
2024-09-01 10:30:01 - Before Sunrise 
2024-09-01 10:40:01 - Before Sunrise 
2024-09-01 10:50:02 - Before Sunrise 
2024-09-01 11:00:01 - Before Sunrise 
2024-09-01 11:10:01 - Before Sunrise 
2024-09-01 11:20:01 - Before Sunrise 
2024-09-01 11:30:01 - Before Sunrise 
2024-09-01 11:40:01 - Before Sunrise 
2024-09-01 11:50:02 - Before Sunrise 
2024-09-01 12:00:01 - Before Sunrise 
2024-09-01 12:10:01 - Before Sunrise 
2024-09-01 12:20:01 - Passed Sunrise 
2024-09-01 12:20:01 - CT Camera not operating 
2024-09-01 12:30:01 - Passed Sunrise 
2024-09-01 12:30:01 - CT Camera not operating 
2024-09-01 12:40:01 - Passed Sunrise 
2024-09-01 12:40:01 - CT Camera not operating 
2024-09-01 12:50:02 - Passed Sunrise 
2024-09-01 12:50:02 - CT Camera not operating 
2024-09-01 13:00:01 - Passed Sunrise 
2024-09-01 13:00:01 - CT Camera not operating 
2024-09-01 13:10:01 - Passed Sunrise 
2024-09-01 13:10:01 - CT Camera not operating 
2024-09-01 13:20:01 - Passed Sunrise 
2024-09-01 13:20:01 - CT Camera not operating 
2024-09-01 13:30:01 - Passed Sunrise 
2024-09-01 13:30:01 - CT Camera not operating 
2024-09-01 13:40:01 - Passed Sunrise 
2024-09-01 13:40:01 - CT Camera not operating 
2024-09-01 13:50:01 - Passed Sunrise 
2024-09-01 13:50:01 - CT Camera not operating 
2024-09-01 14:00:01 - Passed Sunrise 
2024-09-01 14:00:01 - CT Camera not operating 
2024-09-01 14:10:01 - Passed Sunrise 
2024-09-01 14:10:01 - CT Camera not operating 
2024-09-01 14:20:01 - Passed Sunrise 
2024-09-01 14:20:01 - CT Camera not operating 
2024-09-01 14:30:01 - Passed Sunrise 
2024-09-01 14:30:01 - CT Camera not operating 
2024-09-01 14:40:01 - Passed Sunrise 
2024-09-01 14:40:01 - CT Camera not operating 
2024-09-01 14:50:01 - Passed Sunrise 
2024-09-01 14:50:01 - CT Camera not operating 
2024-09-01 15:00:01 - Passed Sunrise 
2024-09-01 15:00:01 - CT Camera not operating 
2024-09-01 15:10:01 - Passed Sunrise 
2024-09-01 15:10:01 - CT Camera not operating 
2024-09-01 15:20:01 - Passed Sunrise 
2024-09-01 15:20:01 - CT Camera not operating 
2024-09-01 15:30:01 - Passed Sunrise 
2024-09-01 15:30:01 - CT Camera not operating 
2024-09-01 15:40:01 - Passed Sunrise 
2024-09-01 15:40:01 - CT Camera not operating 
2024-09-01 15:50:01 - Passed Sunrise 
2024-09-01 15:50:01 - CT Camera not operating 
2024-09-01 16:00:01 - Passed Sunrise 
2024-09-01 16:00:01 - CT Camera not operating 
2024-09-01 16:10:01 - Passed Sunrise 
2024-09-01 16:10:01 - CT Camera not operating 
2024-09-01 16:20:01 - Passed Sunrise 
2024-09-01 16:20:01 - CT Camera not operating 
2024-09-01 16:30:01 - Passed Sunrise 
2024-09-01 16:30:01 - CT Camera not operating 
2024-09-01 16:40:01 - Passed Sunrise 
2024-09-01 16:40:01 - CT Camera not operating 
2024-09-01 16:50:01 - Passed Sunrise 
2024-09-01 16:50:01 - CT Camera not operating 
2024-09-01 20:01:01 - Added sunrise_time: 2024-09-02 12:14:04 
2024-09-02 10:00:01 - Before Sunrise 
2024-09-02 10:10:01 - Before Sunrise 
2024-09-02 10:20:01 - Before Sunrise 
2024-09-02 10:30:01 - Before Sunrise 
2024-09-02 10:40:01 - Before Sunrise 
2024-09-02 10:50:01 - Before Sunrise 
2024-09-02 11:00:01 - Before Sunrise 
2024-09-02 11:10:01 - Before Sunrise 
2024-09-02 11:20:01 - Before Sunrise 
2024-09-02 11:30:01 - Before Sunrise 
2024-09-02 11:40:01 - Before Sunrise 
2024-09-02 11:50:01 - Before Sunrise 
2024-09-02 12:00:01 - Before Sunrise 
2024-09-02 12:10:01 - Before Sunrise 
2024-09-02 12:20:01 - Passed Sunrise 
2024-09-02 12:20:01 - CT Camera not operating 
2024-09-02 12:30:01 - Passed Sunrise 
2024-09-02 12:30:01 - CT Camera not operating 
2024-09-02 12:40:02 - Passed Sunrise 
2024-09-02 12:40:02 - CT Camera not operating 
2024-09-02 12:50:01 - Passed Sunrise 
2024-09-02 12:50:01 - CT Camera not operating 
2024-09-02 13:00:01 - Passed Sunrise 
2024-09-02 13:00:01 - CT Camera not operating 
2024-09-02 13:10:01 - Passed Sunrise 
2024-09-02 13:10:01 - CT Camera not operating 
2024-09-02 13:20:01 - Passed Sunrise 
2024-09-02 13:20:01 - CT Camera not operating 
2024-09-02 13:30:01 - Passed Sunrise 
2024-09-02 13:30:01 - CT Camera not operating 
2024-09-02 13:40:02 - Passed Sunrise 
2024-09-02 13:40:02 - CT Camera not operating 
2024-09-02 13:50:01 - Passed Sunrise 
2024-09-02 13:50:01 - CT Camera not operating 
2024-09-02 14:00:01 - Passed Sunrise 
2024-09-02 14:00:01 - CT Camera not operating 
2024-09-02 14:10:01 - Passed Sunrise 
2024-09-02 14:10:01 - CT Camera not operating 
2024-09-02 14:20:01 - Passed Sunrise 
2024-09-02 14:20:01 - CT Camera not operating 
2024-09-02 14:30:01 - Passed Sunrise 
2024-09-02 14:30:01 - CT Camera not operating 
2024-09-02 14:40:02 - Passed Sunrise 
2024-09-02 14:40:02 - CT Camera not operating 
2024-09-02 14:50:01 - Passed Sunrise 
2024-09-02 14:50:01 - CT Camera not operating 
2024-09-02 15:00:01 - Passed Sunrise 
2024-09-02 15:00:01 - CT Camera not operating 
2024-09-02 15:10:01 - Passed Sunrise 
2024-09-02 15:10:01 - CT Camera not operating 
2024-09-02 15:20:01 - Passed Sunrise 
2024-09-02 15:20:01 - CT Camera not operating 
2024-09-02 15:30:01 - Passed Sunrise 
2024-09-02 15:30:01 - CT Camera not operating 
2024-09-02 15:40:01 - Passed Sunrise 
2024-09-02 15:40:01 - CT Camera not operating 
2024-09-02 15:50:01 - Passed Sunrise 
2024-09-02 15:50:01 - CT Camera not operating 
2024-09-02 16:00:01 - Passed Sunrise 
2024-09-02 16:00:01 - CT Camera not operating 
2024-09-02 16:10:01 - Passed Sunrise 
2024-09-02 16:10:01 - CT Camera not operating 
2024-09-02 16:20:01 - Passed Sunrise 
2024-09-02 16:20:01 - CT Camera not operating 
2024-09-02 16:30:01 - Passed Sunrise 
2024-09-02 16:30:01 - CT Camera not operating 
2024-09-02 16:40:01 - Passed Sunrise 
2024-09-02 16:40:01 - CT Camera not operating 
2024-09-02 16:50:01 - Passed Sunrise 
2024-09-02 16:50:01 - CT Camera not operating 
2024-09-02 20:01:01 - Added sunrise_time: 2024-09-03 12:15:03 
2024-09-03 10:00:02 - Before Sunrise 
2024-09-03 10:10:01 - Before Sunrise 
2024-09-03 10:20:01 - Before Sunrise 
2024-09-03 10:30:01 - Before Sunrise 
2024-09-03 10:40:01 - Before Sunrise 
2024-09-03 10:50:02 - Before Sunrise 
2024-09-03 11:00:01 - Before Sunrise 
2024-09-03 11:10:01 - Before Sunrise 
2024-09-03 11:20:01 - Before Sunrise 
2024-09-03 11:30:01 - Before Sunrise 
2024-09-03 11:40:01 - Before Sunrise 
2024-09-03 11:50:01 - Before Sunrise 
2024-09-03 12:00:01 - Before Sunrise 
2024-09-03 12:10:01 - Before Sunrise 
2024-09-03 12:20:01 - Passed Sunrise 
2024-09-03 12:20:01 - CT Camera not operating 
2024-09-03 12:30:01 - Passed Sunrise 
2024-09-03 12:30:01 - CT Camera not operating 
2024-09-03 12:40:01 - Passed Sunrise 
2024-09-03 12:40:01 - CT Camera not operating 
2024-09-03 12:50:01 - Passed Sunrise 
2024-09-03 12:50:01 - CT Camera not operating 
2024-09-03 13:00:01 - Passed Sunrise 
2024-09-03 13:00:01 - CT Camera not operating 
2024-09-03 13:10:01 - Passed Sunrise 
2024-09-03 13:10:01 - CT Camera not operating 
2024-09-03 13:20:01 - Passed Sunrise 
2024-09-03 13:20:01 - CT Camera not operating 
2024-09-03 13:30:01 - Passed Sunrise 
2024-09-03 13:30:01 - CT Camera not operating 
2024-09-03 13:40:01 - Passed Sunrise 
2024-09-03 13:40:01 - CT Camera not operating 
2024-09-03 13:50:01 - Passed Sunrise 
2024-09-03 13:50:01 - CT Camera not operating 
2024-09-03 14:00:01 - Passed Sunrise 
2024-09-03 14:00:01 - CT Camera not operating 
2024-09-03 14:10:01 - Passed Sunrise 
2024-09-03 14:10:01 - CT Camera not operating 
2024-09-03 14:20:01 - Passed Sunrise 
2024-09-03 14:20:01 - CT Camera not operating 
2024-09-03 14:30:01 - Passed Sunrise 
2024-09-03 14:30:01 - CT Camera not operating 
2024-09-03 14:40:01 - Passed Sunrise 
2024-09-03 14:40:01 - CT Camera not operating 
2024-09-03 14:50:01 - Passed Sunrise 
2024-09-03 14:50:01 - CT Camera not operating 
2024-09-03 15:00:01 - Passed Sunrise 
2024-09-03 15:00:01 - CT Camera not operating 
2024-09-03 15:10:01 - Passed Sunrise 
2024-09-03 15:10:01 - CT Camera not operating 
2024-09-03 15:20:01 - Passed Sunrise 
2024-09-03 15:20:01 - CT Camera not operating 
2024-09-03 15:30:01 - Passed Sunrise 
2024-09-03 15:30:01 - CT Camera not operating 
2024-09-03 15:40:01 - Passed Sunrise 
2024-09-03 15:40:01 - CT Camera not operating 
2024-09-03 15:50:01 - Passed Sunrise 
2024-09-03 15:50:01 - CT Camera not operating 
2024-09-03 16:00:01 - Passed Sunrise 
2024-09-03 16:00:01 - CT Camera not operating 
2024-09-03 16:10:01 - Passed Sunrise 
2024-09-03 16:10:01 - Shutting Down Camera 
2024-09-03 16:11:31 - Shut down camera Successful 
2024-09-03 16:11:31 - CTM complete. Powering Down MagnaPS 
2024-09-03 16:11:31 - Shutdown Complete 
2024-09-03 16:20:01 - Passed Sunrise 
2024-09-03 16:20:01 - CT Camera not operating 
2024-09-03 16:30:01 - Passed Sunrise 
2024-09-03 16:30:01 - CT Camera not operating 
2024-09-03 16:40:01 - Passed Sunrise 
2024-09-03 16:40:01 - Shutting Down Camera 
2024-09-03 16:41:31 - Shut down camera Successful 
2024-09-03 16:41:31 - CTM complete. Powering Down MagnaPS 
2024-09-03 16:41:31 - Shutdown Complete 
2024-09-03 16:50:01 - Passed Sunrise 
2024-09-03 16:50:01 - CT Camera not operating 
2024-09-03 20:01:01 - Added sunrise_time: 2024-09-04 12:16:01 
2024-09-04 10:00:01 - Before Sunrise 
2024-09-04 10:10:01 - Before Sunrise 
2024-09-04 10:20:01 - Before Sunrise 
2024-09-04 10:30:01 - Before Sunrise 
2024-09-04 10:40:01 - Before Sunrise 
2024-09-04 10:50:01 - Before Sunrise 
2024-09-04 11:00:01 - Before Sunrise 
2024-09-04 11:10:01 - Before Sunrise 
2024-09-04 11:20:01 - Before Sunrise 
2024-09-04 11:30:01 - Before Sunrise 
2024-09-04 11:40:01 - Before Sunrise 
2024-09-04 11:50:01 - Before Sunrise 
2024-09-04 12:00:01 - Before Sunrise 
2024-09-04 12:10:01 - Before Sunrise 
2024-09-04 12:20:01 - Passed Sunrise 
2024-09-04 12:20:01 - CT Camera not operating 
2024-09-04 12:30:01 - Passed Sunrise 
2024-09-04 12:30:01 - CT Camera not operating 
2024-09-04 12:40:01 - Passed Sunrise 
2024-09-04 12:40:01 - CT Camera not operating 
2024-09-04 12:50:01 - Passed Sunrise 
2024-09-04 12:50:01 - CT Camera not operating 
2024-09-04 13:00:01 - Passed Sunrise 
2024-09-04 13:00:01 - CT Camera not operating 
2024-09-04 13:10:01 - Passed Sunrise 
2024-09-04 13:10:01 - CT Camera not operating 
2024-09-04 13:20:01 - Passed Sunrise 
2024-09-04 13:20:01 - CT Camera not operating 
2024-09-04 13:30:01 - Passed Sunrise 
2024-09-04 13:30:01 - CT Camera not operating 
2024-09-04 13:40:01 - Passed Sunrise 
2024-09-04 13:40:01 - CT Camera not operating 
2024-09-04 13:50:01 - Passed Sunrise 
2024-09-04 13:50:01 - CT Camera not operating 
2024-09-04 14:00:01 - Passed Sunrise 
2024-09-04 14:00:01 - CT Camera not operating 
2024-09-04 14:10:01 - Passed Sunrise 
2024-09-04 14:10:01 - CT Camera not operating 
2024-09-04 14:20:01 - Passed Sunrise 
2024-09-04 14:20:01 - CT Camera not operating 
2024-09-04 14:30:01 - Passed Sunrise 
2024-09-04 14:30:01 - CT Camera not operating 
2024-09-04 14:40:01 - Passed Sunrise 
2024-09-04 14:40:01 - CT Camera not operating 
2024-09-04 14:50:01 - Passed Sunrise 
2024-09-04 14:50:01 - CT Camera not operating 
2024-09-04 15:00:01 - Passed Sunrise 
2024-09-04 15:00:01 - CT Camera not operating 
2024-09-04 15:10:01 - Passed Sunrise 
2024-09-04 15:10:01 - CT Camera not operating 
2024-09-04 15:20:01 - Passed Sunrise 
2024-09-04 15:20:01 - CT Camera not operating 
2024-09-04 15:30:01 - Passed Sunrise 
2024-09-04 15:30:01 - CT Camera not operating 
2024-09-04 15:40:01 - Passed Sunrise 
2024-09-04 15:40:01 - CT Camera not operating 
2024-09-04 15:50:01 - Passed Sunrise 
2024-09-04 15:50:01 - CT Camera not operating 
2024-09-04 16:00:01 - Passed Sunrise 
2024-09-04 16:00:01 - CT Camera not operating 
2024-09-04 16:10:01 - Passed Sunrise 
2024-09-04 16:10:01 - CT Camera not operating 
2024-09-04 16:20:01 - Passed Sunrise 
2024-09-04 16:20:01 - CT Camera not operating 
2024-09-04 16:30:01 - Passed Sunrise 
2024-09-04 16:30:01 - CT Camera not operating 
2024-09-04 16:40:01 - Passed Sunrise 
2024-09-04 16:40:01 - CT Camera not operating 
2024-09-04 16:50:01 - Passed Sunrise 
2024-09-04 16:50:01 - CT Camera not operating 
2024-09-04 20:01:01 - Added sunrise_time: 2024-09-05 12:17:00 
2024-09-05 10:00:01 - Before Sunrise 
2024-09-05 10:10:01 - Before Sunrise 
2024-09-05 10:20:01 - Before Sunrise 
2024-09-05 10:30:01 - Before Sunrise 
2024-09-05 10:40:01 - Before Sunrise 
2024-09-05 10:50:01 - Before Sunrise 
2024-09-05 11:00:01 - Before Sunrise 
2024-09-05 11:10:01 - Before Sunrise 
2024-09-05 11:20:01 - Before Sunrise 
2024-09-05 11:30:01 - Before Sunrise 
2024-09-05 11:40:01 - Before Sunrise 
2024-09-05 11:50:01 - Before Sunrise 
2024-09-05 12:00:01 - Before Sunrise 
2024-09-05 12:10:01 - Before Sunrise 
2024-09-05 12:20:01 - Passed Sunrise 
2024-09-05 12:20:01 - CT Camera not operating 
2024-09-05 12:30:01 - Passed Sunrise 
2024-09-05 12:30:01 - CT Camera not operating 
2024-09-05 12:40:01 - Passed Sunrise 
2024-09-05 12:40:01 - CT Camera not operating 
2024-09-05 12:50:01 - Passed Sunrise 
2024-09-05 12:50:01 - CT Camera not operating 
2024-09-05 13:00:01 - Passed Sunrise 
2024-09-05 13:00:01 - CT Camera not operating 
2024-09-05 13:10:01 - Passed Sunrise 
2024-09-05 13:10:01 - CT Camera not operating 
2024-09-05 13:20:01 - Passed Sunrise 
2024-09-05 13:20:01 - CT Camera not operating 
2024-09-05 13:30:01 - Passed Sunrise 
2024-09-05 13:30:01 - CT Camera not operating 
2024-09-05 13:40:01 - Passed Sunrise 
2024-09-05 13:40:01 - CT Camera not operating 
2024-09-05 13:50:01 - Passed Sunrise 
2024-09-05 13:50:01 - CT Camera not operating 
2024-09-05 14:00:01 - Passed Sunrise 
2024-09-05 14:00:01 - CT Camera not operating 
2024-09-05 14:10:01 - Passed Sunrise 
2024-09-05 14:10:01 - CT Camera not operating 
2024-09-05 14:20:01 - Passed Sunrise 
2024-09-05 14:20:01 - CT Camera not operating 
2024-09-05 14:30:01 - Passed Sunrise 
2024-09-05 14:30:01 - CT Camera not operating 
2024-09-05 14:40:01 - Passed Sunrise 
2024-09-05 14:40:01 - CT Camera not operating 
2024-09-05 14:50:01 - Passed Sunrise 
2024-09-05 14:50:01 - CT Camera not operating 
2024-09-05 15:00:01 - Passed Sunrise 
2024-09-05 15:00:01 - CT Camera not operating 
2024-09-05 15:10:01 - Passed Sunrise 
2024-09-05 15:10:01 - CT Camera not operating 
2024-09-05 15:20:01 - Passed Sunrise 
2024-09-05 15:20:01 - CT Camera not operating 
2024-09-05 15:30:01 - Passed Sunrise 
2024-09-05 15:30:01 - CT Camera not operating 
2024-09-05 15:40:01 - Passed Sunrise 
2024-09-05 15:40:01 - CT Camera not operating 
2024-09-05 15:50:01 - Passed Sunrise 
2024-09-05 15:50:01 - CT Camera not operating 
2024-09-05 16:00:01 - Passed Sunrise 
2024-09-05 16:00:01 - CT Camera not operating 
2024-09-05 16:10:01 - Passed Sunrise 
2024-09-05 16:10:01 - CT Camera not operating 
2024-09-05 16:20:01 - Passed Sunrise 
2024-09-05 16:20:01 - CT Camera not operating 
2024-09-05 16:30:01 - Passed Sunrise 
2024-09-05 16:30:01 - CT Camera not operating 
2024-09-05 16:40:01 - Passed Sunrise 
2024-09-05 16:40:01 - CT Camera not operating 
2024-09-05 16:50:01 - Passed Sunrise 
2024-09-05 16:50:01 - CT Camera not operating 
2024-09-05 20:01:01 - Added sunrise_time: 2024-09-06 12:17:58 
2024-09-06 10:00:01 - Before Sunrise 
2024-09-06 10:10:01 - Before Sunrise 
2024-09-06 10:20:01 - Before Sunrise 
2024-09-06 10:30:01 - Before Sunrise 
2024-09-06 10:40:01 - Before Sunrise 
2024-09-06 10:50:01 - Before Sunrise 
2024-09-06 11:00:01 - Before Sunrise 
2024-09-06 11:10:01 - Before Sunrise 
2024-09-06 11:20:01 - Before Sunrise 
2024-09-06 11:30:01 - Before Sunrise 
2024-09-06 11:40:01 - Before Sunrise 
2024-09-06 11:50:01 - Before Sunrise 
2024-09-06 12:00:01 - Before Sunrise 
2024-09-06 12:10:02 - Before Sunrise 
2024-09-06 12:20:01 - Passed Sunrise 
2024-09-06 12:20:01 - CT Camera not operating 
2024-09-06 12:30:01 - Passed Sunrise 
2024-09-06 12:30:01 - CT Camera not operating 
2024-09-06 12:40:01 - Passed Sunrise 
2024-09-06 12:40:01 - CT Camera not operating 
2024-09-06 12:50:01 - Passed Sunrise 
2024-09-06 12:50:01 - CT Camera not operating 
2024-09-06 13:00:01 - Passed Sunrise 
2024-09-06 13:00:01 - CT Camera not operating 
2024-09-06 13:10:02 - Passed Sunrise 
2024-09-06 13:10:02 - CT Camera not operating 
2024-09-06 13:20:01 - Passed Sunrise 
2024-09-06 13:20:01 - CT Camera not operating 
2024-09-06 13:30:01 - Passed Sunrise 
2024-09-06 13:30:01 - CT Camera not operating 
2024-09-06 13:40:01 - Passed Sunrise 
2024-09-06 13:40:01 - CT Camera not operating 
2024-09-06 13:50:01 - Passed Sunrise 
2024-09-06 13:50:01 - CT Camera not operating 
2024-09-06 14:00:01 - Passed Sunrise 
2024-09-06 14:00:01 - CT Camera not operating 
2024-09-06 14:10:02 - Passed Sunrise 
2024-09-06 14:10:02 - CT Camera not operating 
2024-09-06 14:20:01 - Passed Sunrise 
2024-09-06 14:20:01 - CT Camera not operating 
2024-09-06 14:30:01 - Passed Sunrise 
2024-09-06 14:30:01 - CT Camera not operating 
2024-09-06 14:40:01 - Passed Sunrise 
2024-09-06 14:40:01 - CT Camera not operating 
2024-09-06 14:50:01 - Passed Sunrise 
2024-09-06 14:50:01 - CT Camera not operating 
2024-09-06 15:00:01 - Passed Sunrise 
2024-09-06 15:00:01 - CT Camera not operating 
2024-09-06 15:10:02 - Passed Sunrise 
2024-09-06 15:10:02 - CT Camera not operating 
2024-09-06 15:20:01 - Passed Sunrise 
2024-09-06 15:20:01 - CT Camera not operating 
2024-09-06 15:30:01 - Passed Sunrise 
2024-09-06 15:30:01 - CT Camera not operating 
2024-09-06 15:40:01 - Passed Sunrise 
2024-09-06 15:40:01 - CT Camera not operating 
2024-09-06 15:50:01 - Passed Sunrise 
2024-09-06 15:50:01 - CT Camera not operating 
2024-09-06 16:00:01 - Passed Sunrise 
2024-09-06 16:00:01 - CT Camera not operating 
2024-09-06 16:10:01 - Passed Sunrise 
2024-09-06 16:10:01 - CT Camera not operating 
2024-09-06 16:20:01 - Passed Sunrise 
2024-09-06 16:20:01 - CT Camera not operating 
2024-09-06 16:30:01 - Passed Sunrise 
2024-09-06 16:30:01 - CT Camera not operating 
2024-09-06 16:40:01 - Passed Sunrise 
2024-09-06 16:40:01 - CT Camera not operating 
2024-09-06 16:50:01 - Passed Sunrise 
2024-09-06 16:50:01 - CT Camera not operating 
2024-09-06 20:01:01 - Added sunrise_time: 2024-09-07 12:18:56 
2024-09-07 10:00:01 - Before Sunrise 
2024-09-07 10:10:01 - Before Sunrise 
2024-09-07 10:20:01 - Before Sunrise 
2024-09-07 10:30:01 - Before Sunrise 
2024-09-07 10:40:01 - Before Sunrise 
2024-09-07 10:50:01 - Before Sunrise 
2024-09-07 11:00:01 - Before Sunrise 
2024-09-07 11:10:01 - Before Sunrise 
2024-09-07 11:20:01 - Before Sunrise 
2024-09-07 11:30:01 - Before Sunrise 
2024-09-07 11:40:01 - Before Sunrise 
2024-09-07 11:50:01 - Before Sunrise 
2024-09-07 12:00:01 - Before Sunrise 
2024-09-07 12:10:01 - Before Sunrise 
2024-09-07 12:20:01 - Passed Sunrise 
2024-09-07 12:20:01 - CT Camera not operating 
2024-09-07 12:30:01 - Passed Sunrise 
2024-09-07 12:30:01 - CT Camera not operating 
2024-09-07 12:40:01 - Passed Sunrise 
2024-09-07 12:40:01 - CT Camera not operating 
2024-09-07 12:50:01 - Passed Sunrise 
2024-09-07 12:50:01 - CT Camera not operating 
2024-09-07 13:00:01 - Passed Sunrise 
2024-09-07 13:00:01 - CT Camera not operating 
2024-09-07 13:10:01 - Passed Sunrise 
2024-09-07 13:10:01 - CT Camera not operating 
2024-09-07 13:20:01 - Passed Sunrise 
2024-09-07 13:20:01 - CT Camera not operating 
2024-09-07 13:30:01 - Passed Sunrise 
2024-09-07 13:30:01 - CT Camera not operating 
2024-09-07 13:40:01 - Passed Sunrise 
2024-09-07 13:40:01 - CT Camera not operating 
2024-09-07 13:50:01 - Passed Sunrise 
2024-09-07 13:50:01 - CT Camera not operating 
2024-09-07 14:00:01 - Passed Sunrise 
2024-09-07 14:00:01 - CT Camera not operating 
2024-09-07 14:10:01 - Passed Sunrise 
2024-09-07 14:10:01 - CT Camera not operating 
2024-09-07 14:20:01 - Passed Sunrise 
2024-09-07 14:20:01 - CT Camera not operating 
2024-09-07 14:30:01 - Passed Sunrise 
2024-09-07 14:30:01 - CT Camera not operating 
2024-09-07 14:40:01 - Passed Sunrise 
2024-09-07 14:40:01 - CT Camera not operating 
2024-09-07 14:50:01 - Passed Sunrise 
2024-09-07 14:50:01 - CT Camera not operating 
2024-09-07 15:00:02 - Passed Sunrise 
2024-09-07 15:00:02 - CT Camera not operating 
2024-09-07 15:10:01 - Passed Sunrise 
2024-09-07 15:10:01 - CT Camera not operating 
2024-09-07 15:20:01 - Passed Sunrise 
2024-09-07 15:20:01 - CT Camera not operating 
2024-09-07 15:30:01 - Passed Sunrise 
2024-09-07 15:30:01 - CT Camera not operating 
2024-09-07 15:40:01 - Passed Sunrise 
2024-09-07 15:40:01 - CT Camera not operating 
2024-09-07 15:50:01 - Passed Sunrise 
2024-09-07 15:50:01 - CT Camera not operating 
2024-09-07 16:00:02 - Passed Sunrise 
2024-09-07 16:00:02 - CT Camera not operating 
2024-09-07 16:10:01 - Passed Sunrise 
2024-09-07 16:10:01 - CT Camera not operating 
2024-09-07 16:20:01 - Passed Sunrise 
2024-09-07 16:20:01 - CT Camera not operating 
2024-09-07 16:30:01 - Passed Sunrise 
2024-09-07 16:30:01 - CT Camera not operating 
2024-09-07 16:40:01 - Passed Sunrise 
2024-09-07 16:40:01 - CT Camera not operating 
2024-09-07 16:50:02 - Passed Sunrise 
2024-09-07 16:50:02 - CT Camera not operating 
2024-09-07 20:01:01 - Added sunrise_time: 2024-09-08 12:19:54 
2024-09-08 10:00:01 - Before Sunrise 
2024-09-08 10:10:01 - Before Sunrise 
2024-09-08 10:20:01 - Before Sunrise 
2024-09-08 10:30:01 - Before Sunrise 
2024-09-08 10:40:01 - Before Sunrise 
2024-09-08 10:50:01 - Before Sunrise 
2024-09-08 11:00:01 - Before Sunrise 
2024-09-08 11:10:01 - Before Sunrise 
2024-09-08 11:20:01 - Before Sunrise 
2024-09-08 11:30:01 - Before Sunrise 
2024-09-08 11:40:01 - Before Sunrise 
2024-09-08 11:50:01 - Before Sunrise 
2024-09-08 12:00:01 - Before Sunrise 
2024-09-08 12:10:01 - Before Sunrise 
2024-09-08 12:20:01 - Passed Sunrise 
2024-09-08 12:20:01 - CT Camera not operating 
2024-09-08 12:30:01 - Passed Sunrise 
2024-09-08 12:30:01 - CT Camera not operating 
2024-09-08 12:40:01 - Passed Sunrise 
2024-09-08 12:40:01 - CT Camera not operating 
2024-09-08 12:50:01 - Passed Sunrise 
2024-09-08 12:50:01 - CT Camera not operating 
2024-09-08 13:00:01 - Passed Sunrise 
2024-09-08 13:00:01 - CT Camera not operating 
2024-09-08 13:10:01 - Passed Sunrise 
2024-09-08 13:10:01 - CT Camera not operating 
2024-09-08 13:20:01 - Passed Sunrise 
2024-09-08 13:20:01 - CT Camera not operating 
2024-09-08 13:30:01 - Passed Sunrise 
2024-09-08 13:30:01 - CT Camera not operating 
2024-09-08 13:40:01 - Passed Sunrise 
2024-09-08 13:40:01 - CT Camera not operating 
2024-09-08 13:50:01 - Passed Sunrise 
2024-09-08 13:50:01 - CT Camera not operating 
2024-09-08 14:00:01 - Passed Sunrise 
2024-09-08 14:00:01 - CT Camera not operating 
2024-09-08 14:10:01 - Passed Sunrise 
2024-09-08 14:10:01 - CT Camera not operating 
2024-09-08 14:20:01 - Passed Sunrise 
2024-09-08 14:20:01 - CT Camera not operating 
2024-09-08 14:30:02 - Passed Sunrise 
2024-09-08 14:30:02 - CT Camera not operating 
2024-09-08 14:40:01 - Passed Sunrise 
2024-09-08 14:40:01 - CT Camera not operating 
2024-09-08 14:50:01 - Passed Sunrise 
2024-09-08 14:50:01 - CT Camera not operating 
2024-09-08 15:00:01 - Passed Sunrise 
2024-09-08 15:00:01 - CT Camera not operating 
2024-09-08 15:10:01 - Passed Sunrise 
2024-09-08 15:10:01 - CT Camera not operating 
2024-09-08 15:20:01 - Passed Sunrise 
2024-09-08 15:20:01 - CT Camera not operating 
2024-09-08 15:30:02 - Passed Sunrise 
2024-09-08 15:30:02 - CT Camera not operating 
2024-09-08 15:40:01 - Passed Sunrise 
2024-09-08 15:40:01 - CT Camera not operating 
2024-09-08 15:50:01 - Passed Sunrise 
2024-09-08 15:50:01 - CT Camera not operating 
2024-09-08 16:00:01 - Passed Sunrise 
2024-09-08 16:00:01 - CT Camera not operating 
2024-09-08 16:10:01 - Passed Sunrise 
2024-09-08 16:10:01 - CT Camera not operating 
2024-09-08 16:20:01 - Passed Sunrise 
2024-09-08 16:20:01 - CT Camera not operating 
2024-09-08 16:30:02 - Passed Sunrise 
2024-09-08 16:30:02 - CT Camera not operating 
2024-09-08 16:40:01 - Passed Sunrise 
2024-09-08 16:40:01 - CT Camera not operating 
2024-09-08 16:50:01 - Passed Sunrise 
2024-09-08 16:50:01 - CT Camera not operating 
2024-09-08 20:01:01 - Added sunrise_time: 2024-09-09 12:20:51 
2024-09-09 10:00:01 - Before Sunrise 
2024-09-09 10:10:01 - Before Sunrise 
2024-09-09 10:20:01 - Before Sunrise 
2024-09-09 10:30:01 - Before Sunrise 
2024-09-09 10:40:01 - Before Sunrise 
2024-09-09 10:50:01 - Before Sunrise 
2024-09-09 11:00:01 - Before Sunrise 
2024-09-09 11:10:01 - Before Sunrise 
2024-09-09 11:20:01 - Before Sunrise 
2024-09-09 11:30:01 - Before Sunrise 
2024-09-09 11:40:01 - Before Sunrise 
2024-09-09 11:50:01 - Before Sunrise 
2024-09-09 12:00:01 - Before Sunrise 
2024-09-09 12:10:01 - Before Sunrise 
2024-09-09 12:20:01 - Before Sunrise 
2024-09-09 12:30:01 - Passed Sunrise 
2024-09-09 12:30:01 - CT Camera not operating 
2024-09-09 12:40:01 - Passed Sunrise 
2024-09-09 12:40:01 - CT Camera not operating 
2024-09-09 12:50:01 - Passed Sunrise 
2024-09-09 12:50:01 - CT Camera not operating 
2024-09-09 13:00:02 - Passed Sunrise 
2024-09-09 13:00:02 - CT Camera not operating 
2024-09-09 13:10:01 - Passed Sunrise 
2024-09-09 13:10:01 - CT Camera not operating 
2024-09-09 13:20:01 - Passed Sunrise 
2024-09-09 13:20:01 - CT Camera not operating 
2024-09-09 13:30:01 - Passed Sunrise 
2024-09-09 13:30:01 - CT Camera not operating 
2024-09-09 13:40:01 - Passed Sunrise 
2024-09-09 13:40:01 - CT Camera not operating 
2024-09-09 13:50:01 - Passed Sunrise 
2024-09-09 13:50:01 - CT Camera not operating 
2024-09-09 14:00:02 - Passed Sunrise 
2024-09-09 14:00:02 - CT Camera not operating 
2024-09-09 14:10:01 - Passed Sunrise 
2024-09-09 14:10:01 - CT Camera not operating 
2024-09-09 14:20:01 - Passed Sunrise 
2024-09-09 14:20:01 - CT Camera not operating 
2024-09-09 14:30:01 - Passed Sunrise 
2024-09-09 14:30:01 - CT Camera not operating 
2024-09-09 14:40:01 - Passed Sunrise 
2024-09-09 14:40:01 - CT Camera not operating 
2024-09-09 14:50:01 - Passed Sunrise 
2024-09-09 14:50:01 - CT Camera not operating 
2024-09-09 15:00:02 - Passed Sunrise 
2024-09-09 15:00:02 - CT Camera not operating 
2024-09-09 15:10:01 - Passed Sunrise 
2024-09-09 15:10:01 - CT Camera not operating 
2024-09-09 15:20:01 - Passed Sunrise 
2024-09-09 15:20:01 - CT Camera not operating 
2024-09-09 15:30:01 - Passed Sunrise 
2024-09-09 15:30:01 - CT Camera not operating 
2024-09-09 15:40:01 - Passed Sunrise 
2024-09-09 15:40:01 - CT Camera not operating 
2024-09-09 15:50:01 - Passed Sunrise 
2024-09-09 15:50:01 - CT Camera not operating 
2024-09-09 16:00:01 - Passed Sunrise 
2024-09-09 16:00:01 - CT Camera not operating 
2024-09-09 16:10:01 - Passed Sunrise 
2024-09-09 16:10:01 - CT Camera not operating 
2024-09-09 16:20:01 - Passed Sunrise 
2024-09-09 16:20:01 - CT Camera not operating 
2024-09-09 16:30:01 - Passed Sunrise 
2024-09-09 16:30:01 - CT Camera not operating 
2024-09-09 16:40:01 - Passed Sunrise 
2024-09-09 16:40:01 - CT Camera not operating 
2024-09-09 16:50:02 - Passed Sunrise 
2024-09-09 16:50:02 - CT Camera not operating 
2024-09-09 20:01:01 - Added sunrise_time: 2024-09-10 12:21:48 
2024-09-10 10:00:01 - Before Sunrise 
2024-09-10 10:10:01 - Before Sunrise 
2024-09-10 10:20:01 - Before Sunrise 
2024-09-10 10:30:01 - Before Sunrise 
2024-09-10 10:40:01 - Before Sunrise 
2024-09-10 10:50:01 - Before Sunrise 
2024-09-10 11:00:01 - Before Sunrise 
2024-09-10 11:10:01 - Before Sunrise 
2024-09-10 11:20:01 - Before Sunrise 
2024-09-10 11:30:01 - Before Sunrise 
2024-09-10 11:40:01 - Before Sunrise 
2024-09-10 11:50:01 - Before Sunrise 
2024-09-10 12:00:01 - Before Sunrise 
2024-09-10 12:10:01 - Before Sunrise 
2024-09-10 12:20:01 - Before Sunrise 
2024-09-10 12:30:01 - Passed Sunrise 
2024-09-10 12:30:01 - Shutting Down Camera 
2024-09-10 12:31:31 - Shut down camera Successful 
2024-09-10 12:31:31 - CTM complete. Powering Down MagnaPS 
2024-09-10 12:31:33 - Shutdown Complete 
2024-09-10 12:40:01 - Passed Sunrise 
2024-09-10 12:40:01 - CT Camera not operating 
2024-09-10 12:50:01 - Passed Sunrise 
2024-09-10 12:50:01 - CT Camera not operating 
2024-09-10 13:00:01 - Passed Sunrise 
2024-09-10 13:00:01 - CT Camera not operating 
2024-09-10 13:10:01 - Passed Sunrise 
2024-09-10 13:10:01 - CT Camera not operating 
2024-09-10 13:20:01 - Passed Sunrise 
2024-09-10 13:20:01 - CT Camera not operating 
2024-09-10 13:30:01 - Passed Sunrise 
2024-09-10 13:30:01 - CT Camera not operating 
2024-09-10 13:40:01 - Passed Sunrise 
2024-09-10 13:40:01 - CT Camera not operating 
2024-09-10 13:50:01 - Passed Sunrise 
2024-09-10 13:50:01 - CT Camera not operating 
2024-09-10 14:00:01 - Passed Sunrise 
2024-09-10 14:00:01 - CT Camera not operating 
2024-09-10 14:10:01 - Passed Sunrise 
2024-09-10 14:10:01 - CT Camera not operating 
2024-09-10 14:20:01 - Passed Sunrise 
2024-09-10 14:20:01 - CT Camera not operating 
2024-09-10 14:30:01 - Passed Sunrise 
2024-09-10 14:30:01 - CT Camera not operating 
2024-09-10 14:40:01 - Passed Sunrise 
2024-09-10 14:40:01 - CT Camera not operating 
2024-09-10 14:50:01 - Passed Sunrise 
2024-09-10 14:50:01 - CT Camera not operating 
2024-09-10 15:00:01 - Passed Sunrise 
2024-09-10 15:00:01 - CT Camera not operating 
2024-09-10 15:10:01 - Passed Sunrise 
2024-09-10 15:10:01 - CT Camera not operating 
2024-09-10 15:20:01 - Passed Sunrise 
2024-09-10 15:20:01 - CT Camera not operating 
2024-09-10 15:30:01 - Passed Sunrise 
2024-09-10 15:30:01 - CT Camera not operating 
2024-09-10 15:40:02 - Passed Sunrise 
2024-09-10 15:40:02 - CT Camera not operating 
2024-09-10 15:50:01 - Passed Sunrise 
2024-09-10 15:50:01 - CT Camera not operating 
2024-09-10 16:00:01 - Passed Sunrise 
2024-09-10 16:00:01 - CT Camera not operating 
2024-09-10 16:10:01 - Passed Sunrise 
2024-09-10 16:10:01 - CT Camera not operating 
2024-09-10 16:20:01 - Passed Sunrise 
2024-09-10 16:20:01 - CT Camera not operating 
2024-09-10 16:30:01 - Passed Sunrise 
2024-09-10 16:30:01 - CT Camera not operating 
2024-09-10 16:40:02 - Passed Sunrise 
2024-09-10 16:40:02 - CT Camera not operating 
2024-09-10 16:50:01 - Passed Sunrise 
2024-09-10 16:50:01 - CT Camera not operating 
2024-09-10 20:01:01 - Added sunrise_time: 2024-09-11 12:22:45 
2024-09-11 10:00:01 - Before Sunrise 
2024-09-11 10:10:01 - Before Sunrise 
2024-09-11 10:20:01 - Before Sunrise 
2024-09-11 10:30:01 - Before Sunrise 
2024-09-11 10:40:01 - Before Sunrise 
2024-09-11 10:50:01 - Before Sunrise 
2024-09-11 11:00:01 - Before Sunrise 
2024-09-11 11:10:01 - Before Sunrise 
2024-09-11 11:20:01 - Before Sunrise 
2024-09-11 11:30:02 - Before Sunrise 
2024-09-11 11:40:01 - Before Sunrise 
2024-09-11 11:50:01 - Before Sunrise 
2024-09-11 12:00:01 - Before Sunrise 
2024-09-11 12:10:01 - Before Sunrise 
2024-09-11 12:20:01 - Before Sunrise 
2024-09-11 12:30:01 - Passed Sunrise 
2024-09-11 12:30:01 - CT Camera not operating 
2024-09-11 12:40:01 - Passed Sunrise 
2024-09-11 12:40:01 - CT Camera not operating 
2024-09-11 12:50:01 - Passed Sunrise 
2024-09-11 12:50:01 - CT Camera not operating 
2024-09-11 13:00:01 - Passed Sunrise 
2024-09-11 13:00:01 - CT Camera not operating 
2024-09-11 13:10:01 - Passed Sunrise 
2024-09-11 13:10:01 - CT Camera not operating 
2024-09-11 13:20:01 - Passed Sunrise 
2024-09-11 13:20:01 - CT Camera not operating 
2024-09-11 13:30:01 - Passed Sunrise 
2024-09-11 13:30:01 - CT Camera not operating 
2024-09-11 13:40:01 - Passed Sunrise 
2024-09-11 13:40:01 - CT Camera not operating 
2024-09-11 13:50:01 - Passed Sunrise 
2024-09-11 13:50:01 - CT Camera not operating 
2024-09-11 14:00:01 - Passed Sunrise 
2024-09-11 14:00:01 - CT Camera not operating 
2024-09-11 14:10:01 - Passed Sunrise 
2024-09-11 14:10:01 - CT Camera not operating 
2024-09-11 14:20:01 - Passed Sunrise 
2024-09-11 14:20:01 - CT Camera not operating 
2024-09-11 14:30:01 - Passed Sunrise 
2024-09-11 14:30:01 - CT Camera not operating 
2024-09-11 14:33:24 - Added sunrise_time: 2024-09-12 12:23:42 
2024-09-11 14:34:15 - Before Sunrise 
2024-09-11 14:34:36 - Passed Sunrise 
2024-09-11 14:34:36 - Shutting Down Camera 
2024-09-11 14:35:56 - Shut down camera Successful 
2024-09-11 14:35:56 - CTM complete. Powering Down MagnaPS 
2024-09-11 14:35:58 - Shutdown Complete 
2024-09-11 14:40:01 - Passed Sunrise 
2024-09-11 14:40:01 - Shutting Down Camera 
2024-09-11 14:40:15 - Passed Sunrise 
2024-09-11 14:40:15 - CT Camera not operating 
2024-09-11 14:41:32 - Shut down camera Successful 
2024-09-11 14:41:32 - CTM complete. Powering Down MagnaPS 
2024-09-11 14:41:34 - Shutdown Complete 
2024-09-11 14:50:01 - Passed Sunrise 
2024-09-11 14:50:01 - Error in checking rc log shutting down
2024-09-11 14:50:01 - Shutting Down Camera 
2024-09-11 14:51:31 - Shut down camera Successful 
2024-09-11 14:51:31 - CTM complete. Powering Down MagnaPS 
2024-09-11 14:51:33 - Shutdown Complete 
2024-09-11 15:00:01 - Passed Sunrise 
2024-09-11 15:00:01 - Error in checking rc log shutting down
2024-09-11 15:00:01 - Shutting Down Camera 
2024-09-11 15:01:31 - Shut down camera Successful 
2024-09-11 15:01:31 - CTM complete. Powering Down MagnaPS 
2024-09-11 15:01:33 - Shutdown Complete 
2024-09-11 15:10:01 - Passed Sunrise 
2024-09-11 15:10:01 - Error in checking rc log shutting down
2024-09-11 15:10:01 - Shutting Down Camera 
2024-09-11 15:11:31 - Shut down camera Successful 
2024-09-11 15:11:31 - CTM complete. Powering Down MagnaPS 
2024-09-11 15:11:33 - Shutdown Complete 
2024-09-11 15:20:01 - Passed Sunrise 
2024-09-11 15:20:01 - Error in checking rc log shutting down
2024-09-11 15:20:01 - Shutting Down Camera 
2024-09-11 15:21:31 - Shut down camera Successful 
2024-09-11 15:21:31 - CTM complete. Powering Down MagnaPS 
2024-09-11 15:21:33 - Shutdown Complete 
2024-09-11 15:30:02 - Passed Sunrise 
2024-09-11 15:30:02 - Error in checking rc log shutting down
2024-09-11 15:30:02 - Shutting Down Camera 
2024-09-11 15:31:32 - Shut down camera Successful 
2024-09-11 15:31:32 - CTM complete. Powering Down MagnaPS 
2024-09-11 15:31:34 - Shutdown Complete 
2024-09-11 15:40:01 - Passed Sunrise 
2024-09-11 15:40:01 - Error in checking rc log shutting down
2024-09-11 15:40:01 - Shutting Down Camera 
2024-09-11 15:41:31 - Shut down camera Successful 
2024-09-11 15:41:31 - CTM complete. Powering Down MagnaPS 
2024-09-11 15:41:33 - Shutdown Complete 
2024-09-11 15:50:01 - Passed Sunrise 
2024-09-11 15:50:01 - Error in checking rc log shutting down
2024-09-11 15:50:01 - Shutting Down Camera 
2024-09-11 15:51:31 - Shut down camera Successful 
2024-09-11 15:51:31 - CTM complete. Powering Down MagnaPS 
2024-09-11 15:51:33 - Shutdown Complete 
2024-09-11 16:00:01 - Passed Sunrise 
2024-09-11 16:00:01 - Error in checking rc log shutting down
2024-09-11 16:00:01 - Shutting Down Camera 
2024-09-11 16:01:31 - Shut down camera Successful 
2024-09-11 16:01:31 - CTM complete. Powering Down MagnaPS 
2024-09-11 16:01:33 - Shutdown Complete 
2024-09-11 16:10:01 - Passed Sunrise 
2024-09-11 16:10:01 - Error in checking rc log shutting down
2024-09-11 16:10:01 - Shutting Down Camera 
2024-09-11 16:11:31 - Shut down camera Successful 
2024-09-11 16:11:31 - CTM complete. Powering Down MagnaPS 
2024-09-11 16:11:33 - Shutdown Complete 
2024-09-11 16:20:02 - Passed Sunrise 
2024-09-11 16:20:02 - Error in checking rc log shutting down
2024-09-11 16:20:02 - Shutting Down Camera 
2024-09-11 16:21:32 - Shut down camera Successful 
2024-09-11 16:21:32 - CTM complete. Powering Down MagnaPS 
2024-09-11 16:21:34 - Shutdown Complete 
2024-09-11 16:30:01 - Passed Sunrise 
2024-09-11 16:30:01 - Error in checking rc log shutting down
2024-09-11 16:30:01 - Shutting Down Camera 
2024-09-11 16:31:31 - Shut down camera Successful 
2024-09-11 16:31:31 - CTM complete. Powering Down MagnaPS 
2024-09-11 16:31:33 - Shutdown Complete 
2024-09-11 16:40:01 - Passed Sunrise 
2024-09-11 16:40:01 - Error in checking rc log shutting down
2024-09-11 16:40:01 - Shutting Down Camera 
2024-09-11 16:41:31 - Shut down camera Successful 
2024-09-11 16:41:31 - CTM complete. Powering Down MagnaPS 
2024-09-11 16:41:33 - Shutdown Complete 
2024-09-11 16:50:01 - Passed Sunrise 
2024-09-11 16:50:01 - Error in checking rc log shutting down
2024-09-11 16:50:01 - Shutting Down Camera 
2024-09-11 16:51:31 - Shut down camera Successful 
2024-09-11 16:51:31 - CTM complete. Powering Down MagnaPS 
2024-09-11 16:51:33 - Shutdown Complete 
2024-09-11 17:34:17 - Before Sunrise 
2024-09-11 17:34:50 - Before Sunrise 
2024-09-11 17:35:13 - Before Sunrise 
2024-09-11 17:36:05 - Before Sunrise 
2024-09-11 17:36:43 - Before Sunrise 
2024-09-11 17:37:26 - Before Sunrise 
2024-09-11 17:38:01 - Before Sunrise 
2024-09-11 20:01:01 - Added sunrise_time: 2024-09-12 12:23:42 
2024-09-11 20:41:20 - Before Sunrise 
2024-09-11 20:42:26 - Before Sunrise 
2024-09-11 20:42:55 - Before Sunrise 
2024-09-11 20:42:58 - Before Sunrise 
2024-09-11 20:43:44 - Before Sunrise 
2024-09-11 20:43:45 - Before Sunrise 
2024-09-11 20:43:48 - Before Sunrise 
2024-09-11 20:44:39 - Passed Sunrise 
2024-09-11 20:45:55 - Before Sunrise 
2024-09-11 20:46:13 - Passed Sunrise 
2024-09-11 20:47:07 - Passed Sunrise 
2024-09-11 20:47:07 - Shutting Down Camera 
2024-09-11 20:54:47 - Passed Sunrise 
2024-09-11 20:54:47 - Error in checking rc log shutting down
2024-09-11 20:54:47 - Shutting Down Camera 
2024-09-11 20:59:53 - Passed Sunrise 
2024-09-11 20:59:53 - Error in checking rc log shutting down
2024-09-11 20:59:53 - Shutting Down Camera 
2024-09-11 21:01:13 - Shut down camera Successful 
2024-09-11 21:01:13 - CTM complete. Powering Down MagnaPS 
2024-09-11 21:01:13 - Shutdown Complete 
2024-09-12 02:16:40 - Added sunrise_time: 2024-09-12 12:23:42 
2024-09-12 10:00:01 - Before Sunrise 
2024-09-12 10:10:01 - Before Sunrise 
2024-09-12 10:20:01 - Before Sunrise 
2024-09-12 10:30:01 - Before Sunrise 
2024-09-12 10:40:01 - Before Sunrise 
2024-09-12 10:50:01 - Before Sunrise 
2024-09-12 11:00:01 - Before Sunrise 
2024-09-12 11:10:01 - Before Sunrise 
2024-09-12 11:20:01 - Before Sunrise 
2024-09-12 11:30:01 - Before Sunrise 
2024-09-12 11:40:01 - Before Sunrise 
2024-09-12 11:50:01 - Before Sunrise 
2024-09-12 12:00:01 - Before Sunrise 
2024-09-12 12:10:01 - Before Sunrise 
2024-09-12 12:20:01 - Before Sunrise 
2024-09-12 12:30:01 - Passed Sunrise 
2024-09-12 12:30:01 - Error in checking rc log shutting down
2024-09-12 12:30:01 - Shutting Down Camera 
2024-09-12 12:31:31 - Shut down camera Successful 
2024-09-12 12:31:31 - CTM complete. Powering Down MagnaPS 
2024-09-12 12:31:33 - Shutdown Complete 
2024-09-12 12:40:01 - Passed Sunrise 
2024-09-12 12:40:01 - Error in checking rc log shutting down
2024-09-12 12:40:01 - Shutting Down Camera 
2024-09-12 12:41:31 - Shut down camera Successful 
2024-09-12 12:41:31 - CTM complete. Powering Down MagnaPS 
2024-09-12 12:41:33 - Shutdown Complete 
2024-09-12 12:50:01 - Passed Sunrise 
2024-09-12 12:50:01 - Error in checking rc log shutting down
2024-09-12 12:50:01 - Shutting Down Camera 
2024-09-12 12:51:31 - Shut down camera Successful 
2024-09-12 12:51:31 - CTM complete. Powering Down MagnaPS 
2024-09-12 12:51:33 - Shutdown Complete 
2024-09-12 13:00:01 - Passed Sunrise 
2024-09-12 13:00:01 - Error in checking rc log shutting down
2024-09-12 13:00:01 - Shutting Down Camera 
2024-09-12 13:01:31 - Shut down camera Successful 
2024-09-12 13:01:31 - CTM complete. Powering Down MagnaPS 
2024-09-12 13:01:33 - Shutdown Complete 
2024-09-12 13:10:01 - Passed Sunrise 
2024-09-12 13:10:01 - Error in checking rc log shutting down
2024-09-12 13:10:01 - Shutting Down Camera 
2024-09-12 13:11:31 - Shut down camera Successful 
2024-09-12 13:11:31 - CTM complete. Powering Down MagnaPS 
2024-09-12 13:11:33 - Shutdown Complete 
2024-09-12 13:20:01 - Passed Sunrise 
2024-09-12 13:20:01 - Error in checking rc log shutting down
2024-09-12 13:20:01 - Shutting Down Camera 
2024-09-12 13:21:31 - Shut down camera Successful 
2024-09-12 13:21:31 - CTM complete. Powering Down MagnaPS 
2024-09-12 13:21:33 - Shutdown Complete 
2024-09-12 13:30:01 - Passed Sunrise 
2024-09-12 13:30:01 - Error in checking rc log shutting down
2024-09-12 13:30:01 - Shutting Down Camera 
2024-09-12 13:31:31 - Shut down camera Successful 
2024-09-12 13:31:31 - CTM complete. Powering Down MagnaPS 
2024-09-12 13:31:33 - Shutdown Complete 
2024-09-12 13:40:01 - Passed Sunrise 
2024-09-12 13:40:01 - Error in checking rc log shutting down
2024-09-12 13:40:01 - Shutting Down Camera 
2024-09-12 13:41:31 - Shut down camera Successful 
2024-09-12 13:41:31 - CTM complete. Powering Down MagnaPS 
2024-09-12 13:41:33 - Shutdown Complete 
2024-09-12 13:50:01 - Passed Sunrise 
2024-09-12 13:50:01 - Error in checking rc log shutting down
2024-09-12 13:50:01 - Shutting Down Camera 
2024-09-12 13:51:31 - Shut down camera Successful 
2024-09-12 13:51:31 - CTM complete. Powering Down MagnaPS 
2024-09-12 13:51:33 - Shutdown Complete 
2024-09-12 14:00:01 - Passed Sunrise 
2024-09-12 14:00:01 - Error in checking rc log shutting down
2024-09-12 14:00:01 - Shutting Down Camera 
2024-09-12 14:01:32 - Shut down camera Successful 
2024-09-12 14:01:32 - CTM complete. Powering Down MagnaPS 
2024-09-12 14:01:34 - Shutdown Complete 
2024-09-12 14:10:01 - Passed Sunrise 
2024-09-12 14:10:01 - Error in checking rc log shutting down
2024-09-12 14:10:01 - Shutting Down Camera 
2024-09-12 14:11:31 - Shut down camera Successful 
2024-09-12 14:11:31 - CTM complete. Powering Down MagnaPS 
2024-09-12 14:11:33 - Shutdown Complete 
2024-09-12 14:20:01 - Passed Sunrise 
2024-09-12 14:20:01 - Error in checking rc log shutting down
2024-09-12 14:20:01 - Shutting Down Camera 
2024-09-12 14:21:31 - Shut down camera Successful 
2024-09-12 14:21:31 - CTM complete. Powering Down MagnaPS 
2024-09-12 14:21:33 - Shutdown Complete 
2024-09-12 14:30:01 - Passed Sunrise 
2024-09-12 14:30:01 - Error in checking rc log shutting down
2024-09-12 14:30:01 - Shutting Down Camera 
2024-09-12 14:31:31 - Shut down camera Successful 
2024-09-12 14:31:31 - CTM complete. Powering Down MagnaPS 
2024-09-12 14:31:33 - Shutdown Complete 
2024-09-12 14:40:01 - Passed Sunrise 
2024-09-12 14:40:01 - Error in checking rc log shutting down
2024-09-12 14:40:01 - Shutting Down Camera 
2024-09-12 14:41:31 - Shut down camera Successful 
2024-09-12 14:41:31 - CTM complete. Powering Down MagnaPS 
2024-09-12 14:41:33 - Shutdown Complete 
2024-09-12 14:50:02 - Passed Sunrise 
2024-09-12 14:50:02 - Error in checking rc log shutting down
2024-09-12 14:50:02 - Shutting Down Camera 
2024-09-12 14:51:32 - Shut down camera Successful 
2024-09-12 14:51:32 - CTM complete. Powering Down MagnaPS 
2024-09-12 14:51:34 - Shutdown Complete 
2024-09-12 15:00:01 - Passed Sunrise 
2024-09-12 15:00:01 - Error in checking rc log shutting down
2024-09-12 15:00:01 - Shutting Down Camera 
2024-09-12 15:01:31 - Shut down camera Successful 
2024-09-12 15:01:31 - CTM complete. Powering Down MagnaPS 
2024-09-12 15:01:33 - Shutdown Complete 
2024-09-12 15:10:01 - Passed Sunrise 
2024-09-12 15:10:01 - Error in checking rc log shutting down
2024-09-12 15:10:01 - Shutting Down Camera 
2024-09-12 15:11:31 - Shut down camera Successful 
2024-09-12 15:11:31 - CTM complete. Powering Down MagnaPS 
2024-09-12 15:11:33 - Shutdown Complete 
2024-09-12 15:20:01 - Passed Sunrise 
2024-09-12 15:20:01 - Error in checking rc log shutting down
2024-09-12 15:20:01 - Shutting Down Camera 
2024-09-12 15:21:31 - Shut down camera Successful 
2024-09-12 15:21:31 - CTM complete. Powering Down MagnaPS 
2024-09-12 15:21:33 - Shutdown Complete 
2024-09-12 15:30:01 - Passed Sunrise 
2024-09-12 15:30:01 - Error in checking rc log shutting down
2024-09-12 15:30:01 - Shutting Down Camera 
2024-09-12 15:31:31 - Shut down camera Successful 
2024-09-12 15:31:31 - CTM complete. Powering Down MagnaPS 
2024-09-12 15:31:33 - Shutdown Complete 
2024-09-12 15:40:01 - Passed Sunrise 
2024-09-12 15:40:01 - Error in checking rc log shutting down
2024-09-12 15:40:01 - Shutting Down Camera 
2024-09-12 15:41:31 - Shut down camera Successful 
2024-09-12 15:41:31 - CTM complete. Powering Down MagnaPS 
2024-09-12 15:41:33 - Shutdown Complete 
2024-09-12 15:50:01 - Passed Sunrise 
2024-09-12 15:50:01 - Error in checking rc log shutting down
2024-09-12 15:50:01 - Shutting Down Camera 
2024-09-12 15:51:31 - Shut down camera Successful 
2024-09-12 15:51:31 - CTM complete. Powering Down MagnaPS 
2024-09-12 15:51:33 - Shutdown Complete 
2024-09-12 16:00:01 - Passed Sunrise 
2024-09-12 16:00:01 - Error in checking rc log shutting down
2024-09-12 16:00:01 - Shutting Down Camera 
2024-09-12 16:01:31 - Shut down camera Successful 
2024-09-12 16:01:31 - CTM complete. Powering Down MagnaPS 
2024-09-12 16:01:33 - Shutdown Complete 
2024-09-12 16:10:01 - Passed Sunrise 
2024-09-12 16:10:01 - Error in checking rc log shutting down
2024-09-12 16:10:01 - Shutting Down Camera 
2024-09-12 16:11:31 - Shut down camera Successful 
2024-09-12 16:11:31 - CTM complete. Powering Down MagnaPS 
2024-09-12 16:11:33 - Shutdown Complete 
2024-09-12 16:20:01 - Passed Sunrise 
2024-09-12 16:20:01 - Error in checking rc log shutting down
2024-09-12 16:20:01 - Shutting Down Camera 
2024-09-12 16:21:31 - Shut down camera Successful 
2024-09-12 16:21:31 - CTM complete. Powering Down MagnaPS 
2024-09-12 16:21:33 - Shutdown Complete 
2024-09-12 16:30:01 - Passed Sunrise 
2024-09-12 16:30:01 - Error in checking rc log shutting down
2024-09-12 16:30:01 - Shutting Down Camera 
2024-09-12 16:31:31 - Shut down camera Successful 
2024-09-12 16:31:31 - CTM complete. Powering Down MagnaPS 
2024-09-12 16:31:34 - Shutdown Complete 
2024-09-12 16:40:01 - Passed Sunrise 
2024-09-12 16:40:01 - Error in checking rc log shutting down
2024-09-12 16:40:01 - Shutting Down Camera 
2024-09-12 16:41:31 - Shut down camera Successful 
2024-09-12 16:41:31 - CTM complete. Powering Down MagnaPS 
2024-09-12 16:41:33 - Shutdown Complete 
2024-09-12 16:50:01 - Passed Sunrise 
2024-09-12 16:50:01 - Error in checking rc log shutting down
2024-09-12 16:50:01 - Shutting Down Camera 
2024-09-12 16:51:31 - Shut down camera Successful 
2024-09-12 16:51:31 - CTM complete. Powering Down MagnaPS 
2024-09-12 16:51:33 - Shutdown Complete 
2024-09-12 20:01:01 - Added sunrise_time: 2024-09-13 12:24:39 
2024-09-13 10:00:01 - Before Sunrise 
2024-09-13 10:10:01 - Before Sunrise 
2024-09-13 10:20:01 - Before Sunrise 
2024-09-13 10:30:01 - Before Sunrise 
2024-09-13 10:40:01 - Before Sunrise 
2024-09-13 10:50:02 - Before Sunrise 
2024-09-13 11:00:01 - Before Sunrise 
2024-09-13 11:10:01 - Before Sunrise 
2024-09-13 11:20:01 - Before Sunrise 
2024-09-13 11:30:01 - Before Sunrise 
2024-09-13 11:40:01 - Before Sunrise 
2024-09-13 11:50:02 - Before Sunrise 
2024-09-13 12:00:01 - Before Sunrise 
2024-09-13 12:10:01 - Before Sunrise 
2024-09-13 12:20:01 - Before Sunrise 
2024-09-13 12:30:01 - Passed Sunrise 
2024-09-13 12:30:01 - Error in checking rc log shutting down
2024-09-13 12:30:01 - Shutting Down Camera 
2024-09-13 12:31:31 - Shut down camera Successful 
2024-09-13 12:31:31 - CTM complete. Powering Down MagnaPS 
2024-09-13 12:31:33 - Shutdown Complete 
2024-09-13 12:40:01 - Passed Sunrise 
2024-09-13 12:40:01 - Error in checking rc log shutting down
2024-09-13 12:40:01 - Shutting Down Camera 
2024-09-13 12:41:31 - Shut down camera Successful 
2024-09-13 12:41:31 - CTM complete. Powering Down MagnaPS 
2024-09-13 12:41:33 - Shutdown Complete 
2024-09-13 12:50:01 - Passed Sunrise 
2024-09-13 12:50:01 - Error in checking rc log shutting down
2024-09-13 12:50:01 - Shutting Down Camera 
2024-09-13 12:51:31 - Shut down camera Successful 
2024-09-13 12:51:31 - CTM complete. Powering Down MagnaPS 
2024-09-13 12:51:33 - Shutdown Complete 
2024-09-13 13:00:01 - Passed Sunrise 
2024-09-13 13:00:01 - Error in checking rc log shutting down
2024-09-13 13:00:01 - Shutting Down Camera 
2024-09-13 13:01:31 - Shut down camera Successful 
2024-09-13 13:01:31 - CTM complete. Powering Down MagnaPS 
2024-09-13 13:01:33 - Shutdown Complete 
2024-09-13 13:10:01 - Passed Sunrise 
2024-09-13 13:10:01 - Error in checking rc log shutting down
2024-09-13 13:10:01 - Shutting Down Camera 
2024-09-13 13:11:31 - Shut down camera Successful 
2024-09-13 13:11:31 - CTM complete. Powering Down MagnaPS 
2024-09-13 13:11:33 - Shutdown Complete 
2024-09-13 13:20:01 - Passed Sunrise 
2024-09-13 13:20:01 - Error in checking rc log shutting down
2024-09-13 13:20:01 - Shutting Down Camera 
2024-09-13 13:21:31 - Shut down camera Successful 
2024-09-13 13:21:31 - CTM complete. Powering Down MagnaPS 
2024-09-13 13:21:33 - Shutdown Complete 
2024-09-13 13:30:01 - Passed Sunrise 
2024-09-13 13:30:01 - Error in checking rc log shutting down
2024-09-13 13:30:01 - Shutting Down Camera 
2024-09-13 13:31:31 - Shut down camera Successful 
2024-09-13 13:31:31 - CTM complete. Powering Down MagnaPS 
2024-09-13 13:31:33 - Shutdown Complete 
2024-09-13 13:40:02 - Passed Sunrise 
2024-09-13 13:40:02 - Error in checking rc log shutting down
2024-09-13 13:40:02 - Shutting Down Camera 
2024-09-13 13:41:32 - Shut down camera Successful 
2024-09-13 13:41:32 - CTM complete. Powering Down MagnaPS 
2024-09-13 13:41:34 - Shutdown Complete 
2024-09-13 13:50:01 - Passed Sunrise 
2024-09-13 13:50:01 - Error in checking rc log shutting down
2024-09-13 13:50:01 - Shutting Down Camera 
2024-09-13 13:51:31 - Shut down camera Successful 
2024-09-13 13:51:31 - CTM complete. Powering Down MagnaPS 
2024-09-13 13:51:33 - Shutdown Complete 
2024-09-13 14:00:01 - Passed Sunrise 
2024-09-13 14:00:01 - Error in checking rc log shutting down
2024-09-13 14:00:01 - Shutting Down Camera 
2024-09-13 14:01:31 - Shut down camera Successful 
2024-09-13 14:01:31 - CTM complete. Powering Down MagnaPS 
2024-09-13 14:01:33 - Shutdown Complete 
2024-09-13 14:10:01 - Passed Sunrise 
2024-09-13 14:10:01 - Error in checking rc log shutting down
2024-09-13 14:10:01 - Shutting Down Camera 
2024-09-13 14:11:31 - Shut down camera Successful 
2024-09-13 14:11:31 - CTM complete. Powering Down MagnaPS 
2024-09-13 14:11:33 - Shutdown Complete 
2024-09-13 14:20:01 - Passed Sunrise 
2024-09-13 14:20:01 - Error in checking rc log shutting down
2024-09-13 14:20:01 - Shutting Down Camera 
2024-09-13 14:21:31 - Shut down camera Successful 
2024-09-13 14:21:31 - CTM complete. Powering Down MagnaPS 
2024-09-13 14:21:34 - Shutdown Complete 
2024-09-13 14:30:01 - Passed Sunrise 
2024-09-13 14:30:01 - Error in checking rc log shutting down
2024-09-13 14:30:01 - Shutting Down Camera 
2024-09-13 14:31:31 - Shut down camera Successful 
2024-09-13 14:31:31 - CTM complete. Powering Down MagnaPS 
2024-09-13 14:31:33 - Shutdown Complete 
2024-09-13 14:40:01 - Passed Sunrise 
2024-09-13 14:40:01 - Error in checking rc log shutting down
2024-09-13 14:40:01 - Shutting Down Camera 
2024-09-13 14:41:31 - Shut down camera Successful 
2024-09-13 14:41:31 - CTM complete. Powering Down MagnaPS 
2024-09-13 14:41:33 - Shutdown Complete 
2024-09-13 14:50:01 - Passed Sunrise 
2024-09-13 14:50:01 - Error in checking rc log shutting down
2024-09-13 14:50:01 - Shutting Down Camera 
2024-09-13 14:51:31 - Shut down camera Successful 
2024-09-13 14:51:31 - CTM complete. Powering Down MagnaPS 
2024-09-13 14:51:33 - Shutdown Complete 
2024-09-13 15:00:01 - Passed Sunrise 
2024-09-13 15:00:01 - Error in checking rc log shutting down
2024-09-13 15:00:01 - Shutting Down Camera 
2024-09-13 15:01:31 - Shut down camera Successful 
2024-09-13 15:01:31 - CTM complete. Powering Down MagnaPS 
2024-09-13 15:01:33 - Shutdown Complete 
2024-09-13 15:10:01 - Passed Sunrise 
2024-09-13 15:10:01 - Error in checking rc log shutting down
2024-09-13 15:10:01 - Shutting Down Camera 
2024-09-13 15:11:31 - Shut down camera Successful 
2024-09-13 15:11:31 - CTM complete. Powering Down MagnaPS 
2024-09-13 15:11:33 - Shutdown Complete 
2024-09-13 15:20:01 - Passed Sunrise 
2024-09-13 15:20:01 - Error in checking rc log shutting down
2024-09-13 15:20:01 - Shutting Down Camera 
2024-09-13 15:21:31 - Shut down camera Successful 
2024-09-13 15:21:31 - CTM complete. Powering Down MagnaPS 
2024-09-13 15:21:33 - Shutdown Complete 
2024-09-13 15:30:01 - Passed Sunrise 
2024-09-13 15:30:01 - Error in checking rc log shutting down
2024-09-13 15:30:01 - Shutting Down Camera 
2024-09-13 15:31:31 - Shut down camera Successful 
2024-09-13 15:31:31 - CTM complete. Powering Down MagnaPS 
2024-09-13 15:31:33 - Shutdown Complete 
2024-09-13 15:40:01 - Passed Sunrise 
2024-09-13 15:40:01 - Error in checking rc log shutting down
2024-09-13 15:40:01 - Shutting Down Camera 
2024-09-13 15:41:31 - Shut down camera Successful 
2024-09-13 15:41:31 - CTM complete. Powering Down MagnaPS 
2024-09-13 15:41:33 - Shutdown Complete 
2024-09-13 15:50:01 - Passed Sunrise 
2024-09-13 15:50:01 - Error in checking rc log shutting down
2024-09-13 15:50:01 - Shutting Down Camera 
2024-09-13 15:51:31 - Shut down camera Successful 
2024-09-13 15:51:31 - CTM complete. Powering Down MagnaPS 
2024-09-13 15:51:33 - Shutdown Complete 
2024-09-13 16:00:01 - Passed Sunrise 
2024-09-13 16:00:01 - Error in checking rc log shutting down
2024-09-13 16:00:01 - Shutting Down Camera 
2024-09-13 16:01:31 - Shut down camera Successful 
2024-09-13 16:01:31 - CTM complete. Powering Down MagnaPS 
2024-09-13 16:01:33 - Shutdown Complete 
2024-09-13 16:10:02 - Passed Sunrise 
2024-09-13 16:10:02 - Error in checking rc log shutting down
2024-09-13 16:10:02 - Shutting Down Camera 
2024-09-13 16:11:32 - Shut down camera Successful 
2024-09-13 16:11:32 - CTM complete. Powering Down MagnaPS 
2024-09-13 16:11:34 - Shutdown Complete 
2024-09-13 16:20:01 - Passed Sunrise 
2024-09-13 16:20:01 - Error in checking rc log shutting down
2024-09-13 16:20:01 - Shutting Down Camera 
2024-09-13 16:21:31 - Shut down camera Successful 
2024-09-13 16:21:31 - CTM complete. Powering Down MagnaPS 
2024-09-13 16:21:33 - Shutdown Complete 
2024-09-13 16:30:01 - Passed Sunrise 
2024-09-13 16:30:01 - Error in checking rc log shutting down
2024-09-13 16:30:01 - Shutting Down Camera 
2024-09-13 16:31:31 - Shut down camera Successful 
2024-09-13 16:31:31 - CTM complete. Powering Down MagnaPS 
2024-09-13 16:31:33 - Shutdown Complete 
2024-09-13 16:40:01 - Passed Sunrise 
2024-09-13 16:40:01 - Error in checking rc log shutting down
2024-09-13 16:40:01 - Shutting Down Camera 
2024-09-13 16:41:31 - Shut down camera Successful 
2024-09-13 16:41:31 - CTM complete. Powering Down MagnaPS 
2024-09-13 16:41:33 - Shutdown Complete 
2024-09-13 16:50:01 - Passed Sunrise 
2024-09-13 16:50:01 - Error in checking rc log shutting down
2024-09-13 16:50:01 - Shutting Down Camera 
2024-09-13 16:51:31 - Shut down camera Successful 
2024-09-13 16:51:31 - CTM complete. Powering Down MagnaPS 
2024-09-13 16:51:33 - Shutdown Complete 
2024-09-13 20:01:01 - Added sunrise_time: 2024-09-14 12:25:35 
2024-09-14 10:00:01 - Before Sunrise 
2024-09-14 10:10:01 - Before Sunrise 
2024-09-14 10:20:01 - Before Sunrise 
2024-09-14 10:30:01 - Before Sunrise 
2024-09-14 10:40:01 - Before Sunrise 
2024-09-14 10:50:01 - Before Sunrise 
2024-09-14 11:00:01 - Before Sunrise 
2024-09-14 11:10:01 - Before Sunrise 
2024-09-14 11:20:01 - Before Sunrise 
2024-09-14 11:30:01 - Before Sunrise 
2024-09-14 11:40:01 - Before Sunrise 
2024-09-14 11:50:01 - Before Sunrise 
2024-09-14 12:00:01 - Before Sunrise 
2024-09-14 12:10:02 - Before Sunrise 
2024-09-14 12:20:01 - Before Sunrise 
2024-09-14 12:30:01 - Passed Sunrise 
2024-09-14 12:30:01 - Error in checking rc log shutting down
2024-09-14 12:30:01 - Shutting Down Camera 
2024-09-14 12:31:31 - Shut down camera Successful 
2024-09-14 12:31:31 - CTM complete. Powering Down MagnaPS 
2024-09-14 12:31:33 - Shutdown Complete 
2024-09-14 12:40:01 - Passed Sunrise 
2024-09-14 12:40:01 - Error in checking rc log shutting down
2024-09-14 12:40:01 - Shutting Down Camera 
2024-09-14 12:41:31 - Shut down camera Successful 
2024-09-14 12:41:31 - CTM complete. Powering Down MagnaPS 
2024-09-14 12:41:33 - Shutdown Complete 
2024-09-14 12:50:02 - Passed Sunrise 
2024-09-14 12:50:02 - Error in checking rc log shutting down
2024-09-14 12:50:02 - Shutting Down Camera 
2024-09-14 12:51:32 - Shut down camera Successful 
2024-09-14 12:51:32 - CTM complete. Powering Down MagnaPS 
2024-09-14 12:51:34 - Shutdown Complete 
2024-09-14 13:00:01 - Passed Sunrise 
2024-09-14 13:00:01 - Error in checking rc log shutting down
2024-09-14 13:00:01 - Shutting Down Camera 
2024-09-14 13:01:31 - Shut down camera Successful 
2024-09-14 13:01:31 - CTM complete. Powering Down MagnaPS 
2024-09-14 13:01:33 - Shutdown Complete 
2024-09-14 13:10:01 - Passed Sunrise 
2024-09-14 13:10:01 - Error in checking rc log shutting down
2024-09-14 13:10:01 - Shutting Down Camera 
2024-09-14 13:11:31 - Shut down camera Successful 
2024-09-14 13:11:31 - CTM complete. Powering Down MagnaPS 
2024-09-14 13:11:33 - Shutdown Complete 
2024-09-14 13:20:01 - Passed Sunrise 
2024-09-14 13:20:01 - Error in checking rc log shutting down
2024-09-14 13:20:01 - Shutting Down Camera 
2024-09-14 13:21:31 - Shut down camera Successful 
2024-09-14 13:21:31 - CTM complete. Powering Down MagnaPS 
2024-09-14 13:21:33 - Shutdown Complete 
2024-09-14 13:30:01 - Passed Sunrise 
2024-09-14 13:30:01 - Error in checking rc log shutting down
2024-09-14 13:30:01 - Shutting Down Camera 
2024-09-14 13:31:31 - Shut down camera Successful 
2024-09-14 13:31:31 - CTM complete. Powering Down MagnaPS 
2024-09-14 13:31:33 - Shutdown Complete 
2024-09-14 13:40:02 - Passed Sunrise 
2024-09-14 13:40:02 - Error in checking rc log shutting down
2024-09-14 13:40:02 - Shutting Down Camera 
2024-09-14 13:41:32 - Shut down camera Successful 
2024-09-14 13:41:32 - CTM complete. Powering Down MagnaPS 
2024-09-14 13:41:34 - Shutdown Complete 
2024-09-14 13:50:01 - Passed Sunrise 
2024-09-14 13:50:01 - Error in checking rc log shutting down
2024-09-14 13:50:01 - Shutting Down Camera 
2024-09-14 13:51:31 - Shut down camera Successful 
2024-09-14 13:51:31 - CTM complete. Powering Down MagnaPS 
2024-09-14 13:51:33 - Shutdown Complete 
2024-09-14 14:00:01 - Passed Sunrise 
2024-09-14 14:00:01 - Error in checking rc log shutting down
2024-09-14 14:00:01 - Shutting Down Camera 
2024-09-14 14:01:31 - Shut down camera Successful 
2024-09-14 14:01:31 - CTM complete. Powering Down MagnaPS 
2024-09-14 14:01:33 - Shutdown Complete 
2024-09-14 14:10:01 - Passed Sunrise 
2024-09-14 14:10:01 - Error in checking rc log shutting down
2024-09-14 14:10:01 - Shutting Down Camera 
2024-09-14 14:11:31 - Shut down camera Successful 
2024-09-14 14:11:31 - CTM complete. Powering Down MagnaPS 
2024-09-14 14:11:33 - Shutdown Complete 
2024-09-14 14:20:01 - Passed Sunrise 
2024-09-14 14:20:01 - Error in checking rc log shutting down
2024-09-14 14:20:01 - Shutting Down Camera 
2024-09-14 14:21:31 - Shut down camera Successful 
2024-09-14 14:21:31 - CTM complete. Powering Down MagnaPS 
2024-09-14 14:21:33 - Shutdown Complete 
2024-09-14 14:30:01 - Passed Sunrise 
2024-09-14 14:30:01 - Error in checking rc log shutting down
2024-09-14 14:30:01 - Shutting Down Camera 
2024-09-14 14:31:31 - Shut down camera Successful 
2024-09-14 14:31:31 - CTM complete. Powering Down MagnaPS 
2024-09-14 14:31:33 - Shutdown Complete 
2024-09-14 14:40:01 - Passed Sunrise 
2024-09-14 14:40:01 - Error in checking rc log shutting down
2024-09-14 14:40:01 - Shutting Down Camera 
2024-09-14 14:41:31 - Shut down camera Successful 
2024-09-14 14:41:31 - CTM complete. Powering Down MagnaPS 
2024-09-14 14:41:33 - Shutdown Complete 
2024-09-14 14:50:01 - Passed Sunrise 
2024-09-14 14:50:01 - Error in checking rc log shutting down
2024-09-14 14:50:01 - Shutting Down Camera 
2024-09-14 14:51:31 - Shut down camera Successful 
2024-09-14 14:51:31 - CTM complete. Powering Down MagnaPS 
2024-09-14 14:51:33 - Shutdown Complete 
2024-09-14 15:00:01 - Passed Sunrise 
2024-09-14 15:00:01 - Error in checking rc log shutting down
2024-09-14 15:00:01 - Shutting Down Camera 
2024-09-14 15:01:31 - Shut down camera Successful 
2024-09-14 15:01:31 - CTM complete. Powering Down MagnaPS 
2024-09-14 15:01:33 - Shutdown Complete 
2024-09-14 15:10:01 - Passed Sunrise 
2024-09-14 15:10:01 - Error in checking rc log shutting down
2024-09-14 15:10:01 - Shutting Down Camera 
2024-09-14 15:11:31 - Shut down camera Successful 
2024-09-14 15:11:31 - CTM complete. Powering Down MagnaPS 
2024-09-14 15:11:33 - Shutdown Complete 
2024-09-14 15:20:01 - Passed Sunrise 
2024-09-14 15:20:01 - Error in checking rc log shutting down
2024-09-14 15:20:01 - Shutting Down Camera 
2024-09-14 15:21:31 - Shut down camera Successful 
2024-09-14 15:21:31 - CTM complete. Powering Down MagnaPS 
2024-09-14 15:21:33 - Shutdown Complete 
2024-09-14 15:30:01 - Passed Sunrise 
2024-09-14 15:30:01 - Error in checking rc log shutting down
2024-09-14 15:30:01 - Shutting Down Camera 
2024-09-14 15:31:31 - Shut down camera Successful 
2024-09-14 15:31:31 - CTM complete. Powering Down MagnaPS 
2024-09-14 15:31:33 - Shutdown Complete 
2024-09-14 15:40:01 - Passed Sunrise 
2024-09-14 15:40:01 - Error in checking rc log shutting down
2024-09-14 15:40:01 - Shutting Down Camera 
2024-09-14 15:41:31 - Shut down camera Successful 
2024-09-14 15:41:31 - CTM complete. Powering Down MagnaPS 
2024-09-14 15:41:33 - Shutdown Complete 
2024-09-14 15:50:01 - Passed Sunrise 
2024-09-14 15:50:01 - Error in checking rc log shutting down
2024-09-14 15:50:01 - Shutting Down Camera 
2024-09-14 15:51:31 - Shut down camera Successful 
2024-09-14 15:51:31 - CTM complete. Powering Down MagnaPS 
2024-09-14 15:51:33 - Shutdown Complete 
2024-09-14 16:00:01 - Passed Sunrise 
2024-09-14 16:00:01 - Error in checking rc log shutting down
2024-09-14 16:00:01 - Shutting Down Camera 
2024-09-14 16:01:31 - Shut down camera Successful 
2024-09-14 16:01:31 - CTM complete. Powering Down MagnaPS 
2024-09-14 16:01:33 - Shutdown Complete 
2024-09-14 16:10:01 - Passed Sunrise 
2024-09-14 16:10:01 - Error in checking rc log shutting down
2024-09-14 16:10:01 - Shutting Down Camera 
2024-09-14 16:11:32 - Shut down camera Successful 
2024-09-14 16:11:32 - CTM complete. Powering Down MagnaPS 
2024-09-14 16:11:34 - Shutdown Complete 
2024-09-14 16:20:01 - Passed Sunrise 
2024-09-14 16:20:01 - Error in checking rc log shutting down
2024-09-14 16:20:01 - Shutting Down Camera 
2024-09-14 16:21:31 - Shut down camera Successful 
2024-09-14 16:21:31 - CTM complete. Powering Down MagnaPS 
2024-09-14 16:21:33 - Shutdown Complete 
2024-09-14 16:30:01 - Passed Sunrise 
2024-09-14 16:30:01 - Error in checking rc log shutting down
2024-09-14 16:30:01 - Shutting Down Camera 
2024-09-14 16:31:31 - Shut down camera Successful 
2024-09-14 16:31:31 - CTM complete. Powering Down MagnaPS 
2024-09-14 16:31:33 - Shutdown Complete 
2024-09-14 16:40:01 - Passed Sunrise 
2024-09-14 16:40:01 - Error in checking rc log shutting down
2024-09-14 16:40:01 - Shutting Down Camera 
2024-09-14 16:41:31 - Shut down camera Successful 
2024-09-14 16:41:31 - CTM complete. Powering Down MagnaPS 
2024-09-14 16:41:33 - Shutdown Complete 
2024-09-14 16:50:01 - Passed Sunrise 
2024-09-14 16:50:01 - Error in checking rc log shutting down
2024-09-14 16:50:01 - Shutting Down Camera 
2024-09-14 16:51:31 - Shut down camera Successful 
2024-09-14 16:51:31 - CTM complete. Powering Down MagnaPS 
2024-09-14 16:51:33 - Shutdown Complete 
2024-09-14 20:01:01 - Added sunrise_time: 2024-09-15 12:26:31 
2024-09-15 10:00:01 - Before Sunrise 
2024-09-15 10:10:01 - Before Sunrise 
2024-09-15 10:20:01 - Before Sunrise 
2024-09-15 10:30:01 - Before Sunrise 
2024-09-15 10:40:01 - Before Sunrise 
2024-09-15 10:50:01 - Before Sunrise 
2024-09-15 11:00:01 - Before Sunrise 
2024-09-15 11:10:01 - Before Sunrise 
2024-09-15 11:20:01 - Before Sunrise 
2024-09-15 11:30:01 - Before Sunrise 
2024-09-15 11:40:01 - Before Sunrise 
2024-09-15 11:50:01 - Before Sunrise 
2024-09-15 12:00:01 - Before Sunrise 
2024-09-15 12:10:01 - Before Sunrise 
2024-09-15 12:20:01 - Before Sunrise 
2024-09-15 12:30:01 - Passed Sunrise 
2024-09-15 12:30:01 - Error in checking rc log shutting down
2024-09-15 12:30:01 - Shutting Down Camera 
2024-09-15 12:31:31 - Shut down camera Successful 
2024-09-15 12:31:31 - CTM complete. Powering Down MagnaPS 
2024-09-15 12:31:33 - Shutdown Complete 
2024-09-15 12:40:01 - Passed Sunrise 
2024-09-15 12:40:01 - Error in checking rc log shutting down
2024-09-15 12:40:01 - Shutting Down Camera 
2024-09-15 12:41:31 - Shut down camera Successful 
2024-09-15 12:41:31 - CTM complete. Powering Down MagnaPS 
2024-09-15 12:41:33 - Shutdown Complete 
2024-09-15 12:50:01 - Passed Sunrise 
2024-09-15 12:50:01 - Error in checking rc log shutting down
2024-09-15 12:50:01 - Shutting Down Camera 
2024-09-15 12:51:31 - Shut down camera Successful 
2024-09-15 12:51:31 - CTM complete. Powering Down MagnaPS 
2024-09-15 12:51:33 - Shutdown Complete 
2024-09-15 13:00:01 - Passed Sunrise 
2024-09-15 13:00:01 - Error in checking rc log shutting down
2024-09-15 13:00:01 - Shutting Down Camera 
2024-09-15 13:01:31 - Shut down camera Successful 
2024-09-15 13:01:31 - CTM complete. Powering Down MagnaPS 
2024-09-15 13:01:33 - Shutdown Complete 
2024-09-15 13:10:01 - Passed Sunrise 
2024-09-15 13:10:01 - Error in checking rc log shutting down
2024-09-15 13:10:01 - Shutting Down Camera 
2024-09-15 13:11:32 - Shut down camera Successful 
2024-09-15 13:11:32 - CTM complete. Powering Down MagnaPS 
2024-09-15 13:11:34 - Shutdown Complete 
2024-09-15 13:20:01 - Passed Sunrise 
2024-09-15 13:20:01 - Error in checking rc log shutting down
2024-09-15 13:20:01 - Shutting Down Camera 
2024-09-15 13:21:31 - Shut down camera Successful 
2024-09-15 13:21:31 - CTM complete. Powering Down MagnaPS 
2024-09-15 13:21:33 - Shutdown Complete 
2024-09-15 13:30:01 - Passed Sunrise 
2024-09-15 13:30:01 - Error in checking rc log shutting down
2024-09-15 13:30:01 - Shutting Down Camera 
2024-09-15 13:31:31 - Shut down camera Successful 
2024-09-15 13:31:31 - CTM complete. Powering Down MagnaPS 
2024-09-15 13:31:33 - Shutdown Complete 
2024-09-15 13:40:01 - Passed Sunrise 
2024-09-15 13:40:01 - Error in checking rc log shutting down
2024-09-15 13:40:01 - Shutting Down Camera 
2024-09-15 13:41:31 - Shut down camera Successful 
2024-09-15 13:41:31 - CTM complete. Powering Down MagnaPS 
2024-09-15 13:41:33 - Shutdown Complete 
2024-09-15 13:50:01 - Passed Sunrise 
2024-09-15 13:50:01 - Error in checking rc log shutting down
2024-09-15 13:50:01 - Shutting Down Camera 
2024-09-15 13:51:31 - Shut down camera Successful 
2024-09-15 13:51:31 - CTM complete. Powering Down MagnaPS 
2024-09-15 13:51:33 - Shutdown Complete 
2024-09-15 14:00:02 - Passed Sunrise 
2024-09-15 14:00:02 - Error in checking rc log shutting down
2024-09-15 14:00:02 - Shutting Down Camera 
2024-09-15 14:01:32 - Shut down camera Successful 
2024-09-15 14:01:32 - CTM complete. Powering Down MagnaPS 
2024-09-15 14:01:34 - Shutdown Complete 
2024-09-15 14:10:01 - Passed Sunrise 
2024-09-15 14:10:01 - Error in checking rc log shutting down
2024-09-15 14:10:01 - Shutting Down Camera 
2024-09-15 14:11:31 - Shut down camera Successful 
2024-09-15 14:11:31 - CTM complete. Powering Down MagnaPS 
2024-09-15 14:11:33 - Shutdown Complete 
2024-09-15 14:20:01 - Passed Sunrise 
2024-09-15 14:20:01 - Error in checking rc log shutting down
2024-09-15 14:20:01 - Shutting Down Camera 
2024-09-15 14:21:31 - Shut down camera Successful 
2024-09-15 14:21:31 - CTM complete. Powering Down MagnaPS 
2024-09-15 14:21:33 - Shutdown Complete 
2024-09-15 14:30:01 - Passed Sunrise 
2024-09-15 14:30:01 - Error in checking rc log shutting down
2024-09-15 14:30:01 - Shutting Down Camera 
2024-09-15 14:31:31 - Shut down camera Successful 
2024-09-15 14:31:31 - CTM complete. Powering Down MagnaPS 
2024-09-15 14:31:33 - Shutdown Complete 
2024-09-15 14:40:01 - Passed Sunrise 
2024-09-15 14:40:01 - Error in checking rc log shutting down
2024-09-15 14:40:01 - Shutting Down Camera 
2024-09-15 14:41:31 - Shut down camera Successful 
2024-09-15 14:41:31 - CTM complete. Powering Down MagnaPS 
2024-09-15 14:41:33 - Shutdown Complete 
2024-09-15 14:50:01 - Passed Sunrise 
2024-09-15 14:50:01 - Error in checking rc log shutting down
2024-09-15 14:50:01 - Shutting Down Camera 
2024-09-15 14:51:31 - Shut down camera Successful 
2024-09-15 14:51:31 - CTM complete. Powering Down MagnaPS 
2024-09-15 14:51:33 - Shutdown Complete 
2024-09-15 15:00:01 - Passed Sunrise 
2024-09-15 15:00:01 - Error in checking rc log shutting down
2024-09-15 15:00:01 - Shutting Down Camera 
2024-09-15 15:01:31 - Shut down camera Successful 
2024-09-15 15:01:31 - CTM complete. Powering Down MagnaPS 
2024-09-15 15:01:33 - Shutdown Complete 
2024-09-15 15:10:01 - Passed Sunrise 
2024-09-15 15:10:01 - Error in checking rc log shutting down
2024-09-15 15:10:01 - Shutting Down Camera 
2024-09-15 15:11:31 - Shut down camera Successful 
2024-09-15 15:11:31 - CTM complete. Powering Down MagnaPS 
2024-09-15 15:11:33 - Shutdown Complete 
2024-09-15 15:20:01 - Passed Sunrise 
2024-09-15 15:20:01 - Error in checking rc log shutting down
2024-09-15 15:20:01 - Shutting Down Camera 
2024-09-15 15:21:31 - Shut down camera Successful 
2024-09-15 15:21:31 - CTM complete. Powering Down MagnaPS 
2024-09-15 15:21:33 - Shutdown Complete 
2024-09-15 15:30:01 - Passed Sunrise 
2024-09-15 15:30:01 - Error in checking rc log shutting down
2024-09-15 15:30:01 - Shutting Down Camera 
2024-09-15 15:31:31 - Shut down camera Successful 
2024-09-15 15:31:31 - CTM complete. Powering Down MagnaPS 
2024-09-15 15:31:33 - Shutdown Complete 
2024-09-15 15:40:01 - Passed Sunrise 
2024-09-15 15:40:01 - Error in checking rc log shutting down
2024-09-15 15:40:01 - Shutting Down Camera 
2024-09-15 15:41:31 - Shut down camera Successful 
2024-09-15 15:41:31 - CTM complete. Powering Down MagnaPS 
2024-09-15 15:41:34 - Shutdown Complete 
2024-09-15 15:50:01 - Passed Sunrise 
2024-09-15 15:50:01 - Error in checking rc log shutting down
2024-09-15 15:50:01 - Shutting Down Camera 
2024-09-15 15:51:31 - Shut down camera Successful 
2024-09-15 15:51:31 - CTM complete. Powering Down MagnaPS 
2024-09-15 15:51:33 - Shutdown Complete 
2024-09-15 16:00:01 - Passed Sunrise 
2024-09-15 16:00:01 - Error in checking rc log shutting down
2024-09-15 16:00:01 - Shutting Down Camera 
2024-09-15 16:01:31 - Shut down camera Successful 
2024-09-15 16:01:31 - CTM complete. Powering Down MagnaPS 
2024-09-15 16:01:33 - Shutdown Complete 
2024-09-15 16:10:01 - Passed Sunrise 
2024-09-15 16:10:01 - Error in checking rc log shutting down
2024-09-15 16:10:01 - Shutting Down Camera 
2024-09-15 16:11:31 - Shut down camera Successful 
2024-09-15 16:11:31 - CTM complete. Powering Down MagnaPS 
2024-09-15 16:11:33 - Shutdown Complete 
2024-09-15 16:20:01 - Passed Sunrise 
2024-09-15 16:20:01 - Error in checking rc log shutting down
2024-09-15 16:20:01 - Shutting Down Camera 
2024-09-15 16:21:31 - Shut down camera Successful 
2024-09-15 16:21:31 - CTM complete. Powering Down MagnaPS 
2024-09-15 16:21:33 - Shutdown Complete 
2024-09-15 16:30:01 - Passed Sunrise 
2024-09-15 16:30:01 - Error in checking rc log shutting down
2024-09-15 16:30:01 - Shutting Down Camera 
2024-09-15 16:31:32 - Shut down camera Successful 
2024-09-15 16:31:32 - CTM complete. Powering Down MagnaPS 
2024-09-15 16:31:34 - Shutdown Complete 
2024-09-15 16:40:01 - Passed Sunrise 
2024-09-15 16:40:01 - Error in checking rc log shutting down
2024-09-15 16:40:01 - Shutting Down Camera 
2024-09-15 16:41:31 - Shut down camera Successful 
2024-09-15 16:41:31 - CTM complete. Powering Down MagnaPS 
2024-09-15 16:41:33 - Shutdown Complete 
2024-09-15 16:50:01 - Passed Sunrise 
2024-09-15 16:50:01 - Error in checking rc log shutting down
2024-09-15 16:50:01 - Shutting Down Camera 
2024-09-15 16:51:31 - Shut down camera Successful 
2024-09-15 16:51:31 - CTM complete. Powering Down MagnaPS 
2024-09-15 16:51:33 - Shutdown Complete 
2024-09-15 20:01:01 - Added sunrise_time: 2024-09-16 12:27:27 
2024-09-16 10:00:01 - Before Sunrise 
2024-09-16 10:10:01 - Before Sunrise 
2024-09-16 10:20:01 - Before Sunrise 
2024-09-16 10:30:01 - Before Sunrise 
2024-09-16 10:40:01 - Before Sunrise 
2024-09-16 10:50:01 - Before Sunrise 
2024-09-16 11:00:01 - Before Sunrise 
2024-09-16 11:10:01 - Before Sunrise 
2024-09-16 11:20:01 - Before Sunrise 
2024-09-16 11:30:01 - Before Sunrise 
2024-09-16 11:40:01 - Before Sunrise 
2024-09-16 11:50:01 - Before Sunrise 
2024-09-16 12:00:01 - Before Sunrise 
2024-09-16 12:10:01 - Before Sunrise 
2024-09-16 12:20:01 - Before Sunrise 
2024-09-16 12:30:01 - Passed Sunrise 
2024-09-16 12:30:01 - Error in checking rc log shutting down
2024-09-16 12:30:01 - Shutting Down Camera 
2024-09-16 12:31:31 - Shut down camera Successful 
2024-09-16 12:31:31 - CTM complete. Powering Down MagnaPS 
2024-09-16 12:31:33 - Shutdown Complete 
2024-09-16 12:40:01 - Passed Sunrise 
2024-09-16 12:40:01 - Error in checking rc log shutting down
2024-09-16 12:40:01 - Shutting Down Camera 
2024-09-16 12:41:31 - Shut down camera Successful 
2024-09-16 12:41:31 - CTM complete. Powering Down MagnaPS 
2024-09-16 12:41:33 - Shutdown Complete 
2024-09-16 12:50:01 - Passed Sunrise 
2024-09-16 12:50:01 - Error in checking rc log shutting down
2024-09-16 12:50:01 - Shutting Down Camera 
2024-09-16 12:51:31 - Shut down camera Successful 
2024-09-16 12:51:31 - CTM complete. Powering Down MagnaPS 
2024-09-16 12:51:33 - Shutdown Complete 
2024-09-16 13:00:01 - Passed Sunrise 
2024-09-16 13:00:01 - Error in checking rc log shutting down
2024-09-16 13:00:01 - Shutting Down Camera 
2024-09-16 13:01:31 - Shut down camera Successful 
2024-09-16 13:01:31 - CTM complete. Powering Down MagnaPS 
2024-09-16 13:01:33 - Shutdown Complete 
2024-09-16 13:10:01 - Passed Sunrise 
2024-09-16 13:10:01 - Error in checking rc log shutting down
2024-09-16 13:10:01 - Shutting Down Camera 
2024-09-16 13:11:32 - Shut down camera Successful 
2024-09-16 13:11:32 - CTM complete. Powering Down MagnaPS 
2024-09-16 13:11:34 - Shutdown Complete 
2024-09-16 13:20:01 - Passed Sunrise 
2024-09-16 13:20:01 - Error in checking rc log shutting down
2024-09-16 13:20:01 - Shutting Down Camera 
2024-09-16 13:21:31 - Shut down camera Successful 
2024-09-16 13:21:31 - CTM complete. Powering Down MagnaPS 
2024-09-16 13:21:33 - Shutdown Complete 
2024-09-16 13:30:01 - Passed Sunrise 
2024-09-16 13:30:01 - Error in checking rc log shutting down
2024-09-16 13:30:01 - Shutting Down Camera 
2024-09-16 13:31:31 - Shut down camera Successful 
2024-09-16 13:31:31 - CTM complete. Powering Down MagnaPS 
2024-09-16 13:31:33 - Shutdown Complete 
2024-09-16 13:40:01 - Passed Sunrise 
2024-09-16 13:40:01 - Error in checking rc log shutting down
2024-09-16 13:40:01 - Shutting Down Camera 
2024-09-16 13:41:31 - Shut down camera Successful 
2024-09-16 13:41:31 - CTM complete. Powering Down MagnaPS 
2024-09-16 13:41:33 - Shutdown Complete 
2024-09-16 13:50:01 - Passed Sunrise 
2024-09-16 13:50:01 - Error in checking rc log shutting down
2024-09-16 13:50:01 - Shutting Down Camera 
2024-09-16 13:51:31 - Shut down camera Successful 
2024-09-16 13:51:31 - CTM complete. Powering Down MagnaPS 
2024-09-16 13:51:33 - Shutdown Complete 
2024-09-16 14:00:02 - Passed Sunrise 
2024-09-16 14:00:02 - Error in checking rc log shutting down
2024-09-16 14:00:02 - Shutting Down Camera 
2024-09-16 14:01:32 - Shut down camera Successful 
2024-09-16 14:01:32 - CTM complete. Powering Down MagnaPS 
2024-09-16 14:01:34 - Shutdown Complete 
2024-09-16 14:10:01 - Passed Sunrise 
2024-09-16 14:10:01 - Error in checking rc log shutting down
2024-09-16 14:10:01 - Shutting Down Camera 
2024-09-16 14:11:31 - Shut down camera Successful 
2024-09-16 14:11:31 - CTM complete. Powering Down MagnaPS 
2024-09-16 14:11:33 - Shutdown Complete 
2024-09-16 14:20:01 - Passed Sunrise 
2024-09-16 14:20:01 - Error in checking rc log shutting down
2024-09-16 14:20:01 - Shutting Down Camera 
2024-09-16 14:21:31 - Shut down camera Successful 
2024-09-16 14:21:31 - CTM complete. Powering Down MagnaPS 
2024-09-16 14:21:33 - Shutdown Complete 
2024-09-16 14:30:01 - Passed Sunrise 
2024-09-16 14:30:01 - Error in checking rc log shutting down
2024-09-16 14:30:01 - Shutting Down Camera 
2024-09-16 14:31:31 - Shut down camera Successful 
2024-09-16 14:31:31 - CTM complete. Powering Down MagnaPS 
2024-09-16 14:31:33 - Shutdown Complete 
2024-09-16 14:40:01 - Passed Sunrise 
2024-09-16 14:40:01 - Error in checking rc log shutting down
2024-09-16 14:40:01 - Shutting Down Camera 
2024-09-16 14:41:31 - Shut down camera Successful 
2024-09-16 14:41:31 - CTM complete. Powering Down MagnaPS 
2024-09-16 14:41:33 - Shutdown Complete 
2024-09-16 14:50:01 - Passed Sunrise 
2024-09-16 14:50:01 - Error in checking rc log shutting down
2024-09-16 14:50:01 - Shutting Down Camera 
2024-09-16 14:51:31 - Shut down camera Successful 
2024-09-16 14:51:31 - CTM complete. Powering Down MagnaPS 
2024-09-16 14:51:33 - Shutdown Complete 
2024-09-16 15:00:01 - Passed Sunrise 
2024-09-16 15:00:01 - Error in checking rc log shutting down
2024-09-16 15:00:01 - Shutting Down Camera 
2024-09-16 15:01:31 - Shut down camera Successful 
2024-09-16 15:01:31 - CTM complete. Powering Down MagnaPS 
2024-09-16 15:01:33 - Shutdown Complete 
2024-09-16 15:10:01 - Passed Sunrise 
2024-09-16 15:10:01 - Error in checking rc log shutting down
2024-09-16 15:10:01 - Shutting Down Camera 
2024-09-16 15:11:31 - Shut down camera Successful 
2024-09-16 15:11:31 - CTM complete. Powering Down MagnaPS 
2024-09-16 15:11:33 - Shutdown Complete 
2024-09-16 15:20:01 - Passed Sunrise 
2024-09-16 15:20:01 - Error in checking rc log shutting down
2024-09-16 15:20:01 - Shutting Down Camera 
2024-09-16 15:21:31 - Shut down camera Successful 
2024-09-16 15:21:31 - CTM complete. Powering Down MagnaPS 
2024-09-16 15:21:33 - Shutdown Complete 
2024-09-16 15:30:01 - Passed Sunrise 
2024-09-16 15:30:01 - Error in checking rc log shutting down
2024-09-16 15:30:01 - Shutting Down Camera 
2024-09-16 15:31:31 - Shut down camera Successful 
2024-09-16 15:31:31 - CTM complete. Powering Down MagnaPS 
2024-09-16 15:31:33 - Shutdown Complete 
2024-09-16 15:40:01 - Passed Sunrise 
2024-09-16 15:40:01 - Error in checking rc log shutting down
2024-09-16 15:40:01 - Shutting Down Camera 
2024-09-16 15:41:31 - Shut down camera Successful 
2024-09-16 15:41:31 - CTM complete. Powering Down MagnaPS 
2024-09-16 15:41:34 - Shutdown Complete 
2024-09-16 15:50:01 - Passed Sunrise 
2024-09-16 15:50:01 - Error in checking rc log shutting down
2024-09-16 15:50:01 - Shutting Down Camera 
2024-09-16 15:51:31 - Shut down camera Successful 
2024-09-16 15:51:31 - CTM complete. Powering Down MagnaPS 
2024-09-16 15:51:33 - Shutdown Complete 
2024-09-16 16:00:01 - Passed Sunrise 
2024-09-16 16:00:01 - Error in checking rc log shutting down
2024-09-16 16:00:01 - Shutting Down Camera 
2024-09-16 16:01:31 - Shut down camera Successful 
2024-09-16 16:01:31 - CTM complete. Powering Down MagnaPS 
2024-09-16 16:01:33 - Shutdown Complete 
2024-09-16 16:10:01 - Passed Sunrise 
2024-09-16 16:10:01 - Error in checking rc log shutting down
2024-09-16 16:10:01 - Shutting Down Camera 
2024-09-16 16:11:31 - Shut down camera Successful 
2024-09-16 16:11:31 - CTM complete. Powering Down MagnaPS 
2024-09-16 16:11:33 - Shutdown Complete 
2024-09-16 16:20:01 - Passed Sunrise 
2024-09-16 16:20:01 - Error in checking rc log shutting down
2024-09-16 16:20:01 - Shutting Down Camera 
2024-09-16 16:21:31 - Shut down camera Successful 
2024-09-16 16:21:31 - CTM complete. Powering Down MagnaPS 
2024-09-16 16:21:33 - Shutdown Complete 
2024-09-16 16:30:01 - Passed Sunrise 
2024-09-16 16:30:01 - Error in checking rc log shutting down
2024-09-16 16:30:01 - Shutting Down Camera 
2024-09-16 16:31:31 - Shut down camera Successful 
2024-09-16 16:31:31 - CTM complete. Powering Down MagnaPS 
2024-09-16 16:31:33 - Shutdown Complete 
2024-09-16 16:40:01 - Passed Sunrise 
2024-09-16 16:40:01 - Error in checking rc log shutting down
2024-09-16 16:40:01 - Shutting Down Camera 
2024-09-16 16:41:31 - Shut down camera Successful 
2024-09-16 16:41:31 - CTM complete. Powering Down MagnaPS 
2024-09-16 16:41:33 - Shutdown Complete 
2024-09-16 16:50:01 - Passed Sunrise 
2024-09-16 16:50:01 - Error in checking rc log shutting down
2024-09-16 16:50:01 - Shutting Down Camera 
2024-09-16 16:51:31 - Shut down camera Successful 
2024-09-16 16:51:31 - CTM complete. Powering Down MagnaPS 
2024-09-16 16:51:33 - Shutdown Complete 
2024-09-16 20:01:01 - Added sunrise_time: 2024-09-17 12:28:23 
2024-09-17 10:00:01 - Before Sunrise 
2024-09-17 10:10:02 - Before Sunrise 
2024-09-17 10:20:01 - Before Sunrise 
2024-09-17 10:30:01 - Before Sunrise 
2024-09-17 10:40:01 - Before Sunrise 
2024-09-17 10:50:01 - Before Sunrise 
2024-09-17 11:00:01 - Before Sunrise 
2024-09-17 11:10:01 - Before Sunrise 
2024-09-17 11:20:01 - Before Sunrise 
2024-09-17 11:30:01 - Before Sunrise 
2024-09-17 11:40:01 - Before Sunrise 
2024-09-17 11:50:01 - Before Sunrise 
2024-09-17 12:00:01 - Before Sunrise 
2024-09-17 12:10:01 - Before Sunrise 
2024-09-17 12:20:01 - Before Sunrise 
2024-09-17 12:30:01 - Passed Sunrise 
2024-09-17 12:30:01 - Error in checking rc log shutting down
2024-09-17 12:30:01 - Shutting Down Camera 
2024-09-17 12:31:31 - Shut down camera Successful 
2024-09-17 12:31:31 - CTM complete. Powering Down MagnaPS 
2024-09-17 12:31:33 - Shutdown Complete 
2024-09-17 12:40:01 - Passed Sunrise 
2024-09-17 12:40:01 - Error in checking rc log shutting down
2024-09-17 12:40:01 - Shutting Down Camera 
2024-09-17 12:41:31 - Shut down camera Successful 
2024-09-17 12:41:31 - CTM complete. Powering Down MagnaPS 
2024-09-17 12:41:33 - Shutdown Complete 
2024-09-17 12:50:01 - Passed Sunrise 
2024-09-17 12:50:01 - Error in checking rc log shutting down
2024-09-17 12:50:01 - Shutting Down Camera 
2024-09-17 12:51:31 - Shut down camera Successful 
2024-09-17 12:51:31 - CTM complete. Powering Down MagnaPS 
2024-09-17 12:51:33 - Shutdown Complete 
2024-09-17 13:00:01 - Passed Sunrise 
2024-09-17 13:00:01 - Error in checking rc log shutting down
2024-09-17 13:00:01 - Shutting Down Camera 
2024-09-17 13:01:31 - Shut down camera Successful 
2024-09-17 13:01:31 - CTM complete. Powering Down MagnaPS 
2024-09-17 13:01:33 - Shutdown Complete 
2024-09-17 13:10:02 - Passed Sunrise 
2024-09-17 13:10:02 - Error in checking rc log shutting down
2024-09-17 13:10:02 - Shutting Down Camera 
2024-09-17 13:11:32 - Shut down camera Successful 
2024-09-17 13:11:32 - CTM complete. Powering Down MagnaPS 
2024-09-17 13:11:34 - Shutdown Complete 
2024-09-17 13:20:01 - Passed Sunrise 
2024-09-17 13:20:01 - Error in checking rc log shutting down
2024-09-17 13:20:01 - Shutting Down Camera 
2024-09-17 13:21:31 - Shut down camera Successful 
2024-09-17 13:21:31 - CTM complete. Powering Down MagnaPS 
2024-09-17 13:21:33 - Shutdown Complete 
2024-09-17 13:30:01 - Passed Sunrise 
2024-09-17 13:30:01 - Error in checking rc log shutting down
2024-09-17 13:30:01 - Shutting Down Camera 
2024-09-17 13:31:31 - Shut down camera Successful 
2024-09-17 13:31:31 - CTM complete. Powering Down MagnaPS 
2024-09-17 13:31:33 - Shutdown Complete 
2024-09-17 13:40:01 - Passed Sunrise 
2024-09-17 13:40:01 - Error in checking rc log shutting down
2024-09-17 13:40:01 - Shutting Down Camera 
2024-09-17 13:41:31 - Shut down camera Successful 
2024-09-17 13:41:31 - CTM complete. Powering Down MagnaPS 
2024-09-17 13:41:33 - Shutdown Complete 
2024-09-17 13:50:01 - Passed Sunrise 
2024-09-17 13:50:01 - Error in checking rc log shutting down
2024-09-17 13:50:01 - Shutting Down Camera 
2024-09-17 13:51:31 - Shut down camera Successful 
2024-09-17 13:51:31 - CTM complete. Powering Down MagnaPS 
2024-09-17 13:51:34 - Shutdown Complete 
2024-09-17 14:00:01 - Passed Sunrise 
2024-09-17 14:00:01 - Error in checking rc log shutting down
2024-09-17 14:00:01 - Shutting Down Camera 
2024-09-17 14:01:31 - Shut down camera Successful 
2024-09-17 14:01:31 - CTM complete. Powering Down MagnaPS 
2024-09-17 14:01:33 - Shutdown Complete 
2024-09-17 14:10:01 - Passed Sunrise 
2024-09-17 14:10:01 - Error in checking rc log shutting down
2024-09-17 14:10:01 - Shutting Down Camera 
2024-09-17 14:11:31 - Shut down camera Successful 
2024-09-17 14:11:31 - CTM complete. Powering Down MagnaPS 
2024-09-17 14:11:33 - Shutdown Complete 
2024-09-17 14:20:01 - Passed Sunrise 
2024-09-17 14:20:01 - Error in checking rc log shutting down
2024-09-17 14:20:01 - Shutting Down Camera 
2024-09-17 14:21:31 - Shut down camera Successful 
2024-09-17 14:21:31 - CTM complete. Powering Down MagnaPS 
2024-09-17 14:21:33 - Shutdown Complete 
2024-09-17 14:30:01 - Passed Sunrise 
2024-09-17 14:30:01 - Error in checking rc log shutting down
2024-09-17 14:30:01 - Shutting Down Camera 
2024-09-17 14:31:31 - Shut down camera Successful 
2024-09-17 14:31:31 - CTM complete. Powering Down MagnaPS 
2024-09-17 14:31:33 - Shutdown Complete 
2024-09-17 14:40:01 - Passed Sunrise 
2024-09-17 14:40:01 - Error in checking rc log shutting down
2024-09-17 14:40:01 - Shutting Down Camera 
2024-09-17 14:41:31 - Shut down camera Successful 
2024-09-17 14:41:31 - CTM complete. Powering Down MagnaPS 
2024-09-17 14:41:33 - Shutdown Complete 
2024-09-17 14:50:01 - Passed Sunrise 
2024-09-17 14:50:01 - Error in checking rc log shutting down
2024-09-17 14:50:01 - Shutting Down Camera 
2024-09-17 14:51:31 - Shut down camera Successful 
2024-09-17 14:51:31 - CTM complete. Powering Down MagnaPS 
2024-09-17 14:51:33 - Shutdown Complete 
2024-09-17 15:00:01 - Passed Sunrise 
2024-09-17 15:00:01 - Error in checking rc log shutting down
2024-09-17 15:00:01 - Shutting Down Camera 
2024-09-17 15:01:31 - Shut down camera Successful 
2024-09-17 15:01:31 - CTM complete. Powering Down MagnaPS 
2024-09-17 15:01:33 - Shutdown Complete 
2024-09-17 15:10:01 - Passed Sunrise 
2024-09-17 15:10:01 - Error in checking rc log shutting down
2024-09-17 15:10:01 - Shutting Down Camera 
2024-09-17 15:11:31 - Shut down camera Successful 
2024-09-17 15:11:31 - CTM complete. Powering Down MagnaPS 
2024-09-17 15:11:33 - Shutdown Complete 
2024-09-17 15:20:01 - Passed Sunrise 
2024-09-17 15:20:01 - Error in checking rc log shutting down
2024-09-17 15:20:01 - Shutting Down Camera 
2024-09-17 15:21:31 - Shut down camera Successful 
2024-09-17 15:21:31 - CTM complete. Powering Down MagnaPS 
2024-09-17 15:21:33 - Shutdown Complete 
2024-09-17 15:30:01 - Passed Sunrise 
2024-09-17 15:30:01 - Error in checking rc log shutting down
2024-09-17 15:30:01 - Shutting Down Camera 
2024-09-17 15:31:31 - Shut down camera Successful 
2024-09-17 15:31:31 - CTM complete. Powering Down MagnaPS 
2024-09-17 15:31:33 - Shutdown Complete 
2024-09-17 15:40:01 - Passed Sunrise 
2024-09-17 15:40:01 - Error in checking rc log shutting down
2024-09-17 15:40:01 - Shutting Down Camera 
2024-09-17 15:41:32 - Shut down camera Successful 
2024-09-17 15:41:32 - CTM complete. Powering Down MagnaPS 
2024-09-17 15:41:34 - Shutdown Complete 
2024-09-17 15:50:01 - Passed Sunrise 
2024-09-17 15:50:01 - Error in checking rc log shutting down
2024-09-17 15:50:01 - Shutting Down Camera 
2024-09-17 15:51:31 - Shut down camera Successful 
2024-09-17 15:51:31 - CTM complete. Powering Down MagnaPS 
2024-09-17 15:51:33 - Shutdown Complete 
2024-09-17 16:00:01 - Passed Sunrise 
2024-09-17 16:00:01 - Error in checking rc log shutting down
2024-09-17 16:00:01 - Shutting Down Camera 
2024-09-17 16:01:31 - Shut down camera Successful 
2024-09-17 16:01:31 - CTM complete. Powering Down MagnaPS 
2024-09-17 16:01:33 - Shutdown Complete 
2024-09-17 16:10:01 - Passed Sunrise 
2024-09-17 16:10:01 - Error in checking rc log shutting down
2024-09-17 16:10:01 - Shutting Down Camera 
2024-09-17 16:11:31 - Shut down camera Successful 
2024-09-17 16:11:31 - CTM complete. Powering Down MagnaPS 
2024-09-17 16:11:33 - Shutdown Complete 
2024-09-17 16:20:01 - Passed Sunrise 
2024-09-17 16:20:01 - Error in checking rc log shutting down
2024-09-17 16:20:01 - Shutting Down Camera 
2024-09-17 16:21:31 - Shut down camera Successful 
2024-09-17 16:21:31 - CTM complete. Powering Down MagnaPS 
2024-09-17 16:21:33 - Shutdown Complete 
2024-09-17 16:30:01 - Passed Sunrise 
2024-09-17 16:30:01 - Error in checking rc log shutting down
2024-09-17 16:30:01 - Shutting Down Camera 
2024-09-17 16:31:31 - Shut down camera Successful 
2024-09-17 16:31:31 - CTM complete. Powering Down MagnaPS 
2024-09-17 16:31:33 - Shutdown Complete 
2024-09-17 16:40:01 - Passed Sunrise 
2024-09-17 16:40:01 - Error in checking rc log shutting down
2024-09-17 16:40:01 - Shutting Down Camera 
2024-09-17 16:41:31 - Shut down camera Successful 
2024-09-17 16:41:31 - CTM complete. Powering Down MagnaPS 
2024-09-17 16:41:33 - Shutdown Complete 
2024-09-17 16:50:01 - Passed Sunrise 
2024-09-17 16:50:01 - Error in checking rc log shutting down
2024-09-17 16:50:01 - Shutting Down Camera 
2024-09-17 16:51:31 - Shut down camera Successful 
2024-09-17 16:51:31 - CTM complete. Powering Down MagnaPS 
2024-09-17 16:51:33 - Shutdown Complete 
2024-09-17 20:01:01 - Added sunrise_time: 2024-09-18 12:29:19 
2024-09-18 10:00:02 - Before Sunrise 
2024-09-18 10:10:01 - Before Sunrise 
2024-09-18 10:20:01 - Before Sunrise 
2024-09-18 10:30:01 - Before Sunrise 
2024-09-18 10:40:01 - Before Sunrise 
2024-09-18 10:50:01 - Before Sunrise 
2024-09-18 11:00:01 - Before Sunrise 
2024-09-18 11:10:01 - Before Sunrise 
2024-09-18 11:20:01 - Before Sunrise 
2024-09-18 11:30:01 - Before Sunrise 
2024-09-18 11:40:01 - Before Sunrise 
2024-09-18 11:50:02 - Before Sunrise 
2024-09-18 12:00:01 - Before Sunrise 
2024-09-18 12:10:01 - Before Sunrise 
2024-09-18 12:20:01 - Before Sunrise 
2024-09-18 12:30:01 - Passed Sunrise 
2024-09-18 12:30:01 - CT Camera not operating 
2024-09-18 12:40:01 - Passed Sunrise 
2024-09-18 12:40:01 - CT Camera not operating 
2024-09-18 12:50:01 - Passed Sunrise 
2024-09-18 12:50:01 - CT Camera not operating 
2024-09-18 13:00:01 - Passed Sunrise 
2024-09-18 13:00:01 - CT Camera not operating 
2024-09-18 13:10:01 - Passed Sunrise 
2024-09-18 13:10:01 - CT Camera not operating 
2024-09-18 13:20:01 - Passed Sunrise 
2024-09-18 13:20:01 - CT Camera not operating 
2024-09-18 13:30:01 - Passed Sunrise 
2024-09-18 13:30:01 - CT Camera not operating 
2024-09-18 13:40:01 - Passed Sunrise 
2024-09-18 13:40:01 - CT Camera not operating 
2024-09-18 13:50:01 - Passed Sunrise 
2024-09-18 13:50:01 - CT Camera not operating 
2024-09-18 14:00:01 - Passed Sunrise 
2024-09-18 14:00:01 - Error in checking rc log shutting down
2024-09-18 14:00:01 - Shutting Down Camera 
2024-09-18 14:01:31 - Shut down camera Successful 
2024-09-18 14:01:31 - CTM complete. Powering Down MagnaPS 
2024-09-18 14:01:33 - Shutdown Complete 
2024-09-18 14:10:01 - Passed Sunrise 
2024-09-18 14:10:01 - Error in checking rc log shutting down
2024-09-18 14:10:01 - Shutting Down Camera 
2024-09-18 14:11:31 - Shut down camera Successful 
2024-09-18 14:11:31 - CTM complete. Powering Down MagnaPS 
2024-09-18 14:11:33 - Shutdown Complete 
2024-09-18 14:20:01 - Passed Sunrise 
2024-09-18 14:20:01 - Error in checking rc log shutting down
2024-09-18 14:20:01 - Shutting Down Camera 
2024-09-18 14:21:31 - Shut down camera Successful 
2024-09-18 14:21:31 - CTM complete. Powering Down MagnaPS 
2024-09-18 14:21:33 - Shutdown Complete 
2024-09-18 14:30:01 - Passed Sunrise 
2024-09-18 14:30:01 - Error in checking rc log shutting down
2024-09-18 14:30:01 - Shutting Down Camera 
2024-09-18 14:31:31 - Shut down camera Successful 
2024-09-18 14:31:31 - CTM complete. Powering Down MagnaPS 
2024-09-18 14:31:33 - Shutdown Complete 
2024-09-18 14:40:01 - Passed Sunrise 
2024-09-18 14:40:01 - Error in checking rc log shutting down
2024-09-18 14:40:01 - Shutting Down Camera 
2024-09-18 14:41:31 - Shut down camera Successful 
2024-09-18 14:41:31 - CTM complete. Powering Down MagnaPS 
2024-09-18 14:41:33 - Shutdown Complete 
2024-09-18 14:50:01 - Passed Sunrise 
2024-09-18 14:50:01 - Error in checking rc log shutting down
2024-09-18 14:50:01 - Shutting Down Camera 
2024-09-18 14:51:31 - Shut down camera Successful 
2024-09-18 14:51:31 - CTM complete. Powering Down MagnaPS 
2024-09-18 14:51:33 - Shutdown Complete 
2024-09-18 15:00:01 - Passed Sunrise 
2024-09-18 15:00:01 - Error in checking rc log shutting down
2024-09-18 15:00:01 - Shutting Down Camera 
2024-09-18 15:01:31 - Shut down camera Successful 
2024-09-18 15:01:31 - CTM complete. Powering Down MagnaPS 
2024-09-18 15:01:33 - Shutdown Complete 
2024-09-18 15:10:01 - Passed Sunrise 
2024-09-18 15:10:01 - Error in checking rc log shutting down
2024-09-18 15:10:01 - Shutting Down Camera 
2024-09-18 15:11:31 - Shut down camera Successful 
2024-09-18 15:11:31 - CTM complete. Powering Down MagnaPS 
2024-09-18 15:11:33 - Shutdown Complete 
2024-09-18 15:20:01 - Passed Sunrise 
2024-09-18 15:20:01 - Error in checking rc log shutting down
2024-09-18 15:20:01 - Shutting Down Camera 
2024-09-18 15:21:31 - Shut down camera Successful 
2024-09-18 15:21:31 - CTM complete. Powering Down MagnaPS 
2024-09-18 15:21:33 - Shutdown Complete 
2024-09-18 15:30:01 - Passed Sunrise 
2024-09-18 15:30:01 - Error in checking rc log shutting down
2024-09-18 15:30:01 - Shutting Down Camera 
2024-09-18 15:31:31 - Shut down camera Successful 
2024-09-18 15:31:31 - CTM complete. Powering Down MagnaPS 
2024-09-18 15:31:33 - Shutdown Complete 
2024-09-18 15:40:02 - Passed Sunrise 
2024-09-18 15:40:02 - Error in checking rc log shutting down
2024-09-18 15:40:02 - Shutting Down Camera 
2024-09-18 15:41:32 - Shut down camera Successful 
2024-09-18 15:41:32 - CTM complete. Powering Down MagnaPS 
2024-09-18 15:41:34 - Shutdown Complete 
2024-09-18 15:50:01 - Passed Sunrise 
2024-09-18 15:50:01 - Error in checking rc log shutting down
2024-09-18 15:50:01 - Shutting Down Camera 
2024-09-18 15:51:31 - Shut down camera Successful 
2024-09-18 15:51:31 - CTM complete. Powering Down MagnaPS 
2024-09-18 15:51:33 - Shutdown Complete 
2024-09-18 16:00:01 - Passed Sunrise 
2024-09-18 16:00:01 - Error in checking rc log shutting down
2024-09-18 16:00:01 - Shutting Down Camera 
2024-09-18 16:01:31 - Shut down camera Successful 
2024-09-18 16:01:31 - CTM complete. Powering Down MagnaPS 
2024-09-18 16:01:33 - Shutdown Complete 
2024-09-18 16:10:01 - Passed Sunrise 
2024-09-18 16:10:01 - Error in checking rc log shutting down
2024-09-18 16:10:01 - Shutting Down Camera 
2024-09-18 16:11:31 - Shut down camera Successful 
2024-09-18 16:11:31 - CTM complete. Powering Down MagnaPS 
2024-09-18 16:11:33 - Shutdown Complete 
2024-09-18 16:20:01 - Passed Sunrise 
2024-09-18 16:20:01 - Error in checking rc log shutting down
2024-09-18 16:20:01 - Shutting Down Camera 
2024-09-18 16:21:31 - Shut down camera Successful 
2024-09-18 16:21:31 - CTM complete. Powering Down MagnaPS 
2024-09-18 16:21:33 - Shutdown Complete 
2024-09-18 16:30:01 - Passed Sunrise 
2024-09-18 16:30:01 - Error in checking rc log shutting down
2024-09-18 16:30:01 - Shutting Down Camera 
2024-09-18 16:31:31 - Shut down camera Successful 
2024-09-18 16:31:31 - CTM complete. Powering Down MagnaPS 
2024-09-18 16:31:33 - Shutdown Complete 
2024-09-18 16:40:01 - Passed Sunrise 
2024-09-18 16:40:01 - Error in checking rc log shutting down
2024-09-18 16:40:01 - Shutting Down Camera 
2024-09-18 16:41:31 - Shut down camera Successful 
2024-09-18 16:41:31 - CTM complete. Powering Down MagnaPS 
2024-09-18 16:41:33 - Shutdown Complete 
2024-09-18 16:50:01 - Passed Sunrise 
2024-09-18 16:50:01 - Error in checking rc log shutting down
2024-09-18 16:50:01 - Shutting Down Camera 
2024-09-18 16:51:31 - Shut down camera Successful 
2024-09-18 16:51:31 - CTM complete. Powering Down MagnaPS 
2024-09-18 16:51:33 - Shutdown Complete 
2024-09-18 20:01:01 - Added sunrise_time: 2024-09-19 12:30:14 
2024-09-19 10:00:01 - Before Sunrise 
2024-09-19 10:10:01 - Before Sunrise 
2024-09-19 10:20:01 - Before Sunrise 
2024-09-19 10:30:01 - Before Sunrise 
2024-09-19 10:40:01 - Before Sunrise 
2024-09-19 10:50:01 - Before Sunrise 
2024-09-19 11:00:01 - Before Sunrise 
2024-09-19 11:10:01 - Before Sunrise 
2024-09-19 11:20:01 - Before Sunrise 
2024-09-19 11:30:01 - Before Sunrise 
2024-09-19 11:40:01 - Before Sunrise 
2024-09-19 11:50:01 - Before Sunrise 
2024-09-19 12:00:01 - Before Sunrise 
2024-09-19 12:10:01 - Before Sunrise 
2024-09-19 12:20:01 - Before Sunrise 
2024-09-19 12:30:01 - Before Sunrise 
2024-09-19 12:40:01 - Passed Sunrise 
2024-09-19 12:40:01 - CT Camera not operating 
2024-09-19 12:50:01 - Passed Sunrise 
2024-09-19 12:50:01 - CT Camera not operating 
2024-09-19 13:00:01 - Passed Sunrise 
2024-09-19 13:00:01 - CT Camera not operating 
2024-09-19 13:10:01 - Passed Sunrise 
2024-09-19 13:10:01 - CT Camera not operating 
2024-09-19 13:20:01 - Passed Sunrise 
2024-09-19 13:20:01 - CT Camera not operating 
2024-09-19 13:30:01 - Passed Sunrise 
2024-09-19 13:30:01 - CT Camera not operating 
2024-09-19 13:40:01 - Passed Sunrise 
2024-09-19 13:40:01 - CT Camera not operating 
2024-09-19 13:50:01 - Passed Sunrise 
2024-09-19 13:50:01 - CT Camera not operating 
2024-09-19 14:00:01 - Passed Sunrise 
2024-09-19 14:00:01 - Error in checking rc log shutting down
2024-09-19 14:00:01 - Shutting Down Camera 
2024-09-19 14:01:31 - Shut down camera Successful 
2024-09-19 14:01:31 - CTM complete. Powering Down MagnaPS 
2024-09-19 14:01:33 - Shutdown Complete 
2024-09-19 14:10:01 - Passed Sunrise 
2024-09-19 14:10:01 - Error in checking rc log shutting down
2024-09-19 14:10:01 - Shutting Down Camera 
2024-09-19 14:11:31 - Shut down camera Successful 
2024-09-19 14:11:31 - CTM complete. Powering Down MagnaPS 
2024-09-19 14:11:34 - Shutdown Complete 
2024-09-19 14:20:01 - Passed Sunrise 
2024-09-19 14:20:01 - Error in checking rc log shutting down
2024-09-19 14:20:01 - Shutting Down Camera 
2024-09-19 14:21:31 - Shut down camera Successful 
2024-09-19 14:21:31 - CTM complete. Powering Down MagnaPS 
2024-09-19 14:21:33 - Shutdown Complete 
2024-09-19 14:30:01 - Passed Sunrise 
2024-09-19 14:30:01 - Error in checking rc log shutting down
2024-09-19 14:30:01 - Shutting Down Camera 
2024-09-19 14:31:31 - Shut down camera Successful 
2024-09-19 14:31:31 - CTM complete. Powering Down MagnaPS 
2024-09-19 14:31:33 - Shutdown Complete 
2024-09-19 14:40:01 - Passed Sunrise 
2024-09-19 14:40:01 - Error in checking rc log shutting down
2024-09-19 14:40:01 - Shutting Down Camera 
2024-09-19 14:41:31 - Shut down camera Successful 
2024-09-19 14:41:31 - CTM complete. Powering Down MagnaPS 
2024-09-19 14:41:33 - Shutdown Complete 
2024-09-19 14:50:01 - Passed Sunrise 
2024-09-19 14:50:01 - Error in checking rc log shutting down
2024-09-19 14:50:01 - Shutting Down Camera 
2024-09-19 14:51:31 - Shut down camera Successful 
2024-09-19 14:51:31 - CTM complete. Powering Down MagnaPS 
2024-09-19 14:51:33 - Shutdown Complete 
2024-09-19 15:00:02 - Passed Sunrise 
2024-09-19 15:00:02 - Error in checking rc log shutting down
2024-09-19 15:00:02 - Shutting Down Camera 
2024-09-19 15:01:32 - Shut down camera Successful 
2024-09-19 15:01:32 - CTM complete. Powering Down MagnaPS 
2024-09-19 15:01:34 - Shutdown Complete 
2024-09-19 15:10:01 - Passed Sunrise 
2024-09-19 15:10:01 - Error in checking rc log shutting down
2024-09-19 15:10:01 - Shutting Down Camera 
2024-09-19 15:11:31 - Shut down camera Successful 
2024-09-19 15:11:31 - CTM complete. Powering Down MagnaPS 
2024-09-19 15:11:33 - Shutdown Complete 
2024-09-19 15:20:01 - Passed Sunrise 
2024-09-19 15:20:01 - Error in checking rc log shutting down
2024-09-19 15:20:01 - Shutting Down Camera 
2024-09-19 15:21:31 - Shut down camera Successful 
2024-09-19 15:21:31 - CTM complete. Powering Down MagnaPS 
2024-09-19 15:21:33 - Shutdown Complete 
2024-09-19 15:30:01 - Passed Sunrise 
2024-09-19 15:30:01 - Error in checking rc log shutting down
2024-09-19 15:30:01 - Shutting Down Camera 
2024-09-19 15:31:31 - Shut down camera Successful 
2024-09-19 15:31:31 - CTM complete. Powering Down MagnaPS 
2024-09-19 15:31:33 - Shutdown Complete 
2024-09-19 15:40:01 - Passed Sunrise 
2024-09-19 15:40:01 - Error in checking rc log shutting down
2024-09-19 15:40:01 - Shutting Down Camera 
2024-09-19 15:41:31 - Shut down camera Successful 
2024-09-19 15:41:31 - CTM complete. Powering Down MagnaPS 
2024-09-19 15:41:33 - Shutdown Complete 
2024-09-19 15:50:01 - Passed Sunrise 
2024-09-19 15:50:01 - Error in checking rc log shutting down
2024-09-19 15:50:01 - Shutting Down Camera 
2024-09-19 15:51:31 - Shut down camera Successful 
2024-09-19 15:51:31 - CTM complete. Powering Down MagnaPS 
2024-09-19 15:51:33 - Shutdown Complete 
2024-09-19 16:00:01 - Passed Sunrise 
2024-09-19 16:00:01 - Error in checking rc log shutting down
2024-09-19 16:00:01 - Shutting Down Camera 
2024-09-19 16:01:31 - Shut down camera Successful 
2024-09-19 16:01:31 - CTM complete. Powering Down MagnaPS 
2024-09-19 16:01:33 - Shutdown Complete 
2024-09-19 16:10:01 - Passed Sunrise 
2024-09-19 16:10:01 - Error in checking rc log shutting down
2024-09-19 16:10:01 - Shutting Down Camera 
2024-09-19 16:11:31 - Shut down camera Successful 
2024-09-19 16:11:31 - CTM complete. Powering Down MagnaPS 
2024-09-19 16:11:33 - Shutdown Complete 
2024-09-19 16:20:01 - Passed Sunrise 
2024-09-19 16:20:01 - Error in checking rc log shutting down
2024-09-19 16:20:01 - Shutting Down Camera 
2024-09-19 16:21:31 - Shut down camera Successful 
2024-09-19 16:21:31 - CTM complete. Powering Down MagnaPS 
2024-09-19 16:21:33 - Shutdown Complete 
2024-09-19 16:30:01 - Passed Sunrise 
2024-09-19 16:30:01 - Error in checking rc log shutting down
2024-09-19 16:30:01 - Shutting Down Camera 
2024-09-19 16:31:31 - Shut down camera Successful 
2024-09-19 16:31:31 - CTM complete. Powering Down MagnaPS 
2024-09-19 16:31:33 - Shutdown Complete 
2024-09-19 16:40:01 - Passed Sunrise 
2024-09-19 16:40:01 - Error in checking rc log shutting down
2024-09-19 16:40:01 - Shutting Down Camera 
2024-09-19 16:41:31 - Shut down camera Successful 
2024-09-19 16:41:31 - CTM complete. Powering Down MagnaPS 
2024-09-19 16:41:34 - Shutdown Complete 
2024-09-19 16:50:01 - Passed Sunrise 
2024-09-19 16:50:01 - Error in checking rc log shutting down
2024-09-19 16:50:01 - Shutting Down Camera 
2024-09-19 16:51:31 - Shut down camera Successful 
2024-09-19 16:51:31 - CTM complete. Powering Down MagnaPS 
2024-09-19 16:51:33 - Shutdown Complete 
2024-09-19 17:37:45 - Added sunrise_time: 2024-09-20 12:41:30 
2024-09-19 20:01:01 - Added sunrise_time: 2024-09-20 12:41:30 
2024-09-20 10:00:01 - Before Sunrise 
2024-09-20 10:10:02 - Before Sunrise 
2024-09-20 10:20:01 - Before Sunrise 
2024-09-20 10:30:01 - Before Sunrise 
2024-09-20 10:40:01 - Before Sunrise 
2024-09-20 10:50:01 - Before Sunrise 
2024-09-20 11:00:01 - Before Sunrise 
2024-09-20 11:10:01 - Before Sunrise 
2024-09-20 11:20:01 - Before Sunrise 
2024-09-20 11:30:01 - Before Sunrise 
2024-09-20 11:40:01 - Before Sunrise 
2024-09-20 11:50:01 - Before Sunrise 
2024-09-20 12:00:01 - Before Sunrise 
2024-09-20 12:10:01 - Before Sunrise 
2024-09-20 12:20:01 - Before Sunrise 
2024-09-20 12:30:01 - Before Sunrise 
2024-09-20 12:40:01 - Before Sunrise 
2024-09-20 12:50:01 - Passed Sunrise 
2024-09-20 12:50:01 - Error in checking rc log shutting down
2024-09-20 12:50:01 - Shutting Down Camera 
2024-09-20 12:51:31 - Shut down camera Successful 
2024-09-20 12:51:31 - CTM complete. Powering Down MagnaPS 
2024-09-20 12:51:33 - Shutdown Complete 
2024-09-20 13:00:01 - Passed Sunrise 
2024-09-20 13:00:01 - Error in checking rc log shutting down
2024-09-20 13:00:01 - Shutting Down Camera 
2024-09-20 13:01:31 - Shut down camera Successful 
2024-09-20 13:01:31 - CTM complete. Powering Down MagnaPS 
2024-09-20 13:01:33 - Shutdown Complete 
2024-09-20 13:10:01 - Passed Sunrise 
2024-09-20 13:10:01 - Error in checking rc log shutting down
2024-09-20 13:10:01 - Shutting Down Camera 
2024-09-20 13:11:31 - Shut down camera Successful 
2024-09-20 13:11:31 - CTM complete. Powering Down MagnaPS 
2024-09-20 13:11:33 - Shutdown Complete 
2024-09-20 13:20:01 - Passed Sunrise 
2024-09-20 13:20:01 - Error in checking rc log shutting down
2024-09-20 13:20:01 - Shutting Down Camera 
2024-09-20 13:21:31 - Shut down camera Successful 
2024-09-20 13:21:31 - CTM complete. Powering Down MagnaPS 
2024-09-20 13:21:33 - Shutdown Complete 
2024-09-20 13:30:01 - Passed Sunrise 
2024-09-20 13:30:01 - Error in checking rc log shutting down
2024-09-20 13:30:01 - Shutting Down Camera 
2024-09-20 13:31:31 - Shut down camera Successful 
2024-09-20 13:31:31 - CTM complete. Powering Down MagnaPS 
2024-09-20 13:31:33 - Shutdown Complete 
2024-09-20 13:40:01 - Passed Sunrise 
2024-09-20 13:40:01 - Error in checking rc log shutting down
2024-09-20 13:40:01 - Shutting Down Camera 
2024-09-20 13:41:31 - Shut down camera Successful 
2024-09-20 13:41:31 - CTM complete. Powering Down MagnaPS 
2024-09-20 13:41:33 - Shutdown Complete 
2024-09-20 13:50:02 - Passed Sunrise 
2024-09-20 13:50:02 - Error in checking rc log shutting down
2024-09-20 13:50:02 - Shutting Down Camera 
2024-09-20 13:51:32 - Shut down camera Successful 
2024-09-20 13:51:32 - CTM complete. Powering Down MagnaPS 
2024-09-20 13:51:34 - Shutdown Complete 
2024-09-20 14:00:01 - Passed Sunrise 
2024-09-20 14:00:01 - Error in checking rc log shutting down
2024-09-20 14:00:01 - Shutting Down Camera 
2024-09-20 14:01:31 - Shut down camera Successful 
2024-09-20 14:01:31 - CTM complete. Powering Down MagnaPS 
2024-09-20 14:01:33 - Shutdown Complete 
2024-09-20 14:10:01 - Passed Sunrise 
2024-09-20 14:10:01 - Error in checking rc log shutting down
2024-09-20 14:10:01 - Shutting Down Camera 
2024-09-20 14:11:31 - Shut down camera Successful 
2024-09-20 14:11:31 - CTM complete. Powering Down MagnaPS 
2024-09-20 14:11:33 - Shutdown Complete 
2024-09-20 14:20:01 - Passed Sunrise 
2024-09-20 14:20:01 - Error in checking rc log shutting down
2024-09-20 14:20:01 - Shutting Down Camera 
2024-09-20 14:21:31 - Shut down camera Successful 
2024-09-20 14:21:31 - CTM complete. Powering Down MagnaPS 
2024-09-20 14:21:33 - Shutdown Complete 
2024-09-20 14:30:01 - Passed Sunrise 
2024-09-20 14:30:01 - Error in checking rc log shutting down
2024-09-20 14:30:01 - Shutting Down Camera 
2024-09-20 14:31:31 - Shut down camera Successful 
2024-09-20 14:31:31 - CTM complete. Powering Down MagnaPS 
2024-09-20 14:31:33 - Shutdown Complete 
2024-09-20 14:40:01 - Passed Sunrise 
2024-09-20 14:40:01 - Error in checking rc log shutting down
2024-09-20 14:40:01 - Shutting Down Camera 
2024-09-20 14:41:31 - Shut down camera Successful 
2024-09-20 14:41:31 - CTM complete. Powering Down MagnaPS 
2024-09-20 14:41:33 - Shutdown Complete 
2024-09-20 14:50:01 - Passed Sunrise 
2024-09-20 14:50:01 - Error in checking rc log shutting down
2024-09-20 14:50:01 - Shutting Down Camera 
2024-09-20 14:51:31 - Shut down camera Successful 
2024-09-20 14:51:31 - CTM complete. Powering Down MagnaPS 
2024-09-20 14:51:33 - Shutdown Complete 
2024-09-20 20:01:01 - Added sunrise_time: 2024-09-21 12:42:25 
2024-09-21 10:00:01 - Before Sunrise 
2024-09-21 10:10:01 - Before Sunrise 
2024-09-21 10:20:01 - Before Sunrise 
2024-09-21 10:30:01 - Before Sunrise 
2024-09-21 10:40:01 - Before Sunrise 
2024-09-21 10:50:01 - Before Sunrise 
2024-09-21 11:00:01 - Before Sunrise 
2024-09-21 11:10:01 - Before Sunrise 
2024-09-21 11:20:01 - Before Sunrise 
2024-09-21 11:30:02 - Before Sunrise 
2024-09-21 11:40:01 - Before Sunrise 
2024-09-21 11:50:01 - Before Sunrise 
2024-09-21 12:00:01 - Before Sunrise 
2024-09-21 12:10:01 - Before Sunrise 
2024-09-21 12:20:01 - Before Sunrise 
2024-09-21 12:30:02 - Before Sunrise 
2024-09-21 12:40:01 - Before Sunrise 
2024-09-21 12:50:01 - Passed Sunrise 
2024-09-21 12:50:01 - Error in checking rc log shutting down
2024-09-21 12:50:01 - Shutting Down Camera 
2024-09-21 12:51:31 - Shut down camera Successful 
2024-09-21 12:51:31 - CTM complete. Powering Down MagnaPS 
2024-09-21 12:51:33 - Shutdown Complete 
2024-09-21 13:00:01 - Passed Sunrise 
2024-09-21 13:00:01 - Error in checking rc log shutting down
2024-09-21 13:00:01 - Shutting Down Camera 
2024-09-21 13:01:31 - Shut down camera Successful 
2024-09-21 13:01:31 - CTM complete. Powering Down MagnaPS 
2024-09-21 13:01:33 - Shutdown Complete 
2024-09-21 13:10:01 - Passed Sunrise 
2024-09-21 13:10:01 - Error in checking rc log shutting down
2024-09-21 13:10:01 - Shutting Down Camera 
2024-09-21 13:11:31 - Shut down camera Successful 
2024-09-21 13:11:31 - CTM complete. Powering Down MagnaPS 
2024-09-21 13:11:33 - Shutdown Complete 
2024-09-21 13:20:01 - Passed Sunrise 
2024-09-21 13:20:01 - Error in checking rc log shutting down
2024-09-21 13:20:01 - Shutting Down Camera 
2024-09-21 13:21:31 - Shut down camera Successful 
2024-09-21 13:21:31 - CTM complete. Powering Down MagnaPS 
2024-09-21 13:21:33 - Shutdown Complete 
2024-09-21 13:30:01 - Passed Sunrise 
2024-09-21 13:30:01 - Error in checking rc log shutting down
2024-09-21 13:30:01 - Shutting Down Camera 
2024-09-21 13:31:31 - Shut down camera Successful 
2024-09-21 13:31:31 - CTM complete. Powering Down MagnaPS 
2024-09-21 13:31:33 - Shutdown Complete 
2024-09-21 13:40:01 - Passed Sunrise 
2024-09-21 13:40:01 - Error in checking rc log shutting down
2024-09-21 13:40:01 - Shutting Down Camera 
2024-09-21 13:41:31 - Shut down camera Successful 
2024-09-21 13:41:31 - CTM complete. Powering Down MagnaPS 
2024-09-21 13:41:33 - Shutdown Complete 
2024-09-21 13:50:01 - Passed Sunrise 
2024-09-21 13:50:01 - Error in checking rc log shutting down
2024-09-21 13:50:01 - Shutting Down Camera 
2024-09-21 13:51:31 - Shut down camera Successful 
2024-09-21 13:51:31 - CTM complete. Powering Down MagnaPS 
2024-09-21 13:51:33 - Shutdown Complete 
2024-09-21 14:00:01 - Passed Sunrise 
2024-09-21 14:00:01 - Error in checking rc log shutting down
2024-09-21 14:00:01 - Shutting Down Camera 
2024-09-21 14:01:31 - Shut down camera Successful 
2024-09-21 14:01:31 - CTM complete. Powering Down MagnaPS 
2024-09-21 14:01:33 - Shutdown Complete 
2024-09-21 14:10:01 - Passed Sunrise 
2024-09-21 14:10:01 - Error in checking rc log shutting down
2024-09-21 14:10:01 - Shutting Down Camera 
2024-09-21 14:11:31 - Shut down camera Successful 
2024-09-21 14:11:31 - CTM complete. Powering Down MagnaPS 
2024-09-21 14:11:34 - Shutdown Complete 
2024-09-21 14:20:01 - Passed Sunrise 
2024-09-21 14:20:01 - Error in checking rc log shutting down
2024-09-21 14:20:01 - Shutting Down Camera 
2024-09-21 14:21:31 - Shut down camera Successful 
2024-09-21 14:21:31 - CTM complete. Powering Down MagnaPS 
2024-09-21 14:21:33 - Shutdown Complete 
2024-09-21 14:30:01 - Passed Sunrise 
2024-09-21 14:30:01 - Error in checking rc log shutting down
2024-09-21 14:30:01 - Shutting Down Camera 
2024-09-21 14:31:31 - Shut down camera Successful 
2024-09-21 14:31:31 - CTM complete. Powering Down MagnaPS 
2024-09-21 14:31:33 - Shutdown Complete 
2024-09-21 14:40:01 - Passed Sunrise 
2024-09-21 14:40:01 - Error in checking rc log shutting down
2024-09-21 14:40:01 - Shutting Down Camera 
2024-09-21 14:41:31 - Shut down camera Successful 
2024-09-21 14:41:31 - CTM complete. Powering Down MagnaPS 
2024-09-21 14:41:33 - Shutdown Complete 
2024-09-21 14:50:01 - Passed Sunrise 
2024-09-21 14:50:01 - Error in checking rc log shutting down
2024-09-21 14:50:01 - Shutting Down Camera 
2024-09-21 14:51:31 - Shut down camera Successful 
2024-09-21 14:51:31 - CTM complete. Powering Down MagnaPS 
2024-09-21 14:51:33 - Shutdown Complete 
2024-09-21 20:01:01 - Added sunrise_time: 2024-09-22 12:43:19 
2024-09-22 10:00:01 - Before Sunrise 
2024-09-22 10:10:01 - Before Sunrise 
2024-09-22 10:20:01 - Before Sunrise 
2024-09-22 10:30:01 - Before Sunrise 
2024-09-22 10:40:01 - Before Sunrise 
2024-09-22 10:50:01 - Before Sunrise 
2024-09-22 11:00:02 - Before Sunrise 
2024-09-22 11:10:01 - Before Sunrise 
2024-09-22 11:20:01 - Before Sunrise 
2024-09-22 11:30:01 - Before Sunrise 
2024-09-22 11:40:01 - Before Sunrise 
2024-09-22 11:50:01 - Before Sunrise 
2024-09-22 12:00:02 - Before Sunrise 
2024-09-22 12:10:01 - Before Sunrise 
2024-09-22 12:20:01 - Before Sunrise 
2024-09-22 12:30:01 - Before Sunrise 
2024-09-22 12:40:01 - Before Sunrise 
2024-09-22 12:50:02 - Passed Sunrise 
2024-09-22 12:50:02 - Error in checking rc log shutting down
2024-09-22 12:50:02 - Shutting Down Camera 
2024-09-22 12:51:32 - Shut down camera Successful 
2024-09-22 12:51:32 - CTM complete. Powering Down MagnaPS 
2024-09-22 12:51:34 - Shutdown Complete 
2024-09-22 13:00:01 - Passed Sunrise 
2024-09-22 13:00:01 - Error in checking rc log shutting down
2024-09-22 13:00:01 - Shutting Down Camera 
2024-09-22 13:01:31 - Shut down camera Successful 
2024-09-22 13:01:31 - CTM complete. Powering Down MagnaPS 
2024-09-22 13:01:33 - Shutdown Complete 
2024-09-22 13:10:01 - Passed Sunrise 
2024-09-22 13:10:01 - Error in checking rc log shutting down
2024-09-22 13:10:01 - Shutting Down Camera 
2024-09-22 13:11:31 - Shut down camera Successful 
2024-09-22 13:11:31 - CTM complete. Powering Down MagnaPS 
2024-09-22 13:11:33 - Shutdown Complete 
2024-09-22 13:20:01 - Passed Sunrise 
2024-09-22 13:20:01 - Error in checking rc log shutting down
2024-09-22 13:20:01 - Shutting Down Camera 
2024-09-22 13:21:31 - Shut down camera Successful 
2024-09-22 13:21:31 - CTM complete. Powering Down MagnaPS 
2024-09-22 13:21:33 - Shutdown Complete 
2024-09-22 13:30:01 - Passed Sunrise 
2024-09-22 13:30:01 - Error in checking rc log shutting down
2024-09-22 13:30:01 - Shutting Down Camera 
2024-09-22 13:31:31 - Shut down camera Successful 
2024-09-22 13:31:31 - CTM complete. Powering Down MagnaPS 
2024-09-22 13:31:33 - Shutdown Complete 
2024-09-22 13:40:01 - Passed Sunrise 
2024-09-22 13:40:01 - Error in checking rc log shutting down
2024-09-22 13:40:01 - Shutting Down Camera 
2024-09-22 13:41:31 - Shut down camera Successful 
2024-09-22 13:41:31 - CTM complete. Powering Down MagnaPS 
2024-09-22 13:41:33 - Shutdown Complete 
2024-09-22 13:50:01 - Passed Sunrise 
2024-09-22 13:50:01 - Error in checking rc log shutting down
2024-09-22 13:50:01 - Shutting Down Camera 
2024-09-22 13:51:31 - Shut down camera Successful 
2024-09-22 13:51:31 - CTM complete. Powering Down MagnaPS 
2024-09-22 13:51:33 - Shutdown Complete 
2024-09-22 14:00:01 - Passed Sunrise 
2024-09-22 14:00:01 - Error in checking rc log shutting down
2024-09-22 14:00:01 - Shutting Down Camera 
2024-09-22 14:01:31 - Shut down camera Successful 
2024-09-22 14:01:31 - CTM complete. Powering Down MagnaPS 
2024-09-22 14:01:33 - Shutdown Complete 
2024-09-22 14:10:01 - Passed Sunrise 
2024-09-22 14:10:01 - Error in checking rc log shutting down
2024-09-22 14:10:01 - Shutting Down Camera 
2024-09-22 14:11:31 - Shut down camera Successful 
2024-09-22 14:11:31 - CTM complete. Powering Down MagnaPS 
2024-09-22 14:11:33 - Shutdown Complete 
2024-09-22 14:20:01 - Passed Sunrise 
2024-09-22 14:20:01 - Error in checking rc log shutting down
2024-09-22 14:20:01 - Shutting Down Camera 
2024-09-22 14:21:31 - Shut down camera Successful 
2024-09-22 14:21:31 - CTM complete. Powering Down MagnaPS 
2024-09-22 14:21:33 - Shutdown Complete 
2024-09-22 14:30:01 - Passed Sunrise 
2024-09-22 14:30:01 - Error in checking rc log shutting down
2024-09-22 14:30:01 - Shutting Down Camera 
2024-09-22 14:31:31 - Shut down camera Successful 
2024-09-22 14:31:31 - CTM complete. Powering Down MagnaPS 
2024-09-22 14:31:34 - Shutdown Complete 
2024-09-22 14:40:01 - Passed Sunrise 
2024-09-22 14:40:01 - Error in checking rc log shutting down
2024-09-22 14:40:01 - Shutting Down Camera 
2024-09-22 14:41:31 - Shut down camera Successful 
2024-09-22 14:41:31 - CTM complete. Powering Down MagnaPS 
2024-09-22 14:41:33 - Shutdown Complete 
2024-09-22 14:50:01 - Passed Sunrise 
2024-09-22 14:50:01 - Error in checking rc log shutting down
2024-09-22 14:50:01 - Shutting Down Camera 
2024-09-22 14:51:31 - Shut down camera Successful 
2024-09-22 14:51:31 - CTM complete. Powering Down MagnaPS 
2024-09-22 14:51:33 - Shutdown Complete 
2024-09-22 20:01:01 - Added sunrise_time: 2024-09-23 12:44:14 
2024-09-23 10:00:01 - Before Sunrise 
2024-09-23 10:10:01 - Before Sunrise 
2024-09-23 10:20:01 - Before Sunrise 
2024-09-23 10:30:01 - Before Sunrise 
2024-09-23 10:40:01 - Before Sunrise 
2024-09-23 10:50:01 - Before Sunrise 
2024-09-23 11:00:01 - Before Sunrise 
2024-09-23 11:10:01 - Before Sunrise 
2024-09-23 11:20:01 - Before Sunrise 
2024-09-23 11:30:01 - Before Sunrise 
2024-09-23 11:40:01 - Before Sunrise 
2024-09-23 11:50:01 - Before Sunrise 
2024-09-23 12:00:01 - Before Sunrise 
2024-09-23 12:10:01 - Before Sunrise 
2024-09-23 12:20:01 - Before Sunrise 
2024-09-23 12:30:01 - Before Sunrise 
2024-09-23 12:40:01 - Before Sunrise 
2024-09-23 12:50:01 - Passed Sunrise 
2024-09-23 12:50:01 - Error in checking rc log shutting down
2024-09-23 12:50:01 - Shutting Down Camera 
2024-09-23 12:51:31 - Shut down camera Successful 
2024-09-23 12:51:31 - CTM complete. Powering Down MagnaPS 
2024-09-23 12:51:31 - Shutdown Complete 
2024-09-23 13:00:01 - Passed Sunrise 
2024-09-23 13:00:01 - Error in checking rc log shutting down
2024-09-23 13:00:01 - Shutting Down Camera 
2024-09-23 13:01:31 - Shut down camera Successful 
2024-09-23 13:01:31 - CTM complete. Powering Down MagnaPS 
2024-09-23 13:01:31 - Shutdown Complete 
2024-09-23 13:10:01 - Passed Sunrise 
2024-09-23 13:10:01 - Error in checking rc log shutting down
2024-09-23 13:10:01 - Shutting Down Camera 
2024-09-23 13:11:31 - Shut down camera Successful 
2024-09-23 13:11:31 - CTM complete. Powering Down MagnaPS 
2024-09-23 13:11:31 - Shutdown Complete 
2024-09-23 13:20:01 - Passed Sunrise 
2024-09-23 13:20:01 - Error in checking rc log shutting down
2024-09-23 13:20:01 - Shutting Down Camera 
2024-09-23 13:21:31 - Shut down camera Successful 
2024-09-23 13:21:31 - CTM complete. Powering Down MagnaPS 
2024-09-23 13:21:31 - Shutdown Complete 
2024-09-23 13:30:01 - Passed Sunrise 
2024-09-23 13:30:01 - Error in checking rc log shutting down
2024-09-23 13:30:01 - Shutting Down Camera 
2024-09-23 13:31:31 - Shut down camera Successful 
2024-09-23 13:31:31 - CTM complete. Powering Down MagnaPS 
2024-09-23 13:31:31 - Shutdown Complete 
2024-09-23 13:40:01 - Passed Sunrise 
2024-09-23 13:40:01 - Error in checking rc log shutting down
2024-09-23 13:40:01 - Shutting Down Camera 
2024-09-23 13:41:31 - Shut down camera Successful 
2024-09-23 13:41:31 - CTM complete. Powering Down MagnaPS 
2024-09-23 13:41:31 - Shutdown Complete 
2024-09-23 13:50:02 - Passed Sunrise 
2024-09-23 13:50:02 - Error in checking rc log shutting down
2024-09-23 13:50:02 - Shutting Down Camera 
2024-09-23 13:51:32 - Shut down camera Successful 
2024-09-23 13:51:32 - CTM complete. Powering Down MagnaPS 
2024-09-23 13:51:32 - Shutdown Complete 
2024-09-23 14:00:01 - Passed Sunrise 
2024-09-23 14:00:01 - Error in checking rc log shutting down
2024-09-23 14:00:01 - Shutting Down Camera 
2024-09-23 14:01:31 - Shut down camera Successful 
2024-09-23 14:01:31 - CTM complete. Powering Down MagnaPS 
2024-09-23 14:01:31 - Shutdown Complete 
2024-09-23 14:10:01 - Passed Sunrise 
2024-09-23 14:10:01 - Error in checking rc log shutting down
2024-09-23 14:10:01 - Shutting Down Camera 
2024-09-23 14:11:31 - Shut down camera Successful 
2024-09-23 14:11:31 - CTM complete. Powering Down MagnaPS 
2024-09-23 14:11:31 - Shutdown Complete 
2024-09-23 14:20:01 - Passed Sunrise 
2024-09-23 14:20:01 - Error in checking rc log shutting down
2024-09-23 14:20:01 - Shutting Down Camera 
2024-09-23 14:21:31 - Shut down camera Successful 
2024-09-23 14:21:31 - CTM complete. Powering Down MagnaPS 
2024-09-23 14:21:32 - Shutdown Complete 
2024-09-23 14:30:01 - Passed Sunrise 
2024-09-23 14:30:01 - Error in checking rc log shutting down
2024-09-23 14:30:01 - Shutting Down Camera 
2024-09-23 14:31:31 - Shut down camera Successful 
2024-09-23 14:31:31 - CTM complete. Powering Down MagnaPS 
2024-09-23 14:31:31 - Shutdown Complete 
2024-09-23 14:40:01 - Passed Sunrise 
2024-09-23 14:40:01 - Error in checking rc log shutting down
2024-09-23 14:40:01 - Shutting Down Camera 
2024-09-23 14:41:31 - Shut down camera Successful 
2024-09-23 14:41:31 - CTM complete. Powering Down MagnaPS 
2024-09-23 14:41:31 - Shutdown Complete 
2024-09-23 14:50:01 - Passed Sunrise 
2024-09-23 14:50:01 - Error in checking rc log shutting down
2024-09-23 14:50:01 - Shutting Down Camera 
2024-09-23 14:51:31 - Shut down camera Successful 
2024-09-23 14:51:31 - CTM complete. Powering Down MagnaPS 
2024-09-23 14:51:31 - Shutdown Complete 
2024-09-23 20:01:01 - Added sunrise_time: 2024-09-24 12:45:08 
2024-09-24 10:00:01 - Before Sunrise 
2024-09-24 10:10:01 - Before Sunrise 
2024-09-24 10:20:01 - Before Sunrise 
2024-09-24 10:30:01 - Before Sunrise 
2024-09-24 10:40:01 - Before Sunrise 
2024-09-24 10:50:01 - Before Sunrise 
2024-09-24 11:00:01 - Before Sunrise 
2024-09-24 11:10:01 - Before Sunrise 
2024-09-24 11:20:01 - Before Sunrise 
2024-09-24 11:30:01 - Before Sunrise 
2024-09-24 11:40:01 - Before Sunrise 
2024-09-24 11:50:01 - Before Sunrise 
2024-09-24 12:00:01 - Before Sunrise 
2024-09-24 12:10:01 - Before Sunrise 
2024-09-24 12:20:01 - Before Sunrise 
2024-09-24 12:30:01 - Before Sunrise 
2024-09-24 12:40:01 - Before Sunrise 
2024-09-24 12:50:01 - Passed Sunrise 
2024-09-24 12:50:01 - Error in checking rc log shutting down
2024-09-24 12:50:01 - Shutting Down Camera 
2024-09-24 12:51:31 - Shut down camera Successful 
2024-09-24 12:51:31 - CTM complete. Powering Down MagnaPS 
2024-09-24 12:51:33 - Shutdown Complete 
2024-09-24 13:00:01 - Passed Sunrise 
2024-09-24 13:00:01 - Error in checking rc log shutting down
2024-09-24 13:00:01 - Shutting Down Camera 
2024-09-24 13:01:31 - Shut down camera Successful 
2024-09-24 13:01:31 - CTM complete. Powering Down MagnaPS 
2024-09-24 13:01:33 - Shutdown Complete 
2024-09-24 13:10:02 - Passed Sunrise 
2024-09-24 13:10:02 - Error in checking rc log shutting down
2024-09-24 13:10:02 - Shutting Down Camera 
2024-09-24 13:11:32 - Shut down camera Successful 
2024-09-24 13:11:32 - CTM complete. Powering Down MagnaPS 
2024-09-24 13:11:34 - Shutdown Complete 
2024-09-24 13:20:01 - Passed Sunrise 
2024-09-24 13:20:01 - Error in checking rc log shutting down
2024-09-24 13:20:01 - Shutting Down Camera 
2024-09-24 13:21:31 - Shut down camera Successful 
2024-09-24 13:21:31 - CTM complete. Powering Down MagnaPS 
2024-09-24 13:21:33 - Shutdown Complete 
2024-09-24 13:30:01 - Passed Sunrise 
2024-09-24 13:30:01 - Error in checking rc log shutting down
2024-09-24 13:30:01 - Shutting Down Camera 
2024-09-24 13:31:31 - Shut down camera Successful 
2024-09-24 13:31:31 - CTM complete. Powering Down MagnaPS 
2024-09-24 13:31:33 - Shutdown Complete 
2024-09-24 13:40:01 - Passed Sunrise 
2024-09-24 13:40:01 - Error in checking rc log shutting down
2024-09-24 13:40:01 - Shutting Down Camera 
2024-09-24 13:41:31 - Shut down camera Successful 
2024-09-24 13:41:31 - CTM complete. Powering Down MagnaPS 
2024-09-24 13:41:33 - Shutdown Complete 
2024-09-24 13:50:01 - Passed Sunrise 
2024-09-24 13:50:01 - Error in checking rc log shutting down
2024-09-24 13:50:01 - Shutting Down Camera 
2024-09-24 13:51:31 - Shut down camera Successful 
2024-09-24 13:51:31 - CTM complete. Powering Down MagnaPS 
2024-09-24 13:51:34 - Shutdown Complete 
2024-09-24 14:00:01 - Passed Sunrise 
2024-09-24 14:00:01 - Error in checking rc log shutting down
2024-09-24 14:00:01 - Shutting Down Camera 
2024-09-24 14:01:31 - Shut down camera Successful 
2024-09-24 14:01:31 - CTM complete. Powering Down MagnaPS 
2024-09-24 14:01:33 - Shutdown Complete 
2024-09-24 14:10:01 - Passed Sunrise 
2024-09-24 14:10:01 - Error in checking rc log shutting down
2024-09-24 14:10:01 - Shutting Down Camera 
2024-09-24 14:11:31 - Shut down camera Successful 
2024-09-24 14:11:31 - CTM complete. Powering Down MagnaPS 
2024-09-24 14:11:33 - Shutdown Complete 
2024-09-24 14:20:01 - Passed Sunrise 
2024-09-24 14:20:01 - Error in checking rc log shutting down
2024-09-24 14:20:01 - Shutting Down Camera 
2024-09-24 14:21:31 - Shut down camera Successful 
2024-09-24 14:21:31 - CTM complete. Powering Down MagnaPS 
2024-09-24 14:21:33 - Shutdown Complete 
2024-09-24 14:30:01 - Passed Sunrise 
2024-09-24 14:30:01 - Error in checking rc log shutting down
2024-09-24 14:30:01 - Shutting Down Camera 
2024-09-24 14:31:31 - Shut down camera Successful 
2024-09-24 14:31:31 - CTM complete. Powering Down MagnaPS 
2024-09-24 14:31:33 - Shutdown Complete 
2024-09-24 14:40:01 - Passed Sunrise 
2024-09-24 14:40:01 - Error in checking rc log shutting down
2024-09-24 14:40:01 - Shutting Down Camera 
2024-09-24 14:41:31 - Shut down camera Successful 
2024-09-24 14:41:31 - CTM complete. Powering Down MagnaPS 
2024-09-24 14:41:33 - Shutdown Complete 
2024-09-24 14:50:01 - Passed Sunrise 
2024-09-24 14:50:01 - Error in checking rc log shutting down
2024-09-24 14:50:01 - Shutting Down Camera 
2024-09-24 14:51:31 - Shut down camera Successful 
2024-09-24 14:51:31 - CTM complete. Powering Down MagnaPS 
2024-09-24 14:51:33 - Shutdown Complete 
2024-09-24 20:01:01 - Added sunrise_time: 2024-09-25 12:46:03 
2024-09-25 10:00:01 - Before Sunrise 
2024-09-25 10:10:01 - Before Sunrise 
2024-09-25 10:20:01 - Before Sunrise 
2024-09-25 10:30:01 - Before Sunrise 
2024-09-25 10:40:01 - Before Sunrise 
2024-09-25 10:50:01 - Before Sunrise 
2024-09-25 11:00:01 - Before Sunrise 
2024-09-25 11:10:01 - Before Sunrise 
2024-09-25 11:20:01 - Before Sunrise 
2024-09-25 11:30:01 - Before Sunrise 
2024-09-25 11:40:01 - Before Sunrise 
2024-09-25 11:50:01 - Before Sunrise 
2024-09-25 12:00:01 - Before Sunrise 
2024-09-25 12:10:01 - Before Sunrise 
2024-09-25 12:20:01 - Before Sunrise 
2024-09-25 12:30:01 - Before Sunrise 
2024-09-25 12:40:02 - Before Sunrise 
2024-09-25 12:50:01 - Passed Sunrise 
2024-09-25 12:50:01 - Error in checking rc log shutting down
2024-09-25 12:50:01 - Shutting Down Camera 
2024-09-25 12:51:31 - Shut down camera Successful 
2024-09-25 12:51:31 - CTM complete. Powering Down MagnaPS 
2024-09-25 12:51:33 - Shutdown Complete 
2024-09-25 13:00:01 - Passed Sunrise 
2024-09-25 13:00:01 - Error in checking rc log shutting down
2024-09-25 13:00:01 - Shutting Down Camera 
2024-09-25 13:01:31 - Shut down camera Successful 
2024-09-25 13:01:31 - CTM complete. Powering Down MagnaPS 
2024-09-25 13:01:33 - Shutdown Complete 
2024-09-25 13:10:01 - Passed Sunrise 
2024-09-25 13:10:01 - Error in checking rc log shutting down
2024-09-25 13:10:01 - Shutting Down Camera 
2024-09-25 13:11:31 - Shut down camera Successful 
2024-09-25 13:11:31 - CTM complete. Powering Down MagnaPS 
2024-09-25 13:11:33 - Shutdown Complete 
2024-09-25 13:20:01 - Passed Sunrise 
2024-09-25 13:20:01 - Error in checking rc log shutting down
2024-09-25 13:20:01 - Shutting Down Camera 
2024-09-25 13:21:31 - Shut down camera Successful 
2024-09-25 13:21:31 - CTM complete. Powering Down MagnaPS 
2024-09-25 13:21:33 - Shutdown Complete 
2024-09-25 13:30:02 - Passed Sunrise 
2024-09-25 13:30:02 - Error in checking rc log shutting down
2024-09-25 13:30:02 - Shutting Down Camera 
2024-09-25 13:31:32 - Shut down camera Successful 
2024-09-25 13:31:32 - CTM complete. Powering Down MagnaPS 
2024-09-25 13:31:34 - Shutdown Complete 
2024-09-25 13:40:01 - Passed Sunrise 
2024-09-25 13:40:01 - Error in checking rc log shutting down
2024-09-25 13:40:01 - Shutting Down Camera 
2024-09-25 13:41:31 - Shut down camera Successful 
2024-09-25 13:41:31 - CTM complete. Powering Down MagnaPS 
2024-09-25 13:41:33 - Shutdown Complete 
2024-09-25 13:50:01 - Passed Sunrise 
2024-09-25 13:50:01 - Error in checking rc log shutting down
2024-09-25 13:50:01 - Shutting Down Camera 
2024-09-25 13:51:31 - Shut down camera Successful 
2024-09-25 13:51:31 - CTM complete. Powering Down MagnaPS 
2024-09-25 13:51:33 - Shutdown Complete 
2024-09-25 14:00:01 - Passed Sunrise 
2024-09-25 14:00:01 - Error in checking rc log shutting down
2024-09-25 14:00:01 - Shutting Down Camera 
2024-09-25 14:01:31 - Shut down camera Successful 
2024-09-25 14:01:31 - CTM complete. Powering Down MagnaPS 
2024-09-25 14:01:33 - Shutdown Complete 
2024-09-25 14:10:01 - Passed Sunrise 
2024-09-25 14:10:01 - Error in checking rc log shutting down
2024-09-25 14:10:01 - Shutting Down Camera 
2024-09-25 14:11:31 - Shut down camera Successful 
2024-09-25 14:11:31 - CTM complete. Powering Down MagnaPS 
2024-09-25 14:11:33 - Shutdown Complete 
2024-09-25 14:20:02 - Passed Sunrise 
2024-09-25 14:20:02 - Error in checking rc log shutting down
2024-09-25 14:20:02 - Shutting Down Camera 
2024-09-25 14:21:32 - Shut down camera Successful 
2024-09-25 14:21:32 - CTM complete. Powering Down MagnaPS 
2024-09-25 14:21:34 - Shutdown Complete 
2024-09-25 14:30:01 - Passed Sunrise 
2024-09-25 14:30:01 - Error in checking rc log shutting down
2024-09-25 14:30:01 - Shutting Down Camera 
2024-09-25 14:31:31 - Shut down camera Successful 
2024-09-25 14:31:31 - CTM complete. Powering Down MagnaPS 
2024-09-25 14:31:33 - Shutdown Complete 
2024-09-25 14:40:01 - Passed Sunrise 
2024-09-25 14:40:01 - Error in checking rc log shutting down
2024-09-25 14:40:01 - Shutting Down Camera 
2024-09-25 14:41:31 - Shut down camera Successful 
2024-09-25 14:41:31 - CTM complete. Powering Down MagnaPS 
2024-09-25 14:41:33 - Shutdown Complete 
2024-09-25 14:50:01 - Passed Sunrise 
2024-09-25 14:50:01 - Error in checking rc log shutting down
2024-09-25 14:50:01 - Shutting Down Camera 
2024-09-25 14:51:31 - Shut down camera Successful 
2024-09-25 14:51:31 - CTM complete. Powering Down MagnaPS 
2024-09-25 14:51:33 - Shutdown Complete 
2024-09-25 20:01:01 - Added sunrise_time: 2024-09-26 12:46:57 
2024-09-26 10:00:01 - Before Sunrise 
2024-09-26 10:10:01 - Before Sunrise 
2024-09-26 10:20:01 - Before Sunrise 
2024-09-26 10:30:01 - Before Sunrise 
2024-09-26 10:40:02 - Before Sunrise 
2024-09-26 10:50:01 - Before Sunrise 
2024-09-26 11:00:01 - Before Sunrise 
2024-09-26 11:10:01 - Before Sunrise 
2024-09-26 11:20:01 - Before Sunrise 
2024-09-26 11:30:01 - Before Sunrise 
2024-09-26 11:40:01 - Before Sunrise 
2024-09-26 11:50:01 - Before Sunrise 
2024-09-26 12:00:01 - Before Sunrise 
2024-09-26 12:10:01 - Before Sunrise 
2024-09-26 12:20:01 - Before Sunrise 
2024-09-26 12:30:01 - Before Sunrise 
2024-09-26 12:40:01 - Before Sunrise 
2024-09-26 12:50:01 - Passed Sunrise 
2024-09-26 12:50:01 - Error in checking rc log shutting down
2024-09-26 12:50:01 - Shutting Down Camera 
2024-09-26 12:51:31 - Shut down camera Successful 
2024-09-26 12:51:31 - CTM complete. Powering Down MagnaPS 
2024-09-26 12:51:33 - Shutdown Complete 
2024-09-26 13:00:01 - Passed Sunrise 
2024-09-26 13:00:01 - Error in checking rc log shutting down
2024-09-26 13:00:01 - Shutting Down Camera 
2024-09-26 13:01:31 - Shut down camera Successful 
2024-09-26 13:01:31 - CTM complete. Powering Down MagnaPS 
2024-09-26 13:01:33 - Shutdown Complete 
2024-09-26 13:10:01 - Passed Sunrise 
2024-09-26 13:10:01 - Error in checking rc log shutting down
2024-09-26 13:10:01 - Shutting Down Camera 
2024-09-26 13:11:31 - Shut down camera Successful 
2024-09-26 13:11:31 - CTM complete. Powering Down MagnaPS 
2024-09-26 13:11:33 - Shutdown Complete 
2024-09-26 13:20:01 - Passed Sunrise 
2024-09-26 13:20:01 - Error in checking rc log shutting down
2024-09-26 13:20:01 - Shutting Down Camera 
2024-09-26 13:21:31 - Shut down camera Successful 
2024-09-26 13:21:31 - CTM complete. Powering Down MagnaPS 
2024-09-26 13:21:34 - Shutdown Complete 
2024-09-26 13:30:01 - Passed Sunrise 
2024-09-26 13:30:01 - Error in checking rc log shutting down
2024-09-26 13:30:01 - Shutting Down Camera 
2024-09-26 13:31:31 - Shut down camera Successful 
2024-09-26 13:31:31 - CTM complete. Powering Down MagnaPS 
2024-09-26 13:31:33 - Shutdown Complete 
2024-09-26 13:40:01 - Passed Sunrise 
2024-09-26 13:40:01 - Error in checking rc log shutting down
2024-09-26 13:40:01 - Shutting Down Camera 
2024-09-26 13:41:31 - Shut down camera Successful 
2024-09-26 13:41:31 - CTM complete. Powering Down MagnaPS 
2024-09-26 13:41:33 - Shutdown Complete 
2024-09-26 13:50:01 - Passed Sunrise 
2024-09-26 13:50:01 - Error in checking rc log shutting down
2024-09-26 13:50:01 - Shutting Down Camera 
2024-09-26 13:51:31 - Shut down camera Successful 
2024-09-26 13:51:31 - CTM complete. Powering Down MagnaPS 
2024-09-26 13:51:33 - Shutdown Complete 
2024-09-26 14:00:01 - Passed Sunrise 
2024-09-26 14:00:01 - Error in checking rc log shutting down
2024-09-26 14:00:01 - Shutting Down Camera 
2024-09-26 14:01:31 - Shut down camera Successful 
2024-09-26 14:01:31 - CTM complete. Powering Down MagnaPS 
2024-09-26 14:01:33 - Shutdown Complete 
2024-09-26 14:10:01 - Passed Sunrise 
2024-09-26 14:10:01 - Error in checking rc log shutting down
2024-09-26 14:10:01 - Shutting Down Camera 
2024-09-26 14:11:31 - Shut down camera Successful 
2024-09-26 14:11:31 - CTM complete. Powering Down MagnaPS 
2024-09-26 14:11:33 - Shutdown Complete 
2024-09-26 14:20:01 - Passed Sunrise 
2024-09-26 14:20:01 - Error in checking rc log shutting down
2024-09-26 14:20:01 - Shutting Down Camera 
2024-09-26 14:21:31 - Shut down camera Successful 
2024-09-26 14:21:31 - CTM complete. Powering Down MagnaPS 
2024-09-26 14:21:33 - Shutdown Complete 
2024-09-26 14:30:01 - Passed Sunrise 
2024-09-26 14:30:01 - Error in checking rc log shutting down
2024-09-26 14:30:01 - Shutting Down Camera 
2024-09-26 14:31:31 - Shut down camera Successful 
2024-09-26 14:31:31 - CTM complete. Powering Down MagnaPS 
2024-09-26 14:31:33 - Shutdown Complete 
2024-09-26 14:40:01 - Passed Sunrise 
2024-09-26 14:40:01 - Error in checking rc log shutting down
2024-09-26 14:40:01 - Shutting Down Camera 
2024-09-26 14:41:31 - Shut down camera Successful 
2024-09-26 14:41:31 - CTM complete. Powering Down MagnaPS 
2024-09-26 14:41:33 - Shutdown Complete 
2024-09-26 14:50:01 - Passed Sunrise 
2024-09-26 14:50:01 - Error in checking rc log shutting down
2024-09-26 14:50:01 - Shutting Down Camera 
2024-09-26 14:51:31 - Shut down camera Successful 
2024-09-26 14:51:31 - CTM complete. Powering Down MagnaPS 
2024-09-26 14:51:33 - Shutdown Complete 
