2024-03-19 15:33:58,623 - INFO - Moonrise Time: 03-19 20:33
2024-03-19 15:33:58,623 - INFO - Moonset Time: 03-19 11:08
2024-03-19 15:33:58,623 - INFO - Sunrise Time: 03-19 13:39
2024-03-19 15:33:58,623 - INFO - Sunset Time: 03-19 01:43
2024-03-19 15:33:58,623 - INFO - [1mStart Time: 03-19 11:08[0m
2024-03-19 15:33:58,623 - INFO - [1mEnd Time: 03-19 12:09[0m
2024-03-19 15:33:58,623 - INFO - Times have been written to eon_times.txt
2024-03-19 15:34:08,865 - INFO - Output: spawn scp -i /root/.ssh/trinitySite /data/TrinityLabComputer/scheduling/schedule.jpg trinity@130.207.49.19:/httpdocs/wp-content/uploads/demonstrator-uploads/Schedule.jpg
Warning: Identity file /root/.ssh/trinitySite not accessible: Permission denied.
#################################################################
#     Georgia Institute of Technology - Terms of use            #
#                                                               #
# This computer system is the property of the Georgia Institute #
# of Technology. Any user of this system must comply with all   #
# Institute and Board of Regents policies, including the        #
# Acceptable Use Policy, Cyber Security Policy and Data Privacy #
# Policy (http://b.gatech.edu/it-policies). Users should have   #
# no expectation of privacy, as any and all files on this       #
# system may be intercepted, monitored, recorded, copied,       #
# inspected, and/or disclosed to authorized personnel in order  #
# to meet Institute obligations.                                # 
#                                                               #
# By using this system, I acknowledge and consent to these      # 
# terms.                                                        #
#################################################################

trinity@130.207.49.19's password: 
2024-03-19 15:35:57,757 - INFO - Moonrise Time: 03-19 20:33
2024-03-19 15:35:57,757 - INFO - Moonset Time: 03-19 11:08
2024-03-19 15:35:57,757 - INFO - Sunrise Time: 03-19 13:39
2024-03-19 15:35:57,757 - INFO - Sunset Time: 03-19 01:43
2024-03-19 15:35:57,757 - INFO - [1mStart Time: 03-19 11:08[0m
2024-03-19 15:35:57,757 - INFO - [1mEnd Time: 03-19 12:09[0m
2024-03-19 15:35:57,757 - INFO - Times have been written to eon_times.txt
2024-03-19 15:35:58,233 - INFO - Output: spawn scp -i /root/.ssh/trinitySite /data/TrinityLabComputer/scheduling/schedule.jpg trinity@130.207.49.19:/httpdocs/wp-content/uploads/demonstrator-uploads/Schedule.jpg
#################################################################
#     Georgia Institute of Technology - Terms of use            #
#                                                               #
# This computer system is the property of the Georgia Institute #
# of Technology. Any user of this system must comply with all   #
# Institute and Board of Regents policies, including the        #
# Acceptable Use Policy, Cyber Security Policy and Data Privacy #
# Policy (http://b.gatech.edu/it-policies). Users should have   #
# no expectation of privacy, as any and all files on this       #
# system may be intercepted, monitored, recorded, copied,       #
# inspected, and/or disclosed to authorized personnel in order  #
# to meet Institute obligations.                                # 
#                                                               #
# By using this system, I acknowledge and consent to these      # 
# terms.                                                        #
#################################################################

schedule.jpg                                                                                                                                                                  0%    0     0.0KB/s   --:-- ETA
schedule.jpg                                                                                                                                                                100%   45KB  13.0MB/s   00:00    

2024-03-19 15:36:07,864 - INFO - Moonrise Time: 03-19 20:33
2024-03-19 15:36:07,864 - INFO - Moonset Time: 03-19 11:08
2024-03-19 15:36:07,864 - INFO - Sunrise Time: 03-19 13:39
2024-03-19 15:36:07,864 - INFO - Sunset Time: 03-19 01:43
2024-03-19 15:36:07,864 - INFO - [1mStart Time: 03-19 11:08[0m
2024-03-19 15:36:07,864 - INFO - [1mEnd Time: 03-19 12:09[0m
2024-03-19 15:36:07,864 - INFO - Times have been written to eon_times.txt
2024-03-19 15:36:08,361 - INFO - Output: spawn scp -i /root/.ssh/trinitySite /data/TrinityLabComputer/scheduling/schedule.jpg trinity@130.207.49.19:/httpdocs/wp-content/uploads/demonstrator-uploads/Schedule.jpg
#################################################################
#     Georgia Institute of Technology - Terms of use            #
#                                                               #
# This computer system is the property of the Georgia Institute #
# of Technology. Any user of this system must comply with all   #
# Institute and Board of Regents policies, including the        #
# Acceptable Use Policy, Cyber Security Policy and Data Privacy #
# Policy (http://b.gatech.edu/it-policies). Users should have   #
# no expectation of privacy, as any and all files on this       #
# system may be intercepted, monitored, recorded, copied,       #
# inspected, and/or disclosed to authorized personnel in order  #
# to meet Institute obligations.                                # 
#                                                               #
# By using this system, I acknowledge and consent to these      # 
# terms.                                                        #
#################################################################

schedule.jpg                                                                                                                                                                  0%    0     0.0KB/s   --:-- ETA
schedule.jpg                                                                                                                                                                100%   45KB  14.0MB/s   00:00    

2024-03-19 15:36:30,185 - INFO - Moonrise Time: 03-19 20:33
2024-03-19 15:36:30,185 - INFO - Moonset Time: 03-19 11:08
2024-03-19 15:36:30,185 - INFO - Sunrise Time: 03-19 13:39
2024-03-19 15:36:30,185 - INFO - Sunset Time: 03-19 01:43
2024-03-19 15:36:30,185 - INFO - [1mStart Time: 03-19 11:08[0m
2024-03-19 15:36:30,185 - INFO - [1mEnd Time: 03-19 12:09[0m
2024-03-19 15:36:30,185 - INFO - Times have been written to eon_times.txt
2024-03-19 15:36:30,670 - INFO - Output: spawn scp -i /root/.ssh/trinitySite /data/TrinityLabComputer/scheduling/schedule.jpg trinity@130.207.49.19:/httpdocs/wp-content/uploads/demonstrator-uploads/Schedule.jpg
#################################################################
#     Georgia Institute of Technology - Terms of use            #
#                                                               #
# This computer system is the property of the Georgia Institute #
# of Technology. Any user of this system must comply with all   #
# Institute and Board of Regents policies, including the        #
# Acceptable Use Policy, Cyber Security Policy and Data Privacy #
# Policy (http://b.gatech.edu/it-policies). Users should have   #
# no expectation of privacy, as any and all files on this       #
# system may be intercepted, monitored, recorded, copied,       #
# inspected, and/or disclosed to authorized personnel in order  #
# to meet Institute obligations.                                # 
#                                                               #
# By using this system, I acknowledge and consent to these      # 
# terms.                                                        #
#################################################################

schedule.jpg                                                                                                                                                                  0%    0     0.0KB/s   --:-- ETA
schedule.jpg                                                                                                                                                                100%   45KB  13.8MB/s   00:00    

2024-03-19 15:38:14,235 - INFO - Moonrise Time: 03-19 20:33
2024-03-19 15:38:14,235 - INFO - Moonset Time: 03-19 11:08
2024-03-19 15:38:14,235 - INFO - Sunrise Time: 03-19 13:39
2024-03-19 15:38:14,235 - INFO - Sunset Time: 03-19 01:43
2024-03-19 15:38:14,235 - INFO - [1mStart Time: 03-19 11:08[0m
2024-03-19 15:38:14,235 - INFO - [1mEnd Time: 03-19 12:09[0m
2024-03-19 15:38:14,235 - INFO - Times have been written to eon_times.txt
2024-03-19 15:38:14,739 - INFO - Output: spawn scp -i /root/.ssh/trinitySite /data/TrinityLabComputer/scheduling/schedule.jpg trinity@130.207.49.19:/httpdocs/wp-content/uploads/demonstrator-uploads/Schedule.jpg
#################################################################
#     Georgia Institute of Technology - Terms of use            #
#                                                               #
# This computer system is the property of the Georgia Institute #
# of Technology. Any user of this system must comply with all   #
# Institute and Board of Regents policies, including the        #
# Acceptable Use Policy, Cyber Security Policy and Data Privacy #
# Policy (http://b.gatech.edu/it-policies). Users should have   #
# no expectation of privacy, as any and all files on this       #
# system may be intercepted, monitored, recorded, copied,       #
# inspected, and/or disclosed to authorized personnel in order  #
# to meet Institute obligations.                                # 
#                                                               #
# By using this system, I acknowledge and consent to these      # 
# terms.                                                        #
#################################################################

schedule.jpg                                                                                                                                                                  0%    0     0.0KB/s   --:-- ETA
schedule.jpg                                                                                                                                                                100%   45KB  15.4MB/s   00:00    

2024-03-19 15:41:03,090 - INFO - Moonrise Time: 03-19 20:33
2024-03-19 15:41:03,090 - INFO - Moonset Time: 03-19 11:08
2024-03-19 15:41:03,090 - INFO - Sunrise Time: 03-19 13:39
2024-03-19 15:41:03,090 - INFO - Sunset Time: 03-19 01:43
2024-03-19 15:41:03,090 - INFO - [1mStart Time: 03-19 11:08[0m
2024-03-19 15:41:03,090 - INFO - [1mEnd Time: 03-19 12:09[0m
2024-03-19 15:41:03,090 - INFO - Times have been written to eon_times.txt
2024-03-19 15:41:03,561 - INFO - Output: spawn scp -i /root/.ssh/trinitySite /data/TrinityLabComputer/scheduling/schedule.jpg trinity@130.207.49.19:/httpdocs/wp-content/uploads/demonstrator-uploads/Schedule.jpg
#################################################################
#     Georgia Institute of Technology - Terms of use            #
#                                                               #
# This computer system is the property of the Georgia Institute #
# of Technology. Any user of this system must comply with all   #
# Institute and Board of Regents policies, including the        #
# Acceptable Use Policy, Cyber Security Policy and Data Privacy #
# Policy (http://b.gatech.edu/it-policies). Users should have   #
# no expectation of privacy, as any and all files on this       #
# system may be intercepted, monitored, recorded, copied,       #
# inspected, and/or disclosed to authorized personnel in order  #
# to meet Institute obligations.                                # 
#                                                               #
# By using this system, I acknowledge and consent to these      # 
# terms.                                                        #
#################################################################

schedule.jpg                                                                                                                                                                  0%    0     0.0KB/s   --:-- ETA
schedule.jpg                                                                                                                                                                100%   45KB  14.2MB/s   00:00    

2024-03-19 15:42:41,710 - INFO - Moonrise Time: 03-19 20:33
2024-03-19 15:42:41,710 - INFO - Moonset Time: 03-19 11:08
2024-03-19 15:42:41,710 - INFO - Sunrise Time: 03-19 13:39
2024-03-19 15:42:41,710 - INFO - Sunset Time: 03-19 01:43
2024-03-19 15:42:41,710 - INFO - [1mStart Time: 03-19 11:08[0m
2024-03-19 15:42:41,710 - INFO - [1mEnd Time: 03-19 12:09[0m
2024-03-19 15:42:41,710 - INFO - Times have been written to eon_times.txt
2024-03-19 15:42:41,930 - ERROR - An error occurred: [Errno 2] No such file or directory: 'sudo ./update_site.exp'
2024-03-19 15:53:50,189 - INFO - Moonrise Time: 03-19 20:33
2024-03-19 15:53:50,189 - INFO - Moonset Time: 03-19 11:08
2024-03-19 15:53:50,189 - INFO - Sunrise Time: 03-19 13:39
2024-03-19 15:53:50,189 - INFO - Sunset Time: 03-19 01:43
2024-03-19 15:53:50,189 - INFO - [1mStart Time: 03-19 11:08[0m
2024-03-19 15:53:50,189 - INFO - [1mEnd Time: 03-19 12:09[0m
2024-03-19 15:53:50,189 - INFO - Times have been written to eon_times.txt
2024-03-19 15:53:50,321 - ERROR - An error occurred: [Errno 2] No such file or directory: 'sudo ./update_site.exp'
2024-03-19 15:56:00,139 - INFO - Moonrise Time: 03-19 20:33
2024-03-19 15:56:00,139 - INFO - Moonset Time: 03-19 11:08
2024-03-19 15:56:00,139 - INFO - Sunrise Time: 03-19 13:39
2024-03-19 15:56:00,139 - INFO - Sunset Time: 03-19 01:43
2024-03-19 15:56:00,139 - INFO - [1mStart Time: 03-19 11:08[0m
2024-03-19 15:56:00,139 - INFO - [1mEnd Time: 03-19 12:09[0m
2024-03-19 15:56:00,140 - INFO - Times have been written to eon_times.txt
2024-03-19 15:56:00,271 - ERROR - An error occurred: [Errno 2] No such file or directory: 'sudo ./update_site.exp'
2024-03-19 15:57:34,623 - INFO - Moonrise Time: 03-19 20:33
2024-03-19 15:57:34,623 - INFO - Moonset Time: 03-19 11:08
2024-03-19 15:57:34,623 - INFO - Sunrise Time: 03-19 13:39
2024-03-19 15:57:34,623 - INFO - Sunset Time: 03-19 01:43
2024-03-19 15:57:34,623 - INFO - [1mStart Time: 03-19 11:08[0m
2024-03-19 15:57:34,623 - INFO - [1mEnd Time: 03-19 12:09[0m
2024-03-19 15:57:34,623 - INFO - Times have been written to eon_times.txt
2024-03-19 15:57:34,754 - ERROR - An error occurred: [Errno 2] No such file or directory: '/home/TrinityLabComputer/scheduling/'
2024-03-19 15:59:23,763 - INFO - Moonrise Time: 03-19 20:33
2024-03-19 15:59:23,764 - INFO - Moonset Time: 03-19 11:08
2024-03-19 15:59:23,764 - INFO - Sunrise Time: 03-19 13:39
2024-03-19 15:59:23,764 - INFO - Sunset Time: 03-19 01:43
2024-03-19 15:59:23,764 - INFO - [1mStart Time: 03-19 11:08[0m
2024-03-19 15:59:23,764 - INFO - [1mEnd Time: 03-19 12:09[0m
2024-03-19 15:59:23,764 - INFO - Times have been written to eon_times.txt
2024-03-19 15:59:23,895 - ERROR - An error occurred: [Errno 2] No such file or directory: 'sudo ./update_site.exp'
2024-03-19 16:00:44,648 - INFO - Moonrise Time: 03-19 20:33
2024-03-19 16:00:44,648 - INFO - Moonset Time: 03-19 11:08
2024-03-19 16:00:44,648 - INFO - Sunrise Time: 03-19 13:39
2024-03-19 16:00:44,648 - INFO - Sunset Time: 03-19 01:43
2024-03-19 16:00:44,648 - INFO - [1mStart Time: 03-19 11:08[0m
2024-03-19 16:00:44,648 - INFO - [1mEnd Time: 03-19 12:09[0m
2024-03-19 16:00:44,648 - INFO - Times have been written to eon_times.txt
2024-03-19 16:00:45,117 - INFO - Output: spawn scp -i /root/.ssh/trinitySite /data/TrinityLabComputer/scheduling/schedule.jpg trinity@130.207.49.19:/httpdocs/wp-content/uploads/demonstrator-uploads/Schedule.jpg
#################################################################
#     Georgia Institute of Technology - Terms of use            #
#                                                               #
# This computer system is the property of the Georgia Institute #
# of Technology. Any user of this system must comply with all   #
# Institute and Board of Regents policies, including the        #
# Acceptable Use Policy, Cyber Security Policy and Data Privacy #
# Policy (http://b.gatech.edu/it-policies). Users should have   #
# no expectation of privacy, as any and all files on this       #
# system may be intercepted, monitored, recorded, copied,       #
# inspected, and/or disclosed to authorized personnel in order  #
# to meet Institute obligations.                                # 
#                                                               #
# By using this system, I acknowledge and consent to these      # 
# terms.                                                        #
#################################################################

schedule.jpg                                                                                                                                                                  0%    0     0.0KB/s   --:-- ETA
schedule.jpg                                                                                                                                                                100%   45KB  11.2MB/s   00:00    

2024-03-20 13:25:02,832 - INFO - Moonrise Time: 03-20 21:35
2024-03-20 13:25:02,832 - INFO - Moonset Time: 03-20 11:44
2024-03-20 13:25:02,832 - INFO - Sunrise Time: 03-20 13:38
2024-03-20 13:25:02,832 - INFO - Sunset Time: 03-20 01:44
2024-03-20 13:25:02,832 - INFO - [1mStart Time: 03-20 03:14[0m
2024-03-20 13:25:02,832 - INFO - [1mEnd Time: 03-20 04:12[0m
2024-03-20 13:25:02,832 - INFO - Times have been written to eon_times.txt
2024-03-20 13:25:03,307 - INFO - Output: spawn scp -i /root/.ssh/trinitySite /data/TrinityLabComputer/scheduling/schedule.jpg trinity@130.207.49.19:/httpdocs/wp-content/uploads/demonstrator-uploads/Schedule.jpg
#################################################################
#     Georgia Institute of Technology - Terms of use            #
#                                                               #
# This computer system is the property of the Georgia Institute #
# of Technology. Any user of this system must comply with all   #
# Institute and Board of Regents policies, including the        #
# Acceptable Use Policy, Cyber Security Policy and Data Privacy #
# Policy (http://b.gatech.edu/it-policies). Users should have   #
# no expectation of privacy, as any and all files on this       #
# system may be intercepted, monitored, recorded, copied,       #
# inspected, and/or disclosed to authorized personnel in order  #
# to meet Institute obligations.                                # 
#                                                               #
# By using this system, I acknowledge and consent to these      # 
# terms.                                                        #
#################################################################

schedule.jpg                                    0%    0     0.0KB/s   --:-- ETA
schedule.jpg                                  100%   46KB  13.1MB/s   00:00    

2024-03-21 11:00:05,642 - INFO - Moonrise Time: 03-21 22:37
2024-03-21 11:00:05,643 - INFO - Moonset Time: 03-21 12:13
2024-03-21 11:00:05,643 - INFO - Sunrise Time: 03-21 13:36
2024-03-21 11:00:05,644 - INFO - Sunset Time: 03-21 01:45
2024-03-21 11:00:05,644 - INFO - [1mStart Time: 03-21 03:15[0m
2024-03-21 11:00:05,644 - INFO - [1mEnd Time: 03-21 04:58[0m
2024-03-21 11:00:05,644 - INFO - Times have been written to eon_times.txt
2024-03-21 11:00:06,166 - INFO - Output: spawn scp -i /root/.ssh/trinitySite /data/TrinityLabComputer/scheduling/schedule.jpg trinity@130.207.49.19:/httpdocs/wp-content/uploads/demonstrator-uploads/Schedule.jpg
#################################################################
#     Georgia Institute of Technology - Terms of use            #
#                                                               #
# This computer system is the property of the Georgia Institute #
# of Technology. Any user of this system must comply with all   #
# Institute and Board of Regents policies, including the        #
# Acceptable Use Policy, Cyber Security Policy and Data Privacy #
# Policy (http://b.gatech.edu/it-policies). Users should have   #
# no expectation of privacy, as any and all files on this       #
# system may be intercepted, monitored, recorded, copied,       #
# inspected, and/or disclosed to authorized personnel in order  #
# to meet Institute obligations.                                # 
#                                                               #
# By using this system, I acknowledge and consent to these      # 
# terms.                                                        #
#################################################################

schedule.jpg                                    0%    0     0.0KB/s   --:-- ETA
schedule.jpg                                  100%   45KB  11.9MB/s   00:00    

2024-03-22 11:00:05,911 - INFO - Moonrise Time: 03-22 23:37
2024-03-22 11:00:05,911 - INFO - Moonset Time: 03-22 12:38
2024-03-22 11:00:05,912 - INFO - Sunrise Time: 03-22 13:34
2024-03-22 11:00:05,912 - INFO - Sunset Time: 03-22 01:46
2024-03-22 11:00:05,912 - INFO - [1mStart Time: 03-22 03:16[0m
2024-03-22 11:00:05,912 - INFO - [1mEnd Time: 03-22 05:41[0m
2024-03-22 11:00:05,912 - INFO - Times have been written to eon_times.txt
2024-03-22 11:00:06,382 - INFO - Output: spawn scp -i /root/.ssh/trinitySite /data/TrinityLabComputer/scheduling/schedule.jpg trinity@130.207.49.19:/httpdocs/wp-content/uploads/demonstrator-uploads/Schedule.jpg
#################################################################
#     Georgia Institute of Technology - Terms of use            #
#                                                               #
# This computer system is the property of the Georgia Institute #
# of Technology. Any user of this system must comply with all   #
# Institute and Board of Regents policies, including the        #
# Acceptable Use Policy, Cyber Security Policy and Data Privacy #
# Policy (http://b.gatech.edu/it-policies). Users should have   #
# no expectation of privacy, as any and all files on this       #
# system may be intercepted, monitored, recorded, copied,       #
# inspected, and/or disclosed to authorized personnel in order  #
# to meet Institute obligations.                                # 
#                                                               #
# By using this system, I acknowledge and consent to these      # 
# terms.                                                        #
#################################################################

schedule.jpg                                    0%    0     0.0KB/s   --:-- ETA
schedule.jpg                                  100%   45KB   7.6MB/s   00:00    

2024-03-22 11:44:35,423 - INFO - Moonrise Time: 03-24 00:36
2024-03-22 11:44:35,423 - INFO - Moonset Time: 03-23 13:01
2024-03-22 11:44:35,423 - INFO - Sunrise Time: 03-23 13:33
2024-03-22 11:44:35,423 - INFO - Sunset Time: 03-23 01:47
2024-03-22 11:44:35,423 - INFO - [1mStart Time: 03-23 03:17[0m
2024-03-22 11:44:35,423 - INFO - [1mEnd Time: 03-23 06:21[0m
2024-03-22 11:44:35,423 - INFO - Times have been written to eon_times.txt
2024-03-22 11:44:36,040 - INFO - Output: spawn scp -i /root/.ssh/trinitySite /data/TrinityLabComputer/scheduling/schedule.jpg trinity@130.207.49.19:/httpdocs/wp-content/uploads/demonstrator-uploads/Schedule.jpg
#################################################################
#     Georgia Institute of Technology - Terms of use            #
#                                                               #
# This computer system is the property of the Georgia Institute #
# of Technology. Any user of this system must comply with all   #
# Institute and Board of Regents policies, including the        #
# Acceptable Use Policy, Cyber Security Policy and Data Privacy #
# Policy (http://b.gatech.edu/it-policies). Users should have   #
# no expectation of privacy, as any and all files on this       #
# system may be intercepted, monitored, recorded, copied,       #
# inspected, and/or disclosed to authorized personnel in order  #
# to meet Institute obligations.                                # 
#                                                               #
# By using this system, I acknowledge and consent to these      # 
# terms.                                                        #
#################################################################

schedule.jpg                                                                                                                                                                                                                                                  0%    0     0.0KB/s   --:-- ETA
schedule.jpg                                                                                                                                                                                                                                                100%   45KB   4.6MB/s   00:00    

2024-03-23 11:00:06,549 - INFO - Moonrise Time: 03-24 00:36
2024-03-23 11:00:06,550 - INFO - Moonset Time: 03-24 13:21
2024-03-23 11:00:06,550 - INFO - Sunrise Time: 03-24 13:31
2024-03-23 11:00:06,550 - INFO - Sunset Time: 03-24 01:48
2024-03-23 11:00:06,550 - INFO - [1mStart Time: 03-24 03:18[0m
2024-03-23 11:00:06,550 - INFO - [1mEnd Time: 03-24 07:00[0m
2024-03-23 11:00:06,550 - INFO - Times have been written to eon_times.txt
2024-03-23 11:00:16,795 - INFO - Output: spawn scp -i /root/.ssh/trinitySite /data/TrinityLabComputer/scheduling/schedule.jpg trinity@130.207.49.19:/httpdocs/wp-content/uploads/demonstrator-uploads/Schedule.jpg

2024-03-24 11:00:05,757 - INFO - Moonrise Time: 03-25 01:34
2024-03-24 11:00:05,757 - INFO - Moonset Time: 03-25 13:41
2024-03-24 11:00:05,757 - INFO - Sunrise Time: 03-25 13:30
2024-03-24 11:00:05,757 - INFO - Sunset Time: 03-25 01:49
2024-03-24 11:00:05,757 - INFO - [1mStart Time: 03-25 03:19[0m
2024-03-24 11:00:05,757 - INFO - [1mEnd Time: 03-25 07:39[0m
2024-03-24 11:00:05,758 - INFO - Times have been written to eon_times.txt
2024-03-24 11:00:06,273 - INFO - Output: spawn scp -i /root/.ssh/trinitySite /data/TrinityLabComputer/scheduling/schedule.jpg trinity@130.207.49.19:/httpdocs/wp-content/uploads/demonstrator-uploads/Schedule.jpg
#################################################################
#     Georgia Institute of Technology - Terms of use            #
#                                                               #
# This computer system is the property of the Georgia Institute #
# of Technology. Any user of this system must comply with all   #
# Institute and Board of Regents policies, including the        #
# Acceptable Use Policy, Cyber Security Policy and Data Privacy #
# Policy (http://b.gatech.edu/it-policies). Users should have   #
# no expectation of privacy, as any and all files on this       #
# system may be intercepted, monitored, recorded, copied,       #
# inspected, and/or disclosed to authorized personnel in order  #
# to meet Institute obligations.                                # 
#                                                               #
# By using this system, I acknowledge and consent to these      # 
# terms.                                                        #
#################################################################

schedule.jpg                                    0%    0     0.0KB/s   --:-- ETA
schedule.jpg                                  100%   44KB  11.8MB/s   00:00    

2024-03-25 11:00:05,341 - INFO - Moonrise Time: 03-26 02:32
2024-03-25 11:00:05,341 - INFO - Moonset Time: 03-26 14:02
2024-03-25 11:00:05,341 - INFO - Sunrise Time: 03-26 13:28
2024-03-25 11:00:05,341 - INFO - Sunset Time: 03-26 01:50
2024-03-25 11:00:05,341 - INFO - [1mStart Time: 03-26 03:20[0m
2024-03-25 11:00:05,341 - INFO - [1mEnd Time: 03-26 08:17[0m
2024-03-25 11:00:05,341 - INFO - Times have been written to eon_times.txt
2024-03-25 11:00:05,821 - INFO - Output: spawn scp -i /root/.ssh/trinitySite /data/TrinityLabComputer/scheduling/schedule.jpg trinity@130.207.49.19:/httpdocs/wp-content/uploads/demonstrator-uploads/Schedule.jpg
#################################################################
#     Georgia Institute of Technology - Terms of use            #
#                                                               #
# This computer system is the property of the Georgia Institute #
# of Technology. Any user of this system must comply with all   #
# Institute and Board of Regents policies, including the        #
# Acceptable Use Policy, Cyber Security Policy and Data Privacy #
# Policy (http://b.gatech.edu/it-policies). Users should have   #
# no expectation of privacy, as any and all files on this       #
# system may be intercepted, monitored, recorded, copied,       #
# inspected, and/or disclosed to authorized personnel in order  #
# to meet Institute obligations.                                # 
#                                                               #
# By using this system, I acknowledge and consent to these      # 
# terms.                                                        #
#################################################################

schedule.jpg                                    0%    0     0.0KB/s   --:-- ETA
schedule.jpg                                  100%   45KB  13.5MB/s   00:00    

2024-03-26 11:00:05,999 - INFO - Moonrise Time: 03-27 03:32
2024-03-26 11:00:05,999 - INFO - Moonset Time: 03-27 14:24
2024-03-26 11:00:05,999 - INFO - Sunrise Time: 03-27 13:27
2024-03-26 11:00:05,999 - INFO - Sunset Time: 03-27 01:51
2024-03-26 11:00:05,999 - INFO - [1mStart Time: 03-27 03:21[0m
2024-03-26 11:00:05,999 - INFO - [1mEnd Time: 03-27 08:58[0m
2024-03-26 11:00:05,999 - INFO - Times have been written to eon_times.txt
2024-03-26 11:00:06,462 - INFO - Output: spawn scp -i /root/.ssh/trinitySite /data/TrinityLabComputer/scheduling/schedule.jpg trinity@130.207.49.19:/httpdocs/wp-content/uploads/demonstrator-uploads/Schedule.jpg
#################################################################
#     Georgia Institute of Technology - Terms of use            #
#                                                               #
# This computer system is the property of the Georgia Institute #
# of Technology. Any user of this system must comply with all   #
# Institute and Board of Regents policies, including the        #
# Acceptable Use Policy, Cyber Security Policy and Data Privacy #
# Policy (http://b.gatech.edu/it-policies). Users should have   #
# no expectation of privacy, as any and all files on this       #
# system may be intercepted, monitored, recorded, copied,       #
# inspected, and/or disclosed to authorized personnel in order  #
# to meet Institute obligations.                                # 
#                                                               #
# By using this system, I acknowledge and consent to these      # 
# terms.                                                        #
#################################################################

schedule.jpg                                    0%    0     0.0KB/s   --:-- ETA
schedule.jpg                                  100%   46KB  10.1MB/s   00:00    

2024-03-27 11:00:05,537 - INFO - Moonrise Time: 03-28 04:34
2024-03-27 11:00:05,537 - INFO - Moonset Time: 03-28 14:50
2024-03-27 11:00:05,537 - INFO - Sunrise Time: 03-28 13:25
2024-03-27 11:00:05,537 - INFO - Sunset Time: 03-28 01:51
2024-03-27 11:00:05,537 - INFO - [1mStart Time: 03-28 03:21[0m
2024-03-27 11:00:05,537 - INFO - [1mEnd Time: 03-28 09:41[0m
2024-03-27 11:00:05,537 - INFO - Times have been written to eon_times.txt
2024-03-27 11:00:06,001 - INFO - Output: spawn scp -i /root/.ssh/trinitySite /data/TrinityLabComputer/scheduling/schedule.jpg trinity@130.207.49.19:/httpdocs/wp-content/uploads/demonstrator-uploads/Schedule.jpg
#################################################################
#     Georgia Institute of Technology - Terms of use            #
#                                                               #
# This computer system is the property of the Georgia Institute #
# of Technology. Any user of this system must comply with all   #
# Institute and Board of Regents policies, including the        #
# Acceptable Use Policy, Cyber Security Policy and Data Privacy #
# Policy (http://b.gatech.edu/it-policies). Users should have   #
# no expectation of privacy, as any and all files on this       #
# system may be intercepted, monitored, recorded, copied,       #
# inspected, and/or disclosed to authorized personnel in order  #
# to meet Institute obligations.                                # 
#                                                               #
# By using this system, I acknowledge and consent to these      # 
# terms.                                                        #
#################################################################

schedule.jpg                                    0%    0     0.0KB/s   --:-- ETA
schedule.jpg                                  100%   46KB  11.6MB/s   00:00    

2024-03-28 11:00:07,168 - INFO - Moonrise Time: 03-29 05:38
2024-03-28 11:00:07,168 - INFO - Moonset Time: 03-29 15:20
2024-03-28 11:00:07,168 - INFO - Sunrise Time: 03-29 13:24
2024-03-28 11:00:07,168 - INFO - Sunset Time: 03-29 01:52
2024-03-28 11:00:07,168 - INFO - [1mStart Time: 03-29 03:22[0m
2024-03-28 11:00:07,168 - INFO - [1mEnd Time: 03-29 10:28[0m
2024-03-28 11:00:07,168 - INFO - Times have been written to eon_times.txt
2024-03-28 11:00:07,616 - INFO - Output: spawn scp -i /root/.ssh/trinitySite /data/TrinityLabComputer/scheduling/schedule.jpg trinity@130.207.49.19:/httpdocs/wp-content/uploads/demonstrator-uploads/Schedule.jpg
#################################################################
#     Georgia Institute of Technology - Terms of use            #
#                                                               #
# This computer system is the property of the Georgia Institute #
# of Technology. Any user of this system must comply with all   #
# Institute and Board of Regents policies, including the        #
# Acceptable Use Policy, Cyber Security Policy and Data Privacy #
# Policy (http://b.gatech.edu/it-policies). Users should have   #
# no expectation of privacy, as any and all files on this       #
# system may be intercepted, monitored, recorded, copied,       #
# inspected, and/or disclosed to authorized personnel in order  #
# to meet Institute obligations.                                # 
#                                                               #
# By using this system, I acknowledge and consent to these      # 
# terms.                                                        #
#################################################################

schedule.jpg                                    0%    0     0.0KB/s   --:-- ETA
schedule.jpg                                  100%   47KB   9.4MB/s   00:00    

2024-03-29 11:00:05,728 - INFO - Moonrise Time: 03-30 06:43
2024-03-29 11:00:05,728 - INFO - Moonset Time: 03-30 15:57
2024-03-29 11:00:05,728 - INFO - Sunrise Time: 03-30 13:22
2024-03-29 11:00:05,728 - INFO - Sunset Time: 03-30 01:53
2024-03-29 11:00:05,728 - INFO - [1mStart Time: 03-30 03:23[0m
2024-03-29 11:00:05,728 - INFO - [1mEnd Time: 03-30 11:20[0m
2024-03-29 11:00:05,729 - INFO - Times have been written to eon_times.txt
2024-03-29 11:00:06,203 - INFO - Output: spawn scp -i /root/.ssh/trinitySite /data/TrinityLabComputer/scheduling/schedule.jpg trinity@130.207.49.19:/httpdocs/wp-content/uploads/demonstrator-uploads/Schedule.jpg
#################################################################
#     Georgia Institute of Technology - Terms of use            #
#                                                               #
# This computer system is the property of the Georgia Institute #
# of Technology. Any user of this system must comply with all   #
# Institute and Board of Regents policies, including the        #
# Acceptable Use Policy, Cyber Security Policy and Data Privacy #
# Policy (http://b.gatech.edu/it-policies). Users should have   #
# no expectation of privacy, as any and all files on this       #
# system may be intercepted, monitored, recorded, copied,       #
# inspected, and/or disclosed to authorized personnel in order  #
# to meet Institute obligations.                                # 
#                                                               #
# By using this system, I acknowledge and consent to these      # 
# terms.                                                        #
#################################################################

schedule.jpg                                    0%    0     0.0KB/s   --:-- ETA
schedule.jpg                                  100%   46KB  11.2MB/s   00:00    

2024-03-30 11:00:07,506 - INFO - Moonrise Time: 03-31 07:49
2024-03-30 11:00:07,508 - INFO - Moonset Time: 03-31 16:44
2024-03-30 11:00:07,508 - INFO - Sunrise Time: 03-31 13:20
2024-03-30 11:00:07,508 - INFO - Sunset Time: 03-31 01:54
2024-03-30 11:00:07,508 - INFO - [1mStart Time: 03-31 03:24[0m
2024-03-30 11:00:07,508 - INFO - [1mEnd Time: 03-31 11:50[0m
2024-03-30 11:00:07,508 - INFO - Times have been written to eon_times.txt
2024-03-30 11:00:07,969 - INFO - Output: spawn scp -i /root/.ssh/trinitySite /data/TrinityLabComputer/scheduling/schedule.jpg trinity@130.207.49.19:/httpdocs/wp-content/uploads/demonstrator-uploads/Schedule.jpg
#################################################################
#     Georgia Institute of Technology - Terms of use            #
#                                                               #
# This computer system is the property of the Georgia Institute #
# of Technology. Any user of this system must comply with all   #
# Institute and Board of Regents policies, including the        #
# Acceptable Use Policy, Cyber Security Policy and Data Privacy #
# Policy (http://b.gatech.edu/it-policies). Users should have   #
# no expectation of privacy, as any and all files on this       #
# system may be intercepted, monitored, recorded, copied,       #
# inspected, and/or disclosed to authorized personnel in order  #
# to meet Institute obligations.                                # 
#                                                               #
# By using this system, I acknowledge and consent to these      # 
# terms.                                                        #
#################################################################

schedule.jpg                                    0%    0     0.0KB/s   --:-- ETA
schedule.jpg                                  100%   45KB   6.1MB/s   00:00    

2024-03-31 11:00:06,041 - INFO - Moonrise Time: 04-01 08:50
2024-03-31 11:00:06,041 - INFO - Moonset Time: 04-01 17:41
2024-03-31 11:00:06,041 - INFO - Sunrise Time: 04-01 13:19
2024-03-31 11:00:06,041 - INFO - Sunset Time: 04-01 01:55
2024-03-31 11:00:06,041 - INFO - [1mStart Time: 04-01 03:25[0m
2024-03-31 11:00:06,041 - INFO - [1mEnd Time: 04-01 11:49[0m
2024-03-31 11:00:06,041 - INFO - Times have been written to eon_times.txt
2024-03-31 11:00:06,534 - INFO - Output: spawn scp -i /root/.ssh/trinitySite /data/TrinityLabComputer/scheduling/schedule.jpg trinity@130.207.49.19:/httpdocs/wp-content/uploads/demonstrator-uploads/Schedule.jpg
#################################################################
#     Georgia Institute of Technology - Terms of use            #
#                                                               #
# This computer system is the property of the Georgia Institute #
# of Technology. Any user of this system must comply with all   #
# Institute and Board of Regents policies, including the        #
# Acceptable Use Policy, Cyber Security Policy and Data Privacy #
# Policy (http://b.gatech.edu/it-policies). Users should have   #
# no expectation of privacy, as any and all files on this       #
# system may be intercepted, monitored, recorded, copied,       #
# inspected, and/or disclosed to authorized personnel in order  #
# to meet Institute obligations.                                # 
#                                                               #
# By using this system, I acknowledge and consent to these      # 
# terms.                                                        #
#################################################################

schedule.jpg                                    0%    0     0.0KB/s   --:-- ETA
schedule.jpg                                  100%   45KB   8.6MB/s   00:00    

2024-04-01 11:00:05,893 - INFO - Moonrise Time: 04-02 09:45
2024-04-01 11:00:05,893 - INFO - Moonset Time: 04-02 18:47
2024-04-01 11:00:05,893 - INFO - Sunrise Time: 04-02 13:17
2024-04-01 11:00:05,893 - INFO - Sunset Time: 04-02 01:56
2024-04-01 11:00:05,893 - INFO - [1mStart Time: 04-02 03:26[0m
2024-04-01 11:00:05,893 - INFO - [1mEnd Time: 04-02 11:47[0m
2024-04-01 11:00:05,893 - INFO - Times have been written to eon_times.txt
2024-04-01 11:00:06,396 - INFO - Output: spawn scp -i /root/.ssh/trinitySite /data/TrinityLabComputer/scheduling/schedule.jpg trinity@130.207.49.19:/httpdocs/wp-content/uploads/demonstrator-uploads/Schedule.jpg
#################################################################
#     Georgia Institute of Technology - Terms of use            #
#                                                               #
# This computer system is the property of the Georgia Institute #
# of Technology. Any user of this system must comply with all   #
# Institute and Board of Regents policies, including the        #
# Acceptable Use Policy, Cyber Security Policy and Data Privacy #
# Policy (http://b.gatech.edu/it-policies). Users should have   #
# no expectation of privacy, as any and all files on this       #
# system may be intercepted, monitored, recorded, copied,       #
# inspected, and/or disclosed to authorized personnel in order  #
# to meet Institute obligations.                                # 
#                                                               #
# By using this system, I acknowledge and consent to these      # 
# terms.                                                        #
#################################################################

schedule.jpg                                    0%    0     0.0KB/s   --:-- ETA
schedule.jpg                                  100%   46KB  11.9MB/s   00:00    

2024-04-02 11:00:02,393 - INFO - Moonrise Time: 04-03 10:31
2024-04-02 11:00:02,393 - INFO - Moonset Time: 04-03 20:00
2024-04-02 11:00:02,393 - INFO - Sunrise Time: 04-03 13:16
2024-04-02 11:00:02,393 - INFO - Sunset Time: 04-03 01:57
2024-04-02 11:00:02,393 - INFO - [1mStart Time: 04-03 03:27[0m
2024-04-02 11:00:02,393 - INFO - [1mEnd Time: 04-03 11:46[0m
2024-04-02 11:00:02,393 - INFO - Times have been written to eon_times.txt
2024-04-02 11:00:03,060 - INFO - Output: spawn scp -i /root/.ssh/trinitySite /data/TrinityLabComputer/scheduling/schedule.jpg trinity@130.207.49.19:/httpdocs/wp-content/uploads/demonstrator-uploads/Schedule.jpg
#################################################################
#     Georgia Institute of Technology - Terms of use            #
#                                                               #
# This computer system is the property of the Georgia Institute #
# of Technology. Any user of this system must comply with all   #
# Institute and Board of Regents policies, including the        #
# Acceptable Use Policy, Cyber Security Policy and Data Privacy #
# Policy (http://b.gatech.edu/it-policies). Users should have   #
# no expectation of privacy, as any and all files on this       #
# system may be intercepted, monitored, recorded, copied,       #
# inspected, and/or disclosed to authorized personnel in order  #
# to meet Institute obligations.                                # 
#                                                               #
# By using this system, I acknowledge and consent to these      # 
# terms.                                                        #
#################################################################

schedule.jpg                                    0%    0     0.0KB/s   --:-- ETA
schedule.jpg                                  100%   46KB   9.9MB/s   00:00    

2024-04-03 11:00:02,545 - INFO - Moonrise Time: 04-04 11:10
2024-04-03 11:00:02,545 - INFO - Moonset Time: 04-04 21:16
2024-04-03 11:00:02,545 - INFO - Sunrise Time: 04-04 13:14
2024-04-03 11:00:02,545 - INFO - Sunset Time: 04-04 01:58
2024-04-03 11:00:02,545 - INFO - [1mStart Time: 04-04 03:28[0m
2024-04-03 11:00:02,545 - INFO - [1mEnd Time: 04-04 11:44[0m
2024-04-03 11:00:02,545 - INFO - Times have been written to eon_times.txt
2024-04-03 11:00:03,244 - INFO - Output: spawn scp -i /root/.ssh/trinitySite /data/TrinityLabComputer/scheduling/schedule.jpg trinity@130.207.49.19:/httpdocs/wp-content/uploads/demonstrator-uploads/Schedule.jpg
#################################################################
#     Georgia Institute of Technology - Terms of use            #
#                                                               #
# This computer system is the property of the Georgia Institute #
# of Technology. Any user of this system must comply with all   #
# Institute and Board of Regents policies, including the        #
# Acceptable Use Policy, Cyber Security Policy and Data Privacy #
# Policy (http://b.gatech.edu/it-policies). Users should have   #
# no expectation of privacy, as any and all files on this       #
# system may be intercepted, monitored, recorded, copied,       #
# inspected, and/or disclosed to authorized personnel in order  #
# to meet Institute obligations.                                # 
#                                                               #
# By using this system, I acknowledge and consent to these      # 
# terms.                                                        #
#################################################################

schedule.jpg                                    0%    0     0.0KB/s   --:-- ETA
schedule.jpg                                  100%   45KB  12.7MB/s   00:00    

2024-04-04 11:00:02,256 - INFO - Moonrise Time: 04-05 11:43
2024-04-04 11:00:02,256 - INFO - Moonset Time: 04-05 22:33
2024-04-04 11:00:02,256 - INFO - Sunrise Time: 04-05 13:13
2024-04-04 11:00:02,256 - INFO - Sunset Time: 04-05 01:59
2024-04-04 11:00:02,257 - INFO - [1mStart Time: 04-05 03:29[0m
2024-04-04 11:00:02,257 - INFO - [1mEnd Time: 04-05 11:43[0m
2024-04-04 11:00:02,257 - INFO - Times have been written to eon_times.txt
2024-04-04 11:00:02,695 - INFO - Output: spawn scp -i /root/.ssh/trinitySite /data/TrinityLabComputer/scheduling/schedule.jpg trinity@130.207.49.19:/httpdocs/wp-content/uploads/demonstrator-uploads/Schedule.jpg
#################################################################
#     Georgia Institute of Technology - Terms of use            #
#                                                               #
# This computer system is the property of the Georgia Institute #
# of Technology. Any user of this system must comply with all   #
# Institute and Board of Regents policies, including the        #
# Acceptable Use Policy, Cyber Security Policy and Data Privacy #
# Policy (http://b.gatech.edu/it-policies). Users should have   #
# no expectation of privacy, as any and all files on this       #
# system may be intercepted, monitored, recorded, copied,       #
# inspected, and/or disclosed to authorized personnel in order  #
# to meet Institute obligations.                                # 
#                                                               #
# By using this system, I acknowledge and consent to these      # 
# terms.                                                        #
#################################################################

schedule.jpg                                    0%    0     0.0KB/s   --:-- ETA
schedule.jpg                                  100%   45KB  12.1MB/s   00:00    

2024-04-05 11:00:02,551 - INFO - Moonrise Time: 04-06 12:12
2024-04-05 11:00:02,551 - INFO - Moonset Time: 04-06 23:50
2024-04-05 11:00:02,551 - INFO - Sunrise Time: 04-06 13:11
2024-04-05 11:00:02,552 - INFO - Sunset Time: 04-06 02:00
2024-04-05 11:00:02,552 - INFO - [1mStart Time: 04-06 03:30[0m
2024-04-05 11:00:02,552 - INFO - [1mEnd Time: 04-06 11:41[0m
2024-04-05 11:00:02,552 - INFO - Times have been written to eon_times.txt
2024-04-05 11:00:12,767 - INFO - Output: spawn scp -i /root/.ssh/trinitySite /data/TrinityLabComputer/scheduling/schedule.jpg trinity@130.207.49.19:/httpdocs/wp-content/uploads/demonstrator-uploads/Schedule.jpg

2024-04-06 11:00:02,661 - INFO - Moonrise Time: 04-07 12:39
2024-04-06 11:00:02,661 - INFO - Moonset Time: 04-08 01:06
2024-04-06 11:00:02,661 - INFO - Sunrise Time: 04-07 13:10
2024-04-06 11:00:02,661 - INFO - Sunset Time: 04-07 02:01
2024-04-06 11:00:02,661 - INFO - [1mStart Time: 04-07 03:31[0m
2024-04-06 11:00:02,661 - INFO - [1mEnd Time: 04-07 11:40[0m
2024-04-06 11:00:02,661 - INFO - Times have been written to eon_times.txt
2024-04-06 11:00:03,250 - INFO - Output: spawn scp -i /root/.ssh/trinitySite /data/TrinityLabComputer/scheduling/schedule.jpg trinity@130.207.49.19:/httpdocs/wp-content/uploads/demonstrator-uploads/Schedule.jpg
#################################################################
#     Georgia Institute of Technology - Terms of use            #
#                                                               #
# This computer system is the property of the Georgia Institute #
# of Technology. Any user of this system must comply with all   #
# Institute and Board of Regents policies, including the        #
# Acceptable Use Policy, Cyber Security Policy and Data Privacy #
# Policy (http://b.gatech.edu/it-policies). Users should have   #
# no expectation of privacy, as any and all files on this       #
# system may be intercepted, monitored, recorded, copied,       #
# inspected, and/or disclosed to authorized personnel in order  #
# to meet Institute obligations.                                # 
#                                                               #
# By using this system, I acknowledge and consent to these      # 
# terms.                                                        #
#################################################################

schedule.jpg                                    0%    0     0.0KB/s   --:-- ETA
schedule.jpg                                  100%   43KB  12.6MB/s   00:00    

2024-04-07 11:00:02,558 - INFO - Moonrise Time: 04-08 13:06
2024-04-07 11:00:02,558 - INFO - Moonset Time: 04-08 01:06
2024-04-07 11:00:02,558 - INFO - Sunrise Time: 04-08 13:08
2024-04-07 11:00:02,558 - INFO - Sunset Time: 04-08 02:02
2024-04-07 11:00:02,558 - INFO - [1mStart Time: 04-08 03:32[0m
2024-04-07 11:00:02,558 - INFO - [1mEnd Time: 04-08 11:38[0m
2024-04-07 11:00:02,558 - INFO - Times have been written to eon_times.txt
2024-04-07 11:00:03,232 - INFO - Output: spawn scp -i /root/.ssh/trinitySite /data/TrinityLabComputer/scheduling/schedule.jpg trinity@130.207.49.19:/httpdocs/wp-content/uploads/demonstrator-uploads/Schedule.jpg
#################################################################
#     Georgia Institute of Technology - Terms of use            #
#                                                               #
# This computer system is the property of the Georgia Institute #
# of Technology. Any user of this system must comply with all   #
# Institute and Board of Regents policies, including the        #
# Acceptable Use Policy, Cyber Security Policy and Data Privacy #
# Policy (http://b.gatech.edu/it-policies). Users should have   #
# no expectation of privacy, as any and all files on this       #
# system may be intercepted, monitored, recorded, copied,       #
# inspected, and/or disclosed to authorized personnel in order  #
# to meet Institute obligations.                                # 
#                                                               #
# By using this system, I acknowledge and consent to these      # 
# terms.                                                        #
#################################################################

schedule.jpg                                    0%    0     0.0KB/s   --:-- ETA
schedule.jpg                                  100%   42KB   8.1MB/s   00:00    

2024-04-08 11:00:02,571 - INFO - Moonrise Time: 04-09 13:34
2024-04-08 11:00:02,571 - INFO - Moonset Time: 04-09 02:22
2024-04-08 11:00:02,571 - INFO - Sunrise Time: 04-09 13:07
2024-04-08 11:00:02,571 - INFO - Sunset Time: 04-09 02:03
2024-04-08 11:00:02,571 - INFO - [1mStart Time: 04-09 03:33[0m
2024-04-08 11:00:02,571 - INFO - [1mEnd Time: 04-09 11:37[0m
2024-04-08 11:00:02,571 - INFO - Times have been written to eon_times.txt
2024-04-08 11:00:03,133 - INFO - Output: spawn scp -i /root/.ssh/trinitySite /data/TrinityLabComputer/scheduling/schedule.jpg trinity@130.207.49.19:/httpdocs/wp-content/uploads/demonstrator-uploads/Schedule.jpg
#################################################################
#     Georgia Institute of Technology - Terms of use            #
#                                                               #
# This computer system is the property of the Georgia Institute #
# of Technology. Any user of this system must comply with all   #
# Institute and Board of Regents policies, including the        #
# Acceptable Use Policy, Cyber Security Policy and Data Privacy #
# Policy (http://b.gatech.edu/it-policies). Users should have   #
# no expectation of privacy, as any and all files on this       #
# system may be intercepted, monitored, recorded, copied,       #
# inspected, and/or disclosed to authorized personnel in order  #
# to meet Institute obligations.                                # 
#                                                               #
# By using this system, I acknowledge and consent to these      # 
# terms.                                                        #
#################################################################

schedule.jpg                                    0%    0     0.0KB/s   --:-- ETA
schedule.jpg                                  100%   42KB  10.2MB/s   00:00    

2024-04-09 11:00:02,199 - INFO - Moonrise Time: 04-10 14:06
2024-04-09 11:00:02,199 - INFO - Moonset Time: 04-10 03:39
2024-04-09 11:00:02,199 - INFO - Sunrise Time: 04-10 13:05
2024-04-09 11:00:02,199 - INFO - Sunset Time: 04-10 02:04
2024-04-09 11:00:02,199 - INFO - [1mStart Time: 04-10 03:39[0m
2024-04-09 11:00:02,199 - INFO - [1mEnd Time: 04-10 11:35[0m
2024-04-09 11:00:02,200 - INFO - Times have been written to eon_times.txt
2024-04-09 11:00:02,782 - INFO - Output: spawn scp -i /root/.ssh/trinitySite /data/TrinityLabComputer/scheduling/schedule.jpg trinity@130.207.49.19:/httpdocs/wp-content/uploads/demonstrator-uploads/Schedule.jpg
#################################################################
#     Georgia Institute of Technology - Terms of use            #
#                                                               #
# This computer system is the property of the Georgia Institute #
# of Technology. Any user of this system must comply with all   #
# Institute and Board of Regents policies, including the        #
# Acceptable Use Policy, Cyber Security Policy and Data Privacy #
# Policy (http://b.gatech.edu/it-policies). Users should have   #
# no expectation of privacy, as any and all files on this       #
# system may be intercepted, monitored, recorded, copied,       #
# inspected, and/or disclosed to authorized personnel in order  #
# to meet Institute obligations.                                # 
#                                                               #
# By using this system, I acknowledge and consent to these      # 
# terms.                                                        #
#################################################################

schedule.jpg                                    0%    0     0.0KB/s   --:-- ETA
schedule.jpg                                  100%   44KB   9.9MB/s   00:00    

2024-04-10 11:00:01,805 - INFO - Moonrise Time: 04-11 14:44
2024-04-10 11:00:01,805 - INFO - Moonset Time: 04-11 04:56
2024-04-10 11:00:01,805 - INFO - Sunrise Time: 04-11 13:04
2024-04-10 11:00:01,805 - INFO - Sunset Time: 04-11 02:05
2024-04-10 11:00:01,805 - INFO - [1mStart Time: 04-11 04:56[0m
2024-04-10 11:00:01,805 - INFO - [1mEnd Time: 04-11 11:34[0m
2024-04-10 11:00:01,805 - INFO - Times have been written to eon_times.txt
2024-04-10 11:00:02,305 - INFO - Output: spawn scp -i /root/.ssh/trinitySite /data/TrinityLabComputer/scheduling/schedule.jpg trinity@130.207.49.19:/httpdocs/wp-content/uploads/demonstrator-uploads/Schedule.jpg
#################################################################
#     Georgia Institute of Technology - Terms of use            #
#                                                               #
# This computer system is the property of the Georgia Institute #
# of Technology. Any user of this system must comply with all   #
# Institute and Board of Regents policies, including the        #
# Acceptable Use Policy, Cyber Security Policy and Data Privacy #
# Policy (http://b.gatech.edu/it-policies). Users should have   #
# no expectation of privacy, as any and all files on this       #
# system may be intercepted, monitored, recorded, copied,       #
# inspected, and/or disclosed to authorized personnel in order  #
# to meet Institute obligations.                                # 
#                                                               #
# By using this system, I acknowledge and consent to these      # 
# terms.                                                        #
#################################################################

schedule.jpg                                    0%    0     0.0KB/s   --:-- ETA
schedule.jpg                                  100%   44KB  13.0MB/s   00:00    

2024-04-11 11:00:01,947 - INFO - Moonrise Time: 04-12 15:29
2024-04-11 11:00:01,948 - INFO - Moonset Time: 04-12 06:10
2024-04-11 11:00:01,948 - INFO - Sunrise Time: 04-12 13:02
2024-04-11 11:00:01,948 - INFO - Sunset Time: 04-12 02:06
2024-04-11 11:00:01,948 - INFO - [1mStart Time: 04-12 06:10[0m
2024-04-11 11:00:01,948 - INFO - [1mEnd Time: 04-12 11:32[0m
2024-04-11 11:00:01,948 - INFO - Times have been written to eon_times.txt
2024-04-11 11:00:02,435 - INFO - Output: spawn scp -i /root/.ssh/trinitySite /data/TrinityLabComputer/scheduling/schedule.jpg trinity@130.207.49.19:/httpdocs/wp-content/uploads/demonstrator-uploads/Schedule.jpg
#################################################################
#     Georgia Institute of Technology - Terms of use            #
#                                                               #
# This computer system is the property of the Georgia Institute #
# of Technology. Any user of this system must comply with all   #
# Institute and Board of Regents policies, including the        #
# Acceptable Use Policy, Cyber Security Policy and Data Privacy #
# Policy (http://b.gatech.edu/it-policies). Users should have   #
# no expectation of privacy, as any and all files on this       #
# system may be intercepted, monitored, recorded, copied,       #
# inspected, and/or disclosed to authorized personnel in order  #
# to meet Institute obligations.                                # 
#                                                               #
# By using this system, I acknowledge and consent to these      # 
# terms.                                                        #
#################################################################

schedule.jpg                                    0%    0     0.0KB/s   --:-- ETA
schedule.jpg                                  100%   44KB  11.9MB/s   00:00    

2024-04-12 11:00:01,955 - INFO - Moonrise Time: 04-13 16:21
2024-04-12 11:00:01,956 - INFO - Moonset Time: 04-13 07:18
2024-04-12 11:00:01,956 - INFO - Sunrise Time: 04-13 13:01
2024-04-12 11:00:01,956 - INFO - Sunset Time: 04-13 02:07
2024-04-12 11:00:01,956 - INFO - [1mStart Time: 04-13 07:18[0m
2024-04-12 11:00:01,956 - INFO - [1mEnd Time: 04-13 11:31[0m
2024-04-12 11:00:01,956 - INFO - Times have been written to eon_times.txt
2024-04-12 11:00:02,670 - INFO - Output: spawn scp -i /root/.ssh/trinitySite /data/TrinityLabComputer/scheduling/schedule.jpg trinity@130.207.49.19:/httpdocs/wp-content/uploads/demonstrator-uploads/Schedule.jpg
#################################################################
#     Georgia Institute of Technology - Terms of use            #
#                                                               #
# This computer system is the property of the Georgia Institute #
# of Technology. Any user of this system must comply with all   #
# Institute and Board of Regents policies, including the        #
# Acceptable Use Policy, Cyber Security Policy and Data Privacy #
# Policy (http://b.gatech.edu/it-policies). Users should have   #
# no expectation of privacy, as any and all files on this       #
# system may be intercepted, monitored, recorded, copied,       #
# inspected, and/or disclosed to authorized personnel in order  #
# to meet Institute obligations.                                # 
#                                                               #
# By using this system, I acknowledge and consent to these      # 
# terms.                                                        #
#################################################################

schedule.jpg                                    0%    0     0.0KB/s   --:-- ETA
schedule.jpg                                  100%   44KB  12.9MB/s   00:00    

2024-04-13 11:00:01,874 - INFO - Moonrise Time: 04-14 17:20
2024-04-13 11:00:01,874 - INFO - Moonset Time: 04-14 08:17
2024-04-13 11:00:01,874 - INFO - Sunrise Time: 04-14 13:00
2024-04-13 11:00:01,874 - INFO - Sunset Time: 04-14 02:08
2024-04-13 11:00:01,874 - INFO - [1mStart Time: 04-14 08:17[0m
2024-04-13 11:00:01,874 - INFO - [1mEnd Time: 04-14 11:30[0m
2024-04-13 11:00:01,874 - INFO - Times have been written to eon_times.txt
2024-04-13 11:00:02,420 - INFO - Output: spawn scp -i /root/.ssh/trinitySite /data/TrinityLabComputer/scheduling/schedule.jpg trinity@130.207.49.19:/httpdocs/wp-content/uploads/demonstrator-uploads/Schedule.jpg
#################################################################
#     Georgia Institute of Technology - Terms of use            #
#                                                               #
# This computer system is the property of the Georgia Institute #
# of Technology. Any user of this system must comply with all   #
# Institute and Board of Regents policies, including the        #
# Acceptable Use Policy, Cyber Security Policy and Data Privacy #
# Policy (http://b.gatech.edu/it-policies). Users should have   #
# no expectation of privacy, as any and all files on this       #
# system may be intercepted, monitored, recorded, copied,       #
# inspected, and/or disclosed to authorized personnel in order  #
# to meet Institute obligations.                                # 
#                                                               #
# By using this system, I acknowledge and consent to these      # 
# terms.                                                        #
#################################################################

schedule.jpg                                    0%    0     0.0KB/s   --:-- ETA
schedule.jpg                                  100%   45KB  11.1MB/s   00:00    

2024-04-14 11:00:03,017 - INFO - Moonrise Time: 04-15 18:22
2024-04-14 11:00:03,017 - INFO - Moonset Time: 04-15 09:06
2024-04-14 11:00:03,017 - INFO - Sunrise Time: 04-15 12:58
2024-04-14 11:00:03,017 - INFO - Sunset Time: 04-15 02:09
2024-04-14 11:00:03,017 - INFO - [1mStart Time: 04-15 09:06[0m
2024-04-14 11:00:03,017 - INFO - [1mEnd Time: 04-15 11:28[0m
2024-04-14 11:00:03,017 - INFO - Times have been written to eon_times.txt
2024-04-14 11:00:03,522 - INFO - Output: spawn scp -i /root/.ssh/trinitySite /data/TrinityLabComputer/scheduling/schedule.jpg trinity@130.207.49.19:/httpdocs/wp-content/uploads/demonstrator-uploads/Schedule.jpg
#################################################################
#     Georgia Institute of Technology - Terms of use            #
#                                                               #
# This computer system is the property of the Georgia Institute #
# of Technology. Any user of this system must comply with all   #
# Institute and Board of Regents policies, including the        #
# Acceptable Use Policy, Cyber Security Policy and Data Privacy #
# Policy (http://b.gatech.edu/it-policies). Users should have   #
# no expectation of privacy, as any and all files on this       #
# system may be intercepted, monitored, recorded, copied,       #
# inspected, and/or disclosed to authorized personnel in order  #
# to meet Institute obligations.                                # 
#                                                               #
# By using this system, I acknowledge and consent to these      # 
# terms.                                                        #
#################################################################

schedule.jpg                                    0%    0     0.0KB/s   --:-- ETA
schedule.jpg                                  100%   43KB  10.0MB/s   00:00    

2024-04-15 11:00:03,594 - INFO - Moonrise Time: 04-16 19:26
2024-04-15 11:00:03,594 - INFO - Moonset Time: 04-16 09:45
2024-04-15 11:00:03,594 - INFO - Sunrise Time: 04-16 12:57
2024-04-15 11:00:03,594 - INFO - Sunset Time: 04-16 02:09
2024-04-15 11:00:03,594 - INFO - [1mStart Time: 04-16 09:45[0m
2024-04-15 11:00:03,594 - INFO - [1mEnd Time: 04-16 11:27[0m
2024-04-15 11:00:03,594 - INFO - Times have been written to eon_times.txt
2024-04-15 11:00:04,170 - INFO - Output: spawn scp -i /root/.ssh/trinitySite /data/TrinityLabComputer/scheduling/schedule.jpg trinity@130.207.49.19:/httpdocs/wp-content/uploads/demonstrator-uploads/Schedule.jpg
#################################################################
#     Georgia Institute of Technology - Terms of use            #
#                                                               #
# This computer system is the property of the Georgia Institute #
# of Technology. Any user of this system must comply with all   #
# Institute and Board of Regents policies, including the        #
# Acceptable Use Policy, Cyber Security Policy and Data Privacy #
# Policy (http://b.gatech.edu/it-policies). Users should have   #
# no expectation of privacy, as any and all files on this       #
# system may be intercepted, monitored, recorded, copied,       #
# inspected, and/or disclosed to authorized personnel in order  #
# to meet Institute obligations.                                # 
#                                                               #
# By using this system, I acknowledge and consent to these      # 
# terms.                                                        #
#################################################################

schedule.jpg                                    0%    0     0.0KB/s   --:-- ETA
schedule.jpg                                  100%   44KB  12.0MB/s   00:00    

2024-04-15 12:52:48,201 - INFO - Moonrise Time: 04-16 19:26
2024-04-15 12:52:48,201 - INFO - Moonset Time: 04-16 09:45
2024-04-15 12:52:48,201 - INFO - Sunrise Time: 04-16 12:57
2024-04-15 12:52:48,201 - INFO - Sunset Time: 04-16 02:09
2024-04-15 12:52:48,201 - INFO - [1mStart Time: 04-16 09:45[0m
2024-04-15 12:52:48,201 - INFO - [1mEnd Time: 04-16 11:27[0m
2024-04-15 12:52:48,201 - INFO - Times have been written to eon_times.txt
2024-04-15 12:52:48,671 - INFO - Output: spawn scp -i /root/.ssh/trinitySite /data/TrinityLabComputer/scheduling/schedule.jpg trinity@130.207.49.19:/httpdocs/wp-content/uploads/demonstrator-uploads/Schedule.jpg
#################################################################
#     Georgia Institute of Technology - Terms of use            #
#                                                               #
# This computer system is the property of the Georgia Institute #
# of Technology. Any user of this system must comply with all   #
# Institute and Board of Regents policies, including the        #
# Acceptable Use Policy, Cyber Security Policy and Data Privacy #
# Policy (http://b.gatech.edu/it-policies). Users should have   #
# no expectation of privacy, as any and all files on this       #
# system may be intercepted, monitored, recorded, copied,       #
# inspected, and/or disclosed to authorized personnel in order  #
# to meet Institute obligations.                                # 
#                                                               #
# By using this system, I acknowledge and consent to these      # 
# terms.                                                        #
#################################################################

schedule.jpg                                    0%    0     0.0KB/s   --:-- ETA
schedule.jpg                                  100%   49KB  13.5MB/s   00:00    

2024-04-15 12:57:14,284 - INFO - Moonrise Time: 04-16 19:26
2024-04-15 12:57:14,284 - INFO - Moonset Time: 04-16 09:45
2024-04-15 12:57:14,284 - INFO - Sunrise Time: 04-16 12:57
2024-04-15 12:57:14,284 - INFO - Sunset Time: 04-16 02:09
2024-04-15 12:57:14,284 - INFO - [1mStart Time: 04-16 09:45[0m
2024-04-15 12:57:14,284 - INFO - [1mEnd Time: 04-16 11:27[0m
2024-04-15 12:57:14,763 - INFO - Output: spawn scp -i /root/.ssh/trinitySite /data/TrinityLabComputer/scheduling/schedule.jpg trinity@130.207.49.19:/httpdocs/wp-content/uploads/demonstrator-uploads/Schedule.jpg
#################################################################
#     Georgia Institute of Technology - Terms of use            #
#                                                               #
# This computer system is the property of the Georgia Institute #
# of Technology. Any user of this system must comply with all   #
# Institute and Board of Regents policies, including the        #
# Acceptable Use Policy, Cyber Security Policy and Data Privacy #
# Policy (http://b.gatech.edu/it-policies). Users should have   #
# no expectation of privacy, as any and all files on this       #
# system may be intercepted, monitored, recorded, copied,       #
# inspected, and/or disclosed to authorized personnel in order  #
# to meet Institute obligations.                                # 
#                                                               #
# By using this system, I acknowledge and consent to these      # 
# terms.                                                        #
#################################################################

schedule.jpg                                    0%    0     0.0KB/s   --:-- ETA
schedule.jpg                                  100%   45KB  10.3MB/s   00:00    

2024-04-15 12:58:31,718 - INFO - Moonrise Time: 04-16 19:26
2024-04-15 12:58:31,718 - INFO - Moonset Time: 04-16 09:45
2024-04-15 12:58:31,718 - INFO - Sunrise Time: 04-16 12:57
2024-04-15 12:58:31,718 - INFO - Sunset Time: 04-16 02:09
2024-04-15 12:58:31,718 - INFO - [1mStart Time: 04-16 09:45[0m
2024-04-15 12:58:31,718 - INFO - [1mEnd Time: 04-16 11:27[0m
2024-04-15 12:58:32,401 - INFO - Output: spawn scp -i /root/.ssh/trinitySite /data/TrinityLabComputer/scheduling/schedule.jpg trinity@130.207.49.19:/httpdocs/wp-content/uploads/demonstrator-uploads/Schedule.jpg
#################################################################
#     Georgia Institute of Technology - Terms of use            #
#                                                               #
# This computer system is the property of the Georgia Institute #
# of Technology. Any user of this system must comply with all   #
# Institute and Board of Regents policies, including the        #
# Acceptable Use Policy, Cyber Security Policy and Data Privacy #
# Policy (http://b.gatech.edu/it-policies). Users should have   #
# no expectation of privacy, as any and all files on this       #
# system may be intercepted, monitored, recorded, copied,       #
# inspected, and/or disclosed to authorized personnel in order  #
# to meet Institute obligations.                                # 
#                                                               #
# By using this system, I acknowledge and consent to these      # 
# terms.                                                        #
#################################################################

schedule.jpg                                    0%    0     0.0KB/s   --:-- ETA
schedule.jpg                                  100%   46KB   8.4MB/s   00:00    

2024-04-15 13:13:34,842 - INFO - Moonrise Time: 04-16 19:26
2024-04-15 13:13:34,844 - INFO - Moonset Time: 04-16 09:45
2024-04-15 13:13:34,844 - INFO - Sunrise Time: 04-16 12:57
2024-04-15 13:13:34,844 - INFO - Sunset Time: 04-16 02:09
2024-04-15 13:13:34,844 - INFO - [1mStart Time: 04-16 09:45[0m
2024-04-15 13:13:34,844 - INFO - [1mEnd Time: 04-16 11:27[0m
2024-04-15 13:13:57,186 - INFO - Moonrise Time: 04-16 19:26
2024-04-15 13:13:57,186 - INFO - Moonset Time: 04-16 09:45
2024-04-15 13:13:57,186 - INFO - Sunrise Time: 04-16 12:57
2024-04-15 13:13:57,186 - INFO - Sunset Time: 04-16 02:09
2024-04-15 13:13:57,186 - INFO - [1mStart Time: 04-16 09:45[0m
2024-04-15 13:13:57,186 - INFO - [1mEnd Time: 04-16 11:27[0m
2024-04-15 13:13:57,651 - INFO - Output: spawn scp -i /root/.ssh/trinitySite /data/TrinityLabComputer/scheduling/schedule.jpg trinity@130.207.49.19:/httpdocs/wp-content/uploads/demonstrator-uploads/Schedule.jpg
#################################################################
#     Georgia Institute of Technology - Terms of use            #
#                                                               #
# This computer system is the property of the Georgia Institute #
# of Technology. Any user of this system must comply with all   #
# Institute and Board of Regents policies, including the        #
# Acceptable Use Policy, Cyber Security Policy and Data Privacy #
# Policy (http://b.gatech.edu/it-policies). Users should have   #
# no expectation of privacy, as any and all files on this       #
# system may be intercepted, monitored, recorded, copied,       #
# inspected, and/or disclosed to authorized personnel in order  #
# to meet Institute obligations.                                # 
#                                                               #
# By using this system, I acknowledge and consent to these      # 
# terms.                                                        #
#################################################################

schedule.jpg                                    0%    0     0.0KB/s   --:-- ETA
schedule.jpg                                  100%   46KB  15.2MB/s   00:00    

2024-04-15 13:14:52,899 - INFO - Moonrise Time: 04-16 19:26
2024-04-15 13:14:52,899 - INFO - Moonset Time: 04-16 09:45
2024-04-15 13:14:52,899 - INFO - Sunrise Time: 04-16 12:57
2024-04-15 13:14:52,899 - INFO - Sunset Time: 04-16 02:09
2024-04-15 13:14:52,899 - INFO - [1mStart Time: 04-16 09:45[0m
2024-04-15 13:14:52,899 - INFO - [1mEnd Time: 04-16 11:27[0m
2024-04-15 13:14:53,565 - INFO - Output: spawn scp -i /root/.ssh/trinitySite /data/TrinityLabComputer/scheduling/schedule.jpg trinity@130.207.49.19:/httpdocs/wp-content/uploads/demonstrator-uploads/Schedule.jpg
#################################################################
#     Georgia Institute of Technology - Terms of use            #
#                                                               #
# This computer system is the property of the Georgia Institute #
# of Technology. Any user of this system must comply with all   #
# Institute and Board of Regents policies, including the        #
# Acceptable Use Policy, Cyber Security Policy and Data Privacy #
# Policy (http://b.gatech.edu/it-policies). Users should have   #
# no expectation of privacy, as any and all files on this       #
# system may be intercepted, monitored, recorded, copied,       #
# inspected, and/or disclosed to authorized personnel in order  #
# to meet Institute obligations.                                # 
#                                                               #
# By using this system, I acknowledge and consent to these      # 
# terms.                                                        #
#################################################################

schedule.jpg                                    0%    0     0.0KB/s   --:-- ETA
schedule.jpg                                  100%   46KB  15.9MB/s   00:00    

2024-04-15 13:16:20,789 - INFO - Moonrise Time: 04-16 19:26
2024-04-15 13:16:20,789 - INFO - Moonset Time: 04-16 09:45
2024-04-15 13:16:20,789 - INFO - Sunrise Time: 04-16 12:57
2024-04-15 13:16:20,789 - INFO - Sunset Time: 04-16 02:09
2024-04-15 13:16:20,789 - INFO - [1mStart Time: 04-16 09:45[0m
2024-04-15 13:16:20,789 - INFO - [1mEnd Time: 04-16 11:27[0m
2024-04-15 13:17:39,737 - INFO - Moonrise Time: 04-16 19:26
2024-04-15 13:17:39,737 - INFO - Moonset Time: 04-16 09:45
2024-04-15 13:17:39,737 - INFO - Sunrise Time: 04-16 12:57
2024-04-15 13:17:39,737 - INFO - Sunset Time: 04-16 02:09
2024-04-15 13:17:39,737 - INFO - [1mStart Time: 04-16 09:45[0m
2024-04-15 13:17:39,737 - INFO - [1mEnd Time: 04-16 11:27[0m
2024-04-15 13:17:40,275 - INFO - Output: spawn scp -i /root/.ssh/trinitySite /data/TrinityLabComputer/scheduling/schedule.jpg trinity@130.207.49.19:/httpdocs/wp-content/uploads/demonstrator-uploads/Schedule.jpg
#################################################################
#     Georgia Institute of Technology - Terms of use            #
#                                                               #
# This computer system is the property of the Georgia Institute #
# of Technology. Any user of this system must comply with all   #
# Institute and Board of Regents policies, including the        #
# Acceptable Use Policy, Cyber Security Policy and Data Privacy #
# Policy (http://b.gatech.edu/it-policies). Users should have   #
# no expectation of privacy, as any and all files on this       #
# system may be intercepted, monitored, recorded, copied,       #
# inspected, and/or disclosed to authorized personnel in order  #
# to meet Institute obligations.                                # 
#                                                               #
# By using this system, I acknowledge and consent to these      # 
# terms.                                                        #
#################################################################

schedule.jpg                                    0%    0     0.0KB/s   --:-- ETA
schedule.jpg                                  100%   50KB   9.0MB/s   00:00    

2024-04-15 13:26:39,152 - INFO - Moonrise Time: 04-16 19:26
2024-04-15 13:26:39,152 - INFO - Moonset Time: 04-16 09:45
2024-04-15 13:26:39,152 - INFO - Sunrise Time: 04-16 12:57
2024-04-15 13:26:39,152 - INFO - Sunset Time: 04-16 02:09
2024-04-15 13:26:39,152 - INFO - [1mStart Time: 04-16 09:45[0m
2024-04-15 13:26:39,152 - INFO - [1mEnd Time: 04-16 11:27[0m
2024-04-15 13:26:39,661 - INFO - Output: spawn scp -i /root/.ssh/trinitySite /data/TrinityLabComputer/scheduling/schedule.jpg trinity@130.207.49.19:/httpdocs/wp-content/uploads/demonstrator-uploads/Schedule.jpg
#################################################################
#     Georgia Institute of Technology - Terms of use            #
#                                                               #
# This computer system is the property of the Georgia Institute #
# of Technology. Any user of this system must comply with all   #
# Institute and Board of Regents policies, including the        #
# Acceptable Use Policy, Cyber Security Policy and Data Privacy #
# Policy (http://b.gatech.edu/it-policies). Users should have   #
# no expectation of privacy, as any and all files on this       #
# system may be intercepted, monitored, recorded, copied,       #
# inspected, and/or disclosed to authorized personnel in order  #
# to meet Institute obligations.                                # 
#                                                               #
# By using this system, I acknowledge and consent to these      # 
# terms.                                                        #
#################################################################

schedule.jpg                                    0%    0     0.0KB/s   --:-- ETA
schedule.jpg                                  100%   48KB  12.8MB/s   00:00    

2024-04-15 13:27:24,097 - INFO - Moonrise Time: 04-16 19:26
2024-04-15 13:27:24,097 - INFO - Moonset Time: 04-16 09:45
2024-04-15 13:27:24,097 - INFO - Sunrise Time: 04-16 12:57
2024-04-15 13:27:24,097 - INFO - Sunset Time: 04-16 02:09
2024-04-15 13:27:24,097 - INFO - [1mStart Time: 04-16 09:45[0m
2024-04-15 13:27:24,097 - INFO - [1mEnd Time: 04-16 11:27[0m
2024-04-15 13:27:24,585 - INFO - Output: spawn scp -i /root/.ssh/trinitySite /data/TrinityLabComputer/scheduling/schedule.jpg trinity@130.207.49.19:/httpdocs/wp-content/uploads/demonstrator-uploads/Schedule.jpg
#################################################################
#     Georgia Institute of Technology - Terms of use            #
#                                                               #
# This computer system is the property of the Georgia Institute #
# of Technology. Any user of this system must comply with all   #
# Institute and Board of Regents policies, including the        #
# Acceptable Use Policy, Cyber Security Policy and Data Privacy #
# Policy (http://b.gatech.edu/it-policies). Users should have   #
# no expectation of privacy, as any and all files on this       #
# system may be intercepted, monitored, recorded, copied,       #
# inspected, and/or disclosed to authorized personnel in order  #
# to meet Institute obligations.                                # 
#                                                               #
# By using this system, I acknowledge and consent to these      # 
# terms.                                                        #
#################################################################

schedule.jpg                                    0%    0     0.0KB/s   --:-- ETA
schedule.jpg                                  100%   51KB  13.6MB/s   00:00    

2024-04-15 13:29:14,655 - INFO - Moonrise Time: 04-16 19:26
2024-04-15 13:29:14,656 - INFO - Moonset Time: 04-16 09:45
2024-04-15 13:29:14,656 - INFO - Sunrise Time: 04-16 12:57
2024-04-15 13:29:14,656 - INFO - Sunset Time: 04-16 02:09
2024-04-15 13:29:14,656 - INFO - [1mStart Time: 04-16 09:45[0m
2024-04-15 13:29:14,656 - INFO - [1mEnd Time: 04-16 11:27[0m
2024-04-15 13:29:15,177 - INFO - Output: spawn scp -i /root/.ssh/trinitySite /data/TrinityLabComputer/scheduling/schedule.jpg trinity@130.207.49.19:/httpdocs/wp-content/uploads/demonstrator-uploads/Schedule.jpg
#################################################################
#     Georgia Institute of Technology - Terms of use            #
#                                                               #
# This computer system is the property of the Georgia Institute #
# of Technology. Any user of this system must comply with all   #
# Institute and Board of Regents policies, including the        #
# Acceptable Use Policy, Cyber Security Policy and Data Privacy #
# Policy (http://b.gatech.edu/it-policies). Users should have   #
# no expectation of privacy, as any and all files on this       #
# system may be intercepted, monitored, recorded, copied,       #
# inspected, and/or disclosed to authorized personnel in order  #
# to meet Institute obligations.                                # 
#                                                               #
# By using this system, I acknowledge and consent to these      # 
# terms.                                                        #
#################################################################

schedule.jpg                                    0%    0     0.0KB/s   --:-- ETA
schedule.jpg                                  100%   51KB  13.2MB/s   00:00    

2024-04-15 13:29:35,796 - INFO - Moonrise Time: 04-16 19:26
2024-04-15 13:29:35,796 - INFO - Moonset Time: 04-16 09:45
2024-04-15 13:29:35,796 - INFO - Sunrise Time: 04-16 12:57
2024-04-15 13:29:35,796 - INFO - Sunset Time: 04-16 02:09
2024-04-15 13:29:35,796 - INFO - [1mStart Time: 04-16 09:45[0m
2024-04-15 13:29:35,796 - INFO - [1mEnd Time: 04-16 11:27[0m
2024-04-15 13:29:47,399 - INFO - Moonrise Time: 04-16 19:26
2024-04-15 13:29:47,399 - INFO - Moonset Time: 04-16 09:45
2024-04-15 13:29:47,399 - INFO - Sunrise Time: 04-16 12:57
2024-04-15 13:29:47,399 - INFO - Sunset Time: 04-16 02:09
2024-04-15 13:29:47,399 - INFO - [1mStart Time: 04-16 09:45[0m
2024-04-15 13:29:47,399 - INFO - [1mEnd Time: 04-16 11:27[0m
2024-04-15 13:29:47,884 - INFO - Output: spawn scp -i /root/.ssh/trinitySite /data/TrinityLabComputer/scheduling/schedule.jpg trinity@130.207.49.19:/httpdocs/wp-content/uploads/demonstrator-uploads/Schedule.jpg
#################################################################
#     Georgia Institute of Technology - Terms of use            #
#                                                               #
# This computer system is the property of the Georgia Institute #
# of Technology. Any user of this system must comply with all   #
# Institute and Board of Regents policies, including the        #
# Acceptable Use Policy, Cyber Security Policy and Data Privacy #
# Policy (http://b.gatech.edu/it-policies). Users should have   #
# no expectation of privacy, as any and all files on this       #
# system may be intercepted, monitored, recorded, copied,       #
# inspected, and/or disclosed to authorized personnel in order  #
# to meet Institute obligations.                                # 
#                                                               #
# By using this system, I acknowledge and consent to these      # 
# terms.                                                        #
#################################################################

schedule.jpg                                    0%    0     0.0KB/s   --:-- ETA
schedule.jpg                                  100%   51KB  13.8MB/s   00:00    

2024-04-15 13:30:24,051 - INFO - Moonrise Time: 04-16 19:26
2024-04-15 13:30:24,051 - INFO - Moonset Time: 04-16 09:45
2024-04-15 13:30:24,051 - INFO - Sunrise Time: 04-16 12:57
2024-04-15 13:30:24,051 - INFO - Sunset Time: 04-16 02:09
2024-04-15 13:30:24,051 - INFO - [1mStart Time: 04-16 09:45[0m
2024-04-15 13:30:24,051 - INFO - [1mEnd Time: 04-16 11:27[0m
2024-04-15 13:30:24,521 - INFO - Output: spawn scp -i /root/.ssh/trinitySite /data/TrinityLabComputer/scheduling/schedule.jpg trinity@130.207.49.19:/httpdocs/wp-content/uploads/demonstrator-uploads/Schedule.jpg
#################################################################
#     Georgia Institute of Technology - Terms of use            #
#                                                               #
# This computer system is the property of the Georgia Institute #
# of Technology. Any user of this system must comply with all   #
# Institute and Board of Regents policies, including the        #
# Acceptable Use Policy, Cyber Security Policy and Data Privacy #
# Policy (http://b.gatech.edu/it-policies). Users should have   #
# no expectation of privacy, as any and all files on this       #
# system may be intercepted, monitored, recorded, copied,       #
# inspected, and/or disclosed to authorized personnel in order  #
# to meet Institute obligations.                                # 
#                                                               #
# By using this system, I acknowledge and consent to these      # 
# terms.                                                        #
#################################################################

schedule.jpg                                    0%    0     0.0KB/s   --:-- ETA
schedule.jpg                                  100%   49KB  12.1MB/s   00:00    

2024-04-15 14:45:01,360 - INFO - Moonrise Time: 04-16 19:26
2024-04-15 14:45:01,361 - INFO - Moonset Time: 04-16 09:45
2024-04-15 14:45:01,361 - INFO - Sunrise Time: 04-16 12:57
2024-04-15 14:45:01,361 - INFO - Sunset Time: 04-16 02:09
2024-04-15 14:45:01,361 - INFO - [1mStart Time: 04-16 09:45[0m
2024-04-15 14:45:01,361 - INFO - [1mEnd Time: 04-16 11:27[0m
2024-04-15 14:45:01,884 - INFO - Output: spawn scp -i /root/.ssh/trinitySite /data/TrinityLabComputer/scheduling/schedule.jpg trinity@130.207.49.19:/httpdocs/wp-content/uploads/demonstrator-uploads/Schedule.jpg
#################################################################
#     Georgia Institute of Technology - Terms of use            #
#                                                               #
# This computer system is the property of the Georgia Institute #
# of Technology. Any user of this system must comply with all   #
# Institute and Board of Regents policies, including the        #
# Acceptable Use Policy, Cyber Security Policy and Data Privacy #
# Policy (http://b.gatech.edu/it-policies). Users should have   #
# no expectation of privacy, as any and all files on this       #
# system may be intercepted, monitored, recorded, copied,       #
# inspected, and/or disclosed to authorized personnel in order  #
# to meet Institute obligations.                                # 
#                                                               #
# By using this system, I acknowledge and consent to these      # 
# terms.                                                        #
#################################################################

schedule.jpg                                    0%    0     0.0KB/s   --:-- ETA
schedule.jpg                                  100%   49KB  13.2MB/s   00:00    

2024-04-15 14:46:05,073 - INFO - Moonrise Time: 04-16 19:26
2024-04-15 14:46:05,073 - INFO - Moonset Time: 04-16 09:45
2024-04-15 14:46:05,073 - INFO - Sunrise Time: 04-16 12:57
2024-04-15 14:46:05,073 - INFO - Sunset Time: 04-16 02:09
2024-04-15 14:46:05,073 - INFO - [1mStart Time: 04-16 09:45[0m
2024-04-15 14:46:05,073 - INFO - [1mEnd Time: 04-16 11:27[0m
2024-04-15 14:46:05,651 - INFO - Output: spawn scp -i /root/.ssh/trinitySite /data/TrinityLabComputer/scheduling/schedule.jpg trinity@130.207.49.19:/httpdocs/wp-content/uploads/demonstrator-uploads/Schedule.jpg
#################################################################
#     Georgia Institute of Technology - Terms of use            #
#                                                               #
# This computer system is the property of the Georgia Institute #
# of Technology. Any user of this system must comply with all   #
# Institute and Board of Regents policies, including the        #
# Acceptable Use Policy, Cyber Security Policy and Data Privacy #
# Policy (http://b.gatech.edu/it-policies). Users should have   #
# no expectation of privacy, as any and all files on this       #
# system may be intercepted, monitored, recorded, copied,       #
# inspected, and/or disclosed to authorized personnel in order  #
# to meet Institute obligations.                                # 
#                                                               #
# By using this system, I acknowledge and consent to these      # 
# terms.                                                        #
#################################################################

schedule.jpg                                    0%    0     0.0KB/s   --:-- ETA
schedule.jpg                                  100%   49KB  11.6MB/s   00:00    

2024-04-15 14:47:25,155 - INFO - Moonrise Time: 04-16 19:26
2024-04-15 14:47:25,155 - INFO - Moonset Time: 04-16 09:45
2024-04-15 14:47:25,155 - INFO - Sunrise Time: 04-16 12:57
2024-04-15 14:47:25,155 - INFO - Sunset Time: 04-16 02:09
2024-04-15 14:47:25,155 - INFO - [1mStart Time: 04-16 09:45[0m
2024-04-15 14:47:25,155 - INFO - [1mEnd Time: 04-16 11:27[0m
2024-04-15 14:47:25,681 - INFO - Output: spawn scp -i /root/.ssh/trinitySite /data/TrinityLabComputer/scheduling/schedule.jpg trinity@130.207.49.19:/httpdocs/wp-content/uploads/demonstrator-uploads/Schedule.jpg
#################################################################
#     Georgia Institute of Technology - Terms of use            #
#                                                               #
# This computer system is the property of the Georgia Institute #
# of Technology. Any user of this system must comply with all   #
# Institute and Board of Regents policies, including the        #
# Acceptable Use Policy, Cyber Security Policy and Data Privacy #
# Policy (http://b.gatech.edu/it-policies). Users should have   #
# no expectation of privacy, as any and all files on this       #
# system may be intercepted, monitored, recorded, copied,       #
# inspected, and/or disclosed to authorized personnel in order  #
# to meet Institute obligations.                                # 
#                                                               #
# By using this system, I acknowledge and consent to these      # 
# terms.                                                        #
#################################################################

schedule.jpg                                    0%    0     0.0KB/s   --:-- ETA
schedule.jpg                                  100%   49KB  13.0MB/s   00:00    

2024-04-15 14:47:49,502 - INFO - Moonrise Time: 04-16 19:26
2024-04-15 14:47:49,502 - INFO - Moonset Time: 04-16 09:45
2024-04-15 14:47:49,502 - INFO - Sunrise Time: 04-16 12:57
2024-04-15 14:47:49,502 - INFO - Sunset Time: 04-16 02:09
2024-04-15 14:47:49,502 - INFO - [1mStart Time: 04-16 09:45[0m
2024-04-15 14:47:49,502 - INFO - [1mEnd Time: 04-16 11:27[0m
2024-04-15 14:47:50,086 - INFO - Output: spawn scp -i /root/.ssh/trinitySite /data/TrinityLabComputer/scheduling/schedule.jpg trinity@130.207.49.19:/httpdocs/wp-content/uploads/demonstrator-uploads/Schedule.jpg
#################################################################
#     Georgia Institute of Technology - Terms of use            #
#                                                               #
# This computer system is the property of the Georgia Institute #
# of Technology. Any user of this system must comply with all   #
# Institute and Board of Regents policies, including the        #
# Acceptable Use Policy, Cyber Security Policy and Data Privacy #
# Policy (http://b.gatech.edu/it-policies). Users should have   #
# no expectation of privacy, as any and all files on this       #
# system may be intercepted, monitored, recorded, copied,       #
# inspected, and/or disclosed to authorized personnel in order  #
# to meet Institute obligations.                                # 
#                                                               #
# By using this system, I acknowledge and consent to these      # 
# terms.                                                        #
#################################################################

schedule.jpg                                    0%    0     0.0KB/s   --:-- ETA
schedule.jpg                                  100%   49KB  12.8MB/s   00:00    

2024-04-15 14:47:59,350 - INFO - Moonrise Time: 04-16 19:26
2024-04-15 14:47:59,350 - INFO - Moonset Time: 04-16 09:45
2024-04-15 14:47:59,350 - INFO - Sunrise Time: 04-16 12:57
2024-04-15 14:47:59,350 - INFO - Sunset Time: 04-16 02:09
2024-04-15 14:47:59,350 - INFO - [1mStart Time: 04-16 09:45[0m
2024-04-15 14:47:59,350 - INFO - [1mEnd Time: 04-16 11:27[0m
2024-04-15 14:47:59,836 - INFO - Output: spawn scp -i /root/.ssh/trinitySite /data/TrinityLabComputer/scheduling/schedule.jpg trinity@130.207.49.19:/httpdocs/wp-content/uploads/demonstrator-uploads/Schedule.jpg
#################################################################
#     Georgia Institute of Technology - Terms of use            #
#                                                               #
# This computer system is the property of the Georgia Institute #
# of Technology. Any user of this system must comply with all   #
# Institute and Board of Regents policies, including the        #
# Acceptable Use Policy, Cyber Security Policy and Data Privacy #
# Policy (http://b.gatech.edu/it-policies). Users should have   #
# no expectation of privacy, as any and all files on this       #
# system may be intercepted, monitored, recorded, copied,       #
# inspected, and/or disclosed to authorized personnel in order  #
# to meet Institute obligations.                                # 
#                                                               #
# By using this system, I acknowledge and consent to these      # 
# terms.                                                        #
#################################################################

schedule.jpg                                    0%    0     0.0KB/s   --:-- ETA
schedule.jpg                                  100%   49KB  12.1MB/s   00:00    

2024-04-15 14:48:42,314 - INFO - Moonrise Time: 04-16 19:26
2024-04-15 14:48:42,314 - INFO - Moonset Time: 04-16 09:45
2024-04-15 14:48:42,314 - INFO - Sunrise Time: 04-16 12:57
2024-04-15 14:48:42,314 - INFO - Sunset Time: 04-16 02:09
2024-04-15 14:48:42,314 - INFO - [1mStart Time: 04-16 09:45[0m
2024-04-15 14:48:42,314 - INFO - [1mEnd Time: 04-16 11:27[0m
2024-04-15 14:48:42,912 - INFO - Output: spawn scp -i /root/.ssh/trinitySite /data/TrinityLabComputer/scheduling/schedule.jpg trinity@130.207.49.19:/httpdocs/wp-content/uploads/demonstrator-uploads/Schedule.jpg
#################################################################
#     Georgia Institute of Technology - Terms of use            #
#                                                               #
# This computer system is the property of the Georgia Institute #
# of Technology. Any user of this system must comply with all   #
# Institute and Board of Regents policies, including the        #
# Acceptable Use Policy, Cyber Security Policy and Data Privacy #
# Policy (http://b.gatech.edu/it-policies). Users should have   #
# no expectation of privacy, as any and all files on this       #
# system may be intercepted, monitored, recorded, copied,       #
# inspected, and/or disclosed to authorized personnel in order  #
# to meet Institute obligations.                                # 
#                                                               #
# By using this system, I acknowledge and consent to these      # 
# terms.                                                        #
#################################################################

schedule.jpg                                    0%    0     0.0KB/s   --:-- ETA
schedule.jpg                                  100%   48KB  13.3MB/s   00:00    

2024-04-15 14:49:08,089 - INFO - Moonrise Time: 04-16 19:26
2024-04-15 14:49:08,089 - INFO - Moonset Time: 04-16 09:45
2024-04-15 14:49:08,089 - INFO - Sunrise Time: 04-16 12:57
2024-04-15 14:49:08,089 - INFO - Sunset Time: 04-16 02:09
2024-04-15 14:49:08,089 - INFO - [1mStart Time: 04-16 09:45[0m
2024-04-15 14:49:08,089 - INFO - [1mEnd Time: 04-16 11:27[0m
2024-04-15 14:49:08,573 - INFO - Output: spawn scp -i /root/.ssh/trinitySite /data/TrinityLabComputer/scheduling/schedule.jpg trinity@130.207.49.19:/httpdocs/wp-content/uploads/demonstrator-uploads/Schedule.jpg
#################################################################
#     Georgia Institute of Technology - Terms of use            #
#                                                               #
# This computer system is the property of the Georgia Institute #
# of Technology. Any user of this system must comply with all   #
# Institute and Board of Regents policies, including the        #
# Acceptable Use Policy, Cyber Security Policy and Data Privacy #
# Policy (http://b.gatech.edu/it-policies). Users should have   #
# no expectation of privacy, as any and all files on this       #
# system may be intercepted, monitored, recorded, copied,       #
# inspected, and/or disclosed to authorized personnel in order  #
# to meet Institute obligations.                                # 
#                                                               #
# By using this system, I acknowledge and consent to these      # 
# terms.                                                        #
#################################################################

schedule.jpg                                    0%    0     0.0KB/s   --:-- ETA
schedule.jpg                                  100%   48KB  14.4MB/s   00:00    

2024-04-15 14:49:38,983 - INFO - Moonrise Time: 04-16 19:26
2024-04-15 14:49:38,983 - INFO - Moonset Time: 04-16 09:45
2024-04-15 14:49:38,983 - INFO - Sunrise Time: 04-16 12:57
2024-04-15 14:49:38,983 - INFO - Sunset Time: 04-16 02:09
2024-04-15 14:49:38,983 - INFO - [1mStart Time: 04-16 09:45[0m
2024-04-15 14:49:38,983 - INFO - [1mEnd Time: 04-16 11:27[0m
2024-04-15 14:49:39,457 - INFO - Output: spawn scp -i /root/.ssh/trinitySite /data/TrinityLabComputer/scheduling/schedule.jpg trinity@130.207.49.19:/httpdocs/wp-content/uploads/demonstrator-uploads/Schedule.jpg
#################################################################
#     Georgia Institute of Technology - Terms of use            #
#                                                               #
# This computer system is the property of the Georgia Institute #
# of Technology. Any user of this system must comply with all   #
# Institute and Board of Regents policies, including the        #
# Acceptable Use Policy, Cyber Security Policy and Data Privacy #
# Policy (http://b.gatech.edu/it-policies). Users should have   #
# no expectation of privacy, as any and all files on this       #
# system may be intercepted, monitored, recorded, copied,       #
# inspected, and/or disclosed to authorized personnel in order  #
# to meet Institute obligations.                                # 
#                                                               #
# By using this system, I acknowledge and consent to these      # 
# terms.                                                        #
#################################################################

schedule.jpg                                    0%    0     0.0KB/s   --:-- ETA
schedule.jpg                                  100%   48KB  15.5MB/s   00:00    

2024-04-15 14:50:14,737 - INFO - Moonrise Time: 04-16 19:26
2024-04-15 14:50:14,737 - INFO - Moonset Time: 04-16 09:45
2024-04-15 14:50:14,737 - INFO - Sunrise Time: 04-16 12:57
2024-04-15 14:50:14,737 - INFO - Sunset Time: 04-16 02:09
2024-04-15 14:50:14,737 - INFO - [1mStart Time: 04-16 09:45[0m
2024-04-15 14:50:14,737 - INFO - [1mEnd Time: 04-16 11:27[0m
2024-04-15 14:50:15,205 - INFO - Output: spawn scp -i /root/.ssh/trinitySite /data/TrinityLabComputer/scheduling/schedule.jpg trinity@130.207.49.19:/httpdocs/wp-content/uploads/demonstrator-uploads/Schedule.jpg
#################################################################
#     Georgia Institute of Technology - Terms of use            #
#                                                               #
# This computer system is the property of the Georgia Institute #
# of Technology. Any user of this system must comply with all   #
# Institute and Board of Regents policies, including the        #
# Acceptable Use Policy, Cyber Security Policy and Data Privacy #
# Policy (http://b.gatech.edu/it-policies). Users should have   #
# no expectation of privacy, as any and all files on this       #
# system may be intercepted, monitored, recorded, copied,       #
# inspected, and/or disclosed to authorized personnel in order  #
# to meet Institute obligations.                                # 
#                                                               #
# By using this system, I acknowledge and consent to these      # 
# terms.                                                        #
#################################################################

schedule.jpg                                    0%    0     0.0KB/s   --:-- ETA
schedule.jpg                                  100%   48KB  15.5MB/s   00:00    

2024-04-15 14:50:44,284 - INFO - Moonrise Time: 04-16 19:26
2024-04-15 14:50:44,284 - INFO - Moonset Time: 04-16 09:45
2024-04-15 14:50:44,284 - INFO - Sunrise Time: 04-16 12:57
2024-04-15 14:50:44,284 - INFO - Sunset Time: 04-16 02:09
2024-04-15 14:50:44,284 - INFO - [1mStart Time: 04-16 09:45[0m
2024-04-15 14:50:44,285 - INFO - [1mEnd Time: 04-16 11:27[0m
2024-04-15 14:50:51,233 - INFO - Moonrise Time: 04-16 19:26
2024-04-15 14:50:51,233 - INFO - Moonset Time: 04-16 09:45
2024-04-15 14:50:51,233 - INFO - Sunrise Time: 04-16 12:57
2024-04-15 14:50:51,233 - INFO - Sunset Time: 04-16 02:09
2024-04-15 14:50:51,233 - INFO - [1mStart Time: 04-16 09:45[0m
2024-04-15 14:50:51,233 - INFO - [1mEnd Time: 04-16 11:27[0m
2024-04-15 14:50:51,708 - INFO - Output: spawn scp -i /root/.ssh/trinitySite /data/TrinityLabComputer/scheduling/schedule.jpg trinity@130.207.49.19:/httpdocs/wp-content/uploads/demonstrator-uploads/Schedule.jpg
#################################################################
#     Georgia Institute of Technology - Terms of use            #
#                                                               #
# This computer system is the property of the Georgia Institute #
# of Technology. Any user of this system must comply with all   #
# Institute and Board of Regents policies, including the        #
# Acceptable Use Policy, Cyber Security Policy and Data Privacy #
# Policy (http://b.gatech.edu/it-policies). Users should have   #
# no expectation of privacy, as any and all files on this       #
# system may be intercepted, monitored, recorded, copied,       #
# inspected, and/or disclosed to authorized personnel in order  #
# to meet Institute obligations.                                # 
#                                                               #
# By using this system, I acknowledge and consent to these      # 
# terms.                                                        #
#################################################################

schedule.jpg                                    0%    0     0.0KB/s   --:-- ETA
schedule.jpg                                  100%   48KB  14.6MB/s   00:00    

2024-04-15 14:51:42,742 - INFO - Moonrise Time: 04-16 19:26
2024-04-15 14:51:42,742 - INFO - Moonset Time: 04-16 09:45
2024-04-15 14:51:42,742 - INFO - Sunrise Time: 04-16 12:57
2024-04-15 14:51:42,742 - INFO - Sunset Time: 04-16 02:09
2024-04-15 14:51:42,742 - INFO - [1mStart Time: 04-16 09:45[0m
2024-04-15 14:51:42,742 - INFO - [1mEnd Time: 04-16 11:27[0m
2024-04-15 14:51:43,353 - INFO - Output: spawn scp -i /root/.ssh/trinitySite /data/TrinityLabComputer/scheduling/schedule.jpg trinity@130.207.49.19:/httpdocs/wp-content/uploads/demonstrator-uploads/Schedule.jpg
#################################################################
#     Georgia Institute of Technology - Terms of use            #
#                                                               #
# This computer system is the property of the Georgia Institute #
# of Technology. Any user of this system must comply with all   #
# Institute and Board of Regents policies, including the        #
# Acceptable Use Policy, Cyber Security Policy and Data Privacy #
# Policy (http://b.gatech.edu/it-policies). Users should have   #
# no expectation of privacy, as any and all files on this       #
# system may be intercepted, monitored, recorded, copied,       #
# inspected, and/or disclosed to authorized personnel in order  #
# to meet Institute obligations.                                # 
#                                                               #
# By using this system, I acknowledge and consent to these      # 
# terms.                                                        #
#################################################################

schedule.jpg                                    0%    0     0.0KB/s   --:-- ETA
schedule.jpg                                  100%   47KB  10.8MB/s   00:00    

2024-04-15 14:53:11,916 - INFO - Moonrise Time: 04-16 19:26
2024-04-15 14:53:11,916 - INFO - Moonset Time: 04-16 09:45
2024-04-15 14:53:11,916 - INFO - Sunrise Time: 04-16 12:57
2024-04-15 14:53:11,916 - INFO - Sunset Time: 04-16 02:09
2024-04-15 14:53:11,916 - INFO - [1mStart Time: 04-16 09:45[0m
2024-04-15 14:53:11,916 - INFO - [1mEnd Time: 04-16 11:27[0m
2024-04-15 14:53:12,409 - INFO - Output: spawn scp -i /root/.ssh/trinitySite /data/TrinityLabComputer/scheduling/schedule.jpg trinity@130.207.49.19:/httpdocs/wp-content/uploads/demonstrator-uploads/Schedule.jpg
#################################################################
#     Georgia Institute of Technology - Terms of use            #
#                                                               #
# This computer system is the property of the Georgia Institute #
# of Technology. Any user of this system must comply with all   #
# Institute and Board of Regents policies, including the        #
# Acceptable Use Policy, Cyber Security Policy and Data Privacy #
# Policy (http://b.gatech.edu/it-policies). Users should have   #
# no expectation of privacy, as any and all files on this       #
# system may be intercepted, monitored, recorded, copied,       #
# inspected, and/or disclosed to authorized personnel in order  #
# to meet Institute obligations.                                # 
#                                                               #
# By using this system, I acknowledge and consent to these      # 
# terms.                                                        #
#################################################################

schedule.jpg                                    0%    0     0.0KB/s   --:-- ETA
schedule.jpg                                  100%   47KB  13.0MB/s   00:00    

2024-04-15 14:55:34,884 - INFO - Moonrise Time: 04-16 19:26
2024-04-15 14:55:34,885 - INFO - Moonset Time: 04-16 09:45
2024-04-15 14:55:34,885 - INFO - Sunrise Time: 04-16 12:57
2024-04-15 14:55:34,885 - INFO - Sunset Time: 04-16 02:09
2024-04-15 14:55:34,885 - INFO - [1mStart Time: 04-16 09:45[0m
2024-04-15 14:55:34,885 - INFO - [1mEnd Time: 04-16 11:27[0m
2024-04-15 14:55:35,362 - INFO - Output: spawn scp -i /root/.ssh/trinitySite /data/TrinityLabComputer/scheduling/schedule.jpg trinity@130.207.49.19:/httpdocs/wp-content/uploads/demonstrator-uploads/Schedule.jpg
#################################################################
#     Georgia Institute of Technology - Terms of use            #
#                                                               #
# This computer system is the property of the Georgia Institute #
# of Technology. Any user of this system must comply with all   #
# Institute and Board of Regents policies, including the        #
# Acceptable Use Policy, Cyber Security Policy and Data Privacy #
# Policy (http://b.gatech.edu/it-policies). Users should have   #
# no expectation of privacy, as any and all files on this       #
# system may be intercepted, monitored, recorded, copied,       #
# inspected, and/or disclosed to authorized personnel in order  #
# to meet Institute obligations.                                # 
#                                                               #
# By using this system, I acknowledge and consent to these      # 
# terms.                                                        #
#################################################################

schedule.jpg                                    0%    0     0.0KB/s   --:-- ETA
schedule.jpg                                  100%   47KB  16.3MB/s   00:00    

2024-04-15 14:55:55,308 - INFO - Moonrise Time: 04-16 19:26
2024-04-15 14:55:55,308 - INFO - Moonset Time: 04-16 09:45
2024-04-15 14:55:55,308 - INFO - Sunrise Time: 04-16 12:57
2024-04-15 14:55:55,308 - INFO - Sunset Time: 04-16 02:09
2024-04-15 14:55:55,308 - INFO - [1mStart Time: 04-16 09:45[0m
2024-04-15 14:55:55,308 - INFO - [1mEnd Time: 04-16 11:27[0m
2024-04-15 14:55:55,778 - INFO - Output: spawn scp -i /root/.ssh/trinitySite /data/TrinityLabComputer/scheduling/schedule.jpg trinity@130.207.49.19:/httpdocs/wp-content/uploads/demonstrator-uploads/Schedule.jpg
#################################################################
#     Georgia Institute of Technology - Terms of use            #
#                                                               #
# This computer system is the property of the Georgia Institute #
# of Technology. Any user of this system must comply with all   #
# Institute and Board of Regents policies, including the        #
# Acceptable Use Policy, Cyber Security Policy and Data Privacy #
# Policy (http://b.gatech.edu/it-policies). Users should have   #
# no expectation of privacy, as any and all files on this       #
# system may be intercepted, monitored, recorded, copied,       #
# inspected, and/or disclosed to authorized personnel in order  #
# to meet Institute obligations.                                # 
#                                                               #
# By using this system, I acknowledge and consent to these      # 
# terms.                                                        #
#################################################################

schedule.jpg                                    0%    0     0.0KB/s   --:-- ETA
schedule.jpg                                  100%   47KB  14.1MB/s   00:00    

2024-04-16 11:00:02,314 - INFO - Moonrise Time: 04-17 20:28
2024-04-16 11:00:02,314 - INFO - Moonset Time: 04-17 10:16
2024-04-16 11:00:02,314 - INFO - Sunrise Time: 04-17 12:55
2024-04-16 11:00:02,314 - INFO - Sunset Time: 04-17 02:10
2024-04-16 11:00:02,314 - INFO - [1mStart Time: 04-17 10:16[0m
2024-04-16 11:00:02,314 - INFO - [1mEnd Time: 04-17 11:25[0m
2024-04-16 11:00:02,764 - INFO - Output: spawn scp -i /root/.ssh/trinitySite /data/TrinityLabComputer/scheduling/schedule.jpg trinity@130.207.49.19:/httpdocs/wp-content/uploads/demonstrator-uploads/Schedule.jpg
#################################################################
#     Georgia Institute of Technology - Terms of use            #
#                                                               #
# This computer system is the property of the Georgia Institute #
# of Technology. Any user of this system must comply with all   #
# Institute and Board of Regents policies, including the        #
# Acceptable Use Policy, Cyber Security Policy and Data Privacy #
# Policy (http://b.gatech.edu/it-policies). Users should have   #
# no expectation of privacy, as any and all files on this       #
# system may be intercepted, monitored, recorded, copied,       #
# inspected, and/or disclosed to authorized personnel in order  #
# to meet Institute obligations.                                # 
#                                                               #
# By using this system, I acknowledge and consent to these      # 
# terms.                                                        #
#################################################################

schedule.jpg                                    0%    0     0.0KB/s   --:-- ETA
schedule.jpg                                  100%   47KB  11.0MB/s   00:00    

2024-04-17 11:00:02,067 - INFO - Moonrise Time: 04-18 21:29
2024-04-17 11:00:02,067 - INFO - Moonset Time: 04-18 10:43
2024-04-17 11:00:02,067 - INFO - Sunrise Time: 04-18 12:54
2024-04-17 11:00:02,067 - INFO - Sunset Time: 04-18 02:11
2024-04-17 11:00:02,067 - INFO - [1mStart Time: 04-18 10:43[0m
2024-04-17 11:00:02,067 - INFO - [1mEnd Time: 04-18 11:24[0m
2024-04-17 11:00:02,557 - INFO - Output: spawn scp -i /root/.ssh/trinitySite /data/TrinityLabComputer/scheduling/schedule.jpg trinity@130.207.49.19:/httpdocs/wp-content/uploads/demonstrator-uploads/Schedule.jpg
#################################################################
#     Georgia Institute of Technology - Terms of use            #
#                                                               #
# This computer system is the property of the Georgia Institute #
# of Technology. Any user of this system must comply with all   #
# Institute and Board of Regents policies, including the        #
# Acceptable Use Policy, Cyber Security Policy and Data Privacy #
# Policy (http://b.gatech.edu/it-policies). Users should have   #
# no expectation of privacy, as any and all files on this       #
# system may be intercepted, monitored, recorded, copied,       #
# inspected, and/or disclosed to authorized personnel in order  #
# to meet Institute obligations.                                # 
#                                                               #
# By using this system, I acknowledge and consent to these      # 
# terms.                                                        #
#################################################################

schedule.jpg                                    0%    0     0.0KB/s   --:-- ETA
schedule.jpg                                  100%   46KB  10.4MB/s   00:00    

2024-04-18 11:00:01,792 - INFO - Moonrise Time: 04-19 22:28
2024-04-18 11:00:01,793 - INFO - Moonset Time: 04-19 11:06
2024-04-18 11:00:01,793 - INFO - Sunrise Time: 04-19 12:53
2024-04-18 11:00:01,793 - INFO - Sunset Time: 04-19 02:12
2024-04-18 11:00:01,793 - INFO - [1mStart Time: 04-19 03:42[0m
2024-04-18 11:00:01,793 - INFO - [1mEnd Time: 04-19 04:20[0m
2024-04-18 11:00:02,234 - INFO - Output: spawn scp -i /root/.ssh/trinitySite /data/TrinityLabComputer/scheduling/schedule.jpg trinity@130.207.49.19:/httpdocs/wp-content/uploads/demonstrator-uploads/Schedule.jpg
#################################################################
#     Georgia Institute of Technology - Terms of use            #
#                                                               #
# This computer system is the property of the Georgia Institute #
# of Technology. Any user of this system must comply with all   #
# Institute and Board of Regents policies, including the        #
# Acceptable Use Policy, Cyber Security Policy and Data Privacy #
# Policy (http://b.gatech.edu/it-policies). Users should have   #
# no expectation of privacy, as any and all files on this       #
# system may be intercepted, monitored, recorded, copied,       #
# inspected, and/or disclosed to authorized personnel in order  #
# to meet Institute obligations.                                # 
#                                                               #
# By using this system, I acknowledge and consent to these      # 
# terms.                                                        #
#################################################################

schedule.jpg                                    0%    0     0.0KB/s   --:-- ETA
schedule.jpg                                  100%   47KB   5.2MB/s   00:00    

2024-04-19 11:00:03,351 - INFO - Moonrise Time: 04-20 23:26
2024-04-19 11:00:03,351 - INFO - Moonset Time: 04-20 11:27
2024-04-19 11:00:03,351 - INFO - Sunrise Time: 04-20 12:51
2024-04-19 11:00:03,351 - INFO - Sunset Time: 04-20 02:13
2024-04-19 11:00:03,351 - INFO - [1mStart Time: 04-20 03:43[0m
2024-04-19 11:00:03,351 - INFO - [1mEnd Time: 04-20 04:59[0m
2024-04-19 11:00:03,782 - INFO - Output: spawn scp -i /root/.ssh/trinitySite /data/TrinityLabComputer/scheduling/schedule.jpg trinity@130.207.49.19:/httpdocs/wp-content/uploads/demonstrator-uploads/Schedule.jpg
#################################################################
#     Georgia Institute of Technology - Terms of use            #
#                                                               #
# This computer system is the property of the Georgia Institute #
# of Technology. Any user of this system must comply with all   #
# Institute and Board of Regents policies, including the        #
# Acceptable Use Policy, Cyber Security Policy and Data Privacy #
# Policy (http://b.gatech.edu/it-policies). Users should have   #
# no expectation of privacy, as any and all files on this       #
# system may be intercepted, monitored, recorded, copied,       #
# inspected, and/or disclosed to authorized personnel in order  #
# to meet Institute obligations.                                # 
#                                                               #
# By using this system, I acknowledge and consent to these      # 
# terms.                                                        #
#################################################################

schedule.jpg                                    0%    0     0.0KB/s   --:-- ETA
schedule.jpg                                  100%   47KB  18.2MB/s   00:00    

2024-04-19 12:42:20,466 - INFO - Moonrise Time: 04-20 23:26
2024-04-19 12:42:20,466 - INFO - Moonset Time: 04-20 11:27
2024-04-19 12:42:20,466 - INFO - Sunrise Time: 04-20 12:51
2024-04-19 12:42:20,466 - INFO - Sunset Time: 04-20 02:13
2024-04-19 12:42:20,466 - INFO - [1mStart Time: 04-20 03:43[0m
2024-04-19 12:42:20,466 - INFO - [1mEnd Time: 04-20 04:59[0m
2024-04-19 12:43:02,261 - INFO - Moonrise Time: 04-20 23:26
2024-04-19 12:43:02,261 - INFO - Moonset Time: 04-20 11:27
2024-04-19 12:43:02,261 - INFO - Sunrise Time: 04-20 12:51
2024-04-19 12:43:02,261 - INFO - Sunset Time: 04-20 02:13
2024-04-19 12:43:02,261 - INFO - [1mStart Time: 04-20 03:43[0m
2024-04-19 12:43:02,261 - INFO - [1mEnd Time: 04-20 04:59[0m
2024-04-19 12:43:34,653 - INFO - Moonrise Time: 04-20 23:26
2024-04-19 12:43:34,653 - INFO - Moonset Time: 04-20 11:27
2024-04-19 12:43:34,653 - INFO - Sunrise Time: 04-20 12:51
2024-04-19 12:43:34,653 - INFO - Sunset Time: 04-20 02:13
2024-04-19 12:43:34,653 - INFO - [1mStart Time: 04-20 03:43[0m
2024-04-19 12:43:34,653 - INFO - [1mEnd Time: 04-20 04:59[0m
2024-04-19 12:44:07,578 - INFO - Moonrise Time: 04-20 23:26
2024-04-19 12:44:07,579 - INFO - Moonset Time: 04-20 11:27
2024-04-19 12:44:07,579 - INFO - Sunrise Time: 04-20 12:51
2024-04-19 12:44:07,579 - INFO - Sunset Time: 04-20 02:13
2024-04-19 12:44:07,579 - INFO - [1mStart Time: 04-20 03:43[0m
2024-04-19 12:44:07,579 - INFO - [1mEnd Time: 04-20 04:59[0m
2024-04-19 12:44:51,417 - INFO - Moonrise Time: 04-20 23:26
2024-04-19 12:44:51,417 - INFO - Moonset Time: 04-20 11:27
2024-04-19 12:44:51,417 - INFO - Sunrise Time: 04-20 12:51
2024-04-19 12:44:51,417 - INFO - Sunset Time: 04-20 02:13
2024-04-19 12:44:51,417 - INFO - [1mStart Time: 04-20 03:43[0m
2024-04-19 12:44:51,417 - INFO - [1mEnd Time: 04-20 04:59[0m
2024-04-19 12:44:52,815 - INFO - Output: spawn scp -i /root/.ssh/trinitySite /data/TrinityLabComputer/scheduling/schedule.jpg trinity@130.207.49.19:/httpdocs/wp-content/uploads/demonstrator-uploads/Schedule.jpg
#################################################################
#     Georgia Institute of Technology - Terms of use            #
#                                                               #
# This computer system is the property of the Georgia Institute #
# of Technology. Any user of this system must comply with all   #
# Institute and Board of Regents policies, including the        #
# Acceptable Use Policy, Cyber Security Policy and Data Privacy #
# Policy (http://b.gatech.edu/it-policies). Users should have   #
# no expectation of privacy, as any and all files on this       #
# system may be intercepted, monitored, recorded, copied,       #
# inspected, and/or disclosed to authorized personnel in order  #
# to meet Institute obligations.                                # 
#                                                               #
# By using this system, I acknowledge and consent to these      # 
# terms.                                                        #
#################################################################

schedule.jpg                                                                                                                                                       0%    0     0.0KB/s   --:-- ETA
schedule.jpg                                                                                                                                                     100%   47KB  14.7MB/s   00:00    

2024-04-19 12:45:41,836 - INFO - Moonrise Time: 04-20 23:26
2024-04-19 12:45:41,836 - INFO - Moonset Time: 04-20 11:27
2024-04-19 12:45:41,836 - INFO - Sunrise Time: 04-20 12:51
2024-04-19 12:45:41,836 - INFO - Sunset Time: 04-20 02:13
2024-04-19 12:45:41,836 - INFO - [1mStart Time: 04-20 03:43[0m
2024-04-19 12:45:41,836 - INFO - [1mEnd Time: 04-20 04:59[0m
2024-04-19 12:45:42,349 - INFO - Output: spawn scp -i /root/.ssh/trinitySite /data/TrinityLabComputer/scheduling/schedule.jpg trinity@130.207.49.19:/httpdocs/wp-content/uploads/demonstrator-uploads/Schedule.jpg
#################################################################
#     Georgia Institute of Technology - Terms of use            #
#                                                               #
# This computer system is the property of the Georgia Institute #
# of Technology. Any user of this system must comply with all   #
# Institute and Board of Regents policies, including the        #
# Acceptable Use Policy, Cyber Security Policy and Data Privacy #
# Policy (http://b.gatech.edu/it-policies). Users should have   #
# no expectation of privacy, as any and all files on this       #
# system may be intercepted, monitored, recorded, copied,       #
# inspected, and/or disclosed to authorized personnel in order  #
# to meet Institute obligations.                                # 
#                                                               #
# By using this system, I acknowledge and consent to these      # 
# terms.                                                        #
#################################################################

schedule.jpg                                                                                                                                                       0%    0     0.0KB/s   --:-- ETA
schedule.jpg                                                                                                                                                     100%   47KB  14.3MB/s   00:00    

2024-04-19 12:47:14,953 - INFO - Moonrise Time: 04-20 23:26
2024-04-19 12:47:14,953 - INFO - Moonset Time: 04-20 11:27
2024-04-19 12:47:14,953 - INFO - Sunrise Time: 04-20 12:51
2024-04-19 12:47:14,953 - INFO - Sunset Time: 04-20 02:13
2024-04-19 12:47:14,953 - INFO - [1mStart Time: 04-20 03:43[0m
2024-04-19 12:47:14,953 - INFO - [1mEnd Time: 04-20 04:59[0m
2024-04-19 12:47:15,496 - INFO - Output: spawn scp -i /root/.ssh/trinitySite /data/TrinityLabComputer/scheduling/schedule.jpg trinity@130.207.49.19:/httpdocs/wp-content/uploads/demonstrator-uploads/Schedule.jpg
#################################################################
#     Georgia Institute of Technology - Terms of use            #
#                                                               #
# This computer system is the property of the Georgia Institute #
# of Technology. Any user of this system must comply with all   #
# Institute and Board of Regents policies, including the        #
# Acceptable Use Policy, Cyber Security Policy and Data Privacy #
# Policy (http://b.gatech.edu/it-policies). Users should have   #
# no expectation of privacy, as any and all files on this       #
# system may be intercepted, monitored, recorded, copied,       #
# inspected, and/or disclosed to authorized personnel in order  #
# to meet Institute obligations.                                # 
#                                                               #
# By using this system, I acknowledge and consent to these      # 
# terms.                                                        #
#################################################################

schedule.jpg                                                                                                                                                       0%    0     0.0KB/s   --:-- ETA
schedule.jpg                                                                                                                                                     100%   47KB  17.8MB/s   00:00    

2024-04-19 13:23:07,586 - INFO - Moonrise Time: 04-18 21:29
2024-04-19 13:23:07,586 - INFO - Moonset Time: 04-18 10:43
2024-04-19 13:23:07,586 - INFO - Sunrise Time: 04-18 12:54
2024-04-19 13:23:07,586 - INFO - Sunset Time: 04-18 02:11
2024-04-19 13:23:07,586 - INFO - [1mStart Time: 04-18 10:43[0m
2024-04-19 13:23:07,586 - INFO - [1mEnd Time: 04-18 11:24[0m
2024-04-19 13:23:35,044 - INFO - Moonrise Time: 04-18 21:29
2024-04-19 13:23:35,044 - INFO - Moonset Time: 04-18 10:43
2024-04-19 13:23:35,044 - INFO - Sunrise Time: 04-18 12:54
2024-04-19 13:23:35,044 - INFO - Sunset Time: 04-18 02:11
2024-04-19 13:23:35,044 - INFO - [1mStart Time: 04-18 10:43[0m
2024-04-19 13:23:35,044 - INFO - [1mEnd Time: 04-18 11:24[0m
2024-04-19 13:23:35,873 - INFO - Output: spawn scp -i /root/.ssh/trinitySite /data/TrinityLabComputer/scheduling/schedule.jpg trinity@130.207.49.19:/httpdocs/wp-content/uploads/demonstrator-uploads/Schedule.jpg
#################################################################
#     Georgia Institute of Technology - Terms of use            #
#                                                               #
# This computer system is the property of the Georgia Institute #
# of Technology. Any user of this system must comply with all   #
# Institute and Board of Regents policies, including the        #
# Acceptable Use Policy, Cyber Security Policy and Data Privacy #
# Policy (http://b.gatech.edu/it-policies). Users should have   #
# no expectation of privacy, as any and all files on this       #
# system may be intercepted, monitored, recorded, copied,       #
# inspected, and/or disclosed to authorized personnel in order  #
# to meet Institute obligations.                                # 
#                                                               #
# By using this system, I acknowledge and consent to these      # 
# terms.                                                        #
#################################################################

schedule.jpg                                                              0%    0     0.0KB/s   --:-- ETA
schedule.jpg                                                            100%   46KB  15.9MB/s   00:00    

2024-04-19 13:27:08,312 - INFO - Moonrise Time: 04-18 21:29
2024-04-19 13:27:08,312 - INFO - Moonset Time: 04-18 10:43
2024-04-19 13:27:08,312 - INFO - Sunrise Time: 04-18 12:54
2024-04-19 13:27:08,312 - INFO - Sunset Time: 04-18 02:11
2024-04-19 13:27:08,312 - INFO - [1mStart Time: 04-18 10:43[0m
2024-04-19 13:27:08,312 - INFO - [1mEnd Time: 04-18 11:24[0m
2024-04-19 13:27:08,818 - INFO - Output: spawn scp -i /root/.ssh/trinitySite /data/TrinityLabComputer/scheduling/schedule.jpg trinity@130.207.49.19:/httpdocs/wp-content/uploads/demonstrator-uploads/Schedule.jpg
#################################################################
#     Georgia Institute of Technology - Terms of use            #
#                                                               #
# This computer system is the property of the Georgia Institute #
# of Technology. Any user of this system must comply with all   #
# Institute and Board of Regents policies, including the        #
# Acceptable Use Policy, Cyber Security Policy and Data Privacy #
# Policy (http://b.gatech.edu/it-policies). Users should have   #
# no expectation of privacy, as any and all files on this       #
# system may be intercepted, monitored, recorded, copied,       #
# inspected, and/or disclosed to authorized personnel in order  #
# to meet Institute obligations.                                # 
#                                                               #
# By using this system, I acknowledge and consent to these      # 
# terms.                                                        #
#################################################################

schedule.jpg                                                              0%    0     0.0KB/s   --:-- ETA
schedule.jpg                                                            100%   46KB  15.5MB/s   00:00    

2024-04-19 13:30:10,181 - INFO - Moonrise Time: 04-20 23:26
2024-04-19 13:30:10,182 - INFO - Moonset Time: 04-20 11:27
2024-04-19 13:30:10,182 - INFO - Sunrise Time: 04-20 12:51
2024-04-19 13:30:10,182 - INFO - Sunset Time: 04-20 02:13
2024-04-19 13:30:10,182 - INFO - [1mStart Time: 04-20 03:43[0m
2024-04-19 13:30:10,182 - INFO - [1mEnd Time: 04-20 04:59[0m
2024-04-19 13:30:10,698 - INFO - Output: spawn scp -i /root/.ssh/trinitySite /data/TrinityLabComputer/scheduling/schedule.jpg trinity@130.207.49.19:/httpdocs/wp-content/uploads/demonstrator-uploads/Schedule.jpg
#################################################################
#     Georgia Institute of Technology - Terms of use            #
#                                                               #
# This computer system is the property of the Georgia Institute #
# of Technology. Any user of this system must comply with all   #
# Institute and Board of Regents policies, including the        #
# Acceptable Use Policy, Cyber Security Policy and Data Privacy #
# Policy (http://b.gatech.edu/it-policies). Users should have   #
# no expectation of privacy, as any and all files on this       #
# system may be intercepted, monitored, recorded, copied,       #
# inspected, and/or disclosed to authorized personnel in order  #
# to meet Institute obligations.                                # 
#                                                               #
# By using this system, I acknowledge and consent to these      # 
# terms.                                                        #
#################################################################

schedule.jpg                                                              0%    0     0.0KB/s   --:-- ETA
schedule.jpg                                                            100%   47KB  14.1MB/s   00:00    

2024-04-19 13:33:34,322 - INFO - Moonrise Time: 04-20 23:26
2024-04-19 13:33:34,322 - INFO - Moonset Time: 04-20 11:27
2024-04-19 13:33:34,323 - INFO - Sunrise Time: 04-20 12:51
2024-04-19 13:33:34,323 - INFO - Sunset Time: 04-20 02:13
2024-04-19 13:33:34,323 - INFO - [1mStart Time: 04-20 03:43[0m
2024-04-19 13:33:34,323 - INFO - [1mEnd Time: 04-20 04:59[0m
2024-04-19 13:33:50,836 - INFO - Moonrise Time: 04-20 23:26
2024-04-19 13:33:50,836 - INFO - Moonset Time: 04-20 11:27
2024-04-19 13:33:50,836 - INFO - Sunrise Time: 04-20 12:51
2024-04-19 13:33:50,836 - INFO - Sunset Time: 04-20 02:13
2024-04-19 13:33:50,836 - INFO - [1mStart Time: 04-20 03:43[0m
2024-04-19 13:33:50,836 - INFO - [1mEnd Time: 04-20 04:59[0m
2024-04-19 13:34:55,722 - INFO - Moonrise Time: 04-20 23:26
2024-04-19 13:34:55,722 - INFO - Moonset Time: 04-20 11:27
2024-04-19 13:34:55,722 - INFO - Sunrise Time: 04-20 12:51
2024-04-19 13:34:55,722 - INFO - Sunset Time: 04-20 02:13
2024-04-19 13:34:55,722 - INFO - [1mStart Time: 04-20 03:43[0m
2024-04-19 13:34:55,722 - INFO - [1mEnd Time: 04-20 04:59[0m
2024-04-19 13:35:32,136 - INFO - Moonrise Time: 04-20 23:26
2024-04-19 13:35:32,136 - INFO - Moonset Time: 04-20 11:27
2024-04-19 13:35:32,136 - INFO - Sunrise Time: 04-20 12:51
2024-04-19 13:35:32,136 - INFO - Sunset Time: 04-20 02:13
2024-04-19 13:35:32,136 - INFO - [1mStart Time: 04-20 03:43[0m
2024-04-19 13:35:32,136 - INFO - [1mEnd Time: 04-20 04:59[0m
2024-04-19 13:35:33,677 - INFO - Output: spawn scp -i /root/.ssh/trinitySite /data/TrinityLabComputer/scheduling/schedule.jpg trinity@130.207.49.19:/httpdocs/wp-content/uploads/demonstrator-uploads/Schedule.jpg
#################################################################
#     Georgia Institute of Technology - Terms of use            #
#                                                               #
# This computer system is the property of the Georgia Institute #
# of Technology. Any user of this system must comply with all   #
# Institute and Board of Regents policies, including the        #
# Acceptable Use Policy, Cyber Security Policy and Data Privacy #
# Policy (http://b.gatech.edu/it-policies). Users should have   #
# no expectation of privacy, as any and all files on this       #
# system may be intercepted, monitored, recorded, copied,       #
# inspected, and/or disclosed to authorized personnel in order  #
# to meet Institute obligations.                                # 
#                                                               #
# By using this system, I acknowledge and consent to these      # 
# terms.                                                        #
#################################################################

schedule.jpg                                                              0%    0     0.0KB/s   --:-- ETA
schedule.jpg                                                            100%   47KB  13.3MB/s   00:00    

2024-04-19 13:36:42,566 - INFO - Moonrise Time: 04-20 23:26
2024-04-19 13:36:42,566 - INFO - Moonset Time: 04-20 11:27
2024-04-19 13:36:42,566 - INFO - Sunrise Time: 04-20 12:51
2024-04-19 13:36:42,566 - INFO - Sunset Time: 04-20 02:13
2024-04-19 13:36:42,566 - INFO - [1mStart Time: 04-20 03:43[0m
2024-04-19 13:36:42,566 - INFO - [1mEnd Time: 04-20 04:59[0m
2024-04-19 13:36:43,074 - INFO - Output: spawn scp -i /root/.ssh/trinitySite /data/TrinityLabComputer/scheduling/schedule.jpg trinity@130.207.49.19:/httpdocs/wp-content/uploads/demonstrator-uploads/Schedule.jpg
#################################################################
#     Georgia Institute of Technology - Terms of use            #
#                                                               #
# This computer system is the property of the Georgia Institute #
# of Technology. Any user of this system must comply with all   #
# Institute and Board of Regents policies, including the        #
# Acceptable Use Policy, Cyber Security Policy and Data Privacy #
# Policy (http://b.gatech.edu/it-policies). Users should have   #
# no expectation of privacy, as any and all files on this       #
# system may be intercepted, monitored, recorded, copied,       #
# inspected, and/or disclosed to authorized personnel in order  #
# to meet Institute obligations.                                # 
#                                                               #
# By using this system, I acknowledge and consent to these      # 
# terms.                                                        #
#################################################################

schedule.jpg                                                              0%    0     0.0KB/s   --:-- ETA
schedule.jpg                                                            100%   47KB  18.4MB/s   00:00    

2024-04-20 11:00:01,982 - INFO - Moonrise Time: 04-22 00:24
2024-04-20 11:00:01,983 - INFO - Moonset Time: 04-21 11:47
2024-04-20 11:00:01,983 - INFO - Sunrise Time: 04-21 12:50
2024-04-20 11:00:01,983 - INFO - Sunset Time: 04-21 02:14
2024-04-20 11:00:01,983 - INFO - [1mStart Time: 04-21 03:44[0m
2024-04-20 11:00:01,983 - INFO - [1mEnd Time: 04-21 05:38[0m
2024-04-20 11:00:02,719 - INFO - Output: spawn scp -i /root/.ssh/trinitySite /data/TrinityLabComputer/scheduling/schedule.jpg trinity@130.207.49.19:/httpdocs/wp-content/uploads/demonstrator-uploads/Schedule.jpg
#################################################################
#     Georgia Institute of Technology - Terms of use            #
#                                                               #
# This computer system is the property of the Georgia Institute #
# of Technology. Any user of this system must comply with all   #
# Institute and Board of Regents policies, including the        #
# Acceptable Use Policy, Cyber Security Policy and Data Privacy #
# Policy (http://b.gatech.edu/it-policies). Users should have   #
# no expectation of privacy, as any and all files on this       #
# system may be intercepted, monitored, recorded, copied,       #
# inspected, and/or disclosed to authorized personnel in order  #
# to meet Institute obligations.                                # 
#                                                               #
# By using this system, I acknowledge and consent to these      # 
# terms.                                                        #
#################################################################

schedule.jpg                                    0%    0     0.0KB/s   --:-- ETA
schedule.jpg                                  100%   44KB   8.8MB/s   00:00    

2024-04-21 11:00:02,369 - INFO - Moonrise Time: 04-22 00:24
2024-04-21 11:00:02,369 - INFO - Moonset Time: 04-22 12:07
2024-04-21 11:00:02,369 - INFO - Sunrise Time: 04-22 12:49
2024-04-21 11:00:02,369 - INFO - Sunset Time: 04-22 02:15
2024-04-21 11:00:02,369 - INFO - [1mStart Time: 04-22 03:45[0m
2024-04-21 11:00:02,369 - INFO - [1mEnd Time: 04-22 06:16[0m
2024-04-21 11:00:03,192 - INFO - Output: spawn scp -i /root/.ssh/trinitySite /data/TrinityLabComputer/scheduling/schedule.jpg trinity@130.207.49.19:/httpdocs/wp-content/uploads/demonstrator-uploads/Schedule.jpg
#################################################################
#     Georgia Institute of Technology - Terms of use            #
#                                                               #
# This computer system is the property of the Georgia Institute #
# of Technology. Any user of this system must comply with all   #
# Institute and Board of Regents policies, including the        #
# Acceptable Use Policy, Cyber Security Policy and Data Privacy #
# Policy (http://b.gatech.edu/it-policies). Users should have   #
# no expectation of privacy, as any and all files on this       #
# system may be intercepted, monitored, recorded, copied,       #
# inspected, and/or disclosed to authorized personnel in order  #
# to meet Institute obligations.                                # 
#                                                               #
# By using this system, I acknowledge and consent to these      # 
# terms.                                                        #
#################################################################

schedule.jpg                                    0%    0     0.0KB/s   --:-- ETA
schedule.jpg                                  100%   45KB  14.4MB/s   00:00    

2024-04-22 11:00:01,892 - INFO - Moonrise Time: 04-23 01:24
2024-04-22 11:00:01,893 - INFO - Moonset Time: 04-23 12:29
2024-04-22 11:00:01,893 - INFO - Sunrise Time: 04-23 12:47
2024-04-22 11:00:01,893 - INFO - Sunset Time: 04-23 02:16
2024-04-22 11:00:01,893 - INFO - [1mStart Time: 04-23 03:46[0m
2024-04-22 11:00:01,893 - INFO - [1mEnd Time: 04-23 06:57[0m
2024-04-22 11:00:02,645 - INFO - Output: spawn scp -i /root/.ssh/trinitySite /data/TrinityLabComputer/scheduling/schedule.jpg trinity@130.207.49.19:/httpdocs/wp-content/uploads/demonstrator-uploads/Schedule.jpg
#################################################################
#     Georgia Institute of Technology - Terms of use            #
#                                                               #
# This computer system is the property of the Georgia Institute #
# of Technology. Any user of this system must comply with all   #
# Institute and Board of Regents policies, including the        #
# Acceptable Use Policy, Cyber Security Policy and Data Privacy #
# Policy (http://b.gatech.edu/it-policies). Users should have   #
# no expectation of privacy, as any and all files on this       #
# system may be intercepted, monitored, recorded, copied,       #
# inspected, and/or disclosed to authorized personnel in order  #
# to meet Institute obligations.                                # 
#                                                               #
# By using this system, I acknowledge and consent to these      # 
# terms.                                                        #
#################################################################

schedule.jpg                                    0%    0     0.0KB/s   --:-- ETA
schedule.jpg                                  100%   45KB  11.8MB/s   00:00    

2024-04-23 11:00:02,312 - INFO - Moonrise Time: 04-24 02:26
2024-04-23 11:00:02,312 - INFO - Moonset Time: 04-24 12:53
2024-04-23 11:00:02,312 - INFO - Sunrise Time: 04-24 12:46
2024-04-23 11:00:02,312 - INFO - Sunset Time: 04-24 02:17
2024-04-23 11:00:02,312 - INFO - [1mStart Time: 04-24 03:47[0m
2024-04-23 11:00:02,312 - INFO - [1mEnd Time: 04-24 07:39[0m
2024-04-23 11:00:02,887 - INFO - Output: spawn scp -i /root/.ssh/trinitySite /data/TrinityLabComputer/scheduling/schedule.jpg trinity@130.207.49.19:/httpdocs/wp-content/uploads/demonstrator-uploads/Schedule.jpg
#################################################################
#     Georgia Institute of Technology - Terms of use            #
#                                                               #
# This computer system is the property of the Georgia Institute #
# of Technology. Any user of this system must comply with all   #
# Institute and Board of Regents policies, including the        #
# Acceptable Use Policy, Cyber Security Policy and Data Privacy #
# Policy (http://b.gatech.edu/it-policies). Users should have   #
# no expectation of privacy, as any and all files on this       #
# system may be intercepted, monitored, recorded, copied,       #
# inspected, and/or disclosed to authorized personnel in order  #
# to meet Institute obligations.                                # 
#                                                               #
# By using this system, I acknowledge and consent to these      # 
# terms.                                                        #
#################################################################

schedule.jpg                                    0%    0     0.0KB/s   --:-- ETA
schedule.jpg                                  100%   45KB  15.0MB/s   00:00    

2024-04-24 11:00:03,383 - INFO - Moonrise Time: 04-25 03:29
2024-04-24 11:00:03,383 - INFO - Moonset Time: 04-25 13:22
2024-04-24 11:00:03,383 - INFO - Sunrise Time: 04-25 12:45
2024-04-24 11:00:03,383 - INFO - Sunset Time: 04-25 02:18
2024-04-24 11:00:03,383 - INFO - [1mStart Time: 04-25 03:48[0m
2024-04-24 11:00:03,383 - INFO - [1mEnd Time: 04-25 08:25[0m
2024-04-24 11:00:03,982 - INFO - Output: spawn scp -i /root/.ssh/trinitySite /data/TrinityLabComputer/scheduling/schedule.jpg trinity@130.207.49.19:/httpdocs/wp-content/uploads/demonstrator-uploads/Schedule.jpg
#################################################################
#     Georgia Institute of Technology - Terms of use            #
#                                                               #
# This computer system is the property of the Georgia Institute #
# of Technology. Any user of this system must comply with all   #
# Institute and Board of Regents policies, including the        #
# Acceptable Use Policy, Cyber Security Policy and Data Privacy #
# Policy (http://b.gatech.edu/it-policies). Users should have   #
# no expectation of privacy, as any and all files on this       #
# system may be intercepted, monitored, recorded, copied,       #
# inspected, and/or disclosed to authorized personnel in order  #
# to meet Institute obligations.                                # 
#                                                               #
# By using this system, I acknowledge and consent to these      # 
# terms.                                                        #
#################################################################

schedule.jpg                                    0%    0     0.0KB/s   --:-- ETA
schedule.jpg                                  100%   45KB   6.4MB/s   00:00    

2024-04-25 11:00:01,917 - INFO - Moonrise Time: 04-26 04:35
2024-04-25 11:00:01,918 - INFO - Moonset Time: 04-26 13:58
2024-04-25 11:00:01,918 - INFO - Sunrise Time: 04-26 12:43
2024-04-25 11:00:01,918 - INFO - Sunset Time: 04-26 02:19
2024-04-25 11:00:01,918 - INFO - [1mStart Time: 04-26 03:49[0m
2024-04-25 11:00:01,918 - INFO - [1mEnd Time: 04-26 09:16[0m
2024-04-25 11:00:02,569 - INFO - Output: spawn scp -i /root/.ssh/trinitySite /data/TrinityLabComputer/scheduling/schedule.jpg trinity@130.207.49.19:/httpdocs/wp-content/uploads/demonstrator-uploads/Schedule.jpg
#################################################################
#     Georgia Institute of Technology - Terms of use            #
#                                                               #
# This computer system is the property of the Georgia Institute #
# of Technology. Any user of this system must comply with all   #
# Institute and Board of Regents policies, including the        #
# Acceptable Use Policy, Cyber Security Policy and Data Privacy #
# Policy (http://b.gatech.edu/it-policies). Users should have   #
# no expectation of privacy, as any and all files on this       #
# system may be intercepted, monitored, recorded, copied,       #
# inspected, and/or disclosed to authorized personnel in order  #
# to meet Institute obligations.                                # 
#                                                               #
# By using this system, I acknowledge and consent to these      # 
# terms.                                                        #
#################################################################

schedule.jpg                                    0%    0     0.0KB/s   --:-- ETA
schedule.jpg                                  100%   45KB  13.3MB/s   00:00    

2024-04-26 11:00:02,212 - INFO - Moonrise Time: 04-27 05:41
2024-04-26 11:00:02,212 - INFO - Moonset Time: 04-27 14:41
2024-04-26 11:00:02,212 - INFO - Sunrise Time: 04-27 12:42
2024-04-26 11:00:02,212 - INFO - Sunset Time: 04-27 02:20
2024-04-26 11:00:02,212 - INFO - [1mStart Time: 04-27 03:50[0m
2024-04-26 11:00:02,212 - INFO - [1mEnd Time: 04-27 10:11[0m
2024-04-26 11:00:02,915 - INFO - Output: spawn scp -i /root/.ssh/trinitySite /data/TrinityLabComputer/scheduling/schedule.jpg trinity@130.207.49.19:/httpdocs/wp-content/uploads/demonstrator-uploads/Schedule.jpg
#################################################################
#     Georgia Institute of Technology - Terms of use            #
#                                                               #
# This computer system is the property of the Georgia Institute #
# of Technology. Any user of this system must comply with all   #
# Institute and Board of Regents policies, including the        #
# Acceptable Use Policy, Cyber Security Policy and Data Privacy #
# Policy (http://b.gatech.edu/it-policies). Users should have   #
# no expectation of privacy, as any and all files on this       #
# system may be intercepted, monitored, recorded, copied,       #
# inspected, and/or disclosed to authorized personnel in order  #
# to meet Institute obligations.                                # 
#                                                               #
# By using this system, I acknowledge and consent to these      # 
# terms.                                                        #
#################################################################

schedule.jpg                                    0%    0     0.0KB/s   --:-- ETA
schedule.jpg                                  100%   46KB  11.4MB/s   00:00    

2024-04-27 11:00:03,337 - INFO - Moonrise Time: 04-28 06:44
2024-04-27 11:00:03,338 - INFO - Moonset Time: 04-28 15:35
2024-04-27 11:00:03,338 - INFO - Sunrise Time: 04-28 12:41
2024-04-27 11:00:03,338 - INFO - Sunset Time: 04-28 02:21
2024-04-27 11:00:03,338 - INFO - [1mStart Time: 04-28 03:51[0m
2024-04-27 11:00:03,338 - INFO - [1mEnd Time: 04-28 11:09[0m
2024-04-27 11:00:04,139 - INFO - Output: spawn scp -i /root/.ssh/trinitySite /data/TrinityLabComputer/scheduling/schedule.jpg trinity@130.207.49.19:/httpdocs/wp-content/uploads/demonstrator-uploads/Schedule.jpg
#################################################################
#     Georgia Institute of Technology - Terms of use            #
#                                                               #
# This computer system is the property of the Georgia Institute #
# of Technology. Any user of this system must comply with all   #
# Institute and Board of Regents policies, including the        #
# Acceptable Use Policy, Cyber Security Policy and Data Privacy #
# Policy (http://b.gatech.edu/it-policies). Users should have   #
# no expectation of privacy, as any and all files on this       #
# system may be intercepted, monitored, recorded, copied,       #
# inspected, and/or disclosed to authorized personnel in order  #
# to meet Institute obligations.                                # 
#                                                               #
# By using this system, I acknowledge and consent to these      # 
# terms.                                                        #
#################################################################

schedule.jpg                                    0%    0     0.0KB/s   --:-- ETA
schedule.jpg                                  100%   47KB  13.0MB/s   00:00    

2024-04-28 11:00:01,846 - INFO - Moonrise Time: 04-29 07:41
2024-04-28 11:00:01,846 - INFO - Moonset Time: 04-29 16:38
2024-04-28 11:00:01,846 - INFO - Sunrise Time: 04-29 12:40
2024-04-28 11:00:01,846 - INFO - Sunset Time: 04-29 02:22
2024-04-28 11:00:01,846 - INFO - [1mStart Time: 04-29 03:52[0m
2024-04-28 11:00:01,846 - INFO - [1mEnd Time: 04-29 11:10[0m
2024-04-28 11:00:02,709 - INFO - Output: spawn scp -i /root/.ssh/trinitySite /data/TrinityLabComputer/scheduling/schedule.jpg trinity@130.207.49.19:/httpdocs/wp-content/uploads/demonstrator-uploads/Schedule.jpg
#################################################################
#     Georgia Institute of Technology - Terms of use            #
#                                                               #
# This computer system is the property of the Georgia Institute #
# of Technology. Any user of this system must comply with all   #
# Institute and Board of Regents policies, including the        #
# Acceptable Use Policy, Cyber Security Policy and Data Privacy #
# Policy (http://b.gatech.edu/it-policies). Users should have   #
# no expectation of privacy, as any and all files on this       #
# system may be intercepted, monitored, recorded, copied,       #
# inspected, and/or disclosed to authorized personnel in order  #
# to meet Institute obligations.                                # 
#                                                               #
# By using this system, I acknowledge and consent to these      # 
# terms.                                                        #
#################################################################

schedule.jpg                                    0%    0     0.0KB/s   --:-- ETA
schedule.jpg                                  100%   47KB  11.5MB/s   00:00    

2024-04-29 11:00:02,371 - INFO - Moonrise Time: 04-30 08:29
2024-04-29 11:00:02,371 - INFO - Moonset Time: 04-30 17:48
2024-04-29 11:00:02,371 - INFO - Sunrise Time: 04-30 12:38
2024-04-29 11:00:02,371 - INFO - Sunset Time: 04-30 02:23
2024-04-29 11:00:02,371 - INFO - [1mStart Time: 04-30 03:53[0m
2024-04-29 11:00:02,371 - INFO - [1mEnd Time: 04-30 11:08[0m
2024-04-29 11:00:03,221 - INFO - Output: spawn scp -i /root/.ssh/trinitySite /data/TrinityLabComputer/scheduling/schedule.jpg trinity@130.207.49.19:/httpdocs/wp-content/uploads/demonstrator-uploads/Schedule.jpg
#################################################################
#     Georgia Institute of Technology - Terms of use            #
#                                                               #
# This computer system is the property of the Georgia Institute #
# of Technology. Any user of this system must comply with all   #
# Institute and Board of Regents policies, including the        #
# Acceptable Use Policy, Cyber Security Policy and Data Privacy #
# Policy (http://b.gatech.edu/it-policies). Users should have   #
# no expectation of privacy, as any and all files on this       #
# system may be intercepted, monitored, recorded, copied,       #
# inspected, and/or disclosed to authorized personnel in order  #
# to meet Institute obligations.                                # 
#                                                               #
# By using this system, I acknowledge and consent to these      # 
# terms.                                                        #
#################################################################

schedule.jpg                                    0%    0     0.0KB/s   --:-- ETA
schedule.jpg                                  100%   48KB  11.4MB/s   00:00    

2024-04-30 11:00:02,266 - INFO - Moonrise Time: 05-01 09:09
2024-04-30 11:00:02,266 - INFO - Moonset Time: 05-01 19:01
2024-04-30 11:00:02,266 - INFO - Sunrise Time: 05-01 12:37
2024-04-30 11:00:02,266 - INFO - Sunset Time: 05-01 02:24
2024-04-30 11:00:02,266 - INFO - [1mStart Time: 05-01 03:54[0m
2024-04-30 11:00:02,266 - INFO - [1mEnd Time: 05-01 11:07[0m
2024-04-30 11:00:03,317 - INFO - Output: spawn scp -i /root/.ssh/trinitySite /data/TrinityLabComputer/scheduling/schedule.jpg trinity@130.207.49.19:/httpdocs/wp-content/uploads/demonstrator-uploads/Schedule.jpg
#################################################################
#     Georgia Institute of Technology - Terms of use            #
#                                                               #
# This computer system is the property of the Georgia Institute #
# of Technology. Any user of this system must comply with all   #
# Institute and Board of Regents policies, including the        #
# Acceptable Use Policy, Cyber Security Policy and Data Privacy #
# Policy (http://b.gatech.edu/it-policies). Users should have   #
# no expectation of privacy, as any and all files on this       #
# system may be intercepted, monitored, recorded, copied,       #
# inspected, and/or disclosed to authorized personnel in order  #
# to meet Institute obligations.                                # 
#                                                               #
# By using this system, I acknowledge and consent to these      # 
# terms.                                                        #
#################################################################

schedule.jpg                                    0%    0     0.0KB/s   --:-- ETA
schedule.jpg                                  100%   49KB   8.3MB/s   00:00    

2024-05-01 11:00:01,730 - INFO - Moonrise Time: 05-02 09:43
2024-05-01 11:00:01,730 - INFO - Moonset Time: 05-02 20:15
2024-05-01 11:00:01,730 - INFO - Sunrise Time: 05-02 12:36
2024-05-01 11:00:01,730 - INFO - Sunset Time: 05-02 02:25
2024-05-01 11:00:01,730 - INFO - [1mStart Time: 05-02 03:55[0m
2024-05-01 11:00:01,730 - INFO - [1mEnd Time: 05-02 11:06[0m
2024-05-01 11:00:02,992 - INFO - Output: spawn scp -i /root/.ssh/trinitySite /data/TrinityLabComputer/scheduling/schedule.jpg trinity@130.207.49.19:/httpdocs/wp-content/uploads/demonstrator-uploads/Schedule.jpg
#################################################################
#     Georgia Institute of Technology - Terms of use            #
#                                                               #
# This computer system is the property of the Georgia Institute #
# of Technology. Any user of this system must comply with all   #
# Institute and Board of Regents policies, including the        #
# Acceptable Use Policy, Cyber Security Policy and Data Privacy #
# Policy (http://b.gatech.edu/it-policies). Users should have   #
# no expectation of privacy, as any and all files on this       #
# system may be intercepted, monitored, recorded, copied,       #
# inspected, and/or disclosed to authorized personnel in order  #
# to meet Institute obligations.                                # 
#                                                               #
# By using this system, I acknowledge and consent to these      # 
# terms.                                                        #
#################################################################

schedule.jpg                                    0%    0     0.0KB/s   --:-- ETA
schedule.jpg                                  100%   47KB  12.2MB/s   00:00    

2024-05-02 11:00:02,054 - INFO - Moonrise Time: 05-03 10:12
2024-05-02 11:00:02,054 - INFO - Moonset Time: 05-03 21:29
2024-05-02 11:00:02,054 - INFO - Sunrise Time: 05-03 12:35
2024-05-02 11:00:02,054 - INFO - Sunset Time: 05-03 02:26
2024-05-02 11:00:02,054 - INFO - [1mStart Time: 05-03 03:56[0m
2024-05-02 11:00:02,054 - INFO - [1mEnd Time: 05-03 11:05[0m
2024-05-02 11:00:02,818 - INFO - Output: spawn scp -i /root/.ssh/trinitySite /data/TrinityLabComputer/scheduling/schedule.jpg trinity@130.207.49.19:/httpdocs/wp-content/uploads/demonstrator-uploads/Schedule.jpg
#################################################################
#     Georgia Institute of Technology - Terms of use            #
#                                                               #
# This computer system is the property of the Georgia Institute #
# of Technology. Any user of this system must comply with all   #
# Institute and Board of Regents policies, including the        #
# Acceptable Use Policy, Cyber Security Policy and Data Privacy #
# Policy (http://b.gatech.edu/it-policies). Users should have   #
# no expectation of privacy, as any and all files on this       #
# system may be intercepted, monitored, recorded, copied,       #
# inspected, and/or disclosed to authorized personnel in order  #
# to meet Institute obligations.                                # 
#                                                               #
# By using this system, I acknowledge and consent to these      # 
# terms.                                                        #
#################################################################

schedule.jpg                                    0%    0     0.0KB/s   --:-- ETA
schedule.jpg                                  100%   47KB  14.8MB/s   00:00    

2024-05-03 11:00:04,082 - INFO - Moonrise Time: 05-04 10:39
2024-05-03 11:00:04,083 - INFO - Moonset Time: 05-04 22:43
2024-05-03 11:00:04,083 - INFO - Sunrise Time: 05-04 12:34
2024-05-03 11:00:04,083 - INFO - Sunset Time: 05-04 02:27
2024-05-03 11:00:04,083 - INFO - [1mStart Time: 05-04 03:57[0m
2024-05-03 11:00:04,083 - INFO - [1mEnd Time: 05-04 11:04[0m
2024-05-03 11:00:04,887 - INFO - Output: spawn scp -i /root/.ssh/trinitySite /data/TrinityLabComputer/scheduling/schedule.jpg trinity@130.207.49.19:/httpdocs/wp-content/uploads/demonstrator-uploads/Schedule.jpg
#################################################################
#     Georgia Institute of Technology - Terms of use            #
#                                                               #
# This computer system is the property of the Georgia Institute #
# of Technology. Any user of this system must comply with all   #
# Institute and Board of Regents policies, including the        #
# Acceptable Use Policy, Cyber Security Policy and Data Privacy #
# Policy (http://b.gatech.edu/it-policies). Users should have   #
# no expectation of privacy, as any and all files on this       #
# system may be intercepted, monitored, recorded, copied,       #
# inspected, and/or disclosed to authorized personnel in order  #
# to meet Institute obligations.                                # 
#                                                               #
# By using this system, I acknowledge and consent to these      # 
# terms.                                                        #
#################################################################

schedule.jpg                                    0%    0     0.0KB/s   --:-- ETA
schedule.jpg                                  100%   47KB   9.9MB/s   00:00    

2024-05-04 11:00:02,025 - INFO - Moonrise Time: 05-05 11:05
2024-05-04 11:00:02,027 - INFO - Moonset Time: 05-05 23:57
2024-05-04 11:00:02,027 - INFO - Sunrise Time: 05-05 12:33
2024-05-04 11:00:02,027 - INFO - Sunset Time: 05-05 02:27
2024-05-04 11:00:02,027 - INFO - [1mStart Time: 05-05 03:57[0m
2024-05-04 11:00:02,027 - INFO - [1mEnd Time: 05-05 11:03[0m
2024-05-04 11:00:02,919 - INFO - Output: spawn scp -i /root/.ssh/trinitySite /data/TrinityLabComputer/scheduling/schedule.jpg trinity@130.207.49.19:/httpdocs/wp-content/uploads/demonstrator-uploads/Schedule.jpg
#################################################################
#     Georgia Institute of Technology - Terms of use            #
#                                                               #
# This computer system is the property of the Georgia Institute #
# of Technology. Any user of this system must comply with all   #
# Institute and Board of Regents policies, including the        #
# Acceptable Use Policy, Cyber Security Policy and Data Privacy #
# Policy (http://b.gatech.edu/it-policies). Users should have   #
# no expectation of privacy, as any and all files on this       #
# system may be intercepted, monitored, recorded, copied,       #
# inspected, and/or disclosed to authorized personnel in order  #
# to meet Institute obligations.                                # 
#                                                               #
# By using this system, I acknowledge and consent to these      # 
# terms.                                                        #
#################################################################

schedule.jpg                                    0%    0     0.0KB/s   --:-- ETA
schedule.jpg                                  100%   47KB  11.4MB/s   00:00    

2024-05-08 11:00:01,660 - INFO - Moonrise Time: 05-09 13:17
2024-05-08 11:00:01,661 - INFO - Moonset Time: 05-09 03:45
2024-05-08 11:00:01,661 - INFO - Sunrise Time: 05-09 12:29
2024-05-08 11:00:01,661 - INFO - Sunset Time: 05-09 02:31
2024-05-08 11:00:01,661 - INFO - [1mStart Time: 05-09 04:01[0m
2024-05-08 11:00:01,661 - INFO - [1mEnd Time: 05-09 10:59[0m
2024-05-08 11:00:02,218 - INFO - Output: spawn scp -i /root/.ssh/trinitySite /data/TrinityLabComputer/scheduling/schedule.jpg trinity@130.207.49.19:/httpdocs/wp-content/uploads/demonstrator-uploads/Schedule.jpg
ssh: connect to host 130.207.49.19 port 22: Network is unreachable

lost connection

2024-05-09 11:00:02,247 - INFO - Moonrise Time: 05-10 14:07
2024-05-09 11:00:02,248 - INFO - Moonset Time: 05-10 04:58
2024-05-09 11:00:02,248 - INFO - Sunrise Time: 05-10 12:28
2024-05-09 11:00:02,248 - INFO - Sunset Time: 05-10 02:32
2024-05-09 11:00:02,248 - INFO - [1mStart Time: 05-10 04:58[0m
2024-05-09 11:00:02,248 - INFO - [1mEnd Time: 05-10 10:58[0m
2024-05-09 11:00:03,192 - INFO - Output: spawn scp -i /root/.ssh/trinitySite /data/TrinityLabComputer/scheduling/schedule.jpg trinity@130.207.49.19:/httpdocs/wp-content/uploads/demonstrator-uploads/Schedule.jpg
#################################################################
#     Georgia Institute of Technology - Terms of use            #
#                                                               #
# This computer system is the property of the Georgia Institute #
# of Technology. Any user of this system must comply with all   #
# Institute and Board of Regents policies, including the        #
# Acceptable Use Policy, Cyber Security Policy and Data Privacy #
# Policy (http://b.gatech.edu/it-policies). Users should have   #
# no expectation of privacy, as any and all files on this       #
# system may be intercepted, monitored, recorded, copied,       #
# inspected, and/or disclosed to authorized personnel in order  #
# to meet Institute obligations.                                # 
#                                                               #
# By using this system, I acknowledge and consent to these      # 
# terms.                                                        #
#################################################################

schedule.jpg                                    0%    0     0.0KB/s   --:-- ETA
schedule.jpg                                  100%   46KB   6.8MB/s   00:00    

2024-05-10 11:00:02,418 - INFO - Moonrise Time: 05-11 15:05
2024-05-10 11:00:02,419 - INFO - Moonset Time: 05-11 06:02
2024-05-10 11:00:02,419 - INFO - Sunrise Time: 05-11 12:27
2024-05-10 11:00:02,419 - INFO - Sunset Time: 05-11 02:33
2024-05-10 11:00:02,419 - INFO - [1mStart Time: 05-11 06:02[0m
2024-05-10 11:00:02,419 - INFO - [1mEnd Time: 05-11 10:57[0m
2024-05-10 11:00:03,220 - INFO - Output: spawn scp -i /root/.ssh/trinitySite /data/TrinityLabComputer/scheduling/schedule.jpg trinity@130.207.49.19:/httpdocs/wp-content/uploads/demonstrator-uploads/Schedule.jpg
#################################################################
#     Georgia Institute of Technology - Terms of use            #
#                                                               #
# This computer system is the property of the Georgia Institute #
# of Technology. Any user of this system must comply with all   #
# Institute and Board of Regents policies, including the        #
# Acceptable Use Policy, Cyber Security Policy and Data Privacy #
# Policy (http://b.gatech.edu/it-policies). Users should have   #
# no expectation of privacy, as any and all files on this       #
# system may be intercepted, monitored, recorded, copied,       #
# inspected, and/or disclosed to authorized personnel in order  #
# to meet Institute obligations.                                # 
#                                                               #
# By using this system, I acknowledge and consent to these      # 
# terms.                                                        #
#################################################################

schedule.jpg                                    0%    0     0.0KB/s   --:-- ETA
schedule.jpg                                  100%   47KB  10.8MB/s   00:00    

