Write points: [{'measurement': 'Modules_Status', 'tags': {'metric': 'num'}, 'time': '2024-05-10T09:33:54z', 'fields': {1: 1.0, 2: 1.0, 3: 1.0, 4: 1.0, 5: 1.0}}]
Write points: [{'measurement': 'TriggerRate', 'tags': {'metric1': 'num', 'metric2': 'null'}, 'time': '2024-05-10T09:33:54z', 'fields': {'value1': 137, 'value2': 'null'}}]
Write points: [{'measurement': 'MUSIC_Power', 'tags': {'metric': 'num'}, 'time': '2024-05-10T09:33:54z', 'fields': {1: 1.0, 2: 1.0, 3: 1.0, 4: 1.0, 5: 1.0, 6: 1.0, 7: 1.0, 8: 1.0, 9: 1.0, 10: 1.0, 11: 1.0, 12: 1.0, 13: 1.0, 14: 1.0, 15: 1.0, 16: 1.0}}]
Write points: [{'measurement': 'HV_Status', 'tags': {'metric': 'num'}, 'time': '2024-05-10T09:33:54z', 'fields': {1: 1.0, 2: 1.0, 3: 1.0, 4: 1.0, 5: 1.0, 6: 1.0, 7: 1.0, 8: 1.0, 9: 1.0, 10: 1.0, 11: 1.0, 12: 1.0, 13: 1.0, 14: 1.0, 15: 1.0, 16: 1.0}}]
Write points: [{'measurement': 'ASADCurrent', 'tags': {'metric1': 'mA', 'metric2': 'null'}, 'time': '2024-05-10T09:33:54z', 'fields': {'value1': 1219.6566133884003, 'value2': 'null'}}]
Write points: [{'measurement': 'TBCurrent', 'tags': {'metric1': 'mA', 'metric2': 'null'}, 'time': '2024-05-10T09:33:54z', 'fields': {'value1': 235.56833525280004, 'value2': 'null'}}]
Write points: [{'measurement': 'HV', 'tags': {'metric': 'V'}, 'time': '2024-05-10T09:33:54z', 'fields': {1: 44.026241417040005, 2: 44.021161339680006, 3: 44.04139449093, 4: 44.063358354810006}}]
Write points: [{'measurement': 'HV_currents', 'tags': {'metric': 'mA'}, 'time': '2024-05-10T09:33:54z', 'fields': {1: 5.286605903964, 2: 4.760072754756001, 3: 5.443114677, 4: 4.845441398358}}]
Write points: [{'measurement': 'SiPM_temps', 'tags': {'metric': 'C'}, 'time': '2024-05-10T09:33:54z', 'fields': {1: 10.188970627846983, 2: 11.30906833632766, 3: 11.539365036269308, 4: 10.880716805787754, 5: 11.248009094515464, 6: 12.429502366168222, 7: 12.875138016597608, 8: 12.242863858425617, 9: 11.44345634307826, 10: 12.887985278404368, 11: 13.264584912756165, 12: 12.784356893868107, 13: 10.8729092616588, 14: 11.812093674370047, 15: 12.343344040814399, 16: 12.021099157701608}}]
Write points: [{'measurement': 'UC_temps', 'tags': {'metric': 'C'}, 'time': '2024-05-10T09:33:54z', 'fields': {1: 10.669911730730247, 2: 11.962540484580268, 3: 13.878353098666485, 4: 13.291979774150157, 5: 11.664799655320962, 6: 14.085236913149933, 7: 15.460481567133744, 8: 14.718344333969167, 9: 12.316560967855294, 10: 15.2749850072318, 11: 15.888388960912392, 12: 16.042758745545967, 13: 11.852706284285334, 14: 13.429683890978662, 15: 14.693424936217038, 16: 14.87122680697866}}]
Write points: [{'measurement': 'SIABcurrent', 'tags': {'metric': 'mA'}, 'time': '2024-05-10T09:33:54z', 'fields': {1: 185.69238821166002, 2: 198.39272870802003, 3: 188.6772267732, 4: 188.38149926442003, 5: 194.46831504738006, 6: 195.06389604108003, 7: 191.55244620534003, 8: 190.36455570198004, 9: 192.09951646182003, 10: 195.31118605482, 11: 190.83364745082002, 12: 193.90251920688004, 13: 183.66904857510002, 14: 193.67461395678004, 15: 193.30730442408006, 16: 189.4251515013}}]
Write points: [{'measurement': 'Modules_Status', 'tags': {'metric': 'num'}, 'time': '2024-05-10T09:36:54z', 'fields': {1: 1.0, 2: 1.0, 3: 1.0, 4: 1.0, 5: 1.0}}]
Write points: [{'measurement': 'TriggerRate', 'tags': {'metric1': 'num', 'metric2': 'null'}, 'time': '2024-05-10T09:36:54z', 'fields': {'value1': 174, 'value2': 'null'}}]
Write points: [{'measurement': 'MUSIC_Power', 'tags': {'metric': 'num'}, 'time': '2024-05-10T09:36:54z', 'fields': {1: 1.0, 2: 1.0, 3: 1.0, 4: 1.0, 5: 1.0, 6: 1.0, 7: 1.0, 8: 1.0, 9: 1.0, 10: 1.0, 11: 1.0, 12: 1.0, 13: 1.0, 14: 1.0, 15: 1.0, 16: 1.0}}]
Write points: [{'measurement': 'HV_Status', 'tags': {'metric': 'num'}, 'time': '2024-05-10T09:36:54z', 'fields': {1: 1.0, 2: 1.0, 3: 1.0, 4: 1.0, 5: 1.0, 6: 1.0, 7: 1.0, 8: 1.0, 9: 1.0, 10: 1.0, 11: 1.0, 12: 1.0, 13: 1.0, 14: 1.0, 15: 1.0, 16: 1.0}}]
Write points: [{'measurement': 'ASADCurrent', 'tags': {'metric1': 'mA', 'metric2': 'null'}, 'time': '2024-05-10T09:36:54z', 'fields': {'value1': 1219.7479219728002, 'value2': 'null'}}]
Write points: [{'measurement': 'TBCurrent', 'tags': {'metric1': 'mA', 'metric2': 'null'}, 'time': '2024-05-10T09:36:54z', 'fields': {'value1': 235.60739774880005, 'value2': 'null'}}]
Write points: [{'measurement': 'HV', 'tags': {'metric': 'V'}, 'time': '2024-05-10T09:36:54z', 'fields': {1: 44.010627649860005, 2: 44.00668062897, 3: 44.024510704410005, 4: 44.062685991630005}}]
Write points: [{'measurement': 'HV_currents', 'tags': {'metric': 'mA'}, 'time': '2024-05-10T09:36:54z', 'fields': {1: 5.951723023356001, 2: 5.065180145388, 3: 6.142963238148, 4: 5.345963808042}}]
Write points: [{'measurement': 'SiPM_temps', 'tags': {'metric': 'C'}, 'time': '2024-05-10T09:36:54z', 'fields': {1: 10.368543603311329, 2: 11.42844352658187, 3: 11.716432445832128, 4: 10.999708470421647, 5: 11.366427264599482, 6: 12.60674343174151, 7: 12.993861971529995, 8: 12.421378969729789, 9: 11.56179183603434, 10: 13.066069096521428, 11: 13.383974355147775, 12: 12.90272180104043, 13: 10.991785642110768, 14: 11.930728894794285, 15: 12.461441258443951, 16: 12.14023612947806}}]
Write points: [{'measurement': 'UC_temps', 'tags': {'metric': 'C'}, 'time': '2024-05-10T09:36:54z', 'fields': {1: 10.669911730730247, 2: 11.962540484580268, 3: 13.02023443801809, 4: 13.291979774150157, 5: 11.664799655320962, 6: 14.085236913149933, 7: 15.460481567133744, 8: 15.56238288965039, 9: 13.153227020966854, 10: 15.2749850072318, 11: 15.888388960912392, 12: 16.042758745545967, 13: 11.852706284285334, 14: 13.429683890978662, 15: 14.693424936217038, 16: 14.87122680697866}}]
Write points: [{'measurement': 'SIABcurrent', 'tags': {'metric': 'mA'}, 'time': '2024-05-10T09:36:54z', 'fields': {1: 186.08643114006003, 2: 199.12207433646003, 3: 189.15986832534003, 4: 188.76877949820002, 5: 195.21975540012002, 6: 195.95015083314004, 7: 192.15024887850004, 8: 190.78298827632005, 9: 192.62185527552003, 10: 195.94736763030002, 11: 191.26116205548004, 12: 194.18413538898005, 13: 184.43565005910003, 14: 194.69221639164002, 15: 193.90327604274003, 16: 189.77629892628005}}]
Write points: [{'measurement': 'Modules_Status', 'tags': {'metric': 'num'}, 'time': '2024-05-10T09:37:54z', 'fields': {1: 1.0, 2: 1.0, 3: 1.0, 4: 1.0, 5: 1.0}}]
Write points: [{'measurement': 'TriggerRate', 'tags': {'metric1': 'num', 'metric2': 'null'}, 'time': '2024-05-10T09:37:54z', 'fields': {'value1': 174, 'value2': 'null'}}]
Write points: [{'measurement': 'MUSIC_Power', 'tags': {'metric': 'num'}, 'time': '2024-05-10T09:37:54z', 'fields': {1: 1.0, 2: 1.0, 3: 1.0, 4: 1.0, 5: 1.0, 6: 1.0, 7: 1.0, 8: 1.0, 9: 1.0, 10: 1.0, 11: 1.0, 12: 1.0, 13: 1.0, 14: 1.0, 15: 1.0, 16: 1.0}}]
Write points: [{'measurement': 'HV_Status', 'tags': {'metric': 'num'}, 'time': '2024-05-10T09:37:54z', 'fields': {1: 1.0, 2: 1.0, 3: 1.0, 4: 1.0, 5: 1.0, 6: 1.0, 7: 1.0, 8: 1.0, 9: 1.0, 10: 1.0, 11: 1.0, 12: 1.0, 13: 1.0, 14: 1.0, 15: 1.0, 16: 1.0}}]
Write points: [{'measurement': 'ASADCurrent', 'tags': {'metric1': 'mA', 'metric2': 'null'}, 'time': '2024-05-10T09:37:54z', 'fields': {'value1': 1219.7183809602002, 'value2': 'null'}}]
Write points: [{'measurement': 'TBCurrent', 'tags': {'metric1': 'mA', 'metric2': 'null'}, 'time': '2024-05-10T09:37:54z', 'fields': {'value1': 235.60593290520004, 'value2': 'null'}}]
Write points: [{'measurement': 'HV', 'tags': {'metric': 'V'}, 'time': '2024-05-10T09:37:54z', 'fields': {1: 44.04027388563001, 2: 44.018646203340005, 3: 44.03551753869001, 4: 44.055103229100006}}]
Write points: [{'measurement': 'HV_currents', 'tags': {'metric': 'mA'}, 'time': '2024-05-10T09:37:54z', 'fields': {1: 6.069181507422, 2: 5.558053630073999, 3: 6.400551102396, 4: 5.815744033374}}]
Write points: [{'measurement': 'SiPM_temps', 'tags': {'metric': 'C'}, 'time': '2024-05-10T09:37:54z', 'fields': {1: 10.428401261799443, 2: 11.54781871683608, 3: 11.775454915686401, 4: 11.118700135055539, 5: 11.42563634964149, 6: 12.7249041421237, 7: 13.112585926462382, 8: 12.480884006831179, 9: 11.62095958251238, 10: 13.184791641932803, 11: 13.503363797539384, 12: 12.96190425462659, 13: 11.051223832336753, 14: 11.990046505006406, 15: 12.579538476073504, 16: 12.25937310125451}}]
Write points: [{'measurement': 'UC_temps', 'tags': {'metric': 'C'}, 'time': '2024-05-10T09:37:54z', 'fields': {1: 10.669911730730247, 2: 11.962540484580268, 3: 13.02023443801809, 4: 13.291979774150157, 5: 11.664799655320962, 6: 14.085236913149933, 7: 15.460481567133744, 8: 15.56238288965039, 9: 12.316560967855294, 10: 15.2749850072318, 11: 15.888388960912392, 12: 16.042758745545967, 13: 11.852706284285334, 14: 13.429683890978662, 15: 14.693424936217038, 16: 14.87122680697866}}]
Write points: [{'measurement': 'SIABcurrent', 'tags': {'metric': 'mA'}, 'time': '2024-05-10T09:37:54z', 'fields': {1: 186.18088913820003, 2: 199.37822665398002, 3: 189.55942883130004, 4: 189.15330094320004, 5: 195.22512649332003, 6: 196.19131291782006, 7: 192.60999004236004, 8: 191.10942867258004, 9: 192.76873026048003, 10: 196.18057073142006, 11: 191.61985342500003, 12: 194.58977499588002, 13: 184.41477603780004, 14: 194.95896441120004, 15: 194.41362755298002, 16: 190.21838872476002}}]
Write points: [{'measurement': 'Modules_Status', 'tags': {'metric': 'num'}, 'time': '2024-05-10T09:38:54z', 'fields': {1: 1.0, 2: 1.0, 3: 1.0, 4: 1.0, 5: 1.0}}]
Write points: [{'measurement': 'TriggerRate', 'tags': {'metric1': 'num', 'metric2': 'null'}, 'time': '2024-05-10T09:38:54z', 'fields': {'value1': 226, 'value2': 'null'}}]
Write points: [{'measurement': 'MUSIC_Power', 'tags': {'metric': 'num'}, 'time': '2024-05-10T09:38:54z', 'fields': {1: 1.0, 2: 1.0, 3: 1.0, 4: 1.0, 5: 1.0, 6: 1.0, 7: 1.0, 8: 1.0, 9: 1.0, 10: 1.0, 11: 1.0, 12: 1.0, 13: 1.0, 14: 1.0, 15: 1.0, 16: 1.0}}]
Write points: [{'measurement': 'HV_Status', 'tags': {'metric': 'num'}, 'time': '2024-05-10T09:38:54z', 'fields': {1: 1.0, 2: 1.0, 3: 1.0, 4: 1.0, 5: 1.0, 6: 1.0, 7: 1.0, 8: 1.0, 9: 1.0, 10: 1.0, 11: 1.0, 12: 1.0, 13: 1.0, 14: 1.0, 15: 1.0, 16: 1.0}}]
Write points: [{'measurement': 'ASADCurrent', 'tags': {'metric1': 'mA', 'metric2': 'null'}, 'time': '2024-05-10T09:38:54z', 'fields': {'value1': 1219.6217012826003, 'value2': 'null'}}]
Write points: [{'measurement': 'TBCurrent', 'tags': {'metric1': 'mA', 'metric2': 'null'}, 'time': '2024-05-10T09:38:54z', 'fields': {'value1': 238.14255373920003, 'value2': 'null'}}]
Write points: [{'measurement': 'HV', 'tags': {'metric': 'V'}, 'time': '2024-05-10T09:38:54z', 'fields': {1: 44.04496797672, 2: 44.03572920858001, 3: 44.04427071120001, 4: 44.05418184252001}}]
Write points: [{'measurement': 'HV_currents', 'tags': {'metric': 'mA'}, 'time': '2024-05-10T09:38:54z', 'fields': {1: 6.471293282652001, 2: 6.034149772728001, 3: 6.656842580058, 4: 5.952409058442}}]
Write points: [{'measurement': 'SiPM_temps', 'tags': {'metric': 'C'}, 'time': '2024-05-10T09:38:54z', 'fields': {1: 10.488258920287558, 2: 11.607506311963183, 3: 11.893499855394948, 4: 11.178195967372487, 5: 11.4848454346835, 6: 12.783984497314796, 7: 13.171947903928576, 8: 12.59989408103396, 9: 11.68012732899042, 10: 13.244152914638489, 11: 13.622753239930994, 12: 13.080269161798912, 13: 11.051223832336753, 14: 12.108681725430644, 15: 12.63858708488828, 16: 12.318941587142737}}]
Write points: [{'measurement': 'UC_temps', 'tags': {'metric': 'C'}, 'time': '2024-05-10T09:38:54z', 'fields': {1: 10.669911730730247, 2: 11.962540484580268, 3: 13.02023443801809, 4: 13.291979774150157, 5: 11.664799655320962, 6: 14.085236913149933, 7: 15.460481567133744, 8: 14.718344333969167, 9: 12.316560967855294, 10: 15.2749850072318, 11: 15.888388960912392, 12: 16.042758745545967, 13: 12.73322825771118, 14: 13.429683890978662, 15: 14.693424936217038, 16: 14.87122680697866}}]
Write points: [{'measurement': 'SIABcurrent', 'tags': {'metric': 'mA'}, 'time': '2024-05-10T09:38:54z', 'fields': {1: 186.34343794968004, 2: 199.52869050576004, 3: 189.71467783884, 4: 189.35420424294003, 5: 195.34814894166, 6: 196.43213320566005, 7: 192.94275368016002, 8: 191.47344230718002, 9: 193.01367652446004, 10: 196.32280704498, 11: 191.71460439186004, 12: 194.76201618918003, 13: 184.50706118460002, 14: 195.20217727692003, 15: 194.75173786992005, 16: 190.60029786534002}}]
Write points: [{'measurement': 'Modules_Status', 'tags': {'metric': 'num'}, 'time': '2024-05-10T09:39:54z', 'fields': {1: 1.0, 2: 1.0, 3: 1.0, 4: 1.0, 5: 1.0}}]
Write points: [{'measurement': 'TriggerRate', 'tags': {'metric1': 'num', 'metric2': 'null'}, 'time': '2024-05-10T09:39:54z', 'fields': {'value1': 226, 'value2': 'null'}}]
Write points: [{'measurement': 'MUSIC_Power', 'tags': {'metric': 'num'}, 'time': '2024-05-10T09:39:54z', 'fields': {1: 1.0, 2: 1.0, 3: 1.0, 4: 1.0, 5: 1.0, 6: 1.0, 7: 1.0, 8: 1.0, 9: 1.0, 10: 1.0, 11: 1.0, 12: 1.0, 13: 1.0, 14: 1.0, 15: 1.0, 16: 1.0}}]
Write points: [{'measurement': 'HV_Status', 'tags': {'metric': 'num'}, 'time': '2024-05-10T09:39:54z', 'fields': {1: 1.0, 2: 1.0, 3: 1.0, 4: 1.0, 5: 1.0, 6: 1.0, 7: 1.0, 8: 1.0, 9: 1.0, 10: 1.0, 11: 1.0, 12: 1.0, 13: 1.0, 14: 1.0, 15: 1.0, 16: 1.0}}]
Write points: [{'measurement': 'ASADCurrent', 'tags': {'metric1': 'mA', 'metric2': 'null'}, 'time': '2024-05-10T09:39:54z', 'fields': {'value1': 1219.6007051910003, 'value2': 'null'}}]
Write points: [{'measurement': 'TBCurrent', 'tags': {'metric1': 'mA', 'metric2': 'null'}, 'time': '2024-05-10T09:39:54z', 'fields': {'value1': 238.21970216880004, 'value2': 'null'}}]
Write points: [{'measurement': 'HV', 'tags': {'metric': 'V'}, 'time': '2024-05-10T09:39:54z', 'fields': {1: 44.02089986511, 2: 44.01197237622001, 3: 44.03173238301, 4: 44.06090547432001}}]
Write points: [{'measurement': 'HV_currents', 'tags': {'metric': 'mA'}, 'time': '2024-05-10T09:39:54z', 'fields': {1: 5.5079559789540005, 2: 4.8826118047080005, 3: 5.644545320436, 4: 5.048151338538}}]
Write points: [{'measurement': 'SiPM_temps', 'tags': {'metric': 'C'}, 'time': '2024-05-10T09:39:54z', 'fields': {1: 10.488258920287558, 2: 11.607506311963183, 3: 11.893499855394948, 4: 11.178195967372487, 5: 11.4848454346835, 6: 12.783984497314796, 7: 13.231309881394768, 8: 12.59989408103396, 9: 11.68012732899042, 10: 13.244152914638489, 11: 13.622753239930994, 12: 13.080269161798912, 13: 11.110662022562735, 14: 12.108681725430644, 15: 12.63858708488828, 16: 12.318941587142737}}]
Write points: [{'measurement': 'UC_temps', 'tags': {'metric': 'C'}, 'time': '2024-05-10T09:39:54z', 'fields': {1: 10.669911730730247, 2: 11.962540484580268, 3: 13.878353098666485, 4: 13.291979774150157, 5: 11.664799655320962, 6: 14.085236913149933, 7: 15.460481567133744, 8: 15.56238288965039, 9: 13.153227020966854, 10: 15.2749850072318, 11: 15.888388960912392, 12: 16.042758745545967, 13: 11.852706284285334, 14: 13.429683890978662, 15: 14.693424936217038, 16: 14.87122680697866}}]
Write points: [{'measurement': 'SIABcurrent', 'tags': {'metric': 'mA'}, 'time': '2024-05-10T09:39:54z', 'fields': {1: 185.80376515338003, 2: 198.66938883594005, 3: 188.82158710998004, 4: 188.45085960888002, 5: 194.54463339894002, 6: 195.33831007548002, 7: 191.81208973344005, 8: 190.50808596072005, 9: 192.29402327784004, 10: 195.58096141782002, 11: 191.03191403208004, 12: 194.02129360878004, 13: 183.87866769426006, 14: 194.07041469750004, 15: 193.57339326402004, 16: 189.56743664298003}}]
Write points: [{'measurement': 'Modules_Status', 'tags': {'metric': 'num'}, 'time': '2024-05-10T09:40:54z', 'fields': {1: 1.0, 2: 1.0, 3: 1.0, 4: 1.0, 5: 1.0}}]
Write points: [{'measurement': 'TriggerRate', 'tags': {'metric1': 'num', 'metric2': 'null'}, 'time': '2024-05-10T09:40:54z', 'fields': {'value1': 213, 'value2': 'null'}}]
Write points: [{'measurement': 'MUSIC_Power', 'tags': {'metric': 'num'}, 'time': '2024-05-10T09:40:54z', 'fields': {1: 1.0, 2: 1.0, 3: 1.0, 4: 1.0, 5: 1.0, 6: 1.0, 7: 1.0, 8: 1.0, 9: 1.0, 10: 1.0, 11: 1.0, 12: 1.0, 13: 1.0, 14: 1.0, 15: 1.0, 16: 1.0}}]
Write points: [{'measurement': 'HV_Status', 'tags': {'metric': 'num'}, 'time': '2024-05-10T09:40:54z', 'fields': {1: 1.0, 2: 1.0, 3: 1.0, 4: 1.0, 5: 1.0, 6: 1.0, 7: 1.0, 8: 1.0, 9: 1.0, 10: 1.0, 11: 1.0, 12: 1.0, 13: 1.0, 14: 1.0, 15: 1.0, 16: 1.0}}]
Write points: [{'measurement': 'ASADCurrent', 'tags': {'metric1': 'mA', 'metric2': 'null'}, 'time': '2024-05-10T09:40:54z', 'fields': {'value1': 1219.9747285902001, 'value2': 'null'}}]
Write points: [{'measurement': 'TBCurrent', 'tags': {'metric1': 'mA', 'metric2': 'null'}, 'time': '2024-05-10T09:40:54z', 'fields': {'value1': 235.50388213440004, 'value2': 'null'}}]
Write points: [{'measurement': 'HV', 'tags': {'metric': 'V'}, 'time': '2024-05-10T09:40:54z', 'fields': {1: 44.02240645668, 2: 44.01121285485001, 3: 44.03454634743001, 4: 44.05946113860001}}]
Write points: [{'measurement': 'HV_currents', 'tags': {'metric': 'mA'}, 'time': '2024-05-10T09:40:54z', 'fields': {1: 5.354852967288, 2: 4.733454105138, 3: 5.444149833144, 4: 4.827907220466}}]
Write points: [{'measurement': 'SiPM_temps', 'tags': {'metric': 'C'}, 'time': '2024-05-10T09:40:54z', 'fields': {1: 10.488258920287558, 2: 11.607506311963183, 3: 11.893499855394948, 4: 11.178195967372487, 5: 11.4848454346835, 6: 12.783984497314796, 7: 13.231309881394768, 8: 12.59989408103396, 9: 11.68012732899042, 10: 13.244152914638489, 11: 13.622753239930994, 12: 13.080269161798912, 13: 11.051223832336753, 14: 12.108681725430644, 15: 12.63858708488828, 16: 12.318941587142737}}]
Write points: [{'measurement': 'UC_temps', 'tags': {'metric': 'C'}, 'time': '2024-05-10T09:40:54z', 'fields': {1: 10.669911730730247, 2: 11.962540484580268, 3: 13.878353098666485, 4: 13.291979774150157, 5: 11.664799655320962, 6: 14.921056810678413, 7: 15.460481567133744, 8: 14.718344333969167, 9: 12.316560967855294, 10: 15.2749850072318, 11: 15.888388960912392, 12: 16.042758745545967, 13: 11.852706284285334, 14: 13.429683890978662, 15: 14.693424936217038, 16: 14.87122680697866}}]
Write points: [{'measurement': 'SIABcurrent', 'tags': {'metric': 'mA'}, 'time': '2024-05-10T09:40:54z', 'fields': {1: 185.72981496564003, 2: 198.3379923855, 3: 188.61475119366003, 4: 188.23379420142004, 5: 194.48904258432003, 6: 195.18787063776003, 7: 191.67417470850003, 8: 190.41899905578003, 9: 192.13657700490003, 10: 195.30527785230004, 11: 190.79763671232, 12: 193.84292448642003, 13: 183.72070872606002, 14: 193.77107390784005, 15: 193.35566867694004, 16: 189.44797864740005}}]
Write points: [{'measurement': 'Modules_Status', 'tags': {'metric': 'num'}, 'time': '2024-05-10T09:41:54z', 'fields': {1: 1.0, 2: 1.0, 3: 1.0, 4: 1.0, 5: 1.0}}]
Write points: [{'measurement': 'TriggerRate', 'tags': {'metric1': 'num', 'metric2': 'null'}, 'time': '2024-05-10T09:41:54z', 'fields': {'value1': 213, 'value2': 'null'}}]
Write points: [{'measurement': 'MUSIC_Power', 'tags': {'metric': 'num'}, 'time': '2024-05-10T09:41:54z', 'fields': {1: 1.0, 2: 1.0, 3: 1.0, 4: 1.0, 5: 1.0, 6: 1.0, 7: 1.0, 8: 1.0, 9: 1.0, 10: 1.0, 11: 1.0, 12: 1.0, 13: 1.0, 14: 1.0, 15: 1.0, 16: 1.0}}]
Write points: [{'measurement': 'HV_Status', 'tags': {'metric': 'num'}, 'time': '2024-05-10T09:41:54z', 'fields': {1: 1.0, 2: 1.0, 3: 1.0, 4: 1.0, 5: 1.0, 6: 1.0, 7: 1.0, 8: 1.0, 9: 1.0, 10: 1.0, 11: 1.0, 12: 1.0, 13: 1.0, 14: 1.0, 15: 1.0, 16: 1.0}}]
Write points: [{'measurement': 'ASADCurrent', 'tags': {'metric1': 'mA', 'metric2': 'null'}, 'time': '2024-05-10T09:41:54z', 'fields': {'value1': 1219.7266817406, 'value2': 'null'}}]
Write points: [{'measurement': 'TBCurrent', 'tags': {'metric1': 'mA', 'metric2': 'null'}, 'time': '2024-05-10T09:41:54z', 'fields': {'value1': 235.57492704900002, 'value2': 'null'}}]
Write points: [{'measurement': 'HV', 'tags': {'metric': 'V'}, 'time': '2024-05-10T09:41:54z', 'fields': {1: 44.01967965045001, 2: 44.01195992505001, 3: 44.03780855397, 4: 44.068550492700005}}]
Write points: [{'measurement': 'HV_currents', 'tags': {'metric': 'mA'}, 'time': '2024-05-10T09:41:54z', 'fields': {1: 4.98834177435, 2: 4.466645050428, 3: 5.061840301979999, 4: 4.584916522692001}}]
Write points: [{'measurement': 'SiPM_temps', 'tags': {'metric': 'C'}, 'time': '2024-05-10T09:41:54z', 'fields': {1: 10.428401261799443, 2: 11.54781871683608, 3: 11.834477385540675, 4: 11.178195967372487, 5: 11.42563634964149, 6: 12.7249041421237, 7: 13.171947903928576, 8: 12.54038904393257, 9: 11.62095958251238, 10: 13.184791641932803, 11: 13.563058518735188, 12: 13.021086708212751, 13: 11.051223832336753, 14: 12.049364115218525, 15: 12.579538476073504, 16: 12.25937310125451}}]
Write points: [{'measurement': 'UC_temps', 'tags': {'metric': 'C'}, 'time': '2024-05-10T09:41:54z', 'fields': {1: 10.669911730730247, 2: 11.962540484580268, 3: 13.02023443801809, 4: 13.291979774150157, 5: 12.52649719948296, 6: 14.085236913149933, 7: 15.460481567133744, 8: 14.718344333969167, 9: 13.153227020966854, 10: 15.2749850072318, 11: 15.888388960912392, 12: 16.042758745545967, 13: 11.852706284285334, 14: 13.429683890978662, 15: 14.693424936217038, 16: 14.87122680697866}}]
Write points: [{'measurement': 'SIABcurrent', 'tags': {'metric': 'mA'}, 'time': '2024-05-10T09:41:54z', 'fields': {1: 185.50918510542004, 2: 198.00847581768005, 3: 188.32068384096002, 4: 188.0221975434, 5: 194.12021937990005, 6: 194.66186971506005, 7: 191.29658685654005, 8: 190.15542486402003, 9: 191.87388171930002, 10: 195.00518022678006, 11: 190.57117189176003, 12: 193.64280243660005, 13: 183.39275465808, 14: 193.31638645440003, 15: 192.99731910426004, 16: 189.18555191646004}}]
Write points: [{'measurement': 'Modules_Status', 'tags': {'metric': 'num'}, 'time': '2024-05-10T09:42:54z', 'fields': {1: 1.0, 2: 1.0, 3: 1.0, 4: 1.0, 5: 1.0}}]
Write points: [{'measurement': 'TriggerRate', 'tags': {'metric1': 'num', 'metric2': 'null'}, 'time': '2024-05-10T09:42:54z', 'fields': {'value1': 146, 'value2': 'null'}}]
Write points: [{'measurement': 'MUSIC_Power', 'tags': {'metric': 'num'}, 'time': '2024-05-10T09:42:54z', 'fields': {1: 1.0, 2: 1.0, 3: 1.0, 4: 1.0, 5: 1.0, 6: 1.0, 7: 1.0, 8: 1.0, 9: 1.0, 10: 1.0, 11: 1.0, 12: 1.0, 13: 1.0, 14: 1.0, 15: 1.0, 16: 1.0}}]
Write points: [{'measurement': 'HV_Status', 'tags': {'metric': 'num'}, 'time': '2024-05-10T09:42:54z', 'fields': {1: 1.0, 2: 1.0, 3: 1.0, 4: 1.0, 5: 1.0, 6: 1.0, 7: 1.0, 8: 1.0, 9: 1.0, 10: 1.0, 11: 1.0, 12: 1.0, 13: 1.0, 14: 1.0, 15: 1.0, 16: 1.0}}]
Write points: [{'measurement': 'ASADCurrent', 'tags': {'metric1': 'mA', 'metric2': 'null'}, 'time': '2024-05-10T09:42:54z', 'fields': {'value1': 1219.6961641656, 'value2': 'null'}}]
Write points: [{'measurement': 'TBCurrent', 'tags': {'metric1': 'mA', 'metric2': 'null'}, 'time': '2024-05-10T09:42:54z', 'fields': {'value1': 236.921362458, 'value2': 'null'}}]
Write points: [{'measurement': 'HV', 'tags': {'metric': 'V'}, 'time': '2024-05-10T09:42:54z', 'fields': {1: 44.01933101769001, 2: 44.00958175158001, 3: 44.036638143990004, 4: 44.06619722157001}}]
Write points: [{'measurement': 'HV_currents', 'tags': {'metric': 'mA'}, 'time': '2024-05-10T09:42:54z', 'fields': {1: 5.288385688938, 2: 4.718280766848, 3: 5.52800236362, 4: 4.950368145426}}]
Write points: [{'measurement': 'SiPM_temps', 'tags': {'metric': 'C'}, 'time': '2024-05-10T09:42:54z', 'fields': {1: 10.368543603311329, 2: 11.488131121708975, 3: 11.775454915686401, 4: 11.118700135055539, 5: 11.42563634964149, 6: 12.665823786932604, 7: 13.112585926462382, 8: 12.480884006831179, 9: 11.62095958251238, 10: 13.125430369227116, 11: 13.503363797539384, 12: 12.96190425462659, 13: 10.991785642110768, 14: 11.990046505006406, 15: 12.520489867258727, 16: 12.199804615366284}}]
Write points: [{'measurement': 'UC_temps', 'tags': {'metric': 'C'}, 'time': '2024-05-10T09:42:54z', 'fields': {1: 10.669911730730247, 2: 11.962540484580268, 3: 13.02023443801809, 4: 13.291979774150157, 5: 11.664799655320962, 6: 14.085236913149933, 7: 14.6102571078765, 8: 15.56238288965039, 9: 12.316560967855294, 10: 15.2749850072318, 11: 15.888388960912392, 12: 16.042758745545967, 13: 11.852706284285334, 14: 13.429683890978662, 15: 14.693424936217038, 16: 14.87122680697866}}]
Write points: [{'measurement': 'SIABcurrent', 'tags': {'metric': 'mA'}, 'time': '2024-05-10T09:42:54z', 'fields': {1: 185.71631399046, 2: 198.42417401730003, 3: 188.64197287056004, 4: 188.25686548812004, 5: 194.44138633920005, 6: 195.12163529298002, 7: 191.69976064338005, 8: 190.47952151052004, 9: 192.18018051606003, 10: 195.35312940990002, 11: 190.83794432538005, 12: 193.86020964090002, 13: 183.66296947416, 14: 193.78586882820005, 15: 193.41931613136003, 16: 189.49146008826003}}]
Write points: [{'measurement': 'Modules_Status', 'tags': {'metric': 'num'}, 'time': '2024-05-10T09:43:54z', 'fields': {1: 1.0, 2: 1.0, 3: 1.0, 4: 1.0, 5: 1.0}}]
Write points: [{'measurement': 'TriggerRate', 'tags': {'metric1': 'num', 'metric2': 'null'}, 'time': '2024-05-10T09:43:54z', 'fields': {'value1': 146, 'value2': 'null'}}]
Write points: [{'measurement': 'MUSIC_Power', 'tags': {'metric': 'num'}, 'time': '2024-05-10T09:43:54z', 'fields': {1: 1.0, 2: 1.0, 3: 1.0, 4: 1.0, 5: 1.0, 6: 1.0, 7: 1.0, 8: 1.0, 9: 1.0, 10: 1.0, 11: 1.0, 12: 1.0, 13: 1.0, 14: 1.0, 15: 1.0, 16: 1.0}}]
Write points: [{'measurement': 'HV_Status', 'tags': {'metric': 'num'}, 'time': '2024-05-10T09:43:54z', 'fields': {1: 1.0, 2: 1.0, 3: 1.0, 4: 1.0, 5: 1.0, 6: 1.0, 7: 1.0, 8: 1.0, 9: 1.0, 10: 1.0, 11: 1.0, 12: 1.0, 13: 1.0, 14: 1.0, 15: 1.0, 16: 1.0}}]
Write points: [{'measurement': 'ASADCurrent', 'tags': {'metric1': 'mA', 'metric2': 'null'}, 'time': '2024-05-10T09:43:54z', 'fields': {'value1': 1219.5797090994001, 'value2': 'null'}}]
Write points: [{'measurement': 'TBCurrent', 'tags': {'metric1': 'mA', 'metric2': 'null'}, 'time': '2024-05-10T09:43:54z', 'fields': {'value1': 236.91403824000002, 'value2': 'null'}}]
Write points: [{'measurement': 'HV', 'tags': {'metric': 'V'}, 'time': '2024-05-10T09:43:54z', 'fields': {1: 44.02078780458, 2: 44.01249532536001, 3: 44.039788290000004, 4: 44.06608516104001}}]
Write points: [{'measurement': 'HV_currents', 'tags': {'metric': 'mA'}, 'time': '2024-05-10T09:43:54z', 'fields': {1: 5.000175269232, 2: 4.448126985918, 3: 5.074513640526, 4: 4.570412129646}}]
Write points: [{'measurement': 'SiPM_temps', 'tags': {'metric': 'C'}, 'time': '2024-05-10T09:43:54z', 'fields': {1: 10.308685944823212, 2: 11.42844352658187, 3: 11.716432445832128, 4: 11.059204302738593, 5: 11.366427264599482, 6: 12.60674343174151, 7: 13.053223948996187, 8: 12.421378969729789, 9: 11.56179183603434, 10: 13.066069096521428, 11: 13.443669076343578, 12: 12.90272180104043, 13: 10.932347451884784, 14: 11.930728894794285, 15: 12.461441258443951, 16: 12.199804615366284}}]
Write points: [{'measurement': 'UC_temps', 'tags': {'metric': 'C'}, 'time': '2024-05-10T09:43:54z', 'fields': {1: 10.669911730730247, 2: 11.962540484580268, 3: 13.878353098666485, 4: 13.291979774150157, 5: 12.52649719948296, 6: 14.085236913149933, 7: 15.460481567133744, 8: 15.56238288965039, 9: 12.316560967855294, 10: 15.2749850072318, 11: 15.888388960912392, 12: 16.042758745545967, 13: 11.852706284285334, 14: 13.429683890978662, 15: 14.693424936217038, 16: 14.87122680697866}}]
Write points: [{'measurement': 'SIABcurrent', 'tags': {'metric': 'mA'}, 'time': '2024-05-10T09:43:54z', 'fields': {1: 185.54749076556, 2: 198.06309006990003, 3: 188.34050805768004, 4: 188.01836453598003, 5: 194.11943812998, 6: 194.70869588214003, 7: 191.30215326222003, 8: 190.18828618878004, 9: 191.88108386700003, 10: 195.00740190624003, 11: 190.57527345384003, 12: 193.62978974262003, 13: 183.43953199704004, 14: 193.35984348120002, 15: 193.05303198918003, 16: 189.19766129022003}}]
Write points: [{'measurement': 'Modules_Status', 'tags': {'metric': 'num'}, 'time': '2024-05-10T09:44:54z', 'fields': {1: 1.0, 2: 1.0, 3: 1.0, 4: 1.0, 5: 1.0}}]
Write points: [{'measurement': 'TriggerRate', 'tags': {'metric1': 'num', 'metric2': 'null'}, 'time': '2024-05-10T09:44:54z', 'fields': {'value1': 126, 'value2': 'null'}}]
Write points: [{'measurement': 'MUSIC_Power', 'tags': {'metric': 'num'}, 'time': '2024-05-10T09:44:54z', 'fields': {1: 1.0, 2: 1.0, 3: 1.0, 4: 1.0, 5: 1.0, 6: 1.0, 7: 1.0, 8: 1.0, 9: 1.0, 10: 1.0, 11: 1.0, 12: 1.0, 13: 1.0, 14: 1.0, 15: 1.0, 16: 1.0}}]
Write points: [{'measurement': 'HV_Status', 'tags': {'metric': 'num'}, 'time': '2024-05-10T09:44:54z', 'fields': {1: 1.0, 2: 1.0, 3: 1.0, 4: 1.0, 5: 1.0, 6: 1.0, 7: 1.0, 8: 1.0, 9: 1.0, 10: 1.0, 11: 1.0, 12: 1.0, 13: 1.0, 14: 1.0, 15: 1.0, 16: 1.0}}]
Write points: [{'measurement': 'ASADCurrent', 'tags': {'metric1': 'mA', 'metric2': 'null'}, 'time': '2024-05-10T09:44:54z', 'fields': {'value1': 1219.6829805732002, 'value2': 'null'}}]
Write points: [{'measurement': 'TBCurrent', 'tags': {'metric1': 'mA', 'metric2': 'null'}, 'time': '2024-05-10T09:44:54z', 'fields': {'value1': 239.6432860074, 'value2': 'null'}}]
Write points: [{'measurement': 'HV', 'tags': {'metric': 'V'}, 'time': '2024-05-10T09:44:54z', 'fields': {1: 44.022008019240005, 2: 44.01294356748001, 3: 44.04026143446001, 4: 44.065848588810006}}]
Write points: [{'measurement': 'HV_currents', 'tags': {'metric': 'mA'}, 'time': '2024-05-10T09:44:54z', 'fields': {1: 4.988239235298, 2: 4.448918001462, 3: 5.059396454574, 4: 4.585377948426}}]
Write points: [{'measurement': 'SiPM_temps', 'tags': {'metric': 'C'}, 'time': '2024-05-10T09:44:54z', 'fields': {1: 10.248828286335097, 2: 11.368755931454764, 3: 11.657409975977854, 4: 11.059204302738593, 5: 11.307218179557472, 6: 12.547663076550414, 7: 12.993861971529995, 8: 12.421378969729789, 9: 11.502624089556301, 10: 13.006707823815741, 11: 13.383974355147775, 12: 12.90272180104043, 13: 10.932347451884784, 14: 11.871411284582166, 15: 12.461441258443951, 16: 12.14023612947806}}]
Write points: [{'measurement': 'UC_temps', 'tags': {'metric': 'C'}, 'time': '2024-05-10T09:44:54z', 'fields': {1: 11.551722617567455, 2: 11.962540484580268, 3: 13.02023443801809, 4: 13.291979774150157, 5: 11.664799655320962, 6: 14.085236913149933, 7: 15.460481567133744, 8: 15.56238288965039, 9: 12.316560967855294, 10: 15.2749850072318, 11: 15.888388960912392, 12: 16.042758745545967, 13: 11.852706284285334, 14: 13.429683890978662, 15: 14.693424936217038, 16: 14.87122680697866}}]
Write points: [{'measurement': 'SIABcurrent', 'tags': {'metric': 'mA'}, 'time': '2024-05-10T09:44:54z', 'fields': {1: 185.52434623668, 2: 198.00708421626004, 3: 188.30564478000002, 4: 187.96951200192, 5: 194.10144496776002, 6: 194.65132284114006, 7: 191.24700190068003, 8: 190.15476568440002, 9: 191.82588367734002, 10: 194.96553179334, 11: 190.53005861472005, 12: 193.61230927566004, 13: 183.36831618402002, 14: 193.28623509030004, 15: 192.98992164408003, 16: 189.16582535598005}}]
Write points: [{'measurement': 'Modules_Status', 'tags': {'metric': 'num'}, 'time': '2024-05-10T09:45:54z', 'fields': {1: 1.0, 2: 1.0, 3: 1.0, 4: 1.0, 5: 1.0}}]
Write points: [{'measurement': 'TriggerRate', 'tags': {'metric1': 'num', 'metric2': 'null'}, 'time': '2024-05-10T09:45:54z', 'fields': {'value1': 126, 'value2': 'null'}}]
Write points: [{'measurement': 'MUSIC_Power', 'tags': {'metric': 'num'}, 'time': '2024-05-10T09:45:54z', 'fields': {1: 1.0, 2: 1.0, 3: 1.0, 4: 1.0, 5: 1.0, 6: 1.0, 7: 1.0, 8: 1.0, 9: 1.0, 10: 1.0, 11: 1.0, 12: 1.0, 13: 1.0, 14: 1.0, 15: 1.0, 16: 1.0}}]
Write points: [{'measurement': 'HV_Status', 'tags': {'metric': 'num'}, 'time': '2024-05-10T09:45:54z', 'fields': {1: 1.0, 2: 1.0, 3: 1.0, 4: 1.0, 5: 1.0, 6: 1.0, 7: 1.0, 8: 1.0, 9: 1.0, 10: 1.0, 11: 1.0, 12: 1.0, 13: 1.0, 14: 1.0, 15: 1.0, 16: 1.0}}]
Write points: [{'measurement': 'ASADCurrent', 'tags': {'metric1': 'mA', 'metric2': 'null'}, 'time': '2024-05-10T09:45:54z', 'fields': {'value1': 1219.8477754782002, 'value2': 'null'}}]
Write points: [{'measurement': 'TBCurrent', 'tags': {'metric1': 'mA', 'metric2': 'null'}, 'time': '2024-05-10T09:45:54z', 'fields': {'value1': 239.62961413380003, 'value2': 'null'}}]
Write points: [{'measurement': 'HV', 'tags': {'metric': 'V'}, 'time': '2024-05-10T09:45:54z', 'fields': {1: 44.02045162299, 2: 44.013242395560006, 3: 44.04052290903, 4: 44.06532563967001}}]
Write points: [{'measurement': 'HV_currents', 'tags': {'metric': 'mA'}, 'time': '2024-05-10T09:45:54z', 'fields': {1: 4.99551950799, 2: 4.4491401694079995, 3: 5.06553903207, 4: 4.575705097854001}}]
Write points: [{'measurement': 'SiPM_temps', 'tags': {'metric': 'C'}, 'time': '2024-05-10T09:45:54z', 'fields': {1: 10.248828286335097, 2: 11.368755931454764, 3: 11.598387506123581, 4: 10.999708470421647, 5: 11.307218179557472, 6: 12.488582721359318, 7: 12.9344999940638, 8: 12.361873932628399, 9: 11.502624089556301, 10: 12.947346551110055, 11: 13.32427963395197, 12: 12.84353934745427, 13: 10.8729092616588, 14: 11.812093674370047, 15: 12.402392649629174, 16: 12.14023612947806}}]
Write points: [{'measurement': 'UC_temps', 'tags': {'metric': 'C'}, 'time': '2024-05-10T09:45:54z', 'fields': {1: 10.669911730730247, 2: 11.962540484580268, 3: 13.878353098666485, 4: 13.291979774150157, 5: 12.52649719948296, 6: 14.085236913149933, 7: 15.460481567133744, 8: 14.718344333969167, 9: 13.153227020966854, 10: 15.2749850072318, 11: 15.888388960912392, 12: 16.042758745545967, 13: 11.852706284285334, 14: 13.429683890978662, 15: 14.693424936217038, 16: 14.87122680697866}}]
Write points: [{'measurement': 'SIABcurrent', 'tags': {'metric': 'mA'}, 'time': '2024-05-10T09:45:54z', 'fields': {1: 185.54468314866006, 2: 198.03235276836003, 3: 188.30957544366004, 4: 187.99307156982002, 5: 194.15957484462, 6: 194.69871053160003, 7: 191.31545892492002, 8: 190.21697270928004, 9: 191.87739734394003, 10: 194.99167925160003, 11: 190.53508791108, 12: 193.63667450754002, 13: 183.45452222988004, 14: 193.34810031834004, 15: 193.04709937260003, 16: 189.19944351660004}}]
Write points: [{'measurement': 'Modules_Status', 'tags': {'metric': 'num'}, 'time': '2024-05-10T09:46:54z', 'fields': {1: 1.0, 2: 1.0, 3: 1.0, 4: 1.0, 5: 1.0}}]
Write points: [{'measurement': 'TriggerRate', 'tags': {'metric1': 'num', 'metric2': 'null'}, 'time': '2024-05-10T09:46:54z', 'fields': {'value1': 129, 'value2': 'null'}}]
Write points: [{'measurement': 'MUSIC_Power', 'tags': {'metric': 'num'}, 'time': '2024-05-10T09:46:54z', 'fields': {1: 1.0, 2: 1.0, 3: 1.0, 4: 1.0, 5: 1.0, 6: 1.0, 7: 1.0, 8: 1.0, 9: 1.0, 10: 1.0, 11: 1.0, 12: 1.0, 13: 1.0, 14: 1.0, 15: 1.0, 16: 1.0}}]
Write points: [{'measurement': 'HV_Status', 'tags': {'metric': 'num'}, 'time': '2024-05-10T09:46:54z', 'fields': {1: 1.0, 2: 1.0, 3: 1.0, 4: 1.0, 5: 1.0, 6: 1.0, 7: 1.0, 8: 1.0, 9: 1.0, 10: 1.0, 11: 1.0, 12: 1.0, 13: 1.0, 14: 1.0, 15: 1.0, 16: 1.0}}]
Write points: [{'measurement': 'ASADCurrent', 'tags': {'metric1': 'mA', 'metric2': 'null'}, 'time': '2024-05-10T09:46:54z', 'fields': {'value1': 1220.0201387418, 'value2': 'null'}}]
Write points: [{'measurement': 'TBCurrent', 'tags': {'metric1': 'mA', 'metric2': 'null'}, 'time': '2024-05-10T09:46:54z', 'fields': {'value1': 235.64304227640002, 'value2': 'null'}}]
Write points: [{'measurement': 'HV', 'tags': {'metric': 'V'}, 'time': '2024-05-10T09:46:54z', 'fields': {1: 44.018745812700004, 2: 44.01488595000001, 3: 44.03876729406001, 4: 44.0658112353}}]
Write points: [{'measurement': 'HV_currents', 'tags': {'metric': 'mA'}, 'time': '2024-05-10T09:46:54z', 'fields': {1: 4.990575660839999, 2: 4.452516633906, 3: 5.057196747768001, 4: 4.5612373258979995}}]
Write points: [{'measurement': 'SiPM_temps', 'tags': {'metric': 'C'}, 'time': '2024-05-10T09:46:54z', 'fields': {1: 10.248828286335097, 2: 11.30906833632766, 3: 11.598387506123581, 4: 10.9402126381047, 5: 11.248009094515464, 6: 12.488582721359318, 7: 12.9344999940638, 8: 12.302368895527007, 9: 11.44345634307826, 10: 12.947346551110055, 11: 13.32427963395197, 12: 12.84353934745427, 13: 10.8729092616588, 14: 11.812093674370047, 15: 12.402392649629174, 16: 12.080667643589834}}]
Write points: [{'measurement': 'UC_temps', 'tags': {'metric': 'C'}, 'time': '2024-05-10T09:46:54z', 'fields': {1: 10.669911730730247, 2: 11.962540484580268, 3: 13.02023443801809, 4: 13.291979774150157, 5: 11.664799655320962, 6: 14.085236913149933, 7: 15.460481567133744, 8: 14.718344333969167, 9: 13.153227020966854, 10: 15.2749850072318, 11: 15.888388960912392, 12: 16.042758745545967, 13: 11.852706284285334, 14: 13.429683890978662, 15: 14.693424936217038, 16: 14.87122680697866}}]
Write points: [{'measurement': 'SIABcurrent', 'tags': {'metric': 'mA'}, 'time': '2024-05-10T09:46:54z', 'fields': {1: 185.47793510862002, 2: 198.01140550488003, 3: 188.28403833690004, 4: 187.98892117962004, 5: 194.10730434216, 6: 194.67998494758004, 7: 191.29927240314004, 8: 190.18103521296004, 9: 191.86118640810002, 10: 194.97888628416004, 11: 190.52871584142005, 12: 193.624247751, 13: 183.41707106184003, 14: 193.31269993134003, 15: 193.01553199302003, 16: 189.16672867620005}}]
Write points: [{'measurement': 'Modules_Status', 'tags': {'metric': 'num'}, 'time': '2024-05-10T09:47:54z', 'fields': {1: 1.0, 2: 1.0, 3: 1.0, 4: 1.0, 5: 1.0}}]
Write points: [{'measurement': 'TriggerRate', 'tags': {'metric1': 'num', 'metric2': 'null'}, 'time': '2024-05-10T09:47:54z', 'fields': {'value1': 129, 'value2': 'null'}}]
Write points: [{'measurement': 'MUSIC_Power', 'tags': {'metric': 'num'}, 'time': '2024-05-10T09:47:54z', 'fields': {1: 1.0, 2: 1.0, 3: 1.0, 4: 1.0, 5: 1.0, 6: 1.0, 7: 1.0, 8: 1.0, 9: 1.0, 10: 1.0, 11: 1.0, 12: 1.0, 13: 1.0, 14: 1.0, 15: 1.0, 16: 1.0}}]
Write points: [{'measurement': 'HV_Status', 'tags': {'metric': 'num'}, 'time': '2024-05-10T09:47:54z', 'fields': {1: 1.0, 2: 1.0, 3: 1.0, 4: 1.0, 5: 1.0, 6: 1.0, 7: 1.0, 8: 1.0, 9: 1.0, 10: 1.0, 11: 1.0, 12: 1.0, 13: 1.0, 14: 1.0, 15: 1.0, 16: 1.0}}]
Write points: [{'measurement': 'ASADCurrent', 'tags': {'metric1': 'mA', 'metric2': 'null'}, 'time': '2024-05-10T09:47:54z', 'fields': {'value1': 1219.5767794122003, 'value2': 'null'}}]
Write points: [{'measurement': 'TBCurrent', 'tags': {'metric1': 'mA', 'metric2': 'null'}, 'time': '2024-05-10T09:47:54z', 'fields': {'value1': 235.64572782300004, 'value2': 'null'}}]
Write points: [{'measurement': 'HV', 'tags': {'metric': 'V'}, 'time': '2024-05-10T09:47:54z', 'fields': {1: 44.02239400551001, 2: 44.01327974907001, 3: 44.03843111247001, 4: 44.063358354810006}}]
Write points: [{'measurement': 'HV_currents', 'tags': {'metric': 'mA'}, 'time': '2024-05-10T09:47:54z', 'fields': {1: 4.979179177632, 2: 4.447060091496, 3: 5.049118135314001, 4: 4.5671382042}}]
Write points: [{'measurement': 'SiPM_temps', 'tags': {'metric': 'C'}, 'time': '2024-05-10T09:47:54z', 'fields': {1: 10.188970627846983, 2: 11.249380741200556, 3: 11.598387506123581, 4: 10.9402126381047, 5: 11.248009094515464, 6: 12.429502366168222, 7: 12.875138016597608, 8: 12.302368895527007, 9: 11.44345634307826, 10: 12.887985278404368, 11: 13.264584912756165, 12: 12.784356893868107, 13: 10.813471071432817, 14: 11.752776064157926, 15: 12.343344040814399, 16: 12.080667643589834}}]
Write points: [{'measurement': 'UC_temps', 'tags': {'metric': 'C'}, 'time': '2024-05-10T09:47:54z', 'fields': {1: 10.669911730730247, 2: 11.962540484580268, 3: 13.02023443801809, 4: 13.291979774150157, 5: 11.664799655320962, 6: 14.085236913149933, 7: 14.6102571078765, 8: 14.718344333969167, 9: 12.316560967855294, 10: 14.393057466398554, 11: 15.888388960912392, 12: 16.042758745545967, 13: 11.852706284285334, 14: 13.429683890978662, 15: 14.693424936217038, 16: 14.87122680697866}}]
Write points: [{'measurement': 'SIABcurrent', 'tags': {'metric': 'mA'}, 'time': '2024-05-10T09:47:54z', 'fields': {1: 185.54504935956004, 2: 198.02053636332002, 3: 188.29209497670004, 4: 188.02124539506005, 5: 194.09138637504003, 6: 194.71406697534005, 7: 191.30986810518002, 8: 190.18162115040002, 9: 191.85933093954003, 10: 194.96990191008004, 11: 190.56404298624003, 12: 193.63518524988004, 13: 183.41104078902003, 14: 193.31116184556, 15: 193.00554664248003, 16: 189.18486832278003}}]
Write points: [{'measurement': 'Modules_Status', 'tags': {'metric': 'num'}, 'time': '2024-05-10T09:48:54z', 'fields': {1: 1.0, 2: 1.0, 3: 1.0, 4: 1.0, 5: 1.0}}]
Write points: [{'measurement': 'TriggerRate', 'tags': {'metric1': 'num', 'metric2': 'null'}, 'time': '2024-05-10T09:48:54z', 'fields': {'value1': 128, 'value2': 'null'}}]
Write points: [{'measurement': 'MUSIC_Power', 'tags': {'metric': 'num'}, 'time': '2024-05-10T09:48:54z', 'fields': {1: 1.0, 2: 1.0, 3: 1.0, 4: 1.0, 5: 1.0, 6: 1.0, 7: 1.0, 8: 1.0, 9: 1.0, 10: 1.0, 11: 1.0, 12: 1.0, 13: 1.0, 14: 1.0, 15: 1.0, 16: 1.0}}]
Write points: [{'measurement': 'HV_Status', 'tags': {'metric': 'num'}, 'time': '2024-05-10T09:48:54z', 'fields': {1: 1.0, 2: 1.0, 3: 1.0, 4: 1.0, 5: 1.0, 6: 1.0, 7: 1.0, 8: 1.0, 9: 1.0, 10: 1.0, 11: 1.0, 12: 1.0, 13: 1.0, 14: 1.0, 15: 1.0, 16: 1.0}}]
Write points: [{'measurement': 'ASADCurrent', 'tags': {'metric1': 'mA', 'metric2': 'null'}, 'time': '2024-05-10T09:48:54z', 'fields': {'value1': 1219.7789278290002, 'value2': 'null'}}]
Write points: [{'measurement': 'TBCurrent', 'tags': {'metric1': 'mA', 'metric2': 'null'}, 'time': '2024-05-10T09:48:54z', 'fields': {'value1': 236.97409682760002, 'value2': 'null'}}]
Write points: [{'measurement': 'HV', 'tags': {'metric': 'V'}, 'time': '2024-05-10T09:48:54z', 'fields': {1: 44.020937218620006, 2: 44.012233850790004, 3: 44.039925252870006, 4: 44.065163774460004}}]
Write points: [{'measurement': 'HV_currents', 'tags': {'metric': 'mA'}, 'time': '2024-05-10T09:48:54z', 'fields': {1: 4.990128883542, 2: 4.447223665698, 3: 5.0447992881, 4: 4.566139669146001}}]
Write points: [{'measurement': 'SiPM_temps', 'tags': {'metric': 'C'}, 'time': '2024-05-10T09:48:54z', 'fields': {1: 10.188970627846983, 2: 11.249380741200556, 3: 11.539365036269308, 4: 10.9402126381047, 5: 11.188800009473455, 6: 12.429502366168222, 7: 12.875138016597608, 8: 12.302368895527007, 9: 11.384288596600221, 10: 12.887985278404368, 11: 13.264584912756165, 12: 12.784356893868107, 13: 10.813471071432817, 14: 11.752776064157926, 15: 12.343344040814399, 16: 12.021099157701608}}]
Write points: [{'measurement': 'UC_temps', 'tags': {'metric': 'C'}, 'time': '2024-05-10T09:48:54z', 'fields': {1: 10.669911730730247, 2: 11.962540484580268, 3: 13.878353098666485, 4: 13.291979774150157, 5: 11.664799655320962, 6: 14.085236913149933, 7: 15.460481567133744, 8: 14.718344333969167, 9: 13.153227020966854, 10: 14.393057466398554, 11: 15.888388960912392, 12: 16.042758745545967, 13: 11.852706284285334, 14: 13.429683890978662, 15: 14.693424936217038, 16: 14.87122680697866}}]
Write points: [{'measurement': 'SIABcurrent', 'tags': {'metric': 'mA'}, 'time': '2024-05-10T09:48:54z', 'fields': {1: 185.47893608508002, 2: 197.97278246196004, 3: 188.28337915728005, 4: 187.96333524474005, 5: 194.05754848788, 6: 194.64106893594, 7: 191.25090815028003, 8: 190.13054693688002, 9: 191.83320789534005, 10: 194.97170855052002, 11: 190.50137209422002, 12: 193.60325165940003, 13: 183.37966872192004, 14: 193.29302219898003, 15: 192.95635231158005, 16: 189.16333512186003}}]
Write points: [{'measurement': 'Modules_Status', 'tags': {'metric': 'num'}, 'time': '2024-05-10T09:49:54z', 'fields': {1: 1.0, 2: 1.0, 3: 1.0, 4: 1.0, 5: 1.0}}]
Write points: [{'measurement': 'TriggerRate', 'tags': {'metric1': 'num', 'metric2': 'null'}, 'time': '2024-05-10T09:49:54z', 'fields': {'value1': 128, 'value2': 'null'}}]
Write points: [{'measurement': 'MUSIC_Power', 'tags': {'metric': 'num'}, 'time': '2024-05-10T09:49:54z', 'fields': {1: 1.0, 2: 1.0, 3: 1.0, 4: 1.0, 5: 1.0, 6: 1.0, 7: 1.0, 8: 1.0, 9: 1.0, 10: 1.0, 11: 1.0, 12: 1.0, 13: 1.0, 14: 1.0, 15: 1.0, 16: 1.0}}]
Write points: [{'measurement': 'HV_Status', 'tags': {'metric': 'num'}, 'time': '2024-05-10T09:49:54z', 'fields': {1: 1.0, 2: 1.0, 3: 1.0, 4: 1.0, 5: 1.0, 6: 1.0, 7: 1.0, 8: 1.0, 9: 1.0, 10: 1.0, 11: 1.0, 12: 1.0, 13: 1.0, 14: 1.0, 15: 1.0, 16: 1.0}}]
Write points: [{'measurement': 'ASADCurrent', 'tags': {'metric1': 'mA', 'metric2': 'null'}, 'time': '2024-05-10T09:49:54z', 'fields': {'value1': 1219.7078829144002, 'value2': 'null'}}]
Write points: [{'measurement': 'TBCurrent', 'tags': {'metric1': 'mA', 'metric2': 'null'}, 'time': '2024-05-10T09:49:54z', 'fields': {'value1': 236.928686676, 'value2': 'null'}}]
Write points: [{'measurement': 'HV', 'tags': {'metric': 'V'}, 'time': '2024-05-10T09:49:54z', 'fields': {1: 44.0202399531, 2: 44.01436300086001, 3: 44.040883992960005, 4: 44.06599800285001}}]
Write points: [{'measurement': 'HV_currents', 'tags': {'metric': 'mA'}, 'time': '2024-05-10T09:49:54z', 'fields': {1: 5.006767065431999, 2: 4.458310090344001, 3: 5.058974091336, 4: 4.56160841961}}]
Write points: [{'measurement': 'SiPM_temps', 'tags': {'metric': 'C'}, 'time': '2024-05-10T09:49:54z', 'fields': {1: 10.129112969358866, 2: 11.249380741200556, 3: 11.539365036269308, 4: 10.880716805787754, 5: 11.188800009473455, 6: 12.370422010977128, 7: 12.815776039131414, 8: 12.242863858425617, 9: 11.384288596600221, 10: 12.887985278404368, 11: 13.204890191560361, 12: 12.784356893868107, 13: 10.813471071432817, 14: 11.752776064157926, 15: 12.284295431999622, 16: 12.021099157701608}}]
Write points: [{'measurement': 'UC_temps', 'tags': {'metric': 'C'}, 'time': '2024-05-10T09:49:54z', 'fields': {1: 10.669911730730247, 2: 11.962540484580268, 3: 13.02023443801809, 4: 13.291979774150157, 5: 11.664799655320962, 6: 14.085236913149933, 7: 15.460481567133744, 8: 14.718344333969167, 9: 13.153227020966854, 10: 15.2749850072318, 11: 15.888388960912392, 12: 16.042758745545967, 13: 11.852706284285334, 14: 13.429683890978662, 15: 14.693424936217038, 16: 14.87122680697866}}]
Write points: [{'measurement': 'SIABcurrent', 'tags': {'metric': 'mA'}, 'time': '2024-05-10T09:49:54z', 'fields': {1: 185.53403861850003, 2: 197.99614671738004, 3: 188.30244653814003, 4: 188.01736355952005, 5: 194.10273891294005, 6: 194.63594198334002, 7: 191.24392572912, 8: 190.1575733013, 9: 191.85693836166004, 10: 194.95278765402003, 11: 190.51050295266003, 12: 193.63259735952002, 13: 183.42278395188, 14: 193.33914035832004, 15: 192.97598121582004, 16: 189.16045426278004}}]
Write points: [{'measurement': 'Modules_Status', 'tags': {'metric': 'num'}, 'time': '2024-05-10T09:50:54z', 'fields': {1: 1.0, 2: 1.0, 3: 1.0, 4: 1.0, 5: 1.0}}]
Write points: [{'measurement': 'TriggerRate', 'tags': {'metric1': 'num', 'metric2': 'null'}, 'time': '2024-05-10T09:50:54z', 'fields': {'value1': 132, 'value2': 'null'}}]
Write points: [{'measurement': 'MUSIC_Power', 'tags': {'metric': 'num'}, 'time': '2024-05-10T09:50:54z', 'fields': {1: 1.0, 2: 1.0, 3: 1.0, 4: 1.0, 5: 1.0, 6: 1.0, 7: 1.0, 8: 1.0, 9: 1.0, 10: 1.0, 11: 1.0, 12: 1.0, 13: 1.0, 14: 1.0, 15: 1.0, 16: 1.0}}]
Write points: [{'measurement': 'HV_Status', 'tags': {'metric': 'num'}, 'time': '2024-05-10T09:50:54z', 'fields': {1: 1.0, 2: 1.0, 3: 1.0, 4: 1.0, 5: 1.0, 6: 1.0, 7: 1.0, 8: 1.0, 9: 1.0, 10: 1.0, 11: 1.0, 12: 1.0, 13: 1.0, 14: 1.0, 15: 1.0, 16: 1.0}}]
Write points: [{'measurement': 'ASADCurrent', 'tags': {'metric1': 'mA', 'metric2': 'null'}, 'time': '2024-05-10T09:50:54z', 'fields': {'value1': 1219.7330293962002, 'value2': 'null'}}]
Write points: [{'measurement': 'TBCurrent', 'tags': {'metric1': 'mA', 'metric2': 'null'}, 'time': '2024-05-10T09:50:54z', 'fields': {'value1': 238.20676271700003, 'value2': 'null'}}]
Write points: [{'measurement': 'HV', 'tags': {'metric': 'V'}, 'time': '2024-05-10T09:50:54z', 'fields': {1: 44.020053185550005, 2: 44.01318013971001, 3: 44.03876729406001, 4: 44.066172319230006}}]
Write points: [{'measurement': 'HV_currents', 'tags': {'metric': 'mA'}, 'time': '2024-05-10T09:50:54z', 'fields': {1: 4.986364235490001, 2: 4.4358076512419995, 3: 5.0584320992039995, 4: 4.577836445292}}]
Write points: [{'measurement': 'SiPM_temps', 'tags': {'metric': 'C'}, 'time': '2024-05-10T09:50:54z', 'fields': {1: 10.129112969358866, 2: 11.249380741200556, 3: 11.539365036269308, 4: 10.880716805787754, 5: 11.188800009473455, 6: 12.370422010977128, 7: 12.815776039131414, 8: 12.242863858425617, 9: 11.384288596600221, 10: 12.887985278404368, 11: 13.204890191560361, 12: 12.725174440281947, 13: 10.813471071432817, 14: 11.752776064157926, 15: 12.284295431999622, 16: 12.021099157701608}}]
Write points: [{'measurement': 'UC_temps', 'tags': {'metric': 'C'}, 'time': '2024-05-10T09:50:54z', 'fields': {1: 10.669911730730247, 2: 11.962540484580268, 3: 13.878353098666485, 4: 13.291979774150157, 5: 11.664799655320962, 6: 14.085236913149933, 7: 15.460481567133744, 8: 14.718344333969167, 9: 12.316560967855294, 10: 15.2749850072318, 11: 15.888388960912392, 12: 16.042758745545967, 13: 11.852706284285334, 14: 13.429683890978662, 15: 14.693424936217038, 16: 14.87122680697866}}]
Write points: [{'measurement': 'SIABcurrent', 'tags': {'metric': 'mA'}, 'time': '2024-05-10T09:50:54z', 'fields': {1: 185.53909232892005, 2: 198.01399339524002, 3: 188.29971216342003, 4: 187.98701688294003, 5: 194.09341274202, 6: 194.69983357836003, 7: 191.31453119064005, 8: 190.15483892658006, 9: 191.83269520008002, 10: 194.94914995908005, 11: 190.51997560794004, 12: 193.63203583614003, 13: 183.42351637368003, 14: 193.31621555598002, 15: 193.01575171956003, 16: 189.18193863558002}}]
Write points: [{'measurement': 'Modules_Status', 'tags': {'metric': 'num'}, 'time': '2024-05-10T09:51:54z', 'fields': {1: 1.0, 2: 1.0, 3: 1.0, 4: 1.0, 5: 1.0}}]
Write points: [{'measurement': 'TriggerRate', 'tags': {'metric1': 'num', 'metric2': 'null'}, 'time': '2024-05-10T09:51:54z', 'fields': {'value1': 132, 'value2': 'null'}}]
Write points: [{'measurement': 'MUSIC_Power', 'tags': {'metric': 'num'}, 'time': '2024-05-10T09:51:54z', 'fields': {1: 1.0, 2: 1.0, 3: 1.0, 4: 1.0, 5: 1.0, 6: 1.0, 7: 1.0, 8: 1.0, 9: 1.0, 10: 1.0, 11: 1.0, 12: 1.0, 13: 1.0, 14: 1.0, 15: 1.0, 16: 1.0}}]
Write points: [{'measurement': 'HV_Status', 'tags': {'metric': 'num'}, 'time': '2024-05-10T09:51:54z', 'fields': {1: 1.0, 2: 1.0, 3: 1.0, 4: 1.0, 5: 1.0, 6: 1.0, 7: 1.0, 8: 1.0, 9: 1.0, 10: 1.0, 11: 1.0, 12: 1.0, 13: 1.0, 14: 1.0, 15: 1.0, 16: 1.0}}]
Write points: [{'measurement': 'ASADCurrent', 'tags': {'metric1': 'mA', 'metric2': 'null'}, 'time': '2024-05-10T09:51:54z', 'fields': {'value1': 1219.8868379742, 'value2': 'null'}}]
Write points: [{'measurement': 'TBCurrent', 'tags': {'metric1': 'mA', 'metric2': 'null'}, 'time': '2024-05-10T09:51:54z', 'fields': {'value1': 238.19357912460003, 'value2': 'null'}}]
Write points: [{'measurement': 'HV', 'tags': {'metric': 'V'}, 'time': '2024-05-10T09:51:54z', 'fields': {1: 44.02301656401001, 2: 44.01449996373, 3: 44.038493368320005, 4: 44.063968462140004}}]
Write points: [{'measurement': 'HV_currents', 'tags': {'metric': 'mA'}, 'time': '2024-05-10T09:51:54z', 'fields': {1: 4.980866189178, 2: 4.437826694004, 3: 5.059101044448, 4: 4.570253438256}}]
Write points: [{'measurement': 'SiPM_temps', 'tags': {'metric': 'C'}, 'time': '2024-05-10T09:51:54z', 'fields': {1: 10.129112969358866, 2: 11.18969314607345, 3: 11.480342566415034, 4: 10.880716805787754, 5: 11.188800009473455, 6: 12.370422010977128, 7: 12.815776039131414, 8: 12.242863858425617, 9: 11.384288596600221, 10: 12.828624005698682, 11: 13.204890191560361, 12: 12.725174440281947, 13: 10.813471071432817, 14: 11.752776064157926, 15: 12.284295431999622, 16: 12.021099157701608}}]
Write points: [{'measurement': 'UC_temps', 'tags': {'metric': 'C'}, 'time': '2024-05-10T09:51:54z', 'fields': {1: 10.669911730730247, 2: 11.962540484580268, 3: 13.02023443801809, 4: 13.291979774150157, 5: 11.664799655320962, 6: 14.085236913149933, 7: 15.460481567133744, 8: 14.718344333969167, 9: 13.153227020966854, 10: 15.2749850072318, 11: 15.888388960912392, 12: 16.042758745545967, 13: 11.852706284285334, 14: 13.429683890978662, 15: 14.693424936217038, 16: 14.87122680697866}}]
Write points: [{'measurement': 'SIABcurrent', 'tags': {'metric': 'mA'}, 'time': '2024-05-10T09:51:54z', 'fields': {1: 185.51580131568002, 2: 197.99231370996003, 3: 188.30361841302002, 4: 187.99868680362002, 5: 194.07656704062, 6: 194.67895955706, 7: 191.26284662562003, 8: 190.15481451252003, 9: 191.87991199212001, 10: 194.97197710518003, 11: 190.53716310618003, 12: 193.61409150204005, 13: 183.41809645236003, 14: 193.30381321350004, 15: 193.00376441610004, 16: 189.16619156688003}}]
Write points: [{'measurement': 'Modules_Status', 'tags': {'metric': 'num'}, 'time': '2024-05-10T09:52:54z', 'fields': {1: 1.0, 2: 1.0, 3: 1.0, 4: 1.0, 5: 1.0}}]
Write points: [{'measurement': 'TriggerRate', 'tags': {'metric1': 'num', 'metric2': 'null'}, 'time': '2024-05-10T09:52:54z', 'fields': {'value1': 129, 'value2': 'null'}}]
Write points: [{'measurement': 'MUSIC_Power', 'tags': {'metric': 'num'}, 'time': '2024-05-10T09:52:54z', 'fields': {1: 1.0, 2: 1.0, 3: 1.0, 4: 1.0, 5: 1.0, 6: 1.0, 7: 1.0, 8: 1.0, 9: 1.0, 10: 1.0, 11: 1.0, 12: 1.0, 13: 1.0, 14: 1.0, 15: 1.0, 16: 1.0}}]
Write points: [{'measurement': 'HV_Status', 'tags': {'metric': 'num'}, 'time': '2024-05-10T09:52:54z', 'fields': {1: 1.0, 2: 1.0, 3: 1.0, 4: 1.0, 5: 1.0, 6: 1.0, 7: 1.0, 8: 1.0, 9: 1.0, 10: 1.0, 11: 1.0, 12: 1.0, 13: 1.0, 14: 1.0, 15: 1.0, 16: 1.0}}]
Write points: [{'measurement': 'ASADCurrent', 'tags': {'metric1': 'mA', 'metric2': 'null'}, 'time': '2024-05-10T09:52:54z', 'fields': {'value1': 1219.6978731498002, 'value2': 'null'}}]
Write points: [{'measurement': 'TBCurrent', 'tags': {'metric1': 'mA', 'metric2': 'null'}, 'time': '2024-05-10T09:52:54z', 'fields': {'value1': 236.93576675340003, 'value2': 'null'}}]
Write points: [{'measurement': 'HV', 'tags': {'metric': 'V'}, 'time': '2024-05-10T09:52:54z', 'fields': {1: 44.022331749660005, 2: 44.012271204300006, 3: 44.040996053490005, 4: 44.06445405777001}}]
Write points: [{'measurement': 'HV_currents', 'tags': {'metric': 'mA'}, 'time': '2024-05-10T09:52:54z', 'fields': {1: 4.985936989440001, 2: 4.456647492858, 3: 5.06385446193, 4: 4.573148945772}}]
Write points: [{'measurement': 'SiPM_temps', 'tags': {'metric': 'C'}, 'time': '2024-05-10T09:52:54z', 'fields': {1: 10.129112969358866, 2: 11.18969314607345, 3: 11.480342566415034, 4: 10.880716805787754, 5: 11.188800009473455, 6: 12.370422010977128, 7: 12.815776039131414, 8: 12.242863858425617, 9: 11.384288596600221, 10: 12.828624005698682, 11: 13.204890191560361, 12: 12.725174440281947, 13: 10.754032881206832, 14: 11.693458453945807, 15: 12.284295431999622, 16: 12.021099157701608}}]
Write points: [{'measurement': 'UC_temps', 'tags': {'metric': 'C'}, 'time': '2024-05-10T09:52:54z', 'fields': {1: 10.669911730730247, 2: 11.962540484580268, 3: 13.878353098666485, 4: 13.291979774150157, 5: 11.664799655320962, 6: 14.085236913149933, 7: 15.460481567133744, 8: 14.718344333969167, 9: 12.316560967855294, 10: 14.393057466398554, 11: 15.888388960912392, 12: 16.042758745545967, 13: 11.852706284285334, 14: 13.429683890978662, 15: 14.693424936217038, 16: 14.056722107286543}}]
Write points: [{'measurement': 'SIABcurrent', 'tags': {'metric': 'mA'}, 'time': '2024-05-10T09:52:54z', 'fields': {1: 185.52007377618003, 2: 198.01294359066003, 3: 188.31667993512002, 4: 188.02214871528003, 5: 194.10637660788, 6: 194.67956990856004, 7: 191.28513666240005, 8: 190.17485845578003, 9: 191.87407703178002, 10: 194.98474565856003, 11: 190.52678713068002, 12: 193.64277802254003, 13: 183.41865797574005, 14: 193.33662571014003, 15: 192.99836890884004, 16: 189.19194840018002}}]
Write points: [{'measurement': 'Modules_Status', 'tags': {'metric': 'num'}, 'time': '2024-05-10T09:53:54z', 'fields': {1: 1.0, 2: 1.0, 3: 1.0, 4: 1.0, 5: 1.0}}]
Write points: [{'measurement': 'TriggerRate', 'tags': {'metric1': 'num', 'metric2': 'null'}, 'time': '2024-05-10T09:53:54z', 'fields': {'value1': 129, 'value2': 'null'}}]
Write points: [{'measurement': 'MUSIC_Power', 'tags': {'metric': 'num'}, 'time': '2024-05-10T09:53:54z', 'fields': {1: 1.0, 2: 1.0, 3: 1.0, 4: 1.0, 5: 1.0, 6: 1.0, 7: 1.0, 8: 1.0, 9: 1.0, 10: 1.0, 11: 1.0, 12: 1.0, 13: 1.0, 14: 1.0, 15: 1.0, 16: 1.0}}]
Write points: [{'measurement': 'HV_Status', 'tags': {'metric': 'num'}, 'time': '2024-05-10T09:53:54z', 'fields': {1: 1.0, 2: 1.0, 3: 1.0, 4: 1.0, 5: 1.0, 6: 1.0, 7: 1.0, 8: 1.0, 9: 1.0, 10: 1.0, 11: 1.0, 12: 1.0, 13: 1.0, 14: 1.0, 15: 1.0, 16: 1.0}}]
Write points: [{'measurement': 'ASADCurrent', 'tags': {'metric1': 'mA', 'metric2': 'null'}, 'time': '2024-05-10T09:53:54z', 'fields': {'value1': 1219.8277559490002, 'value2': 'null'}}]
Write points: [{'measurement': 'TBCurrent', 'tags': {'metric1': 'mA', 'metric2': 'null'}, 'time': '2024-05-10T09:53:54z', 'fields': {'value1': 236.88547378980002, 'value2': 'null'}}]
Write points: [{'measurement': 'HV', 'tags': {'metric': 'V'}, 'time': '2024-05-10T09:53:54z', 'fields': {1: 44.021161339680006, 2: 44.01491085234001, 3: 44.03993770404001, 4: 44.064217485540006}}]
Write points: [{'measurement': 'HV_currents', 'tags': {'metric': 'mA'}, 'time': '2024-05-10T09:53:54z', 'fields': {1: 5.008268530122001, 2: 4.455766145291999, 3: 5.076764616858, 4: 4.5726948442560005}}]
Write points: [{'measurement': 'SiPM_temps', 'tags': {'metric': 'C'}, 'time': '2024-05-10T09:53:54z', 'fields': {1: 10.129112969358866, 2: 11.18969314607345, 3: 11.480342566415034, 4: 10.880716805787754, 5: 11.188800009473455, 6: 12.370422010977128, 7: 12.815776039131414, 8: 12.242863858425617, 9: 11.384288596600221, 10: 12.828624005698682, 11: 13.204890191560361, 12: 12.725174440281947, 13: 10.754032881206832, 14: 11.752776064157926, 15: 12.284295431999622, 16: 12.021099157701608}}]
Write points: [{'measurement': 'UC_temps', 'tags': {'metric': 'C'}, 'time': '2024-05-10T09:53:54z', 'fields': {1: 10.669911730730247, 2: 11.962540484580268, 3: 13.02023443801809, 4: 13.291979774150157, 5: 11.664799655320962, 6: 14.085236913149933, 7: 15.460481567133744, 8: 15.56238288965039, 9: 12.316560967855294, 10: 14.393057466398554, 11: 15.888388960912392, 12: 16.042758745545967, 13: 11.852706284285334, 14: 13.429683890978662, 15: 14.693424936217038, 16: 14.056722107286543}}]
Write points: [{'measurement': 'SIABcurrent', 'tags': {'metric': 'mA'}, 'time': '2024-05-10T09:53:54z', 'fields': {1: 185.51843803416003, 2: 198.00874437234006, 3: 188.32190454396004, 4: 188.02048855920003, 5: 194.13936000294, 6: 194.68245076764003, 7: 191.29116693522005, 8: 190.18174322070004, 9: 191.87131824300005, 10: 195.03577104396, 11: 190.54937013618002, 12: 193.62935028954004, 13: 183.45066480840003, 14: 193.33147434348004, 15: 193.00981910298003, 16: 189.1484181312}}]
Write points: [{'measurement': 'Modules_Status', 'tags': {'metric': 'num'}, 'time': '2024-05-10T09:54:54z', 'fields': {1: 1.0, 2: 1.0, 3: 1.0, 4: 1.0, 5: 1.0}}]
Write points: [{'measurement': 'TriggerRate', 'tags': {'metric1': 'num', 'metric2': 'null'}, 'time': '2024-05-10T09:54:54z', 'fields': {'value1': 133, 'value2': 'null'}}]
Write points: [{'measurement': 'MUSIC_Power', 'tags': {'metric': 'num'}, 'time': '2024-05-10T09:54:54z', 'fields': {1: 1.0, 2: 1.0, 3: 1.0, 4: 1.0, 5: 1.0, 6: 1.0, 7: 1.0, 8: 1.0, 9: 1.0, 10: 1.0, 11: 1.0, 12: 1.0, 13: 1.0, 14: 1.0, 15: 1.0, 16: 1.0}}]
Write points: [{'measurement': 'HV_Status', 'tags': {'metric': 'num'}, 'time': '2024-05-10T09:54:54z', 'fields': {1: 1.0, 2: 1.0, 3: 1.0, 4: 1.0, 5: 1.0, 6: 1.0, 7: 1.0, 8: 1.0, 9: 1.0, 10: 1.0, 11: 1.0, 12: 1.0, 13: 1.0, 14: 1.0, 15: 1.0, 16: 1.0}}]
Write points: [{'measurement': 'ASADCurrent', 'tags': {'metric1': 'mA', 'metric2': 'null'}, 'time': '2024-05-10T09:54:54z', 'fields': {'value1': 1219.8748750848001, 'value2': 'null'}}]
Write points: [{'measurement': 'TBCurrent', 'tags': {'metric1': 'mA', 'metric2': 'null'}, 'time': '2024-05-10T09:54:54z', 'fields': {'value1': 235.69089383400004, 'value2': 'null'}}]
Write points: [{'measurement': 'HV', 'tags': {'metric': 'V'}, 'time': '2024-05-10T09:54:54z', 'fields': {1: 44.02833321360001, 2: 44.01921895716001, 3: 44.047196736150006, 4: 44.063457964170006}}]
Write points: [{'measurement': 'HV_currents', 'tags': {'metric': 'mA'}, 'time': '2024-05-10T09:54:54z', 'fields': {1: 5.444528251074, 2: 4.695260749674, 3: 5.600592688218, 4: 4.8403705980959995}}]
Write points: [{'measurement': 'SiPM_temps', 'tags': {'metric': 'C'}, 'time': '2024-05-10T09:54:54z', 'fields': {1: 10.129112969358866, 2: 11.249380741200556, 3: 11.539365036269308, 4: 10.880716805787754, 5: 11.188800009473455, 6: 12.370422010977128, 7: 12.815776039131414, 8: 12.242863858425617, 9: 11.384288596600221, 10: 12.828624005698682, 11: 13.204890191560361, 12: 12.725174440281947, 13: 10.813471071432817, 14: 11.752776064157926, 15: 12.284295431999622, 16: 12.021099157701608}}]
Write points: [{'measurement': 'UC_temps', 'tags': {'metric': 'C'}, 'time': '2024-05-10T09:54:54z', 'fields': {1: 10.669911730730247, 2: 11.962540484580268, 3: 13.02023443801809, 4: 13.291979774150157, 5: 11.664799655320962, 6: 14.085236913149933, 7: 15.460481567133744, 8: 14.718344333969167, 9: 12.316560967855294, 10: 14.393057466398554, 11: 15.888388960912392, 12: 16.042758745545967, 13: 11.852706284285334, 14: 13.429683890978662, 15: 14.693424936217038, 16: 14.87122680697866}}]
Write points: [{'measurement': 'SIABcurrent', 'tags': {'metric': 'mA'}, 'time': '2024-05-10T09:54:54z', 'fields': {1: 185.86978077162001, 2: 198.49429119762002, 3: 188.60198264028003, 4: 188.18855494824, 5: 194.53003379106002, 6: 195.17590774836, 7: 191.67903310644002, 8: 190.4136767907, 9: 192.31626448650005, 10: 195.42622510554003, 11: 190.78811522892005, 12: 193.75840301070002, 13: 183.78225657132, 14: 193.82964323778, 15: 193.42097628744003, 16: 189.38877455190004}}]
Write points: [{'measurement': 'Modules_Status', 'tags': {'metric': 'num'}, 'time': '2024-05-10T09:55:54z', 'fields': {1: 1.0, 2: 1.0, 3: 1.0, 4: 1.0, 5: 1.0}}]
Write points: [{'measurement': 'TriggerRate', 'tags': {'metric1': 'num', 'metric2': 'null'}, 'time': '2024-05-10T09:55:54z', 'fields': {'value1': 133, 'value2': 'null'}}]
Write points: [{'measurement': 'MUSIC_Power', 'tags': {'metric': 'num'}, 'time': '2024-05-10T09:55:54z', 'fields': {1: 1.0, 2: 1.0, 3: 1.0, 4: 1.0, 5: 1.0, 6: 1.0, 7: 1.0, 8: 1.0, 9: 1.0, 10: 1.0, 11: 1.0, 12: 1.0, 13: 1.0, 14: 1.0, 15: 1.0, 16: 1.0}}]
Write points: [{'measurement': 'HV_Status', 'tags': {'metric': 'num'}, 'time': '2024-05-10T09:55:54z', 'fields': {1: 1.0, 2: 1.0, 3: 1.0, 4: 1.0, 5: 1.0, 6: 1.0, 7: 1.0, 8: 1.0, 9: 1.0, 10: 1.0, 11: 1.0, 12: 1.0, 13: 1.0, 14: 1.0, 15: 1.0, 16: 1.0}}]
Write points: [{'measurement': 'ASADCurrent', 'tags': {'metric1': 'mA', 'metric2': 'null'}, 'time': '2024-05-10T09:55:54z', 'fields': {'value1': 1219.5987520662002, 'value2': 'null'}}]
Write points: [{'measurement': 'TBCurrent', 'tags': {'metric1': 'mA', 'metric2': 'null'}, 'time': '2024-05-10T09:55:54z', 'fields': {'value1': 235.57346220540006, 'value2': 'null'}}]
Write points: [{'measurement': 'HV', 'tags': {'metric': 'V'}, 'time': '2024-05-10T09:55:54z', 'fields': {1: 44.01803609601001, 2: 44.011835413350006, 3: 44.04048555552001, 4: 44.0690485395}}]
Write points: [{'measurement': 'HV_currents', 'tags': {'metric': 'mA'}, 'time': '2024-05-10T09:55:54z', 'fields': {1: 5.0541767285459995, 2: 4.459904328462, 3: 5.07088571121, 4: 4.58425246026}}]
Write points: [{'measurement': 'SiPM_temps', 'tags': {'metric': 'C'}, 'time': '2024-05-10T09:55:54z', 'fields': {1: 10.129112969358866, 2: 11.249380741200556, 3: 11.539365036269308, 4: 10.880716805787754, 5: 11.188800009473455, 6: 12.370422010977128, 7: 12.815776039131414, 8: 12.242863858425617, 9: 11.384288596600221, 10: 12.828624005698682, 11: 13.204890191560361, 12: 12.725174440281947, 13: 10.813471071432817, 14: 11.752776064157926, 15: 12.284295431999622, 16: 12.021099157701608}}]
Write points: [{'measurement': 'UC_temps', 'tags': {'metric': 'C'}, 'time': '2024-05-10T09:55:54z', 'fields': {1: 10.669911730730247, 2: 11.962540484580268, 3: 13.878353098666485, 4: 13.291979774150157, 5: 11.664799655320962, 6: 14.085236913149933, 7: 15.460481567133744, 8: 14.718344333969167, 9: 12.316560967855294, 10: 14.393057466398554, 11: 15.888388960912392, 12: 16.042758745545967, 13: 11.852706284285334, 14: 13.429683890978662, 15: 14.693424936217038, 16: 14.87122680697866}}]
Write points: [{'measurement': 'SIABcurrent', 'tags': {'metric': 'mA'}, 'time': '2024-05-10T09:55:54z', 'fields': {1: 185.55266654628002, 2: 198.02014573836004, 3: 188.32671411378, 4: 188.00508328734006, 5: 194.18130335802002, 6: 194.73284138748002, 7: 191.34434075790006, 8: 190.19448736002005, 9: 191.91953601150004, 10: 195.02644487304005, 11: 190.54937013618002, 12: 193.62407685258003, 13: 183.46165113540002, 14: 193.34709934188, 15: 193.05415503594003, 16: 189.14729508444}}]
Write points: [{'measurement': 'Modules_Status', 'tags': {'metric': 'num'}, 'time': '2024-05-10T09:56:54z', 'fields': {1: 1.0, 2: 1.0, 3: 1.0, 4: 1.0, 5: 1.0}}]
Write points: [{'measurement': 'TriggerRate', 'tags': {'metric1': 'num', 'metric2': 'null'}, 'time': '2024-05-10T09:56:54z', 'fields': {'value1': 132, 'value2': 'null'}}]
Write points: [{'measurement': 'MUSIC_Power', 'tags': {'metric': 'num'}, 'time': '2024-05-10T09:56:54z', 'fields': {1: 1.0, 2: 1.0, 3: 1.0, 4: 1.0, 5: 1.0, 6: 1.0, 7: 1.0, 8: 1.0, 9: 1.0, 10: 1.0, 11: 1.0, 12: 1.0, 13: 1.0, 14: 1.0, 15: 1.0, 16: 1.0}}]
Write points: [{'measurement': 'HV_Status', 'tags': {'metric': 'num'}, 'time': '2024-05-10T09:56:54z', 'fields': {1: 1.0, 2: 1.0, 3: 1.0, 4: 1.0, 5: 1.0, 6: 1.0, 7: 1.0, 8: 1.0, 9: 1.0, 10: 1.0, 11: 1.0, 12: 1.0, 13: 1.0, 14: 1.0, 15: 1.0, 16: 1.0}}]
Write points: [{'measurement': 'ASADCurrent', 'tags': {'metric1': 'mA', 'metric2': 'null'}, 'time': '2024-05-10T09:56:54z', 'fields': {'value1': 1219.6859102604003, 'value2': 'null'}}]
Write points: [{'measurement': 'TBCurrent', 'tags': {'metric1': 'mA', 'metric2': 'null'}, 'time': '2024-05-10T09:56:54z', 'fields': {'value1': 238.19138185920005, 'value2': 'null'}}]
Write points: [{'measurement': 'HV', 'tags': {'metric': 'V'}, 'time': '2024-05-10T09:56:54z', 'fields': {1: 44.019966027360006, 2: 44.01381514938001, 3: 44.03844356364001, 4: 44.06567427243001}}]
Write points: [{'measurement': 'HV_currents', 'tags': {'metric': 'mA'}, 'time': '2024-05-10T09:56:54z', 'fields': {1: 5.11722359709, 2: 4.509640651494, 3: 5.121713342724, 4: 4.599982439118}}]
Write points: [{'measurement': 'SiPM_temps', 'tags': {'metric': 'C'}, 'time': '2024-05-10T09:56:54z', 'fields': {1: 10.129112969358866, 2: 11.249380741200556, 3: 11.539365036269308, 4: 10.880716805787754, 5: 11.188800009473455, 6: 12.370422010977128, 7: 12.815776039131414, 8: 12.242863858425617, 9: 11.384288596600221, 10: 12.887985278404368, 11: 13.204890191560361, 12: 12.725174440281947, 13: 10.813471071432817, 14: 11.752776064157926, 15: 12.284295431999622, 16: 12.021099157701608}}]
Write points: [{'measurement': 'UC_temps', 'tags': {'metric': 'C'}, 'time': '2024-05-10T09:56:54z', 'fields': {1: 10.669911730730247, 2: 11.962540484580268, 3: 13.02023443801809, 4: 13.291979774150157, 5: 11.664799655320962, 6: 14.085236913149933, 7: 15.460481567133744, 8: 14.718344333969167, 9: 12.316560967855294, 10: 15.2749850072318, 11: 15.888388960912392, 12: 16.042758745545967, 13: 11.852706284285334, 14: 13.429683890978662, 15: 14.693424936217038, 16: 14.87122680697866}}]
Write points: [{'measurement': 'SIABcurrent', 'tags': {'metric': 'mA'}, 'time': '2024-05-10T09:56:54z', 'fields': {1: 185.56787650566002, 2: 198.14026291356004, 3: 188.39668480974, 4: 188.0217092622, 5: 194.16443324256005, 6: 194.72727498180004, 7: 191.32046380722002, 8: 190.21960942776005, 9: 191.98933580904006, 10: 195.15847610952002, 11: 190.63311036198002, 12: 193.67156219928, 13: 183.50222730312004, 14: 193.42239230292, 15: 193.07200171380003, 16: 189.22688492004002}}]
Write points: [{'measurement': 'Modules_Status', 'tags': {'metric': 'num'}, 'time': '2024-05-10T09:57:54z', 'fields': {1: 1.0, 2: 1.0, 3: 1.0, 4: 1.0, 5: 1.0}}]
Write points: [{'measurement': 'TriggerRate', 'tags': {'metric1': 'num', 'metric2': 'null'}, 'time': '2024-05-10T09:57:54z', 'fields': {'value1': 132, 'value2': 'null'}}]
Write points: [{'measurement': 'MUSIC_Power', 'tags': {'metric': 'num'}, 'time': '2024-05-10T09:57:54z', 'fields': {1: 1.0, 2: 1.0, 3: 1.0, 4: 1.0, 5: 1.0, 6: 1.0, 7: 1.0, 8: 1.0, 9: 1.0, 10: 1.0, 11: 1.0, 12: 1.0, 13: 1.0, 14: 1.0, 15: 1.0, 16: 1.0}}]
Write points: [{'measurement': 'HV_Status', 'tags': {'metric': 'num'}, 'time': '2024-05-10T09:57:54z', 'fields': {1: 1.0, 2: 1.0, 3: 1.0, 4: 1.0, 5: 1.0, 6: 1.0, 7: 1.0, 8: 1.0, 9: 1.0, 10: 1.0, 11: 1.0, 12: 1.0, 13: 1.0, 14: 1.0, 15: 1.0, 16: 1.0}}]
Write points: [{'measurement': 'ASADCurrent', 'tags': {'metric1': 'mA', 'metric2': 'null'}, 'time': '2024-05-10T09:57:54z', 'fields': {'value1': 1219.7252168970003, 'value2': 'null'}}]
Write points: [{'measurement': 'TBCurrent', 'tags': {'metric1': 'mA', 'metric2': 'null'}, 'time': '2024-05-10T09:57:54z', 'fields': {'value1': 238.11325686720002, 'value2': 'null'}}]
Write points: [{'measurement': 'HV', 'tags': {'metric': 'V'}, 'time': '2024-05-10T09:57:54z', 'fields': {1: 44.02290450348001, 2: 44.01336690726001, 3: 44.03866768470001, 4: 44.06395601097}}]
Write points: [{'measurement': 'HV_currents', 'tags': {'metric': 'mA'}, 'time': '2024-05-10T09:57:54z', 'fields': {1: 4.99514109006, 2: 4.4584248364259995, 3: 5.077470183192, 4: 4.5907002135059995}}]
Write points: [{'measurement': 'SiPM_temps', 'tags': {'metric': 'C'}, 'time': '2024-05-10T09:57:54z', 'fields': {1: 10.188970627846983, 2: 11.249380741200556, 3: 11.539365036269308, 4: 10.880716805787754, 5: 11.188800009473455, 6: 12.370422010977128, 7: 12.815776039131414, 8: 12.242863858425617, 9: 11.384288596600221, 10: 12.887985278404368, 11: 13.204890191560361, 12: 12.725174440281947, 13: 10.813471071432817, 14: 11.752776064157926, 15: 12.343344040814399, 16: 12.021099157701608}}]
Write points: [{'measurement': 'UC_temps', 'tags': {'metric': 'C'}, 'time': '2024-05-10T09:57:54z', 'fields': {1: 10.669911730730247, 2: 11.962540484580268, 3: 13.878353098666485, 4: 13.291979774150157, 5: 11.664799655320962, 6: 14.085236913149933, 7: 15.460481567133744, 8: 14.718344333969167, 9: 13.153227020966854, 10: 14.393057466398554, 11: 15.888388960912392, 12: 16.042758745545967, 13: 11.852706284285334, 14: 13.429683890978662, 15: 14.693424936217038, 16: 14.87122680697866}}]
Write points: [{'measurement': 'SIABcurrent', 'tags': {'metric': 'mA'}, 'time': '2024-05-10T09:57:54z', 'fields': {1: 185.55295951500003, 2: 198.02871507342005, 3: 188.31919458330003, 4: 188.01716824704005, 5: 194.13826137024003, 6: 194.71211385054002, 7: 191.29150873206, 8: 190.17629888532002, 9: 191.8465379721, 10: 194.97825151860005, 11: 190.55454591690003, 12: 193.64922333438003, 13: 183.44065504380004, 14: 193.30986790038003, 15: 193.03005835872003, 16: 189.18596695548004}}]
Write points: [{'measurement': 'Modules_Status', 'tags': {'metric': 'num'}, 'time': '2024-05-10T09:58:54z', 'fields': {1: 1.0, 2: 1.0, 3: 1.0, 4: 1.0, 5: 1.0}}]
Write points: [{'measurement': 'TriggerRate', 'tags': {'metric1': 'num', 'metric2': 'null'}, 'time': '2024-05-10T09:58:54z', 'fields': {'value1': 129, 'value2': 'null'}}]
Write points: [{'measurement': 'MUSIC_Power', 'tags': {'metric': 'num'}, 'time': '2024-05-10T09:58:54z', 'fields': {1: 1.0, 2: 1.0, 3: 1.0, 4: 1.0, 5: 1.0, 6: 1.0, 7: 1.0, 8: 1.0, 9: 1.0, 10: 1.0, 11: 1.0, 12: 1.0, 13: 1.0, 14: 1.0, 15: 1.0, 16: 1.0}}]
Write points: [{'measurement': 'HV_Status', 'tags': {'metric': 'num'}, 'time': '2024-05-10T09:58:54z', 'fields': {1: 1.0, 2: 1.0, 3: 1.0, 4: 1.0, 5: 1.0, 6: 1.0, 7: 1.0, 8: 1.0, 9: 1.0, 10: 1.0, 11: 1.0, 12: 1.0, 13: 1.0, 14: 1.0, 15: 1.0, 16: 1.0}}]
Write points: [{'measurement': 'ASADCurrent', 'tags': {'metric1': 'mA', 'metric2': 'null'}, 'time': '2024-05-10T09:58:54z', 'fields': {'value1': 1220.0225801478, 'value2': 'null'}}]
Write points: [{'measurement': 'TBCurrent', 'tags': {'metric1': 'mA', 'metric2': 'null'}, 'time': '2024-05-10T09:58:54z', 'fields': {'value1': 235.62546415320003, 'value2': 'null'}}]
Write points: [{'measurement': 'HV', 'tags': {'metric': 'V'}, 'time': '2024-05-10T09:58:54z', 'fields': {1: 44.01905709195, 2: 44.010415979970006, 3: 44.037285604830004, 4: 44.06873726025}}]
Write points: [{'measurement': 'HV_currents', 'tags': {'metric': 'mA'}, 'time': '2024-05-10T09:58:54z', 'fields': {1: 5.034015597798, 2: 4.464813995928001, 3: 5.1341059195800005, 4: 4.5860981631960005}}]
Write points: [{'measurement': 'SiPM_temps', 'tags': {'metric': 'C'}, 'time': '2024-05-10T09:58:54z', 'fields': {1: 10.188970627846983, 2: 11.249380741200556, 3: 11.539365036269308, 4: 10.880716805787754, 5: 11.188800009473455, 6: 12.370422010977128, 7: 12.815776039131414, 8: 12.242863858425617, 9: 11.384288596600221, 10: 12.887985278404368, 11: 13.204890191560361, 12: 12.725174440281947, 13: 10.813471071432817, 14: 11.752776064157926, 15: 12.343344040814399, 16: 12.021099157701608}}]
Write points: [{'measurement': 'UC_temps', 'tags': {'metric': 'C'}, 'time': '2024-05-10T09:58:54z', 'fields': {1: 10.669911730730247, 2: 11.962540484580268, 3: 13.02023443801809, 4: 13.291979774150157, 5: 11.664799655320962, 6: 14.085236913149933, 7: 15.460481567133744, 8: 15.56238288965039, 9: 13.153227020966854, 10: 14.393057466398554, 11: 15.888388960912392, 12: 16.042758745545967, 13: 11.852706284285334, 14: 13.429683890978662, 15: 14.693424936217038, 16: 14.87122680697866}}]
Write points: [{'measurement': 'SIABcurrent', 'tags': {'metric': 'mA'}, 'time': '2024-05-10T09:58:54z', 'fields': {1: 185.54258353950001, 2: 198.02651780802003, 3: 188.34988305672002, 4: 188.01484891134004, 5: 194.17671351474004, 6: 194.75488728366005, 7: 191.31367669854, 8: 190.18335454866005, 9: 191.86624011852, 10: 195.00288530514004, 11: 190.59204591306002, 12: 193.65676727892003, 13: 183.45054273810004, 14: 193.39199679822002, 15: 193.0333054287, 16: 189.16328629374001}}]
Write points: [{'measurement': 'Modules_Status', 'tags': {'metric': 'num'}, 'time': '2024-05-10T09:59:54z', 'fields': {1: 1.0, 2: 1.0, 3: 1.0, 4: 1.0, 5: 1.0}}]
Write points: [{'measurement': 'TriggerRate', 'tags': {'metric1': 'num', 'metric2': 'null'}, 'time': '2024-05-10T09:59:54z', 'fields': {'value1': 129, 'value2': 'null'}}]
Write points: [{'measurement': 'MUSIC_Power', 'tags': {'metric': 'num'}, 'time': '2024-05-10T09:59:54z', 'fields': {1: 1.0, 2: 1.0, 3: 1.0, 4: 1.0, 5: 1.0, 6: 1.0, 7: 1.0, 8: 1.0, 9: 1.0, 10: 1.0, 11: 1.0, 12: 1.0, 13: 1.0, 14: 1.0, 15: 1.0, 16: 1.0}}]
Write points: [{'measurement': 'HV_Status', 'tags': {'metric': 'num'}, 'time': '2024-05-10T09:59:54z', 'fields': {1: 1.0, 2: 1.0, 3: 1.0, 4: 1.0, 5: 1.0, 6: 1.0, 7: 1.0, 8: 1.0, 9: 1.0, 10: 1.0, 11: 1.0, 12: 1.0, 13: 1.0, 14: 1.0, 15: 1.0, 16: 1.0}}]
Write points: [{'measurement': 'ASADCurrent', 'tags': {'metric1': 'mA', 'metric2': 'null'}, 'time': '2024-05-10T09:59:54z', 'fields': {'value1': 1219.7242403346002, 'value2': 'null'}}]
Write points: [{'measurement': 'TBCurrent', 'tags': {'metric1': 'mA', 'metric2': 'null'}, 'time': '2024-05-10T09:59:54z', 'fields': {'value1': 235.60275907740004, 'value2': 'null'}}]
Write points: [{'measurement': 'HV', 'tags': {'metric': 'V'}, 'time': '2024-05-10T09:59:54z', 'fields': {1: 44.020837609260006, 2: 44.01737618400001, 3: 44.045565632880006, 4: 44.06923530705001}}]
Write points: [{'measurement': 'HV_currents', 'tags': {'metric': 'mA'}, 'time': '2024-05-10T09:59:54z', 'fields': {1: 5.0699457699, 2: 4.470465850818001, 3: 5.215131301908, 4: 4.630355971164}}]
Write points: [{'measurement': 'SiPM_temps', 'tags': {'metric': 'C'}, 'time': '2024-05-10T09:59:54z', 'fields': {1: 10.188970627846983, 2: 11.249380741200556, 3: 11.539365036269308, 4: 10.880716805787754, 5: 11.188800009473455, 6: 12.370422010977128, 7: 12.815776039131414, 8: 12.242863858425617, 9: 11.384288596600221, 10: 12.887985278404368, 11: 13.204890191560361, 12: 12.725174440281947, 13: 10.813471071432817, 14: 11.752776064157926, 15: 12.284295431999622, 16: 12.021099157701608}}]
Write points: [{'measurement': 'UC_temps', 'tags': {'metric': 'C'}, 'time': '2024-05-10T09:59:54z', 'fields': {1: 10.669911730730247, 2: 11.962540484580268, 3: 13.02023443801809, 4: 14.116851300409941, 5: 11.664799655320962, 6: 14.085236913149933, 7: 15.460481567133744, 8: 15.56238288965039, 9: 13.153227020966854, 10: 15.2749850072318, 11: 15.888388960912392, 12: 16.042758745545967, 13: 11.852706284285334, 14: 13.429683890978662, 15: 14.693424936217038, 16: 14.87122680697866}}]
Write points: [{'measurement': 'SIABcurrent', 'tags': {'metric': 'mA'}, 'time': '2024-05-10T09:59:54z', 'fields': {1: 185.59602591684003, 2: 198.09480393384004, 3: 188.35989282132002, 4: 188.04963894684002, 5: 194.29077600306002, 6: 194.86711871748003, 7: 191.34075189108003, 8: 190.19421880536004, 9: 191.94197253264005, 10: 195.09206986632003, 11: 190.57786134420002, 12: 193.67078094936002, 13: 183.55273999326005, 14: 193.48933565544004, 15: 193.09280249292001, 16: 189.22146499872005}}]
Write points: [{'measurement': 'Modules_Status', 'tags': {'metric': 'num'}, 'time': '2024-05-10T10:00:54z', 'fields': {1: 1.0, 2: 1.0, 3: 1.0, 4: 1.0, 5: 1.0}}]
Write points: [{'measurement': 'TriggerRate', 'tags': {'metric1': 'num', 'metric2': 'null'}, 'time': '2024-05-10T10:00:54z', 'fields': {'value1': 125, 'value2': 'null'}}]
Write points: [{'measurement': 'MUSIC_Power', 'tags': {'metric': 'num'}, 'time': '2024-05-10T10:00:54z', 'fields': {1: 1.0, 2: 1.0, 3: 1.0, 4: 1.0, 5: 1.0, 6: 1.0, 7: 1.0, 8: 1.0, 9: 1.0, 10: 1.0, 11: 1.0, 12: 1.0, 13: 1.0, 14: 1.0, 15: 1.0, 16: 1.0}}]
Write points: [{'measurement': 'HV_Status', 'tags': {'metric': 'num'}, 'time': '2024-05-10T10:00:54z', 'fields': {1: 1.0, 2: 1.0, 3: 1.0, 4: 1.0, 5: 1.0, 6: 1.0, 7: 1.0, 8: 1.0, 9: 1.0, 10: 1.0, 11: 1.0, 12: 1.0, 13: 1.0, 14: 1.0, 15: 1.0, 16: 1.0}}]
Write points: [{'measurement': 'ASADCurrent', 'tags': {'metric1': 'mA', 'metric2': 'null'}, 'time': '2024-05-10T10:00:54z', 'fields': {'value1': 1219.7281465842002, 'value2': 'null'}}]
Write points: [{'measurement': 'TBCurrent', 'tags': {'metric1': 'mA', 'metric2': 'null'}, 'time': '2024-05-10T10:00:54z', 'fields': {'value1': 238.22629396500002, 'value2': 'null'}}]
Write points: [{'measurement': 'HV', 'tags': {'metric': 'V'}, 'time': '2024-05-10T10:00:54z', 'fields': {1: 44.01991622268, 2: 44.012918665140006, 3: 44.037621786420004, 4: 44.06471553234}}]
Write points: [{'measurement': 'HV_currents', 'tags': {'metric': 'mA'}, 'time': '2024-05-10T10:00:54z', 'fields': {1: 5.154428183124, 2: 4.589057147268, 3: 5.202597123504001, 4: 4.695150886404}}]
Write points: [{'measurement': 'SiPM_temps', 'tags': {'metric': 'C'}, 'time': '2024-05-10T10:00:54z', 'fields': {1: 10.188970627846983, 2: 11.249380741200556, 3: 11.539365036269308, 4: 10.880716805787754, 5: 11.188800009473455, 6: 12.370422010977128, 7: 12.815776039131414, 8: 12.242863858425617, 9: 11.384288596600221, 10: 12.887985278404368, 11: 13.204890191560361, 12: 12.725174440281947, 13: 10.813471071432817, 14: 11.752776064157926, 15: 12.284295431999622, 16: 12.021099157701608}}]
Write points: [{'measurement': 'UC_temps', 'tags': {'metric': 'C'}, 'time': '2024-05-10T10:00:54z', 'fields': {1: 10.669911730730247, 2: 11.962540484580268, 3: 13.02023443801809, 4: 13.291979774150157, 5: 11.664799655320962, 6: 14.085236913149933, 7: 15.460481567133744, 8: 14.718344333969167, 9: 12.316560967855294, 10: 15.2749850072318, 11: 15.888388960912392, 12: 16.042758745545967, 13: 11.852706284285334, 14: 13.429683890978662, 15: 14.693424936217038, 16: 14.87122680697866}}]
Write points: [{'measurement': 'SIABcurrent', 'tags': {'metric': 'mA'}, 'time': '2024-05-10T10:00:54z', 'fields': {1: 185.60544974400003, 2: 198.20481368820003, 3: 188.47732444992005, 4: 188.12356472052002, 5: 194.15874476658004, 6: 194.80430134110003, 7: 191.43552727200003, 8: 190.27505375802005, 9: 192.01841295450004, 10: 195.14102005662002, 11: 190.69373047296003, 12: 193.74861297264005, 13: 183.51753491874004, 14: 193.53296358066, 15: 193.19077611570003, 16: 189.29365737414005}}]
Write points: [{'measurement': 'Modules_Status', 'tags': {'metric': 'num'}, 'time': '2024-05-10T10:01:54z', 'fields': {1: 1.0, 2: 1.0, 3: 1.0, 4: 1.0, 5: 1.0}}]
Write points: [{'measurement': 'TriggerRate', 'tags': {'metric1': 'num', 'metric2': 'null'}, 'time': '2024-05-10T10:01:54z', 'fields': {'value1': 125, 'value2': 'null'}}]
Write points: [{'measurement': 'MUSIC_Power', 'tags': {'metric': 'num'}, 'time': '2024-05-10T10:01:54z', 'fields': {1: 1.0, 2: 1.0, 3: 1.0, 4: 1.0, 5: 1.0, 6: 1.0, 7: 1.0, 8: 1.0, 9: 1.0, 10: 1.0, 11: 1.0, 12: 1.0, 13: 1.0, 14: 1.0, 15: 1.0, 16: 1.0}}]
Write points: [{'measurement': 'HV_Status', 'tags': {'metric': 'num'}, 'time': '2024-05-10T10:01:54z', 'fields': {1: 1.0, 2: 1.0, 3: 1.0, 4: 1.0, 5: 1.0, 6: 1.0, 7: 1.0, 8: 1.0, 9: 1.0, 10: 1.0, 11: 1.0, 12: 1.0, 13: 1.0, 14: 1.0, 15: 1.0, 16: 1.0}}]
Write points: [{'measurement': 'ASADCurrent', 'tags': {'metric1': 'mA', 'metric2': 'null'}, 'time': '2024-05-10T10:01:54z', 'fields': {'value1': 1219.6759004958, 'value2': 'null'}}]
Write points: [{'measurement': 'TBCurrent', 'tags': {'metric1': 'mA', 'metric2': 'null'}, 'time': '2024-05-10T10:01:54z', 'fields': {'value1': 238.31662598700004, 'value2': 'null'}}]
Write points: [{'measurement': 'HV', 'tags': {'metric': 'V'}, 'time': '2024-05-10T10:01:54z', 'fields': {1: 44.02041426948001, 2: 44.01423848916001, 3: 44.039999959890004, 4: 44.06578633296001}}]
Write points: [{'measurement': 'HV_currents', 'tags': {'metric': 'mA'}, 'time': '2024-05-10T10:01:54z', 'fields': {1: 5.011146947796, 2: 4.4693208314040005, 3: 5.100910122198, 4: 4.598061052596}}]
Write points: [{'measurement': 'SiPM_temps', 'tags': {'metric': 'C'}, 'time': '2024-05-10T10:01:54z', 'fields': {1: 10.188970627846983, 2: 11.249380741200556, 3: 11.539365036269308, 4: 10.880716805787754, 5: 11.248009094515464, 6: 12.429502366168222, 7: 12.875138016597608, 8: 12.302368895527007, 9: 11.384288596600221, 10: 12.887985278404368, 11: 13.264584912756165, 12: 12.784356893868107, 13: 10.813471071432817, 14: 11.752776064157926, 15: 12.343344040814399, 16: 12.021099157701608}}]
Write points: [{'measurement': 'UC_temps', 'tags': {'metric': 'C'}, 'time': '2024-05-10T10:01:54z', 'fields': {1: 10.669911730730247, 2: 11.962540484580268, 3: 13.878353098666485, 4: 13.291979774150157, 5: 11.664799655320962, 6: 14.085236913149933, 7: 15.460481567133744, 8: 14.718344333969167, 9: 13.153227020966854, 10: 15.2749850072318, 11: 15.888388960912392, 12: 16.042758745545967, 13: 11.852706284285334, 14: 13.429683890978662, 15: 14.693424936217038, 16: 14.87122680697866}}]
Write points: [{'measurement': 'SIABcurrent', 'tags': {'metric': 'mA'}, 'time': '2024-05-10T10:01:54z', 'fields': {1: 185.56477592004003, 2: 198.03984788478004, 3: 188.32839868392003, 4: 187.99646512416004, 5: 194.14106898714005, 6: 194.71606892826003, 7: 191.33052239994, 8: 190.18376958768005, 9: 191.87686023462004, 10: 195.03159623970004, 11: 190.55496095592005, 12: 193.65359345112, 13: 183.45874586226003, 14: 193.37996066664005, 15: 193.0806687051, 16: 189.17922867492004}}]
Write points: [{'measurement': 'Modules_Status', 'tags': {'metric': 'num'}, 'time': '2024-05-10T10:02:54z', 'fields': {1: 1.0, 2: 1.0, 3: 1.0, 4: 1.0, 5: 1.0}}]
Write points: [{'measurement': 'TriggerRate', 'tags': {'metric1': 'num', 'metric2': 'null'}, 'time': '2024-05-10T10:02:54z', 'fields': {'value1': 133, 'value2': 'null'}}]
Write points: [{'measurement': 'MUSIC_Power', 'tags': {'metric': 'num'}, 'time': '2024-05-10T10:02:54z', 'fields': {1: 1.0, 2: 1.0, 3: 1.0, 4: 1.0, 5: 1.0, 6: 1.0, 7: 1.0, 8: 1.0, 9: 1.0, 10: 1.0, 11: 1.0, 12: 1.0, 13: 1.0, 14: 1.0, 15: 1.0, 16: 1.0}}]
Write points: [{'measurement': 'HV_Status', 'tags': {'metric': 'num'}, 'time': '2024-05-10T10:02:54z', 'fields': {1: 1.0, 2: 1.0, 3: 1.0, 4: 1.0, 5: 1.0, 6: 1.0, 7: 1.0, 8: 1.0, 9: 1.0, 10: 1.0, 11: 1.0, 12: 1.0, 13: 1.0, 14: 1.0, 15: 1.0, 16: 1.0}}]
Write points: [{'measurement': 'ASADCurrent', 'tags': {'metric1': 'mA', 'metric2': 'null'}, 'time': '2024-05-10T10:02:54z', 'fields': {'value1': 1219.9632539820002, 'value2': 'null'}}]
Write points: [{'measurement': 'TBCurrent', 'tags': {'metric1': 'mA', 'metric2': 'null'}, 'time': '2024-05-10T10:02:54z', 'fields': {'value1': 236.8215089526, 'value2': 'null'}}]
Write points: [{'measurement': 'HV', 'tags': {'metric': 'V'}, 'time': '2024-05-10T10:02:54z', 'fields': {1: 44.02304146635001, 2: 44.01554586201001, 3: 44.04092134647001, 4: 44.06447896011001}}]
Write points: [{'measurement': 'HV_currents', 'tags': {'metric': 'mA'}, 'time': '2024-05-10T10:02:54z', 'fields': {1: 4.979440408074, 2: 4.440570834348001, 3: 5.05441842774, 4: 4.585507342944}}]
Write points: [{'measurement': 'SiPM_temps', 'tags': {'metric': 'C'}, 'time': '2024-05-10T10:02:54z', 'fields': {1: 10.188970627846983, 2: 11.249380741200556, 3: 11.539365036269308, 4: 10.880716805787754, 5: 11.248009094515464, 6: 12.429502366168222, 7: 12.815776039131414, 8: 12.242863858425617, 9: 11.384288596600221, 10: 12.887985278404368, 11: 13.264584912756165, 12: 12.784356893868107, 13: 10.813471071432817, 14: 11.752776064157926, 15: 12.343344040814399, 16: 12.021099157701608}}]
Write points: [{'measurement': 'UC_temps', 'tags': {'metric': 'C'}, 'time': '2024-05-10T10:02:54z', 'fields': {1: 10.669911730730247, 2: 11.962540484580268, 3: 13.878353098666485, 4: 13.291979774150157, 5: 11.664799655320962, 6: 14.921056810678413, 7: 15.460481567133744, 8: 15.56238288965039, 9: 12.316560967855294, 10: 15.2749850072318, 11: 15.888388960912392, 12: 16.042758745545967, 13: 11.852706284285334, 14: 13.429683890978662, 15: 14.693424936217038, 16: 14.056722107286543}}]
Write points: [{'measurement': 'SIABcurrent', 'tags': {'metric': 'mA'}, 'time': '2024-05-10T10:02:54z', 'fields': {1: 185.53709037600004, 2: 198.00539964612003, 3: 188.29392603120004, 4: 188.00974637280004, 5: 194.11350551340004, 6: 194.68850545452003, 7: 191.27922845988004, 8: 190.18040044740005, 9: 191.86250476734003, 10: 195.00647417196004, 11: 190.56628907976003, 12: 193.62590790708003, 13: 183.38728590864005, 14: 193.32263645376003, 15: 193.02402808590003, 16: 189.18318375264002}}]
Write points: [{'measurement': 'Modules_Status', 'tags': {'metric': 'num'}, 'time': '2024-05-10T10:03:54z', 'fields': {1: 1.0, 2: 1.0, 3: 1.0, 4: 1.0, 5: 1.0}}]
Write points: [{'measurement': 'TriggerRate', 'tags': {'metric1': 'num', 'metric2': 'null'}, 'time': '2024-05-10T10:03:54z', 'fields': {'value1': 133, 'value2': 'null'}}]
Write points: [{'measurement': 'MUSIC_Power', 'tags': {'metric': 'num'}, 'time': '2024-05-10T10:03:54z', 'fields': {1: 1.0, 2: 1.0, 3: 1.0, 4: 1.0, 5: 1.0, 6: 1.0, 7: 1.0, 8: 1.0, 9: 1.0, 10: 1.0, 11: 1.0, 12: 1.0, 13: 1.0, 14: 1.0, 15: 1.0, 16: 1.0}}]
Write points: [{'measurement': 'HV_Status', 'tags': {'metric': 'num'}, 'time': '2024-05-10T10:03:54z', 'fields': {1: 1.0, 2: 1.0, 3: 1.0, 4: 1.0, 5: 1.0, 6: 1.0, 7: 1.0, 8: 1.0, 9: 1.0, 10: 1.0, 11: 1.0, 12: 1.0, 13: 1.0, 14: 1.0, 15: 1.0, 16: 1.0}}]
Write points: [{'measurement': 'ASADCurrent', 'tags': {'metric1': 'mA', 'metric2': 'null'}, 'time': '2024-05-10T10:03:54z', 'fields': {'value1': 1219.7672090802002, 'value2': 'null'}}]
Write points: [{'measurement': 'TBCurrent', 'tags': {'metric1': 'mA', 'metric2': 'null'}, 'time': '2024-05-10T10:03:54z', 'fields': {'value1': 236.84421402840002, 'value2': 'null'}}]
Write points: [{'measurement': 'HV', 'tags': {'metric': 'V'}, 'time': '2024-05-10T10:03:54z', 'fields': {1: 44.03413545882, 2: 44.01976680864001, 3: 44.03423506818, 4: 44.057581011930004}}]
Write points: [{'measurement': 'HV_currents', 'tags': {'metric': 'mA'}, 'time': '2024-05-10T10:03:54z', 'fields': {1: 5.892448127082, 2: 5.218095168792, 3: 6.2103265125, 4: 5.45257512525}}]
Write points: [{'measurement': 'SiPM_temps', 'tags': {'metric': 'C'}, 'time': '2024-05-10T10:03:54z', 'fields': {1: 10.188970627846983, 2: 11.30906833632766, 3: 11.598387506123581, 4: 10.9402126381047, 5: 11.248009094515464, 6: 12.429502366168222, 7: 12.875138016597608, 8: 12.302368895527007, 9: 11.44345634307826, 10: 12.947346551110055, 11: 13.264584912756165, 12: 12.784356893868107, 13: 10.813471071432817, 14: 11.812093674370047, 15: 12.343344040814399, 16: 12.021099157701608}}]
Write points: [{'measurement': 'UC_temps', 'tags': {'metric': 'C'}, 'time': '2024-05-10T10:03:54z', 'fields': {1: 10.669911730730247, 2: 11.962540484580268, 3: 13.878353098666485, 4: 13.291979774150157, 5: 11.664799655320962, 6: 14.921056810678413, 7: 15.460481567133744, 8: 14.718344333969167, 9: 12.316560967855294, 10: 15.2749850072318, 11: 15.888388960912392, 12: 16.042758745545967, 13: 11.852706284285334, 14: 13.429683890978662, 15: 14.693424936217038, 16: 14.87122680697866}}]
Write points: [{'measurement': 'SIABcurrent', 'tags': {'metric': 'mA'}, 'time': '2024-05-10T10:03:54z', 'fields': {1: 186.15173875056004, 2: 199.06738684206002, 3: 189.17725113606005, 4: 188.68245138204003, 5: 195.00874467954003, 6: 195.91394478216, 7: 192.38057112054003, 8: 191.02187985342002, 9: 192.64834453062002, 10: 195.86074654542006, 11: 191.17422358782002, 12: 194.09648891358003, 13: 184.13538153516004, 14: 194.486064069, 15: 194.02519985838, 16: 189.98135261622002}}]
Write points: [{'measurement': 'Modules_Status', 'tags': {'metric': 'num'}, 'time': '2024-05-10T10:04:54z', 'fields': {1: 1.0, 2: 1.0, 3: 1.0, 4: 1.0, 5: 1.0}}]
Write points: [{'measurement': 'TriggerRate', 'tags': {'metric1': 'num', 'metric2': 'null'}, 'time': '2024-05-10T10:04:54z', 'fields': {'value1': 148, 'value2': 'null'}}]
Write points: [{'measurement': 'MUSIC_Power', 'tags': {'metric': 'num'}, 'time': '2024-05-10T10:04:54z', 'fields': {1: 1.0, 2: 1.0, 3: 1.0, 4: 1.0, 5: 1.0, 6: 1.0, 7: 1.0, 8: 1.0, 9: 1.0, 10: 1.0, 11: 1.0, 12: 1.0, 13: 1.0, 14: 1.0, 15: 1.0, 16: 1.0}}]
Write points: [{'measurement': 'HV_Status', 'tags': {'metric': 'num'}, 'time': '2024-05-10T10:04:54z', 'fields': {1: 1.0, 2: 1.0, 3: 1.0, 4: 1.0, 5: 1.0, 6: 1.0, 7: 1.0, 8: 1.0, 9: 1.0, 10: 1.0, 11: 1.0, 12: 1.0, 13: 1.0, 14: 1.0, 15: 1.0, 16: 1.0}}]
Write points: [{'measurement': 'ASADCurrent', 'tags': {'metric1': 'mA', 'metric2': 'null'}, 'time': '2024-05-10T10:04:54z', 'fields': {'value1': 1219.8321504798, 'value2': 'null'}}]
Write points: [{'measurement': 'TBCurrent', 'tags': {'metric1': 'mA', 'metric2': 'null'}, 'time': '2024-05-10T10:04:54z', 'fields': {'value1': 235.60813017060002, 'value2': 'null'}}]
Write points: [{'measurement': 'HV', 'tags': {'metric': 'V'}, 'time': '2024-05-10T10:04:54z', 'fields': {1: 44.021348107230004, 2: 44.015383996800004, 3: 44.040684774240006, 4: 44.066172319230006}}]
Write points: [{'measurement': 'HV_currents', 'tags': {'metric': 'mA'}, 'time': '2024-05-10T10:04:54z', 'fields': {1: 4.996718238336, 2: 4.50383254662, 3: 5.057755829742, 4: 4.60910597334}}]
Write points: [{'measurement': 'SiPM_temps', 'tags': {'metric': 'C'}, 'time': '2024-05-10T10:04:54z', 'fields': {1: 10.248828286335097, 2: 11.30906833632766, 3: 11.598387506123581, 4: 10.9402126381047, 5: 11.248009094515464, 6: 12.488582721359318, 7: 12.875138016597608, 8: 12.302368895527007, 9: 11.44345634307826, 10: 12.947346551110055, 11: 13.264584912756165, 12: 12.784356893868107, 13: 10.8729092616588, 14: 11.812093674370047, 15: 12.343344040814399, 16: 12.080667643589834}}]
Write points: [{'measurement': 'UC_temps', 'tags': {'metric': 'C'}, 'time': '2024-05-10T10:04:54z', 'fields': {1: 10.669911730730247, 2: 11.962540484580268, 3: 13.02023443801809, 4: 13.291979774150157, 5: 11.664799655320962, 6: 14.085236913149933, 7: 15.460481567133744, 8: 15.56238288965039, 9: 12.316560967855294, 10: 15.2749850072318, 11: 15.888388960912392, 12: 16.042758745545967, 13: 11.852706284285334, 14: 13.429683890978662, 15: 14.693424936217038, 16: 14.87122680697866}}]
Write points: [{'measurement': 'SIABcurrent', 'tags': {'metric': 'mA'}, 'time': '2024-05-10T10:04:54z', 'fields': {1: 185.49844291902002, 2: 198.06782639754002, 3: 188.37659203836003, 4: 188.11028347188002, 5: 194.16035609454005, 6: 194.72646931782, 7: 191.32793450958005, 8: 190.23022954386005, 9: 191.90635241910005, 10: 195.01562944446002, 11: 190.65276368028, 12: 193.71121063272005, 13: 183.38662672902004, 14: 193.36343234802, 15: 193.08740698566004, 16: 189.29927260794005}}]
Write points: [{'measurement': 'Modules_Status', 'tags': {'metric': 'num'}, 'time': '2024-05-10T10:05:54z', 'fields': {1: 1.0, 2: 1.0, 3: 1.0, 4: 1.0, 5: 1.0}}]
Write points: [{'measurement': 'TriggerRate', 'tags': {'metric1': 'num', 'metric2': 'null'}, 'time': '2024-05-10T10:05:54z', 'fields': {'value1': 148, 'value2': 'null'}}]
Write points: [{'measurement': 'MUSIC_Power', 'tags': {'metric': 'num'}, 'time': '2024-05-10T10:05:54z', 'fields': {1: 1.0, 2: 1.0, 3: 1.0, 4: 1.0, 5: 1.0, 6: 1.0, 7: 1.0, 8: 1.0, 9: 1.0, 10: 1.0, 11: 1.0, 12: 1.0, 13: 1.0, 14: 1.0, 15: 1.0, 16: 1.0}}]
Write points: [{'measurement': 'HV_Status', 'tags': {'metric': 'num'}, 'time': '2024-05-10T10:05:54z', 'fields': {1: 1.0, 2: 1.0, 3: 1.0, 4: 1.0, 5: 1.0, 6: 1.0, 7: 1.0, 8: 1.0, 9: 1.0, 10: 1.0, 11: 1.0, 12: 1.0, 13: 1.0, 14: 1.0, 15: 1.0, 16: 1.0}}]
Write points: [{'measurement': 'ASADCurrent', 'tags': {'metric1': 'mA', 'metric2': 'null'}, 'time': '2024-05-10T10:05:54z', 'fields': {'value1': 1219.5648165228001, 'value2': 'null'}}]
Write points: [{'measurement': 'TBCurrent', 'tags': {'metric1': 'mA', 'metric2': 'null'}, 'time': '2024-05-10T10:05:54z', 'fields': {'value1': 235.64938993200005, 'value2': 'null'}}]
Write points: [{'measurement': 'HV', 'tags': {'metric': 'V'}, 'time': '2024-05-10T10:05:54z', 'fields': {1: 44.02250606604001, 2: 44.014761438300006, 3: 44.039128377990004, 4: 44.066595659010005}}]
Write points: [{'measurement': 'HV_currents', 'tags': {'metric': 'mA'}, 'time': '2024-05-10T10:05:54z', 'fields': {1: 5.0633979190080005, 2: 4.47446243244, 3: 5.203517533566, 4: 4.623078139878}}]
Write points: [{'measurement': 'SiPM_temps', 'tags': {'metric': 'C'}, 'time': '2024-05-10T10:05:54z', 'fields': {1: 10.188970627846983, 2: 11.30906833632766, 3: 11.598387506123581, 4: 10.9402126381047, 5: 11.248009094515464, 6: 12.488582721359318, 7: 12.875138016597608, 8: 12.302368895527007, 9: 11.44345634307826, 10: 12.947346551110055, 11: 13.264584912756165, 12: 12.784356893868107, 13: 10.813471071432817, 14: 11.812093674370047, 15: 12.343344040814399, 16: 12.080667643589834}}]
Write points: [{'measurement': 'UC_temps', 'tags': {'metric': 'C'}, 'time': '2024-05-10T10:05:54z', 'fields': {1: 10.669911730730247, 2: 11.962540484580268, 3: 13.878353098666485, 4: 13.291979774150157, 5: 11.664799655320962, 6: 14.085236913149933, 7: 15.460481567133744, 8: 15.56238288965039, 9: 13.153227020966854, 10: 15.2749850072318, 11: 15.888388960912392, 12: 16.042758745545967, 13: 11.852706284285334, 14: 13.429683890978662, 15: 14.693424936217038, 16: 14.87122680697866}}]
Write points: [{'measurement': 'SIABcurrent', 'tags': {'metric': 'mA'}, 'time': '2024-05-10T10:05:54z', 'fields': {1: 185.64963919260003, 2: 198.15112717026005, 3: 188.38457543598003, 4: 188.01331082556004, 5: 194.29751428362002, 6: 194.88191363784003, 7: 191.39541497142002, 8: 190.22258794308004, 9: 191.98284166908002, 10: 195.02971635708002, 11: 190.58010743772002, 12: 193.65898895838, 13: 183.52991284716003, 14: 193.4656784313, 15: 193.09580542230003, 16: 189.24944351148002}}]
Write points: [{'measurement': 'Modules_Status', 'tags': {'metric': 'num'}, 'time': '2024-05-10T10:06:54z', 'fields': {1: 1.0, 2: 1.0, 3: 1.0, 4: 1.0, 5: 1.0}}]
Write points: [{'measurement': 'TriggerRate', 'tags': {'metric1': 'num', 'metric2': 'null'}, 'time': '2024-05-10T10:06:54z', 'fields': {'value1': 139, 'value2': 'null'}}]
Write points: [{'measurement': 'MUSIC_Power', 'tags': {'metric': 'num'}, 'time': '2024-05-10T10:06:54z', 'fields': {1: 1.0, 2: 1.0, 3: 1.0, 4: 1.0, 5: 1.0, 6: 1.0, 7: 1.0, 8: 1.0, 9: 1.0, 10: 1.0, 11: 1.0, 12: 1.0, 13: 1.0, 14: 1.0, 15: 1.0, 16: 1.0}}]
Write points: [{'measurement': 'HV_Status', 'tags': {'metric': 'num'}, 'time': '2024-05-10T10:06:54z', 'fields': {1: 1.0, 2: 1.0, 3: 1.0, 4: 1.0, 5: 1.0, 6: 1.0, 7: 1.0, 8: 1.0, 9: 1.0, 10: 1.0, 11: 1.0, 12: 1.0, 13: 1.0, 14: 1.0, 15: 1.0, 16: 1.0}}]
Write points: [{'measurement': 'ASADCurrent', 'tags': {'metric1': 'mA', 'metric2': 'null'}, 'time': '2024-05-10T10:06:54z', 'fields': {'value1': 1219.7010469776, 'value2': 'null'}}]
Write points: [{'measurement': 'TBCurrent', 'tags': {'metric1': 'mA', 'metric2': 'null'}, 'time': '2024-05-10T10:06:54z', 'fields': {'value1': 238.2265381056, 'value2': 'null'}}]
Write points: [{'measurement': 'HV', 'tags': {'metric': 'V'}, 'time': '2024-05-10T10:06:54z', 'fields': {1: 44.02322823390001, 2: 44.011598841120005, 3: 44.03052461952001, 4: 44.062698442800006}}]
Write points: [{'measurement': 'HV_currents', 'tags': {'metric': 'mA'}, 'time': '2024-05-10T10:06:54z', 'fields': {1: 5.6171918076119995, 2: 4.86988475523, 3: 5.761757222496, 4: 4.979660134614}}]
Write points: [{'measurement': 'SiPM_temps', 'tags': {'metric': 'C'}, 'time': '2024-05-10T10:06:54z', 'fields': {1: 10.248828286335097, 2: 11.30906833632766, 3: 11.598387506123581, 4: 10.9402126381047, 5: 11.248009094515464, 6: 12.488582721359318, 7: 12.9344999940638, 8: 12.302368895527007, 9: 11.44345634307826, 10: 12.947346551110055, 11: 13.32427963395197, 12: 12.84353934745427, 13: 10.8729092616588, 14: 11.812093674370047, 15: 12.343344040814399, 16: 12.080667643589834}}]
Write points: [{'measurement': 'UC_temps', 'tags': {'metric': 'C'}, 'time': '2024-05-10T10:06:54z', 'fields': {1: 10.669911730730247, 2: 11.962540484580268, 3: 13.878353098666485, 4: 13.291979774150157, 5: 11.664799655320962, 6: 14.085236913149933, 7: 15.460481567133744, 8: 15.56238288965039, 9: 12.316560967855294, 10: 14.393057466398554, 11: 15.888388960912392, 12: 16.042758745545967, 13: 11.852706284285334, 14: 13.429683890978662, 15: 14.693424936217038, 16: 14.87122680697866}}]
Write points: [{'measurement': 'SIABcurrent', 'tags': {'metric': 'mA'}, 'time': '2024-05-10T10:06:54z', 'fields': {1: 185.89324268328002, 2: 198.73232828262002, 3: 188.85803730156002, 4: 188.35381372038003, 5: 194.69724568800004, 6: 195.36128370594002, 7: 191.77019520648005, 8: 190.467509793, 9: 192.32612776674003, 10: 195.53818798470004, 11: 190.99729489500004, 12: 193.92966764160002, 13: 183.96082100616002, 14: 194.07483364236003, 15: 193.52827608114, 16: 189.46448255196003}}]
Write points: [{'measurement': 'Modules_Status', 'tags': {'metric': 'num'}, 'time': '2024-05-10T10:07:54z', 'fields': {1: 1.0, 2: 1.0, 3: 1.0, 4: 1.0, 5: 1.0}}]
Write points: [{'measurement': 'TriggerRate', 'tags': {'metric1': 'num', 'metric2': 'null'}, 'time': '2024-05-10T10:07:54z', 'fields': {'value1': 139, 'value2': 'null'}}]
Write points: [{'measurement': 'MUSIC_Power', 'tags': {'metric': 'num'}, 'time': '2024-05-10T10:07:54z', 'fields': {1: 1.0, 2: 1.0, 3: 1.0, 4: 1.0, 5: 1.0, 6: 1.0, 7: 1.0, 8: 1.0, 9: 1.0, 10: 1.0, 11: 1.0, 12: 1.0, 13: 1.0, 14: 1.0, 15: 1.0, 16: 1.0}}]
Write points: [{'measurement': 'HV_Status', 'tags': {'metric': 'num'}, 'time': '2024-05-10T10:07:54z', 'fields': {1: 1.0, 2: 1.0, 3: 1.0, 4: 1.0, 5: 1.0, 6: 1.0, 7: 1.0, 8: 1.0, 9: 1.0, 10: 1.0, 11: 1.0, 12: 1.0, 13: 1.0, 14: 1.0, 15: 1.0, 16: 1.0}}]
Write points: [{'measurement': 'ASADCurrent', 'tags': {'metric1': 'mA', 'metric2': 'null'}, 'time': '2024-05-10T10:07:54z', 'fields': {'value1': 1219.7408418954003, 'value2': 'null'}}]
Write points: [{'measurement': 'TBCurrent', 'tags': {'metric1': 'mA', 'metric2': 'null'}, 'time': '2024-05-10T10:07:54z', 'fields': {'value1': 238.19113771860003, 'value2': 'null'}}]
Write points: [{'measurement': 'HV', 'tags': {'metric': 'V'}, 'time': '2024-05-10T10:07:54z', 'fields': {1: 44.011835413350006, 2: 44.01325484673001, 3: 44.04255244974001, 4: 44.06982051204}}]
Write points: [{'measurement': 'HV_currents', 'tags': {'metric': 'mA'}, 'time': '2024-05-10T10:07:54z', 'fields': {1: 5.5892084120400005, 2: 4.789835935302, 3: 5.614130284488, 4: 4.878937488678}}]
Write points: [{'measurement': 'SiPM_temps', 'tags': {'metric': 'C'}, 'time': '2024-05-10T10:07:54z', 'fields': {1: 10.248828286335097, 2: 11.368755931454764, 3: 11.598387506123581, 4: 10.9402126381047, 5: 11.248009094515464, 6: 12.488582721359318, 7: 12.9344999940638, 8: 12.361873932628399, 9: 11.502624089556301, 10: 13.006707823815741, 11: 13.32427963395197, 12: 12.84353934745427, 13: 10.8729092616588, 14: 11.871411284582166, 15: 12.402392649629174, 16: 12.080667643589834}}]
Write points: [{'measurement': 'UC_temps', 'tags': {'metric': 'C'}, 'time': '2024-05-10T10:07:54z', 'fields': {1: 10.669911730730247, 2: 11.962540484580268, 3: 13.02023443801809, 4: 13.291979774150157, 5: 12.52649719948296, 6: 14.085236913149933, 7: 15.460481567133744, 8: 15.56238288965039, 9: 13.153227020966854, 10: 15.2749850072318, 11: 15.888388960912392, 12: 16.042758745545967, 13: 10.972184310859488, 14: 13.429683890978662, 15: 14.693424936217038, 16: 14.87122680697866}}]
Write points: [{'measurement': 'SIABcurrent', 'tags': {'metric': 'mA'}, 'time': '2024-05-10T10:07:54z', 'fields': {1: 185.81638722240004, 2: 198.58174236054006, 3: 188.70681661392004, 4: 188.3209035675, 5: 194.65442342676005, 6: 195.27822707382003, 7: 191.66331045180002, 8: 190.39893069846002, 9: 192.27861800598004, 10: 195.49438916106, 11: 190.91953611390002, 12: 193.89065397372002, 13: 183.9369928836, 14: 193.92561490764004, 15: 193.38833468922002, 16: 189.44624524914002}}]
Write points: [{'measurement': 'Modules_Status', 'tags': {'metric': 'num'}, 'time': '2024-05-10T10:08:54z', 'fields': {1: 1.0, 2: 1.0, 3: 1.0, 4: 1.0, 5: 1.0}}]
Write points: [{'measurement': 'TriggerRate', 'tags': {'metric1': 'num', 'metric2': 'null'}, 'time': '2024-05-10T10:08:54z', 'fields': {'value1': 148, 'value2': 'null'}}]
Write points: [{'measurement': 'MUSIC_Power', 'tags': {'metric': 'num'}, 'time': '2024-05-10T10:08:54z', 'fields': {1: 1.0, 2: 1.0, 3: 1.0, 4: 1.0, 5: 1.0, 6: 1.0, 7: 1.0, 8: 1.0, 9: 1.0, 10: 1.0, 11: 1.0, 12: 1.0, 13: 1.0, 14: 1.0, 15: 1.0, 16: 1.0}}]
Write points: [{'measurement': 'HV_Status', 'tags': {'metric': 'num'}, 'time': '2024-05-10T10:08:54z', 'fields': {1: 1.0, 2: 1.0, 3: 1.0, 4: 1.0, 5: 1.0, 6: 1.0, 7: 1.0, 8: 1.0, 9: 1.0, 10: 1.0, 11: 1.0, 12: 1.0, 13: 1.0, 14: 1.0, 15: 1.0, 16: 1.0}}]
Write points: [{'measurement': 'ASADCurrent', 'tags': {'metric1': 'mA', 'metric2': 'null'}, 'time': '2024-05-10T10:08:54z', 'fields': {'value1': 1219.7520723630003, 'value2': 'null'}}]
Write points: [{'measurement': 'TBCurrent', 'tags': {'metric1': 'mA', 'metric2': 'null'}, 'time': '2024-05-10T10:08:54z', 'fields': {'value1': 238.19577639000002, 'value2': 'null'}}]
Write points: [{'measurement': 'HV', 'tags': {'metric': 'V'}, 'time': '2024-05-10T10:08:54z', 'fields': {1: 44.02073799990001, 2: 44.01413887980001, 3: 44.03917818267001, 4: 44.06446650894001}}]
Write points: [{'measurement': 'HV_currents', 'tags': {'metric': 'mA'}, 'time': '2024-05-10T10:08:54z', 'fields': {1: 5.159418416988, 2: 4.565700216065999, 3: 5.248104931344001, 4: 4.687934090268}}]
Write points: [{'measurement': 'SiPM_temps', 'tags': {'metric': 'C'}, 'time': '2024-05-10T10:08:54z', 'fields': {1: 10.248828286335097, 2: 11.368755931454764, 3: 11.657409975977854, 4: 10.999708470421647, 5: 11.307218179557472, 6: 12.547663076550414, 7: 12.9344999940638, 8: 12.361873932628399, 9: 11.502624089556301, 10: 13.006707823815741, 11: 13.32427963395197, 12: 12.84353934745427, 13: 10.932347451884784, 14: 11.871411284582166, 15: 12.402392649629174, 16: 12.14023612947806}}]
Write points: [{'measurement': 'UC_temps', 'tags': {'metric': 'C'}, 'time': '2024-05-10T10:08:54z', 'fields': {1: 10.669911730730247, 2: 11.962540484580268, 3: 13.02023443801809, 4: 13.291979774150157, 5: 11.664799655320962, 6: 14.085236913149933, 7: 15.460481567133744, 8: 15.56238288965039, 9: 13.153227020966854, 10: 15.2749850072318, 11: 15.888388960912392, 12: 16.042758745545967, 13: 11.852706284285334, 14: 13.429683890978662, 15: 14.693424936217038, 16: 14.87122680697866}}]
Write points: [{'measurement': 'SIABcurrent', 'tags': {'metric': 'mA'}, 'time': '2024-05-10T10:08:54z', 'fields': {1: 185.62773978078002, 2: 198.19390060338003, 3: 188.48464866792003, 4: 188.11228542480004, 5: 194.2685347944, 6: 194.89558551144, 7: 191.42771477280004, 8: 190.24607426880004, 9: 192.02737291452004, 10: 195.12622513626005, 11: 190.66326172608004, 12: 193.73530730994003, 13: 183.55664624286, 14: 193.54043428302003, 15: 193.17488256264002, 16: 189.27041518902}}]
Write points: [{'measurement': 'Modules_Status', 'tags': {'metric': 'num'}, 'time': '2024-05-10T10:09:54z', 'fields': {1: 1.0, 2: 1.0, 3: 1.0, 4: 1.0, 5: 1.0}}]
Write points: [{'measurement': 'TriggerRate', 'tags': {'metric1': 'num', 'metric2': 'null'}, 'time': '2024-05-10T10:09:54z', 'fields': {'value1': 148, 'value2': 'null'}}]
Write points: [{'measurement': 'MUSIC_Power', 'tags': {'metric': 'num'}, 'time': '2024-05-10T10:09:54z', 'fields': {1: 1.0, 2: 1.0, 3: 1.0, 4: 1.0, 5: 1.0, 6: 1.0, 7: 1.0, 8: 1.0, 9: 1.0, 10: 1.0, 11: 1.0, 12: 1.0, 13: 1.0, 14: 1.0, 15: 1.0, 16: 1.0}}]
Write points: [{'measurement': 'HV_Status', 'tags': {'metric': 'num'}, 'time': '2024-05-10T10:09:54z', 'fields': {1: 1.0, 2: 1.0, 3: 1.0, 4: 1.0, 5: 1.0, 6: 1.0, 7: 1.0, 8: 1.0, 9: 1.0, 10: 1.0, 11: 1.0, 12: 1.0, 13: 1.0, 14: 1.0, 15: 1.0, 16: 1.0}}]
Write points: [{'measurement': 'ASADCurrent', 'tags': {'metric1': 'mA', 'metric2': 'null'}, 'time': '2024-05-10T10:09:54z', 'fields': {'value1': 1219.8350801670003, 'value2': 'null'}}]
Write points: [{'measurement': 'TBCurrent', 'tags': {'metric1': 'mA', 'metric2': 'null'}, 'time': '2024-05-10T10:09:54z', 'fields': {'value1': 238.24509279120002, 'value2': 'null'}}]
Write points: [{'measurement': 'HV', 'tags': {'metric': 'V'}, 'time': '2024-05-10T10:09:54z', 'fields': {1: 44.02056368352, 2: 44.014201135650005, 3: 44.040361043820006, 4: 44.06695674294001}}]
Write points: [{'measurement': 'HV_currents', 'tags': {'metric': 'mA'}, 'time': '2024-05-10T10:09:54z', 'fields': {1: 5.0190424548, 2: 4.448554231968, 3: 5.06329293855, 4: 4.570917500688}}]
Write points: [{'measurement': 'SiPM_temps', 'tags': {'metric': 'C'}, 'time': '2024-05-10T10:09:54z', 'fields': {1: 10.248828286335097, 2: 11.30906833632766, 3: 11.598387506123581, 4: 10.9402126381047, 5: 11.248009094515464, 6: 12.488582721359318, 7: 12.9344999940638, 8: 12.302368895527007, 9: 11.44345634307826, 10: 12.947346551110055, 11: 13.32427963395197, 12: 12.84353934745427, 13: 10.8729092616588, 14: 11.812093674370047, 15: 12.402392649629174, 16: 12.080667643589834}}]
Write points: [{'measurement': 'UC_temps', 'tags': {'metric': 'C'}, 'time': '2024-05-10T10:09:54z', 'fields': {1: 10.669911730730247, 2: 11.962540484580268, 3: 13.878353098666485, 4: 14.116851300409941, 5: 11.664799655320962, 6: 14.085236913149933, 7: 15.460481567133744, 8: 15.56238288965039, 9: 13.153227020966854, 10: 15.2749850072318, 11: 15.888388960912392, 12: 16.042758745545967, 13: 11.852706284285334, 14: 13.429683890978662, 15: 14.693424936217038, 16: 14.87122680697866}}]
Write points: [{'measurement': 'SIABcurrent', 'tags': {'metric': 'mA'}, 'time': '2024-05-10T10:09:54z', 'fields': {1: 185.58037650438004, 2: 198.01909593378002, 3: 188.29927271034003, 4: 187.97427274362002, 5: 194.11555629444004, 6: 194.64324178728003, 7: 191.26714350018003, 8: 190.17302740128005, 9: 191.96484850686005, 10: 194.95664507550003, 11: 190.52319826386002, 12: 193.61890107186002, 13: 183.39898024338004, 14: 193.31846164950002, 15: 193.02061011750004, 16: 189.14885758428002}}]
Write points: [{'measurement': 'Modules_Status', 'tags': {'metric': 'num'}, 'time': '2024-05-10T10:10:54z', 'fields': {1: 1.0, 2: 1.0, 3: 1.0, 4: 1.0, 5: 1.0}}]
Write points: [{'measurement': 'TriggerRate', 'tags': {'metric1': 'num', 'metric2': 'null'}, 'time': '2024-05-10T10:10:54z', 'fields': {'value1': 128, 'value2': 'null'}}]
Write points: [{'measurement': 'MUSIC_Power', 'tags': {'metric': 'num'}, 'time': '2024-05-10T10:10:54z', 'fields': {1: 1.0, 2: 1.0, 3: 1.0, 4: 1.0, 5: 1.0, 6: 1.0, 7: 1.0, 8: 1.0, 9: 1.0, 10: 1.0, 11: 1.0, 12: 1.0, 13: 1.0, 14: 1.0, 15: 1.0, 16: 1.0}}]
Write points: [{'measurement': 'HV_Status', 'tags': {'metric': 'num'}, 'time': '2024-05-10T10:10:54z', 'fields': {1: 1.0, 2: 1.0, 3: 1.0, 4: 1.0, 5: 1.0, 6: 1.0, 7: 1.0, 8: 1.0, 9: 1.0, 10: 1.0, 11: 1.0, 12: 1.0, 13: 1.0, 14: 1.0, 15: 1.0, 16: 1.0}}]
Write points: [{'measurement': 'ASADCurrent', 'tags': {'metric1': 'mA', 'metric2': 'null'}, 'time': '2024-05-10T10:10:54z', 'fields': {'value1': 1219.9588594512002, 'value2': 'null'}}]
Write points: [{'measurement': 'TBCurrent', 'tags': {'metric1': 'mA', 'metric2': 'null'}, 'time': '2024-05-10T10:10:54z', 'fields': {'value1': 235.6239993096, 'value2': 'null'}}]
Write points: [{'measurement': 'HV', 'tags': {'metric': 'V'}, 'time': '2024-05-10T10:10:54z', 'fields': {1: 44.020800255750004, 2: 44.01372799119, 3: 44.04059761605001, 4: 44.06705635230001}}]
Write points: [{'measurement': 'HV_currents', 'tags': {'metric': 'mA'}, 'time': '2024-05-10T10:10:54z', 'fields': {1: 5.0441327842620005, 2: 4.461347199408, 3: 5.12542672125, 4: 4.587309100572}}]
Write points: [{'measurement': 'SiPM_temps', 'tags': {'metric': 'C'}, 'time': '2024-05-10T10:10:54z', 'fields': {1: 10.188970627846983, 2: 11.30906833632766, 3: 11.598387506123581, 4: 10.9402126381047, 5: 11.248009094515464, 6: 12.488582721359318, 7: 12.875138016597608, 8: 12.302368895527007, 9: 11.44345634307826, 10: 12.947346551110055, 11: 13.264584912756165, 12: 12.784356893868107, 13: 10.8729092616588, 14: 11.812093674370047, 15: 12.343344040814399, 16: 12.080667643589834}}]
Write points: [{'measurement': 'UC_temps', 'tags': {'metric': 'C'}, 'time': '2024-05-10T10:10:54z', 'fields': {1: 10.669911730730247, 2: 11.962540484580268, 3: 13.02023443801809, 4: 13.291979774150157, 5: 11.664799655320962, 6: 14.085236913149933, 7: 14.6102571078765, 8: 15.56238288965039, 9: 13.153227020966854, 10: 15.2749850072318, 11: 15.888388960912392, 12: 16.042758745545967, 13: 11.852706284285334, 14: 13.429683890978662, 15: 14.693424936217038, 16: 14.87122680697866}}]
Write points: [{'measurement': 'SIABcurrent', 'tags': {'metric': 'mA'}, 'time': '2024-05-10T10:10:54z', 'fields': {1: 185.5571099052, 2: 198.03789475998005, 3: 188.33418481614004, 4: 187.96172391678004, 5: 194.15837855568003, 6: 194.71499470962004, 7: 191.29983392652002, 8: 190.15808599656003, 9: 191.89839343554002, 10: 194.97705522966004, 11: 190.52180666244, 12: 193.64031220248003, 13: 183.49077710898, 14: 193.36487277756004, 15: 193.05593726232001, 16: 189.17007340242003}}]
Write points: [{'measurement': 'Modules_Status', 'tags': {'metric': 'num'}, 'time': '2024-05-10T10:11:54z', 'fields': {1: 1.0, 2: 1.0, 3: 1.0, 4: 1.0, 5: 1.0}}]
Write points: [{'measurement': 'TriggerRate', 'tags': {'metric1': 'num', 'metric2': 'null'}, 'time': '2024-05-10T10:11:54z', 'fields': {'value1': 128, 'value2': 'null'}}]
Write points: [{'measurement': 'MUSIC_Power', 'tags': {'metric': 'num'}, 'time': '2024-05-10T10:11:54z', 'fields': {1: 1.0, 2: 1.0, 3: 1.0, 4: 1.0, 5: 1.0, 6: 1.0, 7: 1.0, 8: 1.0, 9: 1.0, 10: 1.0, 11: 1.0, 12: 1.0, 13: 1.0, 14: 1.0, 15: 1.0, 16: 1.0}}]
Write points: [{'measurement': 'HV_Status', 'tags': {'metric': 'num'}, 'time': '2024-05-10T10:11:54z', 'fields': {1: 1.0, 2: 1.0, 3: 1.0, 4: 1.0, 5: 1.0, 6: 1.0, 7: 1.0, 8: 1.0, 9: 1.0, 10: 1.0, 11: 1.0, 12: 1.0, 13: 1.0, 14: 1.0, 15: 1.0, 16: 1.0}}]
Write points: [{'measurement': 'ASADCurrent', 'tags': {'metric1': 'mA', 'metric2': 'null'}, 'time': '2024-05-10T10:11:54z', 'fields': {'value1': 1219.7266817406, 'value2': 'null'}}]
Write points: [{'measurement': 'TBCurrent', 'tags': {'metric1': 'mA', 'metric2': 'null'}, 'time': '2024-05-10T10:11:54z', 'fields': {'value1': 235.53684111540002, 'value2': 'null'}}]
Write points: [{'measurement': 'HV', 'tags': {'metric': 'V'}, 'time': '2024-05-10T10:11:54z', 'fields': {1: 44.024510704410005, 2: 44.01553341084001, 3: 44.03661324165, 4: 44.064528764790005}}]
Write points: [{'measurement': 'HV_currents', 'tags': {'metric': 'mA'}, 'time': '2024-05-10T10:11:54z', 'fields': {1: 5.175321735672001, 2: 4.505033718372, 3: 5.255202098586, 4: 4.649875012134}}]
Write points: [{'measurement': 'SiPM_temps', 'tags': {'metric': 'C'}, 'time': '2024-05-10T10:11:54z', 'fields': {1: 10.188970627846983, 2: 11.249380741200556, 3: 11.539365036269308, 4: 10.9402126381047, 5: 11.248009094515464, 6: 12.429502366168222, 7: 12.875138016597608, 8: 12.302368895527007, 9: 11.44345634307826, 10: 12.887985278404368, 11: 13.264584912756165, 12: 12.784356893868107, 13: 10.813471071432817, 14: 11.752776064157926, 15: 12.343344040814399, 16: 12.080667643589834}}]
Write points: [{'measurement': 'UC_temps', 'tags': {'metric': 'C'}, 'time': '2024-05-10T10:11:54z', 'fields': {1: 10.669911730730247, 2: 11.962540484580268, 3: 13.02023443801809, 4: 13.291979774150157, 5: 11.664799655320962, 6: 14.085236913149933, 7: 15.460481567133744, 8: 15.56238288965039, 9: 13.153227020966854, 10: 15.2749850072318, 11: 15.888388960912392, 12: 16.042758745545967, 13: 11.852706284285334, 14: 13.429683890978662, 15: 14.693424936217038, 16: 14.87122680697866}}]
Write points: [{'measurement': 'SIABcurrent', 'tags': {'metric': 'mA'}, 'time': '2024-05-10T10:11:54z', 'fields': {1: 185.63240286624006, 2: 198.13996994484, 3: 188.38855492776005, 4: 188.03611355760003, 5: 194.35349572320004, 6: 194.87493121668, 7: 191.42136711720002, 8: 190.19790532842003, 9: 192.02029283712002, 10: 195.10159134972005, 11: 190.63137696372004, 12: 193.65315399804, 13: 183.65425365474002, 14: 193.52229463644002, 15: 193.13799291798006, 16: 189.21704605386003}}]
Write points: [{'measurement': 'Modules_Status', 'tags': {'metric': 'num'}, 'time': '2024-05-10T10:12:54z', 'fields': {1: 1.0, 2: 1.0, 3: 1.0, 4: 1.0, 5: 1.0}}]
Write points: [{'measurement': 'TriggerRate', 'tags': {'metric1': 'num', 'metric2': 'null'}, 'time': '2024-05-10T10:12:54z', 'fields': {'value1': 125, 'value2': 'null'}}]
Write points: [{'measurement': 'MUSIC_Power', 'tags': {'metric': 'num'}, 'time': '2024-05-10T10:12:54z', 'fields': {1: 1.0, 2: 1.0, 3: 1.0, 4: 1.0, 5: 1.0, 6: 1.0, 7: 1.0, 8: 1.0, 9: 1.0, 10: 1.0, 11: 1.0, 12: 1.0, 13: 1.0, 14: 1.0, 15: 1.0, 16: 1.0}}]
Write points: [{'measurement': 'HV_Status', 'tags': {'metric': 'num'}, 'time': '2024-05-10T10:12:54z', 'fields': {1: 1.0, 2: 1.0, 3: 1.0, 4: 1.0, 5: 1.0, 6: 1.0, 7: 1.0, 8: 1.0, 9: 1.0, 10: 1.0, 11: 1.0, 12: 1.0, 13: 1.0, 14: 1.0, 15: 1.0, 16: 1.0}}]
Write points: [{'measurement': 'ASADCurrent', 'tags': {'metric1': 'mA', 'metric2': 'null'}, 'time': '2024-05-10T10:12:54z', 'fields': {'value1': 1219.9041719568002, 'value2': 'null'}}]
Write points: [{'measurement': 'TBCurrent', 'tags': {'metric1': 'mA', 'metric2': 'null'}, 'time': '2024-05-10T10:12:54z', 'fields': {'value1': 238.26340333620004, 'value2': 'null'}}]
Write points: [{'measurement': 'HV', 'tags': {'metric': 'V'}, 'time': '2024-05-10T10:12:54z', 'fields': {1: 44.02022750193001, 2: 44.01447506139001, 3: 44.037098837280006, 4: 44.06403071799001}}]
Write points: [{'measurement': 'HV_currents', 'tags': {'metric': 'mA'}, 'time': '2024-05-10T10:12:54z', 'fields': {1: 4.997274878903999, 2: 4.447221224292001, 3: 5.089481900712, 4: 4.582907245554}}]
Write points: [{'measurement': 'SiPM_temps', 'tags': {'metric': 'C'}, 'time': '2024-05-10T10:12:54z', 'fields': {1: 10.188970627846983, 2: 11.249380741200556, 3: 11.539365036269308, 4: 10.9402126381047, 5: 11.188800009473455, 6: 12.429502366168222, 7: 12.875138016597608, 8: 12.302368895527007, 9: 11.384288596600221, 10: 12.887985278404368, 11: 13.264584912756165, 12: 12.784356893868107, 13: 10.813471071432817, 14: 11.752776064157926, 15: 12.343344040814399, 16: 12.021099157701608}}]
Write points: [{'measurement': 'UC_temps', 'tags': {'metric': 'C'}, 'time': '2024-05-10T10:12:54z', 'fields': {1: 10.669911730730247, 2: 11.962540484580268, 3: 13.878353098666485, 4: 13.291979774150157, 5: 11.664799655320962, 6: 14.085236913149933, 7: 15.460481567133744, 8: 15.56238288965039, 9: 12.316560967855294, 10: 15.2749850072318, 11: 15.888388960912392, 12: 16.042758745545967, 13: 11.852706284285334, 14: 13.429683890978662, 15: 14.693424936217038, 16: 14.87122680697866}}]
Write points: [{'measurement': 'SIABcurrent', 'tags': {'metric': 'mA'}, 'time': '2024-05-10T10:12:54z', 'fields': {1: 185.50640190258002, 2: 198.01763109018003, 3: 188.28572290704003, 4: 187.98054715704004, 5: 194.1568404699, 6: 194.70581502306004, 7: 191.28420892812005, 8: 190.15937994174, 9: 191.90515613016004, 10: 194.99087358762, 11: 190.54536623034002, 12: 193.64333954592, 13: 183.41397047622004, 14: 193.32170871948003, 15: 193.03525855350003, 16: 189.20920914060002}}]
Write points: [{'measurement': 'Modules_Status', 'tags': {'metric': 'num'}, 'time': '2024-05-10T10:13:54z', 'fields': {1: 1.0, 2: 1.0, 3: 1.0, 4: 1.0, 5: 1.0}}]
Write points: [{'measurement': 'TriggerRate', 'tags': {'metric1': 'num', 'metric2': 'null'}, 'time': '2024-05-10T10:13:54z', 'fields': {'value1': 125, 'value2': 'null'}}]
Write points: [{'measurement': 'MUSIC_Power', 'tags': {'metric': 'num'}, 'time': '2024-05-10T10:13:54z', 'fields': {1: 1.0, 2: 1.0, 3: 1.0, 4: 1.0, 5: 1.0, 6: 1.0, 7: 1.0, 8: 1.0, 9: 1.0, 10: 1.0, 11: 1.0, 12: 1.0, 13: 1.0, 14: 1.0, 15: 1.0, 16: 1.0}}]
Write points: [{'measurement': 'HV_Status', 'tags': {'metric': 'num'}, 'time': '2024-05-10T10:13:54z', 'fields': {1: 1.0, 2: 1.0, 3: 1.0, 4: 1.0, 5: 1.0, 6: 1.0, 7: 1.0, 8: 1.0, 9: 1.0, 10: 1.0, 11: 1.0, 12: 1.0, 13: 1.0, 14: 1.0, 15: 1.0, 16: 1.0}}]
Write points: [{'measurement': 'ASADCurrent', 'tags': {'metric1': 'mA', 'metric2': 'null'}, 'time': '2024-05-10T10:13:54z', 'fields': {'value1': 1219.8487520406002, 'value2': 'null'}}]
Write points: [{'measurement': 'TBCurrent', 'tags': {'metric1': 'mA', 'metric2': 'null'}, 'time': '2024-05-10T10:13:54z', 'fields': {'value1': 238.19821779600002, 'value2': 'null'}}]
Write points: [{'measurement': 'HV', 'tags': {'metric': 'V'}, 'time': '2024-05-10T10:13:54z', 'fields': {1: 44.02032711129001, 2: 44.01413887980001, 3: 44.03846846598, 4: 44.06418013203}}]
Write points: [{'measurement': 'HV_currents', 'tags': {'metric': 'mA'}, 'time': '2024-05-10T10:13:54z', 'fields': {1: 5.00428415553, 2: 4.447050325872, 3: 5.082780241242, 4: 4.573773945708}}]
Write points: [{'measurement': 'SiPM_temps', 'tags': {'metric': 'C'}, 'time': '2024-05-10T10:13:54z', 'fields': {1: 10.188970627846983, 2: 11.249380741200556, 3: 11.539365036269308, 4: 10.880716805787754, 5: 11.188800009473455, 6: 12.370422010977128, 7: 12.815776039131414, 8: 12.242863858425617, 9: 11.384288596600221, 10: 12.887985278404368, 11: 13.204890191560361, 12: 12.725174440281947, 13: 10.813471071432817, 14: 11.752776064157926, 15: 12.343344040814399, 16: 12.021099157701608}}]
Write points: [{'measurement': 'UC_temps', 'tags': {'metric': 'C'}, 'time': '2024-05-10T10:13:54z', 'fields': {1: 10.669911730730247, 2: 11.962540484580268, 3: 13.02023443801809, 4: 13.291979774150157, 5: 11.664799655320962, 6: 14.085236913149933, 7: 15.460481567133744, 8: 15.56238288965039, 9: 12.316560967855294, 10: 15.2749850072318, 11: 15.888388960912392, 12: 16.042758745545967, 13: 11.852706284285334, 14: 13.429683890978662, 15: 14.693424936217038, 16: 14.87122680697866}}]
Write points: [{'measurement': 'SIABcurrent', 'tags': {'metric': 'mA'}, 'time': '2024-05-10T10:13:54z', 'fields': {1: 185.54553764076005, 2: 197.99285081928002, 3: 188.27766626724002, 4: 187.99785672558005, 5: 194.16531214872003, 6: 194.69182576668004, 7: 191.30625482430003, 8: 190.17205083888004, 9: 191.92200183156004, 10: 194.9886274941, 11: 190.54453615230003, 12: 193.64351044434002, 13: 183.46775465040002, 14: 193.33584446022002, 15: 193.02327125004004, 16: 189.20940445308003}}]
Write points: [{'measurement': 'Modules_Status', 'tags': {'metric': 'num'}, 'time': '2024-05-10T10:14:54z', 'fields': {1: 1.0, 2: 1.0, 3: 1.0, 4: 1.0, 5: 1.0}}]
Write points: [{'measurement': 'TriggerRate', 'tags': {'metric1': 'num', 'metric2': 'null'}, 'time': '2024-05-10T10:14:54z', 'fields': {'value1': 129, 'value2': 'null'}}]
Write points: [{'measurement': 'MUSIC_Power', 'tags': {'metric': 'num'}, 'time': '2024-05-10T10:14:54z', 'fields': {1: 1.0, 2: 1.0, 3: 1.0, 4: 1.0, 5: 1.0, 6: 1.0, 7: 1.0, 8: 1.0, 9: 1.0, 10: 1.0, 11: 1.0, 12: 1.0, 13: 1.0, 14: 1.0, 15: 1.0, 16: 1.0}}]
Write points: [{'measurement': 'HV_Status', 'tags': {'metric': 'num'}, 'time': '2024-05-10T10:14:54z', 'fields': {1: 1.0, 2: 1.0, 3: 1.0, 4: 1.0, 5: 1.0, 6: 1.0, 7: 1.0, 8: 1.0, 9: 1.0, 10: 1.0, 11: 1.0, 12: 1.0, 13: 1.0, 14: 1.0, 15: 1.0, 16: 1.0}}]
Write points: [{'measurement': 'ASADCurrent', 'tags': {'metric1': 'mA', 'metric2': 'null'}, 'time': '2024-05-10T10:14:54z', 'fields': {'value1': 1219.672726668, 'value2': 'null'}}]
Write points: [{'measurement': 'TBCurrent', 'tags': {'metric1': 'mA', 'metric2': 'null'}, 'time': '2024-05-10T10:14:54z', 'fields': {'value1': 236.87326675980003, 'value2': 'null'}}]
Write points: [{'measurement': 'HV', 'tags': {'metric': 'V'}, 'time': '2024-05-10T10:14:54z', 'fields': {1: 44.020165246080005, 2: 44.01285640929001, 3: 44.038829549910005, 4: 44.06902363716001}}]
Write points: [{'measurement': 'HV_currents', 'tags': {'metric': 'mA'}, 'time': '2024-05-10T10:14:54z', 'fields': {1: 4.994623511987999, 2: 4.444914095622, 3: 5.079345183, 4: 4.569904317198}}]
Write points: [{'measurement': 'SiPM_temps', 'tags': {'metric': 'C'}, 'time': '2024-05-10T10:14:54z', 'fields': {1: 10.188970627846983, 2: 11.249380741200556, 3: 11.539365036269308, 4: 10.880716805787754, 5: 11.188800009473455, 6: 12.370422010977128, 7: 12.815776039131414, 8: 12.242863858425617, 9: 11.384288596600221, 10: 12.887985278404368, 11: 13.204890191560361, 12: 12.725174440281947, 13: 10.813471071432817, 14: 11.752776064157926, 15: 12.284295431999622, 16: 12.021099157701608}}]
Write points: [{'measurement': 'UC_temps', 'tags': {'metric': 'C'}, 'time': '2024-05-10T10:14:54z', 'fields': {1: 10.669911730730247, 2: 11.962540484580268, 3: 13.878353098666485, 4: 13.291979774150157, 5: 11.664799655320962, 6: 14.921056810678413, 7: 15.460481567133744, 8: 15.56238288965039, 9: 12.316560967855294, 10: 14.393057466398554, 11: 15.888388960912392, 12: 16.042758745545967, 13: 11.852706284285334, 14: 13.429683890978662, 15: 14.693424936217038, 16: 14.87122680697866}}]
Write points: [{'measurement': 'SIABcurrent', 'tags': {'metric': 'mA'}, 'time': '2024-05-10T10:14:54z', 'fields': {1: 185.52268608060004, 2: 198.03848069742003, 3: 188.31213891996, 4: 187.97612821218004, 5: 194.1736861713, 6: 194.67993611946002, 7: 191.27727533508005, 8: 190.15015142706005, 9: 191.92373522982004, 10: 195.00581499234005, 11: 190.54934572212005, 12: 193.63496552334004, 13: 183.43262281806, 14: 193.32610325028003, 15: 193.03831031100003, 16: 189.19475601708004}}]
Write points: [{'measurement': 'Modules_Status', 'tags': {'metric': 'num'}, 'time': '2024-05-10T10:15:54z', 'fields': {1: 1.0, 2: 1.0, 3: 1.0, 4: 1.0, 5: 1.0}}]
Write points: [{'measurement': 'TriggerRate', 'tags': {'metric1': 'num', 'metric2': 'null'}, 'time': '2024-05-10T10:15:54z', 'fields': {'value1': 129, 'value2': 'null'}}]
Write points: [{'measurement': 'MUSIC_Power', 'tags': {'metric': 'num'}, 'time': '2024-05-10T10:15:54z', 'fields': {1: 1.0, 2: 1.0, 3: 1.0, 4: 1.0, 5: 1.0, 6: 1.0, 7: 1.0, 8: 1.0, 9: 1.0, 10: 1.0, 11: 1.0, 12: 1.0, 13: 1.0, 14: 1.0, 15: 1.0, 16: 1.0}}]
Write points: [{'measurement': 'HV_Status', 'tags': {'metric': 'num'}, 'time': '2024-05-10T10:15:54z', 'fields': {1: 1.0, 2: 1.0, 3: 1.0, 4: 1.0, 5: 1.0, 6: 1.0, 7: 1.0, 8: 1.0, 9: 1.0, 10: 1.0, 11: 1.0, 12: 1.0, 13: 1.0, 14: 1.0, 15: 1.0, 16: 1.0}}]
Write points: [{'measurement': 'ASADCurrent', 'tags': {'metric1': 'mA', 'metric2': 'null'}, 'time': '2024-05-10T10:15:54z', 'fields': {'value1': 1219.7227754910002, 'value2': 'null'}}]
Write points: [{'measurement': 'TBCurrent', 'tags': {'metric1': 'mA', 'metric2': 'null'}, 'time': '2024-05-10T10:15:54z', 'fields': {'value1': 236.91354995880002, 'value2': 'null'}}]
Write points: [{'measurement': 'HV', 'tags': {'metric': 'V'}, 'time': '2024-05-10T10:15:54z', 'fields': {1: 44.0219831169, 2: 44.015296838610006, 3: 44.038717489380005, 4: 44.06564937009001}}]
Write points: [{'measurement': 'HV_currents', 'tags': {'metric': 'mA'}, 'time': '2024-05-10T10:15:54z', 'fields': {1: 5.00753122551, 2: 4.448026888272, 3: 5.082370085034, 4: 4.57034865309}}]
Write points: [{'measurement': 'SiPM_temps', 'tags': {'metric': 'C'}, 'time': '2024-05-10T10:15:54z', 'fields': {1: 10.129112969358866, 2: 11.249380741200556, 3: 11.539365036269308, 4: 10.880716805787754, 5: 11.188800009473455, 6: 12.370422010977128, 7: 12.815776039131414, 8: 12.242863858425617, 9: 11.384288596600221, 10: 12.828624005698682, 11: 13.204890191560361, 12: 12.725174440281947, 13: 10.754032881206832, 14: 11.693458453945807, 15: 12.284295431999622, 16: 12.021099157701608}}]
Write points: [{'measurement': 'UC_temps', 'tags': {'metric': 'C'}, 'time': '2024-05-10T10:15:54z', 'fields': {1: 10.669911730730247, 2: 11.962540484580268, 3: 13.878353098666485, 4: 13.291979774150157, 5: 11.664799655320962, 6: 14.085236913149933, 7: 15.460481567133744, 8: 15.56238288965039, 9: 13.153227020966854, 10: 15.2749850072318, 11: 15.888388960912392, 12: 16.042758745545967, 13: 11.852706284285334, 14: 13.429683890978662, 15: 14.693424936217038, 16: 14.056722107286543}}]
Write points: [{'measurement': 'SIABcurrent', 'tags': {'metric': 'mA'}, 'time': '2024-05-10T10:15:54z', 'fields': {1: 185.55020072622003, 2: 198.00471605244005, 3: 188.31863305992002, 4: 187.98186551628004, 5: 194.17168421838002, 6: 194.67668904948002, 7: 191.27947260048003, 8: 190.15950201204004, 9: 191.92554187026002, 10: 195.00364214100006, 11: 190.56873048576003, 12: 193.64734345176, 13: 183.4288142247, 14: 193.31223606420005, 15: 192.98181617616004, 16: 189.18792008028}}]
Write points: [{'measurement': 'Modules_Status', 'tags': {'metric': 'num'}, 'time': '2024-05-10T10:16:54z', 'fields': {1: 1.0, 2: 1.0, 3: 1.0, 4: 1.0, 5: 1.0}}]
Write points: [{'measurement': 'TriggerRate', 'tags': {'metric1': 'num', 'metric2': 'null'}, 'time': '2024-05-10T10:16:54z', 'fields': {'value1': 129, 'value2': 'null'}}]
Write points: [{'measurement': 'MUSIC_Power', 'tags': {'metric': 'num'}, 'time': '2024-05-10T10:16:54z', 'fields': {1: 1.0, 2: 1.0, 3: 1.0, 4: 1.0, 5: 1.0, 6: 1.0, 7: 1.0, 8: 1.0, 9: 1.0, 10: 1.0, 11: 1.0, 12: 1.0, 13: 1.0, 14: 1.0, 15: 1.0, 16: 1.0}}]
Write points: [{'measurement': 'HV_Status', 'tags': {'metric': 'num'}, 'time': '2024-05-10T10:16:54z', 'fields': {1: 1.0, 2: 1.0, 3: 1.0, 4: 1.0, 5: 1.0, 6: 1.0, 7: 1.0, 8: 1.0, 9: 1.0, 10: 1.0, 11: 1.0, 12: 1.0, 13: 1.0, 14: 1.0, 15: 1.0, 16: 1.0}}]
Write points: [{'measurement': 'ASADCurrent', 'tags': {'metric1': 'mA', 'metric2': 'null'}, 'time': '2024-05-10T10:16:54z', 'fields': {'value1': 1220.0259981162, 'value2': 'null'}}]
Write points: [{'measurement': 'TBCurrent', 'tags': {'metric1': 'mA', 'metric2': 'null'}, 'time': '2024-05-10T10:16:54z', 'fields': {'value1': 235.60471220220003, 'value2': 'null'}}]
Write points: [{'measurement': 'HV', 'tags': {'metric': 'V'}, 'time': '2024-05-10T10:16:54z', 'fields': {1: 44.019393273540004, 2: 44.01382760055001, 3: 44.03759688408, 4: 44.064964555740005}}]
Write points: [{'measurement': 'HV_currents', 'tags': {'metric': 'mA'}, 'time': '2024-05-10T10:16:54z', 'fields': {1: 5.006510717802, 2: 4.450519563798, 3: 5.07662301531, 4: 4.56828566502}}]
Write points: [{'measurement': 'SiPM_temps', 'tags': {'metric': 'C'}, 'time': '2024-05-10T10:16:54z', 'fields': {1: 10.129112969358866, 2: 11.18969314607345, 3: 11.480342566415034, 4: 10.880716805787754, 5: 11.188800009473455, 6: 12.370422010977128, 7: 12.815776039131414, 8: 12.242863858425617, 9: 11.384288596600221, 10: 12.828624005698682, 11: 13.204890191560361, 12: 12.725174440281947, 13: 10.754032881206832, 14: 11.693458453945807, 15: 12.284295431999622, 16: 12.021099157701608}}]
Write points: [{'measurement': 'UC_temps', 'tags': {'metric': 'C'}, 'time': '2024-05-10T10:16:54z', 'fields': {1: 10.669911730730247, 2: 11.962540484580268, 3: 13.878353098666485, 4: 13.291979774150157, 5: 11.664799655320962, 6: 14.085236913149933, 7: 15.460481567133744, 8: 15.56238288965039, 9: 13.153227020966854, 10: 15.2749850072318, 11: 15.888388960912392, 12: 16.042758745545967, 13: 11.852706284285334, 14: 13.429683890978662, 15: 14.693424936217038, 16: 14.056722107286543}}]
Write points: [{'measurement': 'SIABcurrent', 'tags': {'metric': 'mA'}, 'time': '2024-05-10T10:16:54z', 'fields': {1: 185.56606986522002, 2: 198.02205003504002, 3: 188.30513208474005, 4: 187.97051297838004, 5: 194.18257288914003, 6: 194.68638143130002, 7: 191.30703607422004, 8: 190.17463872924003, 9: 191.90488757550003, 10: 194.97627397974006, 11: 190.53840822324003, 12: 193.61409150204005, 13: 183.46162672134002, 14: 193.33718723352, 15: 193.02063453156003, 16: 189.18396500256003}}]
Write points: [{'measurement': 'Modules_Status', 'tags': {'metric': 'num'}, 'time': '2024-05-10T10:17:54z', 'fields': {1: 1.0, 2: 1.0, 3: 1.0, 4: 1.0, 5: 1.0}}]
Write points: [{'measurement': 'TriggerRate', 'tags': {'metric1': 'num', 'metric2': 'null'}, 'time': '2024-05-10T10:17:54z', 'fields': {'value1': 129, 'value2': 'null'}}]
Write points: [{'measurement': 'MUSIC_Power', 'tags': {'metric': 'num'}, 'time': '2024-05-10T10:17:54z', 'fields': {1: 1.0, 2: 1.0, 3: 1.0, 4: 1.0, 5: 1.0, 6: 1.0, 7: 1.0, 8: 1.0, 9: 1.0, 10: 1.0, 11: 1.0, 12: 1.0, 13: 1.0, 14: 1.0, 15: 1.0, 16: 1.0}}]
Write points: [{'measurement': 'HV_Status', 'tags': {'metric': 'num'}, 'time': '2024-05-10T10:17:54z', 'fields': {1: 1.0, 2: 1.0, 3: 1.0, 4: 1.0, 5: 1.0, 6: 1.0, 7: 1.0, 8: 1.0, 9: 1.0, 10: 1.0, 11: 1.0, 12: 1.0, 13: 1.0, 14: 1.0, 15: 1.0, 16: 1.0}}]
Write points: [{'measurement': 'ASADCurrent', 'tags': {'metric1': 'mA', 'metric2': 'null'}, 'time': '2024-05-10T10:17:54z', 'fields': {'value1': 1219.5843477708002, 'value2': 'null'}}]
Write points: [{'measurement': 'TBCurrent', 'tags': {'metric1': 'mA', 'metric2': 'null'}, 'time': '2024-05-10T10:17:54z', 'fields': {'value1': 235.7089602384, 'value2': 'null'}}]
Write points: [{'measurement': 'HV', 'tags': {'metric': 'V'}, 'time': '2024-05-10T10:17:54z', 'fields': {1: 44.01977925981001, 2: 44.01361593066001, 3: 44.03858052651, 4: 44.066794877730004}}]
Write points: [{'measurement': 'HV_currents', 'tags': {'metric': 'mA'}, 'time': '2024-05-10T10:17:54z', 'fields': {1: 5.005158178878, 2: 4.447804720325999, 3: 5.098056118584, 4: 4.570607442126}}]
Write points: [{'measurement': 'SiPM_temps', 'tags': {'metric': 'C'}, 'time': '2024-05-10T10:17:54z', 'fields': {1: 10.129112969358866, 2: 11.18969314607345, 3: 11.480342566415034, 4: 10.880716805787754, 5: 11.188800009473455, 6: 12.370422010977128, 7: 12.815776039131414, 8: 12.242863858425617, 9: 11.384288596600221, 10: 12.828624005698682, 11: 13.204890191560361, 12: 12.725174440281947, 13: 10.754032881206832, 14: 11.693458453945807, 15: 12.284295431999622, 16: 12.021099157701608}}]
Write points: [{'measurement': 'UC_temps', 'tags': {'metric': 'C'}, 'time': '2024-05-10T10:17:54z', 'fields': {1: 10.669911730730247, 2: 11.962540484580268, 3: 13.02023443801809, 4: 13.291979774150157, 5: 11.664799655320962, 6: 14.085236913149933, 7: 15.460481567133744, 8: 15.56238288965039, 9: 13.153227020966854, 10: 15.2749850072318, 11: 15.888388960912392, 12: 16.042758745545967, 13: 11.852706284285334, 14: 13.429683890978662, 15: 14.693424936217038, 16: 14.87122680697866}}]
Write points: [{'measurement': 'SIABcurrent', 'tags': {'metric': 'mA'}, 'time': '2024-05-10T10:17:54z', 'fields': {1: 185.5514946714, 2: 197.96587328298003, 3: 188.28831079740004, 4: 187.96577665074003, 5: 194.17331996040002, 6: 194.67402791694002, 7: 191.27146478880005, 8: 190.13682135030004, 9: 191.88379382766, 10: 194.93406207000004, 11: 190.53179201298005, 12: 193.61221161942004, 13: 183.46626539274, 14: 193.29692844858005, 15: 193.00747535322006, 16: 189.16506852012003}}]
Write points: [{'measurement': 'Modules_Status', 'tags': {'metric': 'num'}, 'time': '2024-05-10T10:18:54z', 'fields': {1: 1.0, 2: 1.0, 3: 1.0, 4: 1.0, 5: 1.0}}]
Write points: [{'measurement': 'TriggerRate', 'tags': {'metric1': 'num', 'metric2': 'null'}, 'time': '2024-05-10T10:18:54z', 'fields': {'value1': 132, 'value2': 'null'}}]
Write points: [{'measurement': 'MUSIC_Power', 'tags': {'metric': 'num'}, 'time': '2024-05-10T10:18:54z', 'fields': {1: 1.0, 2: 1.0, 3: 1.0, 4: 1.0, 5: 1.0, 6: 1.0, 7: 1.0, 8: 1.0, 9: 1.0, 10: 1.0, 11: 1.0, 12: 1.0, 13: 1.0, 14: 1.0, 15: 1.0, 16: 1.0}}]
Write points: [{'measurement': 'HV_Status', 'tags': {'metric': 'num'}, 'time': '2024-05-10T10:18:54z', 'fields': {1: 1.0, 2: 1.0, 3: 1.0, 4: 1.0, 5: 1.0, 6: 1.0, 7: 1.0, 8: 1.0, 9: 1.0, 10: 1.0, 11: 1.0, 12: 1.0, 13: 1.0, 14: 1.0, 15: 1.0, 16: 1.0}}]
Write points: [{'measurement': 'ASADCurrent', 'tags': {'metric1': 'mA', 'metric2': 'null'}, 'time': '2024-05-10T10:18:54z', 'fields': {'value1': 1219.7625704088002, 'value2': 'null'}}]
Write points: [{'measurement': 'TBCurrent', 'tags': {'metric1': 'mA', 'metric2': 'null'}, 'time': '2024-05-10T10:18:54z', 'fields': {'value1': 236.98605971700002, 'value2': 'null'}}]
Write points: [{'measurement': 'HV', 'tags': {'metric': 'V'}, 'time': '2024-05-10T10:18:54z', 'fields': {1: 44.02089986511, 2: 44.01362838183, 3: 44.04016182510001, 4: 44.064441606600006}}]
Write points: [{'measurement': 'HV_currents', 'tags': {'metric': 'mA'}, 'time': '2024-05-10T10:18:54z', 'fields': {1: 4.995746558748, 2: 4.442267611518, 3: 5.083534635696, 4: 4.570338887466}}]
Write points: [{'measurement': 'SiPM_temps', 'tags': {'metric': 'C'}, 'time': '2024-05-10T10:18:54z', 'fields': {1: 10.129112969358866, 2: 11.18969314607345, 3: 11.480342566415034, 4: 10.880716805787754, 5: 11.188800009473455, 6: 12.370422010977128, 7: 12.815776039131414, 8: 12.242863858425617, 9: 11.384288596600221, 10: 12.828624005698682, 11: 13.204890191560361, 12: 12.725174440281947, 13: 10.754032881206832, 14: 11.693458453945807, 15: 12.284295431999622, 16: 12.021099157701608}}]
Write points: [{'measurement': 'UC_temps', 'tags': {'metric': 'C'}, 'time': '2024-05-10T10:18:54z', 'fields': {1: 10.669911730730247, 2: 11.962540484580268, 3: 13.02023443801809, 4: 13.291979774150157, 5: 11.664799655320962, 6: 14.085236913149933, 7: 14.6102571078765, 8: 15.56238288965039, 9: 12.316560967855294, 10: 15.2749850072318, 11: 15.888388960912392, 12: 16.042758745545967, 13: 11.852706284285334, 14: 13.429683890978662, 15: 14.693424936217038, 16: 14.87122680697866}}]
Write points: [{'measurement': 'SIABcurrent', 'tags': {'metric': 'mA'}, 'time': '2024-05-10T10:18:54z', 'fields': {1: 185.55164115576005, 2: 198.01433519208004, 3: 188.32058618472004, 4: 188.02515164466, 5: 194.22871546254004, 6: 194.68213338486004, 7: 191.3054003322, 8: 190.17541997916004, 9: 191.92061023014003, 10: 194.98022905746004, 11: 190.55977052574002, 12: 193.61814423600003, 13: 183.45469312830002, 14: 193.33313449956, 15: 193.03435523328005, 16: 189.16509293418002}}]
Write points: [{'measurement': 'Modules_Status', 'tags': {'metric': 'num'}, 'time': '2024-05-10T10:19:54z', 'fields': {1: 1.0, 2: 1.0, 3: 1.0, 4: 1.0, 5: 1.0}}]
Write points: [{'measurement': 'TriggerRate', 'tags': {'metric1': 'num', 'metric2': 'null'}, 'time': '2024-05-10T10:19:54z', 'fields': {'value1': 132, 'value2': 'null'}}]
Write points: [{'measurement': 'MUSIC_Power', 'tags': {'metric': 'num'}, 'time': '2024-05-10T10:19:54z', 'fields': {1: 1.0, 2: 1.0, 3: 1.0, 4: 1.0, 5: 1.0, 6: 1.0, 7: 1.0, 8: 1.0, 9: 1.0, 10: 1.0, 11: 1.0, 12: 1.0, 13: 1.0, 14: 1.0, 15: 1.0, 16: 1.0}}]
Write points: [{'measurement': 'HV_Status', 'tags': {'metric': 'num'}, 'time': '2024-05-10T10:19:54z', 'fields': {1: 1.0, 2: 1.0, 3: 1.0, 4: 1.0, 5: 1.0, 6: 1.0, 7: 1.0, 8: 1.0, 9: 1.0, 10: 1.0, 11: 1.0, 12: 1.0, 13: 1.0, 14: 1.0, 15: 1.0, 16: 1.0}}]
Write points: [{'measurement': 'ASADCurrent', 'tags': {'metric1': 'mA', 'metric2': 'null'}, 'time': '2024-05-10T10:19:54z', 'fields': {'value1': 1219.7842989222002, 'value2': 'null'}}]
Write points: [{'measurement': 'TBCurrent', 'tags': {'metric1': 'mA', 'metric2': 'null'}, 'time': '2024-05-10T10:19:54z', 'fields': {'value1': 236.85275894940003, 'value2': 'null'}}]
Write points: [{'measurement': 'HV', 'tags': {'metric': 'V'}, 'time': '2024-05-10T10:19:54z', 'fields': {1: 44.02073799990001, 2: 44.01433809852001, 3: 44.039364950220005, 4: 44.06515132329}}]
Write points: [{'measurement': 'HV_currents', 'tags': {'metric': 'mA'}, 'time': '2024-05-10T10:19:54z', 'fields': {1: 4.9882807392, 2: 4.444623568308001, 3: 5.086623014286, 4: 4.56246291171}}]
Write points: [{'measurement': 'SiPM_temps', 'tags': {'metric': 'C'}, 'time': '2024-05-10T10:19:54z', 'fields': {1: 10.129112969358866, 2: 11.18969314607345, 3: 11.480342566415034, 4: 10.880716805787754, 5: 11.188800009473455, 6: 12.311341655786032, 7: 12.815776039131414, 8: 12.242863858425617, 9: 11.32512085012218, 10: 12.828624005698682, 11: 13.204890191560361, 12: 12.725174440281947, 13: 10.754032881206832, 14: 11.693458453945807, 15: 12.284295431999622, 16: 11.961530671813383}}]
Write points: [{'measurement': 'UC_temps', 'tags': {'metric': 'C'}, 'time': '2024-05-10T10:19:54z', 'fields': {1: 10.669911730730247, 2: 11.962540484580268, 3: 13.878353098666485, 4: 13.291979774150157, 5: 11.664799655320962, 6: 14.921056810678413, 7: 15.460481567133744, 8: 15.56238288965039, 9: 13.153227020966854, 10: 15.2749850072318, 11: 15.888388960912392, 12: 16.042758745545967, 13: 11.852706284285334, 14: 13.429683890978662, 15: 15.527189047674625, 16: 14.87122680697866}}]
Write points: [{'measurement': 'SIABcurrent', 'tags': {'metric': 'mA'}, 'time': '2024-05-10T10:19:54z', 'fields': {1: 185.53054740792004, 2: 198.01255296570005, 3: 188.31870630210003, 4: 187.98813992970003, 5: 194.22778772826004, 6: 194.69470662576003, 7: 191.30764642572, 8: 190.20239751546004, 9: 191.86851062610003, 10: 194.98313433060002, 11: 190.51982912358002, 12: 193.66238251272003, 13: 183.42839918568, 14: 193.30515598680003, 15: 193.01333472762002, 16: 189.18059586228003}}]
Write points: [{'measurement': 'Modules_Status', 'tags': {'metric': 'num'}, 'time': '2024-05-10T10:20:54z', 'fields': {1: 1.0, 2: 1.0, 3: 1.0, 4: 1.0, 5: 1.0}}]
Write points: [{'measurement': 'TriggerRate', 'tags': {'metric1': 'num', 'metric2': 'null'}, 'time': '2024-05-10T10:20:54z', 'fields': {'value1': 129, 'value2': 'null'}}]
Write points: [{'measurement': 'MUSIC_Power', 'tags': {'metric': 'num'}, 'time': '2024-05-10T10:20:54z', 'fields': {1: 1.0, 2: 1.0, 3: 1.0, 4: 1.0, 5: 1.0, 6: 1.0, 7: 1.0, 8: 1.0, 9: 1.0, 10: 1.0, 11: 1.0, 12: 1.0, 13: 1.0, 14: 1.0, 15: 1.0, 16: 1.0}}]
Write points: [{'measurement': 'HV_Status', 'tags': {'metric': 'num'}, 'time': '2024-05-10T10:20:54z', 'fields': {1: 1.0, 2: 1.0, 3: 1.0, 4: 1.0, 5: 1.0, 6: 1.0, 7: 1.0, 8: 1.0, 9: 1.0, 10: 1.0, 11: 1.0, 12: 1.0, 13: 1.0, 14: 1.0, 15: 1.0, 16: 1.0}}]
Write points: [{'measurement': 'ASADCurrent', 'tags': {'metric1': 'mA', 'metric2': 'null'}, 'time': '2024-05-10T10:20:54z', 'fields': {'value1': 1219.9237032048, 'value2': 'null'}}]
Write points: [{'measurement': 'TBCurrent', 'tags': {'metric1': 'mA', 'metric2': 'null'}, 'time': '2024-05-10T10:20:54z', 'fields': {'value1': 238.15793459700004, 'value2': 'null'}}]
Write points: [{'measurement': 'HV', 'tags': {'metric': 'V'}, 'time': '2024-05-10T10:20:54z', 'fields': {1: 44.01981661332, 2: 44.01412642863001, 3: 44.039813192340006, 4: 44.06689448709}}]
Write points: [{'measurement': 'HV_currents', 'tags': {'metric': 'mA'}, 'time': '2024-05-10T10:20:54z', 'fields': {1: 4.985941872252, 2: 4.444142611326001, 3: 5.091847623126, 4: 4.57252150443}}]
Write points: [{'measurement': 'SiPM_temps', 'tags': {'metric': 'C'}, 'time': '2024-05-10T10:20:54z', 'fields': {1: 10.129112969358866, 2: 11.18969314607345, 3: 11.480342566415034, 4: 10.880716805787754, 5: 11.129590924431445, 6: 12.311341655786032, 7: 12.756414061665222, 8: 12.242863858425617, 9: 11.32512085012218, 10: 12.828624005698682, 11: 13.204890191560361, 12: 12.725174440281947, 13: 10.754032881206832, 14: 11.693458453945807, 15: 12.284295431999622, 16: 11.961530671813383}}]
Write points: [{'measurement': 'UC_temps', 'tags': {'metric': 'C'}, 'time': '2024-05-10T10:20:54z', 'fields': {1: 10.669911730730247, 2: 11.962540484580268, 3: 13.878353098666485, 4: 13.291979774150157, 5: 11.664799655320962, 6: 14.085236913149933, 7: 15.460481567133744, 8: 15.56238288965039, 9: 12.316560967855294, 10: 15.2749850072318, 11: 15.888388960912392, 12: 16.042758745545967, 13: 11.852706284285334, 14: 13.429683890978662, 15: 14.693424936217038, 16: 14.87122680697866}}]
Write points: [{'measurement': 'SIABcurrent', 'tags': {'metric': 'mA'}, 'time': '2024-05-10T10:20:54z', 'fields': {1: 185.53091361882002, 2: 198.00615648198, 3: 188.28040064196003, 4: 187.97236844694, 5: 194.22913050156004, 6: 194.72895955194002, 7: 191.28525873270002, 8: 190.18171880664005, 9: 191.90962390314004, 10: 194.94072710838003, 11: 190.56753419682002, 12: 193.64900360784003, 13: 183.44197340304004, 14: 193.32703098456005, 15: 193.03276831938004, 16: 189.18674820540002}}]
Write points: [{'measurement': 'Modules_Status', 'tags': {'metric': 'num'}, 'time': '2024-05-10T10:21:54z', 'fields': {1: 1.0, 2: 1.0, 3: 1.0, 4: 1.0, 5: 1.0}}]
Write points: [{'measurement': 'TriggerRate', 'tags': {'metric1': 'num', 'metric2': 'null'}, 'time': '2024-05-10T10:21:54z', 'fields': {'value1': 129, 'value2': 'null'}}]
Write points: [{'measurement': 'MUSIC_Power', 'tags': {'metric': 'num'}, 'time': '2024-05-10T10:21:54z', 'fields': {1: 1.0, 2: 1.0, 3: 1.0, 4: 1.0, 5: 1.0, 6: 1.0, 7: 1.0, 8: 1.0, 9: 1.0, 10: 1.0, 11: 1.0, 12: 1.0, 13: 1.0, 14: 1.0, 15: 1.0, 16: 1.0}}]
Write points: [{'measurement': 'HV_Status', 'tags': {'metric': 'num'}, 'time': '2024-05-10T10:21:54z', 'fields': {1: 1.0, 2: 1.0, 3: 1.0, 4: 1.0, 5: 1.0, 6: 1.0, 7: 1.0, 8: 1.0, 9: 1.0, 10: 1.0, 11: 1.0, 12: 1.0, 13: 1.0, 14: 1.0, 15: 1.0, 16: 1.0}}]
Write points: [{'measurement': 'ASADCurrent', 'tags': {'metric1': 'mA', 'metric2': 'null'}, 'time': '2024-05-10T10:21:54z', 'fields': {'value1': 1220.0159883516, 'value2': 'null'}}]
Write points: [{'measurement': 'TBCurrent', 'tags': {'metric1': 'mA', 'metric2': 'null'}, 'time': '2024-05-10T10:21:54z', 'fields': {'value1': 238.21774904400004, 'value2': 'null'}}]
Write points: [{'measurement': 'HV', 'tags': {'metric': 'V'}, 'time': '2024-05-10T10:21:54z', 'fields': {1: 44.021684288820005, 2: 44.01493575468, 3: 44.037534628230006, 4: 44.06447896011001}}]
Write points: [{'measurement': 'HV_currents', 'tags': {'metric': 'mA'}, 'time': '2024-05-10T10:21:54z', 'fields': {1: 4.991837867742, 2: 4.444965365148001, 3: 5.0817524093160005, 4: 4.563827657664}}]
Write points: [{'measurement': 'SiPM_temps', 'tags': {'metric': 'C'}, 'time': '2024-05-10T10:21:54z', 'fields': {1: 10.129112969358866, 2: 11.18969314607345, 3: 11.480342566415034, 4: 10.880716805787754, 5: 11.129590924431445, 6: 12.311341655786032, 7: 12.756414061665222, 8: 12.242863858425617, 9: 11.32512085012218, 10: 12.828624005698682, 11: 13.204890191560361, 12: 12.725174440281947, 13: 10.754032881206832, 14: 11.693458453945807, 15: 12.284295431999622, 16: 11.961530671813383}}]
Write points: [{'measurement': 'UC_temps', 'tags': {'metric': 'C'}, 'time': '2024-05-10T10:21:54z', 'fields': {1: 10.669911730730247, 2: 11.962540484580268, 3: 13.878353098666485, 4: 13.291979774150157, 5: 11.664799655320962, 6: 14.085236913149933, 7: 15.460481567133744, 8: 14.718344333969167, 9: 12.316560967855294, 10: 15.2749850072318, 11: 15.888388960912392, 12: 16.042758745545967, 13: 11.852706284285334, 14: 13.429683890978662, 15: 14.693424936217038, 16: 14.87122680697866}}]
Write points: [{'measurement': 'SIABcurrent', 'tags': {'metric': 'mA'}, 'time': '2024-05-10T10:21:54z', 'fields': {1: 185.54631889068003, 2: 198.00808519272005, 3: 188.31321313860005, 4: 188.00464383426004, 5: 194.19116663826003, 6: 194.69741658642002, 7: 191.27131830444003, 8: 190.19175298530004, 9: 191.86040515818001, 10: 194.99692827450002, 11: 190.53506349702002, 12: 193.61797333758003, 13: 183.43191481032005, 14: 193.31289524382004, 15: 193.04438941194005, 16: 189.18000992484005}}]
Write points: [{'measurement': 'Modules_Status', 'tags': {'metric': 'num'}, 'time': '2024-05-10T10:22:54z', 'fields': {1: 1.0, 2: 1.0, 3: 1.0, 4: 1.0, 5: 1.0}}]
Write points: [{'measurement': 'TriggerRate', 'tags': {'metric1': 'num', 'metric2': 'null'}, 'time': '2024-05-10T10:22:54z', 'fields': {'value1': 133, 'value2': 'null'}}]
Write points: [{'measurement': 'MUSIC_Power', 'tags': {'metric': 'num'}, 'time': '2024-05-10T10:22:54z', 'fields': {1: 1.0, 2: 1.0, 3: 1.0, 4: 1.0, 5: 1.0, 6: 1.0, 7: 1.0, 8: 1.0, 9: 1.0, 10: 1.0, 11: 1.0, 12: 1.0, 13: 1.0, 14: 1.0, 15: 1.0, 16: 1.0}}]
Write points: [{'measurement': 'HV_Status', 'tags': {'metric': 'num'}, 'time': '2024-05-10T10:22:54z', 'fields': {1: 1.0, 2: 1.0, 3: 1.0, 4: 1.0, 5: 1.0, 6: 1.0, 7: 1.0, 8: 1.0, 9: 1.0, 10: 1.0, 11: 1.0, 12: 1.0, 13: 1.0, 14: 1.0, 15: 1.0, 16: 1.0}}]
Write points: [{'measurement': 'ASADCurrent', 'tags': {'metric1': 'mA', 'metric2': 'null'}, 'time': '2024-05-10T10:22:54z', 'fields': {'value1': 1219.8350801670003, 'value2': 'null'}}]
Write points: [{'measurement': 'TBCurrent', 'tags': {'metric1': 'mA', 'metric2': 'null'}, 'time': '2024-05-10T10:22:54z', 'fields': {'value1': 234.26193890220003, 'value2': 'null'}}]
Write points: [{'measurement': 'HV', 'tags': {'metric': 'V'}, 'time': '2024-05-10T10:22:54z', 'fields': {1: 44.021920861050006, 2: 44.01186031569001, 3: 44.039277792030006, 4: 44.068326371640005}}]
Write points: [{'measurement': 'HV_currents', 'tags': {'metric': 'mA'}, 'time': '2024-05-10T10:22:54z', 'fields': {1: 5.000924780874, 2: 4.4428706388000005, 3: 5.094560025192, 4: 4.572108906816}}]
Write points: [{'measurement': 'SiPM_temps', 'tags': {'metric': 'C'}, 'time': '2024-05-10T10:22:54z', 'fields': {1: 10.129112969358866, 2: 11.18969314607345, 3: 11.480342566415034, 4: 10.821220973470808, 5: 11.129590924431445, 6: 12.311341655786032, 7: 12.756414061665222, 8: 12.242863858425617, 9: 11.32512085012218, 10: 12.828624005698682, 11: 13.204890191560361, 12: 12.725174440281947, 13: 10.754032881206832, 14: 11.693458453945807, 15: 12.225246823184845, 16: 11.961530671813383}}]
Write points: [{'measurement': 'UC_temps', 'tags': {'metric': 'C'}, 'time': '2024-05-10T10:22:54z', 'fields': {1: 10.669911730730247, 2: 11.962540484580268, 3: 13.02023443801809, 4: 13.291979774150157, 5: 11.664799655320962, 6: 14.085236913149933, 7: 14.6102571078765, 8: 15.56238288965039, 9: 12.316560967855294, 10: 15.2749850072318, 11: 15.888388960912392, 12: 16.042758745545967, 13: 10.972184310859488, 14: 13.429683890978662, 15: 14.693424936217038, 16: 14.87122680697866}}]
Write points: [{'measurement': 'SIABcurrent', 'tags': {'metric': 'mA'}, 'time': '2024-05-10T10:22:54z', 'fields': {1: 185.56648490424, 2: 198.02629808148, 3: 188.32930200414003, 4: 187.99097196066006, 5: 194.24456018748, 6: 194.69099568864004, 7: 191.30771966790005, 8: 190.18013189274004, 9: 191.90876941104003, 10: 195.00459428934002, 11: 190.53889650444003, 12: 193.63115692998005, 13: 183.47537183712004, 14: 193.35105441960005, 15: 193.02607886694005, 16: 189.21099136698}}]
Write points: [{'measurement': 'Modules_Status', 'tags': {'metric': 'num'}, 'time': '2024-05-10T10:23:54z', 'fields': {1: 1.0, 2: 1.0, 3: 1.0, 4: 1.0, 5: 1.0}}]
Write points: [{'measurement': 'TriggerRate', 'tags': {'metric1': 'num', 'metric2': 'null'}, 'time': '2024-05-10T10:23:54z', 'fields': {'value1': 133, 'value2': 'null'}}]
Write points: [{'measurement': 'MUSIC_Power', 'tags': {'metric': 'num'}, 'time': '2024-05-10T10:23:54z', 'fields': {1: 1.0, 2: 1.0, 3: 1.0, 4: 1.0, 5: 1.0, 6: 1.0, 7: 1.0, 8: 1.0, 9: 1.0, 10: 1.0, 11: 1.0, 12: 1.0, 13: 1.0, 14: 1.0, 15: 1.0, 16: 1.0}}]
Write points: [{'measurement': 'HV_Status', 'tags': {'metric': 'num'}, 'time': '2024-05-10T10:23:54z', 'fields': {1: 1.0, 2: 1.0, 3: 1.0, 4: 1.0, 5: 1.0, 6: 1.0, 7: 1.0, 8: 1.0, 9: 1.0, 10: 1.0, 11: 1.0, 12: 1.0, 13: 1.0, 14: 1.0, 15: 1.0, 16: 1.0}}]
Write points: [{'measurement': 'ASADCurrent', 'tags': {'metric1': 'mA', 'metric2': 'null'}, 'time': '2024-05-10T10:23:54z', 'fields': {'value1': 1219.7244844752001, 'value2': 'null'}}]
Write points: [{'measurement': 'TBCurrent', 'tags': {'metric1': 'mA', 'metric2': 'null'}, 'time': '2024-05-10T10:23:54z', 'fields': {'value1': 234.24826702860003, 'value2': 'null'}}]
Write points: [{'measurement': 'HV', 'tags': {'metric': 'V'}, 'time': '2024-05-10T10:23:54z', 'fields': {1: 44.020389367140005, 2: 44.01461202426, 3: 44.03863033119001, 4: 44.066608110180006}}]
Write points: [{'measurement': 'HV_currents', 'tags': {'metric': 'mA'}, 'time': '2024-05-10T10:23:54z', 'fields': {1: 5.0186567126520005, 2: 4.442912142702, 3: 5.1060468404220005, 4: 4.575216816654001}}]
Write points: [{'measurement': 'SiPM_temps', 'tags': {'metric': 'C'}, 'time': '2024-05-10T10:23:54z', 'fields': {1: 10.129112969358866, 2: 11.18969314607345, 3: 11.480342566415034, 4: 10.821220973470808, 5: 11.129590924431445, 6: 12.311341655786032, 7: 12.756414061665222, 8: 12.242863858425617, 9: 11.32512085012218, 10: 12.828624005698682, 11: 13.145195470364555, 12: 12.725174440281947, 13: 10.754032881206832, 14: 11.693458453945807, 15: 12.225246823184845, 16: 11.961530671813383}}]
Write points: [{'measurement': 'UC_temps', 'tags': {'metric': 'C'}, 'time': '2024-05-10T10:23:54z', 'fields': {1: 10.669911730730247, 2: 11.962540484580268, 3: 13.878353098666485, 4: 14.116851300409941, 5: 11.664799655320962, 6: 14.085236913149933, 7: 15.460481567133744, 8: 14.718344333969167, 9: 12.316560967855294, 10: 15.2749850072318, 11: 15.888388960912392, 12: 16.042758745545967, 13: 11.852706284285334, 14: 13.429683890978662, 15: 14.693424936217038, 16: 14.87122680697866}}]
Write points: [{'measurement': 'SIABcurrent', 'tags': {'metric': 'mA'}, 'time': '2024-05-10T10:23:54z', 'fields': {1: 185.59749076044002, 2: 198.03896897862003, 3: 188.31873071616002, 4: 188.00347195938005, 5: 194.21843714328003, 6: 194.70049275798002, 7: 191.32698236124003, 8: 190.18391607204003, 9: 191.96797350654003, 10: 195.01711870212, 11: 190.57024415748, 12: 193.64092255398003, 13: 183.48804273426, 14: 193.34382785784004, 15: 193.01824195368005, 16: 189.2432667543}}]
Write points: [{'measurement': 'Modules_Status', 'tags': {'metric': 'num'}, 'time': '2024-05-10T10:24:54z', 'fields': {1: 1.0, 2: 1.0, 3: 1.0, 4: 1.0, 5: 1.0}}]
Write points: [{'measurement': 'TriggerRate', 'tags': {'metric1': 'num', 'metric2': 'null'}, 'time': '2024-05-10T10:24:54z', 'fields': {'value1': 126, 'value2': 'null'}}]
Write points: [{'measurement': 'MUSIC_Power', 'tags': {'metric': 'num'}, 'time': '2024-05-10T10:24:54z', 'fields': {1: 1.0, 2: 1.0, 3: 1.0, 4: 1.0, 5: 1.0, 6: 1.0, 7: 1.0, 8: 1.0, 9: 1.0, 10: 1.0, 11: 1.0, 12: 1.0, 13: 1.0, 14: 1.0, 15: 1.0, 16: 1.0}}]
Write points: [{'measurement': 'HV_Status', 'tags': {'metric': 'num'}, 'time': '2024-05-10T10:24:54z', 'fields': {1: 1.0, 2: 1.0, 3: 1.0, 4: 1.0, 5: 1.0, 6: 1.0, 7: 1.0, 8: 1.0, 9: 1.0, 10: 1.0, 11: 1.0, 12: 1.0, 13: 1.0, 14: 1.0, 15: 1.0, 16: 1.0}}]
Write points: [{'measurement': 'ASADCurrent', 'tags': {'metric1': 'mA', 'metric2': 'null'}, 'time': '2024-05-10T10:24:54z', 'fields': {'value1': 1220.0482149108, 'value2': 'null'}}]
Write points: [{'measurement': 'TBCurrent', 'tags': {'metric1': 'mA', 'metric2': 'null'}, 'time': '2024-05-10T10:24:54z', 'fields': {'value1': 236.8605714486, 'value2': 'null'}}]
Write points: [{'measurement': 'HV', 'tags': {'metric': 'V'}, 'time': '2024-05-10T10:24:54z', 'fields': {1: 44.02154732595, 2: 44.008797327870006, 3: 44.03844356364001, 4: 44.06461592298}}]
Write points: [{'measurement': 'HV_currents', 'tags': {'metric': 'mA'}, 'time': '2024-05-10T10:24:54z', 'fields': {1: 5.0373603240180005, 2: 4.440778353858001, 3: 5.1036689109780005, 4: 4.575180195564}}]
Write points: [{'measurement': 'SiPM_temps', 'tags': {'metric': 'C'}, 'time': '2024-05-10T10:24:54z', 'fields': {1: 10.129112969358866, 2: 11.18969314607345, 3: 11.480342566415034, 4: 10.821220973470808, 5: 11.129590924431445, 6: 12.311341655786032, 7: 12.756414061665222, 8: 12.183358821324227, 9: 11.32512085012218, 10: 12.828624005698682, 11: 13.145195470364555, 12: 12.725174440281947, 13: 10.754032881206832, 14: 11.693458453945807, 15: 12.284295431999622, 16: 11.961530671813383}}]
Write points: [{'measurement': 'UC_temps', 'tags': {'metric': 'C'}, 'time': '2024-05-10T10:24:54z', 'fields': {1: 10.669911730730247, 2: 11.962540484580268, 3: 13.878353098666485, 4: 13.291979774150157, 5: 11.664799655320962, 6: 14.085236913149933, 7: 14.6102571078765, 8: 15.56238288965039, 9: 13.153227020966854, 10: 14.393057466398554, 11: 15.888388960912392, 12: 16.042758745545967, 13: 11.852706284285334, 14: 13.429683890978662, 15: 14.693424936217038, 16: 14.87122680697866}}]
Write points: [{'measurement': 'SIABcurrent', 'tags': {'metric': 'mA'}, 'time': '2024-05-10T10:24:54z', 'fields': {1: 185.58296439474003, 2: 198.01514085606004, 3: 188.28071802474005, 4: 187.96106473716003, 5: 194.2093306989, 6: 194.67954549450005, 7: 191.27380853856002, 8: 190.15686529356003, 9: 191.93433093186005, 10: 194.98098589332005, 11: 190.52517580272, 12: 193.61323700994, 13: 183.46006422150003, 14: 193.29827122188004, 15: 193.04429175570002, 16: 189.18027847950003}}]
Write points: [{'measurement': 'Modules_Status', 'tags': {'metric': 'num'}, 'time': '2024-05-10T10:25:54z', 'fields': {1: 1.0, 2: 1.0, 3: 1.0, 4: 1.0, 5: 1.0}}]
Write points: [{'measurement': 'TriggerRate', 'tags': {'metric1': 'num', 'metric2': 'null'}, 'time': '2024-05-10T10:25:54z', 'fields': {'value1': 126, 'value2': 'null'}}]
Write points: [{'measurement': 'MUSIC_Power', 'tags': {'metric': 'num'}, 'time': '2024-05-10T10:25:54z', 'fields': {1: 1.0, 2: 1.0, 3: 1.0, 4: 1.0, 5: 1.0, 6: 1.0, 7: 1.0, 8: 1.0, 9: 1.0, 10: 1.0, 11: 1.0, 12: 1.0, 13: 1.0, 14: 1.0, 15: 1.0, 16: 1.0}}]
Write points: [{'measurement': 'HV_Status', 'tags': {'metric': 'num'}, 'time': '2024-05-10T10:25:54z', 'fields': {1: 1.0, 2: 1.0, 3: 1.0, 4: 1.0, 5: 1.0, 6: 1.0, 7: 1.0, 8: 1.0, 9: 1.0, 10: 1.0, 11: 1.0, 12: 1.0, 13: 1.0, 14: 1.0, 15: 1.0, 16: 1.0}}]
Write points: [{'measurement': 'ASADCurrent', 'tags': {'metric1': 'mA', 'metric2': 'null'}, 'time': '2024-05-10T10:25:54z', 'fields': {'value1': 1219.6759004958, 'value2': 'null'}}]
Write points: [{'measurement': 'TBCurrent', 'tags': {'metric1': 'mA', 'metric2': 'null'}, 'time': '2024-05-10T10:25:54z', 'fields': {'value1': 236.89792496040005, 'value2': 'null'}}]
Write points: [{'measurement': 'HV', 'tags': {'metric': 'V'}, 'time': '2024-05-10T10:25:54z', 'fields': {1: 44.0202399531, 2: 44.01393966108001, 3: 44.03922798735, 4: 44.065313188500006}}]
Write points: [{'measurement': 'HV_currents', 'tags': {'metric': 'mA'}, 'time': '2024-05-10T10:25:54z', 'fields': {1: 5.027838840618, 2: 4.446881868858, 3: 5.110663539168, 4: 4.57932082014}}]
Write points: [{'measurement': 'SiPM_temps', 'tags': {'metric': 'C'}, 'time': '2024-05-10T10:25:54z', 'fields': {1: 10.129112969358866, 2: 11.18969314607345, 3: 11.480342566415034, 4: 10.821220973470808, 5: 11.129590924431445, 6: 12.311341655786032, 7: 12.756414061665222, 8: 12.183358821324227, 9: 11.32512085012218, 10: 12.828624005698682, 11: 13.145195470364555, 12: 12.725174440281947, 13: 10.754032881206832, 14: 11.693458453945807, 15: 12.225246823184845, 16: 11.961530671813383}}]
Write points: [{'measurement': 'UC_temps', 'tags': {'metric': 'C'}, 'time': '2024-05-10T10:25:54z', 'fields': {1: 10.669911730730247, 2: 11.962540484580268, 3: 13.02023443801809, 4: 13.291979774150157, 5: 11.664799655320962, 6: 14.085236913149933, 7: 14.6102571078765, 8: 15.56238288965039, 9: 12.316560967855294, 10: 15.2749850072318, 11: 15.888388960912392, 12: 16.042758745545967, 13: 11.852706284285334, 14: 13.429683890978662, 15: 14.693424936217038, 16: 14.87122680697866}}]
Write points: [{'measurement': 'SIABcurrent', 'tags': {'metric': 'mA'}, 'time': '2024-05-10T10:25:54z', 'fields': {1: 185.64353567760003, 2: 198.00298265418002, 3: 188.28125513406002, 4: 187.98164578974, 5: 194.20915980048002, 6: 194.68330525974002, 7: 191.30032220772003, 8: 190.14722173986004, 9: 191.91758288670002, 10: 194.96326128576004, 11: 190.54763673792002, 12: 193.61711884548004, 13: 183.52556714448002, 14: 193.30789036152004, 15: 193.02668921844003, 16: 189.17085465234}}]
Write points: [{'measurement': 'Modules_Status', 'tags': {'metric': 'num'}, 'time': '2024-05-10T10:26:54z', 'fields': {1: 1.0, 2: 1.0, 3: 1.0, 4: 1.0, 5: 1.0}}]
Write points: [{'measurement': 'TriggerRate', 'tags': {'metric1': 'num', 'metric2': 'null'}, 'time': '2024-05-10T10:26:54z', 'fields': {'value1': 127, 'value2': 'null'}}]
Write points: [{'measurement': 'MUSIC_Power', 'tags': {'metric': 'num'}, 'time': '2024-05-10T10:26:54z', 'fields': {1: 1.0, 2: 1.0, 3: 1.0, 4: 1.0, 5: 1.0, 6: 1.0, 7: 1.0, 8: 1.0, 9: 1.0, 10: 1.0, 11: 1.0, 12: 1.0, 13: 1.0, 14: 1.0, 15: 1.0, 16: 1.0}}]
Write points: [{'measurement': 'HV_Status', 'tags': {'metric': 'num'}, 'time': '2024-05-10T10:26:54z', 'fields': {1: 1.0, 2: 1.0, 3: 1.0, 4: 1.0, 5: 1.0, 6: 1.0, 7: 1.0, 8: 1.0, 9: 1.0, 10: 1.0, 11: 1.0, 12: 1.0, 13: 1.0, 14: 1.0, 15: 1.0, 16: 1.0}}]
Write points: [{'measurement': 'ASADCurrent', 'tags': {'metric1': 'mA', 'metric2': 'null'}, 'time': '2024-05-10T10:26:54z', 'fields': {'value1': 1219.6529512794002, 'value2': 'null'}}]
Write points: [{'measurement': 'TBCurrent', 'tags': {'metric1': 'mA', 'metric2': 'null'}, 'time': '2024-05-10T10:26:54z', 'fields': {'value1': 236.80539567300002, 'value2': 'null'}}]
Write points: [{'measurement': 'HV', 'tags': {'metric': 'V'}, 'time': '2024-05-10T10:26:54z', 'fields': {1: 44.019941125020004, 2: 44.016131067, 3: 44.040883992960005, 4: 44.06523848148001}}]
Write points: [{'measurement': 'HV_currents', 'tags': {'metric': 'mA'}, 'time': '2024-05-10T10:26:54z', 'fields': {1: 5.032287082350001, 2: 4.443869173854, 3: 5.1167841440099995, 4: 4.578515156160001}}]
Write points: [{'measurement': 'SiPM_temps', 'tags': {'metric': 'C'}, 'time': '2024-05-10T10:26:54z', 'fields': {1: 10.129112969358866, 2: 11.18969314607345, 3: 11.480342566415034, 4: 10.821220973470808, 5: 11.188800009473455, 6: 12.311341655786032, 7: 12.756414061665222, 8: 12.183358821324227, 9: 11.384288596600221, 10: 12.828624005698682, 11: 13.145195470364555, 12: 12.725174440281947, 13: 10.754032881206832, 14: 11.693458453945807, 15: 12.225246823184845, 16: 11.961530671813383}}]
Write points: [{'measurement': 'UC_temps', 'tags': {'metric': 'C'}, 'time': '2024-05-10T10:26:54z', 'fields': {1: 10.669911730730247, 2: 11.962540484580268, 3: 13.02023443801809, 4: 13.291979774150157, 5: 11.664799655320962, 6: 14.085236913149933, 7: 15.460481567133744, 8: 15.56238288965039, 9: 12.316560967855294, 10: 15.2749850072318, 11: 15.888388960912392, 12: 16.042758745545967, 13: 10.972184310859488, 14: 13.429683890978662, 15: 14.693424936217038, 16: 14.87122680697866}}]
Write points: [{'measurement': 'SIABcurrent', 'tags': {'metric': 'mA'}, 'time': '2024-05-10T10:26:54z', 'fields': {1: 185.59539115128004, 2: 197.99790452970004, 3: 188.26445826078003, 4: 187.99512235086004, 5: 194.22932581404, 6: 194.68530721266004, 7: 191.27854486620004, 8: 190.16899908138004, 9: 191.90691394248003, 10: 194.95742632542004, 11: 190.5574756041, 12: 193.62134247786003, 13: 183.54233960370001, 14: 193.31313938442005, 15: 193.03372046772006, 16: 189.17339371458004}}]
Write points: [{'measurement': 'Modules_Status', 'tags': {'metric': 'num'}, 'time': '2024-05-10T10:27:54z', 'fields': {1: 1.0, 2: 1.0, 3: 1.0, 4: 1.0, 5: 1.0}}]
Write points: [{'measurement': 'TriggerRate', 'tags': {'metric1': 'num', 'metric2': 'null'}, 'time': '2024-05-10T10:27:54z', 'fields': {'value1': 127, 'value2': 'null'}}]
Write points: [{'measurement': 'MUSIC_Power', 'tags': {'metric': 'num'}, 'time': '2024-05-10T10:27:54z', 'fields': {1: 1.0, 2: 1.0, 3: 1.0, 4: 1.0, 5: 1.0, 6: 1.0, 7: 1.0, 8: 1.0, 9: 1.0, 10: 1.0, 11: 1.0, 12: 1.0, 13: 1.0, 14: 1.0, 15: 1.0, 16: 1.0}}]
Write points: [{'measurement': 'HV_Status', 'tags': {'metric': 'num'}, 'time': '2024-05-10T10:27:54z', 'fields': {1: 1.0, 2: 1.0, 3: 1.0, 4: 1.0, 5: 1.0, 6: 1.0, 7: 1.0, 8: 1.0, 9: 1.0, 10: 1.0, 11: 1.0, 12: 1.0, 13: 1.0, 14: 1.0, 15: 1.0, 16: 1.0}}]
Write points: [{'measurement': 'ASADCurrent', 'tags': {'metric1': 'mA', 'metric2': 'null'}, 'time': '2024-05-10T10:27:54z', 'fields': {'value1': 1219.6834688544002, 'value2': 'null'}}]
Write points: [{'measurement': 'TBCurrent', 'tags': {'metric1': 'mA', 'metric2': 'null'}, 'time': '2024-05-10T10:27:54z', 'fields': {'value1': 236.78024919120006, 'value2': 'null'}}]
Write points: [{'measurement': 'HV', 'tags': {'metric': 'V'}, 'time': '2024-05-10T10:27:54z', 'fields': {1: 44.020264855440004, 2: 44.01413887980001, 3: 44.039701131810006, 4: 44.06350776885001}}]
Write points: [{'measurement': 'HV_currents', 'tags': {'metric': 'mA'}, 'time': '2024-05-10T10:27:54z', 'fields': {1: 5.056906220454, 2: 4.449330599076, 3: 5.219789504556, 4: 4.57414503942}}]
Write points: [{'measurement': 'SiPM_temps', 'tags': {'metric': 'C'}, 'time': '2024-05-10T10:27:54z', 'fields': {1: 10.129112969358866, 2: 11.18969314607345, 3: 11.480342566415034, 4: 10.821220973470808, 5: 11.188800009473455, 6: 12.311341655786032, 7: 12.756414061665222, 8: 12.183358821324227, 9: 11.384288596600221, 10: 12.828624005698682, 11: 13.145195470364555, 12: 12.725174440281947, 13: 10.754032881206832, 14: 11.693458453945807, 15: 12.284295431999622, 16: 11.961530671813383}}]
Write points: [{'measurement': 'UC_temps', 'tags': {'metric': 'C'}, 'time': '2024-05-10T10:27:54z', 'fields': {1: 10.669911730730247, 2: 11.962540484580268, 3: 13.878353098666485, 4: 13.291979774150157, 5: 11.664799655320962, 6: 14.085236913149933, 7: 14.6102571078765, 8: 14.718344333969167, 9: 13.153227020966854, 10: 15.2749850072318, 11: 15.888388960912392, 12: 16.042758745545967, 13: 11.852706284285334, 14: 13.429683890978662, 15: 14.693424936217038, 16: 14.87122680697866}}]
Write points: [{'measurement': 'SIABcurrent', 'tags': {'metric': 'mA'}, 'time': '2024-05-10T10:27:54z', 'fields': {1: 185.60847708744, 2: 198.02073167580002, 3: 188.28506372742004, 4: 188.01077176332, 5: 194.25830530326002, 6: 194.71992634974004, 7: 191.31763177626004, 8: 190.17097662024005, 9: 191.91680163678004, 10: 194.96951128512003, 11: 190.56860841546003, 12: 193.63040009412003, 13: 183.54031323672, 14: 193.32498020352003, 15: 193.04651343516005, 16: 189.1813771122}}]
Write points: [{'measurement': 'Modules_Status', 'tags': {'metric': 'num'}, 'time': '2024-05-10T10:28:54z', 'fields': {1: 1.0, 2: 1.0, 3: 1.0, 4: 1.0, 5: 1.0}}]
Write points: [{'measurement': 'TriggerRate', 'tags': {'metric1': 'num', 'metric2': 'null'}, 'time': '2024-05-10T10:28:54z', 'fields': {'value1': 358, 'value2': 'null'}}]
Write points: [{'measurement': 'MUSIC_Power', 'tags': {'metric': 'num'}, 'time': '2024-05-10T10:28:54z', 'fields': {1: 1.0, 2: 1.0, 3: 1.0, 4: 1.0, 5: 1.0, 6: 1.0, 7: 1.0, 8: 1.0, 9: 1.0, 10: 1.0, 11: 1.0, 12: 1.0, 13: 1.0, 14: 1.0, 15: 1.0, 16: 1.0}}]
Write points: [{'measurement': 'HV_Status', 'tags': {'metric': 'num'}, 'time': '2024-05-10T10:28:54z', 'fields': {1: 1.0, 2: 1.0, 3: 1.0, 4: 1.0, 5: 1.0, 6: 1.0, 7: 1.0, 8: 1.0, 9: 1.0, 10: 1.0, 11: 1.0, 12: 1.0, 13: 1.0, 14: 1.0, 15: 1.0, 16: 1.0}}]
Write points: [{'measurement': 'ASADCurrent', 'tags': {'metric1': 'mA', 'metric2': 'null'}, 'time': '2024-05-10T10:28:54z', 'fields': {'value1': 1219.9009981290003, 'value2': 'null'}}]
Write points: [{'measurement': 'TBCurrent', 'tags': {'metric1': 'mA', 'metric2': 'null'}, 'time': '2024-05-10T10:28:54z', 'fields': {'value1': 236.87277847860005, 'value2': 'null'}}]
Write points: [{'measurement': 'HV', 'tags': {'metric': 'V'}, 'time': '2024-05-10T10:28:54z', 'fields': {1: 44.020725548730006, 2: 44.013441614280005, 3: 44.0370490326, 4: 44.064304643730004}}]
Write points: [{'measurement': 'HV_currents', 'tags': {'metric': 'mA'}, 'time': '2024-05-10T10:28:54z', 'fields': {1: 5.031310519950001, 2: 4.447929232032, 3: 5.142538535904, 4: 4.591400897028}}]
Write points: [{'measurement': 'SiPM_temps', 'tags': {'metric': 'C'}, 'time': '2024-05-10T10:28:54z', 'fields': {1: 10.129112969358866, 2: 11.18969314607345, 3: 11.480342566415034, 4: 10.821220973470808, 5: 11.188800009473455, 6: 12.311341655786032, 7: 12.756414061665222, 8: 12.183358821324227, 9: 11.384288596600221, 10: 12.828624005698682, 11: 13.145195470364555, 12: 12.725174440281947, 13: 10.754032881206832, 14: 11.693458453945807, 15: 12.284295431999622, 16: 11.961530671813383}}]
Write points: [{'measurement': 'UC_temps', 'tags': {'metric': 'C'}, 'time': '2024-05-10T10:28:54z', 'fields': {1: 10.669911730730247, 2: 11.962540484580268, 3: 13.02023443801809, 4: 13.291979774150157, 5: 11.664799655320962, 6: 14.085236913149933, 7: 15.460481567133744, 8: 14.718344333969167, 9: 13.153227020966854, 10: 15.2749850072318, 11: 15.888388960912392, 12: 16.042758745545967, 13: 11.852706284285334, 14: 14.254603048901185, 15: 14.693424936217038, 16: 14.87122680697866}}]
Write points: [{'measurement': 'SIABcurrent', 'tags': {'metric': 'mA'}, 'time': '2024-05-10T10:28:54z', 'fields': {1: 185.59678275270002, 2: 197.98904222592, 3: 188.27827661874002, 4: 187.99993192068004, 5: 194.27881311366005, 6: 194.7284956848, 7: 191.33015618904003, 8: 190.1800342365, 9: 191.93701647846004, 10: 194.98301226030006, 11: 190.55271486240005, 12: 193.62261200898004, 13: 183.56870678850004, 14: 193.34644016226002, 15: 193.01392066506003, 16: 189.18364761978003}}]
Write points: [{'measurement': 'Modules_Status', 'tags': {'metric': 'num'}, 'time': '2024-05-10T10:29:54z', 'fields': {1: 1.0, 2: 1.0, 3: 1.0, 4: 1.0, 5: 1.0}}]
Write points: [{'measurement': 'TriggerRate', 'tags': {'metric1': 'num', 'metric2': 'null'}, 'time': '2024-05-10T10:29:54z', 'fields': {'value1': 358, 'value2': 'null'}}]
Write points: [{'measurement': 'MUSIC_Power', 'tags': {'metric': 'num'}, 'time': '2024-05-10T10:29:54z', 'fields': {1: 1.0, 2: 1.0, 3: 1.0, 4: 1.0, 5: 1.0, 6: 1.0, 7: 1.0, 8: 1.0, 9: 1.0, 10: 1.0, 11: 1.0, 12: 1.0, 13: 1.0, 14: 1.0, 15: 1.0, 16: 1.0}}]
Write points: [{'measurement': 'HV_Status', 'tags': {'metric': 'num'}, 'time': '2024-05-10T10:29:54z', 'fields': {1: 1.0, 2: 1.0, 3: 1.0, 4: 1.0, 5: 1.0, 6: 1.0, 7: 1.0, 8: 1.0, 9: 1.0, 10: 1.0, 11: 1.0, 12: 1.0, 13: 1.0, 14: 1.0, 15: 1.0, 16: 1.0}}]
Write points: [{'measurement': 'ASADCurrent', 'tags': {'metric1': 'mA', 'metric2': 'null'}, 'time': '2024-05-10T10:29:54z', 'fields': {'value1': 1219.9031953944002, 'value2': 'null'}}]
Write points: [{'measurement': 'TBCurrent', 'tags': {'metric1': 'mA', 'metric2': 'null'}, 'time': '2024-05-10T10:29:54z', 'fields': {'value1': 236.87351090040002, 'value2': 'null'}}]
Write points: [{'measurement': 'HV', 'tags': {'metric': 'V'}, 'time': '2024-05-10T10:29:54z', 'fields': {1: 44.020277306610005, 2: 44.011922571540005, 3: 44.040248983290006, 4: 44.06749214325001}}]
Write points: [{'measurement': 'HV_currents', 'tags': {'metric': 'mA'}, 'time': '2024-05-10T10:29:54z', 'fields': {1: 5.034027804828, 2: 4.4578779614820006, 3: 5.135807579562, 4: 4.583336933010001}}]
Write points: [{'measurement': 'SiPM_temps', 'tags': {'metric': 'C'}, 'time': '2024-05-10T10:29:54z', 'fields': {1: 10.129112969358866, 2: 11.18969314607345, 3: 11.480342566415034, 4: 10.821220973470808, 5: 11.188800009473455, 6: 12.311341655786032, 7: 12.756414061665222, 8: 12.183358821324227, 9: 11.384288596600221, 10: 12.828624005698682, 11: 13.204890191560361, 12: 12.725174440281947, 13: 10.754032881206832, 14: 11.693458453945807, 15: 12.284295431999622, 16: 11.961530671813383}}]
Write points: [{'measurement': 'UC_temps', 'tags': {'metric': 'C'}, 'time': '2024-05-10T10:29:54z', 'fields': {1: 10.669911730730247, 2: 11.962540484580268, 3: 13.02023443801809, 4: 13.291979774150157, 5: 11.664799655320962, 6: 14.085236913149933, 7: 15.460481567133744, 8: 15.56238288965039, 9: 12.316560967855294, 10: 15.2749850072318, 11: 15.888388960912392, 12: 16.042758745545967, 13: 11.852706284285334, 14: 13.429683890978662, 15: 14.693424936217038, 16: 14.87122680697866}}]
Write points: [{'measurement': 'SIABcurrent', 'tags': {'metric': 'mA'}, 'time': '2024-05-10T10:29:54z', 'fields': {1: 185.63796927192004, 2: 198.03467210406004, 3: 188.33770044078003, 4: 188.00498563110003, 5: 194.26328577150005, 6: 194.68972615752003, 7: 191.32117181496002, 8: 190.17839849448004, 9: 191.95261706280002, 10: 194.98125444798, 11: 190.54609865214002, 12: 193.63267060170003, 13: 183.52905835506002, 14: 193.31973118062, 15: 193.02419898432004, 16: 189.20791519542001}}]
Write points: [{'measurement': 'Modules_Status', 'tags': {'metric': 'num'}, 'time': '2024-05-10T10:30:54z', 'fields': {1: 1.0, 2: 1.0, 3: 1.0, 4: 1.0, 5: 1.0}}]
Write points: [{'measurement': 'TriggerRate', 'tags': {'metric1': 'num', 'metric2': 'null'}, 'time': '2024-05-10T10:30:54z', 'fields': {'value1': 135, 'value2': 'null'}}]
Write points: [{'measurement': 'MUSIC_Power', 'tags': {'metric': 'num'}, 'time': '2024-05-10T10:30:54z', 'fields': {1: 1.0, 2: 1.0, 3: 1.0, 4: 1.0, 5: 1.0, 6: 1.0, 7: 1.0, 8: 1.0, 9: 1.0, 10: 1.0, 11: 1.0, 12: 1.0, 13: 1.0, 14: 1.0, 15: 1.0, 16: 1.0}}]
Write points: [{'measurement': 'HV_Status', 'tags': {'metric': 'num'}, 'time': '2024-05-10T10:30:54z', 'fields': {1: 1.0, 2: 1.0, 3: 1.0, 4: 1.0, 5: 1.0, 6: 1.0, 7: 1.0, 8: 1.0, 9: 1.0, 10: 1.0, 11: 1.0, 12: 1.0, 13: 1.0, 14: 1.0, 15: 1.0, 16: 1.0}}]
Write points: [{'measurement': 'ASADCurrent', 'tags': {'metric1': 'mA', 'metric2': 'null'}, 'time': '2024-05-10T10:30:54z', 'fields': {'value1': 1219.9891328856002, 'value2': 'null'}}]
Write points: [{'measurement': 'TBCurrent', 'tags': {'metric1': 'mA', 'metric2': 'null'}, 'time': '2024-05-10T10:30:54z', 'fields': {'value1': 239.45895985440004, 'value2': 'null'}}]
Write points: [{'measurement': 'HV', 'tags': {'metric': 'V'}, 'time': '2024-05-10T10:30:54z', 'fields': {1: 44.02045162299, 2: 44.01427584267, 3: 44.04014937393001, 4: 44.06709370581}}]
Write points: [{'measurement': 'HV_currents', 'tags': {'metric': 'mA'}, 'time': '2024-05-10T10:30:54z', 'fields': {1: 5.039347628502, 2: 4.4552119461299995, 3: 5.138068321518, 4: 4.580070331782}}]
Write points: [{'measurement': 'SiPM_temps', 'tags': {'metric': 'C'}, 'time': '2024-05-10T10:30:54z', 'fields': {1: 10.129112969358866, 2: 11.18969314607345, 3: 11.480342566415034, 4: 10.821220973470808, 5: 11.188800009473455, 6: 12.311341655786032, 7: 12.756414061665222, 8: 12.183358821324227, 9: 11.384288596600221, 10: 12.828624005698682, 11: 13.204890191560361, 12: 12.725174440281947, 13: 10.754032881206832, 14: 11.693458453945807, 15: 12.284295431999622, 16: 11.961530671813383}}]
Write points: [{'measurement': 'UC_temps', 'tags': {'metric': 'C'}, 'time': '2024-05-10T10:30:54z', 'fields': {1: 10.669911730730247, 2: 11.962540484580268, 3: 13.02023443801809, 4: 13.291979774150157, 5: 11.664799655320962, 6: 14.085236913149933, 7: 15.460481567133744, 8: 15.56238288965039, 9: 12.316560967855294, 10: 15.2749850072318, 11: 15.888388960912392, 12: 16.042758745545967, 13: 11.852706284285334, 14: 13.429683890978662, 15: 14.693424936217038, 16: 14.87122680697866}}]
Write points: [{'measurement': 'SIABcurrent', 'tags': {'metric': 'mA'}, 'time': '2024-05-10T10:30:54z', 'fields': {1: 185.64263235738002, 2: 198.04543870452002, 3: 188.31436059942, 4: 188.01790066884, 5: 194.31304162578004, 6: 194.69167928232005, 7: 191.34861321840006, 8: 190.19700200820003, 9: 191.94011706408003, 10: 195.00417925032002, 11: 190.58176759380004, 12: 193.64846649852, 13: 183.56699780430003, 14: 193.34028781914006, 15: 193.03430640516004, 16: 189.20256851628002}}]
Write points: [{'measurement': 'Modules_Status', 'tags': {'metric': 'num'}, 'time': '2024-05-10T10:31:54z', 'fields': {1: 1.0, 2: 1.0, 3: 1.0, 4: 1.0, 5: 1.0}}]
Write points: [{'measurement': 'TriggerRate', 'tags': {'metric1': 'num', 'metric2': 'null'}, 'time': '2024-05-10T10:31:54z', 'fields': {'value1': 135, 'value2': 'null'}}]
Write points: [{'measurement': 'MUSIC_Power', 'tags': {'metric': 'num'}, 'time': '2024-05-10T10:31:54z', 'fields': {1: 1.0, 2: 1.0, 3: 1.0, 4: 1.0, 5: 1.0, 6: 1.0, 7: 1.0, 8: 1.0, 9: 1.0, 10: 1.0, 11: 1.0, 12: 1.0, 13: 1.0, 14: 1.0, 15: 1.0, 16: 1.0}}]
Write points: [{'measurement': 'HV_Status', 'tags': {'metric': 'num'}, 'time': '2024-05-10T10:31:54z', 'fields': {1: 1.0, 2: 1.0, 3: 1.0, 4: 1.0, 5: 1.0, 6: 1.0, 7: 1.0, 8: 1.0, 9: 1.0, 10: 1.0, 11: 1.0, 12: 1.0, 13: 1.0, 14: 1.0, 15: 1.0, 16: 1.0}}]
Write points: [{'measurement': 'ASADCurrent', 'tags': {'metric1': 'mA', 'metric2': 'null'}, 'time': '2024-05-10T10:31:54z', 'fields': {'value1': 1219.7823457974002, 'value2': 'null'}}]
Write points: [{'measurement': 'TBCurrent', 'tags': {'metric1': 'mA', 'metric2': 'null'}, 'time': '2024-05-10T10:31:54z', 'fields': {'value1': 239.56369617180002, 'value2': 'null'}}]
Write points: [{'measurement': 'HV', 'tags': {'metric': 'V'}, 'time': '2024-05-10T10:31:54z', 'fields': {1: 44.02025240427, 2: 44.015483606160004, 3: 44.03889180576, 4: 44.06318403843001}}]
Write points: [{'measurement': 'HV_currents', 'tags': {'metric': 'mA'}, 'time': '2024-05-10T10:31:54z', 'fields': {1: 5.025548801789999, 2: 4.464677277192, 3: 5.144865195822001, 4: 4.584340350876}}]
Write points: [{'measurement': 'SiPM_temps', 'tags': {'metric': 'C'}, 'time': '2024-05-10T10:31:54z', 'fields': {1: 10.129112969358866, 2: 11.18969314607345, 3: 11.480342566415034, 4: 10.821220973470808, 5: 11.188800009473455, 6: 12.311341655786032, 7: 12.756414061665222, 8: 12.183358821324227, 9: 11.384288596600221, 10: 12.828624005698682, 11: 13.145195470364555, 12: 12.725174440281947, 13: 10.754032881206832, 14: 11.693458453945807, 15: 12.225246823184845, 16: 11.961530671813383}}]
Write points: [{'measurement': 'UC_temps', 'tags': {'metric': 'C'}, 'time': '2024-05-10T10:31:54z', 'fields': {1: 10.669911730730247, 2: 11.962540484580268, 3: 13.02023443801809, 4: 13.291979774150157, 5: 11.664799655320962, 6: 14.085236913149933, 7: 15.460481567133744, 8: 14.718344333969167, 9: 13.153227020966854, 10: 15.2749850072318, 11: 15.888388960912392, 12: 16.042758745545967, 13: 11.852706284285334, 14: 13.429683890978662, 15: 14.693424936217038, 16: 14.87122680697866}}]
Write points: [{'measurement': 'SIABcurrent', 'tags': {'metric': 'mA'}, 'time': '2024-05-10T10:31:54z', 'fields': {1: 185.62385794524005, 2: 198.03550218210003, 3: 188.30103052266003, 4: 188.00879422446002, 5: 194.27712854352004, 6: 194.68420857996003, 7: 191.35981927194004, 8: 190.19409673506004, 9: 191.90164050552005, 10: 194.96321245764003, 11: 190.57612794594002, 12: 193.63804169490004, 13: 183.59439037962002, 14: 193.35442355988005, 15: 193.03572242064004, 16: 189.20859878910002}}]
Write points: [{'measurement': 'Modules_Status', 'tags': {'metric': 'num'}, 'time': '2024-05-10T10:32:54z', 'fields': {1: 1.0, 2: 1.0, 3: 1.0, 4: 1.0, 5: 1.0}}]
Write points: [{'measurement': 'TriggerRate', 'tags': {'metric1': 'num', 'metric2': 'null'}, 'time': '2024-05-10T10:32:54z', 'fields': {'value1': 135, 'value2': 'null'}}]
Write points: [{'measurement': 'MUSIC_Power', 'tags': {'metric': 'num'}, 'time': '2024-05-10T10:32:54z', 'fields': {1: 1.0, 2: 1.0, 3: 1.0, 4: 1.0, 5: 1.0, 6: 1.0, 7: 1.0, 8: 1.0, 9: 1.0, 10: 1.0, 11: 1.0, 12: 1.0, 13: 1.0, 14: 1.0, 15: 1.0, 16: 1.0}}]
Write points: [{'measurement': 'HV_Status', 'tags': {'metric': 'num'}, 'time': '2024-05-10T10:32:54z', 'fields': {1: 1.0, 2: 1.0, 3: 1.0, 4: 1.0, 5: 1.0, 6: 1.0, 7: 1.0, 8: 1.0, 9: 1.0, 10: 1.0, 11: 1.0, 12: 1.0, 13: 1.0, 14: 1.0, 15: 1.0, 16: 1.0}}]
Write points: [{'measurement': 'ASADCurrent', 'tags': {'metric1': 'mA', 'metric2': 'null'}, 'time': '2024-05-10T10:32:54z', 'fields': {'value1': 1219.6815157296, 'value2': 'null'}}]
Write points: [{'measurement': 'TBCurrent', 'tags': {'metric1': 'mA', 'metric2': 'null'}, 'time': '2024-05-10T10:32:54z', 'fields': {'value1': 235.58713407900004, 'value2': 'null'}}]
Write points: [{'measurement': 'HV', 'tags': {'metric': 'V'}, 'time': '2024-05-10T10:32:54z', 'fields': {1: 44.02021505076001, 2: 44.01318013971001, 3: 44.03788326099001, 4: 44.066060258700006}}]
Write points: [{'measurement': 'HV_currents', 'tags': {'metric': 'mA'}, 'time': '2024-05-10T10:32:54z', 'fields': {1: 5.035468234368, 2: 4.457780305242, 3: 5.14199166096, 4: 4.5851899601640005}}]
Write points: [{'measurement': 'SiPM_temps', 'tags': {'metric': 'C'}, 'time': '2024-05-10T10:32:54z', 'fields': {1: 10.129112969358866, 2: 11.18969314607345, 3: 11.480342566415034, 4: 10.821220973470808, 5: 11.188800009473455, 6: 12.311341655786032, 7: 12.756414061665222, 8: 12.242863858425617, 9: 11.384288596600221, 10: 12.828624005698682, 11: 13.145195470364555, 12: 12.725174440281947, 13: 10.754032881206832, 14: 11.693458453945807, 15: 12.284295431999622, 16: 11.961530671813383}}]
Write points: [{'measurement': 'UC_temps', 'tags': {'metric': 'C'}, 'time': '2024-05-10T10:32:54z', 'fields': {1: 10.669911730730247, 2: 11.962540484580268, 3: 13.878353098666485, 4: 13.291979774150157, 5: 11.664799655320962, 6: 14.085236913149933, 7: 15.460481567133744, 8: 15.56238288965039, 9: 13.153227020966854, 10: 15.2749850072318, 11: 15.888388960912392, 12: 16.042758745545967, 13: 11.852706284285334, 14: 13.429683890978662, 15: 14.693424936217038, 16: 14.87122680697866}}]
Write points: [{'measurement': 'SIABcurrent', 'tags': {'metric': 'mA'}, 'time': '2024-05-10T10:32:54z', 'fields': {1: 185.60518118934004, 2: 198.03174241686003, 3: 188.32043970036003, 4: 188.00837918544002, 5: 194.25630335034003, 6: 194.73086384862003, 7: 191.32463861148003, 8: 190.20818364768004, 9: 191.92920397926005, 10: 195.00215288334002, 11: 190.60332520878003, 12: 193.65066376392005, 13: 183.5914118643, 14: 193.36726535544003, 15: 193.07212378410003, 16: 189.22236831894006}}]
Write points: [{'measurement': 'Modules_Status', 'tags': {'metric': 'num'}, 'time': '2024-05-10T10:33:54z', 'fields': {1: 1.0, 2: 1.0, 3: 1.0, 4: 1.0, 5: 1.0}}]
Write points: [{'measurement': 'TriggerRate', 'tags': {'metric1': 'num', 'metric2': 'null'}, 'time': '2024-05-10T10:33:54z', 'fields': {'value1': 135, 'value2': 'null'}}]
Write points: [{'measurement': 'MUSIC_Power', 'tags': {'metric': 'num'}, 'time': '2024-05-10T10:33:54z', 'fields': {1: 1.0, 2: 1.0, 3: 1.0, 4: 1.0, 5: 1.0, 6: 1.0, 7: 1.0, 8: 1.0, 9: 1.0, 10: 1.0, 11: 1.0, 12: 1.0, 13: 1.0, 14: 1.0, 15: 1.0, 16: 1.0}}]
Write points: [{'measurement': 'HV_Status', 'tags': {'metric': 'num'}, 'time': '2024-05-10T10:33:54z', 'fields': {1: 1.0, 2: 1.0, 3: 1.0, 4: 1.0, 5: 1.0, 6: 1.0, 7: 1.0, 8: 1.0, 9: 1.0, 10: 1.0, 11: 1.0, 12: 1.0, 13: 1.0, 14: 1.0, 15: 1.0, 16: 1.0}}]
Write points: [{'measurement': 'ASADCurrent', 'tags': {'metric1': 'mA', 'metric2': 'null'}, 'time': '2024-05-10T10:33:54z', 'fields': {'value1': 1219.9696016376001, 'value2': 'null'}}]
Write points: [{'measurement': 'TBCurrent', 'tags': {'metric1': 'mA', 'metric2': 'null'}, 'time': '2024-05-10T10:33:54z', 'fields': {'value1': 235.5409915056, 'value2': 'null'}}]
Write points: [{'measurement': 'HV', 'tags': {'metric': 'V'}, 'time': '2024-05-10T10:33:54z', 'fields': {1: 44.021036827980005, 2: 44.01316768854001, 3: 44.03876729406001, 4: 44.06619722157001}}]
Write points: [{'measurement': 'HV_currents', 'tags': {'metric': 'mA'}, 'time': '2024-05-10T10:33:54z', 'fields': {1: 5.040040987806001, 2: 4.459311066804, 3: 5.128109826444, 4: 4.585236346878}}]
Write points: [{'measurement': 'SiPM_temps', 'tags': {'metric': 'C'}, 'time': '2024-05-10T10:33:54z', 'fields': {1: 10.129112969358866, 2: 11.18969314607345, 3: 11.480342566415034, 4: 10.821220973470808, 5: 11.188800009473455, 6: 12.311341655786032, 7: 12.756414061665222, 8: 12.242863858425617, 9: 11.384288596600221, 10: 12.828624005698682, 11: 13.204890191560361, 12: 12.725174440281947, 13: 10.754032881206832, 14: 11.693458453945807, 15: 12.284295431999622, 16: 11.961530671813383}}]
Write points: [{'measurement': 'UC_temps', 'tags': {'metric': 'C'}, 'time': '2024-05-10T10:33:54z', 'fields': {1: 10.669911730730247, 2: 11.962540484580268, 3: 13.02023443801809, 4: 13.291979774150157, 5: 12.52649719948296, 6: 14.085236913149933, 7: 15.460481567133744, 8: 15.56238288965039, 9: 13.153227020966854, 10: 15.2749850072318, 11: 15.888388960912392, 12: 16.042758745545967, 13: 11.852706284285334, 14: 13.429683890978662, 15: 14.693424936217038, 16: 14.87122680697866}}]
Write points: [{'measurement': 'SIABcurrent', 'tags': {'metric': 'mA'}, 'time': '2024-05-10T10:33:54z', 'fields': {1: 185.60850150150003, 2: 198.00559495860006, 3: 188.29788110892002, 4: 188.00264188134003, 5: 194.21457972180002, 6: 194.68203572862004, 7: 191.34512200782004, 8: 190.20691411656, 9: 191.90798816112002, 10: 194.98809038478004, 11: 190.55127443286003, 12: 193.62739716474002, 13: 183.5779841313, 14: 193.32151340700003, 15: 193.05373999692003, 16: 189.18838394742002}}]
Write points: [{'measurement': 'Modules_Status', 'tags': {'metric': 'num'}, 'time': '2024-05-10T10:34:54z', 'fields': {1: 1.0, 2: 1.0, 3: 1.0, 4: 1.0, 5: 1.0}}]
Write points: [{'measurement': 'TriggerRate', 'tags': {'metric1': 'num', 'metric2': 'null'}, 'time': '2024-05-10T10:34:54z', 'fields': {'value1': 126, 'value2': 'null'}}]
Write points: [{'measurement': 'MUSIC_Power', 'tags': {'metric': 'num'}, 'time': '2024-05-10T10:34:54z', 'fields': {1: 1.0, 2: 1.0, 3: 1.0, 4: 1.0, 5: 1.0, 6: 1.0, 7: 1.0, 8: 1.0, 9: 1.0, 10: 1.0, 11: 1.0, 12: 1.0, 13: 1.0, 14: 1.0, 15: 1.0, 16: 1.0}}]
Write points: [{'measurement': 'HV_Status', 'tags': {'metric': 'num'}, 'time': '2024-05-10T10:34:54z', 'fields': {1: 1.0, 2: 1.0, 3: 1.0, 4: 1.0, 5: 1.0, 6: 1.0, 7: 1.0, 8: 1.0, 9: 1.0, 10: 1.0, 11: 1.0, 12: 1.0, 13: 1.0, 14: 1.0, 15: 1.0, 16: 1.0}}]
Write points: [{'measurement': 'ASADCurrent', 'tags': {'metric1': 'mA', 'metric2': 'null'}, 'time': '2024-05-10T10:34:54z', 'fields': {'value1': 1219.9993867908001, 'value2': 'null'}}]
Write points: [{'measurement': 'TBCurrent', 'tags': {'metric1': 'mA', 'metric2': 'null'}, 'time': '2024-05-10T10:34:54z', 'fields': {'value1': 236.83029801420003, 'value2': 'null'}}]
Write points: [{'measurement': 'HV', 'tags': {'metric': 'V'}, 'time': '2024-05-10T10:34:54z', 'fields': {1: 44.01751314687001, 2: 44.01141207357001, 3: 44.03864278236001, 4: 44.065176225630005}}]
Write points: [{'measurement': 'HV_currents', 'tags': {'metric': 'mA'}, 'time': '2024-05-10T10:34:54z', 'fields': {1: 5.039335421472, 2: 4.4642964178560005, 3: 5.1433832623799995, 4: 4.594428240468}}]
Write points: [{'measurement': 'SiPM_temps', 'tags': {'metric': 'C'}, 'time': '2024-05-10T10:34:54z', 'fields': {1: 10.129112969358866, 2: 11.18969314607345, 3: 11.480342566415034, 4: 10.880716805787754, 5: 11.188800009473455, 6: 12.370422010977128, 7: 12.756414061665222, 8: 12.242863858425617, 9: 11.384288596600221, 10: 12.828624005698682, 11: 13.204890191560361, 12: 12.725174440281947, 13: 10.754032881206832, 14: 11.693458453945807, 15: 12.225246823184845, 16: 11.961530671813383}}]
Write points: [{'measurement': 'UC_temps', 'tags': {'metric': 'C'}, 'time': '2024-05-10T10:34:54z', 'fields': {1: 10.669911730730247, 2: 11.962540484580268, 3: 13.02023443801809, 4: 13.291979774150157, 5: 12.52649719948296, 6: 14.921056810678413, 7: 15.460481567133744, 8: 15.56238288965039, 9: 13.153227020966854, 10: 15.2749850072318, 11: 15.888388960912392, 12: 16.042758745545967, 13: 11.852706284285334, 14: 13.429683890978662, 15: 14.693424936217038, 16: 14.87122680697866}}]
Write points: [{'measurement': 'SIABcurrent', 'tags': {'metric': 'mA'}, 'time': '2024-05-10T10:34:54z', 'fields': {1: 185.63884817808002, 2: 198.05771897670002, 3: 188.33892114378003, 4: 188.02324734798003, 5: 194.23191370440003, 6: 194.72468709144002, 7: 191.34868646058, 8: 190.17256353414004, 9: 191.91956042556004, 10: 194.98823686914002, 11: 190.58374513266003, 12: 193.64690399868002, 13: 183.57483471756, 14: 193.33252414806003, 15: 193.07144019042002, 16: 189.1896778926}}]
Write points: [{'measurement': 'Modules_Status', 'tags': {'metric': 'num'}, 'time': '2024-05-10T10:35:54z', 'fields': {1: 1.0, 2: 1.0, 3: 1.0, 4: 1.0, 5: 1.0}}]
Write points: [{'measurement': 'TriggerRate', 'tags': {'metric1': 'num', 'metric2': 'null'}, 'time': '2024-05-10T10:35:54z', 'fields': {'value1': 126, 'value2': 'null'}}]
Write points: [{'measurement': 'MUSIC_Power', 'tags': {'metric': 'num'}, 'time': '2024-05-10T10:35:54z', 'fields': {1: 1.0, 2: 1.0, 3: 1.0, 4: 1.0, 5: 1.0, 6: 1.0, 7: 1.0, 8: 1.0, 9: 1.0, 10: 1.0, 11: 1.0, 12: 1.0, 13: 1.0, 14: 1.0, 15: 1.0, 16: 1.0}}]
Write points: [{'measurement': 'HV_Status', 'tags': {'metric': 'num'}, 'time': '2024-05-10T10:35:54z', 'fields': {1: 1.0, 2: 1.0, 3: 1.0, 4: 1.0, 5: 1.0, 6: 1.0, 7: 1.0, 8: 1.0, 9: 1.0, 10: 1.0, 11: 1.0, 12: 1.0, 13: 1.0, 14: 1.0, 15: 1.0, 16: 1.0}}]
Write points: [{'measurement': 'ASADCurrent', 'tags': {'metric1': 'mA', 'metric2': 'null'}, 'time': '2024-05-10T10:35:54z', 'fields': {'value1': 1219.8975801606002, 'value2': 'null'}}]
Write points: [{'measurement': 'TBCurrent', 'tags': {'metric1': 'mA', 'metric2': 'null'}, 'time': '2024-05-10T10:35:54z', 'fields': {'value1': 236.83664566980002, 'value2': 'null'}}]
Write points: [{'measurement': 'HV', 'tags': {'metric': 'V'}, 'time': '2024-05-10T10:35:54z', 'fields': {1: 44.018422082280004, 2: 44.01370308885001, 3: 44.040248983290006, 4: 44.06491475106001}}]
Write points: [{'measurement': 'HV_currents', 'tags': {'metric': 'mA'}, 'time': '2024-05-10T10:35:54z', 'fields': {1: 5.151107870964, 2: 4.525238794428, 3: 5.236349561453999, 4: 4.642377454308}}]
Write points: [{'measurement': 'SiPM_temps', 'tags': {'metric': 'C'}, 'time': '2024-05-10T10:35:54z', 'fields': {1: 10.129112969358866, 2: 11.18969314607345, 3: 11.480342566415034, 4: 10.880716805787754, 5: 11.188800009473455, 6: 12.370422010977128, 7: 12.756414061665222, 8: 12.242863858425617, 9: 11.384288596600221, 10: 12.828624005698682, 11: 13.204890191560361, 12: 12.725174440281947, 13: 10.754032881206832, 14: 11.693458453945807, 15: 12.284295431999622, 16: 11.961530671813383}}]
Write points: [{'measurement': 'UC_temps', 'tags': {'metric': 'C'}, 'time': '2024-05-10T10:35:54z', 'fields': {1: 10.669911730730247, 2: 11.962540484580268, 3: 13.02023443801809, 4: 13.291979774150157, 5: 11.664799655320962, 6: 14.921056810678413, 7: 14.6102571078765, 8: 15.56238288965039, 9: 12.316560967855294, 10: 15.2749850072318, 11: 15.888388960912392, 12: 16.042758745545967, 13: 11.852706284285334, 14: 13.429683890978662, 15: 14.693424936217038, 16: 14.87122680697866}}]
Write points: [{'measurement': 'SIABcurrent', 'tags': {'metric': 'mA'}, 'time': '2024-05-10T10:35:54z', 'fields': {1: 185.74338918300003, 2: 198.20278732122003, 3: 188.4058644963, 4: 188.04670925964004, 5: 194.26882776312002, 6: 194.75403279156004, 7: 191.35859856894004, 8: 190.20217778892004, 9: 192.06824205096004, 10: 195.17864212308, 11: 190.64258301726005, 12: 193.69360809546004, 13: 183.64785717102004, 14: 193.44856417524005, 15: 193.10212866384006, 16: 189.22903335732002}}]
Write points: [{'measurement': 'Modules_Status', 'tags': {'metric': 'num'}, 'time': '2024-05-10T10:36:54z', 'fields': {1: 1.0, 2: 1.0, 3: 1.0, 4: 1.0, 5: 1.0}}]
Write points: [{'measurement': 'TriggerRate', 'tags': {'metric1': 'num', 'metric2': 'null'}, 'time': '2024-05-10T10:36:54z', 'fields': {'value1': 127, 'value2': 'null'}}]
Write points: [{'measurement': 'MUSIC_Power', 'tags': {'metric': 'num'}, 'time': '2024-05-10T10:36:54z', 'fields': {1: 1.0, 2: 1.0, 3: 1.0, 4: 1.0, 5: 1.0, 6: 1.0, 7: 1.0, 8: 1.0, 9: 1.0, 10: 1.0, 11: 1.0, 12: 1.0, 13: 1.0, 14: 1.0, 15: 1.0, 16: 1.0}}]
Write points: [{'measurement': 'HV_Status', 'tags': {'metric': 'num'}, 'time': '2024-05-10T10:36:54z', 'fields': {1: 1.0, 2: 1.0, 3: 1.0, 4: 1.0, 5: 1.0, 6: 1.0, 7: 1.0, 8: 1.0, 9: 1.0, 10: 1.0, 11: 1.0, 12: 1.0, 13: 1.0, 14: 1.0, 15: 1.0, 16: 1.0}}]
Write points: [{'measurement': 'ASADCurrent', 'tags': {'metric1': 'mA', 'metric2': 'null'}, 'time': '2024-05-10T10:36:54z', 'fields': {'value1': 1219.7091036174002, 'value2': 'null'}}]
Write points: [{'measurement': 'TBCurrent', 'tags': {'metric1': 'mA', 'metric2': 'null'}, 'time': '2024-05-10T10:36:54z', 'fields': {'value1': 238.18820803140002, 'value2': 'null'}}]
Write points: [{'measurement': 'HV', 'tags': {'metric': 'V'}, 'time': '2024-05-10T10:36:54z', 'fields': {1: 44.02014034374, 2: 44.013205042050004, 3: 44.03833150311001, 4: 44.06470308117001}}]
Write points: [{'measurement': 'HV_currents', 'tags': {'metric': 'mA'}, 'time': '2024-05-10T10:36:54z', 'fields': {1: 5.040282687, 2: 4.469911651656, 3: 5.187750933618, 4: 4.603844743410001}}]
Write points: [{'measurement': 'SiPM_temps', 'tags': {'metric': 'C'}, 'time': '2024-05-10T10:36:54z', 'fields': {1: 10.129112969358866, 2: 11.18969314607345, 3: 11.480342566415034, 4: 10.880716805787754, 5: 11.188800009473455, 6: 12.370422010977128, 7: 12.815776039131414, 8: 12.242863858425617, 9: 11.384288596600221, 10: 12.828624005698682, 11: 13.204890191560361, 12: 12.725174440281947, 13: 10.754032881206832, 14: 11.693458453945807, 15: 12.284295431999622, 16: 11.961530671813383}}]
Write points: [{'measurement': 'UC_temps', 'tags': {'metric': 'C'}, 'time': '2024-05-10T10:36:54z', 'fields': {1: 10.669911730730247, 2: 11.962540484580268, 3: 13.878353098666485, 4: 13.291979774150157, 5: 11.664799655320962, 6: 14.085236913149933, 7: 15.460481567133744, 8: 15.56238288965039, 9: 12.316560967855294, 10: 15.2749850072318, 11: 15.888388960912392, 12: 16.042758745545967, 13: 11.852706284285334, 14: 13.429683890978662, 15: 14.693424936217038, 16: 14.87122680697866}}]
Write points: [{'measurement': 'SIABcurrent', 'tags': {'metric': 'mA'}, 'time': '2024-05-10T10:36:54z', 'fields': {1: 185.63206106940004, 2: 198.06431077290003, 3: 188.34578149464002, 4: 187.9927786011, 5: 194.31946252356002, 6: 194.73437947326002, 7: 191.33071771242, 8: 190.16726568312, 9: 191.93613757230003, 10: 195.00559526580003, 11: 190.57302736032003, 12: 193.65879364590003, 13: 183.58474682592004, 14: 193.41904757670002, 15: 193.04875952868002, 16: 189.23599136442004}}]
Write points: [{'measurement': 'Modules_Status', 'tags': {'metric': 'num'}, 'time': '2024-05-10T10:37:54z', 'fields': {1: 1.0, 2: 1.0, 3: 1.0, 4: 1.0, 5: 1.0}}]
Write points: [{'measurement': 'TriggerRate', 'tags': {'metric1': 'num', 'metric2': 'null'}, 'time': '2024-05-10T10:37:54z', 'fields': {'value1': 127, 'value2': 'null'}}]
Write points: [{'measurement': 'MUSIC_Power', 'tags': {'metric': 'num'}, 'time': '2024-05-10T10:37:54z', 'fields': {1: 1.0, 2: 1.0, 3: 1.0, 4: 1.0, 5: 1.0, 6: 1.0, 7: 1.0, 8: 1.0, 9: 1.0, 10: 1.0, 11: 1.0, 12: 1.0, 13: 1.0, 14: 1.0, 15: 1.0, 16: 1.0}}]
Write points: [{'measurement': 'HV_Status', 'tags': {'metric': 'num'}, 'time': '2024-05-10T10:37:54z', 'fields': {1: 1.0, 2: 1.0, 3: 1.0, 4: 1.0, 5: 1.0, 6: 1.0, 7: 1.0, 8: 1.0, 9: 1.0, 10: 1.0, 11: 1.0, 12: 1.0, 13: 1.0, 14: 1.0, 15: 1.0, 16: 1.0}}]
Write points: [{'measurement': 'ASADCurrent', 'tags': {'metric1': 'mA', 'metric2': 'null'}, 'time': '2024-05-10T10:37:54z', 'fields': {'value1': 1219.7491426758002, 'value2': 'null'}}]
Write points: [{'measurement': 'TBCurrent', 'tags': {'metric1': 'mA', 'metric2': 'null'}, 'time': '2024-05-10T10:37:54z', 'fields': {'value1': 238.22629396500002, 'value2': 'null'}}]
Write points: [{'measurement': 'HV', 'tags': {'metric': 'V'}, 'time': '2024-05-10T10:37:54z', 'fields': {1: 44.021584679460005, 2: 44.013640833000004, 3: 44.038804647570004, 4: 44.06564937009001}}]
Write points: [{'measurement': 'HV_currents', 'tags': {'metric': 'mA'}, 'time': '2024-05-10T10:37:54z', 'fields': {1: 5.03392282437, 2: 4.470553741434, 3: 5.150712363192, 4: 4.60292921616}}]
Write points: [{'measurement': 'SiPM_temps', 'tags': {'metric': 'C'}, 'time': '2024-05-10T10:37:54z', 'fields': {1: 10.129112969358866, 2: 11.18969314607345, 3: 11.480342566415034, 4: 10.880716805787754, 5: 11.188800009473455, 6: 12.370422010977128, 7: 12.815776039131414, 8: 12.242863858425617, 9: 11.384288596600221, 10: 12.828624005698682, 11: 13.204890191560361, 12: 12.725174440281947, 13: 10.754032881206832, 14: 11.693458453945807, 15: 12.284295431999622, 16: 12.021099157701608}}]
Write points: [{'measurement': 'UC_temps', 'tags': {'metric': 'C'}, 'time': '2024-05-10T10:37:54z', 'fields': {1: 10.669911730730247, 2: 11.962540484580268, 3: 13.02023443801809, 4: 14.116851300409941, 5: 11.664799655320962, 6: 14.085236913149933, 7: 15.460481567133744, 8: 14.718344333969167, 9: 12.316560967855294, 10: 14.393057466398554, 11: 15.888388960912392, 12: 16.042758745545967, 13: 11.852706284285334, 14: 13.429683890978662, 15: 14.693424936217038, 16: 14.87122680697866}}]
Write points: [{'measurement': 'SIABcurrent', 'tags': {'metric': 'mA'}, 'time': '2024-05-10T10:37:54z', 'fields': {1: 185.63879934996004, 2: 198.05745042204, 3: 188.36199243048003, 4: 188.00449734990002, 5: 194.26941370056005, 6: 194.73813923850003, 7: 191.34634271082004, 8: 190.20137212494004, 9: 191.91765612888003, 10: 195.02847124002002, 11: 190.58635743708004, 12: 193.64939423280003, 13: 183.58638256794003, 14: 193.35247043508002, 15: 193.04426734164005, 16: 189.22090347534004}}]
Write points: [{'measurement': 'Modules_Status', 'tags': {'metric': 'num'}, 'time': '2024-05-10T10:38:54z', 'fields': {1: 1.0, 2: 1.0, 3: 1.0, 4: 1.0, 5: 1.0}}]
Write points: [{'measurement': 'TriggerRate', 'tags': {'metric1': 'num', 'metric2': 'null'}, 'time': '2024-05-10T10:38:54z', 'fields': {'value1': 131, 'value2': 'null'}}]
Write points: [{'measurement': 'MUSIC_Power', 'tags': {'metric': 'num'}, 'time': '2024-05-10T10:38:54z', 'fields': {1: 1.0, 2: 1.0, 3: 1.0, 4: 1.0, 5: 1.0, 6: 1.0, 7: 1.0, 8: 1.0, 9: 1.0, 10: 1.0, 11: 1.0, 12: 1.0, 13: 1.0, 14: 1.0, 15: 1.0, 16: 1.0}}]
Write points: [{'measurement': 'HV_Status', 'tags': {'metric': 'num'}, 'time': '2024-05-10T10:38:54z', 'fields': {1: 1.0, 2: 1.0, 3: 1.0, 4: 1.0, 5: 1.0, 6: 1.0, 7: 1.0, 8: 1.0, 9: 1.0, 10: 1.0, 11: 1.0, 12: 1.0, 13: 1.0, 14: 1.0, 15: 1.0, 16: 1.0}}]
Write points: [{'measurement': 'ASADCurrent', 'tags': {'metric1': 'mA', 'metric2': 'null'}, 'time': '2024-05-10T10:38:54z', 'fields': {'value1': 1219.8370332918003, 'value2': 'null'}}]
Write points: [{'measurement': 'TBCurrent', 'tags': {'metric1': 'mA', 'metric2': 'null'}, 'time': '2024-05-10T10:38:54z', 'fields': {'value1': 236.78488786260002, 'value2': 'null'}}]
Write points: [{'measurement': 'HV', 'tags': {'metric': 'V'}, 'time': '2024-05-10T10:38:54z', 'fields': {1: 44.022755089440004, 2: 44.01133736655001, 3: 44.03945210841, 4: 44.06536299318}}]
Write points: [{'measurement': 'HV_currents', 'tags': {'metric': 'mA'}, 'time': '2024-05-10T10:38:54z', 'fields': {1: 5.0485199908439995, 2: 4.482382353504, 3: 5.164784627376, 4: 4.609040055378}}]
Write points: [{'measurement': 'SiPM_temps', 'tags': {'metric': 'C'}, 'time': '2024-05-10T10:38:54z', 'fields': {1: 10.188970627846983, 2: 11.18969314607345, 3: 11.480342566415034, 4: 10.880716805787754, 5: 11.188800009473455, 6: 12.370422010977128, 7: 12.815776039131414, 8: 12.242863858425617, 9: 11.384288596600221, 10: 12.828624005698682, 11: 13.204890191560361, 12: 12.725174440281947, 13: 10.754032881206832, 14: 11.693458453945807, 15: 12.284295431999622, 16: 12.021099157701608}}]
Write points: [{'measurement': 'UC_temps', 'tags': {'metric': 'C'}, 'time': '2024-05-10T10:38:54z', 'fields': {1: 10.669911730730247, 2: 11.962540484580268, 3: 13.878353098666485, 4: 13.291979774150157, 5: 12.52649719948296, 6: 14.085236913149933, 7: 15.460481567133744, 8: 14.718344333969167, 9: 13.153227020966854, 10: 15.2749850072318, 11: 15.888388960912392, 12: 16.042758745545967, 13: 11.852706284285334, 14: 13.429683890978662, 15: 14.693424936217038, 16: 14.87122680697866}}]
Write points: [{'measurement': 'SIABcurrent', 'tags': {'metric': 'mA'}, 'time': '2024-05-10T10:38:54z', 'fields': {1: 185.64419485722004, 2: 198.03916429110004, 3: 188.36514184422003, 4: 188.05083523578006, 5: 194.31953576574003, 6: 194.76045368934004, 7: 191.32534661922003, 8: 190.20015142194003, 9: 191.93083972128002, 10: 195.02768999010001, 11: 190.5861621246, 12: 193.65662079456004, 13: 183.57527417064, 14: 193.37712863568, 15: 193.05691382472003, 16: 189.20195816478005}}]
Write points: [{'measurement': 'Modules_Status', 'tags': {'metric': 'num'}, 'time': '2024-05-10T10:39:54z', 'fields': {1: 1.0, 2: 1.0, 3: 1.0, 4: 1.0, 5: 1.0}}]
Write points: [{'measurement': 'TriggerRate', 'tags': {'metric1': 'num', 'metric2': 'null'}, 'time': '2024-05-10T10:39:54z', 'fields': {'value1': 131, 'value2': 'null'}}]
Write points: [{'measurement': 'MUSIC_Power', 'tags': {'metric': 'num'}, 'time': '2024-05-10T10:39:54z', 'fields': {1: 1.0, 2: 1.0, 3: 1.0, 4: 1.0, 5: 1.0, 6: 1.0, 7: 1.0, 8: 1.0, 9: 1.0, 10: 1.0, 11: 1.0, 12: 1.0, 13: 1.0, 14: 1.0, 15: 1.0, 16: 1.0}}]
Write points: [{'measurement': 'HV_Status', 'tags': {'metric': 'num'}, 'time': '2024-05-10T10:39:54z', 'fields': {1: 1.0, 2: 1.0, 3: 1.0, 4: 1.0, 5: 1.0, 6: 1.0, 7: 1.0, 8: 1.0, 9: 1.0, 10: 1.0, 11: 1.0, 12: 1.0, 13: 1.0, 14: 1.0, 15: 1.0, 16: 1.0}}]
Write points: [{'measurement': 'ASADCurrent', 'tags': {'metric1': 'mA', 'metric2': 'null'}, 'time': '2024-05-10T10:39:54z', 'fields': {'value1': 1219.7801485320003, 'value2': 'null'}}]
Write points: [{'measurement': 'TBCurrent', 'tags': {'metric1': 'mA', 'metric2': 'null'}, 'time': '2024-05-10T10:39:54z', 'fields': {'value1': 236.97019057800003, 'value2': 'null'}}]
Write points: [{'measurement': 'HV', 'tags': {'metric': 'V'}, 'time': '2024-05-10T10:39:54z', 'fields': {1: 44.02033956246001, 2: 44.015159875740004, 3: 44.0404108485, 4: 44.067766068990004}}]
Write points: [{'measurement': 'HV_currents', 'tags': {'metric': 'mA'}, 'time': '2024-05-10T10:39:54z', 'fields': {1: 5.077233366810001, 2: 4.48716995067, 3: 5.178927692334, 4: 4.610756363796}}]
Write points: [{'measurement': 'SiPM_temps', 'tags': {'metric': 'C'}, 'time': '2024-05-10T10:39:54z', 'fields': {1: 10.188970627846983, 2: 11.249380741200556, 3: 11.480342566415034, 4: 10.880716805787754, 5: 11.188800009473455, 6: 12.370422010977128, 7: 12.815776039131414, 8: 12.242863858425617, 9: 11.384288596600221, 10: 12.828624005698682, 11: 13.204890191560361, 12: 12.725174440281947, 13: 10.754032881206832, 14: 11.693458453945807, 15: 12.284295431999622, 16: 12.021099157701608}}]
Write points: [{'measurement': 'UC_temps', 'tags': {'metric': 'C'}, 'time': '2024-05-10T10:39:54z', 'fields': {1: 10.669911730730247, 2: 11.962540484580268, 3: 13.878353098666485, 4: 13.291979774150157, 5: 11.664799655320962, 6: 14.085236913149933, 7: 14.6102571078765, 8: 14.718344333969167, 9: 12.316560967855294, 10: 14.393057466398554, 11: 15.888388960912392, 12: 16.042758745545967, 13: 11.852706284285334, 14: 13.429683890978662, 15: 14.693424936217038, 16: 14.87122680697866}}]
Write points: [{'measurement': 'SIABcurrent', 'tags': {'metric': 'mA'}, 'time': '2024-05-10T10:39:54z', 'fields': {1: 185.64485403684003, 2: 198.05508225822004, 3: 188.33474633952005, 4: 188.02349148858002, 5: 194.33281701438003, 6: 194.77683552360003, 7: 191.34824700750002, 8: 190.21765630296005, 9: 192.01304186130002, 10: 195.03933549672, 11: 190.59324220200003, 12: 193.69236297840004, 13: 183.60190991010003, 14: 193.39653781338004, 15: 193.04966284890003, 16: 189.24011734056}}]
Write points: [{'measurement': 'Modules_Status', 'tags': {'metric': 'num'}, 'time': '2024-05-10T10:40:54z', 'fields': {1: 1.0, 2: 1.0, 3: 1.0, 4: 1.0, 5: 1.0}}]
Write points: [{'measurement': 'TriggerRate', 'tags': {'metric1': 'num', 'metric2': 'null'}, 'time': '2024-05-10T10:40:54z', 'fields': {'value1': 134, 'value2': 'null'}}]
Write points: [{'measurement': 'MUSIC_Power', 'tags': {'metric': 'num'}, 'time': '2024-05-10T10:40:54z', 'fields': {1: 1.0, 2: 1.0, 3: 1.0, 4: 1.0, 5: 1.0, 6: 1.0, 7: 1.0, 8: 1.0, 9: 1.0, 10: 1.0, 11: 1.0, 12: 1.0, 13: 1.0, 14: 1.0, 15: 1.0, 16: 1.0}}]
Write points: [{'measurement': 'HV_Status', 'tags': {'metric': 'num'}, 'time': '2024-05-10T10:40:54z', 'fields': {1: 1.0, 2: 1.0, 3: 1.0, 4: 1.0, 5: 1.0, 6: 1.0, 7: 1.0, 8: 1.0, 9: 1.0, 10: 1.0, 11: 1.0, 12: 1.0, 13: 1.0, 14: 1.0, 15: 1.0, 16: 1.0}}]
Write points: [{'measurement': 'ASADCurrent', 'tags': {'metric1': 'mA', 'metric2': 'null'}, 'time': '2024-05-10T10:40:54z', 'fields': {'value1': 1219.7142305700002, 'value2': 'null'}}]
Write points: [{'measurement': 'TBCurrent', 'tags': {'metric1': 'mA', 'metric2': 'null'}, 'time': '2024-05-10T10:40:54z', 'fields': {'value1': 235.60105009320003, 'value2': 'null'}}]
Write points: [{'measurement': 'HV', 'tags': {'metric': 'V'}, 'time': '2024-05-10T10:40:54z', 'fields': {1: 44.02174654467001, 2: 44.011810511010005, 3: 44.040112020420004, 4: 44.06602290519}}]
Write points: [{'measurement': 'HV_currents', 'tags': {'metric': 'mA'}, 'time': '2024-05-10T10:40:54z', 'fields': {1: 5.077741179258, 2: 4.491510770538, 3: 5.175385212228, 4: 4.61148634419}}]
Write points: [{'measurement': 'SiPM_temps', 'tags': {'metric': 'C'}, 'time': '2024-05-10T10:40:54z', 'fields': {1: 10.129112969358866, 2: 11.18969314607345, 3: 11.480342566415034, 4: 10.880716805787754, 5: 11.188800009473455, 6: 12.370422010977128, 7: 12.815776039131414, 8: 12.242863858425617, 9: 11.384288596600221, 10: 12.828624005698682, 11: 13.204890191560361, 12: 12.725174440281947, 13: 10.754032881206832, 14: 11.693458453945807, 15: 12.284295431999622, 16: 12.021099157701608}}]
Write points: [{'measurement': 'UC_temps', 'tags': {'metric': 'C'}, 'time': '2024-05-10T10:40:54z', 'fields': {1: 10.669911730730247, 2: 11.962540484580268, 3: 13.878353098666485, 4: 13.291979774150157, 5: 11.664799655320962, 6: 14.085236913149933, 7: 15.460481567133744, 8: 14.718344333969167, 9: 12.316560967855294, 10: 15.2749850072318, 11: 15.04105340755991, 12: 16.042758745545967, 13: 11.852706284285334, 14: 13.429683890978662, 15: 14.693424936217038, 16: 14.87122680697866}}]
Write points: [{'measurement': 'SIABcurrent', 'tags': {'metric': 'mA'}, 'time': '2024-05-10T10:40:54z', 'fields': {1: 185.66418997236005, 2: 198.05962327338005, 3: 188.37239282004003, 4: 188.05657253988002, 5: 194.32917931944004, 6: 194.75915974416003, 7: 191.39290032324, 8: 190.23347661384003, 9: 191.99434069134003, 10: 195.02107377984004, 11: 190.60366700562003, 12: 193.68572235408, 13: 183.60427807392003, 14: 193.41211398366002, 15: 193.08542944680002, 16: 189.23540542698}}]
Write points: [{'measurement': 'Modules_Status', 'tags': {'metric': 'num'}, 'time': '2024-05-10T10:41:54z', 'fields': {1: 1.0, 2: 1.0, 3: 1.0, 4: 1.0, 5: 1.0}}]
Write points: [{'measurement': 'TriggerRate', 'tags': {'metric1': 'num', 'metric2': 'null'}, 'time': '2024-05-10T10:41:54z', 'fields': {'value1': 134, 'value2': 'null'}}]
Write points: [{'measurement': 'MUSIC_Power', 'tags': {'metric': 'num'}, 'time': '2024-05-10T10:41:54z', 'fields': {1: 1.0, 2: 1.0, 3: 1.0, 4: 1.0, 5: 1.0, 6: 1.0, 7: 1.0, 8: 1.0, 9: 1.0, 10: 1.0, 11: 1.0, 12: 1.0, 13: 1.0, 14: 1.0, 15: 1.0, 16: 1.0}}]
Write points: [{'measurement': 'HV_Status', 'tags': {'metric': 'num'}, 'time': '2024-05-10T10:41:54z', 'fields': {1: 1.0, 2: 1.0, 3: 1.0, 4: 1.0, 5: 1.0, 6: 1.0, 7: 1.0, 8: 1.0, 9: 1.0, 10: 1.0, 11: 1.0, 12: 1.0, 13: 1.0, 14: 1.0, 15: 1.0, 16: 1.0}}]
Write points: [{'measurement': 'ASADCurrent', 'tags': {'metric1': 'mA', 'metric2': 'null'}, 'time': '2024-05-10T10:41:54z', 'fields': {'value1': 1219.7850313440001, 'value2': 'null'}}]
Write points: [{'measurement': 'TBCurrent', 'tags': {'metric1': 'mA', 'metric2': 'null'}, 'time': '2024-05-10T10:41:54z', 'fields': {'value1': 235.5373293966, 'value2': 'null'}}]
Write points: [{'measurement': 'HV', 'tags': {'metric': 'V'}, 'time': '2024-05-10T10:41:54z', 'fields': {1: 44.023527061980005, 2: 44.01422603799001, 3: 44.03845601481, 4: 44.06526338382}}]
Write points: [{'measurement': 'HV_currents', 'tags': {'metric': 'mA'}, 'time': '2024-05-10T10:41:54z', 'fields': {1: 5.088820279686, 2: 4.49619094584, 3: 5.209723587618001, 4: 4.62748976052}}]
Write points: [{'measurement': 'SiPM_temps', 'tags': {'metric': 'C'}, 'time': '2024-05-10T10:41:54z', 'fields': {1: 10.188970627846983, 2: 11.18969314607345, 3: 11.480342566415034, 4: 10.880716805787754, 5: 11.188800009473455, 6: 12.370422010977128, 7: 12.815776039131414, 8: 12.242863858425617, 9: 11.384288596600221, 10: 12.828624005698682, 11: 13.204890191560361, 12: 12.725174440281947, 13: 10.813471071432817, 14: 11.693458453945807, 15: 12.284295431999622, 16: 12.021099157701608}}]
Write points: [{'measurement': 'UC_temps', 'tags': {'metric': 'C'}, 'time': '2024-05-10T10:41:54z', 'fields': {1: 10.669911730730247, 2: 11.962540484580268, 3: 13.878353098666485, 4: 13.291979774150157, 5: 12.52649719948296, 6: 14.921056810678413, 7: 15.460481567133744, 8: 14.718344333969167, 9: 13.153227020966854, 10: 15.2749850072318, 11: 15.888388960912392, 12: 16.042758745545967, 13: 11.852706284285334, 14: 13.429683890978662, 15: 14.693424936217038, 16: 14.87122680697866}}]
Write points: [{'measurement': 'SIABcurrent', 'tags': {'metric': 'mA'}, 'time': '2024-05-10T10:41:54z', 'fields': {1: 185.67273489336003, 2: 198.11465256462003, 3: 188.38054711608, 4: 188.07925320162005, 5: 194.36235802698002, 6: 194.76838825884005, 7: 191.38337883984005, 8: 190.23975102726004, 9: 192.02039049336003, 10: 195.05657182308005, 11: 190.62595704240005, 12: 193.71748504614004, 13: 183.62576244672002, 14: 193.44272921490003, 15: 193.11423803760005, 16: 189.24360855114003}}]
Write points: [{'measurement': 'Modules_Status', 'tags': {'metric': 'num'}, 'time': '2024-05-10T10:42:54z', 'fields': {1: 1.0, 2: 1.0, 3: 1.0, 4: 1.0, 5: 1.0}}]
Write points: [{'measurement': 'TriggerRate', 'tags': {'metric1': 'num', 'metric2': 'null'}, 'time': '2024-05-10T10:42:54z', 'fields': {'value1': 134, 'value2': 'null'}}]
Write points: [{'measurement': 'MUSIC_Power', 'tags': {'metric': 'num'}, 'time': '2024-05-10T10:42:54z', 'fields': {1: 1.0, 2: 1.0, 3: 1.0, 4: 1.0, 5: 1.0, 6: 1.0, 7: 1.0, 8: 1.0, 9: 1.0, 10: 1.0, 11: 1.0, 12: 1.0, 13: 1.0, 14: 1.0, 15: 1.0, 16: 1.0}}]
Write points: [{'measurement': 'HV_Status', 'tags': {'metric': 'num'}, 'time': '2024-05-10T10:42:54z', 'fields': {1: 1.0, 2: 1.0, 3: 1.0, 4: 1.0, 5: 1.0, 6: 1.0, 7: 1.0, 8: 1.0, 9: 1.0, 10: 1.0, 11: 1.0, 12: 1.0, 13: 1.0, 14: 1.0, 15: 1.0, 16: 1.0}}]
Write points: [{'measurement': 'ASADCurrent', 'tags': {'metric1': 'mA', 'metric2': 'null'}, 'time': '2024-05-10T10:42:54z', 'fields': {'value1': 1219.7191133820002, 'value2': 'null'}}]
Write points: [{'measurement': 'TBCurrent', 'tags': {'metric1': 'mA', 'metric2': 'null'}, 'time': '2024-05-10T10:42:54z', 'fields': {'value1': 238.06589359080002, 'value2': 'null'}}]
Write points: [{'measurement': 'HV', 'tags': {'metric': 'V'}, 'time': '2024-05-10T10:42:54z', 'fields': {1: 44.020190148420006, 2: 44.01352877247, 3: 44.038842001080006, 4: 44.06761665495001}}]
Write points: [{'measurement': 'HV_currents', 'tags': {'metric': 'mA'}, 'time': '2024-05-10T10:42:54z', 'fields': {1: 5.068942352034, 2: 4.4942280554159995, 3: 5.196671831142001, 4: 4.621999038426001}}]
Write points: [{'measurement': 'SiPM_temps', 'tags': {'metric': 'C'}, 'time': '2024-05-10T10:42:54z', 'fields': {1: 10.188970627846983, 2: 11.249380741200556, 3: 11.480342566415034, 4: 10.880716805787754, 5: 11.188800009473455, 6: 12.370422010977128, 7: 12.815776039131414, 8: 12.242863858425617, 9: 11.384288596600221, 10: 12.887985278404368, 11: 13.204890191560361, 12: 12.725174440281947, 13: 10.813471071432817, 14: 11.693458453945807, 15: 12.284295431999622, 16: 12.021099157701608}}]
Write points: [{'measurement': 'UC_temps', 'tags': {'metric': 'C'}, 'time': '2024-05-10T10:42:54z', 'fields': {1: 10.669911730730247, 2: 11.962540484580268, 3: 13.02023443801809, 4: 13.291979774150157, 5: 11.664799655320962, 6: 14.085236913149933, 7: 15.460481567133744, 8: 15.56238288965039, 9: 12.316560967855294, 10: 15.2749850072318, 11: 15.888388960912392, 12: 16.042758745545967, 13: 11.852706284285334, 14: 13.429683890978662, 15: 14.693424936217038, 16: 14.056722107286543}}]
Write points: [{'measurement': 'SIABcurrent', 'tags': {'metric': 'mA'}, 'time': '2024-05-10T10:42:54z', 'fields': {1: 185.62439505456, 2: 198.04675706376003, 3: 188.33550317538, 4: 188.00122586586005, 5: 194.32808068674004, 6: 194.71890095922004, 7: 191.34512200782004, 8: 190.19482915686, 9: 191.89697742006, 10: 195.03044877888004, 11: 190.57959474246005, 12: 193.64790497514002, 13: 183.5923884267, 14: 193.37368625322006, 15: 193.06299292566004, 16: 189.21194351532003}}]
Write points: [{'measurement': 'Modules_Status', 'tags': {'metric': 'num'}, 'time': '2024-05-10T10:43:54z', 'fields': {1: 1.0, 2: 1.0, 3: 1.0, 4: 1.0, 5: 1.0}}]
Write points: [{'measurement': 'TriggerRate', 'tags': {'metric1': 'num', 'metric2': 'null'}, 'time': '2024-05-10T10:43:54z', 'fields': {'value1': 134, 'value2': 'null'}}]
Write points: [{'measurement': 'MUSIC_Power', 'tags': {'metric': 'num'}, 'time': '2024-05-10T10:43:54z', 'fields': {1: 1.0, 2: 1.0, 3: 1.0, 4: 1.0, 5: 1.0, 6: 1.0, 7: 1.0, 8: 1.0, 9: 1.0, 10: 1.0, 11: 1.0, 12: 1.0, 13: 1.0, 14: 1.0, 15: 1.0, 16: 1.0}}]
Write points: [{'measurement': 'HV_Status', 'tags': {'metric': 'num'}, 'time': '2024-05-10T10:43:54z', 'fields': {1: 1.0, 2: 1.0, 3: 1.0, 4: 1.0, 5: 1.0, 6: 1.0, 7: 1.0, 8: 1.0, 9: 1.0, 10: 1.0, 11: 1.0, 12: 1.0, 13: 1.0, 14: 1.0, 15: 1.0, 16: 1.0}}]
Write points: [{'measurement': 'ASADCurrent', 'tags': {'metric1': 'mA', 'metric2': 'null'}, 'time': '2024-05-10T10:43:54z', 'fields': {'value1': 1219.8511934466, 'value2': 'null'}}]
Write points: [{'measurement': 'TBCurrent', 'tags': {'metric1': 'mA', 'metric2': 'null'}, 'time': '2024-05-10T10:43:54z', 'fields': {'value1': 238.17966311040004, 'value2': 'null'}}]
Write points: [{'measurement': 'HV', 'tags': {'metric': 'V'}, 'time': '2024-05-10T10:43:54z', 'fields': {1: 44.021123986170004, 2: 44.013665735340005, 3: 44.039887899360004, 4: 44.06537544435}}]
Write points: [{'measurement': 'HV_currents', 'tags': {'metric': 'mA'}, 'time': '2024-05-10T10:43:54z', 'fields': {1: 5.074061980416, 2: 4.50098830863, 3: 5.2121430209640005, 4: 4.629276869712}}]
Write points: [{'measurement': 'SiPM_temps', 'tags': {'metric': 'C'}, 'time': '2024-05-10T10:43:54z', 'fields': {1: 10.188970627846983, 2: 11.249380741200556, 3: 11.539365036269308, 4: 10.880716805787754, 5: 11.248009094515464, 6: 12.370422010977128, 7: 12.815776039131414, 8: 12.242863858425617, 9: 11.384288596600221, 10: 12.887985278404368, 11: 13.204890191560361, 12: 12.725174440281947, 13: 10.813471071432817, 14: 11.752776064157926, 15: 12.284295431999622, 16: 12.021099157701608}}]
Write points: [{'measurement': 'UC_temps', 'tags': {'metric': 'C'}, 'time': '2024-05-10T10:43:54z', 'fields': {1: 10.669911730730247, 2: 11.962540484580268, 3: 13.878353098666485, 4: 13.291979774150157, 5: 12.52649719948296, 6: 14.921056810678413, 7: 15.460481567133744, 8: 14.718344333969167, 9: 12.316560967855294, 10: 15.2749850072318, 11: 15.888388960912392, 12: 16.042758745545967, 13: 11.852706284285334, 14: 13.429683890978662, 15: 14.693424936217038, 16: 14.87122680697866}}]
Write points: [{'measurement': 'SIABcurrent', 'tags': {'metric': 'mA'}, 'time': '2024-05-10T10:43:54z', 'fields': {1: 185.63503958472003, 2: 198.04971116502003, 3: 188.34966333018002, 4: 187.99834500678006, 5: 194.3378707248, 6: 194.74871052648, 7: 191.37559075470003, 8: 190.22307622428002, 9: 191.94351061842005, 10: 195.01785112392002, 11: 190.57273439160002, 12: 193.63994599158002, 13: 183.58792065372003, 14: 193.35979465308006, 15: 193.04370581826004, 16: 189.20271500064}}]
Write points: [{'measurement': 'Modules_Status', 'tags': {'metric': 'num'}, 'time': '2024-05-10T10:44:54z', 'fields': {1: 1.0, 2: 1.0, 3: 1.0, 4: 1.0, 5: 1.0}}]
Write points: [{'measurement': 'TriggerRate', 'tags': {'metric1': 'num', 'metric2': 'null'}, 'time': '2024-05-10T10:44:54z', 'fields': {'value1': 138, 'value2': 'null'}}]
Write points: [{'measurement': 'MUSIC_Power', 'tags': {'metric': 'num'}, 'time': '2024-05-10T10:44:54z', 'fields': {1: 1.0, 2: 1.0, 3: 1.0, 4: 1.0, 5: 1.0, 6: 1.0, 7: 1.0, 8: 1.0, 9: 1.0, 10: 1.0, 11: 1.0, 12: 1.0, 13: 1.0, 14: 1.0, 15: 1.0, 16: 1.0}}]
Write points: [{'measurement': 'HV_Status', 'tags': {'metric': 'num'}, 'time': '2024-05-10T10:44:54z', 'fields': {1: 1.0, 2: 1.0, 3: 1.0, 4: 1.0, 5: 1.0, 6: 1.0, 7: 1.0, 8: 1.0, 9: 1.0, 10: 1.0, 11: 1.0, 12: 1.0, 13: 1.0, 14: 1.0, 15: 1.0, 16: 1.0}}]
Write points: [{'measurement': 'ASADCurrent', 'tags': {'metric1': 'mA', 'metric2': 'null'}, 'time': '2024-05-10T10:44:54z', 'fields': {'value1': 1219.6373262810002, 'value2': 'null'}}]
Write points: [{'measurement': 'TBCurrent', 'tags': {'metric1': 'mA', 'metric2': 'null'}, 'time': '2024-05-10T10:44:54z', 'fields': {'value1': 235.57321806480002, 'value2': 'null'}}]
Write points: [{'measurement': 'HV', 'tags': {'metric': 'V'}, 'time': '2024-05-10T10:44:54z', 'fields': {1: 44.02162203297001, 2: 44.013105432690004, 3: 44.04080928594001, 4: 44.0658112353}}]
Write points: [{'measurement': 'HV_currents', 'tags': {'metric': 'mA'}, 'time': '2024-05-10T10:44:54z', 'fields': {1: 5.062050262896, 2: 4.503742214598, 3: 5.2172260282559995, 4: 4.636171400256}}]
Write points: [{'measurement': 'SiPM_temps', 'tags': {'metric': 'C'}, 'time': '2024-05-10T10:44:54z', 'fields': {1: 10.188970627846983, 2: 11.249380741200556, 3: 11.539365036269308, 4: 10.880716805787754, 5: 11.248009094515464, 6: 12.429502366168222, 7: 12.875138016597608, 8: 12.302368895527007, 9: 11.44345634307826, 10: 12.887985278404368, 11: 13.264584912756165, 12: 12.784356893868107, 13: 10.813471071432817, 14: 11.752776064157926, 15: 12.343344040814399, 16: 12.021099157701608}}]
Write points: [{'measurement': 'UC_temps', 'tags': {'metric': 'C'}, 'time': '2024-05-10T10:44:54z', 'fields': {1: 10.669911730730247, 2: 11.962540484580268, 3: 13.02023443801809, 4: 13.291979774150157, 5: 11.664799655320962, 6: 14.085236913149933, 7: 15.460481567133744, 8: 15.56238288965039, 9: 13.153227020966854, 10: 14.393057466398554, 11: 15.888388960912392, 12: 16.042758745545967, 13: 11.852706284285334, 14: 13.429683890978662, 15: 14.693424936217038, 16: 14.87122680697866}}]
Write points: [{'measurement': 'SIABcurrent', 'tags': {'metric': 'mA'}, 'time': '2024-05-10T10:44:54z', 'fields': {1: 185.57922904356005, 2: 198.05068772742004, 3: 188.35173852528004, 4: 188.03669949504004, 5: 194.34458459130002, 6: 194.74788044844004, 7: 191.35901360796004, 8: 190.19949224232005, 9: 191.91360339492002, 10: 195.04148393400004, 11: 190.55322755766002, 12: 193.66487274684002, 13: 183.55711011000002, 14: 193.38018039318004, 15: 193.06011206658005, 16: 189.21611831958}}]
Write points: [{'measurement': 'Modules_Status', 'tags': {'metric': 'num'}, 'time': '2024-05-10T10:45:54z', 'fields': {1: 1.0, 2: 1.0, 3: 1.0, 4: 1.0, 5: 1.0}}]
Write points: [{'measurement': 'TriggerRate', 'tags': {'metric1': 'num', 'metric2': 'null'}, 'time': '2024-05-10T10:45:54z', 'fields': {'value1': 138, 'value2': 'null'}}]
Write points: [{'measurement': 'MUSIC_Power', 'tags': {'metric': 'num'}, 'time': '2024-05-10T10:45:54z', 'fields': {1: 1.0, 2: 1.0, 3: 1.0, 4: 1.0, 5: 1.0, 6: 1.0, 7: 1.0, 8: 1.0, 9: 1.0, 10: 1.0, 11: 1.0, 12: 1.0, 13: 1.0, 14: 1.0, 15: 1.0, 16: 1.0}}]
Write points: [{'measurement': 'HV_Status', 'tags': {'metric': 'num'}, 'time': '2024-05-10T10:45:54z', 'fields': {1: 1.0, 2: 1.0, 3: 1.0, 4: 1.0, 5: 1.0, 6: 1.0, 7: 1.0, 8: 1.0, 9: 1.0, 10: 1.0, 11: 1.0, 12: 1.0, 13: 1.0, 14: 1.0, 15: 1.0, 16: 1.0}}]
Write points: [{'measurement': 'ASADCurrent', 'tags': {'metric1': 'mA', 'metric2': 'null'}, 'time': '2024-05-10T10:45:54z', 'fields': {'value1': 1219.6646700282001, 'value2': 'null'}}]
Write points: [{'measurement': 'TBCurrent', 'tags': {'metric1': 'mA', 'metric2': 'null'}, 'time': '2024-05-10T10:45:54z', 'fields': {'value1': 235.55124541080005, 'value2': 'null'}}]
Write points: [{'measurement': 'HV', 'tags': {'metric': 'V'}, 'time': '2024-05-10T10:45:54z', 'fields': {1: 44.02630367289001, 2: 44.01685323486001, 3: 44.03886690342001, 4: 44.06764155729}}]
Write points: [{'measurement': 'HV_currents', 'tags': {'metric': 'mA'}, 'time': '2024-05-10T10:45:54z', 'fields': {1: 5.2919892041939995, 2: 4.696144538646, 3: 5.5763544094499995, 4: 4.859386709430001}}]
Write points: [{'measurement': 'SiPM_temps', 'tags': {'metric': 'C'}, 'time': '2024-05-10T10:45:54z', 'fields': {1: 10.188970627846983, 2: 11.249380741200556, 3: 11.539365036269308, 4: 10.880716805787754, 5: 11.248009094515464, 6: 12.429502366168222, 7: 12.875138016597608, 8: 12.302368895527007, 9: 11.384288596600221, 10: 12.887985278404368, 11: 13.264584912756165, 12: 12.784356893868107, 13: 10.813471071432817, 14: 11.752776064157926, 15: 12.343344040814399, 16: 12.021099157701608}}]
Write points: [{'measurement': 'UC_temps', 'tags': {'metric': 'C'}, 'time': '2024-05-10T10:45:54z', 'fields': {1: 10.669911730730247, 2: 11.962540484580268, 3: 13.02023443801809, 4: 13.291979774150157, 5: 11.664799655320962, 6: 14.085236913149933, 7: 15.460481567133744, 8: 14.718344333969167, 9: 12.316560967855294, 10: 15.2749850072318, 11: 15.888388960912392, 12: 16.042758745545967, 13: 11.852706284285334, 14: 13.429683890978662, 15: 14.693424936217038, 16: 14.87122680697866}}]
Write points: [{'measurement': 'SIABcurrent', 'tags': {'metric': 'mA'}, 'time': '2024-05-10T10:45:54z', 'fields': {1: 185.76018605628005, 2: 198.36968183538002, 3: 188.62412619270003, 4: 188.22563990538004, 5: 194.65583944224002, 6: 195.16062454680005, 7: 191.64753896904006, 8: 190.34888187546002, 9: 192.15149399556, 10: 195.32056105386002, 11: 190.79124022860003, 12: 193.83384245610003, 13: 183.85100656428003, 14: 193.85046843096003, 15: 193.40820773406006, 16: 189.37317396756004}}]
Write points: [{'measurement': 'Modules_Status', 'tags': {'metric': 'num'}, 'time': '2024-05-10T10:46:54z', 'fields': {1: 1.0, 2: 1.0, 3: 1.0, 4: 1.0, 5: 1.0}}]
Write points: [{'measurement': 'TriggerRate', 'tags': {'metric1': 'num', 'metric2': 'null'}, 'time': '2024-05-10T10:46:54z', 'fields': {'value1': 144, 'value2': 'null'}}]
Write points: [{'measurement': 'MUSIC_Power', 'tags': {'metric': 'num'}, 'time': '2024-05-10T10:46:54z', 'fields': {1: 1.0, 2: 1.0, 3: 1.0, 4: 1.0, 5: 1.0, 6: 1.0, 7: 1.0, 8: 1.0, 9: 1.0, 10: 1.0, 11: 1.0, 12: 1.0, 13: 1.0, 14: 1.0, 15: 1.0, 16: 1.0}}]
Write points: [{'measurement': 'HV_Status', 'tags': {'metric': 'num'}, 'time': '2024-05-10T10:46:54z', 'fields': {1: 1.0, 2: 1.0, 3: 1.0, 4: 1.0, 5: 1.0, 6: 1.0, 7: 1.0, 8: 1.0, 9: 1.0, 10: 1.0, 11: 1.0, 12: 1.0, 13: 1.0, 14: 1.0, 15: 1.0, 16: 1.0}}]
Write points: [{'measurement': 'ASADCurrent', 'tags': {'metric1': 'mA', 'metric2': 'null'}, 'time': '2024-05-10T10:46:54z', 'fields': {'value1': 1219.9161348462, 'value2': 'null'}}]
Write points: [{'measurement': 'TBCurrent', 'tags': {'metric1': 'mA', 'metric2': 'null'}, 'time': '2024-05-10T10:46:54z', 'fields': {'value1': 235.51926299220003, 'value2': 'null'}}]
Write points: [{'measurement': 'HV', 'tags': {'metric': 'V'}, 'time': '2024-05-10T10:46:54z', 'fields': {1: 44.02263057774, 2: 44.012582483550005, 3: 44.04234077985001, 4: 44.06816450643001}}]
Write points: [{'measurement': 'HV_currents', 'tags': {'metric': 'mA'}, 'time': '2024-05-10T10:46:54z', 'fields': {1: 5.061015106752, 2: 4.51602736959, 3: 5.214699173046, 4: 4.66292676861}}]
Write points: [{'measurement': 'SiPM_temps', 'tags': {'metric': 'C'}, 'time': '2024-05-10T10:46:54z', 'fields': {1: 10.248828286335097, 2: 11.30906833632766, 3: 11.598387506123581, 4: 10.9402126381047, 5: 11.248009094515464, 6: 12.488582721359318, 7: 12.875138016597608, 8: 12.302368895527007, 9: 11.44345634307826, 10: 12.947346551110055, 11: 13.264584912756165, 12: 12.784356893868107, 13: 10.813471071432817, 14: 11.812093674370047, 15: 12.343344040814399, 16: 12.080667643589834}}]
Write points: [{'measurement': 'UC_temps', 'tags': {'metric': 'C'}, 'time': '2024-05-10T10:46:54z', 'fields': {1: 10.669911730730247, 2: 11.962540484580268, 3: 13.878353098666485, 4: 13.291979774150157, 5: 12.52649719948296, 6: 14.085236913149933, 7: 15.460481567133744, 8: 14.718344333969167, 9: 12.316560967855294, 10: 15.2749850072318, 11: 15.888388960912392, 12: 16.042758745545967, 13: 11.852706284285334, 14: 13.429683890978662, 15: 14.693424936217038, 16: 14.87122680697866}}]
Write points: [{'measurement': 'SIABcurrent', 'tags': {'metric': 'mA'}, 'time': '2024-05-10T10:46:54z', 'fields': {1: 185.58992240184003, 2: 198.09534104316, 3: 188.34702661170004, 4: 188.04163113516003, 5: 194.37187951038004, 6: 194.77966755456004, 7: 191.39795403366006, 8: 190.25833012692001, 9: 191.89973620884004, 10: 195.06699662670002, 11: 190.61399415300002, 12: 193.70698700034, 13: 183.56685131994004, 14: 193.44253390242005, 15: 193.09521948486002, 16: 189.27742202424002}}]
Write points: [{'measurement': 'Modules_Status', 'tags': {'metric': 'num'}, 'time': '2024-05-10T10:47:54z', 'fields': {1: 1.0, 2: 1.0, 3: 1.0, 4: 1.0, 5: 1.0}}]
Write points: [{'measurement': 'TriggerRate', 'tags': {'metric1': 'num', 'metric2': 'null'}, 'time': '2024-05-10T10:47:54z', 'fields': {'value1': 144, 'value2': 'null'}}]
Write points: [{'measurement': 'MUSIC_Power', 'tags': {'metric': 'num'}, 'time': '2024-05-10T10:47:54z', 'fields': {1: 1.0, 2: 1.0, 3: 1.0, 4: 1.0, 5: 1.0, 6: 1.0, 7: 1.0, 8: 1.0, 9: 1.0, 10: 1.0, 11: 1.0, 12: 1.0, 13: 1.0, 14: 1.0, 15: 1.0, 16: 1.0}}]
Write points: [{'measurement': 'HV_Status', 'tags': {'metric': 'num'}, 'time': '2024-05-10T10:47:54z', 'fields': {1: 1.0, 2: 1.0, 3: 1.0, 4: 1.0, 5: 1.0, 6: 1.0, 7: 1.0, 8: 1.0, 9: 1.0, 10: 1.0, 11: 1.0, 12: 1.0, 13: 1.0, 14: 1.0, 15: 1.0, 16: 1.0}}]
Write points: [{'measurement': 'ASADCurrent', 'tags': {'metric1': 'mA', 'metric2': 'null'}, 'time': '2024-05-10T10:47:54z', 'fields': {'value1': 1219.6519747170003, 'value2': 'null'}}]
Write points: [{'measurement': 'TBCurrent', 'tags': {'metric1': 'mA', 'metric2': 'null'}, 'time': '2024-05-10T10:47:54z', 'fields': {'value1': 235.57028837760004, 'value2': 'null'}}]
Write points: [{'measurement': 'HV', 'tags': {'metric': 'V'}, 'time': '2024-05-10T10:47:54z', 'fields': {1: 44.02619161236001, 2: 44.014960657020005, 3: 44.03678755803001, 4: 44.063134233750006}}]
Write points: [{'measurement': 'HV_currents', 'tags': {'metric': 'mA'}, 'time': '2024-05-10T10:47:54z', 'fields': {1: 5.292887641602, 2: 4.670558603766, 3: 5.516019942972, 4: 4.848781241766}}]
Write points: [{'measurement': 'SiPM_temps', 'tags': {'metric': 'C'}, 'time': '2024-05-10T10:47:54z', 'fields': {1: 10.248828286335097, 2: 11.30906833632766, 3: 11.598387506123581, 4: 10.9402126381047, 5: 11.248009094515464, 6: 12.429502366168222, 7: 12.875138016597608, 8: 12.302368895527007, 9: 11.44345634307826, 10: 12.947346551110055, 11: 13.264584912756165, 12: 12.784356893868107, 13: 10.813471071432817, 14: 11.752776064157926, 15: 12.343344040814399, 16: 12.080667643589834}}]
Write points: [{'measurement': 'UC_temps', 'tags': {'metric': 'C'}, 'time': '2024-05-10T10:47:54z', 'fields': {1: 11.551722617567455, 2: 11.962540484580268, 3: 13.878353098666485, 4: 13.291979774150157, 5: 11.664799655320962, 6: 14.085236913149933, 7: 15.460481567133744, 8: 14.718344333969167, 9: 12.316560967855294, 10: 15.2749850072318, 11: 15.888388960912392, 12: 16.042758745545967, 13: 11.852706284285334, 14: 13.429683890978662, 15: 14.693424936217038, 16: 14.87122680697866}}]
Write points: [{'measurement': 'SIABcurrent', 'tags': {'metric': 'mA'}, 'time': '2024-05-10T10:47:54z', 'fields': {1: 185.75354543196002, 2: 198.42720136074004, 3: 188.61350607660003, 4: 188.17935084762004, 5: 194.56819296684003, 6: 195.05327592498003, 7: 191.61531240984002, 8: 190.30513187994003, 9: 192.14280259020003, 10: 195.32385695196004, 11: 190.75049316246003, 12: 193.74619598070004, 13: 183.70252025136003, 14: 193.70830535958004, 15: 193.31611789974002, 16: 189.40374037068003}}]
Write points: [{'measurement': 'Modules_Status', 'tags': {'metric': 'num'}, 'time': '2024-05-10T10:48:54z', 'fields': {1: 1.0, 2: 1.0, 3: 1.0, 4: 1.0, 5: 1.0}}]
Write points: [{'measurement': 'TriggerRate', 'tags': {'metric1': 'num', 'metric2': 'null'}, 'time': '2024-05-10T10:48:54z', 'fields': {'value1': 139, 'value2': 'null'}}]
Write points: [{'measurement': 'MUSIC_Power', 'tags': {'metric': 'num'}, 'time': '2024-05-10T10:48:54z', 'fields': {1: 1.0, 2: 1.0, 3: 1.0, 4: 1.0, 5: 1.0, 6: 1.0, 7: 1.0, 8: 1.0, 9: 1.0, 10: 1.0, 11: 1.0, 12: 1.0, 13: 1.0, 14: 1.0, 15: 1.0, 16: 1.0}}]
Write points: [{'measurement': 'HV_Status', 'tags': {'metric': 'num'}, 'time': '2024-05-10T10:48:54z', 'fields': {1: 1.0, 2: 1.0, 3: 1.0, 4: 1.0, 5: 1.0, 6: 1.0, 7: 1.0, 8: 1.0, 9: 1.0, 10: 1.0, 11: 1.0, 12: 1.0, 13: 1.0, 14: 1.0, 15: 1.0, 16: 1.0}}]
Write points: [{'measurement': 'ASADCurrent', 'tags': {'metric1': 'mA', 'metric2': 'null'}, 'time': '2024-05-10T10:48:54z', 'fields': {'value1': 1219.766720799, 'value2': 'null'}}]
Write points: [{'measurement': 'TBCurrent', 'tags': {'metric1': 'mA', 'metric2': 'null'}, 'time': '2024-05-10T10:48:54z', 'fields': {'value1': 238.1166748356, 'value2': 'null'}}]
Write points: [{'measurement': 'HV', 'tags': {'metric': 'V'}, 'time': '2024-05-10T10:48:54z', 'fields': {1: 44.01840963111, 2: 44.014300745010004, 3: 44.04138203976001, 4: 44.066720170710006}}]
Write points: [{'measurement': 'HV_currents', 'tags': {'metric': 'mA'}, 'time': '2024-05-10T10:48:54z', 'fields': {1: 5.216618118162001, 2: 4.62662306139, 3: 5.344086366828, 4: 4.772624023002001}}]
Write points: [{'measurement': 'SiPM_temps', 'tags': {'metric': 'C'}, 'time': '2024-05-10T10:48:54z', 'fields': {1: 10.248828286335097, 2: 11.30906833632766, 3: 11.598387506123581, 4: 10.9402126381047, 5: 11.248009094515464, 6: 12.488582721359318, 7: 12.875138016597608, 8: 12.302368895527007, 9: 11.44345634307826, 10: 12.947346551110055, 11: 13.32427963395197, 12: 12.784356893868107, 13: 10.813471071432817, 14: 11.812093674370047, 15: 12.343344040814399, 16: 12.080667643589834}}]
Write points: [{'measurement': 'UC_temps', 'tags': {'metric': 'C'}, 'time': '2024-05-10T10:48:54z', 'fields': {1: 10.669911730730247, 2: 11.962540484580268, 3: 13.878353098666485, 4: 13.291979774150157, 5: 11.664799655320962, 6: 14.085236913149933, 7: 15.460481567133744, 8: 14.718344333969167, 9: 13.153227020966854, 10: 14.393057466398554, 11: 15.888388960912392, 12: 16.042758745545967, 13: 11.852706284285334, 14: 13.429683890978662, 15: 14.693424936217038, 16: 14.87122680697866}}]
Write points: [{'measurement': 'SIABcurrent', 'tags': {'metric': 'mA'}, 'time': '2024-05-10T10:48:54z', 'fields': {1: 185.62090384398005, 2: 198.23074141992004, 3: 188.48574730062003, 4: 188.13887233614003, 5: 194.48174278038005, 6: 194.96482378560003, 7: 191.51738761518004, 8: 190.32275883126005, 9: 192.00366686226005, 10: 195.19004348910002, 11: 190.69250976996003, 12: 193.78713835932004, 13: 183.63794506266004, 14: 193.62788544594002, 15: 193.28872532442, 16: 189.35620619586004}}]
Write points: [{'measurement': 'Modules_Status', 'tags': {'metric': 'num'}, 'time': '2024-05-10T10:49:54z', 'fields': {1: 1.0, 2: 1.0, 3: 1.0, 4: 1.0, 5: 1.0}}]
Write points: [{'measurement': 'TriggerRate', 'tags': {'metric1': 'num', 'metric2': 'null'}, 'time': '2024-05-10T10:49:54z', 'fields': {'value1': 139, 'value2': 'null'}}]
Write points: [{'measurement': 'MUSIC_Power', 'tags': {'metric': 'num'}, 'time': '2024-05-10T10:49:54z', 'fields': {1: 1.0, 2: 1.0, 3: 1.0, 4: 1.0, 5: 1.0, 6: 1.0, 7: 1.0, 8: 1.0, 9: 1.0, 10: 1.0, 11: 1.0, 12: 1.0, 13: 1.0, 14: 1.0, 15: 1.0, 16: 1.0}}]
Write points: [{'measurement': 'HV_Status', 'tags': {'metric': 'num'}, 'time': '2024-05-10T10:49:54z', 'fields': {1: 1.0, 2: 1.0, 3: 1.0, 4: 1.0, 5: 1.0, 6: 1.0, 7: 1.0, 8: 1.0, 9: 1.0, 10: 1.0, 11: 1.0, 12: 1.0, 13: 1.0, 14: 1.0, 15: 1.0, 16: 1.0}}]
Write points: [{'measurement': 'ASADCurrent', 'tags': {'metric1': 'mA', 'metric2': 'null'}, 'time': '2024-05-10T10:49:54z', 'fields': {'value1': 1219.8756075066, 'value2': 'null'}}]
Write points: [{'measurement': 'TBCurrent', 'tags': {'metric1': 'mA', 'metric2': 'null'}, 'time': '2024-05-10T10:49:54z', 'fields': {'value1': 238.10861819580003, 'value2': 'null'}}]
Write points: [{'measurement': 'HV', 'tags': {'metric': 'V'}, 'time': '2024-05-10T10:49:54z', 'fields': {1: 44.020289757780006, 2: 44.00666817780001, 3: 44.030026572720004, 4: 44.06014595295001}}]
Write points: [{'measurement': 'HV_currents', 'tags': {'metric': 'mA'}, 'time': '2024-05-10T10:49:54z', 'fields': {1: 5.81559999042, 2: 5.449769949756, 3: 5.983378293552, 4: 5.603192785608}}]
Write points: [{'measurement': 'SiPM_temps', 'tags': {'metric': 'C'}, 'time': '2024-05-10T10:49:54z', 'fields': {1: 10.368543603311329, 2: 11.42844352658187, 3: 11.716432445832128, 4: 11.059204302738593, 5: 11.366427264599482, 6: 12.60674343174151, 7: 13.053223948996187, 8: 12.421378969729789, 9: 11.502624089556301, 10: 13.066069096521428, 11: 13.443669076343578, 12: 12.90272180104043, 13: 10.932347451884784, 14: 11.930728894794285, 15: 12.461441258443951, 16: 12.199804615366284}}]
Write points: [{'measurement': 'UC_temps', 'tags': {'metric': 'C'}, 'time': '2024-05-10T10:49:54z', 'fields': {1: 10.669911730730247, 2: 11.962540484580268, 3: 13.878353098666485, 4: 13.291979774150157, 5: 12.52649719948296, 6: 14.085236913149933, 7: 14.6102571078765, 8: 15.56238288965039, 9: 13.153227020966854, 10: 15.2749850072318, 11: 15.888388960912392, 12: 16.042758745545967, 13: 11.852706284285334, 14: 13.429683890978662, 15: 14.693424936217038, 16: 14.87122680697866}}]
Write points: [{'measurement': 'SIABcurrent', 'tags': {'metric': 'mA'}, 'time': '2024-05-10T10:49:54z', 'fields': {1: 185.93386767912003, 2: 199.03621008744003, 3: 189.39038587986002, 4: 189.10815934626004, 5: 195.02498002944003, 6: 195.77151315612005, 7: 192.39519514248005, 8: 191.08564937814003, 9: 192.37771467552005, 10: 195.91489693050002, 11: 191.50186027302001, 12: 194.59739218260003, 13: 184.11958563834003, 14: 194.41643516988003, 15: 194.09641567140002, 16: 190.09360846410004}}]
Write points: [{'measurement': 'Modules_Status', 'tags': {'metric': 'num'}, 'time': '2024-05-10T10:50:54z', 'fields': {1: 1.0, 2: 1.0, 3: 1.0, 4: 1.0, 5: 1.0}}]
Write points: [{'measurement': 'TriggerRate', 'tags': {'metric1': 'num', 'metric2': 'null'}, 'time': '2024-05-10T10:50:54z', 'fields': {'value1': 200, 'value2': 'null'}}]
Write points: [{'measurement': 'MUSIC_Power', 'tags': {'metric': 'num'}, 'time': '2024-05-10T10:50:54z', 'fields': {1: 1.0, 2: 1.0, 3: 1.0, 4: 1.0, 5: 1.0, 6: 1.0, 7: 1.0, 8: 1.0, 9: 1.0, 10: 1.0, 11: 1.0, 12: 1.0, 13: 1.0, 14: 1.0, 15: 1.0, 16: 1.0}}]
Write points: [{'measurement': 'HV_Status', 'tags': {'metric': 'num'}, 'time': '2024-05-10T10:50:54z', 'fields': {1: 1.0, 2: 1.0, 3: 1.0, 4: 1.0, 5: 1.0, 6: 1.0, 7: 1.0, 8: 1.0, 9: 1.0, 10: 1.0, 11: 1.0, 12: 1.0, 13: 1.0, 14: 1.0, 15: 1.0, 16: 1.0}}]
Write points: [{'measurement': 'ASADCurrent', 'tags': {'metric1': 'mA', 'metric2': 'null'}, 'time': '2024-05-10T10:50:54z', 'fields': {'value1': 1219.800900483, 'value2': 'null'}}]
Write points: [{'measurement': 'TBCurrent', 'tags': {'metric1': 'mA', 'metric2': 'null'}, 'time': '2024-05-10T10:50:54z', 'fields': {'value1': 236.79953629860003, 'value2': 'null'}}]
Write points: [{'measurement': 'HV', 'tags': {'metric': 'V'}, 'time': '2024-05-10T10:50:54z', 'fields': {1: 44.02239400551001, 2: 44.016268029870005, 3: 44.04286372899001, 4: 44.06457856947001}}]
Write points: [{'measurement': 'HV_currents', 'tags': {'metric': 'mA'}, 'time': '2024-05-10T10:50:54z', 'fields': {1: 5.38885442865, 2: 4.902836412012, 3: 5.52507267642, 4: 5.020319310138}}]
Write points: [{'measurement': 'SiPM_temps', 'tags': {'metric': 'C'}, 'time': '2024-05-10T10:50:54z', 'fields': {1: 10.368543603311329, 2: 11.488131121708975, 3: 11.716432445832128, 4: 11.059204302738593, 5: 11.366427264599482, 6: 12.60674343174151, 7: 13.053223948996187, 8: 12.480884006831179, 9: 11.56179183603434, 10: 13.066069096521428, 11: 13.443669076343578, 12: 12.96190425462659, 13: 10.932347451884784, 14: 11.930728894794285, 15: 12.520489867258727, 16: 12.199804615366284}}]
Write points: [{'measurement': 'UC_temps', 'tags': {'metric': 'C'}, 'time': '2024-05-10T10:50:54z', 'fields': {1: 10.669911730730247, 2: 11.962540484580268, 3: 13.878353098666485, 4: 13.291979774150157, 5: 12.52649719948296, 6: 14.085236913149933, 7: 15.460481567133744, 8: 14.718344333969167, 9: 12.316560967855294, 10: 15.2749850072318, 11: 15.888388960912392, 12: 16.042758745545967, 13: 11.852706284285334, 14: 13.429683890978662, 15: 14.693424936217038, 16: 14.87122680697866}}]
Write points: [{'measurement': 'SIABcurrent', 'tags': {'metric': 'mA'}, 'time': '2024-05-10T10:50:54z', 'fields': {1: 185.76848683668004, 2: 198.48083905056, 3: 188.78281758270003, 4: 188.5341603816, 5: 194.60979452508005, 6: 195.16145462484005, 7: 191.77190419068003, 8: 190.57498048512002, 9: 192.17209946220004, 10: 195.43264600332006, 11: 190.98379391982002, 12: 194.05356899610004, 13: 183.76951243200003, 14: 193.82107390272003, 15: 193.51169893440002, 16: 189.64231456500002}}]
Write points: [{'measurement': 'Modules_Status', 'tags': {'metric': 'num'}, 'time': '2024-05-10T10:51:54z', 'fields': {1: 1.0, 2: 1.0, 3: 1.0, 4: 1.0, 5: 1.0}}]
Write points: [{'measurement': 'TriggerRate', 'tags': {'metric1': 'num', 'metric2': 'null'}, 'time': '2024-05-10T10:51:54z', 'fields': {'value1': 200, 'value2': 'null'}}]
Write points: [{'measurement': 'MUSIC_Power', 'tags': {'metric': 'num'}, 'time': '2024-05-10T10:51:54z', 'fields': {1: 1.0, 2: 1.0, 3: 1.0, 4: 1.0, 5: 1.0, 6: 1.0, 7: 1.0, 8: 1.0, 9: 1.0, 10: 1.0, 11: 1.0, 12: 1.0, 13: 1.0, 14: 1.0, 15: 1.0, 16: 1.0}}]
Write points: [{'measurement': 'HV_Status', 'tags': {'metric': 'num'}, 'time': '2024-05-10T10:51:54z', 'fields': {1: 1.0, 2: 1.0, 3: 1.0, 4: 1.0, 5: 1.0, 6: 1.0, 7: 1.0, 8: 1.0, 9: 1.0, 10: 1.0, 11: 1.0, 12: 1.0, 13: 1.0, 14: 1.0, 15: 1.0, 16: 1.0}}]
Write points: [{'measurement': 'ASADCurrent', 'tags': {'metric1': 'mA', 'metric2': 'null'}, 'time': '2024-05-10T10:51:54z', 'fields': {'value1': 1219.6280489382002, 'value2': 'null'}}]
Write points: [{'measurement': 'TBCurrent', 'tags': {'metric1': 'mA', 'metric2': 'null'}, 'time': '2024-05-10T10:51:54z', 'fields': {'value1': 236.86374527640004, 'value2': 'null'}}]
Write points: [{'measurement': 'HV', 'tags': {'metric': 'V'}, 'time': '2024-05-10T10:51:54z', 'fields': {1: 44.02497139770001, 2: 44.015620569030006, 3: 44.04150655146, 4: 44.06607270987001}}]
Write points: [{'measurement': 'HV_currents', 'tags': {'metric': 'mA'}, 'time': '2024-05-10T10:51:54z', 'fields': {1: 5.359992126918, 2: 4.797250485324, 3: 5.558121989442, 4: 4.96619822193}}]
Write points: [{'measurement': 'SiPM_temps', 'tags': {'metric': 'C'}, 'time': '2024-05-10T10:51:54z', 'fields': {1: 10.368543603311329, 2: 11.488131121708975, 3: 11.775454915686401, 4: 11.059204302738593, 5: 11.366427264599482, 6: 12.665823786932604, 7: 13.053223948996187, 8: 12.480884006831179, 9: 11.56179183603434, 10: 13.066069096521428, 11: 13.443669076343578, 12: 12.96190425462659, 13: 10.932347451884784, 14: 11.930728894794285, 15: 12.520489867258727, 16: 12.199804615366284}}]
Write points: [{'measurement': 'UC_temps', 'tags': {'metric': 'C'}, 'time': '2024-05-10T10:51:54z', 'fields': {1: 10.669911730730247, 2: 11.962540484580268, 3: 13.878353098666485, 4: 13.291979774150157, 5: 12.52649719948296, 6: 14.085236913149933, 7: 15.460481567133744, 8: 14.718344333969167, 9: 12.316560967855294, 10: 14.393057466398554, 11: 15.888388960912392, 12: 16.042758745545967, 13: 11.852706284285334, 14: 13.429683890978662, 15: 14.693424936217038, 16: 14.87122680697866}}]
Write points: [{'measurement': 'SIABcurrent', 'tags': {'metric': 'mA'}, 'time': '2024-05-10T10:51:54z', 'fields': {1: 185.76064992342003, 2: 198.45239667066002, 3: 188.6895558735, 4: 188.31133325598003, 5: 194.65864705914004, 6: 195.16338333558002, 7: 191.72939931222004, 8: 190.48147463532, 9: 192.12522446700004, 10: 195.34311964530005, 11: 190.83184081038004, 12: 193.93491666450004, 13: 183.77378489250003, 14: 193.84451140032002, 15: 193.46060030682003, 16: 189.52991223276}}]
Write points: [{'measurement': 'Modules_Status', 'tags': {'metric': 'num'}, 'time': '2024-05-10T10:52:54z', 'fields': {1: 1.0, 2: 1.0, 3: 1.0, 4: 1.0, 5: 1.0}}]
Write points: [{'measurement': 'TriggerRate', 'tags': {'metric1': 'num', 'metric2': 'null'}, 'time': '2024-05-10T10:52:54z', 'fields': {'value1': 165, 'value2': 'null'}}]
Write points: [{'measurement': 'MUSIC_Power', 'tags': {'metric': 'num'}, 'time': '2024-05-10T10:52:54z', 'fields': {1: 1.0, 2: 1.0, 3: 1.0, 4: 1.0, 5: 1.0, 6: 1.0, 7: 1.0, 8: 1.0, 9: 1.0, 10: 1.0, 11: 1.0, 12: 1.0, 13: 1.0, 14: 1.0, 15: 1.0, 16: 1.0}}]
Write points: [{'measurement': 'HV_Status', 'tags': {'metric': 'num'}, 'time': '2024-05-10T10:52:54z', 'fields': {1: 1.0, 2: 1.0, 3: 1.0, 4: 1.0, 5: 1.0, 6: 1.0, 7: 1.0, 8: 1.0, 9: 1.0, 10: 1.0, 11: 1.0, 12: 1.0, 13: 1.0, 14: 1.0, 15: 1.0, 16: 1.0}}]
Write points: [{'measurement': 'ASADCurrent', 'tags': {'metric1': 'mA', 'metric2': 'null'}, 'time': '2024-05-10T10:52:54z', 'fields': {'value1': 1219.8873262554002, 'value2': 'null'}}]
Write points: [{'measurement': 'TBCurrent', 'tags': {'metric1': 'mA', 'metric2': 'null'}, 'time': '2024-05-10T10:52:54z', 'fields': {'value1': 236.86569840120004, 'value2': 'null'}}]
Write points: [{'measurement': 'HV', 'tags': {'metric': 'V'}, 'time': '2024-05-10T10:52:54z', 'fields': {1: 44.02086251160001, 2: 44.01336690726001, 3: 44.041531453800005, 4: 44.06556221190001}}]
Write points: [{'measurement': 'HV_currents', 'tags': {'metric': 'mA'}, 'time': '2024-05-10T10:52:54z', 'fields': {1: 5.1774555245160006, 2: 4.6028462083560004, 3: 5.3009296329660005, 4: 4.736935550094}}]
Write points: [{'measurement': 'SiPM_temps', 'tags': {'metric': 'C'}, 'time': '2024-05-10T10:52:54z', 'fields': {1: 10.308685944823212, 2: 11.42844352658187, 3: 11.716432445832128, 4: 11.059204302738593, 5: 11.366427264599482, 6: 12.60674343174151, 7: 13.053223948996187, 8: 12.421378969729789, 9: 11.502624089556301, 10: 13.066069096521428, 11: 13.443669076343578, 12: 12.96190425462659, 13: 10.932347451884784, 14: 11.871411284582166, 15: 12.461441258443951, 16: 12.199804615366284}}]
Write points: [{'measurement': 'UC_temps', 'tags': {'metric': 'C'}, 'time': '2024-05-10T10:52:54z', 'fields': {1: 10.669911730730247, 2: 11.962540484580268, 3: 13.02023443801809, 4: 13.291979774150157, 5: 11.664799655320962, 6: 14.085236913149933, 7: 15.460481567133744, 8: 15.56238288965039, 9: 12.316560967855294, 10: 15.2749850072318, 11: 15.888388960912392, 12: 16.042758745545967, 13: 11.852706284285334, 14: 13.429683890978662, 15: 14.693424936217038, 16: 14.87122680697866}}]
Write points: [{'measurement': 'SIABcurrent', 'tags': {'metric': 'mA'}, 'time': '2024-05-10T10:52:54z', 'fields': {1: 185.69258352414002, 2: 198.18574630734003, 3: 188.48003441058003, 4: 188.15076198336004, 5: 194.44983360396003, 6: 194.88054645048, 7: 191.50522941330001, 8: 190.31860844106, 9: 192.05310533376002, 10: 195.1664839212, 11: 190.68994629366006, 12: 193.78989714810004, 13: 183.65386302978004, 14: 193.51514131686002, 15: 193.23464818152004, 16: 189.34717299366002}}]
Write points: [{'measurement': 'Modules_Status', 'tags': {'metric': 'num'}, 'time': '2024-05-10T10:53:54z', 'fields': {1: 1.0, 2: 1.0, 3: 1.0, 4: 1.0, 5: 1.0}}]
Write points: [{'measurement': 'TriggerRate', 'tags': {'metric1': 'num', 'metric2': 'null'}, 'time': '2024-05-10T10:53:54z', 'fields': {'value1': 165, 'value2': 'null'}}]
Write points: [{'measurement': 'MUSIC_Power', 'tags': {'metric': 'num'}, 'time': '2024-05-10T10:53:54z', 'fields': {1: 1.0, 2: 1.0, 3: 1.0, 4: 1.0, 5: 1.0, 6: 1.0, 7: 1.0, 8: 1.0, 9: 1.0, 10: 1.0, 11: 1.0, 12: 1.0, 13: 1.0, 14: 1.0, 15: 1.0, 16: 1.0}}]
Write points: [{'measurement': 'HV_Status', 'tags': {'metric': 'num'}, 'time': '2024-05-10T10:53:54z', 'fields': {1: 1.0, 2: 1.0, 3: 1.0, 4: 1.0, 5: 1.0, 6: 1.0, 7: 1.0, 8: 1.0, 9: 1.0, 10: 1.0, 11: 1.0, 12: 1.0, 13: 1.0, 14: 1.0, 15: 1.0, 16: 1.0}}]
Write points: [{'measurement': 'ASADCurrent', 'tags': {'metric1': 'mA', 'metric2': 'null'}, 'time': '2024-05-10T10:53:54z', 'fields': {'value1': 1219.6134005022002, 'value2': 'null'}}]
Write points: [{'measurement': 'TBCurrent', 'tags': {'metric1': 'mA', 'metric2': 'null'}, 'time': '2024-05-10T10:53:54z', 'fields': {'value1': 236.8569093396, 'value2': 'null'}}]
Write points: [{'measurement': 'HV', 'tags': {'metric': 'V'}, 'time': '2024-05-10T10:53:54z', 'fields': {1: 44.02073799990001, 2: 44.01468673128001, 3: 44.03938985256001, 4: 44.066583207840004}}]
Write points: [{'measurement': 'HV_currents', 'tags': {'metric': 'mA'}, 'time': '2024-05-10T10:53:54z', 'fields': {1: 5.212016067852001, 2: 4.629403822824, 3: 5.34660589782, 4: 4.76712597669}}]
Write points: [{'measurement': 'SiPM_temps', 'tags': {'metric': 'C'}, 'time': '2024-05-10T10:53:54z', 'fields': {1: 10.308685944823212, 2: 11.42844352658187, 3: 11.716432445832128, 4: 11.059204302738593, 5: 11.366427264599482, 6: 12.60674343174151, 7: 12.993861971529995, 8: 12.421378969729789, 9: 11.502624089556301, 10: 13.066069096521428, 11: 13.383974355147775, 12: 12.90272180104043, 13: 10.932347451884784, 14: 11.871411284582166, 15: 12.461441258443951, 16: 12.14023612947806}}]
Write points: [{'measurement': 'UC_temps', 'tags': {'metric': 'C'}, 'time': '2024-05-10T10:53:54z', 'fields': {1: 10.669911730730247, 2: 11.962540484580268, 3: 13.878353098666485, 4: 13.291979774150157, 5: 11.664799655320962, 6: 14.085236913149933, 7: 15.460481567133744, 8: 15.56238288965039, 9: 13.153227020966854, 10: 15.2749850072318, 11: 15.888388960912392, 12: 16.042758745545967, 13: 11.852706284285334, 14: 13.429683890978662, 15: 14.693424936217038, 16: 14.87122680697866}}]
Write points: [{'measurement': 'SIABcurrent', 'tags': {'metric': 'mA'}, 'time': '2024-05-10T10:53:54z', 'fields': {1: 185.70418020264, 2: 198.21038009388002, 3: 188.49641624484005, 4: 188.17024440324002, 5: 194.47998496806005, 6: 194.90173785456003, 7: 191.50977042846003, 8: 190.32996097896003, 9: 192.07729966722002, 10: 195.16868118660005, 11: 190.70837890896001, 12: 193.78503875016003, 13: 183.69573314268, 14: 193.52695772190003, 15: 193.20549779388006, 16: 189.32471205846002}}]
Write points: [{'measurement': 'Modules_Status', 'tags': {'metric': 'num'}, 'time': '2024-05-10T10:54:54z', 'fields': {1: 1.0, 2: 1.0, 3: 1.0, 4: 1.0, 5: 1.0}}]
Write points: [{'measurement': 'TriggerRate', 'tags': {'metric1': 'num', 'metric2': 'null'}, 'time': '2024-05-10T10:54:54z', 'fields': {'value1': 146, 'value2': 'null'}}]
Write points: [{'measurement': 'MUSIC_Power', 'tags': {'metric': 'num'}, 'time': '2024-05-10T10:54:54z', 'fields': {1: 1.0, 2: 1.0, 3: 1.0, 4: 1.0, 5: 1.0, 6: 1.0, 7: 1.0, 8: 1.0, 9: 1.0, 10: 1.0, 11: 1.0, 12: 1.0, 13: 1.0, 14: 1.0, 15: 1.0, 16: 1.0}}]
Write points: [{'measurement': 'HV_Status', 'tags': {'metric': 'num'}, 'time': '2024-05-10T10:54:54z', 'fields': {1: 1.0, 2: 1.0, 3: 1.0, 4: 1.0, 5: 1.0, 6: 1.0, 7: 1.0, 8: 1.0, 9: 1.0, 10: 1.0, 11: 1.0, 12: 1.0, 13: 1.0, 14: 1.0, 15: 1.0, 16: 1.0}}]
Write points: [{'measurement': 'ASADCurrent', 'tags': {'metric1': 'mA', 'metric2': 'null'}, 'time': '2024-05-10T10:54:54z', 'fields': {'value1': 1219.8621797736, 'value2': 'null'}}]
Write points: [{'measurement': 'TBCurrent', 'tags': {'metric1': 'mA', 'metric2': 'null'}, 'time': '2024-05-10T10:54:54z', 'fields': {'value1': 235.49460479160004, 'value2': 'null'}}]
Write points: [{'measurement': 'HV', 'tags': {'metric': 'V'}, 'time': '2024-05-10T10:54:54z', 'fields': {1: 44.02281734529001, 2: 44.01640499274001, 3: 44.03855562417001, 4: 44.06460347181}}]
Write points: [{'measurement': 'HV_currents', 'tags': {'metric': 'mA'}, 'time': '2024-05-10T10:54:54z', 'fields': {1: 5.284835884614, 2: 4.680207040278001, 3: 5.423859307878001, 4: 4.8103657183560005}}]
Write points: [{'measurement': 'SiPM_temps', 'tags': {'metric': 'C'}, 'time': '2024-05-10T10:54:54z', 'fields': {1: 10.308685944823212, 2: 11.368755931454764, 3: 11.657409975977854, 4: 11.059204302738593, 5: 11.307218179557472, 6: 12.547663076550414, 7: 12.993861971529995, 8: 12.421378969729789, 9: 11.502624089556301, 10: 13.006707823815741, 11: 13.383974355147775, 12: 12.90272180104043, 13: 10.8729092616588, 14: 11.871411284582166, 15: 12.461441258443951, 16: 12.14023612947806}}]
Write points: [{'measurement': 'UC_temps', 'tags': {'metric': 'C'}, 'time': '2024-05-10T10:54:54z', 'fields': {1: 10.669911730730247, 2: 11.962540484580268, 3: 13.02023443801809, 4: 13.291979774150157, 5: 12.52649719948296, 6: 14.085236913149933, 7: 15.460481567133744, 8: 15.56238288965039, 9: 12.316560967855294, 10: 14.393057466398554, 11: 15.888388960912392, 12: 16.042758745545967, 13: 11.852706284285334, 14: 13.429683890978662, 15: 14.693424936217038, 16: 14.87122680697866}}]
