20230609_10:07:01.958802 MAGNA < b'*CLS\r\n'
20230609_10:07:01.959021 MAGNA < b'*IDN?\r\n'
20230609_10:07:02.011758 MAGNA > b'Magna-Power Electronics Inc., SL32-46, S/N:1164-6260, F/W:9.0\r\n'
20230609_10:07:02.012025 serial_number = b'1164-6260'
20230609_10:07:02.012175 MAGNA < b'OUTP:STOP\r\n'
20230609_10:07:02.012351 MAGNA < b'OUTP:STAT?\r\n'
20230609_10:07:02.034703 MAGNA > b'0\r\n'
20230609_10:07:02.034953 output_state = False
20230609_10:30:04.246264 MAGNA < b'*CLS\r\n'
20230609_10:30:04.246551 MAGNA < b'*IDN?\r\n'
20230609_10:30:04.299744 MAGNA > b'Magna-Power Electronics Inc., SL32-46, S/N:1164-6260, F/W:9.0\r\n'
20230609_10:30:04.300005 serial_number = b'1164-6260'
20230609_10:30:04.300145 MAGNA < b'CONF:SETPT 0\r\n'
20230609_10:30:04.300304 MAGNA < b'CONF:SETPT?\r\n'
20230609_10:30:04.330063 MAGNA > b'0\r\n'
20230609_10:30:04.330295 operational_mode = 0
20230609_10:30:05.331557 MAGNA < b'OUTPUT:PROTECTION:CLEAR\r\n'
20230609_10:30:10.336971 MAGNA < b'CONF:SETPT 3\r\n'
20230609_10:30:10.337292 MAGNA < b'CONF:SETPT?\r\n'
20230609_10:30:10.367535 MAGNA > b'3\r\n'
20230609_10:30:10.367741 operational_mode = 3
20230609_10:30:15.372979 MAGNA < b'OUTP:STOP\r\n'
20230609_10:30:15.373313 MAGNA < b'OUTP:STAT?\r\n'
20230609_10:30:15.394560 MAGNA > b'0\r\n'
20230609_10:30:15.394756 output_state = 0
20230609_10:30:15.394882 MAGNA < b'REM:SENS 0\r\n'
20230609_10:30:15.395037 MAGNA < b'REM:SENS?\r\n'
20230609_10:30:15.425343 MAGNA > b'0\r\n'
20230609_10:30:15.425561 remote_sense = 0
20230609_10:30:17.427806 MAGNA < b'VOLT:PROT 350.000\r\n'
20230609_10:30:17.428079 MAGNA < b'VOLT:PROT?\r\n'
20230609_10:30:17.478384 MAGNA > b'35.20\r\n'
20230609_10:30:17.478590 voltage_protection = 35
20230609_10:30:17.478726 MAGNA < b'VOLT 24\r\n'
20230609_10:30:17.478884 MAGNA < b'VOLT?\r\n'
20230609_10:30:17.512007 MAGNA > b'24.00\r\n'
20230609_10:30:17.512208 set_voltage = 24
20230609_10:30:17.512353 MAGNA < b'CURR 2.000\r\n'
20230609_10:30:17.512518 MAGNA < b'CURR?\r\n'
20230609_10:30:17.546832 MAGNA > b'2.00\r\n'
20230609_10:30:17.547033 set_current = 2.0
20230609_10:30:17.547160 MAGNA < b'CONF:INTE 0\r\n'
20230609_10:30:17.547317 MAGNA < b'CONF:INTE?\r\n'
20230609_10:30:17.580403 MAGNA > b'0\r\n'
20230609_10:30:17.580603 config_interlock = False
20230609_10:30:17.580733 MAGNA < b'MEAS:VOLT?\r\n'
20230609_10:30:17.600573 MAGNA > b'0.14\r\n'
20230609_10:30:17.600768 meas_voltage = 0
20230609_10:30:17.600897 MAGNA < b'OUTP:START\r\n'
20230609_10:30:17.601052 MAGNA < b'OUTP:STAT?\r\n'
20230609_10:30:17.653296 MAGNA > b'1\r\n'
20230609_10:30:17.653520 output_state = True
20230609_10:30:17.653654 MAGNA < b'STAT:QUES:COND?\r\n'
20230609_10:30:17.675953 MAGNA > b'512\r\n'
20230609_10:30:17.676140 sqc = b'512\r\n'
20230609_10:30:17.676268 MAGNA < b'STAT:QUES:COND?\r\n'
20230609_10:30:17.695020 MAGNA > b'512\r\n'
20230609_10:30:17.695216 status_iloc = False
20230609_10:30:17.695347 MAGNA < b'VOLT?\r\n'
20230609_10:30:17.714320 MAGNA > b'24.00\r\n'
20230609_10:30:17.714515 MAGNA < b'MEAS:VOLT?\r\n'
20230609_10:30:17.736444 MAGNA > b'0.14\r\n'
20230609_10:30:17.836842 MAGNA < b'MEAS:VOLT?\r\n'
20230609_10:30:17.858515 MAGNA > b'0.14\r\n'
20230609_10:30:17.958905 MAGNA < b'MEAS:VOLT?\r\n'
20230609_10:30:17.978386 MAGNA > b'0.13\r\n'
20230609_10:30:18.078782 MAGNA < b'MEAS:VOLT?\r\n'
20230609_10:30:18.101677 MAGNA > b'0.13\r\n'
20230609_10:30:18.202065 MAGNA < b'MEAS:VOLT?\r\n'
20230609_10:30:18.225591 MAGNA > b'0.14\r\n'
20230609_10:30:18.325983 MAGNA < b'MEAS:VOLT?\r\n'
20230609_10:30:18.346870 MAGNA > b'0.14\r\n'
20230609_10:30:18.447268 MAGNA < b'MEAS:VOLT?\r\n'
20230609_10:30:18.467963 MAGNA > b'0.14\r\n'
20230609_10:30:18.568359 MAGNA < b'MEAS:VOLT?\r\n'
20230609_10:30:18.590709 MAGNA > b'0.14\r\n'
20230609_10:30:18.691102 MAGNA < b'MEAS:VOLT?\r\n'
20230609_10:30:18.713932 MAGNA > b'0.14\r\n'
20230609_10:30:18.814328 MAGNA < b'MEAS:VOLT?\r\n'
20230609_10:30:18.837091 MAGNA > b'0.14\r\n'
20230609_10:30:18.937483 MAGNA < b'MEAS:VOLT?\r\n'
20230609_10:30:18.959790 MAGNA > b'0.14\r\n'
20230609_10:30:19.060181 MAGNA < b'MEAS:VOLT?\r\n'
20230609_10:30:19.080878 MAGNA > b'0.14\r\n'
20230609_10:30:19.181301 MAGNA < b'MEAS:VOLT?\r\n'
20230609_10:30:19.201660 MAGNA > b'0.14\r\n'
20230609_10:30:19.302052 MAGNA < b'MEAS:VOLT?\r\n'
20230609_10:30:19.324089 MAGNA > b'0.14\r\n'
20230609_10:30:19.424485 MAGNA < b'MEAS:VOLT?\r\n'
20230609_10:30:19.446135 MAGNA > b'0.15\r\n'
20230609_10:30:19.546531 MAGNA < b'MEAS:VOLT?\r\n'
20230609_10:30:19.568760 MAGNA > b'0.15\r\n'
20230609_10:30:19.669159 MAGNA < b'MEAS:VOLT?\r\n'
20230609_10:30:19.690010 MAGNA > b'0.16\r\n'
20230609_10:30:19.790399 MAGNA < b'MEAS:VOLT?\r\n'
20230609_10:30:19.813504 MAGNA > b'0.17\r\n'
20230609_10:30:19.913895 MAGNA < b'MEAS:VOLT?\r\n'
20230609_10:30:19.934043 MAGNA > b'0.17\r\n'
20230609_10:30:20.034438 MAGNA < b'MEAS:VOLT?\r\n'
20230609_10:30:20.055758 MAGNA > b'0.18\r\n'
20230609_10:30:20.156153 MAGNA < b'MEAS:VOLT?\r\n'
20230609_10:30:20.179687 MAGNA > b'0.19\r\n'
20230609_10:30:20.280078 MAGNA < b'MEAS:VOLT?\r\n'
20230609_10:30:20.302140 MAGNA > b'0.22\r\n'
20230609_10:30:20.402535 MAGNA < b'MEAS:VOLT?\r\n'
20230609_10:30:20.421981 MAGNA > b'1.79\r\n'
20230609_10:30:20.522377 MAGNA < b'MEAS:VOLT?\r\n'
20230609_10:30:20.544989 MAGNA > b'4.17\r\n'
20230609_10:30:20.645377 MAGNA < b'MEAS:VOLT?\r\n'
20230609_10:30:20.668207 MAGNA > b'7.50\r\n'
20230609_10:30:20.768602 MAGNA < b'MEAS:VOLT?\r\n'
20230609_10:30:20.794465 MAGNA > b'10.80\r\n'
20230609_10:30:20.894860 MAGNA < b'MEAS:VOLT?\r\n'
20230609_10:30:20.918463 MAGNA > b'11.84\r\n'
20230609_10:30:21.018862 MAGNA < b'MEAS:VOLT?\r\n'
20230609_10:30:21.042570 MAGNA > b'13.07\r\n'
20230609_10:30:21.142964 MAGNA < b'MEAS:VOLT?\r\n'
20230609_10:30:21.166931 MAGNA > b'14.25\r\n'
20230609_10:30:21.267331 MAGNA < b'MEAS:VOLT?\r\n'
20230609_10:30:21.290870 MAGNA > b'15.18\r\n'
20230609_10:30:21.391257 MAGNA < b'MEAS:VOLT?\r\n'
20230609_10:30:21.415436 MAGNA > b'16.30\r\n'
20230609_10:30:21.515830 MAGNA < b'MEAS:VOLT?\r\n'
20230609_10:30:21.538702 MAGNA > b'17.40\r\n'
20230609_10:30:21.639096 MAGNA < b'MEAS:VOLT?\r\n'
20230609_10:30:21.663530 MAGNA > b'18.25\r\n'
20230609_10:30:21.763927 MAGNA < b'MEAS:VOLT?\r\n'
20230609_10:30:21.787473 MAGNA > b'19.28\r\n'
20230609_10:30:21.887870 MAGNA < b'MEAS:VOLT?\r\n'
20230609_10:30:21.911731 MAGNA > b'20.30\r\n'
20230609_10:30:22.012119 MAGNA < b'MEAS:VOLT?\r\n'
20230609_10:30:22.035783 MAGNA > b'21.08\r\n'
20230609_10:30:22.136177 MAGNA < b'MEAS:VOLT?\r\n'
20230609_10:30:22.160245 MAGNA > b'22.03\r\n'
20230609_10:30:22.260648 MAGNA < b'MEAS:VOLT?\r\n'
20230609_10:30:22.284501 MAGNA > b'22.89\r\n'
20230609_10:30:22.384899 MAGNA < b'MEAS:VOLT?\r\n'
20230609_10:30:22.410214 MAGNA > b'23.39\r\n'
20230609_10:30:22.410415 settling_time = 4.715
20230609_10:30:22.410552 MAGNA < b'VOLT 24\r\n'
20230609_10:30:22.410712 MAGNA < b'VOLT?\r\n'
20230609_10:30:22.449771 MAGNA > b'24.00\r\n'
20230609_10:30:22.449974 MAGNA < b'MEAS:VOLT?\r\n'
20230609_10:30:22.474354 MAGNA > b'23.39\r\n'
20230609_10:30:22.574741 MAGNA < b'MEAS:VOLT?\r\n'
20230609_10:30:22.598430 MAGNA > b'23.79\r\n'
20230609_10:30:22.698826 MAGNA < b'MEAS:VOLT?\r\n'
20230609_10:30:22.723084 MAGNA > b'23.92\r\n'
20230609_10:30:22.823475 MAGNA < b'MEAS:VOLT?\r\n'
20230609_10:30:22.846952 MAGNA > b'23.97\r\n'
20230609_10:30:22.847157 settling_time = 0.436
20230609_10:30:22.847291 MAGNA < b'VOLT 24\r\n'
20230609_10:30:22.847448 MAGNA < b'VOLT?\r\n'
20230609_10:30:22.881729 MAGNA > b'24.00\r\n'
20230609_10:30:22.881927 MAGNA < b'MEAS:VOLT?\r\n'
20230609_10:30:22.906766 MAGNA > b'23.99\r\n'
20230609_10:30:23.007153 MAGNA < b'MEAS:VOLT?\r\n'
20230609_10:30:23.029842 MAGNA > b'24.00\r\n'
20230609_10:30:23.130231 MAGNA < b'MEAS:VOLT?\r\n'
20230609_10:30:23.151637 MAGNA > b'24.00\r\n'
20230609_10:30:23.252025 MAGNA < b'MEAS:VOLT?\r\n'
20230609_10:30:23.274542 MAGNA > b'24.00\r\n'
20230609_10:30:23.274741 settling_time = 0.427
20230609_10:30:23.274871 MAGNA < b'OUTP:START\r\n'
20230609_10:30:23.275031 MAGNA < b'OUTP:STAT?\r\n'
20230609_10:30:23.301231 MAGNA > b'1\r\n'
20230609_10:30:23.301454 output_state = True
20230609_10:34:56.066426 MAGNA < b'*CLS\r\n'
20230609_10:34:56.066574 MAGNA < b'*IDN?\r\n'
20230609_10:34:56.118978 MAGNA > b'Magna-Power Electronics Inc., SL32-46, S/N:1164-6260, F/W:9.0\r\n'
20230609_10:34:56.119220 serial_number = b'1164-6260'
20230609_10:34:56.119356 MAGNA < b'OUTP:STOP\r\n'
20230609_10:34:56.119512 MAGNA < b'OUTP:STAT?\r\n'
20230609_10:34:56.141032 MAGNA > b'0\r\n'
20230609_10:34:56.141248 output_state = False
20230609_13:58:23.154086 MAGNA < b'*CLS\r\n'
20230609_13:58:23.154242 MAGNA < b'*IDN?\r\n'
20230609_13:58:23.208470 MAGNA > b'Magna-Power Electronics Inc., SL32-46, S/N:1164-6260, F/W:9.0\r\n'
20230609_13:58:23.208727 serial_number = b'1164-6260'
20230609_13:58:23.208890 MAGNA < b'CONF:SETPT 0\r\n'
20230609_13:58:23.209060 MAGNA < b'CONF:SETPT?\r\n'
20230609_13:58:23.239988 MAGNA > b'0\r\n'
20230609_13:58:23.240217 operational_mode = 0
20230609_13:58:24.241505 MAGNA < b'OUTPUT:PROTECTION:CLEAR\r\n'
20230609_13:58:29.246905 MAGNA < b'CONF:SETPT 3\r\n'
20230609_13:58:29.247231 MAGNA < b'CONF:SETPT?\r\n'
20230609_13:58:29.276846 MAGNA > b'3\r\n'
20230609_13:58:29.277051 operational_mode = 3
20230609_13:58:34.281566 MAGNA < b'OUTP:STOP\r\n'
20230609_13:58:34.281890 MAGNA < b'OUTP:STAT?\r\n'
20230609_13:58:34.304323 MAGNA > b'0\r\n'
20230609_13:58:34.304532 output_state = 0
20230609_13:58:34.304667 MAGNA < b'REM:SENS 0\r\n'
20230609_13:58:34.304832 MAGNA < b'REM:SENS?\r\n'
20230609_13:58:34.336465 MAGNA > b'0\r\n'
20230609_13:58:34.336673 remote_sense = 0
20230609_13:58:36.338923 MAGNA < b'VOLT:PROT 350.000\r\n'
20230609_13:58:36.339216 MAGNA < b'VOLT:PROT?\r\n'
20230609_13:58:36.390908 MAGNA > b'35.20\r\n'
20230609_13:58:36.391118 voltage_protection = 35
20230609_13:58:36.391260 MAGNA < b'VOLT 24\r\n'
20230609_13:58:36.391428 MAGNA < b'VOLT?\r\n'
20230609_13:58:36.424445 MAGNA > b'24.00\r\n'
20230609_13:58:36.424653 set_voltage = 24
20230609_13:58:36.424809 MAGNA < b'CURR 2.000\r\n'
20230609_13:58:36.424982 MAGNA < b'CURR?\r\n'
20230609_13:58:36.460035 MAGNA > b'2.00\r\n'
20230609_13:58:36.460242 set_current = 2.0
20230609_13:58:36.460376 MAGNA < b'CONF:INTE 0\r\n'
20230609_13:58:36.460540 MAGNA < b'CONF:INTE?\r\n'
20230609_13:58:36.494119 MAGNA > b'0\r\n'
20230609_13:58:36.494324 config_interlock = False
20230609_13:58:36.494456 MAGNA < b'MEAS:VOLT?\r\n'
20230609_13:58:36.514289 MAGNA > b'0.04\r\n'
20230609_13:58:36.514498 meas_voltage = 0
20230609_13:58:36.514634 MAGNA < b'OUTP:START\r\n'
20230609_13:58:36.514801 MAGNA < b'OUTP:STAT?\r\n'
20230609_13:58:36.567008 MAGNA > b'1\r\n'
20230609_13:58:36.567218 output_state = True
20230609_13:58:36.567355 MAGNA < b'STAT:QUES:COND?\r\n'
20230609_13:58:36.589736 MAGNA > b'512\r\n'
20230609_13:58:36.589937 sqc = b'512\r\n'
20230609_13:58:36.590069 MAGNA < b'STAT:QUES:COND?\r\n'
20230609_13:58:36.611243 MAGNA > b'512\r\n'
20230609_13:58:36.611444 status_iloc = False
20230609_13:58:36.611585 MAGNA < b'VOLT?\r\n'
20230609_13:58:36.632765 MAGNA > b'24.00\r\n'
20230609_13:58:36.632968 MAGNA < b'MEAS:VOLT?\r\n'
20230609_13:58:36.654264 MAGNA > b'0.04\r\n'
20230609_13:58:36.754670 MAGNA < b'MEAS:VOLT?\r\n'
20230609_13:58:36.777634 MAGNA > b'0.04\r\n'
20230609_13:58:36.878033 MAGNA < b'MEAS:VOLT?\r\n'
20230609_13:58:36.899032 MAGNA > b'0.04\r\n'
20230609_13:58:36.999435 MAGNA < b'MEAS:VOLT?\r\n'
20230609_13:58:37.021421 MAGNA > b'0.03\r\n'
20230609_13:58:37.121845 MAGNA < b'MEAS:VOLT?\r\n'
20230609_13:58:37.144009 MAGNA > b'0.04\r\n'
20230609_13:58:37.244407 MAGNA < b'MEAS:VOLT?\r\n'
20230609_13:58:37.265899 MAGNA > b'0.04\r\n'
20230609_13:58:37.366301 MAGNA < b'MEAS:VOLT?\r\n'
20230609_13:58:37.387129 MAGNA > b'0.04\r\n'
20230609_13:58:37.487527 MAGNA < b'MEAS:VOLT?\r\n'
20230609_13:58:37.508382 MAGNA > b'0.04\r\n'
20230609_13:58:37.608776 MAGNA < b'MEAS:VOLT?\r\n'
20230609_13:58:37.631010 MAGNA > b'0.04\r\n'
20230609_13:58:37.731410 MAGNA < b'MEAS:VOLT?\r\n'
20230609_13:58:37.753138 MAGNA > b'0.04\r\n'
20230609_13:58:37.853537 MAGNA < b'MEAS:VOLT?\r\n'
20230609_13:58:37.876814 MAGNA > b'0.04\r\n'
20230609_13:58:37.977208 MAGNA < b'MEAS:VOLT?\r\n'
20230609_13:58:37.997644 MAGNA > b'0.05\r\n'
20230609_13:58:38.098043 MAGNA < b'MEAS:VOLT?\r\n'
20230609_13:58:38.117314 MAGNA > b'0.05\r\n'
20230609_13:58:38.217748 MAGNA < b'MEAS:VOLT?\r\n'
20230609_13:58:38.238569 MAGNA > b'0.05\r\n'
20230609_13:58:38.338952 MAGNA < b'MEAS:VOLT?\r\n'
20230609_13:58:38.359693 MAGNA > b'0.05\r\n'
20230609_13:58:38.460050 MAGNA < b'MEAS:VOLT?\r\n'
20230609_13:58:38.481736 MAGNA > b'0.05\r\n'
20230609_13:58:38.582121 MAGNA < b'MEAS:VOLT?\r\n'
20230609_13:58:38.602957 MAGNA > b'0.07\r\n'
20230609_13:58:38.703351 MAGNA < b'MEAS:VOLT?\r\n'
20230609_13:58:38.724259 MAGNA > b'0.09\r\n'
20230609_13:58:38.824653 MAGNA < b'MEAS:VOLT?\r\n'
20230609_13:58:38.845086 MAGNA > b'0.09\r\n'
20230609_13:58:38.945491 MAGNA < b'MEAS:VOLT?\r\n'
20230609_13:58:38.966726 MAGNA > b'0.10\r\n'
20230609_13:58:39.067126 MAGNA < b'MEAS:VOLT?\r\n'
20230609_13:58:39.088032 MAGNA > b'0.12\r\n'
20230609_13:58:39.188431 MAGNA < b'MEAS:VOLT?\r\n'
20230609_13:58:39.209222 MAGNA > b'0.15\r\n'
20230609_13:58:39.309619 MAGNA < b'MEAS:VOLT?\r\n'
20230609_13:58:39.331191 MAGNA > b'0.17\r\n'
20230609_13:58:39.431595 MAGNA < b'MEAS:VOLT?\r\n'
20230609_13:58:39.454408 MAGNA > b'2.00\r\n'
20230609_13:58:39.554805 MAGNA < b'MEAS:VOLT?\r\n'
20230609_13:58:39.577869 MAGNA > b'5.16\r\n'
20230609_13:58:39.678263 MAGNA < b'MEAS:VOLT?\r\n'
20230609_13:58:39.699440 MAGNA > b'8.69\r\n'
20230609_13:58:39.799830 MAGNA < b'MEAS:VOLT?\r\n'
20230609_13:58:39.821385 MAGNA > b'11.20\r\n'
20230609_13:58:39.921799 MAGNA < b'MEAS:VOLT?\r\n'
20230609_13:58:39.945325 MAGNA > b'12.46\r\n'
20230609_13:58:40.045744 MAGNA < b'MEAS:VOLT?\r\n'
20230609_13:58:40.068446 MAGNA > b'13.67\r\n'
20230609_13:58:40.168842 MAGNA < b'MEAS:VOLT?\r\n'
20230609_13:58:40.194037 MAGNA > b'14.60\r\n'
20230609_13:58:40.294442 MAGNA < b'MEAS:VOLT?\r\n'
20230609_13:58:40.318308 MAGNA > b'15.75\r\n'
20230609_13:58:40.418705 MAGNA < b'MEAS:VOLT?\r\n'
20230609_13:58:40.442409 MAGNA > b'16.85\r\n'
20230609_13:58:40.542811 MAGNA < b'MEAS:VOLT?\r\n'
20230609_13:58:40.565490 MAGNA > b'17.71\r\n'
20230609_13:58:40.665885 MAGNA < b'MEAS:VOLT?\r\n'
20230609_13:58:40.688888 MAGNA > b'18.75\r\n'
20230609_13:58:40.789283 MAGNA < b'MEAS:VOLT?\r\n'
20230609_13:58:40.811021 MAGNA > b'19.77\r\n'
20230609_13:58:40.911417 MAGNA < b'MEAS:VOLT?\r\n'
20230609_13:58:40.934278 MAGNA > b'20.76\r\n'
20230609_13:58:41.034678 MAGNA < b'MEAS:VOLT?\r\n'
20230609_13:58:41.058612 MAGNA > b'21.52\r\n'
20230609_13:58:41.159009 MAGNA < b'MEAS:VOLT?\r\n'
20230609_13:58:41.183437 MAGNA > b'22.44\r\n'
20230609_13:58:41.283837 MAGNA < b'MEAS:VOLT?\r\n'
20230609_13:58:41.307799 MAGNA > b'23.18\r\n'
20230609_13:58:41.408192 MAGNA < b'MEAS:VOLT?\r\n'
20230609_13:58:41.431228 MAGNA > b'23.59\r\n'
20230609_13:58:41.431436 settling_time = 4.820
20230609_13:58:41.431576 MAGNA < b'VOLT 24\r\n'
20230609_13:58:41.431740 MAGNA < b'VOLT?\r\n'
20230609_13:58:41.471994 MAGNA > b'24.00\r\n'
20230609_13:58:41.472196 MAGNA < b'MEAS:VOLT?\r\n'
20230609_13:58:41.494557 MAGNA > b'23.59\r\n'
20230609_13:58:41.594948 MAGNA < b'MEAS:VOLT?\r\n'
20230609_13:58:41.618496 MAGNA > b'23.85\r\n'
20230609_13:58:41.718895 MAGNA < b'MEAS:VOLT?\r\n'
20230609_13:58:41.742810 MAGNA > b'23.92\r\n'
20230609_13:58:41.843198 MAGNA < b'MEAS:VOLT?\r\n'
20230609_13:58:41.867684 MAGNA > b'23.96\r\n'
20230609_13:58:41.867898 settling_time = 0.436
20230609_13:58:41.868040 MAGNA < b'VOLT 24\r\n'
20230609_13:58:41.868202 MAGNA < b'VOLT?\r\n'
20230609_13:58:41.903568 MAGNA > b'24.00\r\n'
20230609_13:58:41.903769 MAGNA < b'MEAS:VOLT?\r\n'
20230609_13:58:41.928833 MAGNA > b'23.96\r\n'
20230609_13:58:42.029223 MAGNA < b'MEAS:VOLT?\r\n'
20230609_13:58:42.054281 MAGNA > b'23.97\r\n'
20230609_13:58:42.154678 MAGNA < b'MEAS:VOLT?\r\n'
20230609_13:58:42.178854 MAGNA > b'23.98\r\n'
20230609_13:58:42.279258 MAGNA < b'MEAS:VOLT?\r\n'
20230609_13:58:42.302588 MAGNA > b'23.99\r\n'
20230609_13:58:42.302797 settling_time = 0.435
20230609_13:58:42.302934 MAGNA < b'OUTP:START\r\n'
20230609_13:58:42.303096 MAGNA < b'OUTP:STAT?\r\n'
20230609_13:58:42.328852 MAGNA > b'1\r\n'
20230609_13:58:42.329055 output_state = True
20230609_13:59:03.316173 MAGNA < b'*CLS\r\n'
20230609_13:59:03.316338 MAGNA < b'*IDN?\r\n'
20230609_13:59:03.368170 MAGNA > b'Magna-Power Electronics Inc., SL32-46, S/N:1164-6260, F/W:9.0\r\n'
20230609_13:59:03.368417 serial_number = b'1164-6260'
20230609_13:59:03.368553 MAGNA < b'OUTP:STOP\r\n'
20230609_13:59:03.368717 MAGNA < b'OUTP:STAT?\r\n'
20230609_13:59:03.390425 MAGNA > b'0\r\n'
20230609_13:59:03.390635 output_state = False
20230609_14:08:42.864793 MAGNA < b'*CLS\r\n'
20230609_14:08:42.864955 MAGNA < b'*IDN?\r\n'
20230609_14:08:42.919388 MAGNA > b'Magna-Power Electronics Inc., SL32-46, S/N:1164-6260, F/W:9.0\r\n'
20230609_14:08:42.919658 serial_number = b'1164-6260'
20230609_14:08:42.919798 MAGNA < b'OUTP:STOP\r\n'
20230609_14:08:42.919961 MAGNA < b'OUTP:STAT?\r\n'
20230609_14:08:42.941658 MAGNA > b'0\r\n'
20230609_14:08:42.941904 output_state = False
20230609_15:02:59.093065 MAGNA < b'*CLS\r\n'
20230609_15:02:59.093247 MAGNA < b'*IDN?\r\n'
20230609_15:03:01.095497 MAGNA > b''
20230609_15:05:00.641098 MAGNA < b'*CLS\r\n'
20230609_15:05:00.641270 MAGNA < b'*IDN?\r\n'
20230609_15:05:00.695384 MAGNA > b'Magna-Power Electronics Inc., SL32-46, S/N:1164-6260, F/W:9.0\r\n'
20230609_15:05:00.695675 serial_number = b'1164-6260'
20230609_15:10:13.739027 MAGNA < b'*CLS\r\n'
20230609_15:10:13.739204 MAGNA < b'*IDN?\r\n'
20230609_15:10:13.793790 MAGNA > b'Magna-Power Electronics Inc., SL32-46, S/N:1164-6260, F/W:9.0\r\n'
20230609_15:10:13.794112 serial_number = b'1164-6260'
20230609_15:10:40.915164 MAGNA < b'*CLS\r\n'
20230609_15:10:40.915357 MAGNA < b'*IDN?\r\n'
20230609_15:10:40.971390 MAGNA > b'Magna-Power Electronics Inc., SL32-46, S/N:1164-6260, F/W:9.0\r\n'
20230609_15:10:40.971689 serial_number = b'1164-6260'
20230609_15:10:47.907022 MAGNA < b'*CLS\r\n'
20230609_15:10:47.907204 MAGNA < b'*IDN?\r\n'
20230609_15:10:47.960397 MAGNA > b'Magna-Power Electronics Inc., SL32-46, S/N:1164-6260, F/W:9.0\r\n'
20230609_15:10:47.960711 serial_number = b'1164-6260'
20230609_15:11:07.627268 MAGNA < b'*CLS\r\n'
20230609_15:11:07.627444 MAGNA < b'*IDN?\r\n'
20230609_15:11:07.682225 MAGNA > b'Magna-Power Electronics Inc., SL32-46, S/N:1164-6260, F/W:9.0\r\n'
20230609_15:11:07.682562 serial_number = b'1164-6260'
20230609_15:20:37.165116 MAGNA < b'*CLS\r\n'
20230609_15:20:37.165290 MAGNA < b'*IDN?\r\n'
20230609_15:20:37.219971 MAGNA > b'Magna-Power Electronics Inc., SL32-46, S/N:1164-6260, F/W:9.0\r\n'
20230609_15:20:37.220274 serial_number = b'1164-6260'
20230609_15:20:42.245544 MAGNA < b'*CLS\r\n'
20230609_15:20:42.245781 MAGNA < b'*IDN?\r\n'
20230609_15:20:42.300228 MAGNA > b'Magna-Power Electronics Inc., SL32-46, S/N:1164-6260, F/W:9.0\r\n'
20230609_15:20:42.300548 serial_number = b'1164-6260'
20230609_15:25:29.194967 MAGNA < b'*CLS\r\n'
20230609_15:25:29.195121 MAGNA < b'*IDN?\r\n'
20230609_15:25:29.249645 MAGNA > b'Magna-Power Electronics Inc., SL32-46, S/N:1164-6260, F/W:9.0\r\n'
20230609_15:40:33.174397 MAGNA < b'*CLS\r\n'
20230609_15:40:33.174675 MAGNA < b'*IDN?\r\n'
20230609_15:40:33.226972 MAGNA > b'Magna-Power Electronics Inc., SL32-46, S/N:1164-6260, F/W:9.0\r\n'
20230609_15:40:33.227284 serial_number = b'1164-6260'
20230609_15:43:51.392045 MAGNA < b'*CLS\r\n'
20230609_15:43:51.392220 MAGNA < b'*IDN?\r\n'
20230609_15:43:51.445438 MAGNA > b'Magna-Power Electronics Inc., SL32-46, S/N:1164-6260, F/W:9.0\r\n'
20230609_15:43:51.445717 serial_number = b'1164-6260'
20230609_15:44:56.344234 MAGNA < b'*CLS\r\n'
20230609_15:44:56.344410 MAGNA < b'*IDN?\r\n'
20230609_15:44:56.398846 MAGNA > b'Magna-Power Electronics Inc., SL32-46, S/N:1164-6260, F/W:9.0\r\n'
20230609_15:44:56.399128 serial_number = b'1164-6260'
20230609_15:45:05.767565 MAGNA < b'*CLS\r\n'
20230609_15:45:05.767732 MAGNA < b'*IDN?\r\n'
20230609_15:45:05.822895 MAGNA > b'Magna-Power Electronics Inc., SL32-46, S/N:1164-6260, F/W:9.0\r\n'
20230609_15:45:05.823194 serial_number = b'1164-6260'
20230609_15:52:54.993375 MAGNA < b'*CLS\r\n'
20230609_15:52:54.993594 MAGNA < b'*IDN?\r\n'
20230609_15:52:55.047404 MAGNA > b'Magna-Power Electronics Inc., SL32-46, S/N:1164-6260, F/W:9.0\r\n'
20230609_15:53:16.609519 MAGNA < b'*CLS\r\n'
20230609_15:53:16.609801 MAGNA < b'*IDN?\r\n'
20230609_15:53:16.663872 MAGNA > b'Magna-Power Electronics Inc., SL32-46, S/N:1164-6260, F/W:9.0\r\n'
20230609_15:53:46.889772 MAGNA < b'*CLS\r\n'
20230609_15:53:46.889945 MAGNA < b'*IDN?\r\n'
20230609_15:53:46.943648 MAGNA > b'Magna-Power Electronics Inc., SL32-46, S/N:1164-6260, F/W:9.0\r\n'
20230609_15:53:46.943960 serial_number = b'1164-6260'
20230609_15:53:51.985585 MAGNA < b'*CLS\r\n'
20230609_15:53:51.985761 MAGNA < b'*IDN?\r\n'
20230609_15:53:52.039432 MAGNA > b'Magna-Power Electronics Inc., SL32-46, S/N:1164-6260, F/W:9.0\r\n'
20230609_15:55:54.337999 MAGNA < b'*CLS\r\n'
20230609_15:55:54.338176 MAGNA < b'*IDN?\r\n'
20230609_15:55:54.392378 MAGNA > b'Magna-Power Electronics Inc., SL32-46, S/N:1164-6260, F/W:9.0\r\n'
20230609_15:55:54.392714 MAGNA < b'OUTP:STAT?\r\n'
20230609_15:55:54.409238 MAGNA > b'0\r\n'
20230609_15:55:54.409453 PS is False
20230609_15:55:54.409596 serial_number = b'1164-6260'
20230609_15:57:31.387059 MAGNA < b'*CLS\r\n'
20230609_15:57:31.387338 MAGNA < b'*IDN?\r\n'
20230609_15:57:31.442436 MAGNA > b'Magna-Power Electronics Inc., SL32-46, S/N:1164-6260, F/W:9.0\r\n'
20230609_15:57:31.442751 MAGNA < b'OUTP:STAT?\r\n'
20230609_15:57:31.459369 MAGNA > b'0\r\n'
20230609_15:57:31.459588 PS is OFF
20230609_15:57:31.459734 serial_number = b'1164-6260'
20230609_16:08:06.628108 MAGNA < b'*CLS\r\n'
20230609_16:08:06.628285 MAGNA < b'*IDN?\r\n'
20230609_16:08:06.683474 MAGNA > b'Magna-Power Electronics Inc., SL32-46, S/N:1164-6260, F/W:9.0\r\n'
20230609_16:08:06.683756 serial_number = b'1164-6260'
20230609_16:08:06.683925 MAGNA < b'OUTP:STAT?\r\n'
20230609_16:08:06.700425 MAGNA > b'0\r\n'
20230609_16:08:06.700651 PS is OFF
20230609_16:08:06.700797 MAGNA < b'VOLT?\r\n'
20230609_16:08:06.716285 MAGNA > b'24.00\r\n'
20230609_16:08:06.716408 PS voltage is set to 24.000 V
20230609_16:08:06.716484 MAGNA < b'MEAS:VOLT?\r\n'
20230609_16:08:06.735800 MAGNA > b'0.05\r\n'
20230609_16:08:06.735940 PS voltage is actually 0.050 V
20230609_16:08:06.736019 MAGNA < b'CURR?\r\n'
20230609_16:08:06.751244 MAGNA > b'2.00\r\n'
20230609_16:08:06.751485 PS current is set to 2.000 A
20230609_16:08:06.751657 MAGNA < b'MEAS:CURR?\r\n'
20230609_16:08:06.770791 MAGNA > b'0.00\r\n'
20230609_16:08:06.771016 PS voltage is actually 0.000 A
20230609_16:11:58.917862 MAGNA < b'*CLS\r\n'
20230609_16:11:58.918050 MAGNA < b'*IDN?\r\n'
20230609_16:11:58.972467 MAGNA > b'Magna-Power Electronics Inc., SL32-46, S/N:1164-6260, F/W:9.0\r\n'
20230609_16:11:58.972768 MAGNA < b'OUTP:STAT?\r\n'
20230609_16:11:58.989522 MAGNA > b'0\r\n'
20230609_16:11:58.989751 MAGNA < b'VOLT?\r\n'
20230609_16:11:59.006691 MAGNA > b'24.00\r\n'
20230609_16:11:59.006849 MAGNA < b'MEAS:VOLT?\r\n'
20230609_16:11:59.025810 MAGNA > b'0.04\r\n'
20230609_16:11:59.025950 MAGNA < b'CURR?\r\n'
20230609_16:11:59.041672 MAGNA > b'2.00\r\n'
20230609_16:11:59.042087 MAGNA < b'MEAS:CURR?\r\n'
20230609_16:11:59.059876 MAGNA > b'0.00\r\n'
20230609_16:11:59.060088 serial_number = b'1164-6260'
20230609_16:11:59.060229 PS is OFF
20230609_16:11:59.060365 PS voltage is set to 24.000 V
20230609_16:11:59.060493 PS voltage is actually 0.040 V
20230609_16:11:59.060612 PS current is set to 2.000 A
20230609_16:11:59.060722 PS voltage is actually 0.000 A
20230609_16:13:17.141678 MAGNA < b'*CLS\r\n'
20230609_16:13:17.141854 MAGNA < b'*IDN?\r\n'
20230609_16:13:17.196686 MAGNA > b'Magna-Power Electronics Inc., SL32-46, S/N:1164-6260, F/W:9.0\r\n'
20230609_16:13:17.197004 MAGNA < b'OUTP:STAT?\r\n'
20230609_16:13:17.214030 MAGNA > b'0\r\n'
20230609_16:13:17.214262 MAGNA < b'VOLT?\r\n'
20230609_16:13:17.230028 MAGNA > b'24.00\r\n'
20230609_16:13:17.230224 MAGNA < b'MEAS:VOLT?\r\n'
20230609_16:13:17.249035 MAGNA > b'0.04\r\n'
20230609_16:13:17.249172 MAGNA < b'CURR?\r\n'
20230609_16:13:17.264888 MAGNA > b'2.00\r\n'
20230609_16:13:17.265133 MAGNA < b'MEAS:CURR?\r\n'
20230609_16:13:17.283088 MAGNA > b'0.00\r\n'
20230609_16:13:17.283325 serial_number = b'1164-6260'
20230609_16:13:17.283471 PS is OFF
20230609_16:13:17.283614 PS voltage is set to 24.00 V
20230609_16:13:17.283736 PS voltage is actually 0.04 V
20230609_16:13:17.283882 PS current is set to 2.00 A
20230609_16:13:17.283998 PS voltage is actually 0.00 A
20230609_16:23:39.824265 MAGNA < b'*CLS\r\n'
20230609_16:23:39.824437 MAGNA < b'*IDN?\r\n'
20230609_16:23:39.877061 MAGNA > b'Magna-Power Electronics Inc., SL32-46, S/N:1164-6260, F/W:9.0\r\n'
20230609_16:23:39.877375 MAGNA < b'OUTP:STAT?\r\n'
20230609_16:23:39.893236 MAGNA > b'0\r\n'
20230609_16:23:39.893468 MAGNA < b'VOLT?\r\n'
20230609_16:23:39.909040 MAGNA > b'24.00\r\n'
20230609_16:23:39.909260 MAGNA < b'MEAS:VOLT?\r\n'
20230609_16:23:39.928053 MAGNA > b'0.05\r\n'
20230609_16:23:39.928299 MAGNA < b'CURR?\r\n'
20230609_16:23:39.942930 MAGNA > b'2.00\r\n'
20230609_16:23:39.943090 MAGNA < b'MEAS:CURR?\r\n'
20230609_16:23:39.961577 MAGNA > b'0.00\r\n'
20230609_16:23:39.961806 serial_number = b'1164-6260'
20230609_16:23:39.961948 PS is OFF
20230609_16:23:39.962078 PS voltage is set to 24.00 V
20230609_16:23:39.962203 PS voltage is actually 0.05 V
20230609_16:23:39.962319 PS current is set to 2.00 A
20230609_16:23:39.962434 PS voltage is actually 0.00 A
20230609_16:24:21.704531 MAGNA < b'*CLS\r\n'
20230609_16:24:21.704799 MAGNA < b'*IDN?\r\n'
20230609_16:24:21.758832 MAGNA > b'Magna-Power Electronics Inc., SL32-46, S/N:1164-6260, F/W:9.0\r\n'
20230609_16:24:21.759158 MAGNA < b'OUTP:STAT?\r\n'
20230609_16:24:21.774814 MAGNA > b'0\r\n'
20230609_16:24:21.775076 MAGNA < b'VOLT?\r\n'
20230609_16:24:21.790609 MAGNA > b'24.00\r\n'
20230609_16:24:21.790770 MAGNA < b'MEAS:VOLT?\r\n'
20230609_16:24:21.809778 MAGNA > b'0.05\r\n'
20230609_16:24:21.810035 MAGNA < b'CURR?\r\n'
20230609_16:24:21.825111 MAGNA > b'2.00\r\n'
20230609_16:24:21.825313 MAGNA < b'MEAS:CURR?\r\n'
20230609_16:24:21.843819 MAGNA > b'0.00\r\n'
20230609_16:24:21.844052 serial_number = b'1164-6260'
20230609_16:24:21.844197 PS is OFF
20230609_16:24:21.844332 PS voltage is set to 24.00 V
20230609_16:24:21.844457 PS voltage is actually 0.05 V
20230609_16:24:21.844578 PS current is set to 2.00 A
20230609_16:24:21.844690 PS voltage is actually 0.00 A
20230609_16:25:32.600607 MAGNA < b'*CLS\r\n'
20230609_16:25:32.600789 MAGNA < b'*IDN?\r\n'
20230609_16:25:32.654109 MAGNA > b'Magna-Power Electronics Inc., SL32-46, S/N:1164-6260, F/W:9.0\r\n'
20230609_16:29:01.561784 MAGNA < b'*CLS\r\n'
20230609_16:29:01.561960 MAGNA < b'*IDN?\r\n'
20230609_16:29:01.614466 MAGNA > b'Magna-Power Electronics Inc., SL32-46, S/N:1164-6260, F/W:9.0\r\n'
20230609_16:29:01.614753 MAGNA < b'OUTP:START\r\n'
20230609_16:29:01.614974 MAGNA < b'OUTP:STAT?\r\n'
20230609_16:29:01.667380 MAGNA > b'1\r\n'
20230609_16:29:01.667649 output_state = True
20230609_16:29:06.689673 MAGNA < b'*CLS\r\n'
20230609_16:29:06.689850 MAGNA < b'*IDN?\r\n'
20230609_16:29:06.744867 MAGNA > b'Magna-Power Electronics Inc., SL32-46, S/N:1164-6260, F/W:9.0\r\n'
20230609_16:29:06.745157 MAGNA < b'OUTP:STOP\r\n'
20230609_16:29:06.745380 MAGNA < b'OUTP:STAT?\r\n'
20230609_16:29:06.767505 MAGNA > b'0\r\n'
20230609_16:29:06.767734 output_state = False
20230609_16:29:35.113506 MAGNA < b'*CLS\r\n'
20230609_16:29:35.113683 MAGNA < b'*IDN?\r\n'
20230609_16:29:35.168012 MAGNA > b'Magna-Power Electronics Inc., SL32-46, S/N:1164-6260, F/W:9.0\r\n'
20230609_16:29:35.168308 MAGNA < b'OUTP:START\r\n'
20230609_16:29:35.168531 MAGNA < b'OUTP:STAT?\r\n'
20230609_16:29:35.220335 MAGNA > b'1\r\n'
20230609_16:29:35.220497 output_state = True
20230609_16:30:15.001441 MAGNA < b'*CLS\r\n'
20230609_16:30:15.001634 MAGNA < b'*IDN?\r\n'
20230609_16:30:15.055436 MAGNA > b'Magna-Power Electronics Inc., SL32-46, S/N:1164-6260, F/W:9.0\r\n'
20230609_16:30:15.055779 MAGNA < b'OUTP:STAT?\r\n'
20230609_16:30:15.072995 MAGNA > b'1\r\n'
20230609_16:30:15.073218 MAGNA < b'VOLT?\r\n'
20230609_16:30:15.090724 MAGNA > b'24.00\r\n'
20230609_16:30:15.090900 MAGNA < b'MEAS:VOLT?\r\n'
20230609_16:30:15.113105 MAGNA > b'24.04\r\n'
20230609_16:30:15.113244 MAGNA < b'CURR?\r\n'
20230609_16:30:15.129061 MAGNA > b'2.00\r\n'
20230609_16:30:15.129298 MAGNA < b'MEAS:CURR?\r\n'
20230609_16:30:15.150108 MAGNA > b'0.77\r\n'
20230609_16:30:15.150346 serial_number = b'1164-6260'
20230609_16:30:15.150513 PS is ON
20230609_16:30:15.150649 PS voltage is set to 24.00 V
20230609_16:30:15.150775 PS voltage is actually 24.04 V
20230609_16:30:15.150899 PS current is set to 2.00 A
20230609_16:30:15.151018 PS voltage is actually 0.77 A
20230609_16:30:30.713486 MAGNA < b'*CLS\r\n'
20230609_16:30:30.713659 MAGNA < b'*IDN?\r\n'
20230609_16:30:30.767255 MAGNA > b'Magna-Power Electronics Inc., SL32-46, S/N:1164-6260, F/W:9.0\r\n'
20230609_16:30:30.767548 MAGNA < b'OUTP:STOP\r\n'
20230609_16:30:30.767772 MAGNA < b'OUTP:STAT?\r\n'
20230609_16:30:30.790070 MAGNA > b'0\r\n'
20230609_16:30:30.790294 output_state = False
20230609_16:30:32.905563 MAGNA < b'*CLS\r\n'
20230609_16:30:32.905749 MAGNA < b'*IDN?\r\n'
20230609_16:30:32.959907 MAGNA > b'Magna-Power Electronics Inc., SL32-46, S/N:1164-6260, F/W:9.0\r\n'
20230609_16:30:32.960245 MAGNA < b'OUTP:STAT?\r\n'
20230609_16:30:32.977041 MAGNA > b'0\r\n'
20230609_16:30:32.977262 MAGNA < b'VOLT?\r\n'
20230609_16:30:32.994251 MAGNA > b'24.00\r\n'
20230609_16:30:32.994399 MAGNA < b'MEAS:VOLT?\r\n'
20230609_16:30:33.013328 MAGNA > b'0.34\r\n'
20230609_16:30:33.013477 MAGNA < b'CURR?\r\n'
20230609_16:30:33.029108 MAGNA > b'2.00\r\n'
20230609_16:30:33.029303 MAGNA < b'MEAS:CURR?\r\n'
20230609_16:30:33.046998 MAGNA > b'0.00\r\n'
20230609_16:30:33.047254 serial_number = b'1164-6260'
20230609_16:30:33.047404 PS is OFF
20230609_16:30:33.047553 PS voltage is set to 24.00 V
20230609_16:30:33.047679 PS voltage is actually 0.34 V
20230609_16:30:33.047797 PS current is set to 2.00 A
20230609_16:30:33.047910 PS voltage is actually 0.00 A
20230609_16:38:15.282302 MAGNA < b'*CLS\r\n'
20230609_16:38:15.282573 MAGNA < b'*IDN?\r\n'
20230609_16:38:15.338745 MAGNA > b'Magna-Power Electronics Inc., SL32-46, S/N:1164-6260, F/W:9.0\r\n'
20230609_16:38:15.339071 MAGNA < b'OUTP:STAT?\r\n'
20230609_16:38:15.355904 MAGNA > b'0\r\n'
20230609_16:38:15.356120 MAGNA < b'VOLT?\r\n'
20230609_16:38:15.372564 MAGNA > b'24.00\r\n'
20230609_16:38:15.372708 MAGNA < b'MEAS:VOLT?\r\n'
20230609_16:38:15.391688 MAGNA > b'0.18\r\n'
20230609_16:38:15.391849 MAGNA < b'CURR?\r\n'
20230609_16:38:15.407104 MAGNA > b'2.00\r\n'
20230609_16:38:15.407351 MAGNA < b'MEAS:CURR?\r\n'
20230609_16:38:15.425758 MAGNA > b'0.00\r\n'
20230609_16:38:15.425982 serial_number = b'1164-6260'
20230609_16:38:15.426117 PS is OFF
20230609_16:38:15.426245 PS voltage is set to 24.00 V
20230609_16:38:15.426370 PS voltage is actually 0.18 V
20230609_16:38:15.426484 PS current is set to 2.00 A
20230609_16:38:15.426591 PS voltage is actually 0.00 A
20230609_16:38:15.426698 Reached end of script
20230609_16:47:27.949100 MAGNA < b'*CLS\r\n'
20230609_16:47:27.949328 MAGNA < b'*IDN?\r\n'
20230609_16:47:28.003447 MAGNA > b'Magna-Power Electronics Inc., SL32-46, S/N:1164-6260, F/W:9.0\r\n'
20230609_16:47:28.003762 Reached end of script
20230609_17:02:53.487880 MAGNA < b'*CLS\r\n'
20230609_17:02:53.488041 MAGNA < b'*IDN?\r\n'
20230609_17:02:53.542808 MAGNA > b'Magna-Power Electronics Inc., SL32-46, S/N:1164-6260, F/W:9.0\r\n'
20230609_17:02:53.543083 testing
20230609_17:02:53.543240 Added testing to magna.log
20230609_17:02:53.543365 Reached end of script
20230609_17:04:22.600730 MAGNA < b'*CLS\r\n'
20230609_17:04:22.600902 MAGNA < b'*IDN?\r\n'
20230609_17:04:22.655372 MAGNA > b'Magna-Power Electronics Inc., SL32-46, S/N:1164-6260, F/W:9.0\r\n'
20230609_17:04:22.655652 Reached end of script
20230609_17:05:19.400523 MAGNA < b'*CLS\r\n'
20230609_17:05:19.400691 MAGNA < b'*IDN?\r\n'
20230609_17:05:19.455167 MAGNA > b'Magna-Power Electronics Inc., SL32-46, S/N:1164-6260, F/W:9.0\r\n'
20230609_17:05:19.455466 MAGNA < b'OUTP:STAT?'
20230609_17:05:19.455650 Manually inputted OUTP:STAT?
20230609_17:05:19.455774 Reached end of script
20230609_17:05:38.009013 MAGNA < b'*CLS\r\n'
20230609_17:05:38.009194 MAGNA < b'*IDN?\r\n'
20230609_17:05:38.065960 MAGNA > b'Magna-Power Electronics Inc., SL32-46, S/N:1164-6260, F/W:9.0\r\n'
20230609_17:05:38.066246 MAGNA < b'OUTP:STAT?rn'
20230609_17:05:38.066436 Manually inputted OUTP:STAT?rn
20230609_17:05:38.066584 Reached end of script
20230609_17:08:09.425640 MAGNA < b'*CLS\r\n'
20230609_17:08:09.425853 MAGNA < b'*IDN?\r\n'
20230609_17:08:09.481153 MAGNA > b'Magna-Power Electronics Inc., SL32-46, S/N:1164-6260, F/W:9.0\r\n'
20230609_17:08:09.481443 Reached end of script
20230609_17:10:14.385949 MAGNA < b'*CLS\r\n'
20230609_17:10:14.386231 MAGNA < b'*IDN?\r\n'
20230609_17:10:14.441152 MAGNA > b'Magna-Power Electronics Inc., SL32-46, S/N:1164-6260, F/W:9.0\r\n'
20230609_17:10:14.441465 MAGNA < b'OUTP:STAT?\r\n'
20230609_17:10:14.457327 MAGNA > b'0\r\n'
20230609_17:10:14.457548 MAGNA < b'VOLT?\r\n'
20230609_17:10:14.473003 MAGNA > b'24.00\r\n'
20230609_17:10:14.473134 MAGNA < b'MEAS:VOLT?\r\n'
20230609_17:10:14.492161 MAGNA > b'0.08\r\n'
20230609_17:10:14.492404 MAGNA < b'CURR?\r\n'
20230609_17:10:14.507074 MAGNA > b'2.00\r\n'
20230609_17:10:14.507320 MAGNA < b'MEAS:CURR?\r\n'
20230609_17:10:14.526169 MAGNA > b'0.00\r\n'
20230609_17:10:14.526397 serial_number = b'1164-6260'
20230609_17:10:14.526533 PS is OFF
20230609_17:10:14.526661 PS voltage is set to 24.00 V
20230609_17:10:14.526805 PS voltage is actually 0.08 V
20230609_17:10:14.526923 PS current is set to 2.00 A
20230609_17:10:14.527035 PS voltage is actually 0.00 A
20230609_17:10:14.527142 Reached end of script
20230609_17:10:37.699372 MAGNA < b'*CLS\r\n'
20230609_17:10:37.699640 MAGNA < b'*IDN?\r\n'
20230609_17:10:37.753746 MAGNA > b'Magna-Power Electronics Inc., SL32-46, S/N:1164-6260, F/W:9.0\r\n'
20230609_17:10:37.754041 Reached end of script
20230609_17:11:26.242314 MAGNA < b'*CLS\r\n'
20230609_17:11:26.242485 MAGNA < b'*IDN?\r\n'
20230609_17:11:26.295550 MAGNA > b'Magna-Power Electronics Inc., SL32-46, S/N:1164-6260, F/W:9.0\r\n'
20230609_17:11:26.295829 Reached end of script
20230609_17:11:33.723129 MAGNA < b'*CLS\r\n'
20230609_17:11:33.723420 MAGNA < b'*IDN?\r\n'
20230609_17:11:33.777661 MAGNA > b'Magna-Power Electronics Inc., SL32-46, S/N:1164-6260, F/W:9.0\r\n'
20230609_17:11:33.777970 Reached end of script
20230609_17:12:15.298892 MAGNA < b'*CLS\r\n'
20230609_17:12:15.299213 MAGNA < b'*IDN?\r\n'
20230609_17:12:15.353100 MAGNA > b'Magna-Power Electronics Inc., SL32-46, S/N:1164-6260, F/W:9.0\r\n'
20230609_17:12:15.353403 MAGNA < b'OUTP:START\r\n'
20230609_17:12:15.353684 MAGNA < b'OUTP:STAT?\r\n'
20230609_17:12:15.406611 MAGNA > b'1\r\n'
20230609_17:12:15.406872 output_state = True
20230609_17:12:15.407007 Reached end of script
20230609_17:12:27.666663 MAGNA < b'*CLS\r\n'
20230609_17:12:27.666924 MAGNA < b'*IDN?\r\n'
20230609_17:12:27.717902 MAGNA > b'Magna-Power Electronics Inc., SL32-46, S/N:1164-6260, F/W:9.0\r\n'
20230609_17:12:27.718196 MAGNA < b'OUTP:STOP\r\n'
20230609_17:12:27.718408 MAGNA < b'OUTP:STAT?\r\n'
20230609_17:12:27.740423 MAGNA > b'0\r\n'
20230609_17:12:27.740633 output_state = False
20230609_17:12:27.740767 Reached end of script
20230609_17:15:12.818844 MAGNA < b'*CLS\r\n'
20230609_17:15:12.819012 MAGNA < b'*IDN?\r\n'
20230609_17:15:12.875035 MAGNA > b'Magna-Power Electronics Inc., SL32-46, S/N:1164-6260, F/W:9.0\r\n'
20230609_17:15:12.875339 Reached end of script
20230609_17:18:59.188331 MAGNA < b'*CLS\r\n'
20230609_17:18:59.188606 MAGNA < b'*IDN?\r\n'
20230609_17:18:59.243749 MAGNA > b'Magna-Power Electronics Inc., SL32-46, S/N:1164-6260, F/W:9.0\r\n'
20230609_17:18:59.244038 Reached end of script
20230609_17:24:06.253876 MAGNA < b'*CLS\r\n'
20230609_17:24:06.254052 MAGNA < b'*IDN?\r\n'
20230609_17:24:06.306618 MAGNA > b'Magna-Power Electronics Inc., SL32-46, S/N:1164-6260, F/W:9.0\r\n'
20230609_17:24:06.306902 MAGNA < b'OUTP:START\r\n'
20230609_17:24:06.307097 Manually inputted OUTP:START
20230609_17:24:06.307268 Reached end of script
20230609_17:24:10.292848 MAGNA < b'*CLS\r\n'
20230609_17:24:10.293024 MAGNA < b'*IDN?\r\n'
20230609_17:24:10.349247 MAGNA > b'Magna-Power Electronics Inc., SL32-46, S/N:1164-6260, F/W:9.0\r\n'
20230609_17:24:10.349532 MAGNA < b'OUTP:STOP\r\n'
20230609_17:24:10.349725 Manually inputted OUTP:STOP
20230609_17:24:10.349854 Reached end of script
20230609_17:31:22.909820 MAGNA < b'*CLS\r\n'
20230609_17:31:22.909998 MAGNA < b'*IDN?\r\n'
20230609_17:31:22.964672 MAGNA > b'Magna-Power Electronics Inc., SL32-46, S/N:1164-6260, F/W:9.0\r\n'
20230609_17:31:22.964979 MAGNA < b'OUTP:STAT?\r\n'
20230609_17:31:22.981509 MAGNA > b'0\r\n'
20230609_17:31:22.981676 MAGNA < b'VOLT?\r\n'
20230609_17:31:22.998895 MAGNA > b'24.00\r\n'
20230609_17:31:22.999152 MAGNA < b'MEAS:VOLT?\r\n'
20230609_17:31:23.018457 MAGNA > b'0.16\r\n'
20230609_17:31:23.018714 Reached end of script
20230609_17:31:39.174179 MAGNA < b'*CLS\r\n'
20230609_17:31:39.174361 MAGNA < b'*IDN?\r\n'
20230609_17:31:39.228724 MAGNA > b'Magna-Power Electronics Inc., SL32-46, S/N:1164-6260, F/W:9.0\r\n'
20230609_17:31:39.229020 MAGNA < b'OUTP:STAT?\r\n'
20230609_17:31:39.245692 MAGNA > b'0\r\n'
20230609_17:31:39.245928 MAGNA < b'VOLT?\r\n'
20230609_17:31:39.261499 MAGNA > b'24.00\r\n'
20230609_17:31:39.261619 MAGNA < b'MEAS:VOLT?\r\n'
20230609_17:31:39.280767 MAGNA > b'0.15\r\n'
20230609_17:31:39.281018 MAGNA < b'VOLT:PROT?\r\n'
20230609_17:31:39.303208 MAGNA > b'35.20\r\n'
20230609_17:31:39.303490 MAGNA < b'CURR?\r\n'
20230609_17:31:39.319386 MAGNA > b'2.00\r\n'
20230609_17:31:39.319591 MAGNA < b'MEAS:CURR?\r\n'
20230609_17:31:39.337607 MAGNA > b'0.00\r\n'
20230609_17:31:39.337779 MAGNA < b'CURR:PROT?\r\n'
20230609_17:31:39.360680 serial_number = b'1164-6260'
20230609_17:31:39.360882 PS is OFF
20230609_17:31:39.361019 PS voltage is set to 24.00 V
20230609_17:31:39.361141 PS voltage is actually 0.15 V
20230609_17:31:39.361251 PS voltage protection is actually 35.20
20230609_17:31:39.361380 PS current is set to 2.00 A
20230609_17:31:39.361485 PS current is actually 0.00 A
20230609_17:31:39.361594 PS current protection is actually 50.60
20230609_17:31:39.361697 Reached end of script
20230609_17:31:56.575404 MAGNA < b'*CLS\r\n'
20230609_17:31:56.575626 MAGNA < b'*IDN?\r\n'
20230609_17:31:56.629554 MAGNA > b'Magna-Power Electronics Inc., SL32-46, S/N:1164-6260, F/W:9.0\r\n'
20230609_17:31:56.629873 MAGNA < b'OUTP:STAT?\r\n'
20230609_17:31:56.646361 MAGNA > b'0\r\n'
20230609_17:31:56.646580 MAGNA < b'VOLT?\r\n'
20230609_17:31:56.662872 MAGNA > b'24.00\r\n'
20230609_17:31:56.663015 MAGNA < b'MEAS:VOLT?\r\n'
20230609_17:31:56.682058 MAGNA > b'0.16\r\n'
20230609_17:31:56.682291 MAGNA < b'VOLT:PROT?\r\n'
20230609_17:31:56.705555 MAGNA > b'35.20\r\n'
20230609_17:31:56.705814 MAGNA < b'CURR?\r\n'
20230609_17:31:56.720408 MAGNA > b'2.00\r\n'
20230609_17:31:56.720615 MAGNA < b'MEAS:CURR?\r\n'
20230609_17:31:56.739620 MAGNA > b'0.00\r\n'
20230609_17:31:56.739892 MAGNA < b'CURR:PROT?\r\n'
20230609_17:31:56.761613 serial_number = b'1164-6260'
20230609_17:31:56.761819 PS is OFF
20230609_17:31:56.761960 PS voltage is set to 24.00 V
20230609_17:31:56.762082 PS voltage is actually 0.16 V
20230609_17:31:56.762195 PS voltage protection is 35.20
20230609_17:31:56.762308 PS current is set to 2.00 A
20230609_17:31:56.762413 PS current is actually 0.00 A
20230609_17:31:56.762519 PS current protection is 50.60
20230609_17:31:56.762623 Reached end of script
20230609_17:32:50.246529 MAGNA < b'*CLS\r\n'
20230609_17:32:50.246691 MAGNA < b'*IDN?\r\n'
20230609_17:32:50.301666 MAGNA > b'Magna-Power Electronics Inc., SL32-46, S/N:1164-6260, F/W:9.0\r\n'
20230609_17:32:50.301970 MAGNA < b'OUTP:START\r\n'
20230609_17:32:50.302157 Manually inputted OUTP:START
20230609_17:32:50.302295 Reached end of script
20230609_17:32:54.502245 MAGNA < b'*CLS\r\n'
20230609_17:32:54.502418 MAGNA < b'*IDN?\r\n'
20230609_17:32:54.558932 MAGNA > b'Magna-Power Electronics Inc., SL32-46, S/N:1164-6260, F/W:9.0\r\n'
20230609_17:32:54.559248 MAGNA < b'OUTP:STOP\r\n'
20230609_17:32:54.559446 Manually inputted OUTP:STOP
20230609_17:32:54.559588 Reached end of script
20230609_17:37:52.176295 MAGNA < b'*CLS\r\n'
20230609_17:37:52.176576 MAGNA < b'*IDN?\r\n'
20230609_17:37:52.229009 MAGNA > b'Magna-Power Electronics Inc., SL32-46, S/N:1164-6260, F/W:9.0\r\n'
20230609_17:37:52.229302 Reached end of script
20230609_17:38:26.968982 MAGNA < b'*CLS\r\n'
20230609_17:38:26.969256 MAGNA < b'*IDN?\r\n'
20230609_17:38:27.023453 MAGNA > b'Magna-Power Electronics Inc., SL32-46, S/N:1164-6260, F/W:9.0\r\n'
20230609_17:38:27.023769 Reached end of script
20230609_17:38:43.128634 MAGNA < b'*CLS\r\n'
20230609_17:38:43.128961 MAGNA < b'*IDN?\r\n'
20230609_17:38:43.183161 MAGNA > b'Magna-Power Electronics Inc., SL32-46, S/N:1164-6260, F/W:9.0\r\n'
20230609_17:38:43.183487 MAGNA < b'VOLT:PROT 30.000\r\n'
20230609_17:38:43.183693 MAGNA < b'VOLT:PROT?\r\n'
20230609_17:38:43.234056 MAGNA > b'30.00\r\n'
20230609_17:38:43.234312 set_voltage_protection = 30
20230609_17:38:43.234477 MAGNA < b'CURR:PROT:LEV 25.0000\r\n'
20230609_17:38:43.234678 MAGNA < b'CURR:PROT?\r\n'
20230609_17:38:43.289670 set_current_protection = 25
20230609_17:38:43.289853 MAGNA < b'VOLT 50\r\n'
20230609_17:38:43.289976 MAGNA < b'VOLT?\r\n'
20230609_17:38:43.322463 MAGNA > b'32.00\r\n'
20230609_17:38:43.322708 set_voltage = 32
20230609_17:38:43.322872 MAGNA < b'CURR 2.000\r\n'
20230609_17:38:43.323052 MAGNA < b'CURR?\r\n'
20230609_17:38:43.359437 MAGNA > b'2.00\r\n'
20230609_17:38:43.359697 set_current = 2
20230609_17:38:43.359878 MAGNA < b'OUTP:STAT?\r\n'
20230609_17:38:43.375569 MAGNA > b'0\r\n'
20230609_17:38:43.375810 MAGNA < b'VOLT?\r\n'
20230609_17:38:43.392903 MAGNA > b'32.00\r\n'
20230609_17:38:43.393140 MAGNA < b'MEAS:VOLT?\r\n'
20230609_17:38:43.412487 MAGNA > b'0.18\r\n'
20230609_17:38:43.412719 MAGNA < b'VOLT:PROT?\r\n'
20230609_17:38:43.435133 MAGNA > b'30.00\r\n'
20230609_17:38:43.435413 MAGNA < b'CURR?\r\n'
20230609_17:38:43.451357 MAGNA > b'2.00\r\n'
20230609_17:38:43.451572 MAGNA < b'MEAS:CURR?\r\n'
20230609_17:38:43.469936 MAGNA > b'0.00\r\n'
20230609_17:38:43.470190 MAGNA < b'CURR:PROT?\r\n'
20230609_17:38:43.493393 serial_number = b'1164-6260'
20230609_17:38:43.493609 PS is OFF
20230609_17:38:43.493751 PS voltage is set to 32.00 V
20230609_17:38:43.493877 PS voltage is actually 0.18 V
20230609_17:38:43.493993 PS voltage protection is 30.00
20230609_17:38:43.494112 PS current is set to 2.00 A
20230609_17:38:43.494225 PS current is actually 0.00 A
20230609_17:38:43.494341 PS current protection is 25.00
20230609_17:38:43.494450 Reached end of script
20230609_17:39:11.192309 MAGNA < b'*CLS\r\n'
20230609_17:39:11.192543 MAGNA < b'*IDN?\r\n'
20230609_17:39:11.247080 MAGNA > b'Magna-Power Electronics Inc., SL32-46, S/N:1164-6260, F/W:9.0\r\n'
20230609_17:39:11.247395 MAGNA < b'OUTP:STAT?\r\n'
20230609_17:39:11.263198 MAGNA > b'0\r\n'
20230609_17:39:11.263426 MAGNA < b'VOLT?\r\n'
20230609_17:39:11.280027 MAGNA > b'32.00\r\n'
20230609_17:39:11.280259 MAGNA < b'MEAS:VOLT?\r\n'
20230609_17:39:11.300116 MAGNA > b'0.18\r\n'
20230609_17:39:11.300374 MAGNA < b'VOLT:PROT?\r\n'
20230609_17:39:11.322633 MAGNA > b'30.00\r\n'
20230609_17:39:11.322856 MAGNA < b'CURR?\r\n'
20230609_17:39:11.338826 MAGNA > b'2.00\r\n'
20230609_17:39:11.339062 MAGNA < b'MEAS:CURR?\r\n'
20230609_17:39:11.357075 MAGNA > b'0.00\r\n'
20230609_17:39:11.357322 MAGNA < b'CURR:PROT?\r\n'
20230609_17:39:11.379584 serial_number = b'1164-6260'
20230609_17:39:11.379823 PS is OFF
20230609_17:39:11.379966 PS voltage is set to 32.00 V
20230609_17:39:11.380086 PS voltage is actually 0.18 V
20230609_17:39:11.380197 PS voltage protection is 30.00
20230609_17:39:11.380305 PS current is set to 2.00 A
20230609_17:39:11.380411 PS current is actually 0.00 A
20230609_17:39:11.380515 PS current protection is 25.00
20230609_17:39:11.380624 Reached end of script
20230609_17:39:20.455472 MAGNA < b'*CLS\r\n'
20230609_17:39:20.455642 MAGNA < b'*IDN?\r\n'
20230609_17:39:20.507726 MAGNA > b'Magna-Power Electronics Inc., SL32-46, S/N:1164-6260, F/W:9.0\r\n'
20230609_17:39:20.508017 MAGNA < b'OUTP:START\r\n'
20230609_17:39:20.508210 MAGNA < b'OUTP:STAT?\r\n'
20230609_17:39:20.561116 MAGNA > b'1\r\n'
20230609_17:39:20.561370 output_state = True
20230609_17:39:20.561503 Reached end of script
20230609_17:39:29.599637 MAGNA < b'*CLS\r\n'
20230609_17:39:29.599898 MAGNA < b'*IDN?\r\n'
20230609_17:39:29.653008 MAGNA > b'Magna-Power Electronics Inc., SL32-46, S/N:1164-6260, F/W:9.0\r\n'
20230609_17:39:29.653301 MAGNA < b'OUTP:STAT?\r\n'
20230609_17:39:29.670075 MAGNA > b'0\r\n'
20230609_17:39:29.670304 MAGNA < b'VOLT?\r\n'
20230609_17:39:29.687327 MAGNA > b'32.00\r\n'
20230609_17:39:29.687480 MAGNA < b'MEAS:VOLT?\r\n'
20230609_17:39:29.706545 MAGNA > b'0.34\r\n'
20230609_17:39:29.706780 MAGNA < b'VOLT:PROT?\r\n'
20230609_17:39:29.728956 MAGNA > b'30.00\r\n'
20230609_17:39:29.729186 MAGNA < b'CURR?\r\n'
20230609_17:39:29.745178 MAGNA > b'2.00\r\n'
20230609_17:39:29.745394 MAGNA < b'MEAS:CURR?\r\n'
20230609_17:39:29.763880 MAGNA > b'0.00\r\n'
20230609_17:39:29.764061 MAGNA < b'CURR:PROT?\r\n'
20230609_17:39:29.786570 serial_number = b'1164-6260'
20230609_17:39:29.786772 PS is OFF
20230609_17:39:29.786911 PS voltage is set to 32.00 V
20230609_17:39:29.787030 PS voltage is actually 0.34 V
20230609_17:39:29.787141 PS voltage protection is 30.00
20230609_17:39:29.787265 PS current is set to 2.00 A
20230609_17:39:29.787379 PS current is actually 0.00 A
20230609_17:39:29.787482 PS current protection is 25.00
20230609_17:39:29.787591 Reached end of script
20230609_17:39:41.535327 MAGNA < b'*CLS\r\n'
20230609_17:39:41.535504 MAGNA < b'*IDN?\r\n'
20230609_17:39:41.590556 MAGNA > b'Magna-Power Electronics Inc., SL32-46, S/N:1164-6260, F/W:9.0\r\n'
20230609_17:39:41.590859 MAGNA < b'OUTP:STAT?\r\n'
20230609_17:39:41.607097 MAGNA > b'0\r\n'
20230609_17:39:41.607325 MAGNA < b'VOLT?\r\n'
20230609_17:39:41.623902 MAGNA > b'32.00\r\n'
20230609_17:39:41.624076 MAGNA < b'MEAS:VOLT?\r\n'
20230609_17:39:41.644040 MAGNA > b'0.27\r\n'
20230609_17:39:41.644277 MAGNA < b'VOLT:PROT?\r\n'
20230609_17:39:41.667575 MAGNA > b'30.00\r\n'
20230609_17:39:41.667825 MAGNA < b'CURR?\r\n'
20230609_17:39:41.682717 MAGNA > b'2.00\r\n'
20230609_17:39:41.682919 MAGNA < b'MEAS:CURR?\r\n'
20230609_17:39:41.700890 MAGNA > b'0.00\r\n'
20230609_17:39:41.701065 MAGNA < b'CURR:PROT?\r\n'
20230609_17:39:41.723445 serial_number = b'1164-6260'
20230609_17:39:41.723647 PS is OFF
20230609_17:39:41.723781 PS voltage is set to 32.00 V
20230609_17:39:41.723898 PS voltage is actually 0.27 V
20230609_17:39:41.724006 PS voltage protection is 30.00
20230609_17:39:41.724112 PS current is set to 2.00 A
20230609_17:39:41.724213 PS current is actually 0.00 A
20230609_17:39:41.724313 PS current protection is 25.00
20230609_17:39:41.724411 Reached end of script
20230609_17:39:58.384204 MAGNA < b'*CLS\r\n'
20230609_17:39:58.384379 MAGNA < b'*IDN?\r\n'
20230609_17:39:58.439856 MAGNA > b'Magna-Power Electronics Inc., SL32-46, S/N:1164-6260, F/W:9.0\r\n'
20230609_17:39:58.440160 MAGNA < b'VOLT:PROT 50.000\r\n'
20230609_17:39:58.440372 MAGNA < b'VOLT:PROT?\r\n'
20230609_17:39:58.489942 MAGNA > b'35.20\r\n'
20230609_17:39:58.490202 set_voltage_protection = 35
20230609_17:39:58.490337 Reached end of script
20230609_17:40:22.647925 MAGNA < b'*CLS\r\n'
20230609_17:40:22.648185 MAGNA < b'*IDN?\r\n'
20230609_17:40:22.702752 MAGNA > b'Magna-Power Electronics Inc., SL32-46, S/N:1164-6260, F/W:9.0\r\n'
20230609_17:40:22.703042 MAGNA < b'OUTP:STAT?\r\n'
20230609_17:40:22.719828 MAGNA > b'0\r\n'
20230609_17:40:22.720061 MAGNA < b'VOLT?\r\n'
20230609_17:40:22.735516 MAGNA > b'32.00\r\n'
20230609_17:40:22.735651 MAGNA < b'MEAS:VOLT?\r\n'
20230609_17:40:22.754738 MAGNA > b'0.25\r\n'
20230609_17:40:22.754974 MAGNA < b'VOLT:PROT?\r\n'
20230609_17:40:22.778736 MAGNA > b'35.20\r\n'
20230609_17:40:22.778968 MAGNA < b'CURR?\r\n'
20230609_17:40:22.794921 MAGNA > b'2.00\r\n'
20230609_17:40:22.795150 MAGNA < b'MEAS:CURR?\r\n'
20230609_17:40:22.815021 MAGNA > b'0.00\r\n'
20230609_17:40:22.815256 MAGNA < b'CURR:PROT?\r\n'
20230609_17:40:22.837675 serial_number = b'1164-6260'
20230609_17:40:22.837898 PS is OFF
20230609_17:40:22.838043 PS voltage is set to 32.00 V
20230609_17:40:22.838169 PS voltage is actually 0.25 V
20230609_17:40:22.838287 PS voltage protection is 35.20
20230609_17:40:22.838403 PS current is set to 2.00 A
20230609_17:40:22.838514 PS current is actually 0.00 A
20230609_17:40:22.838623 PS current protection is 25.00
20230609_17:40:22.838729 Reached end of script
20230609_17:40:34.056118 MAGNA < b'*CLS\r\n'
20230609_17:40:34.056288 MAGNA < b'*IDN?\r\n'
20230609_17:40:34.110252 MAGNA > b'Magna-Power Electronics Inc., SL32-46, S/N:1164-6260, F/W:9.0\r\n'
20230609_17:40:34.110528 MAGNA < b'OUTP:START\r\n'
20230609_17:40:34.110724 MAGNA < b'OUTP:STAT?\r\n'
20230609_17:40:34.134388 MAGNA > b'0\r\n'
20230609_17:40:34.134616 output_state = False
20230609_17:40:34.134755 Reached end of script
20230609_17:40:46.784474 MAGNA < b'*CLS\r\n'
20230609_17:40:46.784662 MAGNA < b'*IDN?\r\n'
20230609_17:40:46.839515 MAGNA > b'Magna-Power Electronics Inc., SL32-46, S/N:1164-6260, F/W:9.0\r\n'
20230609_17:40:46.839801 MAGNA < b'OUTP:STAT?\r\n'
20230609_17:40:46.857585 MAGNA > b'0\r\n'
20230609_17:40:46.857798 MAGNA < b'VOLT?\r\n'
20230609_17:40:46.875709 MAGNA > b'32.00\r\n'
20230609_17:40:46.875879 MAGNA < b'MEAS:VOLT?\r\n'
20230609_17:40:46.894890 MAGNA > b'0.24\r\n'
20230609_17:40:46.895117 MAGNA < b'VOLT:PROT?\r\n'
20230609_17:40:46.917909 MAGNA > b'35.20\r\n'
20230609_17:40:46.918164 MAGNA < b'CURR?\r\n'
20230609_17:40:46.934086 MAGNA > b'2.00\r\n'
20230609_17:40:46.934296 MAGNA < b'MEAS:CURR?\r\n'
20230609_17:40:46.954295 MAGNA > b'0.00\r\n'
20230609_17:40:46.954514 MAGNA < b'CURR:PROT?\r\n'
20230609_17:40:46.978308 serial_number = b'1164-6260'
20230609_17:40:46.978530 PS is OFF
20230609_17:40:46.978673 PS voltage is set to 32.00 V
20230609_17:40:46.978799 PS voltage is actually 0.24 V
20230609_17:40:46.978913 PS voltage protection is 35.20
20230609_17:40:46.979022 PS current is set to 2.00 A
20230609_17:40:46.979128 PS current is actually 0.00 A
20230609_17:40:46.979249 PS current protection is 25.00
20230609_17:40:46.979359 Reached end of script
20230609_17:40:56.080456 MAGNA < b'*CLS\r\n'
20230609_17:40:56.080629 MAGNA < b'*IDN?\r\n'
20230609_17:40:56.133660 MAGNA > b'Magna-Power Electronics Inc., SL32-46, S/N:1164-6260, F/W:9.0\r\n'
20230609_17:40:56.133961 MAGNA < b'OUTP:START\r\n'
20230609_17:40:56.134160 MAGNA < b'OUTP:STAT?\r\n'
20230609_17:40:56.157668 MAGNA > b'0\r\n'
20230609_17:40:56.157881 output_state = False
20230609_17:40:56.158020 Reached end of script
20230609_17:42:18.032195 MAGNA < b'*CLS\r\n'
20230609_17:42:18.032382 MAGNA < b'*IDN?\r\n'
20230609_17:42:18.085710 MAGNA > b'Magna-Power Electronics Inc., SL32-46, S/N:1164-6260, F/W:9.0\r\n'
20230609_17:42:18.085990 MAGNA < b'OUTP:START\r\n'
20230609_17:42:18.086185 MAGNA < b'OUTP:STAT?\r\n'
20230609_17:42:18.108526 MAGNA > b'0\r\n'
20230609_17:42:18.108736 output_state = False
20230609_17:42:18.108872 Reached end of script
20230609_17:42:20.896174 MAGNA < b'*CLS\r\n'
20230609_17:42:20.896341 MAGNA < b'*IDN?\r\n'
20230609_17:42:20.949639 MAGNA > b'Magna-Power Electronics Inc., SL32-46, S/N:1164-6260, F/W:9.0\r\n'
20230609_17:42:20.949930 MAGNA < b'OUTP:STOP\r\n'
20230609_17:42:20.950122 MAGNA < b'OUTP:STAT?\r\n'
20230609_17:42:20.973337 MAGNA > b'0\r\n'
20230609_17:42:20.973562 output_state = False
20230609_17:42:20.973699 Reached end of script
20230609_17:42:22.552260 MAGNA < b'*CLS\r\n'
20230609_17:42:22.552428 MAGNA < b'*IDN?\r\n'
20230609_17:42:22.607386 MAGNA > b'Magna-Power Electronics Inc., SL32-46, S/N:1164-6260, F/W:9.0\r\n'
20230609_17:42:22.607678 MAGNA < b'OUTP:START\r\n'
20230609_17:42:22.607866 MAGNA < b'OUTP:STAT?\r\n'
20230609_17:42:22.631199 MAGNA > b'0\r\n'
20230609_17:42:22.631424 output_state = False
20230609_17:42:22.631557 Reached end of script
20230609_17:43:16.680333 MAGNA < b'*CLS\r\n'
20230609_17:43:16.680563 MAGNA < b'*IDN?\r\n'
20230609_17:43:16.734739 MAGNA > b'Magna-Power Electronics Inc., SL32-46, S/N:1164-6260, F/W:9.0\r\n'
20230609_17:43:16.735024 MAGNA < b'OUTP:START\r\n'
20230609_17:43:16.735238 MAGNA < b'OUTP:STAT?\r\n'
20230609_17:43:16.787639 MAGNA > b'1\r\n'
20230609_17:43:16.787898 output_state = True
20230609_17:43:16.788057 Reached end of script
20230609_17:43:53.625020 MAGNA < b'*CLS\r\n'
20230609_17:43:53.625210 MAGNA < b'*IDN?\r\n'
20230609_17:43:53.678916 MAGNA > b'Magna-Power Electronics Inc., SL32-46, S/N:1164-6260, F/W:9.0\r\n'
20230609_17:43:53.679248 MAGNA < b'OUTP:STAT?\r\n'
20230609_17:43:53.697163 MAGNA > b'1\r\n'
20230609_17:43:53.697386 MAGNA < b'VOLT?\r\n'
20230609_17:43:53.714687 MAGNA > b'32.00\r\n'
20230609_17:43:53.714848 MAGNA < b'MEAS:VOLT?\r\n'
20230609_17:43:53.736174 MAGNA > b'32.03\r\n'
20230609_17:43:53.736404 MAGNA < b'VOLT:PROT?\r\n'
20230609_17:43:53.760653 MAGNA > b'35.20\r\n'
20230609_17:43:53.760891 MAGNA < b'CURR?\r\n'
20230609_17:43:53.776954 MAGNA > b'2.00\r\n'
20230609_17:43:53.777204 MAGNA < b'MEAS:CURR?\r\n'
20230609_17:43:53.797514 MAGNA > b'0.00\r\n'
20230609_17:43:53.797758 MAGNA < b'CURR:PROT?\r\n'
20230609_17:43:53.820972 serial_number = b'1164-6260'
20230609_17:43:53.821198 PS is ON
20230609_17:43:53.821340 PS voltage is set to 32.00 V
20230609_17:43:53.821464 PS voltage is actually 32.03 V
20230609_17:43:53.821580 PS voltage protection is 35.20
20230609_17:43:53.821691 PS current is set to 2.00 A
20230609_17:43:53.821799 PS current is actually 0.00 A
20230609_17:43:53.821907 PS current protection is 25.00
20230609_17:43:53.822010 Reached end of script
20230609_17:44:30.737804 MAGNA < b'*CLS\r\n'
20230609_17:44:30.738031 MAGNA < b'*IDN?\r\n'
20230609_17:44:30.791610 MAGNA > b'Magna-Power Electronics Inc., SL32-46, S/N:1164-6260, F/W:9.0\r\n'
20230609_17:44:30.791933 MAGNA < b'CURR:PROT:LEV 50.0000\r\n'
20230609_17:44:30.792222 MAGNA < b'CURR:PROT?\r\n'
20230609_17:44:30.849070 set_current_protection = 50
20230609_17:44:30.849325 Reached end of script
20230609_17:44:56.168740 MAGNA < b'*CLS\r\n'
20230609_17:44:56.168922 MAGNA < b'*IDN?\r\n'
20230609_17:44:56.222781 MAGNA > b'Magna-Power Electronics Inc., SL32-46, S/N:1164-6260, F/W:9.0\r\n'
20230609_17:44:56.223062 MAGNA < b'OUTP:STAT?\r\n'
20230609_17:44:56.240364 MAGNA > b'1\r\n'
20230609_17:44:56.240577 MAGNA < b'VOLT?\r\n'
20230609_17:44:56.257774 MAGNA > b'32.00\r\n'
20230609_17:44:56.257913 MAGNA < b'MEAS:VOLT?\r\n'
20230609_17:44:56.278786 MAGNA > b'32.03\r\n'
20230609_17:44:56.279010 MAGNA < b'VOLT:PROT?\r\n'
20230609_17:44:56.303454 MAGNA > b'35.20\r\n'
20230609_17:44:56.303734 MAGNA < b'CURR?\r\n'
20230609_17:44:56.319363 MAGNA > b'2.00\r\n'
20230609_17:44:56.319579 MAGNA < b'MEAS:CURR?\r\n'
20230609_17:44:56.338484 MAGNA > b'0.00\r\n'
20230609_17:44:56.338657 MAGNA < b'CURR:PROT?\r\n'
20230609_17:44:56.361497 serial_number = b'1164-6260'
20230609_17:44:56.361711 PS is ON
20230609_17:44:56.361852 PS voltage is set to 32.00 V
20230609_17:44:56.361976 PS voltage is actually 32.03 V
20230609_17:44:56.362090 PS voltage protection is 35.20
20230609_17:44:56.362201 PS current is set to 2.00 A
20230609_17:44:56.362309 PS current is actually 0.00 A
20230609_17:44:56.362417 PS current protection is 50.00
20230609_17:44:56.362522 Reached end of script
20230609_17:45:14.273497 MAGNA < b'*CLS\r\n'
20230609_17:45:14.273775 MAGNA < b'*IDN?\r\n'
20230609_17:45:14.326608 MAGNA > b'Magna-Power Electronics Inc., SL32-46, S/N:1164-6260, F/W:9.0\r\n'
20230609_17:45:14.326918 MAGNA < b'VOLT 20\r\n'
20230609_17:45:14.327118 MAGNA < b'VOLT?\r\n'
20230609_17:45:14.361848 MAGNA > b'20.00\r\n'
20230609_17:45:14.362046 set_voltage = 20
20230609_17:45:14.362142 Reached end of script
20230609_17:45:19.825598 MAGNA < b'*CLS\r\n'
20230609_17:45:19.825868 MAGNA < b'*IDN?\r\n'
20230609_17:45:19.877962 MAGNA > b'Magna-Power Electronics Inc., SL32-46, S/N:1164-6260, F/W:9.0\r\n'
20230609_17:45:19.878269 MAGNA < b'VOLT 15\r\n'
20230609_17:45:19.878467 MAGNA < b'VOLT?\r\n'
20230609_17:45:19.912781 MAGNA > b'15.00\r\n'
20230609_17:45:19.913049 set_voltage = 15
20230609_17:45:19.913192 Reached end of script
20230609_17:45:25.416359 MAGNA < b'*CLS\r\n'
20230609_17:45:25.416635 MAGNA < b'*IDN?\r\n'
20230609_17:45:25.470234 MAGNA > b'Magna-Power Electronics Inc., SL32-46, S/N:1164-6260, F/W:9.0\r\n'
20230609_17:45:25.470546 MAGNA < b'VOLT 10\r\n'
20230609_17:45:25.470751 MAGNA < b'VOLT?\r\n'
20230609_17:45:25.505721 MAGNA > b'10.00\r\n'
20230609_17:45:25.505986 set_voltage = 10
20230609_17:45:25.506131 Reached end of script
20230609_17:45:31.945559 MAGNA < b'*CLS\r\n'
20230609_17:45:31.945841 MAGNA < b'*IDN?\r\n'
20230609_17:45:31.999599 MAGNA > b'Magna-Power Electronics Inc., SL32-46, S/N:1164-6260, F/W:9.0\r\n'
20230609_17:45:31.999894 MAGNA < b'OUTP:STAT?\r\n'
20230609_17:45:32.017699 MAGNA > b'1\r\n'
20230609_17:45:32.017914 MAGNA < b'VOLT?\r\n'
20230609_17:45:32.035488 MAGNA > b'10.00\r\n'
20230609_17:45:32.035740 MAGNA < b'MEAS:VOLT?\r\n'
20230609_17:45:32.057576 MAGNA > b'10.06\r\n'
20230609_17:45:32.057825 MAGNA < b'VOLT:PROT?\r\n'
20230609_17:45:32.081533 MAGNA > b'35.20\r\n'
20230609_17:45:32.081799 MAGNA < b'CURR?\r\n'
20230609_17:45:32.097222 MAGNA > b'2.00\r\n'
20230609_17:45:32.097447 MAGNA < b'MEAS:CURR?\r\n'
20230609_17:45:32.119016 MAGNA > b'0.00\r\n'
20230609_17:45:32.119284 MAGNA < b'CURR:PROT?\r\n'
20230609_17:45:32.143472 serial_number = b'1164-6260'
20230609_17:45:32.143703 PS is ON
20230609_17:45:32.143845 PS voltage is set to 10.00 V
20230609_17:45:32.143967 PS voltage is actually 10.06 V
20230609_17:45:32.144080 PS voltage protection is 35.20
20230609_17:45:32.144188 PS current is set to 2.00 A
20230609_17:45:32.144293 PS current is actually 0.00 A
20230609_17:45:32.144398 PS current protection is 50.00
20230609_17:45:32.144502 Reached end of script
20230609_17:45:49.065286 MAGNA < b'*CLS\r\n'
20230609_17:45:49.065461 MAGNA < b'*IDN?\r\n'
20230609_17:45:49.117774 MAGNA > b'Magna-Power Electronics Inc., SL32-46, S/N:1164-6260, F/W:9.0\r\n'
20230609_17:45:49.118064 MAGNA < b'OUTP:STOP\r\n'
20230609_17:45:49.118264 MAGNA < b'OUTP:STAT?\r\n'
20230609_17:45:49.140187 MAGNA > b'0\r\n'
20230609_17:45:49.140395 output_state = False
20230609_17:45:49.140532 Reached end of script
20230609_17:47:29.305216 MAGNA < b'*CLS\r\n'
20230609_17:47:29.305394 MAGNA < b'*IDN?\r\n'
20230609_17:47:29.359818 MAGNA > b'Magna-Power Electronics Inc., SL32-46, S/N:1164-6260, F/W:9.0\r\n'
20230609_17:47:29.360088 im having fun
20230609_17:47:29.360227 Added im having fun to magna.log
20230609_17:47:29.360349 Reached end of script
20230609_17:47:42.938229 MAGNA < b'*CLS\r\n'
20230609_17:47:42.938513 MAGNA < b'*IDN?\r\n'
20230609_17:47:42.993066 MAGNA > b'Magna-Power Electronics Inc., SL32-46, S/N:1164-6260, F/W:9.0\r\n'
20230609_17:47:42.993368 wheeeeeeeeeeeeeeeeeeeeeeeeeeeeeeeeeeeeeeeeeeee
20230609_17:47:42.994186 Added wheeeeeeeeeeeeeeeeeeeeeeeeeeeeeeeeeeeeeeeeeeee to magna.log
20230609_17:47:42.994319 Reached end of script
20230609_17:56:50.795378 MAGNA < b'*CLS\r\n'
20230609_17:56:50.795557 MAGNA < b'*IDN?\r\n'
20230609_17:56:50.850147 MAGNA > b'Magna-Power Electronics Inc., SL32-46, S/N:1164-6260, F/W:9.0\r\n'
20230609_17:56:50.850425 MAGNA < b'OUTP:START\r\n'
20230609_17:56:50.850638 MAGNA < b'OUTP:STAT?\r\n'
20230609_17:56:50.903002 MAGNA > b'1\r\n'
20230609_17:56:50.903275 output_state = True
20230609_17:56:50.903412 Reached end of script
20230609_17:57:04.267770 MAGNA < b'*CLS\r\n'
20230609_17:57:04.268050 MAGNA < b'*IDN?\r\n'
20230609_17:57:04.320549 MAGNA > b'Magna-Power Electronics Inc., SL32-46, S/N:1164-6260, F/W:9.0\r\n'
20230609_17:57:04.320853 MAGNA < b'OUTP:STAT?\r\n'
20230609_17:57:04.337854 MAGNA > b'1\r\n'
20230609_17:57:04.338074 MAGNA < b'VOLT?\r\n'
20230609_17:57:04.355213 MAGNA > b'10.00\r\n'
20230609_17:57:04.355498 MAGNA < b'MEAS:VOLT?\r\n'
20230609_17:57:04.376534 MAGNA > b'10.04\r\n'
20230609_17:57:04.376772 MAGNA < b'VOLT:PROT?\r\n'
20230609_17:57:04.399974 MAGNA > b'35.20\r\n'
20230609_17:57:04.400275 MAGNA < b'CURR?\r\n'
20230609_17:57:04.416950 MAGNA > b'2.00\r\n'
20230609_17:57:04.417184 MAGNA < b'MEAS:CURR?\r\n'
20230609_17:57:04.436781 MAGNA > b'0.00\r\n'
20230609_17:57:04.436952 MAGNA < b'CURR:PROT?\r\n'
20230609_17:57:04.461171 serial_number = b'1164-6260'
20230609_17:57:04.461389 PS is ON
20230609_17:57:04.461530 PS voltage is set to 10.00 V
20230609_17:57:04.461655 PS voltage is actually 10.04 V
20230609_17:57:04.461773 PS voltage protection is 35.20
20230609_17:57:04.461887 PS current is set to 2.00 A
20230609_17:57:04.461998 PS current is actually 0.00 A
20230609_17:57:04.462105 PS current protection is 50.00
20230609_17:57:04.462211 Reached end of script
20230609_17:58:33.091845 MAGNA < b'*CLS\r\n'
20230609_17:58:33.092129 MAGNA < b'*IDN?\r\n'
20230609_17:58:33.143086 MAGNA > b'Magna-Power Electronics Inc., SL32-46, S/N:1164-6260, F/W:9.0\r\n'
20230609_17:58:33.143422 MAGNA < b'OUTP:STOP\r\n'
20230609_17:58:33.143638 MAGNA < b'OUTP:STAT?\r\n'
20230609_17:58:33.166376 MAGNA > b'0\r\n'
20230609_17:58:33.166599 output_state = False
20230609_17:58:33.166741 Reached end of script
20230609_18:01:21.012303 MAGNA < b'*CLS\r\n'
20230609_18:01:21.012477 MAGNA < b'*IDN?\r\n'
20230609_18:01:23.014720 MAGNA > b''
20230609_18:02:43.588117 MAGNA < b'*CLS\r\n'
20230609_18:02:43.588297 MAGNA < b'*IDN?\r\n'
20230609_18:02:45.590555 MAGNA > b''
20230609_18:03:08.205143 MAGNA < b'*CLS\r\n'
20230609_18:03:08.205332 MAGNA < b'*IDN?\r\n'
20230609_18:03:10.207588 MAGNA > b''
20230609_18:03:28.396846 MAGNA < b'*CLS\r\n'
20230609_18:03:28.397024 MAGNA < b'*IDN?\r\n'
20230609_18:03:28.453048 MAGNA > b'Magna-Power Electronics Inc., SL32-46, S/N:1164-6260, F/W:9.0\r\n'
20230609_18:03:28.453341 Reached end of script
20230609_18:06:07.460914 MAGNA < b'*CLS\r\n'
20230609_18:06:07.461087 MAGNA < b'*IDN?\r\n'
20230609_18:06:07.515189 MAGNA > b'Magna-Power Electronics Inc., SL32-46, S/N:1164-6260, F/W:9.0\r\n'
20230609_18:06:07.515509 MAGNA < b'OUTP:START\r\n'
20230609_18:06:07.515726 MAGNA < b'OUTP:STAT?\r\n'
20230609_18:06:07.567459 MAGNA > b'1\r\n'
20230609_18:06:07.567612 output_state = True
20230609_18:06:07.567699 MAGNA < b'VOLT 20\r\n'
20230609_18:06:07.567795 MAGNA < b'VOLT?\r\n'
20230609_18:06:07.603728 MAGNA > b'20.00\r\n'
20230609_18:06:07.603989 set_voltage = 20
20230609_18:06:07.604132 Reached end of script
20230609_18:07:03.845680 MAGNA < b'*CLS\r\n'
20230609_18:07:03.845852 MAGNA < b'*IDN?\r\n'
20230609_18:07:03.897669 MAGNA > b'Magna-Power Electronics Inc., SL32-46, S/N:1164-6260, F/W:9.0\r\n'
20230609_18:07:03.897984 MAGNA < b'OUTP:STOP\r\n'
20230609_18:07:03.898198 MAGNA < b'OUTP:STAT?\r\n'
20230609_18:07:03.920628 MAGNA > b'0\r\n'
20230609_18:07:03.920846 output_state = False
20230609_18:07:03.921012 MAGNA < b'VOLT 10\r\n'
20230609_18:07:03.921208 MAGNA < b'VOLT?\r\n'
20230609_18:07:03.953097 MAGNA > b'10.00\r\n'
20230609_18:07:03.953262 set_voltage = 10
20230609_18:07:03.953338 Reached end of script
20230609_18:07:07.989731 MAGNA < b'*CLS\r\n'
20230609_18:07:07.989911 MAGNA < b'*IDN?\r\n'
20230609_18:07:08.043274 MAGNA > b'Magna-Power Electronics Inc., SL32-46, S/N:1164-6260, F/W:9.0\r\n'
20230609_18:07:08.043583 MAGNA < b'OUTP:START\r\n'
20230609_18:07:08.043805 MAGNA < b'OUTP:STAT?\r\n'
20230609_18:07:08.096532 MAGNA > b'1\r\n'
20230609_18:07:08.096686 output_state = True
20230609_18:07:08.096769 MAGNA < b'VOLT 20\r\n'
20230609_18:07:08.096864 MAGNA < b'VOLT?\r\n'
20230609_18:07:08.134322 MAGNA > b'20.00\r\n'
20230609_18:07:08.134592 set_voltage = 20
20230609_18:07:08.134747 MAGNA < b'VOLT?\r\n'
20230609_18:07:08.152741 MAGNA > b'20.00\r\n'
20230609_18:07:08.152860 MAGNA < b'MEAS:VOLT?\r\n'
20230609_18:07:08.175337 MAGNA > b'0.28\r\n'
20230609_18:07:08.275780 MAGNA < b'MEAS:VOLT?\r\n'
20230609_18:07:08.297671 MAGNA > b'0.28\r\n'
20230609_18:07:08.398094 MAGNA < b'MEAS:VOLT?\r\n'
20230609_18:07:08.418421 MAGNA > b'0.28\r\n'
20230609_18:07:08.518847 MAGNA < b'MEAS:VOLT?\r\n'
20230609_18:07:08.542115 MAGNA > b'0.28\r\n'
20230609_18:07:08.642549 MAGNA < b'MEAS:VOLT?\r\n'
20230609_18:07:08.666045 MAGNA > b'0.29\r\n'
20230609_18:07:08.766487 MAGNA < b'MEAS:VOLT?\r\n'
20230609_18:07:08.787957 MAGNA > b'0.28\r\n'
20230609_18:07:08.888397 MAGNA < b'MEAS:VOLT?\r\n'
20230609_18:07:08.911888 MAGNA > b'0.28\r\n'
20230609_18:07:09.012311 MAGNA < b'MEAS:VOLT?\r\n'
20230609_18:07:09.032442 MAGNA > b'0.28\r\n'
20230609_18:07:09.132867 MAGNA < b'MEAS:VOLT?\r\n'
20230609_18:07:09.156434 MAGNA > b'0.28\r\n'
20230609_18:07:09.256854 MAGNA < b'MEAS:VOLT?\r\n'
20230609_18:07:09.277619 MAGNA > b'0.28\r\n'
20230609_18:07:09.378035 MAGNA < b'MEAS:VOLT?\r\n'
20230609_18:07:09.398034 MAGNA > b'0.28\r\n'
20230609_18:07:09.498439 MAGNA < b'MEAS:VOLT?\r\n'
20230609_18:07:09.520776 MAGNA > b'0.28\r\n'
20230609_18:07:09.621214 MAGNA < b'MEAS:VOLT?\r\n'
20230609_18:07:09.642711 MAGNA > b'0.28\r\n'
20230609_18:07:09.743141 MAGNA < b'MEAS:VOLT?\r\n'
20230609_18:07:09.764568 MAGNA > b'0.27\r\n'
20230609_18:07:09.865028 MAGNA < b'MEAS:VOLT?\r\n'
20230609_18:07:09.886999 MAGNA > b'0.28\r\n'
20230609_18:07:09.987454 MAGNA < b'MEAS:VOLT?\r\n'
20230609_18:07:10.007035 MAGNA > b'0.28\r\n'
20230609_18:07:10.107482 MAGNA < b'MEAS:VOLT?\r\n'
20230609_18:07:10.128529 MAGNA > b'0.28\r\n'
20230609_18:07:10.228952 MAGNA < b'MEAS:VOLT?\r\n'
20230609_18:07:10.252161 MAGNA > b'0.28\r\n'
20230609_18:07:10.352601 MAGNA < b'MEAS:VOLT?\r\n'
20230609_18:07:10.373445 MAGNA > b'0.28\r\n'
20230609_18:07:10.473866 MAGNA < b'MEAS:VOLT?\r\n'
20230609_18:07:10.495370 MAGNA > b'0.28\r\n'
20230609_18:07:10.595789 MAGNA < b'MEAS:VOLT?\r\n'
20230609_18:07:10.615803 MAGNA > b'0.28\r\n'
20230609_18:07:10.716234 MAGNA < b'MEAS:VOLT?\r\n'
20230609_18:07:10.737867 MAGNA > b'0.28\r\n'
20230609_18:07:10.838323 MAGNA < b'MEAS:VOLT?\r\n'
20230609_18:07:10.860454 MAGNA > b'1.85\r\n'
20230609_18:07:10.960874 MAGNA < b'MEAS:VOLT?\r\n'
20230609_18:07:10.984322 MAGNA > b'4.91\r\n'
20230609_18:07:11.084761 MAGNA < b'MEAS:VOLT?\r\n'
20230609_18:07:11.105144 MAGNA > b'8.39\r\n'
20230609_18:07:11.205595 MAGNA < b'MEAS:VOLT?\r\n'
20230609_18:07:11.228698 MAGNA > b'11.07\r\n'
20230609_18:07:11.329124 MAGNA < b'MEAS:VOLT?\r\n'
20230609_18:07:11.351946 MAGNA > b'12.35\r\n'
20230609_18:07:11.452370 MAGNA < b'MEAS:VOLT?\r\n'
20230609_18:07:11.474073 MAGNA > b'13.58\r\n'
20230609_18:07:11.574505 MAGNA < b'MEAS:VOLT?\r\n'
20230609_18:07:11.598323 MAGNA > b'13.58\r\n'
20230609_18:07:11.698747 MAGNA < b'MEAS:VOLT?\r\n'
20230609_18:07:11.723041 MAGNA > b'14.77\r\n'
20230609_18:07:11.823493 MAGNA < b'MEAS:VOLT?\r\n'
20230609_18:07:11.846289 MAGNA > b'15.70\r\n'
20230609_18:07:11.946715 MAGNA < b'MEAS:VOLT?\r\n'
20230609_18:07:11.970437 MAGNA > b'16.81\r\n'
20230609_18:07:12.070866 MAGNA < b'MEAS:VOLT?\r\n'
20230609_18:07:12.094800 MAGNA > b'17.69\r\n'
20230609_18:07:12.195236 MAGNA < b'MEAS:VOLT?\r\n'
20230609_18:07:12.218026 MAGNA > b'18.67\r\n'
20230609_18:07:12.318451 MAGNA < b'MEAS:VOLT?\r\n'
20230609_18:07:12.342009 MAGNA > b'19.39\r\n'
20230609_18:07:12.442446 MAGNA < b'MEAS:VOLT?\r\n'
20230609_18:07:12.464680 MAGNA > b'19.79\r\n'
20230609_18:07:12.464903 settling_time = 4.330
20230609_18:07:12.465046 Reached end of script
20230609_18:07:43.110173 MAGNA < b'*CLS\r\n'
20230609_18:07:43.110462 MAGNA < b'*IDN?\r\n'
20230609_18:07:43.163971 MAGNA > b'Magna-Power Electronics Inc., SL32-46, S/N:1164-6260, F/W:9.0\r\n'
20230609_18:07:43.164284 MAGNA < b'OUTP:STOP\r\n'
20230609_18:07:43.164494 MAGNA < b'OUTP:STAT?\r\n'
20230609_18:07:43.186941 MAGNA > b'0\r\n'
20230609_18:07:43.187159 output_state = False
20230609_18:07:43.187359 MAGNA < b'VOLT 10\r\n'
20230609_18:07:43.187544 MAGNA < b'VOLT?\r\n'
20230609_18:07:43.220177 MAGNA > b'10.00\r\n'
20230609_18:07:43.220342 set_voltage = 10
20230609_18:07:43.220430 Reached end of script
20230609_18:09:56.878754 MAGNA < b'*CLS\r\n'
20230609_18:09:56.879042 MAGNA < b'*IDN?\r\n'
20230609_18:09:56.933264 MAGNA > b'Magna-Power Electronics Inc., SL32-46, S/N:1164-6260, F/W:9.0\r\n'
20230609_18:09:56.933581 MAGNA < b'REM:SENS?\r\n'
20230609_18:09:56.933803 Manually inputted REM:SENS?
20230609_18:09:56.933941 Reached end of script
20230609_18:10:32.382718 MAGNA < b'*CLS\r\n'
20230609_18:10:32.382890 MAGNA < b'*IDN?\r\n'
20230609_18:10:32.436317 MAGNA > b'Magna-Power Electronics Inc., SL32-46, S/N:1164-6260, F/W:9.0\r\n'
20230609_18:10:32.436599 MAGNA < b'OUTP:STAT?\r\n'
20230609_18:10:32.436820 Manually inputted OUTP:STAT?
20230609_18:10:32.436959 Reached end of script
20230609_18:12:15.110644 MAGNA < b'*CLS\r\n'
20230609_18:12:15.110821 MAGNA < b'*IDN?\r\n'
20230609_18:12:15.164437 MAGNA > b'Magna-Power Electronics Inc., SL32-46, S/N:1164-6260, F/W:9.0\r\n'
20230609_18:12:15.164756 MAGNA < b'OUTP:STAT?\r\n'
20230609_18:12:15.181498 MAGNA > b'0\r\n'
20230609_18:12:15.181708 Manually inputted OUTP:STAT?
20230609_18:12:15.181844 Reached end of script
20230609_18:12:29.230426 MAGNA < b'*CLS\r\n'
20230609_18:12:29.230606 MAGNA < b'*IDN?\r\n'
20230609_18:12:29.285572 MAGNA > b'Magna-Power Electronics Inc., SL32-46, S/N:1164-6260, F/W:9.0\r\n'
20230609_18:12:29.285909 MAGNA < b'REM:SENS?\r\n'
20230609_18:12:29.300073 MAGNA > b'0\r\n'
20230609_18:12:29.300275 Manually inputted REM:SENS?
20230609_18:12:29.300410 Reached end of script
20230609_18:12:58.239429 MAGNA < b'*CLS\r\n'
20230609_18:12:58.239661 MAGNA < b'*IDN?\r\n'
20230609_18:12:58.292796 MAGNA > b'Magna-Power Electronics Inc., SL32-46, S/N:1164-6260, F/W:9.0\r\n'
20230609_18:12:58.293117 MAGNA < b'OUTP:START\r\n'
20230609_18:13:00.295534 MAGNA > b''
20230609_18:13:00.295802 Manually inputted OUTP:START
20230609_18:13:00.295939 Reached end of script
20230609_18:13:17.519433 MAGNA < b'*CLS\r\n'
20230609_18:13:17.519652 MAGNA < b'*IDN?\r\n'
20230609_18:13:17.571689 MAGNA > b'Magna-Power Electronics Inc., SL32-46, S/N:1164-6260, F/W:9.0\r\n'
20230609_18:13:17.572008 MAGNA < b'OUTP:STOP\r\n'
20230609_18:13:19.574426 MAGNA > b''
20230609_18:13:19.574693 Manually inputted OUTP:STOP
20230609_18:13:19.574829 Reached end of script
20230609_18:17:46.727986 MAGNA < b'*CLS\r\n'
20230609_18:17:46.728168 MAGNA < b'*IDN?\r\n'
20230609_18:17:46.783189 MAGNA > b'Magna-Power Electronics Inc., SL32-46, S/N:1164-6260, F/W:9.0\r\n'
20230609_18:17:46.783510 MAGNA < b'OUTP:STOP\r\n'
20230609_18:17:46.783722 Manually inputted OUTP:STOP
20230609_18:17:46.783865 Reached end of script
20230609_18:17:53.696448 MAGNA < b'*CLS\r\n'
20230609_18:17:53.696732 MAGNA < b'*IDN?\r\n'
20230609_18:17:53.749603 MAGNA > b'Magna-Power Electronics Inc., SL32-46, S/N:1164-6260, F/W:9.0\r\n'
20230609_18:17:53.749915 MAGNA < b'OUTP:START\r\n'
20230609_18:17:53.750130 Manually inputted OUTP:START
20230609_18:17:53.750270 Reached end of script
20230609_18:18:08.471628 MAGNA < b'*CLS\r\n'
20230609_18:18:08.471818 MAGNA < b'*IDN?\r\n'
20230609_18:18:08.524816 MAGNA > b'Magna-Power Electronics Inc., SL32-46, S/N:1164-6260, F/W:9.0\r\n'
20230609_18:18:08.525129 MAGNA < b'OUTP:STAT?\r\n'
20230609_18:18:08.542646 MAGNA > b'1\r\n'
20230609_18:18:08.542854 Manually inputted OUTP:STAT?
20230609_18:18:08.542997 Reached end of script
20230609_18:18:22.528207 MAGNA < b'*CLS\r\n'
20230609_18:18:22.528392 MAGNA < b'*IDN?\r\n'
20230609_18:18:22.582974 MAGNA > b'Magna-Power Electronics Inc., SL32-46, S/N:1164-6260, F/W:9.0\r\n'
20230609_18:18:22.583315 MAGNA < b'OUTP:STOP\r\n'
20230609_18:18:22.583546 Manually inputted OUTP:STOP
20230609_18:18:22.583682 Reached end of script
20230609_18:24:09.649832 MAGNA < b'*CLS\r\n'
20230609_18:24:09.650052 MAGNA < b'*IDN?\r\n'
20230609_18:24:09.704006 MAGNA > b'Magna-Power Electronics Inc., SL32-46, S/N:1164-6260, F/W:9.0\r\n'
20230609_18:24:09.704335 MAGNA < b'STAT:OPER:COND?\r\n'
20230609_18:24:09.724751 MAGNA > b'2138\r\n'
20230609_18:24:09.724970 Manually inputted STAT:OPER:COND?
20230609_18:24:09.725111 Reached end of script
20230609_18:24:30.744889 MAGNA < b'*CLS\r\n'
20230609_18:24:30.745066 MAGNA < b'*IDN?\r\n'
20230609_18:24:30.800368 MAGNA > b'Magna-Power Electronics Inc., SL32-46, S/N:1164-6260, F/W:9.0\r\n'
20230609_18:24:30.800687 MAGNA < b'OUTP:STAT?\r\n'
20230609_18:24:30.816460 MAGNA > b'0\r\n'
20230609_18:24:30.816676 MAGNA < b'VOLT?\r\n'
20230609_18:24:30.832301 MAGNA > b'10.00\r\n'
20230609_18:24:30.832535 MAGNA < b'MEAS:VOLT?\r\n'
20230609_18:24:30.851724 MAGNA > b'0.19\r\n'
20230609_18:24:30.851866 MAGNA < b'VOLT:PROT?\r\n'
20230609_18:24:30.873993 MAGNA > b'35.20\r\n'
20230609_18:24:30.874245 MAGNA < b'CURR?\r\n'
20230609_18:24:30.891509 MAGNA > b'2.00\r\n'
20230609_18:24:30.891719 MAGNA < b'MEAS:CURR?\r\n'
20230609_18:24:30.910317 MAGNA > b'0.00\r\n'
20230609_18:24:30.910583 MAGNA < b'CURR:PROT?\r\n'
20230609_18:24:30.932799 serial_number = b'1164-6260'
20230609_18:24:30.933007 PS is OFF
20230609_18:24:30.933150 PS voltage is set to 10.00 V
20230609_18:24:30.933273 PS voltage is actually 0.19 V
20230609_18:24:30.933393 PS voltage protection is 35.20
20230609_18:24:30.933506 PS current is set to 2.00 A
20230609_18:24:30.933614 PS current is actually 0.00 A
20230609_18:24:30.933721 PS current protection is 50.00
20230609_18:24:30.933825 Reached end of script
20230609_18:25:19.089565 MAGNA < b'*CLS\r\n'
20230609_18:25:19.089755 MAGNA < b'*IDN?\r\n'
20230609_18:25:19.143149 MAGNA > b'Magna-Power Electronics Inc., SL32-46, S/N:1164-6260, F/W:9.0\r\n'
20230609_18:25:19.143495 MAGNA < b'OUTP:STAT?\r\n'
20230609_18:25:19.159993 MAGNA > b'0\r\n'
20230609_18:25:19.160234 MAGNA < b'VOLT?\r\n'
20230609_18:25:19.176647 MAGNA > b'10.00\r\n'
20230609_18:25:19.176791 MAGNA < b'MEAS:VOLT?\r\n'
20230609_18:25:19.196113 MAGNA > b'0.18\r\n'
20230609_18:25:19.196393 MAGNA < b'VOLT:PROT?\r\n'
20230609_18:25:19.217977 MAGNA > b'35.20\r\n'
20230609_18:25:19.218216 MAGNA < b'CURR?\r\n'
20230609_18:25:19.234204 MAGNA > b'2.00\r\n'
20230609_18:25:19.234436 MAGNA < b'MEAS:CURR?\r\n'
20230609_18:25:19.252361 MAGNA > b'0.00\r\n'
20230609_18:25:19.252506 MAGNA < b'CURR:PROT?\r\n'
20230609_18:25:19.275000 serial_number = b'1164-6260'
20230609_18:25:19.275211 PS is OFF
20230609_18:25:19.275389 PS voltage is set to 10.00 V
20230609_18:25:19.275524 PS voltage is actually 0.18 V
20230609_18:25:19.275646 PS voltage protection is 35.20 V
20230609_18:25:19.275760 PS current is set to 2.00 A
20230609_18:25:19.275875 PS current is actually 0.00 A
20230609_18:25:19.275982 PS current protection is 50.00 A
20230609_18:25:19.276090 Reached end of script
20230623_13:55:51.830318 MAGNA < b'*CLS\r\n'
20230623_13:55:51.831470 MAGNA < b'*IDN?\r\n'
20230623_13:55:53.833708 MAGNA > b''
20230623_13:57:31.541888 MAGNA < b'*CLS\r\n'
20230623_13:57:31.542099 MAGNA < b'*IDN?\r\n'
20230623_13:57:33.544351 MAGNA > b''
20230623_13:59:08.614423 MAGNA < b'*CLS\r\n'
20230623_13:59:08.614585 MAGNA < b'*IDN?\r\n'
20230623_13:59:08.669156 MAGNA > b'Magna-Power Electronics Inc., SL32-46, S/N:1164-6260, F/W:9.0\r\n'
20230623_13:59:08.669472 serial_number = b'1164-6260'
20230623_13:59:08.669624 MAGNA < b'CONF:SETPT 0\r\n'
20230623_13:59:08.669797 MAGNA < b'CONF:SETPT?\r\n'
20230623_13:59:08.699918 MAGNA > b'0\r\n'
20230623_13:59:08.700198 operational_mode = 0
20230623_13:59:09.701446 MAGNA < b'OUTPUT:PROTECTION:CLEAR\r\n'
20230623_13:59:14.706870 MAGNA < b'CONF:SETPT 3\r\n'
20230623_13:59:14.707190 MAGNA < b'CONF:SETPT?\r\n'
20230623_13:59:14.738237 MAGNA > b'3\r\n'
20230623_13:59:14.738371 operational_mode = 3
20230623_13:59:19.743549 MAGNA < b'OUTP:STOP\r\n'
20230623_13:59:19.743866 MAGNA < b'OUTP:STAT?\r\n'
20230623_13:59:19.765358 MAGNA > b'0\r\n'
20230623_13:59:19.765551 output_state = 0
20230623_13:59:19.765672 MAGNA < b'REM:SENS 0\r\n'
20230623_13:59:19.765826 MAGNA < b'REM:SENS?\r\n'
20230623_13:59:19.798153 MAGNA > b'0\r\n'
20230623_13:59:19.798367 remote_sense = 0
20230623_13:59:21.800619 MAGNA < b'VOLT:PROT 350.000\r\n'
20230623_13:59:21.800930 MAGNA < b'VOLT:PROT?\r\n'
20230623_13:59:21.851730 MAGNA > b'35.20\r\n'
20230623_13:59:21.852017 voltage_protection = 35
20230623_13:59:21.852166 MAGNA < b'VOLT 24\r\n'
20230623_13:59:21.852343 MAGNA < b'VOLT?\r\n'
20230623_13:59:21.886099 MAGNA > b'24.00\r\n'
20230623_13:59:21.886413 set_voltage = 24
20230623_13:59:21.886593 MAGNA < b'CURR 2.000\r\n'
20230623_13:59:21.886788 MAGNA < b'CURR?\r\n'
20230623_13:59:21.920868 MAGNA > b'2.00\r\n'
20230623_13:59:21.921173 set_current = 2.0
20230623_13:59:21.921318 MAGNA < b'CONF:INTE 0\r\n'
20230623_13:59:21.921498 MAGNA < b'CONF:INTE?\r\n'
20230623_13:59:21.954496 MAGNA > b'0\r\n'
20230623_13:59:21.954767 config_interlock = False
20230623_13:59:21.954913 MAGNA < b'MEAS:VOLT?\r\n'
20230623_13:59:21.974593 MAGNA > b'0.03\r\n'
20230623_13:59:21.974841 meas_voltage = 0
20230623_13:59:21.974989 MAGNA < b'OUTP:START\r\n'
20230623_13:59:21.975170 MAGNA < b'OUTP:STAT?\r\n'
20230623_13:59:22.026827 MAGNA > b'1\r\n'
20230623_13:59:22.027104 output_state = True
20230623_13:59:22.027250 MAGNA < b'STAT:QUES:COND?\r\n'
20230623_13:59:22.049273 MAGNA > b'512\r\n'
20230623_13:59:22.049461 sqc = b'512\r\n'
20230623_13:59:22.049586 MAGNA < b'STAT:QUES:COND?\r\n'
20230623_13:59:22.069391 MAGNA > b'512\r\n'
20230623_13:59:22.069626 status_iloc = False
20230623_13:59:22.069759 MAGNA < b'VOLT?\r\n'
20230623_13:59:22.088312 MAGNA > b'24.00\r\n'
20230623_13:59:22.088602 MAGNA < b'MEAS:VOLT?\r\n'
20230623_13:59:22.111897 MAGNA > b'0.03\r\n'
20230623_13:59:22.212371 MAGNA < b'MEAS:VOLT?\r\n'
20230623_13:59:22.232287 MAGNA > b'0.03\r\n'
20230623_13:59:22.332697 MAGNA < b'MEAS:VOLT?\r\n'
20230623_13:59:22.354392 MAGNA > b'0.02\r\n'
20230623_13:59:22.454809 MAGNA < b'MEAS:VOLT?\r\n'
20230623_13:59:22.476314 MAGNA > b'0.02\r\n'
20230623_13:59:22.576738 MAGNA < b'MEAS:VOLT?\r\n'
20230623_13:59:22.597534 MAGNA > b'0.02\r\n'
20230623_13:59:22.697956 MAGNA < b'MEAS:VOLT?\r\n'
20230623_13:59:22.720743 MAGNA > b'0.02\r\n'
20230623_13:59:22.821158 MAGNA < b'MEAS:VOLT?\r\n'
20230623_13:59:22.841202 MAGNA > b'0.03\r\n'
20230623_13:59:22.941626 MAGNA < b'MEAS:VOLT?\r\n'
20230623_13:59:22.962121 MAGNA > b'0.03\r\n'
20230623_13:59:23.062550 MAGNA < b'MEAS:VOLT?\r\n'
20230623_13:59:23.084497 MAGNA > b'0.03\r\n'
20230623_13:59:23.184934 MAGNA < b'MEAS:VOLT?\r\n'
20230623_13:59:23.207086 MAGNA > b'0.03\r\n'
20230623_13:59:23.307529 MAGNA < b'MEAS:VOLT?\r\n'
20230623_13:59:23.326807 MAGNA > b'0.03\r\n'
20230623_13:59:23.427250 MAGNA < b'MEAS:VOLT?\r\n'
20230623_13:59:23.448216 MAGNA > b'0.03\r\n'
20230623_13:59:23.548645 MAGNA < b'MEAS:VOLT?\r\n'
20230623_13:59:23.568672 MAGNA > b'0.03\r\n'
20230623_13:59:23.669083 MAGNA < b'MEAS:VOLT?\r\n'
20230623_13:59:23.689182 MAGNA > b'0.04\r\n'
20230623_13:59:23.789598 MAGNA < b'MEAS:VOLT?\r\n'
20230623_13:59:23.812154 MAGNA > b'0.04\r\n'
20230623_13:59:23.912595 MAGNA < b'MEAS:VOLT?\r\n'
20230623_13:59:23.934522 MAGNA > b'0.05\r\n'
20230623_13:59:24.034933 MAGNA < b'MEAS:VOLT?\r\n'
20230623_13:59:24.056326 MAGNA > b'0.06\r\n'
20230623_13:59:24.156674 MAGNA < b'MEAS:VOLT?\r\n'
20230623_13:59:24.179647 MAGNA > b'0.08\r\n'
20230623_13:59:24.280090 MAGNA < b'MEAS:VOLT?\r\n'
20230623_13:59:24.300096 MAGNA > b'0.09\r\n'
20230623_13:59:24.400508 MAGNA < b'MEAS:VOLT?\r\n'
20230623_13:59:24.422159 MAGNA > b'0.09\r\n'
20230623_13:59:24.522569 MAGNA < b'MEAS:VOLT?\r\n'
20230623_13:59:24.543921 MAGNA > b'0.12\r\n'
20230623_13:59:24.644346 MAGNA < b'MEAS:VOLT?\r\n'
20230623_13:59:24.665238 MAGNA > b'0.15\r\n'
20230623_13:59:24.765650 MAGNA < b'MEAS:VOLT?\r\n'
20230623_13:59:24.788501 MAGNA > b'0.17\r\n'
20230623_13:59:24.888950 MAGNA < b'MEAS:VOLT?\r\n'
20230623_13:59:24.908914 MAGNA > b'0.40\r\n'
20230623_13:59:25.009339 MAGNA < b'MEAS:VOLT?\r\n'
20230623_13:59:25.031651 MAGNA > b'3.24\r\n'
20230623_13:59:25.132065 MAGNA < b'MEAS:VOLT?\r\n'
20230623_13:59:25.152885 MAGNA > b'5.89\r\n'
20230623_13:59:25.253299 MAGNA < b'MEAS:VOLT?\r\n'
20230623_13:59:25.273646 MAGNA > b'9.53\r\n'
20230623_13:59:25.374071 MAGNA < b'MEAS:VOLT?\r\n'
20230623_13:59:25.400007 MAGNA > b'11.84\r\n'
20230623_13:59:25.500462 MAGNA < b'MEAS:VOLT?\r\n'
20230623_13:59:25.523198 MAGNA > b'12.84\r\n'
20230623_13:59:25.623614 MAGNA < b'MEAS:VOLT?\r\n'
20230623_13:59:25.647154 MAGNA > b'14.05\r\n'
20230623_13:59:25.747590 MAGNA < b'MEAS:VOLT?\r\n'
20230623_13:59:25.770424 MAGNA > b'15.21\r\n'
20230623_13:59:25.870854 MAGNA < b'MEAS:VOLT?\r\n'
20230623_13:59:25.894298 MAGNA > b'16.12\r\n'
20230623_13:59:25.994728 MAGNA < b'MEAS:VOLT?\r\n'
20230623_13:59:26.019575 MAGNA > b'17.21\r\n'
20230623_13:59:26.120012 MAGNA < b'MEAS:VOLT?\r\n'
20230623_13:59:26.144044 MAGNA > b'18.28\r\n'
20230623_13:59:26.244477 MAGNA < b'MEAS:VOLT?\r\n'
20230623_13:59:26.267387 MAGNA > b'19.11\r\n'
20230623_13:59:26.367797 MAGNA < b'MEAS:VOLT?\r\n'
20230623_13:59:26.392012 MAGNA > b'20.11\r\n'
20230623_13:59:26.492437 MAGNA < b'MEAS:VOLT?\r\n'
20230623_13:59:26.514117 MAGNA > b'21.09\r\n'
20230623_13:59:26.614530 MAGNA < b'MEAS:VOLT?\r\n'
20230623_13:59:26.639159 MAGNA > b'21.85\r\n'
20230623_13:59:26.739583 MAGNA < b'MEAS:VOLT?\r\n'
20230623_13:59:26.762937 MAGNA > b'22.72\r\n'
20230623_13:59:26.863359 MAGNA < b'MEAS:VOLT?\r\n'
20230623_13:59:26.886295 MAGNA > b'23.37\r\n'
20230623_13:59:26.886521 settling_time = 4.817
20230623_13:59:26.886673 MAGNA < b'VOLT 24\r\n'
20230623_13:59:26.886847 MAGNA < b'VOLT?\r\n'
20230623_13:59:26.923042 MAGNA > b'24.00\r\n'
20230623_13:59:26.923305 MAGNA < b'MEAS:VOLT?\r\n'
20230623_13:59:26.946654 MAGNA > b'23.37\r\n'
20230623_13:59:27.047092 MAGNA < b'MEAS:VOLT?\r\n'
20230623_13:59:27.069182 MAGNA > b'23.69\r\n'
20230623_13:59:27.169603 MAGNA < b'MEAS:VOLT?\r\n'
20230623_13:59:27.191033 MAGNA > b'23.86\r\n'
20230623_13:59:27.291459 MAGNA < b'MEAS:VOLT?\r\n'
20230623_13:59:27.314308 MAGNA > b'23.91\r\n'
20230623_13:59:27.314526 settling_time = 0.428
20230623_13:59:27.314666 MAGNA < b'VOLT 24\r\n'
20230623_13:59:27.314826 MAGNA < b'VOLT?\r\n'
20230623_13:59:27.353211 MAGNA > b'24.00\r\n'
20230623_13:59:27.353473 MAGNA < b'MEAS:VOLT?\r\n'
20230623_13:59:27.375292 MAGNA > b'23.91\r\n'
20230623_13:59:27.475737 MAGNA < b'MEAS:VOLT?\r\n'
20230623_13:59:27.498710 MAGNA > b'23.94\r\n'
20230623_13:59:27.599121 MAGNA < b'MEAS:VOLT?\r\n'
20230623_13:59:27.621813 MAGNA > b'23.95\r\n'
20230623_13:59:27.722220 MAGNA < b'MEAS:VOLT?\r\n'
20230623_13:59:27.747013 MAGNA > b'23.96\r\n'
20230623_13:59:27.747229 settling_time = 0.432
20230623_13:59:27.747359 MAGNA < b'OUTP:START\r\n'
20230623_13:59:27.747514 MAGNA < b'OUTP:STAT?\r\n'
20230623_13:59:27.772334 MAGNA > b'1\r\n'
20230623_13:59:27.772577 output_state = True
20230623_14:35:32.558730 MAGNA < b'*CLS\r\n'
20230623_14:35:32.558892 MAGNA < b'*IDN?\r\n'
20230623_14:35:32.612994 MAGNA > b'Magna-Power Electronics Inc., SL32-46, S/N:1164-6260, F/W:9.0\r\n'
20230623_14:35:32.613276 serial_number = b'1164-6260'
20230623_14:35:32.613417 MAGNA < b'OUTP:STOP\r\n'
20230623_14:35:32.613583 MAGNA < b'OUTP:STAT?\r\n'
20230623_14:35:32.635638 MAGNA > b'0\r\n'
20230623_14:35:32.635761 output_state = False
20230623_17:10:05.219437 MAGNA < b'*CLS\r\n'
20230623_17:10:05.219663 MAGNA < b'*IDN?\r\n'
20230623_17:10:05.273772 MAGNA > b'Magna-Power Electronics Inc., SL32-46, S/N:1164-6260, F/W:9.0\r\n'
20230623_17:10:05.274057 serial_number = b'1164-6260'
20230623_17:10:05.274199 MAGNA < b'CONF:SETPT 0\r\n'
20230623_17:10:05.274443 MAGNA < b'CONF:SETPT?\r\n'
20230623_17:10:05.304635 MAGNA > b'0\r\n'
20230623_17:10:05.304906 operational_mode = 0
20230623_17:10:06.306100 MAGNA < b'OUTPUT:PROTECTION:CLEAR\r\n'
20230623_17:10:11.311612 MAGNA < b'CONF:SETPT 3\r\n'
20230623_17:10:11.312015 MAGNA < b'CONF:SETPT?\r\n'
20230623_17:10:11.343126 MAGNA > b'3\r\n'
20230623_17:10:11.343386 operational_mode = 3
20230623_17:10:16.345763 MAGNA < b'OUTP:STOP\r\n'
20230623_17:10:16.346104 MAGNA < b'OUTP:STAT?\r\n'
20230623_17:10:16.367414 MAGNA > b'0\r\n'
20230623_17:10:16.367567 output_state = 0
20230623_17:10:16.367651 MAGNA < b'REM:SENS 0\r\n'
20230623_17:10:16.367754 MAGNA < b'REM:SENS?\r\n'
20230623_17:10:16.398305 MAGNA > b'0\r\n'
20230623_17:10:16.398556 remote_sense = 0
20230623_17:10:18.400824 MAGNA < b'VOLT:PROT 350.000\r\n'
20230623_17:10:18.401152 MAGNA < b'VOLT:PROT?\r\n'
20230623_17:10:18.451547 MAGNA > b'35.20\r\n'
20230623_17:10:18.451800 voltage_protection = 35
20230623_17:10:18.451941 MAGNA < b'VOLT 24\r\n'
20230623_17:10:18.452168 MAGNA < b'VOLT?\r\n'
20230623_17:10:18.486273 MAGNA > b'24.00\r\n'
20230623_17:10:18.486525 set_voltage = 24
20230623_17:10:18.486672 MAGNA < b'CURR 2.000\r\n'
20230623_17:10:18.486913 MAGNA < b'CURR?\r\n'
20230623_17:10:18.522425 MAGNA > b'2.00\r\n'
20230623_17:10:18.522675 set_current = 2.0
20230623_17:10:18.522809 MAGNA < b'CONF:INTE 0\r\n'
20230623_17:10:18.523051 MAGNA < b'CONF:INTE?\r\n'
20230623_17:10:18.556498 MAGNA > b'0\r\n'
20230623_17:10:18.556712 config_interlock = False
20230623_17:10:18.556883 MAGNA < b'MEAS:VOLT?\r\n'
20230623_17:10:18.576314 MAGNA > b'0.03\r\n'
20230623_17:10:18.576586 meas_voltage = 0
20230623_17:10:18.576745 MAGNA < b'OUTP:START\r\n'
20230623_17:10:18.576993 MAGNA < b'OUTP:STAT?\r\n'
20230623_17:10:18.629573 MAGNA > b'1\r\n'
20230623_17:10:18.629810 output_state = True
20230623_17:10:18.629945 MAGNA < b'STAT:QUES:COND?\r\n'
20230623_17:10:18.651526 MAGNA > b'512\r\n'
20230623_17:10:18.651737 sqc = b'512\r\n'
20230623_17:10:18.651868 MAGNA < b'STAT:QUES:COND?\r\n'
20230623_17:10:18.673530 MAGNA > b'512\r\n'
20230623_17:10:18.673784 status_iloc = False
20230623_17:10:18.673930 MAGNA < b'VOLT?\r\n'
20230623_17:10:18.693111 MAGNA > b'24.00\r\n'
20230623_17:10:18.693388 MAGNA < b'MEAS:VOLT?\r\n'
20230623_17:10:18.715581 MAGNA > b'0.03\r\n'
20230623_17:10:18.816032 MAGNA < b'MEAS:VOLT?\r\n'
20230623_17:10:18.838459 MAGNA > b'0.02\r\n'
20230623_17:10:18.938894 MAGNA < b'MEAS:VOLT?\r\n'
20230623_17:10:18.959178 MAGNA > b'0.02\r\n'
20230623_17:10:19.059618 MAGNA < b'MEAS:VOLT?\r\n'
20230623_17:10:19.080367 MAGNA > b'0.02\r\n'
20230623_17:10:19.180817 MAGNA < b'MEAS:VOLT?\r\n'
20230623_17:10:19.202546 MAGNA > b'0.02\r\n'
20230623_17:10:19.302985 MAGNA < b'MEAS:VOLT?\r\n'
20230623_17:10:19.326892 MAGNA > b'0.02\r\n'
20230623_17:10:19.427358 MAGNA < b'MEAS:VOLT?\r\n'
20230623_17:10:19.448567 MAGNA > b'0.02\r\n'
20230623_17:10:19.548870 MAGNA < b'MEAS:VOLT?\r\n'
20230623_17:10:19.571367 MAGNA > b'0.02\r\n'
20230623_17:10:19.671811 MAGNA < b'MEAS:VOLT?\r\n'
20230623_17:10:19.693910 MAGNA > b'0.03\r\n'
20230623_17:10:19.794354 MAGNA < b'MEAS:VOLT?\r\n'
20230623_17:10:19.816786 MAGNA > b'0.03\r\n'
20230623_17:10:19.917228 MAGNA < b'MEAS:VOLT?\r\n'
20230623_17:10:19.940006 MAGNA > b'0.03\r\n'
20230623_17:10:20.040441 MAGNA < b'MEAS:VOLT?\r\n'
20230623_17:10:20.062214 MAGNA > b'0.03\r\n'
20230623_17:10:20.162659 MAGNA < b'MEAS:VOLT?\r\n'
20230623_17:10:20.182974 MAGNA > b'0.03\r\n'
20230623_17:10:20.283421 MAGNA < b'MEAS:VOLT?\r\n'
20230623_17:10:20.304040 MAGNA > b'0.03\r\n'
20230623_17:10:20.404484 MAGNA < b'MEAS:VOLT?\r\n'
20230623_17:10:20.425440 MAGNA > b'0.04\r\n'
20230623_17:10:20.525882 MAGNA < b'MEAS:VOLT?\r\n'
20230623_17:10:20.548009 MAGNA > b'0.04\r\n'
20230623_17:10:20.648458 MAGNA < b'MEAS:VOLT?\r\n'
20230623_17:10:20.669063 MAGNA > b'0.05\r\n'
20230623_17:10:20.769511 MAGNA < b'MEAS:VOLT?\r\n'
20230623_17:10:20.789154 MAGNA > b'0.06\r\n'
20230623_17:10:20.889591 MAGNA < b'MEAS:VOLT?\r\n'
20230623_17:10:20.910439 MAGNA > b'0.07\r\n'
20230623_17:10:21.010884 MAGNA < b'MEAS:VOLT?\r\n'
20230623_17:10:21.031879 MAGNA > b'0.09\r\n'
20230623_17:10:21.132324 MAGNA < b'MEAS:VOLT?\r\n'
20230623_17:10:21.154100 MAGNA > b'0.10\r\n'
20230623_17:10:21.254542 MAGNA < b'MEAS:VOLT?\r\n'
20230623_17:10:21.276015 MAGNA > b'0.13\r\n'
20230623_17:10:21.376460 MAGNA < b'MEAS:VOLT?\r\n'
20230623_17:10:21.397877 MAGNA > b'0.38\r\n'
20230623_17:10:21.498333 MAGNA < b'MEAS:VOLT?\r\n'
20230623_17:10:21.519674 MAGNA > b'3.22\r\n'
20230623_17:10:21.620109 MAGNA < b'MEAS:VOLT?\r\n'
20230623_17:10:21.639187 MAGNA > b'6.51\r\n'
20230623_17:10:21.739639 MAGNA < b'MEAS:VOLT?\r\n'
20230623_17:10:21.762302 MAGNA > b'9.41\r\n'
20230623_17:10:21.862741 MAGNA < b'MEAS:VOLT?\r\n'
20230623_17:10:21.885800 MAGNA > b'11.62\r\n'
20230623_17:10:21.986248 MAGNA < b'MEAS:VOLT?\r\n'
20230623_17:10:22.010152 MAGNA > b'12.87\r\n'
20230623_17:10:22.110617 MAGNA < b'MEAS:VOLT?\r\n'
20230623_17:10:22.134966 MAGNA > b'13.83\r\n'
20230623_17:10:22.235416 MAGNA < b'MEAS:VOLT?\r\n'
20230623_17:10:22.259387 MAGNA > b'15.00\r\n'
20230623_17:10:22.359876 MAGNA < b'MEAS:VOLT?\r\n'
20230623_17:10:22.383931 MAGNA > b'16.14\r\n'
20230623_17:10:22.484365 MAGNA < b'MEAS:VOLT?\r\n'
20230623_17:10:22.508541 MAGNA > b'17.03\r\n'
20230623_17:10:22.609007 MAGNA < b'MEAS:VOLT?\r\n'
20230623_17:10:22.631746 MAGNA > b'18.09\r\n'
20230623_17:10:22.732184 MAGNA < b'MEAS:VOLT?\r\n'
20230623_17:10:22.755069 MAGNA > b'19.14\r\n'
20230623_17:10:22.855507 MAGNA < b'MEAS:VOLT?\r\n'
20230623_17:10:22.878282 MAGNA > b'19.94\r\n'
20230623_17:10:22.978723 MAGNA < b'MEAS:VOLT?\r\n'
20230623_17:10:23.002151 MAGNA > b'20.92\r\n'
20230623_17:10:23.102593 MAGNA < b'MEAS:VOLT?\r\n'
20230623_17:10:23.126075 MAGNA > b'20.92\r\n'
20230623_17:10:23.226544 MAGNA < b'MEAS:VOLT?\r\n'
20230623_17:10:23.247849 MAGNA > b'21.88\r\n'
20230623_17:10:23.348280 MAGNA < b'MEAS:VOLT?\r\n'
20230623_17:10:23.372812 MAGNA > b'22.76\r\n'
20230623_17:10:23.473253 MAGNA < b'MEAS:VOLT?\r\n'
20230623_17:10:23.497813 MAGNA > b'23.31\r\n'
20230623_17:10:23.598255 MAGNA < b'MEAS:VOLT?\r\n'
20230623_17:10:23.621083 MAGNA > b'23.75\r\n'
20230623_17:10:23.621315 settling_time = 4.947
20230623_17:10:23.621461 MAGNA < b'VOLT 24\r\n'
20230623_17:10:23.621626 MAGNA < b'VOLT?\r\n'
20230623_17:10:23.659250 MAGNA > b'24.00\r\n'
20230623_17:10:23.659529 MAGNA < b'MEAS:VOLT?\r\n'
20230623_17:10:23.684088 MAGNA > b'23.91\r\n'
20230623_17:10:23.784516 MAGNA < b'MEAS:VOLT?\r\n'
20230623_17:10:23.806843 MAGNA > b'23.97\r\n'
20230623_17:10:23.907287 MAGNA < b'MEAS:VOLT?\r\n'
20230623_17:10:23.930512 MAGNA > b'23.98\r\n'
20230623_17:10:24.030954 MAGNA < b'MEAS:VOLT?\r\n'
20230623_17:10:24.053770 MAGNA > b'23.99\r\n'
20230623_17:10:24.054005 settling_time = 0.432
20230623_17:10:24.054151 MAGNA < b'VOLT 24\r\n'
20230623_17:10:24.054315 MAGNA < b'VOLT?\r\n'
20230623_17:10:24.090665 MAGNA > b'24.00\r\n'
20230623_17:10:24.090916 MAGNA < b'MEAS:VOLT?\r\n'
20230623_17:10:24.116319 MAGNA > b'23.99\r\n'
20230623_17:10:24.216766 MAGNA < b'MEAS:VOLT?\r\n'
20230623_17:10:24.240675 MAGNA > b'24.00\r\n'
20230623_17:10:24.341152 MAGNA < b'MEAS:VOLT?\r\n'
20230623_17:10:24.365268 MAGNA > b'24.00\r\n'
20230623_17:10:24.465705 MAGNA < b'MEAS:VOLT?\r\n'
20230623_17:10:24.489178 MAGNA > b'24.01\r\n'
20230623_17:10:24.489416 settling_time = 0.435
20230623_17:10:24.489552 MAGNA < b'OUTP:START\r\n'
20230623_17:10:24.489727 MAGNA < b'OUTP:STAT?\r\n'
20230623_17:10:24.514807 MAGNA > b'1\r\n'
20230623_17:10:24.515058 output_state = True
20230623_17:11:13.235784 MAGNA < b'*CLS\r\n'
20230623_17:11:13.235951 MAGNA < b'*IDN?\r\n'
20230623_17:11:13.288668 MAGNA > b'Magna-Power Electronics Inc., SL32-46, S/N:1164-6260, F/W:9.0\r\n'
20230623_17:11:13.288957 serial_number = b'1164-6260'
20230623_17:11:13.289094 MAGNA < b'OUTP:STOP\r\n'
20230623_17:11:13.289254 MAGNA < b'OUTP:STAT?\r\n'
20230623_17:11:13.311331 MAGNA > b'0\r\n'
20230623_17:11:13.311528 output_state = False
20230623_17:13:51.310039 MAGNA < b'*CLS\r\n'
20230623_17:13:51.310220 MAGNA < b'*IDN?\r\n'
20230623_17:13:51.364451 MAGNA > b'Magna-Power Electronics Inc., SL32-46, S/N:1164-6260, F/W:9.0\r\n'
20230623_17:13:51.364751 serial_number = b'1164-6260'
20230623_17:13:51.364899 MAGNA < b'CONF:SETPT 0\r\n'
20230623_17:13:51.365060 MAGNA < b'CONF:SETPT?\r\n'
20230623_17:13:51.395398 MAGNA > b'0\r\n'
20230623_17:13:51.395664 operational_mode = 0
20230623_17:13:52.396907 MAGNA < b'OUTPUT:PROTECTION:CLEAR\r\n'
20230623_17:13:57.402335 MAGNA < b'CONF:SETPT 3\r\n'
20230623_17:13:57.402650 MAGNA < b'CONF:SETPT?\r\n'
20230623_17:13:57.431985 MAGNA > b'3\r\n'
20230623_17:13:57.432242 operational_mode = 3
20230623_17:14:02.437481 MAGNA < b'OUTP:STOP\r\n'
20230623_17:14:02.437810 MAGNA < b'OUTP:STAT?\r\n'
20230623_17:14:02.460988 MAGNA > b'0\r\n'
20230623_17:14:02.461161 output_state = 0
20230623_17:14:02.461243 MAGNA < b'REM:SENS 0\r\n'
20230623_17:14:02.461344 MAGNA < b'REM:SENS?\r\n'
20230623_17:14:02.491186 MAGNA > b'0\r\n'
20230623_17:14:02.491437 remote_sense = 0
20230623_17:14:04.493697 MAGNA < b'VOLT:PROT 350.000\r\n'
20230623_17:14:04.494004 MAGNA < b'VOLT:PROT?\r\n'
20230623_17:14:04.544783 MAGNA > b'35.20\r\n'
20230623_17:14:04.545044 voltage_protection = 35
20230623_17:14:04.545180 MAGNA < b'VOLT 24\r\n'
20230623_17:14:04.545342 MAGNA < b'VOLT?\r\n'
20230623_17:14:04.577722 MAGNA > b'24.00\r\n'
20230623_17:14:04.577962 set_voltage = 24
20230623_17:14:04.578108 MAGNA < b'CURR 2.000\r\n'
20230623_17:14:04.578271 MAGNA < b'CURR?\r\n'
20230623_17:14:04.613137 MAGNA > b'2.00\r\n'
20230623_17:14:04.613386 set_current = 2.0
20230623_17:14:04.613516 MAGNA < b'CONF:INTE 0\r\n'
20230623_17:14:04.613677 MAGNA < b'CONF:INTE?\r\n'
20230623_17:14:04.646762 MAGNA > b'0\r\n'
20230623_17:14:04.647025 config_interlock = False
20230623_17:14:04.647163 MAGNA < b'MEAS:VOLT?\r\n'
20230623_17:14:04.666932 MAGNA > b'0.19\r\n'
20230623_17:14:04.667176 meas_voltage = 0
20230623_17:14:04.667306 MAGNA < b'OUTP:START\r\n'
20230623_17:14:04.667466 MAGNA < b'OUTP:STAT?\r\n'
20230623_17:14:04.723188 MAGNA > b'1\r\n'
20230623_17:14:04.723426 output_state = True
20230623_17:14:04.723559 MAGNA < b'STAT:QUES:COND?\r\n'
20230623_17:14:04.743759 MAGNA > b'512\r\n'
20230623_17:14:04.743982 sqc = b'512\r\n'
20230623_17:14:04.744119 MAGNA < b'STAT:QUES:COND?\r\n'
20230623_17:14:04.765756 MAGNA > b'512\r\n'
20230623_17:14:04.765999 status_iloc = False
20230623_17:14:04.766164 MAGNA < b'VOLT?\r\n'
20230623_17:14:04.783186 MAGNA > b'24.00\r\n'
20230623_17:14:04.783418 MAGNA < b'MEAS:VOLT?\r\n'
20230623_17:14:04.803773 MAGNA > b'0.19\r\n'
20230623_17:14:04.904238 MAGNA < b'MEAS:VOLT?\r\n'
20230623_17:14:04.924169 MAGNA > b'0.18\r\n'
20230623_17:14:05.024607 MAGNA < b'MEAS:VOLT?\r\n'
20230623_17:14:05.045863 MAGNA > b'0.18\r\n'
20230623_17:14:05.146304 MAGNA < b'MEAS:VOLT?\r\n'
20230623_17:14:05.169280 MAGNA > b'0.18\r\n'
20230623_17:14:05.269726 MAGNA < b'MEAS:VOLT?\r\n'
20230623_17:14:05.290519 MAGNA > b'0.19\r\n'
20230623_17:14:05.390961 MAGNA < b'MEAS:VOLT?\r\n'
20230623_17:14:05.412427 MAGNA > b'0.19\r\n'
20230623_17:14:05.512860 MAGNA < b'MEAS:VOLT?\r\n'
20230623_17:14:05.536369 MAGNA > b'0.19\r\n'
20230623_17:14:05.636810 MAGNA < b'MEAS:VOLT?\r\n'
20230623_17:14:05.658276 MAGNA > b'0.19\r\n'
20230623_17:14:05.758721 MAGNA < b'MEAS:VOLT?\r\n'
20230623_17:14:05.779510 MAGNA > b'0.19\r\n'
20230623_17:14:05.879950 MAGNA < b'MEAS:VOLT?\r\n'
20230623_17:14:05.902092 MAGNA > b'0.19\r\n'
20230623_17:14:06.002536 MAGNA < b'MEAS:VOLT?\r\n'
20230623_17:14:06.024678 MAGNA > b'0.19\r\n'
20230623_17:14:06.125137 MAGNA < b'MEAS:VOLT?\r\n'
20230623_17:14:06.147752 MAGNA > b'0.19\r\n'
20230623_17:14:06.248199 MAGNA < b'MEAS:VOLT?\r\n'
20230623_17:14:06.267641 MAGNA > b'0.19\r\n'
20230623_17:14:06.368085 MAGNA < b'MEAS:VOLT?\r\n'
20230623_17:14:06.389248 MAGNA > b'0.19\r\n'
20230623_17:14:06.489693 MAGNA < b'MEAS:VOLT?\r\n'
20230623_17:14:06.510923 MAGNA > b'0.20\r\n'
20230623_17:14:06.611370 MAGNA < b'MEAS:VOLT?\r\n'
20230623_17:14:06.633529 MAGNA > b'0.22\r\n'
20230623_17:14:06.733974 MAGNA < b'MEAS:VOLT?\r\n'
20230623_17:14:06.755478 MAGNA > b'0.24\r\n'
20230623_17:14:06.855922 MAGNA < b'MEAS:VOLT?\r\n'
20230623_17:14:06.876763 MAGNA > b'0.25\r\n'
20230623_17:14:06.977205 MAGNA < b'MEAS:VOLT?\r\n'
20230623_17:14:06.997994 MAGNA > b'0.27\r\n'
20230623_17:14:07.098436 MAGNA < b'MEAS:VOLT?\r\n'
20230623_17:14:07.119070 MAGNA > b'0.29\r\n'
20230623_17:14:07.219509 MAGNA < b'MEAS:VOLT?\r\n'
20230623_17:14:07.241082 MAGNA > b'0.29\r\n'
20230623_17:14:07.341519 MAGNA < b'MEAS:VOLT?\r\n'
20230623_17:14:07.365069 MAGNA > b'0.30\r\n'
20230623_17:14:07.465509 MAGNA < b'MEAS:VOLT?\r\n'
20230623_17:14:07.484943 MAGNA > b'0.61\r\n'
20230623_17:14:07.585399 MAGNA < b'MEAS:VOLT?\r\n'
20230623_17:14:07.605704 MAGNA > b'2.88\r\n'
20230623_17:14:07.706141 MAGNA < b'MEAS:VOLT?\r\n'
20230623_17:14:07.726734 MAGNA > b'6.09\r\n'
20230623_17:14:07.827179 MAGNA < b'MEAS:VOLT?\r\n'
20230623_17:14:07.850904 MAGNA > b'9.69\r\n'
20230623_17:14:07.951348 MAGNA < b'MEAS:VOLT?\r\n'
20230623_17:14:07.975776 MAGNA > b'11.53\r\n'
20230623_17:14:08.076225 MAGNA < b'MEAS:VOLT?\r\n'
20230623_17:14:08.098362 MAGNA > b'12.78\r\n'
20230623_17:14:08.198798 MAGNA < b'MEAS:VOLT?\r\n'
20230623_17:14:08.222919 MAGNA > b'13.98\r\n'
20230623_17:14:08.323361 MAGNA < b'MEAS:VOLT?\r\n'
20230623_17:14:08.348232 MAGNA > b'14.92\r\n'
20230623_17:14:08.448700 MAGNA < b'MEAS:VOLT?\r\n'
20230623_17:14:08.472361 MAGNA > b'16.05\r\n'
20230623_17:14:08.572805 MAGNA < b'MEAS:VOLT?\r\n'
20230623_17:14:08.594546 MAGNA > b'17.14\r\n'
20230623_17:14:08.694998 MAGNA < b'MEAS:VOLT?\r\n'
20230623_17:14:08.717904 MAGNA > b'18.00\r\n'
20230623_17:14:08.818322 MAGNA < b'MEAS:VOLT?\r\n'
20230623_17:14:08.841064 MAGNA > b'19.05\r\n'
20230623_17:14:08.941423 MAGNA < b'MEAS:VOLT?\r\n'
20230623_17:14:08.965797 MAGNA > b'20.05\r\n'
20230623_17:14:09.066236 MAGNA < b'MEAS:VOLT?\r\n'
20230623_17:14:09.088906 MAGNA > b'20.05\r\n'
20230623_17:14:09.189345 MAGNA < b'MEAS:VOLT?\r\n'
20230623_17:14:09.212876 MAGNA > b'21.04\r\n'
20230623_17:14:09.313346 MAGNA < b'MEAS:VOLT?\r\n'
20230623_17:14:09.338178 MAGNA > b'21.81\r\n'
20230623_17:14:09.438617 MAGNA < b'MEAS:VOLT?\r\n'
20230623_17:14:09.463470 MAGNA > b'22.71\r\n'
20230623_17:14:09.563928 MAGNA < b'MEAS:VOLT?\r\n'
20230623_17:14:09.586783 MAGNA > b'23.27\r\n'
20230623_17:14:09.587015 settling_time = 4.821
20230623_17:14:09.587155 MAGNA < b'VOLT 24\r\n'
20230623_17:14:09.587320 MAGNA < b'VOLT?\r\n'
20230623_17:14:09.623810 MAGNA > b'24.00\r\n'
20230623_17:14:09.624102 MAGNA < b'MEAS:VOLT?\r\n'
20230623_17:14:09.649004 MAGNA > b'23.74\r\n'
20230623_17:14:09.749435 MAGNA < b'MEAS:VOLT?\r\n'
20230623_17:14:09.774299 MAGNA > b'23.90\r\n'
20230623_17:14:09.874737 MAGNA < b'MEAS:VOLT?\r\n'
20230623_17:14:09.897713 MAGNA > b'23.97\r\n'
20230623_17:14:09.998149 MAGNA < b'MEAS:VOLT?\r\n'
20230623_17:14:10.023007 MAGNA > b'23.99\r\n'
20230623_17:14:10.023244 settling_time = 0.436
20230623_17:14:10.023384 MAGNA < b'VOLT 24\r\n'
20230623_17:14:10.023548 MAGNA < b'VOLT?\r\n'
20230623_17:14:10.058529 MAGNA > b'24.00\r\n'
20230623_17:14:10.058768 MAGNA < b'MEAS:VOLT?\r\n'
20230623_17:14:10.082628 MAGNA > b'23.99\r\n'
20230623_17:14:10.183061 MAGNA < b'MEAS:VOLT?\r\n'
20230623_17:14:10.206574 MAGNA > b'23.99\r\n'
20230623_17:14:10.307014 MAGNA < b'MEAS:VOLT?\r\n'
20230623_17:14:10.331801 MAGNA > b'24.00\r\n'
20230623_17:14:10.432235 MAGNA < b'MEAS:VOLT?\r\n'
20230623_17:14:10.457667 MAGNA > b'24.00\r\n'
20230623_17:14:10.457902 settling_time = 0.434
20230623_17:14:10.458035 MAGNA < b'OUTP:START\r\n'
20230623_17:14:10.458196 MAGNA < b'OUTP:STAT?\r\n'
20230623_17:14:10.483522 MAGNA > b'1\r\n'
20230623_17:14:10.483776 output_state = True
20230623_17:18:52.289469 MAGNA < b'*CLS\r\n'
20230623_17:18:52.289758 MAGNA < b'*IDN?\r\n'
20230623_17:18:52.343860 MAGNA > b'Magna-Power Electronics Inc., SL32-46, S/N:1164-6260, F/W:9.0\r\n'
20230623_17:18:52.344133 serial_number = b'1164-6260'
20230623_17:18:52.344276 MAGNA < b'OUTP:STOP\r\n'
20230623_17:18:52.344443 MAGNA < b'OUTP:STAT?\r\n'
20230623_17:18:52.367605 MAGNA > b'0\r\n'
20230623_17:18:52.367849 output_state = False
20230623_17:20:48.139330 MAGNA < b'*CLS\r\n'
20230623_17:20:48.139552 MAGNA < b'*IDN?\r\n'
20230623_17:20:48.193775 MAGNA > b'Magna-Power Electronics Inc., SL32-46, S/N:1164-6260, F/W:9.0\r\n'
20230623_17:20:48.194063 serial_number = b'1164-6260'
20230623_17:20:48.194209 MAGNA < b'CONF:SETPT 0\r\n'
20230623_17:20:48.194457 MAGNA < b'CONF:SETPT?\r\n'
20230623_17:20:48.225358 MAGNA > b'0\r\n'
20230623_17:20:48.225627 operational_mode = 0
20230623_17:20:49.226878 MAGNA < b'OUTPUT:PROTECTION:CLEAR\r\n'
20230623_17:20:54.232401 MAGNA < b'CONF:SETPT 3\r\n'
20230623_17:20:54.232834 MAGNA < b'CONF:SETPT?\r\n'
20230623_17:20:54.264465 MAGNA > b'3\r\n'
20230623_17:20:54.264693 operational_mode = 3
20230623_17:20:59.269954 MAGNA < b'OUTP:STOP\r\n'
20230623_17:20:59.270344 MAGNA < b'OUTP:STAT?\r\n'
20230623_17:20:59.292138 MAGNA > b'0\r\n'
20230623_17:20:59.292267 output_state = 0
20230623_17:20:59.292343 MAGNA < b'REM:SENS 0\r\n'
20230623_17:20:59.292430 MAGNA < b'REM:SENS?\r\n'
20230623_17:20:59.321732 MAGNA > b'0\r\n'
20230623_17:20:59.321999 remote_sense = 0
20230623_17:21:01.324267 MAGNA < b'VOLT:PROT 350.000\r\n'
20230623_17:21:01.324668 MAGNA < b'VOLT:PROT?\r\n'
20230623_17:21:01.375279 MAGNA > b'35.20\r\n'
20230623_17:21:01.375527 voltage_protection = 35
20230623_17:21:01.375670 MAGNA < b'VOLT 24\r\n'
20230623_17:21:01.375897 MAGNA < b'VOLT?\r\n'
20230623_17:21:01.408908 MAGNA > b'24.00\r\n'
20230623_17:21:01.409153 set_voltage = 24
20230623_17:21:01.409304 MAGNA < b'CURR 2.000\r\n'
20230623_17:21:01.409549 MAGNA < b'CURR?\r\n'
20230623_17:21:01.444044 MAGNA > b'2.00\r\n'
20230623_17:21:01.444287 set_current = 2.0
20230623_17:21:01.444422 MAGNA < b'CONF:INTE 0\r\n'
20230623_17:21:01.444661 MAGNA < b'CONF:INTE?\r\n'
20230623_17:21:01.477967 MAGNA > b'0\r\n'
20230623_17:21:01.478209 config_interlock = False
20230623_17:21:01.478345 MAGNA < b'MEAS:VOLT?\r\n'
20230623_17:21:01.497282 MAGNA > b'0.19\r\n'
20230623_17:21:01.497501 meas_voltage = 0
20230623_17:21:01.497639 MAGNA < b'OUTP:START\r\n'
20230623_17:21:01.497874 MAGNA < b'OUTP:STAT?\r\n'
20230623_17:21:01.548982 MAGNA > b'1\r\n'
20230623_17:21:01.549228 output_state = True
20230623_17:21:01.549368 MAGNA < b'STAT:QUES:COND?\r\n'
20230623_17:21:01.569558 MAGNA > b'512\r\n'
20230623_17:21:01.569778 sqc = b'512\r\n'
20230623_17:21:01.569914 MAGNA < b'STAT:QUES:COND?\r\n'
20230623_17:21:01.590539 MAGNA > b'512\r\n'
20230623_17:21:01.590783 status_iloc = False
20230623_17:21:01.590949 MAGNA < b'VOLT?\r\n'
20230623_17:21:01.609788 MAGNA > b'24.00\r\n'
20230623_17:21:01.610009 MAGNA < b'MEAS:VOLT?\r\n'
20230623_17:21:01.632752 MAGNA > b'0.19\r\n'
20230623_17:21:01.733239 MAGNA < b'MEAS:VOLT?\r\n'
20230623_17:21:01.755287 MAGNA > b'0.19\r\n'
20230623_17:21:01.855721 MAGNA < b'MEAS:VOLT?\r\n'
20230623_17:21:01.878551 MAGNA > b'0.18\r\n'
20230623_17:21:01.979010 MAGNA < b'MEAS:VOLT?\r\n'
20230623_17:21:01.999632 MAGNA > b'0.18\r\n'
20230623_17:21:02.100068 MAGNA < b'MEAS:VOLT?\r\n'
20230623_17:21:02.121701 MAGNA > b'0.19\r\n'
20230623_17:21:02.222136 MAGNA < b'MEAS:VOLT?\r\n'
20230623_17:21:02.244958 MAGNA > b'0.19\r\n'
20230623_17:21:02.345393 MAGNA < b'MEAS:VOLT?\r\n'
20230623_17:21:02.367381 MAGNA > b'0.19\r\n'
20230623_17:21:02.467817 MAGNA < b'MEAS:VOLT?\r\n'
20230623_17:21:02.491019 MAGNA > b'0.19\r\n'
20230623_17:21:02.591454 MAGNA < b'MEAS:VOLT?\r\n'
20230623_17:21:02.612012 MAGNA > b'0.19\r\n'
20230623_17:21:02.712446 MAGNA < b'MEAS:VOLT?\r\n'
20230623_17:21:02.733922 MAGNA > b'0.19\r\n'
20230623_17:21:02.834363 MAGNA < b'MEAS:VOLT?\r\n'
20230623_17:21:02.856483 MAGNA > b'0.19\r\n'
20230623_17:21:02.956925 MAGNA < b'MEAS:VOLT?\r\n'
20230623_17:21:02.978664 MAGNA > b'0.19\r\n'
20230623_17:21:03.079103 MAGNA < b'MEAS:VOLT?\r\n'
20230623_17:21:03.100174 MAGNA > b'0.19\r\n'
20230623_17:21:03.200601 MAGNA < b'MEAS:VOLT?\r\n'
20230623_17:21:03.223466 MAGNA > b'0.20\r\n'
20230623_17:21:03.323902 MAGNA < b'MEAS:VOLT?\r\n'
20230623_17:21:03.346150 MAGNA > b'0.21\r\n'
20230623_17:21:03.446583 MAGNA < b'MEAS:VOLT?\r\n'
20230623_17:21:03.467396 MAGNA > b'0.22\r\n'
20230623_17:21:03.567827 MAGNA < b'MEAS:VOLT?\r\n'
20230623_17:21:03.589962 MAGNA > b'0.22\r\n'
20230623_17:21:03.690393 MAGNA < b'MEAS:VOLT?\r\n'
20230623_17:21:03.713880 MAGNA > b'0.25\r\n'
20230623_17:21:03.814315 MAGNA < b'MEAS:VOLT?\r\n'
20230623_17:21:03.836489 MAGNA > b'0.26\r\n'
20230623_17:21:03.936929 MAGNA < b'MEAS:VOLT?\r\n'
20230623_17:21:03.957726 MAGNA > b'0.27\r\n'
20230623_17:21:04.058160 MAGNA < b'MEAS:VOLT?\r\n'
20230623_17:21:04.079835 MAGNA > b'0.28\r\n'
20230623_17:21:04.180265 MAGNA < b'MEAS:VOLT?\r\n'
20230623_17:21:04.201535 MAGNA > b'0.29\r\n'
20230623_17:21:04.301984 MAGNA < b'MEAS:VOLT?\r\n'
20230623_17:21:04.323448 MAGNA > b'0.42\r\n'
20230623_17:21:04.423890 MAGNA < b'MEAS:VOLT?\r\n'
20230623_17:21:04.445353 MAGNA > b'3.00\r\n'
20230623_17:21:04.545785 MAGNA < b'MEAS:VOLT?\r\n'
20230623_17:21:04.568861 MAGNA > b'6.19\r\n'
20230623_17:21:04.669301 MAGNA < b'MEAS:VOLT?\r\n'
20230623_17:21:04.691215 MAGNA > b'9.04\r\n'
20230623_17:21:04.791646 MAGNA < b'MEAS:VOLT?\r\n'
20230623_17:21:04.816312 MAGNA > b'11.48\r\n'
20230623_17:21:04.916796 MAGNA < b'MEAS:VOLT?\r\n'
20230623_17:21:04.940958 MAGNA > b'12.72\r\n'
20230623_17:21:05.041388 MAGNA < b'MEAS:VOLT?\r\n'
20230623_17:21:05.062651 MAGNA > b'13.69\r\n'
20230623_17:21:05.163088 MAGNA < b'MEAS:VOLT?\r\n'
20230623_17:21:05.186056 MAGNA > b'14.86\r\n'
20230623_17:21:05.286487 MAGNA < b'MEAS:VOLT?\r\n'
20230623_17:21:05.310636 MAGNA > b'16.00\r\n'
20230623_17:21:05.411068 MAGNA < b'MEAS:VOLT?\r\n'
20230623_17:21:05.435250 MAGNA > b'16.90\r\n'
20230623_17:21:05.535697 MAGNA < b'MEAS:VOLT?\r\n'
20230623_17:21:05.560001 MAGNA > b'17.98\r\n'
20230623_17:21:05.660439 MAGNA < b'MEAS:VOLT?\r\n'
20230623_17:21:05.684442 MAGNA > b'19.03\r\n'
20230623_17:21:05.784889 MAGNA < b'MEAS:VOLT?\r\n'
20230623_17:21:05.807674 MAGNA > b'19.85\r\n'
20230623_17:21:05.908124 MAGNA < b'MEAS:VOLT?\r\n'
20230623_17:21:05.932271 MAGNA > b'20.84\r\n'
20230623_17:21:06.032746 MAGNA < b'MEAS:VOLT?\r\n'
20230623_17:21:06.056444 MAGNA > b'21.80\r\n'
20230623_17:21:06.156884 MAGNA < b'MEAS:VOLT?\r\n'
20230623_17:21:06.178867 MAGNA > b'22.53\r\n'
20230623_17:21:06.279304 MAGNA < b'MEAS:VOLT?\r\n'
20230623_17:21:06.304077 MAGNA > b'23.27\r\n'
20230623_17:21:06.404519 MAGNA < b'MEAS:VOLT?\r\n'
20230623_17:21:06.428468 MAGNA > b'23.66\r\n'
20230623_17:21:06.428696 settling_time = 4.838
20230623_17:21:06.428867 MAGNA < b'VOLT 24\r\n'
20230623_17:21:06.429036 MAGNA < b'VOLT?\r\n'
20230623_17:21:06.465541 MAGNA > b'24.00\r\n'
20230623_17:21:06.465790 MAGNA < b'MEAS:VOLT?\r\n'
20230623_17:21:06.490966 MAGNA > b'23.66\r\n'
20230623_17:21:06.591394 MAGNA < b'MEAS:VOLT?\r\n'
20230623_17:21:06.616239 MAGNA > b'23.90\r\n'
20230623_17:21:06.716713 MAGNA < b'MEAS:VOLT?\r\n'
20230623_17:21:06.740996 MAGNA > b'23.96\r\n'
20230623_17:21:06.841431 MAGNA < b'MEAS:VOLT?\r\n'
20230623_17:21:06.864785 MAGNA > b'23.98\r\n'
20230623_17:21:06.865026 settling_time = 0.436
20230623_17:21:06.865169 MAGNA < b'VOLT 24\r\n'
20230623_17:21:06.865350 MAGNA < b'VOLT?\r\n'
20230623_17:21:06.902946 MAGNA > b'24.00\r\n'
20230623_17:21:06.903191 MAGNA < b'MEAS:VOLT?\r\n'
20230623_17:21:06.926876 MAGNA > b'23.98\r\n'
20230623_17:21:07.027316 MAGNA < b'MEAS:VOLT?\r\n'
20230623_17:21:07.050934 MAGNA > b'23.99\r\n'
20230623_17:21:07.151389 MAGNA < b'MEAS:VOLT?\r\n'
20230623_17:21:07.175750 MAGNA > b'24.00\r\n'
20230623_17:21:07.276181 MAGNA < b'MEAS:VOLT?\r\n'
20230623_17:21:07.301471 MAGNA > b'24.00\r\n'
20230623_17:21:07.301720 settling_time = 0.436
20230623_17:21:07.301860 MAGNA < b'OUTP:START\r\n'
20230623_17:21:07.302043 MAGNA < b'OUTP:STAT?\r\n'
20230623_17:21:07.327004 MAGNA > b'1\r\n'
20230623_17:21:07.327235 output_state = True
20230623_17:44:53.393774 MAGNA < b'*CLS\r\n'
20230623_17:44:53.393954 MAGNA < b'*IDN?\r\n'
20230623_17:44:53.448445 MAGNA > b'Magna-Power Electronics Inc., SL32-46, S/N:1164-6260, F/W:9.0\r\n'
20230623_17:44:53.448719 serial_number = b'1164-6260'
20230623_17:44:53.448890 MAGNA < b'OUTP:STOP\r\n'
20230623_17:44:53.449061 MAGNA < b'OUTP:STAT?\r\n'
20230623_17:44:53.471135 MAGNA > b'0\r\n'
20230623_17:44:53.471399 output_state = False
20230629_22:52:48.941292 MAGNA < b'*CLS\r\n'
20230629_22:52:48.941956 MAGNA < b'*IDN?\r\n'
20230629_22:52:48.995019 MAGNA > b'Magna-Power Electronics Inc., SL32-46, S/N:1164-6260, F/W:9.0\r\n'
20230629_22:52:48.995310 serial_number = b'1164-6260'
20230629_22:52:48.995460 MAGNA < b'OUTP:STOP\r\n'
20230629_22:52:48.995717 MAGNA < b'OUTP:STAT?\r\n'
20230629_22:52:49.017780 MAGNA > b'0\r\n'
20230629_22:52:49.018050 output_state = False
20230629_23:18:26.094243 MAGNA < b'*CLS\r\n'
20230629_23:18:26.094910 MAGNA < b'*IDN?\r\n'
20230629_23:18:26.147398 MAGNA > b'Magna-Power Electronics Inc., SL32-46, S/N:1164-6260, F/W:9.0\r\n'
20230629_23:18:26.147689 serial_number = b'1164-6260'
20230629_23:18:26.147888 MAGNA < b'CONF:SETPT 0\r\n'
20230629_23:18:26.148088 MAGNA < b'CONF:SETPT?\r\n'
20230629_23:18:26.178966 MAGNA > b'0\r\n'
20230629_23:18:26.179221 operational_mode = 0
20230629_23:18:27.180440 MAGNA < b'OUTPUT:PROTECTION:CLEAR\r\n'
20230629_23:18:32.185842 MAGNA < b'CONF:SETPT 3\r\n'
20230629_23:18:32.186195 MAGNA < b'CONF:SETPT?\r\n'
20230629_23:18:32.216827 MAGNA > b'3\r\n'
20230629_23:18:32.217084 operational_mode = 3
20230629_23:18:37.219875 MAGNA < b'OUTP:STOP\r\n'
20230629_23:18:37.220222 MAGNA < b'OUTP:STAT?\r\n'
20230629_23:18:37.242392 MAGNA > b'0\r\n'
20230629_23:18:37.242575 output_state = 0
20230629_23:18:37.242669 MAGNA < b'REM:SENS 0\r\n'
20230629_23:18:37.242781 MAGNA < b'REM:SENS?\r\n'
20230629_23:18:37.272083 MAGNA > b'0\r\n'
20230629_23:18:37.272336 remote_sense = 0
20230629_23:18:39.274608 MAGNA < b'VOLT:PROT 350.000\r\n'
20230629_23:18:39.274943 MAGNA < b'VOLT:PROT?\r\n'
20230629_23:18:39.325267 MAGNA > b'35.20\r\n'
20230629_23:18:39.325539 voltage_protection = 35
20230629_23:18:39.325695 MAGNA < b'VOLT 24\r\n'
20230629_23:18:39.325871 MAGNA < b'VOLT?\r\n'
20230629_23:18:39.359208 MAGNA > b'24.00\r\n'
20230629_23:18:39.359475 set_voltage = 24
20230629_23:18:39.359637 MAGNA < b'CURR 2.000\r\n'
20230629_23:18:39.359844 MAGNA < b'CURR?\r\n'
20230629_23:18:39.394692 MAGNA > b'2.00\r\n'
20230629_23:18:39.394960 set_current = 2.0
20230629_23:18:39.395125 MAGNA < b'CONF:INTE 0\r\n'
20230629_23:18:39.395306 MAGNA < b'CONF:INTE?\r\n'
20230629_23:18:39.428323 MAGNA > b'0\r\n'
20230629_23:18:39.428616 config_interlock = False
20230629_23:18:39.428773 MAGNA < b'MEAS:VOLT?\r\n'
20230629_23:18:39.448388 MAGNA > b'0.16\r\n'
20230629_23:18:39.448643 meas_voltage = 0
20230629_23:18:39.448829 MAGNA < b'OUTP:START\r\n'
20230629_23:18:39.449016 MAGNA < b'OUTP:STAT?\r\n'
20230629_23:18:39.501974 MAGNA > b'1\r\n'
20230629_23:18:39.502249 output_state = True
20230629_23:18:39.502399 MAGNA < b'STAT:QUES:COND?\r\n'
20230629_23:18:39.523154 MAGNA > b'512\r\n'
20230629_23:18:39.523388 sqc = b'512\r\n'
20230629_23:18:39.523529 MAGNA < b'STAT:QUES:COND?\r\n'
20230629_23:18:39.543897 MAGNA > b'512\r\n'
20230629_23:18:39.544158 status_iloc = False
20230629_23:18:39.544308 MAGNA < b'VOLT?\r\n'
20230629_23:18:39.564191 MAGNA > b'24.00\r\n'
20230629_23:18:39.564479 MAGNA < b'MEAS:VOLT?\r\n'
20230629_23:18:39.587748 MAGNA > b'0.15\r\n'
20230629_23:18:39.688204 MAGNA < b'MEAS:VOLT?\r\n'
20230629_23:18:39.711027 MAGNA > b'0.15\r\n'
20230629_23:18:39.811489 MAGNA < b'MEAS:VOLT?\r\n'
20230629_23:18:39.832550 MAGNA > b'0.14\r\n'
20230629_23:18:39.932999 MAGNA < b'MEAS:VOLT?\r\n'
20230629_23:18:39.953319 MAGNA > b'0.14\r\n'
20230629_23:18:40.053769 MAGNA < b'MEAS:VOLT?\r\n'
20230629_23:18:40.074716 MAGNA > b'0.15\r\n'
20230629_23:18:40.175164 MAGNA < b'MEAS:VOLT?\r\n'
20230629_23:18:40.196887 MAGNA > b'0.15\r\n'
20230629_23:18:40.297305 MAGNA < b'MEAS:VOLT?\r\n'
20230629_23:18:40.319356 MAGNA > b'0.15\r\n'
20230629_23:18:40.419712 MAGNA < b'MEAS:VOLT?\r\n'
20230629_23:18:40.443233 MAGNA > b'0.15\r\n'
20230629_23:18:40.543715 MAGNA < b'MEAS:VOLT?\r\n'
20230629_23:18:40.566410 MAGNA > b'0.15\r\n'
20230629_23:18:40.666858 MAGNA < b'MEAS:VOLT?\r\n'
20230629_23:18:40.687701 MAGNA > b'0.15\r\n'
20230629_23:18:40.788177 MAGNA < b'MEAS:VOLT?\r\n'
20230629_23:18:40.811583 MAGNA > b'0.15\r\n'
20230629_23:18:40.912051 MAGNA < b'MEAS:VOLT?\r\n'
20230629_23:18:40.933446 MAGNA > b'0.15\r\n'
20230629_23:18:41.033915 MAGNA < b'MEAS:VOLT?\r\n'
20230629_23:18:41.055934 MAGNA > b'0.15\r\n'
20230629_23:18:41.156306 MAGNA < b'MEAS:VOLT?\r\n'
20230629_23:18:41.178613 MAGNA > b'0.15\r\n'
20230629_23:18:41.279060 MAGNA < b'MEAS:VOLT?\r\n'
20230629_23:18:41.301199 MAGNA > b'0.15\r\n'
20230629_23:18:41.401650 MAGNA < b'MEAS:VOLT?\r\n'
20230629_23:18:41.424683 MAGNA > b'0.16\r\n'
20230629_23:18:41.525152 MAGNA < b'MEAS:VOLT?\r\n'
20230629_23:18:41.547259 MAGNA > b'0.17\r\n'
20230629_23:18:41.647722 MAGNA < b'MEAS:VOLT?\r\n'
20230629_23:18:41.670309 MAGNA > b'0.17\r\n'
20230629_23:18:41.770758 MAGNA < b'MEAS:VOLT?\r\n'
20230629_23:18:41.792196 MAGNA > b'0.18\r\n'
20230629_23:18:41.892652 MAGNA < b'MEAS:VOLT?\r\n'
20230629_23:18:41.914119 MAGNA > b'0.20\r\n'
20230629_23:18:42.014569 MAGNA < b'MEAS:VOLT?\r\n'
20230629_23:18:42.035201 MAGNA > b'0.21\r\n'
20230629_23:18:42.135652 MAGNA < b'MEAS:VOLT?\r\n'
20230629_23:18:42.157888 MAGNA > b'1.04\r\n'
20230629_23:18:42.258332 MAGNA < b'MEAS:VOLT?\r\n'
20230629_23:18:42.281418 MAGNA > b'3.28\r\n'
20230629_23:18:42.381872 MAGNA < b'MEAS:VOLT?\r\n'
20230629_23:18:42.402960 MAGNA > b'6.44\r\n'
20230629_23:18:42.503415 MAGNA < b'MEAS:VOLT?\r\n'
20230629_23:18:42.525645 MAGNA > b'9.94\r\n'
20230629_23:18:42.626090 MAGNA < b'MEAS:VOLT?\r\n'
20230629_23:18:42.650183 MAGNA > b'11.27\r\n'
20230629_23:18:42.750631 MAGNA < b'MEAS:VOLT?\r\n'
20230629_23:18:42.772878 MAGNA > b'12.51\r\n'
20230629_23:18:42.873345 MAGNA < b'MEAS:VOLT?\r\n'
20230629_23:18:42.895298 MAGNA > b'13.72\r\n'
20230629_23:18:42.995746 MAGNA < b'MEAS:VOLT?\r\n'
20230629_23:18:43.019880 MAGNA > b'13.72\r\n'
20230629_23:18:43.120314 MAGNA < b'MEAS:VOLT?\r\n'
20230629_23:18:43.145146 MAGNA > b'14.88\r\n'
20230629_23:18:43.245567 MAGNA < b'MEAS:VOLT?\r\n'
20230629_23:18:43.269288 MAGNA > b'15.79\r\n'
20230629_23:18:43.369750 MAGNA < b'MEAS:VOLT?\r\n'
20230629_23:18:43.394998 MAGNA > b'16.90\r\n'
20230629_23:18:43.495458 MAGNA < b'MEAS:VOLT?\r\n'
20230629_23:18:43.519552 MAGNA > b'17.98\r\n'
20230629_23:18:43.620026 MAGNA < b'MEAS:VOLT?\r\n'
20230629_23:18:43.642851 MAGNA > b'18.82\r\n'
20230629_23:18:43.743314 MAGNA < b'MEAS:VOLT?\r\n'
20230629_23:18:43.767430 MAGNA > b'19.85\r\n'
20230629_23:18:43.867887 MAGNA < b'MEAS:VOLT?\r\n'
20230629_23:18:43.891385 MAGNA > b'20.65\r\n'
20230629_23:18:43.991856 MAGNA < b'MEAS:VOLT?\r\n'
20230629_23:18:44.013744 MAGNA > b'21.62\r\n'
20230629_23:18:44.114224 MAGNA < b'MEAS:VOLT?\r\n'
20230629_23:18:44.135839 MAGNA > b'22.53\r\n'
20230629_23:18:44.236290 MAGNA < b'MEAS:VOLT?\r\n'
20230629_23:18:44.261012 MAGNA > b'23.14\r\n'
20230629_23:18:44.361393 MAGNA < b'MEAS:VOLT?\r\n'
20230629_23:18:44.385554 MAGNA > b'23.66\r\n'
20230629_23:18:44.385819 settling_time = 4.842
20230629_23:18:44.385971 MAGNA < b'VOLT 24\r\n'
20230629_23:18:44.386144 MAGNA < b'VOLT?\r\n'
20230629_23:18:44.420349 MAGNA > b'24.00\r\n'
20230629_23:18:44.420619 MAGNA < b'MEAS:VOLT?\r\n'
20230629_23:18:44.445463 MAGNA > b'23.87\r\n'
20230629_23:18:44.545915 MAGNA < b'MEAS:VOLT?\r\n'
20230629_23:18:44.567898 MAGNA > b'23.96\r\n'
20230629_23:18:44.668353 MAGNA < b'MEAS:VOLT?\r\n'
20230629_23:18:44.693129 MAGNA > b'23.96\r\n'
20230629_23:18:44.793550 MAGNA < b'MEAS:VOLT?\r\n'
20230629_23:18:44.816895 MAGNA > b'23.98\r\n'
20230629_23:18:44.817150 settling_time = 0.431
20230629_23:18:44.817306 MAGNA < b'VOLT 24\r\n'
20230629_23:18:44.817481 MAGNA < b'VOLT?\r\n'
20230629_23:18:44.852748 MAGNA > b'24.00\r\n'
20230629_23:18:44.853031 MAGNA < b'MEAS:VOLT?\r\n'
20230629_23:18:44.876891 MAGNA > b'23.99\r\n'
20230629_23:18:44.977354 MAGNA < b'MEAS:VOLT?\r\n'
20230629_23:18:45.003271 MAGNA > b'24.00\r\n'
20230629_23:18:45.103734 MAGNA < b'MEAS:VOLT?\r\n'
20230629_23:18:45.127200 MAGNA > b'24.00\r\n'
20230629_23:18:45.227658 MAGNA < b'MEAS:VOLT?\r\n'
20230629_23:18:45.251735 MAGNA > b'24.01\r\n'
20230629_23:18:45.252029 settling_time = 0.435
20230629_23:18:45.252178 MAGNA < b'OUTP:START\r\n'
20230629_23:18:45.252357 MAGNA < b'OUTP:STAT?\r\n'
20230629_23:18:45.277313 MAGNA > b'1\r\n'
20230629_23:18:45.277583 output_state = True
