1700499587252	geckodriver	INFO	Listening on 127.0.0.1:58965
1700499655364	mozrunner::runner	INFO	Running command: "/snap/firefox/current/firefox.launcher" "--marionette" "-no-remote" "-profile" "/tmp/rust_mozprofilestWb27"
Gtk-Message: 12:00:55.579: Not loading module "atk-bridge": The functionality is provided by GTK natively. Please try to not load it.

(firefox:31113): Gtk-WARNING **: 12:00:55.959: GTK+ module /snap/firefox/3358/gnome-platform/usr/lib/gtk-2.0/modules/libcanberra-gtk-module.so cannot be loaded.
GTK+ 2.x symbols detected. Using GTK+ 2.x and GTK+ 3 in the same process is not supported.
Gtk-Message: 12:00:55.959: Failed to load module "canberra-gtk-module"

(firefox:31113): Gtk-WARNING **: 12:00:55.984: GTK+ module /snap/firefox/3358/gnome-platform/usr/lib/gtk-2.0/modules/libcanberra-gtk-module.so cannot be loaded.
GTK+ 2.x symbols detected. Using GTK+ 2.x and GTK+ 3 in the same process is not supported.
Gtk-Message: 12:00:55.984: Failed to load module "canberra-gtk-module"
console.warn: services.settings: Ignoring preference override of remote settings server
console.warn: services.settings: Allow by setting MOZ_REMOTE_SETTINGS_DEVTOOLS=1 in the environment
Fontconfig warning: "/etc/fonts/conf.avail/53-monospace-lcd-filter.conf", line 10: Having multiple values in <test> isn't supported and may not work as expected
ATTENTION: default value of option mesa_glthread overridden by environment.
1700499661589	Marionette	INFO	Marionette enabled
ATTENTION: default value of option mesa_glthread overridden by environment.
1700499661856	Marionette	INFO	Listening on port 32945
Read port: 32945
1700499663525	RemoteAgent	WARN	TLS certificate errors will be ignored for this session
Fontconfig warning: "/etc/fonts/conf.avail/53-monospace-lcd-filter.conf", line 10: Having multiple values in <test> isn't supported and may not work as expected
Fontconfig warning: "/etc/fonts/conf.avail/53-monospace-lcd-filter.conf", line 10: Having multiple values in <test> isn't supported and may not work as expected
console.error: ({})
Fontconfig warning: "/etc/fonts/conf.avail/53-monospace-lcd-filter.conf", line 10: Having multiple values in <test> isn't supported and may not work as expected
Fontconfig warning: "/etc/fonts/conf.avail/53-monospace-lcd-filter.conf", line 10: Having multiple values in <test> isn't supported and may not work as expected
Fontconfig warning: "/etc/fonts/conf.avail/53-monospace-lcd-filter.conf", line 10: Having multiple values in <test> isn't supported and may not work as expected
console.error: (new TypeError("this._searchProviderInfo is null", "resource:///modules/SearchSERPTelemetry.sys.mjs", 685))
Fontconfig warning: "/etc/fonts/conf.avail/53-monospace-lcd-filter.conf", line 10: Having multiple values in <test> isn't supported and may not work as expected
console.error: "update.locale" " file doesn't exist in either the application or GRE directories"
1700499691597	addons.xpi	ERROR	System addon update list error SyntaxError: XMLHttpRequest.open: 'http://%(server)s/dummy-system-addons.xml' is not a valid URL.
1700499730344	geckodriver	INFO	Listening on 127.0.0.1:39289
1700499731254	mozrunner::runner	INFO	Running command: "/snap/firefox/current/firefox.launcher" "--marionette" "-no-remote" "-profile" "/tmp/rust_mozprofilef36uEG"
Gtk-Message: 12:02:11.277: Not loading module "atk-bridge": The functionality is provided by GTK natively. Please try to not load it.

(firefox:31929): Gtk-WARNING **: 12:02:11.323: GTK+ module /snap/firefox/3358/gnome-platform/usr/lib/gtk-2.0/modules/libcanberra-gtk-module.so cannot be loaded.
GTK+ 2.x symbols detected. Using GTK+ 2.x and GTK+ 3 in the same process is not supported.
Gtk-Message: 12:02:11.323: Failed to load module "canberra-gtk-module"

(firefox:31929): Gtk-WARNING **: 12:02:11.324: GTK+ module /snap/firefox/3358/gnome-platform/usr/lib/gtk-2.0/modules/libcanberra-gtk-module.so cannot be loaded.
GTK+ 2.x symbols detected. Using GTK+ 2.x and GTK+ 3 in the same process is not supported.
Gtk-Message: 12:02:11.324: Failed to load module "canberra-gtk-module"
console.warn: services.settings: Ignoring preference override of remote settings server
console.warn: services.settings: Allow by setting MOZ_REMOTE_SETTINGS_DEVTOOLS=1 in the environment
Fontconfig warning: "/etc/fonts/conf.avail/53-monospace-lcd-filter.conf", line 10: Having multiple values in <test> isn't supported and may not work as expected
ATTENTION: default value of option mesa_glthread overridden by environment.
1700499731876	Marionette	INFO	Marionette enabled
ATTENTION: default value of option mesa_glthread overridden by environment.
1700499731970	Marionette	INFO	Listening on port 44771
Read port: 44771
1700499732291	RemoteAgent	WARN	TLS certificate errors will be ignored for this session
Fontconfig warning: "/etc/fonts/conf.avail/53-monospace-lcd-filter.conf", line 10: Having multiple values in <test> isn't supported and may not work as expected
Fontconfig warning: "/etc/fonts/conf.avail/53-monospace-lcd-filter.conf", line 10: Having multiple values in <test> isn't supported and may not work as expected
console.error: ({})
Fontconfig warning: "/etc/fonts/conf.avail/53-monospace-lcd-filter.conf", line 10: Having multiple values in <test> isn't supported and may not work as expected
Fontconfig warning: "/etc/fonts/conf.avail/53-monospace-lcd-filter.conf", line 10: Having multiple values in <test> isn't supported and may not work as expected
Fontconfig warning: "/etc/fonts/conf.avail/53-monospace-lcd-filter.conf", line 10: Having multiple values in <test> isn't supported and may not work as expected
console.error: (new TypeError("this._searchProviderInfo is null", "resource:///modules/SearchSERPTelemetry.sys.mjs", 685))
console.error: (new TypeError("linkMap is undefined", "resource://gre/modules/NewTabUtils.sys.mjs", 2001))
Fontconfig warning: "/etc/fonts/conf.avail/53-monospace-lcd-filter.conf", line 10: Having multiple values in <test> isn't supported and may not work as expected
1700499747242	Marionette	INFO	Stopped listening on port 44771
1700499792986	geckodriver	INFO	Listening on 127.0.0.1:43229
1700499793950	mozrunner::runner	INFO	Running command: "/snap/firefox/current/firefox.launcher" "--marionette" "-no-remote" "-profile" "/tmp/rust_mozprofileJrit7S"
Gtk-Message: 12:03:13.974: Not loading module "atk-bridge": The functionality is provided by GTK natively. Please try to not load it.

(firefox:32733): Gtk-WARNING **: 12:03:14.024: GTK+ module /snap/firefox/3358/gnome-platform/usr/lib/gtk-2.0/modules/libcanberra-gtk-module.so cannot be loaded.
GTK+ 2.x symbols detected. Using GTK+ 2.x and GTK+ 3 in the same process is not supported.
Gtk-Message: 12:03:14.024: Failed to load module "canberra-gtk-module"

(firefox:32733): Gtk-WARNING **: 12:03:14.025: GTK+ module /snap/firefox/3358/gnome-platform/usr/lib/gtk-2.0/modules/libcanberra-gtk-module.so cannot be loaded.
GTK+ 2.x symbols detected. Using GTK+ 2.x and GTK+ 3 in the same process is not supported.
Gtk-Message: 12:03:14.025: Failed to load module "canberra-gtk-module"
console.warn: services.settings: Ignoring preference override of remote settings server
console.warn: services.settings: Allow by setting MOZ_REMOTE_SETTINGS_DEVTOOLS=1 in the environment
Fontconfig warning: "/etc/fonts/conf.avail/53-monospace-lcd-filter.conf", line 10: Having multiple values in <test> isn't supported and may not work as expected
ATTENTION: default value of option mesa_glthread overridden by environment.
1700499794548	Marionette	INFO	Marionette enabled
ATTENTION: default value of option mesa_glthread overridden by environment.
1700499794625	Marionette	INFO	Listening on port 41821
Read port: 41821
1700499795109	RemoteAgent	WARN	TLS certificate errors will be ignored for this session
Fontconfig warning: "/etc/fonts/conf.avail/53-monospace-lcd-filter.conf", line 10: Having multiple values in <test> isn't supported and may not work as expected
Fontconfig warning: "/etc/fonts/conf.avail/53-monospace-lcd-filter.conf", line 10: Having multiple values in <test> isn't supported and may not work as expected
console.error: ({})
Fontconfig warning: "/etc/fonts/conf.avail/53-monospace-lcd-filter.conf", line 10: Having multiple values in <test> isn't supported and may not work as expected
Fontconfig warning: "/etc/fonts/conf.avail/53-monospace-lcd-filter.conf", line 10: Having multiple values in <test> isn't supported and may not work as expected
Fontconfig warning: "/etc/fonts/conf.avail/53-monospace-lcd-filter.conf", line 10: Having multiple values in <test> isn't supported and may not work as expected
console.error: (new TypeError("this._searchProviderInfo is null", "resource:///modules/SearchSERPTelemetry.sys.mjs", 685))
Fontconfig warning: "/etc/fonts/conf.avail/53-monospace-lcd-filter.conf", line 10: Having multiple values in <test> isn't supported and may not work as expected
console.error: "update.locale" " file doesn't exist in either the application or GRE directories"
1700499825021	addons.xpi	ERROR	System addon update list error SyntaxError: XMLHttpRequest.open: 'http://%(server)s/dummy-system-addons.xml' is not a valid URL.
1700499827090	geckodriver	INFO	Listening on 127.0.0.1:44163
1700499827992	mozrunner::runner	INFO	Running command: "/snap/firefox/current/firefox.launcher" "--marionette" "-no-remote" "-profile" "/tmp/rust_mozprofileMOrrvQ"
Gtk-Message: 12:03:48.015: Not loading module "atk-bridge": The functionality is provided by GTK natively. Please try to not load it.

(firefox:966): Gtk-WARNING **: 12:03:48.053: GTK+ module /snap/firefox/3358/gnome-platform/usr/lib/gtk-2.0/modules/libcanberra-gtk-module.so cannot be loaded.
GTK+ 2.x symbols detected. Using GTK+ 2.x and GTK+ 3 in the same process is not supported.
Gtk-Message: 12:03:48.053: Failed to load module "canberra-gtk-module"

(firefox:966): Gtk-WARNING **: 12:03:48.053: GTK+ module /snap/firefox/3358/gnome-platform/usr/lib/gtk-2.0/modules/libcanberra-gtk-module.so cannot be loaded.
GTK+ 2.x symbols detected. Using GTK+ 2.x and GTK+ 3 in the same process is not supported.
Gtk-Message: 12:03:48.054: Failed to load module "canberra-gtk-module"
console.warn: services.settings: Ignoring preference override of remote settings server
console.warn: services.settings: Allow by setting MOZ_REMOTE_SETTINGS_DEVTOOLS=1 in the environment
Fontconfig warning: "/etc/fonts/conf.avail/53-monospace-lcd-filter.conf", line 10: Having multiple values in <test> isn't supported and may not work as expected
ATTENTION: default value of option mesa_glthread overridden by environment.
1700499828585	Marionette	INFO	Marionette enabled
ATTENTION: default value of option mesa_glthread overridden by environment.
1700499828686	Marionette	INFO	Listening on port 33085
Read port: 33085
1700499828924	RemoteAgent	WARN	TLS certificate errors will be ignored for this session
Fontconfig warning: "/etc/fonts/conf.avail/53-monospace-lcd-filter.conf", line 10: Having multiple values in <test> isn't supported and may not work as expected
Fontconfig warning: "/etc/fonts/conf.avail/53-monospace-lcd-filter.conf", line 10: Having multiple values in <test> isn't supported and may not work as expected
console.error: ({})
Fontconfig warning: "/etc/fonts/conf.avail/53-monospace-lcd-filter.conf", line 10: Having multiple values in <test> isn't supported and may not work as expected
Fontconfig warning: "/etc/fonts/conf.avail/53-monospace-lcd-filter.conf", line 10: Having multiple values in <test> isn't supported and may not work as expected
Fontconfig warning: "/etc/fonts/conf.avail/53-monospace-lcd-filter.conf", line 10: Having multiple values in <test> isn't supported and may not work as expected
Fontconfig warning: "/etc/fonts/conf.avail/53-monospace-lcd-filter.conf", line 10: Having multiple values in <test> isn't supported and may not work as expected
1700499833276	Marionette	INFO	Stopped listening on port 33085
1700499872120	Marionette	INFO	Stopped listening on port 32945
1700499937204	geckodriver	INFO	Listening on 127.0.0.1:51939
1700499938086	mozrunner::runner	INFO	Running command: "/snap/firefox/current/firefox.launcher" "--marionette" "-no-remote" "-profile" "/tmp/rust_mozprofile322pfU"
Gtk-Message: 12:05:38.107: Not loading module "atk-bridge": The functionality is provided by GTK natively. Please try to not load it.

(firefox:1842): Gtk-WARNING **: 12:05:38.151: GTK+ module /snap/firefox/3358/gnome-platform/usr/lib/gtk-2.0/modules/libcanberra-gtk-module.so cannot be loaded.
GTK+ 2.x symbols detected. Using GTK+ 2.x and GTK+ 3 in the same process is not supported.
Gtk-Message: 12:05:38.151: Failed to load module "canberra-gtk-module"

(firefox:1842): Gtk-WARNING **: 12:05:38.152: GTK+ module /snap/firefox/3358/gnome-platform/usr/lib/gtk-2.0/modules/libcanberra-gtk-module.so cannot be loaded.
GTK+ 2.x symbols detected. Using GTK+ 2.x and GTK+ 3 in the same process is not supported.
Gtk-Message: 12:05:38.152: Failed to load module "canberra-gtk-module"
console.warn: services.settings: Ignoring preference override of remote settings server
console.warn: services.settings: Allow by setting MOZ_REMOTE_SETTINGS_DEVTOOLS=1 in the environment
Fontconfig warning: "/etc/fonts/conf.avail/53-monospace-lcd-filter.conf", line 10: Having multiple values in <test> isn't supported and may not work as expected
ATTENTION: default value of option mesa_glthread overridden by environment.
1700499938672	Marionette	INFO	Marionette enabled
ATTENTION: default value of option mesa_glthread overridden by environment.
1700499938766	Marionette	INFO	Listening on port 36879
Read port: 36879
1700499939164	RemoteAgent	WARN	TLS certificate errors will be ignored for this session
Fontconfig warning: "/etc/fonts/conf.avail/53-monospace-lcd-filter.conf", line 10: Having multiple values in <test> isn't supported and may not work as expected
Fontconfig warning: "/etc/fonts/conf.avail/53-monospace-lcd-filter.conf", line 10: Having multiple values in <test> isn't supported and may not work as expected
console.error: ({})
Fontconfig warning: "/etc/fonts/conf.avail/53-monospace-lcd-filter.conf", line 10: Having multiple values in <test> isn't supported and may not work as expected
Fontconfig warning: "/etc/fonts/conf.avail/53-monospace-lcd-filter.conf", line 10: Having multiple values in <test> isn't supported and may not work as expected
Fontconfig warning: "/etc/fonts/conf.avail/53-monospace-lcd-filter.conf", line 10: Having multiple values in <test> isn't supported and may not work as expected
console.error: (new TypeError("this._searchProviderInfo is null", "resource:///modules/SearchSERPTelemetry.sys.mjs", 685))
Fontconfig warning: "/etc/fonts/conf.avail/53-monospace-lcd-filter.conf", line 10: Having multiple values in <test> isn't supported and may not work as expected
1700499943214	Marionette	INFO	Stopped listening on port 36879
1700586225292	addons.xpi	ERROR	System addon update list error SyntaxError: XMLHttpRequest.open: 'http://%(server)s/dummy-system-addons.xml' is not a valid URL.
1700588848772	geckodriver	INFO	Listening on 127.0.0.1:35371
1700588849620	mozrunner::runner	INFO	Running command: "/snap/firefox/current/firefox.launcher" "--marionette" "-no-remote" "-profile" "/tmp/rust_mozprofileiRg0z5"
Gtk-Message: 12:47:29.655: Not loading module "atk-bridge": The functionality is provided by GTK natively. Please try to not load it.

(firefox:23611): Gtk-WARNING **: 12:47:29.813: GTK+ module /snap/firefox/3358/gnome-platform/usr/lib/gtk-2.0/modules/libcanberra-gtk-module.so cannot be loaded.
GTK+ 2.x symbols detected. Using GTK+ 2.x and GTK+ 3 in the same process is not supported.
Gtk-Message: 12:47:29.813: Failed to load module "canberra-gtk-module"

(firefox:23611): Gtk-WARNING **: 12:47:29.817: GTK+ module /snap/firefox/3358/gnome-platform/usr/lib/gtk-2.0/modules/libcanberra-gtk-module.so cannot be loaded.
GTK+ 2.x symbols detected. Using GTK+ 2.x and GTK+ 3 in the same process is not supported.
Gtk-Message: 12:47:29.817: Failed to load module "canberra-gtk-module"
console.warn: services.settings: Ignoring preference override of remote settings server
console.warn: services.settings: Allow by setting MOZ_REMOTE_SETTINGS_DEVTOOLS=1 in the environment
Fontconfig warning: "/etc/fonts/conf.avail/53-monospace-lcd-filter.conf", line 10: Having multiple values in <test> isn't supported and may not work as expected
ATTENTION: default value of option mesa_glthread overridden by environment.
1700588850697	Marionette	INFO	Marionette enabled
ATTENTION: default value of option mesa_glthread overridden by environment.
1700588850761	Marionette	INFO	Listening on port 39361
Read port: 39361
1700588851175	RemoteAgent	WARN	TLS certificate errors will be ignored for this session
Fontconfig warning: "/etc/fonts/conf.avail/53-monospace-lcd-filter.conf", line 10: Having multiple values in <test> isn't supported and may not work as expected
Fontconfig warning: "/etc/fonts/conf.avail/53-monospace-lcd-filter.conf", line 10: Having multiple values in <test> isn't supported and may not work as expected
console.error: ({})
Fontconfig warning: "/etc/fonts/conf.avail/53-monospace-lcd-filter.conf", line 10: Having multiple values in <test> isn't supported and may not work as expected
Fontconfig warning: "/etc/fonts/conf.avail/53-monospace-lcd-filter.conf", line 10: Having multiple values in <test> isn't supported and may not work as expected
Fontconfig warning: "/etc/fonts/conf.avail/53-monospace-lcd-filter.conf", line 10: Having multiple values in <test> isn't supported and may not work as expected
console.error: (new TypeError("this._searchProviderInfo is null", "resource:///modules/SearchSERPTelemetry.sys.mjs", 685))
1700588854546	Marionette	INFO	Stopped listening on port 39361
JavaScript error: chrome://remote/content/marionette/cert.sys.mjs, line 51: NS_ERROR_NOT_AVAILABLE: Component returned failure code: 0x80040111 (NS_ERROR_NOT_AVAILABLE) [nsICertOverrideService.setDisableAllSecurityChecksAndLetAttackersInterceptMyData]
console.error: (new Error("Data is not ready.", "resource://gre/modules/JSONFile.sys.mjs", 178))
console.log: "RemoteSettingsWorker error: Error: Can't import when we've started shutting down."
console.error: (new RemoteSettingsWorkerError("Error: Can't import when we've started shutting down.", "resource://services-settings/RemoteSettingsWorker.sys.mjs", 34))
console.log: "RemoteSettingsWorker error: Error: Can't import when we've started shutting down."
console.error: (new RemoteSettingsWorkerError("Error: Can't import when we've started shutting down.", "resource://services-settings/RemoteSettingsWorker.sys.mjs", 34))
console.log: "RemoteSettingsWorker error: Error: Can't import when we've started shutting down."
console.log: "RemoteSettingsWorker error: Error: Can't import when we've started shutting down."
console.log: "RemoteSettingsWorker error: Error: Can't import when we've started shutting down."
console.error: (new RemoteSettingsWorkerError("Error: Can't import when we've started shutting down.", "resource://services-settings/RemoteSettingsWorker.sys.mjs", 34))
console.error: (new RemoteSettingsWorkerError("Error: Can't import when we've started shutting down.", "resource://services-settings/RemoteSettingsWorker.sys.mjs", 34))
console.error: (new RemoteSettingsWorkerError("Error: Can't import when we've started shutting down.", "resource://services-settings/RemoteSettingsWorker.sys.mjs", 34))
1700588857825	geckodriver	INFO	Listening on 127.0.0.1:54003
1700588858782	mozrunner::runner	INFO	Running command: "/snap/firefox/current/firefox.launcher" "--marionette" "-no-remote" "-profile" "/tmp/rust_mozprofileGwwnWx"
Gtk-Message: 12:47:38.804: Not loading module "atk-bridge": The functionality is provided by GTK natively. Please try to not load it.

(firefox:24214): Gtk-WARNING **: 12:47:38.838: GTK+ module /snap/firefox/3358/gnome-platform/usr/lib/gtk-2.0/modules/libcanberra-gtk-module.so cannot be loaded.
GTK+ 2.x symbols detected. Using GTK+ 2.x and GTK+ 3 in the same process is not supported.
Gtk-Message: 12:47:38.838: Failed to load module "canberra-gtk-module"

(firefox:24214): Gtk-WARNING **: 12:47:38.839: GTK+ module /snap/firefox/3358/gnome-platform/usr/lib/gtk-2.0/modules/libcanberra-gtk-module.so cannot be loaded.
GTK+ 2.x symbols detected. Using GTK+ 2.x and GTK+ 3 in the same process is not supported.
Gtk-Message: 12:47:38.839: Failed to load module "canberra-gtk-module"
console.warn: services.settings: Ignoring preference override of remote settings server
console.warn: services.settings: Allow by setting MOZ_REMOTE_SETTINGS_DEVTOOLS=1 in the environment
Fontconfig warning: "/etc/fonts/conf.avail/53-monospace-lcd-filter.conf", line 10: Having multiple values in <test> isn't supported and may not work as expected
ATTENTION: default value of option mesa_glthread overridden by environment.
1700588859384	Marionette	INFO	Marionette enabled
ATTENTION: default value of option mesa_glthread overridden by environment.
1700588859482	Marionette	INFO	Listening on port 39229
Read port: 39229
1700588859669	RemoteAgent	WARN	TLS certificate errors will be ignored for this session
Fontconfig warning: "/etc/fonts/conf.avail/53-monospace-lcd-filter.conf", line 10: Having multiple values in <test> isn't supported and may not work as expected
Fontconfig warning: "/etc/fonts/conf.avail/53-monospace-lcd-filter.conf", line 10: Having multiple values in <test> isn't supported and may not work as expected
console.error: ({})
Fontconfig warning: "/etc/fonts/conf.avail/53-monospace-lcd-filter.conf", line 10: Having multiple values in <test> isn't supported and may not work as expected
Fontconfig warning: "/etc/fonts/conf.avail/53-monospace-lcd-filter.conf", line 10: Having multiple values in <test> isn't supported and may not work as expected
Fontconfig warning: "/etc/fonts/conf.avail/53-monospace-lcd-filter.conf", line 10: Having multiple values in <test> isn't supported and may not work as expected
console.error: (new TypeError("this._searchProviderInfo is null", "resource:///modules/SearchSERPTelemetry.sys.mjs", 685))
Fontconfig warning: "/etc/fonts/conf.avail/53-monospace-lcd-filter.conf", line 10: Having multiple values in <test> isn't supported and may not work as expected
1700588864474	Marionette	INFO	Stopped listening on port 39229
1700589133234	geckodriver	INFO	Listening on 127.0.0.1:33623
1700589134190	mozrunner::runner	INFO	Running command: "/snap/firefox/current/firefox.launcher" "--marionette" "-no-remote" "-profile" "/tmp/rust_mozprofilewXq9kO"
Gtk-Message: 12:52:14.212: Not loading module "atk-bridge": The functionality is provided by GTK natively. Please try to not load it.

(firefox:25406): Gtk-WARNING **: 12:52:14.251: GTK+ module /snap/firefox/3358/gnome-platform/usr/lib/gtk-2.0/modules/libcanberra-gtk-module.so cannot be loaded.
GTK+ 2.x symbols detected. Using GTK+ 2.x and GTK+ 3 in the same process is not supported.
Gtk-Message: 12:52:14.251: Failed to load module "canberra-gtk-module"

(firefox:25406): Gtk-WARNING **: 12:52:14.252: GTK+ module /snap/firefox/3358/gnome-platform/usr/lib/gtk-2.0/modules/libcanberra-gtk-module.so cannot be loaded.
GTK+ 2.x symbols detected. Using GTK+ 2.x and GTK+ 3 in the same process is not supported.
Gtk-Message: 12:52:14.252: Failed to load module "canberra-gtk-module"
console.warn: services.settings: Ignoring preference override of remote settings server
console.warn: services.settings: Allow by setting MOZ_REMOTE_SETTINGS_DEVTOOLS=1 in the environment
Fontconfig warning: "/etc/fonts/conf.avail/53-monospace-lcd-filter.conf", line 10: Having multiple values in <test> isn't supported and may not work as expected
ATTENTION: default value of option mesa_glthread overridden by environment.
1700589134723	Marionette	INFO	Marionette enabled
ATTENTION: default value of option mesa_glthread overridden by environment.
1700589134797	Marionette	INFO	Listening on port 40457
Read port: 40457
1700589135035	RemoteAgent	WARN	TLS certificate errors will be ignored for this session
Fontconfig warning: "/etc/fonts/conf.avail/53-monospace-lcd-filter.conf", line 10: Having multiple values in <test> isn't supported and may not work as expected
Fontconfig warning: "/etc/fonts/conf.avail/53-monospace-lcd-filter.conf", line 10: Having multiple values in <test> isn't supported and may not work as expected
console.error: ({})
Fontconfig warning: "/etc/fonts/conf.avail/53-monospace-lcd-filter.conf", line 10: Having multiple values in <test> isn't supported and may not work as expected
Fontconfig warning: "/etc/fonts/conf.avail/53-monospace-lcd-filter.conf", line 10: Having multiple values in <test> isn't supported and may not work as expected
Fontconfig warning: "/etc/fonts/conf.avail/53-monospace-lcd-filter.conf", line 10: Having multiple values in <test> isn't supported and may not work as expected
console.error: (new TypeError("this._searchProviderInfo is null", "resource:///modules/SearchSERPTelemetry.sys.mjs", 685))
console.error: (new TypeError("linkMap is undefined", "resource://gre/modules/NewTabUtils.sys.mjs", 2001))
Fontconfig warning: "/etc/fonts/conf.avail/53-monospace-lcd-filter.conf", line 10: Having multiple values in <test> isn't supported and may not work as expected
1700589139657	Marionette	INFO	Stopped listening on port 40457
1700591684544	geckodriver	INFO	Listening on 127.0.0.1:42975
1700591685538	mozrunner::runner	INFO	Running command: "/snap/firefox/current/firefox.launcher" "--marionette" "--headless" "-no-remote" "-profile" "/tmp/rust_mozprofileyIw775"
*** You are running in headless mode.
Gtk-Message: 13:34:45.556: Not loading module "atk-bridge": The functionality is provided by GTK natively. Please try to not load it.
console.warn: services.settings: Ignoring preference override of remote settings server
console.warn: services.settings: Allow by setting MOZ_REMOTE_SETTINGS_DEVTOOLS=1 in the environment
Fontconfig warning: "/etc/fonts/conf.avail/53-monospace-lcd-filter.conf", line 10: Having multiple values in <test> isn't supported and may not work as expected
1700591685842	Marionette	INFO	Marionette enabled
1700591685899	Marionette	INFO	Listening on port 41393
Read port: 41393
1700591686432	RemoteAgent	WARN	TLS certificate errors will be ignored for this session
Fontconfig warning: "/etc/fonts/conf.avail/53-monospace-lcd-filter.conf", line 10: Having multiple values in <test> isn't supported and may not work as expected
Fontconfig warning: "/etc/fonts/conf.avail/53-monospace-lcd-filter.conf", line 10: Having multiple values in <test> isn't supported and may not work as expected
[GFX1-]: RenderCompositorSWGL failed mapping default framebuffer, no dt
console.error: ({})
Fontconfig warning: "/etc/fonts/conf.avail/53-monospace-lcd-filter.conf", line 10: Having multiple values in <test> isn't supported and may not work as expected
Fontconfig warning: "/etc/fonts/conf.avail/53-monospace-lcd-filter.conf", line 10: Having multiple values in <test> isn't supported and may not work as expected
Fontconfig warning: "/etc/fonts/conf.avail/53-monospace-lcd-filter.conf", line 10: Having multiple values in <test> isn't supported and may not work as expected
console.error: (new TypeError("this._searchProviderInfo is null", "resource:///modules/SearchSERPTelemetry.sys.mjs", 685))
Fontconfig warning: "/etc/fonts/conf.avail/53-monospace-lcd-filter.conf", line 10: Having multiple values in <test> isn't supported and may not work as expected
1700591690200	Marionette	INFO	Stopped listening on port 41393
1700591854827	geckodriver	INFO	Listening on 127.0.0.1:54685
1700591855750	mozrunner::runner	INFO	Running command: "/snap/firefox/current/firefox.launcher" "--marionette" "--headless" "-no-remote" "-profile" "/tmp/rust_mozprofileYpqspH"
*** You are running in headless mode.
Gtk-Message: 13:37:35.773: Not loading module "atk-bridge": The functionality is provided by GTK natively. Please try to not load it.
console.warn: services.settings: Ignoring preference override of remote settings server
console.warn: services.settings: Allow by setting MOZ_REMOTE_SETTINGS_DEVTOOLS=1 in the environment
Fontconfig warning: "/etc/fonts/conf.avail/53-monospace-lcd-filter.conf", line 10: Having multiple values in <test> isn't supported and may not work as expected
1700591856108	Marionette	INFO	Marionette enabled
1700591856177	Marionette	INFO	Listening on port 38849
Read port: 38849
1700591856594	RemoteAgent	WARN	TLS certificate errors will be ignored for this session
Fontconfig warning: "/etc/fonts/conf.avail/53-monospace-lcd-filter.conf", line 10: Having multiple values in <test> isn't supported and may not work as expected
Fontconfig warning: "/etc/fonts/conf.avail/53-monospace-lcd-filter.conf", line 10: Having multiple values in <test> isn't supported and may not work as expected
[GFX1-]: RenderCompositorSWGL failed mapping default framebuffer, no dt
console.error: ({})
Fontconfig warning: "/etc/fonts/conf.avail/53-monospace-lcd-filter.conf", line 10: Having multiple values in <test> isn't supported and may not work as expected
Fontconfig warning: "/etc/fonts/conf.avail/53-monospace-lcd-filter.conf", line 10: Having multiple values in <test> isn't supported and may not work as expected
Fontconfig warning: "/etc/fonts/conf.avail/53-monospace-lcd-filter.conf", line 10: Having multiple values in <test> isn't supported and may not work as expected
console.error: (new TypeError("this._searchProviderInfo is null", "resource:///modules/SearchSERPTelemetry.sys.mjs", 685))
console.error: (new TypeError("linkMap is undefined", "resource://gre/modules/NewTabUtils.sys.mjs", 2001))
Fontconfig warning: "/etc/fonts/conf.avail/53-monospace-lcd-filter.conf", line 10: Having multiple values in <test> isn't supported and may not work as expected
JavaScript warning: , line 0: WebGL warning: texSubImage: Texture has not been initialized prior to a partial upload, forcing the browser to clear it. This may be slow.
JavaScript warning: , line 0: WebGL warning: texSubImage: Tex image TEXTURE_2D level 0 is incurring lazy initialization.
1700591862211	Marionette	INFO	Stopped listening on port 38849
JavaScript warning: https://www.windy.com/v/40.1.0.ind.e26e/plugins/station.js, line 1: Script terminated by timeout at:
Ot/<@https://www.windy.com/v/40.1.0.ind.e26e/plugins/station.js:1:25030
ht/<@https://www.windy.com/v/40.1.0.ind.e26e/plugins/station.js:1:7336
ht@https://www.windy.com/v/40.1.0.ind.e26e/plugins/station.js:1:7158
Ot/<@https://www.windy.com/v/40.1.0.ind.e26e/plugins/station.js:1:24998
Ot@https://www.windy.com/v/40.1.0.ind.e26e/plugins/station.js:1:25676
r@https://www.windy.com/v/40.1.0.ind.e26e/plugins/station.js:1:31693
Jt@https://www.windy.com/v/40.1.0.ind.e26e/plugins/station.js:1:32195
Qt/<@https://www.windy.com/v/40.1.0.ind.e26e/plugins/station.js:1:34158

JavaScript warning: , line 0: WebGL warning: texSubImage: Texture has not been initialized prior to a partial upload, forcing the browser to clear it. This may be slow.
JavaScript warning: , line 0: WebGL warning: texSubImage: Tex image TEXTURE_2D level 0 is incurring lazy initialization.
1700591958657	geckodriver	INFO	Listening on 127.0.0.1:59055
1700591959550	mozrunner::runner	INFO	Running command: "/snap/firefox/current/firefox.launcher" "--marionette" "--headless" "-no-remote" "-profile" "/tmp/rust_mozprofileX6dASQ"
*** You are running in headless mode.
Gtk-Message: 13:39:19.575: Not loading module "atk-bridge": The functionality is provided by GTK natively. Please try to not load it.
console.warn: services.settings: Ignoring preference override of remote settings server
console.warn: services.settings: Allow by setting MOZ_REMOTE_SETTINGS_DEVTOOLS=1 in the environment
Fontconfig warning: "/etc/fonts/conf.avail/53-monospace-lcd-filter.conf", line 10: Having multiple values in <test> isn't supported and may not work as expected
1700591959929	Marionette	INFO	Marionette enabled
1700591960003	Marionette	INFO	Listening on port 42771
Read port: 42771
1700591960423	RemoteAgent	WARN	TLS certificate errors will be ignored for this session
Fontconfig warning: "/etc/fonts/conf.avail/53-monospace-lcd-filter.conf", line 10: Having multiple values in <test> isn't supported and may not work as expected
Fontconfig warning: "/etc/fonts/conf.avail/53-monospace-lcd-filter.conf", line 10: Having multiple values in <test> isn't supported and may not work as expected
[GFX1-]: RenderCompositorSWGL failed mapping default framebuffer, no dt
console.error: ({})
Fontconfig warning: "/etc/fonts/conf.avail/53-monospace-lcd-filter.conf", line 10: Having multiple values in <test> isn't supported and may not work as expected
Fontconfig warning: "/etc/fonts/conf.avail/53-monospace-lcd-filter.conf", line 10: Having multiple values in <test> isn't supported and may not work as expected
Fontconfig warning: "/etc/fonts/conf.avail/53-monospace-lcd-filter.conf", line 10: Having multiple values in <test> isn't supported and may not work as expected
console.error: (new TypeError("this._searchProviderInfo is null", "resource:///modules/SearchSERPTelemetry.sys.mjs", 685))
Fontconfig warning: "/etc/fonts/conf.avail/53-monospace-lcd-filter.conf", line 10: Having multiple values in <test> isn't supported and may not work as expected
JavaScript warning: , line 0: WebGL warning: texSubImage: Texture has not been initialized prior to a partial upload, forcing the browser to clear it. This may be slow.
JavaScript warning: , line 0: WebGL warning: texSubImage: Tex image TEXTURE_2D level 0 is incurring lazy initialization.
1700591966015	Marionette	INFO	Stopped listening on port 42771
JavaScript warning: https://www.windy.com/v/40.1.0.ind.e26e/plugins/station.js, line 1: Script terminated by timeout at:
_t@https://www.windy.com/v/40.1.0.ind.e26e/plugins/station.js:1:18869
St@https://www.windy.com/v/40.1.0.ind.e26e/plugins/station.js:1:19175
Ot/<@https://www.windy.com/v/40.1.0.ind.e26e/plugins/station.js:1:25159
ht/<@https://www.windy.com/v/40.1.0.ind.e26e/plugins/station.js:1:7336
ht@https://www.windy.com/v/40.1.0.ind.e26e/plugins/station.js:1:7158
Ot/<@https://www.windy.com/v/40.1.0.ind.e26e/plugins/station.js:1:24998
Ot@https://www.windy.com/v/40.1.0.ind.e26e/plugins/station.js:1:25676
r@https://www.windy.com/v/40.1.0.ind.e26e/plugins/station.js:1:31693
Jt@https://www.windy.com/v/40.1.0.ind.e26e/plugins/station.js:1:32195
Qt/<@https://www.windy.com/v/40.1.0.ind.e26e/plugins/station.js:1:34158

JavaScript warning: , line 0: WebGL warning: texSubImage: Texture has not been initialized prior to a partial upload, forcing the browser to clear it. This may be slow.
JavaScript warning: , line 0: WebGL warning: texSubImage: Tex image TEXTURE_2D level 0 is incurring lazy initialization.
1700592346888	geckodriver	INFO	Listening on 127.0.0.1:45641
1700592347874	mozrunner::runner	INFO	Running command: "/snap/firefox/current/firefox.launcher" "--marionette" "--headless" "-no-remote" "-profile" "/tmp/rust_mozprofileEcaOim"
*** You are running in headless mode.
Gtk-Message: 13:45:47.927: Not loading module "atk-bridge": The functionality is provided by GTK natively. Please try to not load it.
console.warn: services.settings: Ignoring preference override of remote settings server
console.warn: services.settings: Allow by setting MOZ_REMOTE_SETTINGS_DEVTOOLS=1 in the environment
Fontconfig warning: "/etc/fonts/conf.avail/53-monospace-lcd-filter.conf", line 10: Having multiple values in <test> isn't supported and may not work as expected
1700592348285	Marionette	INFO	Marionette enabled
1700592348363	Marionette	INFO	Listening on port 33533
Read port: 33533
1700592348662	RemoteAgent	WARN	TLS certificate errors will be ignored for this session
Fontconfig warning: "/etc/fonts/conf.avail/53-monospace-lcd-filter.conf", line 10: Having multiple values in <test> isn't supported and may not work as expected
Fontconfig warning: "/etc/fonts/conf.avail/53-monospace-lcd-filter.conf", line 10: Having multiple values in <test> isn't supported and may not work as expected
[GFX1-]: RenderCompositorSWGL failed mapping default framebuffer, no dt
console.error: ({})
Fontconfig warning: "/etc/fonts/conf.avail/53-monospace-lcd-filter.conf", line 10: Having multiple values in <test> isn't supported and may not work as expected
Fontconfig warning: "/etc/fonts/conf.avail/53-monospace-lcd-filter.conf", line 10: Having multiple values in <test> isn't supported and may not work as expected
Fontconfig warning: "/etc/fonts/conf.avail/53-monospace-lcd-filter.conf", line 10: Having multiple values in <test> isn't supported and may not work as expected
console.error: (new TypeError("this._searchProviderInfo is null", "resource:///modules/SearchSERPTelemetry.sys.mjs", 685))
console.error: (new TypeError("linkMap is undefined", "resource://gre/modules/NewTabUtils.sys.mjs", 2001))
Fontconfig warning: "/etc/fonts/conf.avail/53-monospace-lcd-filter.conf", line 10: Having multiple values in <test> isn't supported and may not work as expected
JavaScript warning: , line 0: WebGL warning: texSubImage: Texture has not been initialized prior to a partial upload, forcing the browser to clear it. This may be slow.
JavaScript warning: , line 0: WebGL warning: texSubImage: Tex image TEXTURE_2D level 0 is incurring lazy initialization.
1700592353367	Marionette	INFO	Stopped listening on port 33533
JavaScript warning: https://www.windy.com/v/40.1.0.ind.e26e/plugins/station.js, line 1: Script terminated by timeout at:
Ot/<@https://www.windy.com/v/40.1.0.ind.e26e/plugins/station.js:1:25030
ht/<@https://www.windy.com/v/40.1.0.ind.e26e/plugins/station.js:1:7336
ht@https://www.windy.com/v/40.1.0.ind.e26e/plugins/station.js:1:7158
Ot/<@https://www.windy.com/v/40.1.0.ind.e26e/plugins/station.js:1:24998
Ot@https://www.windy.com/v/40.1.0.ind.e26e/plugins/station.js:1:25676
r@https://www.windy.com/v/40.1.0.ind.e26e/plugins/station.js:1:31693
Jt@https://www.windy.com/v/40.1.0.ind.e26e/plugins/station.js:1:32195
Qt/<@https://www.windy.com/v/40.1.0.ind.e26e/plugins/station.js:1:34158

JavaScript warning: , line 0: WebGL warning: texSubImage: Texture has not been initialized prior to a partial upload, forcing the browser to clear it. This may be slow.
JavaScript warning: , line 0: WebGL warning: texSubImage: Tex image TEXTURE_2D level 0 is incurring lazy initialization.
1700592383430	geckodriver	INFO	Listening on 127.0.0.1:49783
1700592384314	mozrunner::runner	INFO	Running command: "/snap/firefox/current/firefox.launcher" "--marionette" "--headless" "-no-remote" "-profile" "/tmp/rust_mozprofile3rmf5t"
*** You are running in headless mode.
Gtk-Message: 13:46:24.340: Not loading module "atk-bridge": The functionality is provided by GTK natively. Please try to not load it.
console.warn: services.settings: Ignoring preference override of remote settings server
console.warn: services.settings: Allow by setting MOZ_REMOTE_SETTINGS_DEVTOOLS=1 in the environment
Fontconfig warning: "/etc/fonts/conf.avail/53-monospace-lcd-filter.conf", line 10: Having multiple values in <test> isn't supported and may not work as expected
1700592384699	Marionette	INFO	Marionette enabled
1700592384774	Marionette	INFO	Listening on port 37765
Read port: 37765
1700592385173	RemoteAgent	WARN	TLS certificate errors will be ignored for this session
Fontconfig warning: "/etc/fonts/conf.avail/53-monospace-lcd-filter.conf", line 10: Having multiple values in <test> isn't supported and may not work as expected
Fontconfig warning: "/etc/fonts/conf.avail/53-monospace-lcd-filter.conf", line 10: Having multiple values in <test> isn't supported and may not work as expected
[GFX1-]: RenderCompositorSWGL failed mapping default framebuffer, no dt
console.error: ({})
Fontconfig warning: "/etc/fonts/conf.avail/53-monospace-lcd-filter.conf", line 10: Having multiple values in <test> isn't supported and may not work as expected
Fontconfig warning: "/etc/fonts/conf.avail/53-monospace-lcd-filter.conf", line 10: Having multiple values in <test> isn't supported and may not work as expected
Fontconfig warning: "/etc/fonts/conf.avail/53-monospace-lcd-filter.conf", line 10: Having multiple values in <test> isn't supported and may not work as expected
console.error: (new TypeError("this._searchProviderInfo is null", "resource:///modules/SearchSERPTelemetry.sys.mjs", 685))
Fontconfig warning: "/etc/fonts/conf.avail/53-monospace-lcd-filter.conf", line 10: Having multiple values in <test> isn't supported and may not work as expected
JavaScript warning: , line 0: WebGL warning: texSubImage: Texture has not been initialized prior to a partial upload, forcing the browser to clear it. This may be slow.
JavaScript warning: , line 0: WebGL warning: texSubImage: Tex image TEXTURE_2D level 0 is incurring lazy initialization.
1700592389363	Marionette	INFO	Stopped listening on port 37765
JavaScript warning: https://www.windy.com/v/40.1.0.ind.e26e/plugins/gl-particles.js, line 1: Script terminated by timeout at:
D@https://www.windy.com/v/40.1.0.ind.e26e/plugins/gl-particles.js:1:2025

JavaScript warning: , line 0: WebGL warning: texSubImage: Texture has not been initialized prior to a partial upload, forcing the browser to clear it. This may be slow.
JavaScript warning: , line 0: WebGL warning: texSubImage: Tex image TEXTURE_2D level 0 is incurring lazy initialization.
1700592461643	geckodriver	INFO	Listening on 127.0.0.1:44123
1700592462543	mozrunner::runner	INFO	Running command: "/snap/firefox/current/firefox.launcher" "--marionette" "--headless" "-no-remote" "-profile" "/tmp/rust_mozprofiles6B0G0"
*** You are running in headless mode.
Gtk-Message: 13:47:42.565: Not loading module "atk-bridge": The functionality is provided by GTK natively. Please try to not load it.
console.warn: services.settings: Ignoring preference override of remote settings server
console.warn: services.settings: Allow by setting MOZ_REMOTE_SETTINGS_DEVTOOLS=1 in the environment
Fontconfig warning: "/etc/fonts/conf.avail/53-monospace-lcd-filter.conf", line 10: Having multiple values in <test> isn't supported and may not work as expected
1700592462930	Marionette	INFO	Marionette enabled
1700592462999	Marionette	INFO	Listening on port 44471
Read port: 44471
1700592463516	RemoteAgent	WARN	TLS certificate errors will be ignored for this session
Fontconfig warning: "/etc/fonts/conf.avail/53-monospace-lcd-filter.conf", line 10: Having multiple values in <test> isn't supported and may not work as expected
Fontconfig warning: "/etc/fonts/conf.avail/53-monospace-lcd-filter.conf", line 10: Having multiple values in <test> isn't supported and may not work as expected
[GFX1-]: RenderCompositorSWGL failed mapping default framebuffer, no dt
console.error: ({})
Fontconfig warning: "/etc/fonts/conf.avail/53-monospace-lcd-filter.conf", line 10: Having multiple values in <test> isn't supported and may not work as expected
Fontconfig warning: "/etc/fonts/conf.avail/53-monospace-lcd-filter.conf", line 10: Having multiple values in <test> isn't supported and may not work as expected
Fontconfig warning: "/etc/fonts/conf.avail/53-monospace-lcd-filter.conf", line 10: Having multiple values in <test> isn't supported and may not work as expected
console.error: (new TypeError("this._searchProviderInfo is null", "resource:///modules/SearchSERPTelemetry.sys.mjs", 685))
Fontconfig warning: "/etc/fonts/conf.avail/53-monospace-lcd-filter.conf", line 10: Having multiple values in <test> isn't supported and may not work as expected
JavaScript warning: , line 0: WebGL warning: texSubImage: Texture has not been initialized prior to a partial upload, forcing the browser to clear it. This may be slow.
JavaScript warning: , line 0: WebGL warning: texSubImage: Tex image TEXTURE_2D level 0 is incurring lazy initialization.
JavaScript warning: , line 0: WebGL warning: texSubImage: Texture has not been initialized prior to a partial upload, forcing the browser to clear it. This may be slow.
JavaScript warning: , line 0: WebGL warning: texSubImage: Tex image TEXTURE_2D level 0 is incurring lazy initialization.
console.error: "update.locale" " file doesn't exist in either the application or GRE directories"
1700592494255	addons.xpi	ERROR	System addon update list error SyntaxError: XMLHttpRequest.open: 'http://%(server)s/dummy-system-addons.xml' is not a valid URL.
1700592551912	geckodriver	INFO	Listening on 127.0.0.1:36657
1700592552764	mozrunner::runner	INFO	Running command: "/snap/firefox/current/firefox.launcher" "--marionette" "--headless" "-no-remote" "-profile" "/tmp/rust_mozprofileut1OGn"
*** You are running in headless mode.
Gtk-Message: 13:49:12.807: Not loading module "atk-bridge": The functionality is provided by GTK natively. Please try to not load it.
console.warn: services.settings: Ignoring preference override of remote settings server
console.warn: services.settings: Allow by setting MOZ_REMOTE_SETTINGS_DEVTOOLS=1 in the environment
Fontconfig warning: "/etc/fonts/conf.avail/53-monospace-lcd-filter.conf", line 10: Having multiple values in <test> isn't supported and may not work as expected
1700592553257	Marionette	INFO	Marionette enabled
1700592553358	Marionette	INFO	Listening on port 45219
Read port: 45219
1700592553664	RemoteAgent	WARN	TLS certificate errors will be ignored for this session
Fontconfig warning: "/etc/fonts/conf.avail/53-monospace-lcd-filter.conf", line 10: Having multiple values in <test> isn't supported and may not work as expected
Fontconfig warning: "/etc/fonts/conf.avail/53-monospace-lcd-filter.conf", line 10: Having multiple values in <test> isn't supported and may not work as expected
[GFX1-]: RenderCompositorSWGL failed mapping default framebuffer, no dt
console.error: ({})
Fontconfig warning: "/etc/fonts/conf.avail/53-monospace-lcd-filter.conf", line 10: Having multiple values in <test> isn't supported and may not work as expected
Fontconfig warning: "/etc/fonts/conf.avail/53-monospace-lcd-filter.conf", line 10: Having multiple values in <test> isn't supported and may not work as expected
Fontconfig warning: "/etc/fonts/conf.avail/53-monospace-lcd-filter.conf", line 10: Having multiple values in <test> isn't supported and may not work as expected
console.error: (new TypeError("this._searchProviderInfo is null", "resource:///modules/SearchSERPTelemetry.sys.mjs", 685))
Fontconfig warning: "/etc/fonts/conf.avail/53-monospace-lcd-filter.conf", line 10: Having multiple values in <test> isn't supported and may not work as expected
JavaScript warning: , line 0: WebGL warning: texSubImage: Texture has not been initialized prior to a partial upload, forcing the browser to clear it. This may be slow.
JavaScript warning: , line 0: WebGL warning: texSubImage: Tex image TEXTURE_2D level 0 is incurring lazy initialization.
1700592559262	Marionette	INFO	Stopped listening on port 45219
JavaScript warning: https://www.windy.com/js/leaflet140_patched_tileLayer.v17.js, line 5: Script terminated by timeout at:
fire@https://www.windy.com/js/leaflet140_patched_tileLayer.v17.js:5:4842
_tileReady@https://www.windy.com/js/leaflet140_patched_tileLayer.v17.js:5:110711
b/createTile/<@https://www.windy.com/v/40.1.0.ind.e26e/index.js:1:337528

JavaScript warning: , line 0: WebGL warning: texSubImage: Texture has not been initialized prior to a partial upload, forcing the browser to clear it. This may be slow.
JavaScript warning: , line 0: WebGL warning: texSubImage: Tex image TEXTURE_2D level 0 is incurring lazy initialization.
1700592612944	geckodriver	INFO	Listening on 127.0.0.1:59077
1700592613800	mozrunner::runner	INFO	Running command: "/snap/firefox/current/firefox.launcher" "--marionette" "--headless" "-no-remote" "-profile" "/tmp/rust_mozprofileN3lzja"
*** You are running in headless mode.
Gtk-Message: 13:50:13.835: Not loading module "atk-bridge": The functionality is provided by GTK natively. Please try to not load it.
console.warn: services.settings: Ignoring preference override of remote settings server
console.warn: services.settings: Allow by setting MOZ_REMOTE_SETTINGS_DEVTOOLS=1 in the environment
Fontconfig warning: "/etc/fonts/conf.avail/53-monospace-lcd-filter.conf", line 10: Having multiple values in <test> isn't supported and may not work as expected
1700592614384	Marionette	INFO	Marionette enabled
1700592614495	Marionette	INFO	Listening on port 35191
Read port: 35191
1700592614738	RemoteAgent	WARN	TLS certificate errors will be ignored for this session
Fontconfig warning: "/etc/fonts/conf.avail/53-monospace-lcd-filter.conf", line 10: Having multiple values in <test> isn't supported and may not work as expected
Fontconfig warning: "/etc/fonts/conf.avail/53-monospace-lcd-filter.conf", line 10: Having multiple values in <test> isn't supported and may not work as expected
[GFX1-]: RenderCompositorSWGL failed mapping default framebuffer, no dt
console.error: ({})
Fontconfig warning: "/etc/fonts/conf.avail/53-monospace-lcd-filter.conf", line 10: Having multiple values in <test> isn't supported and may not work as expected
Fontconfig warning: "/etc/fonts/conf.avail/53-monospace-lcd-filter.conf", line 10: Having multiple values in <test> isn't supported and may not work as expected
Fontconfig warning: "/etc/fonts/conf.avail/53-monospace-lcd-filter.conf", line 10: Having multiple values in <test> isn't supported and may not work as expected
console.error: (new TypeError("this._searchProviderInfo is null", "resource:///modules/SearchSERPTelemetry.sys.mjs", 685))
Fontconfig warning: "/etc/fonts/conf.avail/53-monospace-lcd-filter.conf", line 10: Having multiple values in <test> isn't supported and may not work as expected
JavaScript warning: , line 0: WebGL warning: texSubImage: Texture has not been initialized prior to a partial upload, forcing the browser to clear it. This may be slow.
JavaScript warning: , line 0: WebGL warning: texSubImage: Tex image TEXTURE_2D level 0 is incurring lazy initialization.
1700592619927	Marionette	INFO	Stopped listening on port 35191
JavaScript warning: https://www.windy.com/js/leaflet140_patched_tileLayer.v17.js, line 5: Script terminated by timeout at:
j@https://www.windy.com/js/leaflet140_patched_tileLayer.v17.js:5:6761
latLngToContainerPoint@https://www.windy.com/js/leaflet140_patched_tileLayer.v17.js:5:37729
ensurePointVisibleY@https://www.windy.com/v/40.1.0.ind.e26e/index.js:1:230653
Jt@https://www.windy.com/v/40.1.0.ind.e26e/plugins/station.js:1:32268
Qt/<@https://www.windy.com/v/40.1.0.ind.e26e/plugins/station.js:1:34158

JavaScript warning: , line 0: WebGL warning: texSubImage: Texture has not been initialized prior to a partial upload, forcing the browser to clear it. This may be slow.
JavaScript warning: , line 0: WebGL warning: texSubImage: Tex image TEXTURE_2D level 0 is incurring lazy initialization.
1700592709423	geckodriver	INFO	Listening on 127.0.0.1:42881
1700592710368	mozrunner::runner	INFO	Running command: "/snap/firefox/current/firefox.launcher" "--marionette" "--headless" "-no-remote" "-profile" "/tmp/rust_mozprofileZrW8HP"
*** You are running in headless mode.
Gtk-Message: 13:51:50.403: Not loading module "atk-bridge": The functionality is provided by GTK natively. Please try to not load it.
console.warn: services.settings: Ignoring preference override of remote settings server
console.warn: services.settings: Allow by setting MOZ_REMOTE_SETTINGS_DEVTOOLS=1 in the environment
Fontconfig warning: "/etc/fonts/conf.avail/53-monospace-lcd-filter.conf", line 10: Having multiple values in <test> isn't supported and may not work as expected
1700592710807	Marionette	INFO	Marionette enabled
1700592710907	Marionette	INFO	Listening on port 32903
Read port: 32903
1700592711440	RemoteAgent	WARN	TLS certificate errors will be ignored for this session
Fontconfig warning: "/etc/fonts/conf.avail/53-monospace-lcd-filter.conf", line 10: Having multiple values in <test> isn't supported and may not work as expected
Fontconfig warning: "/etc/fonts/conf.avail/53-monospace-lcd-filter.conf", line 10: Having multiple values in <test> isn't supported and may not work as expected
[GFX1-]: RenderCompositorSWGL failed mapping default framebuffer, no dt
console.error: ({})
Fontconfig warning: "/etc/fonts/conf.avail/53-monospace-lcd-filter.conf", line 10: Having multiple values in <test> isn't supported and may not work as expected
Fontconfig warning: "/etc/fonts/conf.avail/53-monospace-lcd-filter.conf", line 10: Having multiple values in <test> isn't supported and may not work as expected
Fontconfig warning: "/etc/fonts/conf.avail/53-monospace-lcd-filter.conf", line 10: Having multiple values in <test> isn't supported and may not work as expected
console.error: (new TypeError("this._searchProviderInfo is null", "resource:///modules/SearchSERPTelemetry.sys.mjs", 685))
console.error: (new TypeError("linkMap is undefined", "resource://gre/modules/NewTabUtils.sys.mjs", 2001))
Fontconfig warning: "/etc/fonts/conf.avail/53-monospace-lcd-filter.conf", line 10: Having multiple values in <test> isn't supported and may not work as expected
JavaScript warning: , line 0: WebGL warning: texSubImage: Texture has not been initialized prior to a partial upload, forcing the browser to clear it. This may be slow.
JavaScript warning: , line 0: WebGL warning: texSubImage: Tex image TEXTURE_2D level 0 is incurring lazy initialization.
1700592716068	Marionette	INFO	Stopped listening on port 32903
JavaScript warning: https://www.windy.com/v/40.1.0.ind.e26e/plugins/gl-particles.js, line 1: Script terminated by timeout at:
D@https://www.windy.com/v/40.1.0.ind.e26e/plugins/gl-particles.js:1:2025

JavaScript warning: , line 0: WebGL warning: texSubImage: Texture has not been initialized prior to a partial upload, forcing the browser to clear it. This may be slow.
JavaScript warning: , line 0: WebGL warning: texSubImage: Tex image TEXTURE_2D level 0 is incurring lazy initialization.
1700592828460	geckodriver	INFO	Listening on 127.0.0.1:34633
1700592829338	mozrunner::runner	INFO	Running command: "/snap/firefox/current/firefox.launcher" "--marionette" "--headless" "-no-remote" "-profile" "/tmp/rust_mozprofilevTNRLh"
*** You are running in headless mode.
Gtk-Message: 13:53:49.381: Not loading module "atk-bridge": The functionality is provided by GTK natively. Please try to not load it.
console.warn: services.settings: Ignoring preference override of remote settings server
console.warn: services.settings: Allow by setting MOZ_REMOTE_SETTINGS_DEVTOOLS=1 in the environment
Fontconfig warning: "/etc/fonts/conf.avail/53-monospace-lcd-filter.conf", line 10: Having multiple values in <test> isn't supported and may not work as expected
1700592829832	Marionette	INFO	Marionette enabled
1700592829920	Marionette	INFO	Listening on port 43921
Read port: 43921
1700592830404	RemoteAgent	WARN	TLS certificate errors will be ignored for this session
Fontconfig warning: "/etc/fonts/conf.avail/53-monospace-lcd-filter.conf", line 10: Having multiple values in <test> isn't supported and may not work as expected
Fontconfig warning: "/etc/fonts/conf.avail/53-monospace-lcd-filter.conf", line 10: Having multiple values in <test> isn't supported and may not work as expected
[GFX1-]: RenderCompositorSWGL failed mapping default framebuffer, no dt
console.error: ({})
Fontconfig warning: "/etc/fonts/conf.avail/53-monospace-lcd-filter.conf", line 10: Having multiple values in <test> isn't supported and may not work as expected
Fontconfig warning: "/etc/fonts/conf.avail/53-monospace-lcd-filter.conf", line 10: Having multiple values in <test> isn't supported and may not work as expected
Fontconfig warning: "/etc/fonts/conf.avail/53-monospace-lcd-filter.conf", line 10: Having multiple values in <test> isn't supported and may not work as expected
console.error: (new TypeError("this._searchProviderInfo is null", "resource:///modules/SearchSERPTelemetry.sys.mjs", 685))
console.error: (new TypeError("linkMap is undefined", "resource://gre/modules/NewTabUtils.sys.mjs", 2001))
Fontconfig warning: "/etc/fonts/conf.avail/53-monospace-lcd-filter.conf", line 10: Having multiple values in <test> isn't supported and may not work as expected
1700592835241	Marionette	INFO	Stopped listening on port 43921
JavaScript warning: https://www.windy.com/v/40.1.0.ind.e26e/plugins/radar.js, line 1: Script terminated by timeout at:
value@https://www.windy.com/v/40.1.0.ind.e26e/plugins/radar.js:1:28651

1700592864143	geckodriver	INFO	Listening on 127.0.0.1:49235
1700592865036	mozrunner::runner	INFO	Running command: "/snap/firefox/current/firefox.launcher" "--marionette" "--headless" "-no-remote" "-profile" "/tmp/rust_mozprofileVTvMy0"
*** You are running in headless mode.
Gtk-Message: 13:54:25.064: Not loading module "atk-bridge": The functionality is provided by GTK natively. Please try to not load it.
console.warn: services.settings: Ignoring preference override of remote settings server
console.warn: services.settings: Allow by setting MOZ_REMOTE_SETTINGS_DEVTOOLS=1 in the environment
Fontconfig warning: "/etc/fonts/conf.avail/53-monospace-lcd-filter.conf", line 10: Having multiple values in <test> isn't supported and may not work as expected
1700592865533	Marionette	INFO	Marionette enabled
1700592865624	Marionette	INFO	Listening on port 33965
Read port: 33965
1700592866132	RemoteAgent	WARN	TLS certificate errors will be ignored for this session
Fontconfig warning: "/etc/fonts/conf.avail/53-monospace-lcd-filter.conf", line 10: Having multiple values in <test> isn't supported and may not work as expected
Fontconfig warning: "/etc/fonts/conf.avail/53-monospace-lcd-filter.conf", line 10: Having multiple values in <test> isn't supported and may not work as expected
[GFX1-]: RenderCompositorSWGL failed mapping default framebuffer, no dt
console.error: ({})
Fontconfig warning: "/etc/fonts/conf.avail/53-monospace-lcd-filter.conf", line 10: Having multiple values in <test> isn't supported and may not work as expected
Fontconfig warning: "/etc/fonts/conf.avail/53-monospace-lcd-filter.conf", line 10: Having multiple values in <test> isn't supported and may not work as expected
Fontconfig warning: "/etc/fonts/conf.avail/53-monospace-lcd-filter.conf", line 10: Having multiple values in <test> isn't supported and may not work as expected
console.error: (new TypeError("this._searchProviderInfo is null", "resource:///modules/SearchSERPTelemetry.sys.mjs", 685))
console.error: (new TypeError("linkMap is undefined", "resource://gre/modules/NewTabUtils.sys.mjs", 2001))
Fontconfig warning: "/etc/fonts/conf.avail/53-monospace-lcd-filter.conf", line 10: Having multiple values in <test> isn't supported and may not work as expected
JavaScript warning: , line 0: WebGL warning: texSubImage: Texture has not been initialized prior to a partial upload, forcing the browser to clear it. This may be slow.
JavaScript warning: , line 0: WebGL warning: texSubImage: Tex image TEXTURE_2D level 0 is incurring lazy initialization.
1700592870738	Marionette	INFO	Stopped listening on port 33965
1700592899477	geckodriver	INFO	Listening on 127.0.0.1:56695
1700592900378	mozrunner::runner	INFO	Running command: "/snap/firefox/current/firefox.launcher" "--marionette" "--headless" "-no-remote" "-profile" "/tmp/rust_mozprofilehe6THJ"
*** You are running in headless mode.
Gtk-Message: 13:55:00.424: Not loading module "atk-bridge": The functionality is provided by GTK natively. Please try to not load it.
console.warn: services.settings: Ignoring preference override of remote settings server
console.warn: services.settings: Allow by setting MOZ_REMOTE_SETTINGS_DEVTOOLS=1 in the environment
Fontconfig warning: "/etc/fonts/conf.avail/53-monospace-lcd-filter.conf", line 10: Having multiple values in <test> isn't supported and may not work as expected
1700592900935	Marionette	INFO	Marionette enabled
1700592901026	Marionette	INFO	Listening on port 41255
Read port: 41255
1700592901410	RemoteAgent	WARN	TLS certificate errors will be ignored for this session
Fontconfig warning: "/etc/fonts/conf.avail/53-monospace-lcd-filter.conf", line 10: Having multiple values in <test> isn't supported and may not work as expected
Fontconfig warning: "/etc/fonts/conf.avail/53-monospace-lcd-filter.conf", line 10: Having multiple values in <test> isn't supported and may not work as expected
[GFX1-]: RenderCompositorSWGL failed mapping default framebuffer, no dt
console.error: ({})
Fontconfig warning: "/etc/fonts/conf.avail/53-monospace-lcd-filter.conf", line 10: Having multiple values in <test> isn't supported and may not work as expected
Fontconfig warning: "/etc/fonts/conf.avail/53-monospace-lcd-filter.conf", line 10: Having multiple values in <test> isn't supported and may not work as expected
Fontconfig warning: "/etc/fonts/conf.avail/53-monospace-lcd-filter.conf", line 10: Having multiple values in <test> isn't supported and may not work as expected
console.error: (new TypeError("this._searchProviderInfo is null", "resource:///modules/SearchSERPTelemetry.sys.mjs", 685))
console.error: (new TypeError("linkMap is undefined", "resource://gre/modules/NewTabUtils.sys.mjs", 2001))
Fontconfig warning: "/etc/fonts/conf.avail/53-monospace-lcd-filter.conf", line 10: Having multiple values in <test> isn't supported and may not work as expected
1700592905898	Marionette	INFO	Stopped listening on port 41255
JavaScript warning: , line 0: WebGL warning: texSubImage: Texture has not been initialized prior to a partial upload, forcing the browser to clear it. This may be slow.
JavaScript warning: , line 0: WebGL warning: texSubImage: Tex image TEXTURE_2D level 0 is incurring lazy initialization.
1700592960904	geckodriver	INFO	Listening on 127.0.0.1:41969
1700592961664	mozrunner::runner	INFO	Running command: "/snap/firefox/current/firefox.launcher" "--marionette" "--headless" "-no-remote" "-profile" "/tmp/rust_mozprofile0QqVPv"
*** You are running in headless mode.
Gtk-Message: 13:56:01.696: Not loading module "atk-bridge": The functionality is provided by GTK natively. Please try to not load it.
console.warn: services.settings: Ignoring preference override of remote settings server
console.warn: services.settings: Allow by setting MOZ_REMOTE_SETTINGS_DEVTOOLS=1 in the environment
Fontconfig warning: "/etc/fonts/conf.avail/53-monospace-lcd-filter.conf", line 10: Having multiple values in <test> isn't supported and may not work as expected
1700592962110	Marionette	INFO	Marionette enabled
1700592962203	Marionette	INFO	Listening on port 45881
Read port: 45881
1700592962673	RemoteAgent	WARN	TLS certificate errors will be ignored for this session
Fontconfig warning: "/etc/fonts/conf.avail/53-monospace-lcd-filter.conf", line 10: Having multiple values in <test> isn't supported and may not work as expected
Fontconfig warning: "/etc/fonts/conf.avail/53-monospace-lcd-filter.conf", line 10: Having multiple values in <test> isn't supported and may not work as expected
[GFX1-]: RenderCompositorSWGL failed mapping default framebuffer, no dt
console.error: ({})
Fontconfig warning: "/etc/fonts/conf.avail/53-monospace-lcd-filter.conf", line 10: Having multiple values in <test> isn't supported and may not work as expected
Fontconfig warning: "/etc/fonts/conf.avail/53-monospace-lcd-filter.conf", line 10: Having multiple values in <test> isn't supported and may not work as expected
Fontconfig warning: "/etc/fonts/conf.avail/53-monospace-lcd-filter.conf", line 10: Having multiple values in <test> isn't supported and may not work as expected
console.error: (new TypeError("this._searchProviderInfo is null", "resource:///modules/SearchSERPTelemetry.sys.mjs", 685))
console.error: (new TypeError("linkMap is undefined", "resource://gre/modules/NewTabUtils.sys.mjs", 2001))
Fontconfig warning: "/etc/fonts/conf.avail/53-monospace-lcd-filter.conf", line 10: Having multiple values in <test> isn't supported and may not work as expected
1700592966969	Marionette	INFO	Stopped listening on port 45881
1700593209647	geckodriver	INFO	Listening on 127.0.0.1:41313
1700593210536	mozrunner::runner	INFO	Running command: "/snap/firefox/current/firefox.launcher" "--marionette" "--headless" "-no-remote" "-profile" "/tmp/rust_mozprofileLLIur1"
*** You are running in headless mode.
Gtk-Message: 14:00:10.608: Not loading module "atk-bridge": The functionality is provided by GTK natively. Please try to not load it.
console.warn: services.settings: Ignoring preference override of remote settings server
console.warn: services.settings: Allow by setting MOZ_REMOTE_SETTINGS_DEVTOOLS=1 in the environment
Fontconfig warning: "/etc/fonts/conf.avail/53-monospace-lcd-filter.conf", line 10: Having multiple values in <test> isn't supported and may not work as expected
1700593211030	Marionette	INFO	Marionette enabled
1700593211118	Marionette	INFO	Listening on port 42897
Read port: 42897
1700593211806	RemoteAgent	WARN	TLS certificate errors will be ignored for this session
Fontconfig warning: "/etc/fonts/conf.avail/53-monospace-lcd-filter.conf", line 10: Having multiple values in <test> isn't supported and may not work as expected
Fontconfig warning: "/etc/fonts/conf.avail/53-monospace-lcd-filter.conf", line 10: Having multiple values in <test> isn't supported and may not work as expected
[GFX1-]: RenderCompositorSWGL failed mapping default framebuffer, no dt
console.error: ({})
Fontconfig warning: "/etc/fonts/conf.avail/53-monospace-lcd-filter.conf", line 10: Having multiple values in <test> isn't supported and may not work as expected
Fontconfig warning: "/etc/fonts/conf.avail/53-monospace-lcd-filter.conf", line 10: Having multiple values in <test> isn't supported and may not work as expected
Fontconfig warning: "/etc/fonts/conf.avail/53-monospace-lcd-filter.conf", line 10: Having multiple values in <test> isn't supported and may not work as expected
console.error: (new TypeError("this._searchProviderInfo is null", "resource:///modules/SearchSERPTelemetry.sys.mjs", 685))
Fontconfig warning: "/etc/fonts/conf.avail/53-monospace-lcd-filter.conf", line 10: Having multiple values in <test> isn't supported and may not work as expected
1700593216757	Marionette	INFO	Stopped listening on port 42897
JavaScript warning: , line 0: WebGL warning: texSubImage: Texture has not been initialized prior to a partial upload, forcing the browser to clear it. This may be slow.
JavaScript warning: , line 0: WebGL warning: texSubImage: Tex image TEXTURE_2D level 0 is incurring lazy initialization.
1700593608260	geckodriver	INFO	Listening on 127.0.0.1:44089
1700593608953	mozrunner::runner	INFO	Running command: "/snap/firefox/current/firefox.launcher" "--marionette" "--headless" "-no-remote" "-profile" "/tmp/rust_mozprofileKzFXdb"
*** You are running in headless mode.
Gtk-Message: 14:06:48.992: Not loading module "atk-bridge": The functionality is provided by GTK natively. Please try to not load it.
console.warn: services.settings: Ignoring preference override of remote settings server
console.warn: services.settings: Allow by setting MOZ_REMOTE_SETTINGS_DEVTOOLS=1 in the environment
Fontconfig warning: "/etc/fonts/conf.avail/53-monospace-lcd-filter.conf", line 10: Having multiple values in <test> isn't supported and may not work as expected
1700593609581	Marionette	INFO	Marionette enabled
1700593609689	Marionette	INFO	Listening on port 40355
Read port: 40355
1700593610017	RemoteAgent	WARN	TLS certificate errors will be ignored for this session
Fontconfig warning: "/etc/fonts/conf.avail/53-monospace-lcd-filter.conf", line 10: Having multiple values in <test> isn't supported and may not work as expected
Fontconfig warning: "/etc/fonts/conf.avail/53-monospace-lcd-filter.conf", line 10: Having multiple values in <test> isn't supported and may not work as expected
[GFX1-]: RenderCompositorSWGL failed mapping default framebuffer, no dt
console.error: ({})
Fontconfig warning: "/etc/fonts/conf.avail/53-monospace-lcd-filter.conf", line 10: Having multiple values in <test> isn't supported and may not work as expected
Fontconfig warning: "/etc/fonts/conf.avail/53-monospace-lcd-filter.conf", line 10: Having multiple values in <test> isn't supported and may not work as expected
Fontconfig warning: "/etc/fonts/conf.avail/53-monospace-lcd-filter.conf", line 10: Having multiple values in <test> isn't supported and may not work as expected
Fontconfig warning: "/etc/fonts/conf.avail/53-monospace-lcd-filter.conf", line 10: Having multiple values in <test> isn't supported and may not work as expected
JavaScript warning: , line 0: WebGL warning: texSubImage: Texture has not been initialized prior to a partial upload, forcing the browser to clear it. This may be slow.
JavaScript warning: , line 0: WebGL warning: texSubImage: Tex image TEXTURE_2D level 0 is incurring lazy initialization.
1700593624618	geckodriver	INFO	Listening on 127.0.0.1:53287
1700593625408	mozrunner::runner	INFO	Running command: "/snap/firefox/current/firefox.launcher" "--marionette" "--headless" "-no-remote" "-profile" "/tmp/rust_mozprofileHIbST7"
*** You are running in headless mode.
Gtk-Message: 14:07:05.449: Not loading module "atk-bridge": The functionality is provided by GTK natively. Please try to not load it.
console.warn: services.settings: Ignoring preference override of remote settings server
console.warn: services.settings: Allow by setting MOZ_REMOTE_SETTINGS_DEVTOOLS=1 in the environment
Fontconfig warning: "/etc/fonts/conf.avail/53-monospace-lcd-filter.conf", line 10: Having multiple values in <test> isn't supported and may not work as expected
1700593625969	Marionette	INFO	Marionette enabled
1700593626057	Marionette	INFO	Listening on port 45003
Read port: 45003
1700593626488	RemoteAgent	WARN	TLS certificate errors will be ignored for this session
Fontconfig warning: "/etc/fonts/conf.avail/53-monospace-lcd-filter.conf", line 10: Having multiple values in <test> isn't supported and may not work as expected
Fontconfig warning: "/etc/fonts/conf.avail/53-monospace-lcd-filter.conf", line 10: Having multiple values in <test> isn't supported and may not work as expected
[GFX1-]: RenderCompositorSWGL failed mapping default framebuffer, no dt
console.error: ({})
Fontconfig warning: "/etc/fonts/conf.avail/53-monospace-lcd-filter.conf", line 10: Having multiple values in <test> isn't supported and may not work as expected
Fontconfig warning: "/etc/fonts/conf.avail/53-monospace-lcd-filter.conf", line 10: Having multiple values in <test> isn't supported and may not work as expected
Fontconfig warning: "/etc/fonts/conf.avail/53-monospace-lcd-filter.conf", line 10: Having multiple values in <test> isn't supported and may not work as expected
console.error: (new TypeError("this._searchProviderInfo is null", "resource:///modules/SearchSERPTelemetry.sys.mjs", 685))
Fontconfig warning: "/etc/fonts/conf.avail/53-monospace-lcd-filter.conf", line 10: Having multiple values in <test> isn't supported and may not work as expected
JavaScript warning: , line 0: WebGL warning: texSubImage: Texture has not been initialized prior to a partial upload, forcing the browser to clear it. This may be slow.
JavaScript warning: , line 0: WebGL warning: texSubImage: Tex image TEXTURE_2D level 0 is incurring lazy initialization.
console.error: "update.locale" " file doesn't exist in either the application or GRE directories"
1700593642984	addons.xpi	ERROR	System addon update list error SyntaxError: XMLHttpRequest.open: 'http://%(server)s/dummy-system-addons.xml' is not a valid URL.
JavaScript warning: , line 0: WebGL warning: texSubImage: Texture has not been initialized prior to a partial upload, forcing the browser to clear it. This may be slow.
JavaScript warning: , line 0: WebGL warning: texSubImage: Tex image TEXTURE_2D level 0 is incurring lazy initialization.
console.error: "update.locale" " file doesn't exist in either the application or GRE directories"
1700593655984	addons.xpi	ERROR	System addon update list error SyntaxError: XMLHttpRequest.open: 'http://%(server)s/dummy-system-addons.xml' is not a valid URL.
1700593933818	geckodriver	INFO	Listening on 127.0.0.1:35775
1700593934504	mozrunner::runner	INFO	Running command: "/snap/firefox/current/firefox.launcher" "--marionette" "--headless" "-no-remote" "-profile" "/tmp/rust_mozprofileD5nlTd"
*** You are running in headless mode.
Gtk-Message: 14:12:14.552: Not loading module "atk-bridge": The functionality is provided by GTK natively. Please try to not load it.
console.warn: services.settings: Ignoring preference override of remote settings server
console.warn: services.settings: Allow by setting MOZ_REMOTE_SETTINGS_DEVTOOLS=1 in the environment
Fontconfig warning: "/etc/fonts/conf.avail/53-monospace-lcd-filter.conf", line 10: Having multiple values in <test> isn't supported and may not work as expected
1700593935135	Marionette	INFO	Marionette enabled
1700593935240	Marionette	INFO	Listening on port 38793
Read port: 38793
1700593935668	RemoteAgent	WARN	TLS certificate errors will be ignored for this session
Fontconfig warning: "/etc/fonts/conf.avail/53-monospace-lcd-filter.conf", line 10: Having multiple values in <test> isn't supported and may not work as expected
Fontconfig warning: "/etc/fonts/conf.avail/53-monospace-lcd-filter.conf", line 10: Having multiple values in <test> isn't supported and may not work as expected
[GFX1-]: RenderCompositorSWGL failed mapping default framebuffer, no dt
console.error: ({})
Fontconfig warning: "/etc/fonts/conf.avail/53-monospace-lcd-filter.conf", line 10: Having multiple values in <test> isn't supported and may not work as expected
Fontconfig warning: "/etc/fonts/conf.avail/53-monospace-lcd-filter.conf", line 10: Having multiple values in <test> isn't supported and may not work as expected
Fontconfig warning: "/etc/fonts/conf.avail/53-monospace-lcd-filter.conf", line 10: Having multiple values in <test> isn't supported and may not work as expected
console.error: (new TypeError("this._searchProviderInfo is null", "resource:///modules/SearchSERPTelemetry.sys.mjs", 685))
Fontconfig warning: "/etc/fonts/conf.avail/53-monospace-lcd-filter.conf", line 10: Having multiple values in <test> isn't supported and may not work as expected
JavaScript warning: , line 0: WebGL warning: texSubImage: Texture has not been initialized prior to a partial upload, forcing the browser to clear it. This may be slow.
JavaScript warning: , line 0: WebGL warning: texSubImage: Tex image TEXTURE_2D level 0 is incurring lazy initialization.
1700593958924	geckodriver	INFO	Listening on 127.0.0.1:53215
1700593959523	mozrunner::runner	INFO	Running command: "/snap/firefox/current/firefox.launcher" "--marionette" "--headless" "-no-remote" "-profile" "/tmp/rust_mozprofileZnLzEH"
*** You are running in headless mode.
Gtk-Message: 14:12:39.560: Not loading module "atk-bridge": The functionality is provided by GTK natively. Please try to not load it.
console.warn: services.settings: Ignoring preference override of remote settings server
console.warn: services.settings: Allow by setting MOZ_REMOTE_SETTINGS_DEVTOOLS=1 in the environment
Fontconfig warning: "/etc/fonts/conf.avail/53-monospace-lcd-filter.conf", line 10: Having multiple values in <test> isn't supported and may not work as expected
1700593960236	Marionette	INFO	Marionette enabled
1700593960393	Marionette	INFO	Listening on port 36615
Read port: 36615
1700593961078	RemoteAgent	WARN	TLS certificate errors will be ignored for this session
Fontconfig warning: "/etc/fonts/conf.avail/53-monospace-lcd-filter.conf", line 10: Having multiple values in <test> isn't supported and may not work as expected
Fontconfig warning: "/etc/fonts/conf.avail/53-monospace-lcd-filter.conf", line 10: Having multiple values in <test> isn't supported and may not work as expected
[GFX1-]: RenderCompositorSWGL failed mapping default framebuffer, no dt
console.error: ({})
Fontconfig warning: "/etc/fonts/conf.avail/53-monospace-lcd-filter.conf", line 10: Having multiple values in <test> isn't supported and may not work as expected
Fontconfig warning: "/etc/fonts/conf.avail/53-monospace-lcd-filter.conf", line 10: Having multiple values in <test> isn't supported and may not work as expected
Fontconfig warning: "/etc/fonts/conf.avail/53-monospace-lcd-filter.conf", line 10: Having multiple values in <test> isn't supported and may not work as expected
console.error: (new TypeError("this._searchProviderInfo is null", "resource:///modules/SearchSERPTelemetry.sys.mjs", 685))
console.error: (new TypeError("linkMap is undefined", "resource://gre/modules/NewTabUtils.sys.mjs", 2001))
Fontconfig warning: "/etc/fonts/conf.avail/53-monospace-lcd-filter.conf", line 10: Having multiple values in <test> isn't supported and may not work as expected
JavaScript warning: , line 0: WebGL warning: texSubImage: Texture has not been initialized prior to a partial upload, forcing the browser to clear it. This may be slow.
JavaScript warning: , line 0: WebGL warning: texSubImage: Tex image TEXTURE_2D level 0 is incurring lazy initialization.
console.error: "update.locale" " file doesn't exist in either the application or GRE directories"
1700593967394	addons.xpi	ERROR	System addon update list error SyntaxError: XMLHttpRequest.open: 'http://%(server)s/dummy-system-addons.xml' is not a valid URL.
1700593977539	Marionette	INFO	Stopped listening on port 36615
JavaScript warning: https://www.windy.com/v/40.1.0.ind.e26e/plugins/radar.js, line 1: Script terminated by timeout at:
value@https://www.windy.com/v/40.1.0.ind.e26e/plugins/radar.js:1:28078

JavaScript warning: , line 0: WebGL warning: texSubImage: Texture has not been initialized prior to a partial upload, forcing the browser to clear it. This may be slow.
JavaScript warning: , line 0: WebGL warning: texSubImage: Tex image TEXTURE_2D level 0 is incurring lazy initialization.
JavaScript warning: , line 0: WebGL warning: texSubImage: Texture has not been initialized prior to a partial upload, forcing the browser to clear it. This may be slow.
JavaScript warning: , line 0: WebGL warning: texSubImage: Tex image TEXTURE_2D level 0 is incurring lazy initialization.
update.go:85: cannot change mount namespace according to change mount (/var/lib/snapd/hostfs/usr/share/gimp/2.0/help /usr/share/gimp/2.0/help none bind,ro 0 0): cannot open directory "/var/lib": permission denied
update.go:85: cannot change mount namespace according to change mount (/var/lib/snapd/hostfs/usr/share/xubuntu-docs /usr/share/xubuntu-docs none bind,ro 0 0): cannot open directory "/var/lib": permission denied
1700596249513	geckodriver	INFO	Listening on 127.0.0.1:44867
1700596253418	mozrunner::runner	INFO	Running command: "/snap/firefox/current/firefox.launcher" "--marionette" "--headless" "-no-remote" "-profile" "/tmp/rust_mozprofilegJQvnx"
*** You are running in headless mode.
Gtk-Message: 14:50:53.644: Not loading module "atk-bridge": The functionality is provided by GTK natively. Please try to not load it.
console.warn: services.settings: Ignoring preference override of remote settings server
console.warn: services.settings: Allow by setting MOZ_REMOTE_SETTINGS_DEVTOOLS=1 in the environment
Fontconfig warning: "/etc/fonts/conf.avail/53-monospace-lcd-filter.conf", line 10: Having multiple values in <test> isn't supported and may not work as expected
1700596261090	Marionette	INFO	Marionette enabled
1700596261424	Marionette	INFO	Listening on port 35851
Read port: 35851
1700596261890	RemoteAgent	WARN	TLS certificate errors will be ignored for this session
Fontconfig warning: "/etc/fonts/conf.avail/53-monospace-lcd-filter.conf", line 10: Having multiple values in <test> isn't supported and may not work as expected
Fontconfig warning: "/etc/fonts/conf.avail/53-monospace-lcd-filter.conf", line 10: Having multiple values in <test> isn't supported and may not work as expected
[GFX1-]: RenderCompositorSWGL failed mapping default framebuffer, no dt
console.error: ({})
Fontconfig warning: "/etc/fonts/conf.avail/53-monospace-lcd-filter.conf", line 10: Having multiple values in <test> isn't supported and may not work as expected
Fontconfig warning: "/etc/fonts/conf.avail/53-monospace-lcd-filter.conf", line 10: Having multiple values in <test> isn't supported and may not work as expected
Fontconfig warning: "/etc/fonts/conf.avail/53-monospace-lcd-filter.conf", line 10: Having multiple values in <test> isn't supported and may not work as expected
console.error: (new TypeError("this._searchProviderInfo is null", "resource:///modules/SearchSERPTelemetry.sys.mjs", 685))
console.error: (new TypeError("linkMap is undefined", "resource://gre/modules/NewTabUtils.sys.mjs", 2001))
Fontconfig warning: "/etc/fonts/conf.avail/53-monospace-lcd-filter.conf", line 10: Having multiple values in <test> isn't supported and may not work as expected
JavaScript warning: , line 0: WebGL warning: texSubImage: Texture has not been initialized prior to a partial upload, forcing the browser to clear it. This may be slow.
JavaScript warning: , line 0: WebGL warning: texSubImage: Tex image TEXTURE_2D level 0 is incurring lazy initialization.
console.error: "update.locale" " file doesn't exist in either the application or GRE directories"
1700596291906	addons.xpi	ERROR	System addon update list error SyntaxError: XMLHttpRequest.open: 'http://%(server)s/dummy-system-addons.xml' is not a valid URL.
JavaScript warning: , line 0: WebGL warning: texSubImage: Texture has not been initialized prior to a partial upload, forcing the browser to clear it. This may be slow.
JavaScript warning: , line 0: WebGL warning: texSubImage: Tex image TEXTURE_2D level 0 is incurring lazy initialization.
1700596329004	Marionette	INFO	Stopped listening on port 35851
JavaScript warning: https://www.windy.com/v/40.1.0.ind.e26e/plugins/radar.js, line 1: Script terminated by timeout at:
value@https://www.windy.com/v/40.1.0.ind.e26e/plugins/radar.js:1:28078

[7119] Sandbox: Unexpected EOF, op 0 flags 00 path /proc/cpuinfo
1700596420739	geckodriver	INFO	Listening on 127.0.0.1:48513
1700596421730	mozrunner::runner	INFO	Running command: "/snap/firefox/current/firefox.launcher" "--marionette" "--headless" "-no-remote" "-profile" "/tmp/rust_mozprofilea7HLmC"
*** You are running in headless mode.
Gtk-Message: 14:53:41.748: Not loading module "atk-bridge": The functionality is provided by GTK natively. Please try to not load it.
console.warn: services.settings: Ignoring preference override of remote settings server
console.warn: services.settings: Allow by setting MOZ_REMOTE_SETTINGS_DEVTOOLS=1 in the environment
Fontconfig warning: "/etc/fonts/conf.avail/53-monospace-lcd-filter.conf", line 10: Having multiple values in <test> isn't supported and may not work as expected
1700596422043	Marionette	INFO	Marionette enabled
1700596422099	Marionette	INFO	Listening on port 45945
Read port: 45945
1700596422731	RemoteAgent	WARN	TLS certificate errors will be ignored for this session
Fontconfig warning: "/etc/fonts/conf.avail/53-monospace-lcd-filter.conf", line 10: Having multiple values in <test> isn't supported and may not work as expected
Fontconfig warning: "/etc/fonts/conf.avail/53-monospace-lcd-filter.conf", line 10: Having multiple values in <test> isn't supported and may not work as expected
[GFX1-]: RenderCompositorSWGL failed mapping default framebuffer, no dt
console.error: ({})
Fontconfig warning: "/etc/fonts/conf.avail/53-monospace-lcd-filter.conf", line 10: Having multiple values in <test> isn't supported and may not work as expected
Fontconfig warning: "/etc/fonts/conf.avail/53-monospace-lcd-filter.conf", line 10: Having multiple values in <test> isn't supported and may not work as expected
Fontconfig warning: "/etc/fonts/conf.avail/53-monospace-lcd-filter.conf", line 10: Having multiple values in <test> isn't supported and may not work as expected
console.error: (new TypeError("this._searchProviderInfo is null", "resource:///modules/SearchSERPTelemetry.sys.mjs", 685))
console.error: (new TypeError("linkMap is undefined", "resource://gre/modules/NewTabUtils.sys.mjs", 2001))
Fontconfig warning: "/etc/fonts/conf.avail/53-monospace-lcd-filter.conf", line 10: Having multiple values in <test> isn't supported and may not work as expected
1700596426895	Marionette	INFO	Stopped listening on port 45945
1700596475829	geckodriver	INFO	Listening on 127.0.0.1:42677
1700596476790	mozrunner::runner	INFO	Running command: "/snap/firefox/current/firefox.launcher" "--marionette" "--headless" "-no-remote" "-profile" "/tmp/rust_mozprofilel6rFcb"
*** You are running in headless mode.
Gtk-Message: 14:54:36.808: Not loading module "atk-bridge": The functionality is provided by GTK natively. Please try to not load it.
console.warn: services.settings: Ignoring preference override of remote settings server
console.warn: services.settings: Allow by setting MOZ_REMOTE_SETTINGS_DEVTOOLS=1 in the environment
Fontconfig warning: "/etc/fonts/conf.avail/53-monospace-lcd-filter.conf", line 10: Having multiple values in <test> isn't supported and may not work as expected
1700596477104	Marionette	INFO	Marionette enabled
1700596477157	Marionette	INFO	Listening on port 43843
Read port: 43843
1700596477534	RemoteAgent	WARN	TLS certificate errors will be ignored for this session
Fontconfig warning: "/etc/fonts/conf.avail/53-monospace-lcd-filter.conf", line 10: Having multiple values in <test> isn't supported and may not work as expected
Fontconfig warning: "/etc/fonts/conf.avail/53-monospace-lcd-filter.conf", line 10: Having multiple values in <test> isn't supported and may not work as expected
[GFX1-]: RenderCompositorSWGL failed mapping default framebuffer, no dt
console.error: ({})
Fontconfig warning: "/etc/fonts/conf.avail/53-monospace-lcd-filter.conf", line 10: Having multiple values in <test> isn't supported and may not work as expected
Fontconfig warning: "/etc/fonts/conf.avail/53-monospace-lcd-filter.conf", line 10: Having multiple values in <test> isn't supported and may not work as expected
Fontconfig warning: "/etc/fonts/conf.avail/53-monospace-lcd-filter.conf", line 10: Having multiple values in <test> isn't supported and may not work as expected
console.error: (new TypeError("this._searchProviderInfo is null", "resource:///modules/SearchSERPTelemetry.sys.mjs", 685))
Fontconfig warning: "/etc/fonts/conf.avail/53-monospace-lcd-filter.conf", line 10: Having multiple values in <test> isn't supported and may not work as expected
JavaScript warning: , line 0: WebGL warning: texSubImage: Texture has not been initialized prior to a partial upload, forcing the browser to clear it. This may be slow.
JavaScript warning: , line 0: WebGL warning: texSubImage: Tex image TEXTURE_2D level 0 is incurring lazy initialization.
console.error: "update.locale" " file doesn't exist in either the application or GRE directories"
1700596509211	addons.xpi	ERROR	System addon update list error SyntaxError: XMLHttpRequest.open: 'http://%(server)s/dummy-system-addons.xml' is not a valid URL.
1700596542217	Marionette	INFO	Stopped listening on port 43843
JavaScript warning: https://www.windy.com/v/40.1.0.ind.e26e/plugins/radar.js, line 1: Script terminated by timeout at:
value@https://www.windy.com/v/40.1.0.ind.e26e/plugins/radar.js:1:28078

1700596630922	geckodriver	INFO	Listening on 127.0.0.1:48641
1700596631878	mozrunner::runner	INFO	Running command: "/snap/firefox/current/firefox.launcher" "--marionette" "-no-remote" "-profile" "/tmp/rust_mozprofilenmLsjP"
Gtk-Message: 14:57:11.896: Not loading module "atk-bridge": The functionality is provided by GTK natively. Please try to not load it.

(firefox:8587): Gtk-WARNING **: 14:57:12.092: GTK+ module /snap/firefox/3358/gnome-platform/usr/lib/gtk-2.0/modules/libcanberra-gtk-module.so cannot be loaded.
GTK+ 2.x symbols detected. Using GTK+ 2.x and GTK+ 3 in the same process is not supported.
Gtk-Message: 14:57:12.092: Failed to load module "canberra-gtk-module"

(firefox:8587): Gtk-WARNING **: 14:57:12.115: GTK+ module /snap/firefox/3358/gnome-platform/usr/lib/gtk-2.0/modules/libcanberra-gtk-module.so cannot be loaded.
GTK+ 2.x symbols detected. Using GTK+ 2.x and GTK+ 3 in the same process is not supported.
Gtk-Message: 14:57:12.115: Failed to load module "canberra-gtk-module"
console.warn: services.settings: Ignoring preference override of remote settings server
console.warn: services.settings: Allow by setting MOZ_REMOTE_SETTINGS_DEVTOOLS=1 in the environment
Fontconfig warning: "/etc/fonts/conf.avail/53-monospace-lcd-filter.conf", line 10: Having multiple values in <test> isn't supported and may not work as expected
ATTENTION: default value of option mesa_glthread overridden by environment.
1700596633493	Marionette	INFO	Marionette enabled
ATTENTION: default value of option mesa_glthread overridden by environment.
1700596633568	Marionette	INFO	Listening on port 45533
Read port: 45533
1700596634141	RemoteAgent	WARN	TLS certificate errors will be ignored for this session
Fontconfig warning: "/etc/fonts/conf.avail/53-monospace-lcd-filter.conf", line 10: Having multiple values in <test> isn't supported and may not work as expected
Fontconfig warning: "/etc/fonts/conf.avail/53-monospace-lcd-filter.conf", line 10: Having multiple values in <test> isn't supported and may not work as expected
console.error: ({})
Fontconfig warning: "/etc/fonts/conf.avail/53-monospace-lcd-filter.conf", line 10: Having multiple values in <test> isn't supported and may not work as expected
Fontconfig warning: "/etc/fonts/conf.avail/53-monospace-lcd-filter.conf", line 10: Having multiple values in <test> isn't supported and may not work as expected
Fontconfig warning: "/etc/fonts/conf.avail/53-monospace-lcd-filter.conf", line 10: Having multiple values in <test> isn't supported and may not work as expected
ATTENTION: default value of option mesa_glthread overridden by environment.
Fontconfig warning: "/etc/fonts/conf.avail/53-monospace-lcd-filter.conf", line 10: Having multiple values in <test> isn't supported and may not work as expected
JavaScript warning: , line 0: WebGL warning: texSubImage: Texture has not been initialized prior to a partial upload, forcing the browser to clear it. This may be slow.
JavaScript warning: , line 0: WebGL warning: texSubImage: Tex image TEXTURE_2D level 0 is incurring lazy initialization.
console.error: (new TypeError(" is not a valid URL.", "resource://gre/modules/NetworkGeolocationProvider.sys.mjs", 499))
console.error: (new TypeError(" is not a valid URL.", "resource://gre/modules/NetworkGeolocationProvider.sys.mjs", 499))
JavaScript warning: https://www.windy.com/v/40.1.0.ind.e26e/index.js, line 1: Script terminated by timeout at:
ei@https://www.windy.com/v/40.1.0.ind.e26e/index.js:1:62764

1700596656364	Marionette	INFO	Stopped listening on port 45533
JavaScript error: chrome://remote/content/marionette/cert.sys.mjs, line 51: NS_ERROR_NOT_AVAILABLE: Component returned failure code: 0x80040111 (NS_ERROR_NOT_AVAILABLE) [nsICertOverrideService.setDisableAllSecurityChecksAndLetAttackersInterceptMyData]
1700596661293	geckodriver	INFO	Listening on 127.0.0.1:34825
1700596662250	mozrunner::runner	INFO	Running command: "/snap/firefox/current/firefox.launcher" "--marionette" "-no-remote" "-profile" "/tmp/rust_mozprofilei2fIVT"
Gtk-Message: 14:57:42.272: Not loading module "atk-bridge": The functionality is provided by GTK natively. Please try to not load it.

(firefox:9248): Gtk-WARNING **: 14:57:42.315: GTK+ module /snap/firefox/3358/gnome-platform/usr/lib/gtk-2.0/modules/libcanberra-gtk-module.so cannot be loaded.
GTK+ 2.x symbols detected. Using GTK+ 2.x and GTK+ 3 in the same process is not supported.
Gtk-Message: 14:57:42.315: Failed to load module "canberra-gtk-module"

(firefox:9248): Gtk-WARNING **: 14:57:42.316: GTK+ module /snap/firefox/3358/gnome-platform/usr/lib/gtk-2.0/modules/libcanberra-gtk-module.so cannot be loaded.
GTK+ 2.x symbols detected. Using GTK+ 2.x and GTK+ 3 in the same process is not supported.
Gtk-Message: 14:57:42.316: Failed to load module "canberra-gtk-module"
console.warn: services.settings: Ignoring preference override of remote settings server
console.warn: services.settings: Allow by setting MOZ_REMOTE_SETTINGS_DEVTOOLS=1 in the environment
Fontconfig warning: "/etc/fonts/conf.avail/53-monospace-lcd-filter.conf", line 10: Having multiple values in <test> isn't supported and may not work as expected
ATTENTION: default value of option mesa_glthread overridden by environment.
1700596662765	Marionette	INFO	Marionette enabled
ATTENTION: default value of option mesa_glthread overridden by environment.
1700596662842	Marionette	INFO	Listening on port 43687
Read port: 43687
1700596663188	RemoteAgent	WARN	TLS certificate errors will be ignored for this session
Fontconfig warning: "/etc/fonts/conf.avail/53-monospace-lcd-filter.conf", line 10: Having multiple values in <test> isn't supported and may not work as expected
Fontconfig warning: "/etc/fonts/conf.avail/53-monospace-lcd-filter.conf", line 10: Having multiple values in <test> isn't supported and may not work as expected
console.error: ({})
Fontconfig warning: "/etc/fonts/conf.avail/53-monospace-lcd-filter.conf", line 10: Having multiple values in <test> isn't supported and may not work as expected
Fontconfig warning: "/etc/fonts/conf.avail/53-monospace-lcd-filter.conf", line 10: Having multiple values in <test> isn't supported and may not work as expected
Fontconfig warning: "/etc/fonts/conf.avail/53-monospace-lcd-filter.conf", line 10: Having multiple values in <test> isn't supported and may not work as expected
console.error: (new TypeError("this._searchProviderInfo is null", "resource:///modules/SearchSERPTelemetry.sys.mjs", 685))
console.error: (new TypeError("linkMap is undefined", "resource://gre/modules/NewTabUtils.sys.mjs", 2001))
Fontconfig warning: "/etc/fonts/conf.avail/53-monospace-lcd-filter.conf", line 10: Having multiple values in <test> isn't supported and may not work as expected
ATTENTION: default value of option mesa_glthread overridden by environment.
JavaScript warning: , line 0: WebGL warning: texSubImage: Texture has not been initialized prior to a partial upload, forcing the browser to clear it. This may be slow.
JavaScript warning: , line 0: WebGL warning: texSubImage: Tex image TEXTURE_2D level 0 is incurring lazy initialization.
console.error: (new TypeError(" is not a valid URL.", "resource://gre/modules/NetworkGeolocationProvider.sys.mjs", 499))
console.error: (new TypeError(" is not a valid URL.", "resource://gre/modules/NetworkGeolocationProvider.sys.mjs", 499))
console.error: "update.locale" " file doesn't exist in either the application or GRE directories"
1700596693845	addons.xpi	ERROR	System addon update list error SyntaxError: XMLHttpRequest.open: 'http://%(server)s/dummy-system-addons.xml' is not a valid URL.
1700596729454	Marionette	INFO	Stopped listening on port 43687
JavaScript warning: https://www.windy.com/v/40.1.0.ind.e26e/plugins/radar.js, line 1: Script terminated by timeout at:
value@https://www.windy.com/v/40.1.0.ind.e26e/plugins/radar.js:1:28078

[9337] Sandbox: Unexpected EOF, op 0 flags 00 path /proc/cpuinfo
1700596849722	geckodriver	INFO	Listening on 127.0.0.1:55745
1700596850657	mozrunner::runner	INFO	Running command: "/snap/firefox/current/firefox.launcher" "--marionette" "-no-remote" "-profile" "/tmp/rust_mozprofiledKnTfB"
Gtk-Message: 15:00:50.677: Not loading module "atk-bridge": The functionality is provided by GTK natively. Please try to not load it.

(firefox:10182): Gtk-WARNING **: 15:00:50.713: GTK+ module /snap/firefox/3358/gnome-platform/usr/lib/gtk-2.0/modules/libcanberra-gtk-module.so cannot be loaded.
GTK+ 2.x symbols detected. Using GTK+ 2.x and GTK+ 3 in the same process is not supported.
Gtk-Message: 15:00:50.713: Failed to load module "canberra-gtk-module"

(firefox:10182): Gtk-WARNING **: 15:00:50.713: GTK+ module /snap/firefox/3358/gnome-platform/usr/lib/gtk-2.0/modules/libcanberra-gtk-module.so cannot be loaded.
GTK+ 2.x symbols detected. Using GTK+ 2.x and GTK+ 3 in the same process is not supported.
Gtk-Message: 15:00:50.713: Failed to load module "canberra-gtk-module"
console.warn: services.settings: Ignoring preference override of remote settings server
console.warn: services.settings: Allow by setting MOZ_REMOTE_SETTINGS_DEVTOOLS=1 in the environment
Fontconfig warning: "/etc/fonts/conf.avail/53-monospace-lcd-filter.conf", line 10: Having multiple values in <test> isn't supported and may not work as expected
ATTENTION: default value of option mesa_glthread overridden by environment.
1700596851163	Marionette	INFO	Marionette enabled
ATTENTION: default value of option mesa_glthread overridden by environment.
1700596851231	Marionette	INFO	Listening on port 42457
Read port: 42457
1700596851495	RemoteAgent	WARN	TLS certificate errors will be ignored for this session
Fontconfig warning: "/etc/fonts/conf.avail/53-monospace-lcd-filter.conf", line 10: Having multiple values in <test> isn't supported and may not work as expected
Fontconfig warning: "/etc/fonts/conf.avail/53-monospace-lcd-filter.conf", line 10: Having multiple values in <test> isn't supported and may not work as expected
console.error: ({})
Fontconfig warning: "/etc/fonts/conf.avail/53-monospace-lcd-filter.conf", line 10: Having multiple values in <test> isn't supported and may not work as expected
Fontconfig warning: "/etc/fonts/conf.avail/53-monospace-lcd-filter.conf", line 10: Having multiple values in <test> isn't supported and may not work as expected
Fontconfig warning: "/etc/fonts/conf.avail/53-monospace-lcd-filter.conf", line 10: Having multiple values in <test> isn't supported and may not work as expected
console.error: (new TypeError("this._searchProviderInfo is null", "resource:///modules/SearchSERPTelemetry.sys.mjs", 685))
Fontconfig warning: "/etc/fonts/conf.avail/53-monospace-lcd-filter.conf", line 10: Having multiple values in <test> isn't supported and may not work as expected
ATTENTION: default value of option mesa_glthread overridden by environment.
JavaScript warning: , line 0: WebGL warning: texSubImage: Texture has not been initialized prior to a partial upload, forcing the browser to clear it. This may be slow.
JavaScript warning: , line 0: WebGL warning: texSubImage: Tex image TEXTURE_2D level 0 is incurring lazy initialization.
JavaScript warning: , line 0: WebGL warning: texSubImage: Texture has not been initialized prior to a partial upload, forcing the browser to clear it. This may be slow.
JavaScript warning: , line 0: WebGL warning: texSubImage: Tex image TEXTURE_2D level 0 is incurring lazy initialization.
console.error: "update.locale" " file doesn't exist in either the application or GRE directories"
1700596881240	addons.xpi	ERROR	System addon update list error SyntaxError: XMLHttpRequest.open: 'http://%(server)s/dummy-system-addons.xml' is not a valid URL.
1700600032452	geckodriver	INFO	Listening on 127.0.0.1:35649
1700600033409	mozrunner::runner	INFO	Running command: "/snap/firefox/current/firefox.launcher" "--marionette" "-no-remote" "-profile" "/tmp/rust_mozprofileJhWhhU"
Gtk-Message: 15:53:53.431: Not loading module "atk-bridge": The functionality is provided by GTK natively. Please try to not load it.

(firefox:14885): Gtk-WARNING **: 15:53:53.472: GTK+ module /snap/firefox/3358/gnome-platform/usr/lib/gtk-2.0/modules/libcanberra-gtk-module.so cannot be loaded.
GTK+ 2.x symbols detected. Using GTK+ 2.x and GTK+ 3 in the same process is not supported.
Gtk-Message: 15:53:53.472: Failed to load module "canberra-gtk-module"

(firefox:14885): Gtk-WARNING **: 15:53:53.474: GTK+ module /snap/firefox/3358/gnome-platform/usr/lib/gtk-2.0/modules/libcanberra-gtk-module.so cannot be loaded.
GTK+ 2.x symbols detected. Using GTK+ 2.x and GTK+ 3 in the same process is not supported.
Gtk-Message: 15:53:53.474: Failed to load module "canberra-gtk-module"
console.warn: services.settings: Ignoring preference override of remote settings server
console.warn: services.settings: Allow by setting MOZ_REMOTE_SETTINGS_DEVTOOLS=1 in the environment
Fontconfig warning: "/etc/fonts/conf.avail/53-monospace-lcd-filter.conf", line 10: Having multiple values in <test> isn't supported and may not work as expected
ATTENTION: default value of option mesa_glthread overridden by environment.
1700600033915	Marionette	INFO	Marionette enabled
ATTENTION: default value of option mesa_glthread overridden by environment.
1700600033979	Marionette	INFO	Listening on port 35175
Read port: 35175
1700600034402	RemoteAgent	WARN	TLS certificate errors will be ignored for this session
Fontconfig warning: "/etc/fonts/conf.avail/53-monospace-lcd-filter.conf", line 10: Having multiple values in <test> isn't supported and may not work as expected
Fontconfig warning: "/etc/fonts/conf.avail/53-monospace-lcd-filter.conf", line 10: Having multiple values in <test> isn't supported and may not work as expected
console.error: ({})
Fontconfig warning: "/etc/fonts/conf.avail/53-monospace-lcd-filter.conf", line 10: Having multiple values in <test> isn't supported and may not work as expected
Fontconfig warning: "/etc/fonts/conf.avail/53-monospace-lcd-filter.conf", line 10: Having multiple values in <test> isn't supported and may not work as expected
Fontconfig warning: "/etc/fonts/conf.avail/53-monospace-lcd-filter.conf", line 10: Having multiple values in <test> isn't supported and may not work as expected
console.error: (new TypeError("this._searchProviderInfo is null", "resource:///modules/SearchSERPTelemetry.sys.mjs", 685))
Fontconfig warning: "/etc/fonts/conf.avail/53-monospace-lcd-filter.conf", line 10: Having multiple values in <test> isn't supported and may not work as expected
ATTENTION: default value of option mesa_glthread overridden by environment.
JavaScript warning: , line 0: WebGL warning: texSubImage: Texture has not been initialized prior to a partial upload, forcing the browser to clear it. This may be slow.
JavaScript warning: , line 0: WebGL warning: texSubImage: Tex image TEXTURE_2D level 0 is incurring lazy initialization.
JavaScript warning: , line 0: WebGL warning: texSubImage: Texture has not been initialized prior to a partial upload, forcing the browser to clear it. This may be slow.
JavaScript warning: , line 0: WebGL warning: texSubImage: Tex image TEXTURE_2D level 0 is incurring lazy initialization.
1700600054759	Marionette	INFO	Stopped listening on port 35175
JavaScript warning: https://www.windy.com/v/40.1.0.ind.e26e/plugins/gl-particles.js, line 1: Script terminated by timeout at:
D@https://www.windy.com/v/40.1.0.ind.e26e/plugins/gl-particles.js:1:2025

JavaScript warning: , line 0: WebGL warning: texSubImage: Texture has not been initialized prior to a partial upload, forcing the browser to clear it. This may be slow.
JavaScript warning: , line 0: WebGL warning: texSubImage: Tex image TEXTURE_2D level 0 is incurring lazy initialization.
JavaScript warning: , line 0: WebGL warning: texSubImage: Texture has not been initialized prior to a partial upload, forcing the browser to clear it. This may be slow.
JavaScript warning: , line 0: WebGL warning: texSubImage: Tex image TEXTURE_2D level 0 is incurring lazy initialization.
JavaScript warning: , line 0: WebGL warning: texSubImage: Texture has not been initialized prior to a partial upload, forcing the browser to clear it. This may be slow.
JavaScript warning: , line 0: WebGL warning: texSubImage: Tex image TEXTURE_2D level 0 is incurring lazy initialization.
JavaScript warning: https://www.windy.com/v/40.1.0.ind.e26e/index.js, line 1: Script terminated by timeout at:
ei@https://www.windy.com/v/40.1.0.ind.e26e/index.js:1:62764

1700600223890	Marionette	INFO	Stopped listening on port 42457
1700600373522	geckodriver	INFO	Listening on 127.0.0.1:42163
1700600374474	mozrunner::runner	INFO	Running command: "/snap/firefox/current/firefox.launcher" "--marionette" "-no-remote" "-profile" "/tmp/rust_mozprofilemoxjT3"
Gtk-Message: 15:59:34.496: Not loading module "atk-bridge": The functionality is provided by GTK natively. Please try to not load it.

(firefox:15945): Gtk-WARNING **: 15:59:34.541: GTK+ module /snap/firefox/3358/gnome-platform/usr/lib/gtk-2.0/modules/libcanberra-gtk-module.so cannot be loaded.
GTK+ 2.x symbols detected. Using GTK+ 2.x and GTK+ 3 in the same process is not supported.
Gtk-Message: 15:59:34.541: Failed to load module "canberra-gtk-module"

(firefox:15945): Gtk-WARNING **: 15:59:34.542: GTK+ module /snap/firefox/3358/gnome-platform/usr/lib/gtk-2.0/modules/libcanberra-gtk-module.so cannot be loaded.
GTK+ 2.x symbols detected. Using GTK+ 2.x and GTK+ 3 in the same process is not supported.
Gtk-Message: 15:59:34.542: Failed to load module "canberra-gtk-module"
console.warn: services.settings: Ignoring preference override of remote settings server
console.warn: services.settings: Allow by setting MOZ_REMOTE_SETTINGS_DEVTOOLS=1 in the environment
Fontconfig warning: "/etc/fonts/conf.avail/53-monospace-lcd-filter.conf", line 10: Having multiple values in <test> isn't supported and may not work as expected
ATTENTION: default value of option mesa_glthread overridden by environment.
1700600374996	Marionette	INFO	Marionette enabled
ATTENTION: default value of option mesa_glthread overridden by environment.
1700600375060	Marionette	INFO	Listening on port 37139
Read port: 37139
1700600375472	RemoteAgent	WARN	TLS certificate errors will be ignored for this session
Fontconfig warning: "/etc/fonts/conf.avail/53-monospace-lcd-filter.conf", line 10: Having multiple values in <test> isn't supported and may not work as expected
Fontconfig warning: "/etc/fonts/conf.avail/53-monospace-lcd-filter.conf", line 10: Having multiple values in <test> isn't supported and may not work as expected
console.error: ({})
Fontconfig warning: "/etc/fonts/conf.avail/53-monospace-lcd-filter.conf", line 10: Having multiple values in <test> isn't supported and may not work as expected
Fontconfig warning: "/etc/fonts/conf.avail/53-monospace-lcd-filter.conf", line 10: Having multiple values in <test> isn't supported and may not work as expected
Fontconfig warning: "/etc/fonts/conf.avail/53-monospace-lcd-filter.conf", line 10: Having multiple values in <test> isn't supported and may not work as expected
console.error: (new TypeError("this._searchProviderInfo is null", "resource:///modules/SearchSERPTelemetry.sys.mjs", 685))
Fontconfig warning: "/etc/fonts/conf.avail/53-monospace-lcd-filter.conf", line 10: Having multiple values in <test> isn't supported and may not work as expected
ATTENTION: default value of option mesa_glthread overridden by environment.
JavaScript warning: , line 0: WebGL warning: texSubImage: Texture has not been initialized prior to a partial upload, forcing the browser to clear it. This may be slow.
JavaScript warning: , line 0: WebGL warning: texSubImage: Tex image TEXTURE_2D level 0 is incurring lazy initialization.
console.error: (new TypeError(" is not a valid URL.", "resource://gre/modules/NetworkGeolocationProvider.sys.mjs", 499))
console.error: (new TypeError(" is not a valid URL.", "resource://gre/modules/NetworkGeolocationProvider.sys.mjs", 499))
1700600394828	Marionette	INFO	Stopped listening on port 37139
JavaScript warning: https://www.windy.com/v/40.1.0.ind.e26e/plugins/radar.js, line 1: Script terminated by timeout at:
value@https://www.windy.com/v/40.1.0.ind.e26e/plugins/radar.js:1:28078

1700600871457	geckodriver	INFO	Listening on 127.0.0.1:49529
1700600872405	mozrunner::runner	INFO	Running command: "/snap/firefox/current/firefox.launcher" "--marionette" "-no-remote" "-profile" "/tmp/rust_mozprofileG2WgI8"
Gtk-Message: 16:07:52.423: Not loading module "atk-bridge": The functionality is provided by GTK natively. Please try to not load it.

(firefox:17110): Gtk-WARNING **: 16:07:52.458: GTK+ module /snap/firefox/3358/gnome-platform/usr/lib/gtk-2.0/modules/libcanberra-gtk-module.so cannot be loaded.
GTK+ 2.x symbols detected. Using GTK+ 2.x and GTK+ 3 in the same process is not supported.
Gtk-Message: 16:07:52.458: Failed to load module "canberra-gtk-module"

(firefox:17110): Gtk-WARNING **: 16:07:52.459: GTK+ module /snap/firefox/3358/gnome-platform/usr/lib/gtk-2.0/modules/libcanberra-gtk-module.so cannot be loaded.
GTK+ 2.x symbols detected. Using GTK+ 2.x and GTK+ 3 in the same process is not supported.
Gtk-Message: 16:07:52.459: Failed to load module "canberra-gtk-module"
console.warn: services.settings: Ignoring preference override of remote settings server
console.warn: services.settings: Allow by setting MOZ_REMOTE_SETTINGS_DEVTOOLS=1 in the environment
Fontconfig warning: "/etc/fonts/conf.avail/53-monospace-lcd-filter.conf", line 10: Having multiple values in <test> isn't supported and may not work as expected
ATTENTION: default value of option mesa_glthread overridden by environment.
1700600872921	Marionette	INFO	Marionette enabled
ATTENTION: default value of option mesa_glthread overridden by environment.
1700600873011	Marionette	INFO	Listening on port 37879
Read port: 37879
1700600873235	RemoteAgent	WARN	TLS certificate errors will be ignored for this session
Fontconfig warning: "/etc/fonts/conf.avail/53-monospace-lcd-filter.conf", line 10: Having multiple values in <test> isn't supported and may not work as expected
Fontconfig warning: "/etc/fonts/conf.avail/53-monospace-lcd-filter.conf", line 10: Having multiple values in <test> isn't supported and may not work as expected
console.error: ({})
Fontconfig warning: "/etc/fonts/conf.avail/53-monospace-lcd-filter.conf", line 10: Having multiple values in <test> isn't supported and may not work as expected
Fontconfig warning: "/etc/fonts/conf.avail/53-monospace-lcd-filter.conf", line 10: Having multiple values in <test> isn't supported and may not work as expected
Fontconfig warning: "/etc/fonts/conf.avail/53-monospace-lcd-filter.conf", line 10: Having multiple values in <test> isn't supported and may not work as expected
console.error: (new TypeError("this._searchProviderInfo is null", "resource:///modules/SearchSERPTelemetry.sys.mjs", 685))
Fontconfig warning: "/etc/fonts/conf.avail/53-monospace-lcd-filter.conf", line 10: Having multiple values in <test> isn't supported and may not work as expected
ATTENTION: default value of option mesa_glthread overridden by environment.
JavaScript warning: , line 0: WebGL warning: texSubImage: Texture has not been initialized prior to a partial upload, forcing the browser to clear it. This may be slow.
JavaScript warning: , line 0: WebGL warning: texSubImage: Tex image TEXTURE_2D level 0 is incurring lazy initialization.
JavaScript warning: , line 0: WebGL warning: texSubImage: Texture has not been initialized prior to a partial upload, forcing the browser to clear it. This may be slow.
JavaScript warning: , line 0: WebGL warning: texSubImage: Tex image TEXTURE_2D level 0 is incurring lazy initialization.
1700600892636	Marionette	INFO	Stopped listening on port 37879
JavaScript warning: https://www.windy.com/v/40.1.0.ind.e26e/plugins/gl-particles.js, line 1: Script terminated by timeout at:
D@https://www.windy.com/v/40.1.0.ind.e26e/plugins/gl-particles.js:1:2025

1700600904324	geckodriver	INFO	Listening on 127.0.0.1:49491
1700600905274	mozrunner::runner	INFO	Running command: "/snap/firefox/current/firefox.launcher" "--marionette" "-no-remote" "-profile" "/tmp/rust_mozprofilebKKT6W"
Gtk-Message: 16:08:25.297: Not loading module "atk-bridge": The functionality is provided by GTK natively. Please try to not load it.

(firefox:17822): Gtk-WARNING **: 16:08:25.339: GTK+ module /snap/firefox/3358/gnome-platform/usr/lib/gtk-2.0/modules/libcanberra-gtk-module.so cannot be loaded.
GTK+ 2.x symbols detected. Using GTK+ 2.x and GTK+ 3 in the same process is not supported.
Gtk-Message: 16:08:25.339: Failed to load module "canberra-gtk-module"

(firefox:17822): Gtk-WARNING **: 16:08:25.340: GTK+ module /snap/firefox/3358/gnome-platform/usr/lib/gtk-2.0/modules/libcanberra-gtk-module.so cannot be loaded.
GTK+ 2.x symbols detected. Using GTK+ 2.x and GTK+ 3 in the same process is not supported.
Gtk-Message: 16:08:25.340: Failed to load module "canberra-gtk-module"
console.warn: services.settings: Ignoring preference override of remote settings server
console.warn: services.settings: Allow by setting MOZ_REMOTE_SETTINGS_DEVTOOLS=1 in the environment
Fontconfig warning: "/etc/fonts/conf.avail/53-monospace-lcd-filter.conf", line 10: Having multiple values in <test> isn't supported and may not work as expected
ATTENTION: default value of option mesa_glthread overridden by environment.
1700600905803	Marionette	INFO	Marionette enabled
ATTENTION: default value of option mesa_glthread overridden by environment.
1700600905873	Marionette	INFO	Listening on port 45133
Read port: 45133
1700600906028	RemoteAgent	WARN	TLS certificate errors will be ignored for this session
Fontconfig warning: "/etc/fonts/conf.avail/53-monospace-lcd-filter.conf", line 10: Having multiple values in <test> isn't supported and may not work as expected
Fontconfig warning: "/etc/fonts/conf.avail/53-monospace-lcd-filter.conf", line 10: Having multiple values in <test> isn't supported and may not work as expected
console.error: ({})
Fontconfig warning: "/etc/fonts/conf.avail/53-monospace-lcd-filter.conf", line 10: Having multiple values in <test> isn't supported and may not work as expected
Fontconfig warning: "/etc/fonts/conf.avail/53-monospace-lcd-filter.conf", line 10: Having multiple values in <test> isn't supported and may not work as expected
Fontconfig warning: "/etc/fonts/conf.avail/53-monospace-lcd-filter.conf", line 10: Having multiple values in <test> isn't supported and may not work as expected
console.error: (new TypeError("this._searchProviderInfo is null", "resource:///modules/SearchSERPTelemetry.sys.mjs", 685))
Fontconfig warning: "/etc/fonts/conf.avail/53-monospace-lcd-filter.conf", line 10: Having multiple values in <test> isn't supported and may not work as expected
ATTENTION: default value of option mesa_glthread overridden by environment.
JavaScript warning: , line 0: WebGL warning: texSubImage: Texture has not been initialized prior to a partial upload, forcing the browser to clear it. This may be slow.
JavaScript warning: , line 0: WebGL warning: texSubImage: Tex image TEXTURE_2D level 0 is incurring lazy initialization.
JavaScript warning: , line 0: WebGL warning: texSubImage: Texture has not been initialized prior to a partial upload, forcing the browser to clear it. This may be slow.
JavaScript warning: , line 0: WebGL warning: texSubImage: Tex image TEXTURE_2D level 0 is incurring lazy initialization.
1700600925100	Marionette	INFO	Stopped listening on port 45133
JavaScript warning: https://www.windy.com/v/40.1.0.ind.e26e/plugins/gl-particles.js, line 1: Script terminated by timeout at:
D@https://www.windy.com/v/40.1.0.ind.e26e/plugins/gl-particles.js:1:2025

1700601000212	geckodriver	INFO	Listening on 127.0.0.1:59473
1700601001162	mozrunner::runner	INFO	Running command: "/snap/firefox/current/firefox.launcher" "--marionette" "-no-remote" "-profile" "/tmp/rust_mozprofileHlsw0z"
Gtk-Message: 16:10:01.180: Not loading module "atk-bridge": The functionality is provided by GTK natively. Please try to not load it.

(firefox:18579): Gtk-WARNING **: 16:10:01.215: GTK+ module /snap/firefox/3358/gnome-platform/usr/lib/gtk-2.0/modules/libcanberra-gtk-module.so cannot be loaded.
GTK+ 2.x symbols detected. Using GTK+ 2.x and GTK+ 3 in the same process is not supported.
Gtk-Message: 16:10:01.215: Failed to load module "canberra-gtk-module"

(firefox:18579): Gtk-WARNING **: 16:10:01.216: GTK+ module /snap/firefox/3358/gnome-platform/usr/lib/gtk-2.0/modules/libcanberra-gtk-module.so cannot be loaded.
GTK+ 2.x symbols detected. Using GTK+ 2.x and GTK+ 3 in the same process is not supported.
Gtk-Message: 16:10:01.216: Failed to load module "canberra-gtk-module"
console.warn: services.settings: Ignoring preference override of remote settings server
console.warn: services.settings: Allow by setting MOZ_REMOTE_SETTINGS_DEVTOOLS=1 in the environment
Fontconfig warning: "/etc/fonts/conf.avail/53-monospace-lcd-filter.conf", line 10: Having multiple values in <test> isn't supported and may not work as expected
ATTENTION: default value of option mesa_glthread overridden by environment.
1700601001673	Marionette	INFO	Marionette enabled
ATTENTION: default value of option mesa_glthread overridden by environment.
1700601001740	Marionette	INFO	Listening on port 35485
Read port: 35485
1700601002069	RemoteAgent	WARN	TLS certificate errors will be ignored for this session
Fontconfig warning: "/etc/fonts/conf.avail/53-monospace-lcd-filter.conf", line 10: Having multiple values in <test> isn't supported and may not work as expected
Fontconfig warning: "/etc/fonts/conf.avail/53-monospace-lcd-filter.conf", line 10: Having multiple values in <test> isn't supported and may not work as expected
console.error: ({})
Fontconfig warning: "/etc/fonts/conf.avail/53-monospace-lcd-filter.conf", line 10: Having multiple values in <test> isn't supported and may not work as expected
Fontconfig warning: "/etc/fonts/conf.avail/53-monospace-lcd-filter.conf", line 10: Having multiple values in <test> isn't supported and may not work as expected
Fontconfig warning: "/etc/fonts/conf.avail/53-monospace-lcd-filter.conf", line 10: Having multiple values in <test> isn't supported and may not work as expected
console.error: "update.locale" " file doesn't exist in either the application or GRE directories"
1700601033767	addons.xpi	ERROR	System addon update list error SyntaxError: XMLHttpRequest.open: 'http://%(server)s/dummy-system-addons.xml' is not a valid URL.
1700601074485	Marionette	INFO	Stopped listening on port 35485
[18705] Sandbox: Unexpected EOF, op 0 flags 00 path /proc/cpuinfo
1700601076187	geckodriver	INFO	Listening on 127.0.0.1:56059
1700601077125	mozrunner::runner	INFO	Running command: "/snap/firefox/current/firefox.launcher" "--marionette" "-no-remote" "-profile" "/tmp/rust_mozprofileX9BDLo"
Gtk-Message: 16:11:17.144: Not loading module "atk-bridge": The functionality is provided by GTK natively. Please try to not load it.

(firefox:19286): Gtk-WARNING **: 16:11:17.178: GTK+ module /snap/firefox/3358/gnome-platform/usr/lib/gtk-2.0/modules/libcanberra-gtk-module.so cannot be loaded.
GTK+ 2.x symbols detected. Using GTK+ 2.x and GTK+ 3 in the same process is not supported.
Gtk-Message: 16:11:17.178: Failed to load module "canberra-gtk-module"

(firefox:19286): Gtk-WARNING **: 16:11:17.179: GTK+ module /snap/firefox/3358/gnome-platform/usr/lib/gtk-2.0/modules/libcanberra-gtk-module.so cannot be loaded.
GTK+ 2.x symbols detected. Using GTK+ 2.x and GTK+ 3 in the same process is not supported.
Gtk-Message: 16:11:17.179: Failed to load module "canberra-gtk-module"
console.warn: services.settings: Ignoring preference override of remote settings server
console.warn: services.settings: Allow by setting MOZ_REMOTE_SETTINGS_DEVTOOLS=1 in the environment
Fontconfig warning: "/etc/fonts/conf.avail/53-monospace-lcd-filter.conf", line 10: Having multiple values in <test> isn't supported and may not work as expected
1700601077626	Marionette	INFO	Marionette enabled
ATTENTION: default value of option mesa_glthread overridden by environment.
ATTENTION: default value of option mesa_glthread overridden by environment.
1700601077692	Marionette	INFO	Listening on port 34167
Read port: 34167
1700601078058	RemoteAgent	WARN	TLS certificate errors will be ignored for this session
Fontconfig warning: "/etc/fonts/conf.avail/53-monospace-lcd-filter.conf", line 10: Having multiple values in <test> isn't supported and may not work as expected
Fontconfig warning: "/etc/fonts/conf.avail/53-monospace-lcd-filter.conf", line 10: Having multiple values in <test> isn't supported and may not work as expected
console.error: ({})
Fontconfig warning: "/etc/fonts/conf.avail/53-monospace-lcd-filter.conf", line 10: Having multiple values in <test> isn't supported and may not work as expected
Fontconfig warning: "/etc/fonts/conf.avail/53-monospace-lcd-filter.conf", line 10: Having multiple values in <test> isn't supported and may not work as expected
Fontconfig warning: "/etc/fonts/conf.avail/53-monospace-lcd-filter.conf", line 10: Having multiple values in <test> isn't supported and may not work as expected
console.error: (new TypeError("this._searchProviderInfo is null", "resource:///modules/SearchSERPTelemetry.sys.mjs", 685))
Fontconfig warning: "/etc/fonts/conf.avail/53-monospace-lcd-filter.conf", line 10: Having multiple values in <test> isn't supported and may not work as expected
ATTENTION: default value of option mesa_glthread overridden by environment.
JavaScript warning: , line 0: WebGL warning: texSubImage: Texture has not been initialized prior to a partial upload, forcing the browser to clear it. This may be slow.
JavaScript warning: , line 0: WebGL warning: texSubImage: Tex image TEXTURE_2D level 0 is incurring lazy initialization.
JavaScript warning: , line 0: WebGL warning: texSubImage: Texture has not been initialized prior to a partial upload, forcing the browser to clear it. This may be slow.
JavaScript warning: , line 0: WebGL warning: texSubImage: Tex image TEXTURE_2D level 0 is incurring lazy initialization.
1700601097157	Marionette	INFO	Stopped listening on port 34167
JavaScript warning: https://www.windy.com/v/40.1.0.ind.e26e/plugins/gl-particles.js, line 1: Script terminated by timeout at:
D@https://www.windy.com/v/40.1.0.ind.e26e/plugins/gl-particles.js:1:2025

1700601098574	geckodriver	INFO	Listening on 127.0.0.1:33741
1700601099530	mozrunner::runner	INFO	Running command: "/snap/firefox/current/firefox.launcher" "--marionette" "-no-remote" "-profile" "/tmp/rust_mozprofileGCYXtz"
Gtk-Message: 16:11:39.552: Not loading module "atk-bridge": The functionality is provided by GTK natively. Please try to not load it.

(firefox:19961): Gtk-WARNING **: 16:11:39.595: GTK+ module /snap/firefox/3358/gnome-platform/usr/lib/gtk-2.0/modules/libcanberra-gtk-module.so cannot be loaded.
GTK+ 2.x symbols detected. Using GTK+ 2.x and GTK+ 3 in the same process is not supported.
Gtk-Message: 16:11:39.595: Failed to load module "canberra-gtk-module"

(firefox:19961): Gtk-WARNING **: 16:11:39.596: GTK+ module /snap/firefox/3358/gnome-platform/usr/lib/gtk-2.0/modules/libcanberra-gtk-module.so cannot be loaded.
GTK+ 2.x symbols detected. Using GTK+ 2.x and GTK+ 3 in the same process is not supported.
Gtk-Message: 16:11:39.596: Failed to load module "canberra-gtk-module"
console.warn: services.settings: Ignoring preference override of remote settings server
console.warn: services.settings: Allow by setting MOZ_REMOTE_SETTINGS_DEVTOOLS=1 in the environment
Fontconfig warning: "/etc/fonts/conf.avail/53-monospace-lcd-filter.conf", line 10: Having multiple values in <test> isn't supported and may not work as expected
ATTENTION: default value of option mesa_glthread overridden by environment.
1700601100037	Marionette	INFO	Marionette enabled
ATTENTION: default value of option mesa_glthread overridden by environment.
1700601100100	Marionette	INFO	Listening on port 42617
Read port: 42617
1700601100673	RemoteAgent	WARN	TLS certificate errors will be ignored for this session
Fontconfig warning: "/etc/fonts/conf.avail/53-monospace-lcd-filter.conf", line 10: Having multiple values in <test> isn't supported and may not work as expected
Fontconfig warning: "/etc/fonts/conf.avail/53-monospace-lcd-filter.conf", line 10: Having multiple values in <test> isn't supported and may not work as expected
console.error: ({})
Fontconfig warning: "/etc/fonts/conf.avail/53-monospace-lcd-filter.conf", line 10: Having multiple values in <test> isn't supported and may not work as expected
Fontconfig warning: "/etc/fonts/conf.avail/53-monospace-lcd-filter.conf", line 10: Having multiple values in <test> isn't supported and may not work as expected
Fontconfig warning: "/etc/fonts/conf.avail/53-monospace-lcd-filter.conf", line 10: Having multiple values in <test> isn't supported and may not work as expected
console.error: (new TypeError("this._searchProviderInfo is null", "resource:///modules/SearchSERPTelemetry.sys.mjs", 685))
console.error: (new TypeError("linkMap is undefined", "resource://gre/modules/NewTabUtils.sys.mjs", 2001))
Fontconfig warning: "/etc/fonts/conf.avail/53-monospace-lcd-filter.conf", line 10: Having multiple values in <test> isn't supported and may not work as expected
ATTENTION: default value of option mesa_glthread overridden by environment.
JavaScript warning: , line 0: WebGL warning: texSubImage: Texture has not been initialized prior to a partial upload, forcing the browser to clear it. This may be slow.
JavaScript warning: , line 0: WebGL warning: texSubImage: Tex image TEXTURE_2D level 0 is incurring lazy initialization.
console.error: (new TypeError(" is not a valid URL.", "resource://gre/modules/NetworkGeolocationProvider.sys.mjs", 499))
1700601119740	Marionette	INFO	Stopped listening on port 42617
JavaScript warning: https://www.windy.com/v/40.1.0.ind.e26e/plugins/radar.js, line 1: Script terminated by timeout at:
value@https://www.windy.com/v/40.1.0.ind.e26e/plugins/radar.js:1:28078

console.error: (new TypeError("NetworkError when attempting to fetch resource.", "resource://gre/modules/NetworkGeolocationProvider.sys.mjs", 499))
1700601164840	geckodriver	INFO	Listening on 127.0.0.1:46099
1700601165794	mozrunner::runner	INFO	Running command: "/snap/firefox/current/firefox.launcher" "--marionette" "-no-remote" "-profile" "/tmp/rust_mozprofileu6eQwF"
Gtk-Message: 16:12:45.816: Not loading module "atk-bridge": The functionality is provided by GTK natively. Please try to not load it.

(firefox:20689): Gtk-WARNING **: 16:12:45.858: GTK+ module /snap/firefox/3358/gnome-platform/usr/lib/gtk-2.0/modules/libcanberra-gtk-module.so cannot be loaded.
GTK+ 2.x symbols detected. Using GTK+ 2.x and GTK+ 3 in the same process is not supported.
Gtk-Message: 16:12:45.858: Failed to load module "canberra-gtk-module"

(firefox:20689): Gtk-WARNING **: 16:12:45.859: GTK+ module /snap/firefox/3358/gnome-platform/usr/lib/gtk-2.0/modules/libcanberra-gtk-module.so cannot be loaded.
GTK+ 2.x symbols detected. Using GTK+ 2.x and GTK+ 3 in the same process is not supported.
Gtk-Message: 16:12:45.859: Failed to load module "canberra-gtk-module"
console.warn: services.settings: Ignoring preference override of remote settings server
console.warn: services.settings: Allow by setting MOZ_REMOTE_SETTINGS_DEVTOOLS=1 in the environment
Fontconfig warning: "/etc/fonts/conf.avail/53-monospace-lcd-filter.conf", line 10: Having multiple values in <test> isn't supported and may not work as expected
ATTENTION: default value of option mesa_glthread overridden by environment.
1700601166338	Marionette	INFO	Marionette enabled
ATTENTION: default value of option mesa_glthread overridden by environment.
1700601166402	Marionette	INFO	Listening on port 36663
Read port: 36663
1700601166868	RemoteAgent	WARN	TLS certificate errors will be ignored for this session
Fontconfig warning: "/etc/fonts/conf.avail/53-monospace-lcd-filter.conf", line 10: Having multiple values in <test> isn't supported and may not work as expected
Fontconfig warning: "/etc/fonts/conf.avail/53-monospace-lcd-filter.conf", line 10: Having multiple values in <test> isn't supported and may not work as expected
console.error: ({})
Fontconfig warning: "/etc/fonts/conf.avail/53-monospace-lcd-filter.conf", line 10: Having multiple values in <test> isn't supported and may not work as expected
Fontconfig warning: "/etc/fonts/conf.avail/53-monospace-lcd-filter.conf", line 10: Having multiple values in <test> isn't supported and may not work as expected
Fontconfig warning: "/etc/fonts/conf.avail/53-monospace-lcd-filter.conf", line 10: Having multiple values in <test> isn't supported and may not work as expected
console.error: (new TypeError("this._searchProviderInfo is null", "resource:///modules/SearchSERPTelemetry.sys.mjs", 685))
console.error: (new TypeError("linkMap is undefined", "resource://gre/modules/NewTabUtils.sys.mjs", 2001))
Fontconfig warning: "/etc/fonts/conf.avail/53-monospace-lcd-filter.conf", line 10: Having multiple values in <test> isn't supported and may not work as expected
ATTENTION: default value of option mesa_glthread overridden by environment.
JavaScript warning: , line 0: WebGL warning: texSubImage: Texture has not been initialized prior to a partial upload, forcing the browser to clear it. This may be slow.
JavaScript warning: , line 0: WebGL warning: texSubImage: Tex image TEXTURE_2D level 0 is incurring lazy initialization.
JavaScript warning: , line 0: WebGL warning: texSubImage: Texture has not been initialized prior to a partial upload, forcing the browser to clear it. This may be slow.
JavaScript warning: , line 0: WebGL warning: texSubImage: Tex image TEXTURE_2D level 0 is incurring lazy initialization.
1700601186786	Marionette	INFO	Stopped listening on port 36663
JavaScript warning: https://www.windy.com/v/40.1.0.ind.e26e/plugins/gl-particles.js, line 1: Script terminated by timeout at:
D@https://www.windy.com/v/40.1.0.ind.e26e/plugins/gl-particles.js:1:2025

1700601188274	geckodriver	INFO	Listening on 127.0.0.1:51421
1700601189182	mozrunner::runner	INFO	Running command: "/snap/firefox/current/firefox.launcher" "--marionette" "-no-remote" "-profile" "/tmp/rust_mozprofileGdVkh9"
Gtk-Message: 16:13:09.199: Not loading module "atk-bridge": The functionality is provided by GTK natively. Please try to not load it.

(firefox:21366): Gtk-WARNING **: 16:13:09.232: GTK+ module /snap/firefox/3358/gnome-platform/usr/lib/gtk-2.0/modules/libcanberra-gtk-module.so cannot be loaded.
GTK+ 2.x symbols detected. Using GTK+ 2.x and GTK+ 3 in the same process is not supported.
Gtk-Message: 16:13:09.232: Failed to load module "canberra-gtk-module"

(firefox:21366): Gtk-WARNING **: 16:13:09.233: GTK+ module /snap/firefox/3358/gnome-platform/usr/lib/gtk-2.0/modules/libcanberra-gtk-module.so cannot be loaded.
GTK+ 2.x symbols detected. Using GTK+ 2.x and GTK+ 3 in the same process is not supported.
Gtk-Message: 16:13:09.233: Failed to load module "canberra-gtk-module"
console.warn: services.settings: Ignoring preference override of remote settings server
console.warn: services.settings: Allow by setting MOZ_REMOTE_SETTINGS_DEVTOOLS=1 in the environment
Fontconfig warning: "/etc/fonts/conf.avail/53-monospace-lcd-filter.conf", line 10: Having multiple values in <test> isn't supported and may not work as expected
ATTENTION: default value of option mesa_glthread overridden by environment.
1700601189686	Marionette	INFO	Marionette enabled
ATTENTION: default value of option mesa_glthread overridden by environment.
1700601189754	Marionette	INFO	Listening on port 38687
Read port: 38687
1700601190178	RemoteAgent	WARN	TLS certificate errors will be ignored for this session
Fontconfig warning: "/etc/fonts/conf.avail/53-monospace-lcd-filter.conf", line 10: Having multiple values in <test> isn't supported and may not work as expected
Fontconfig warning: "/etc/fonts/conf.avail/53-monospace-lcd-filter.conf", line 10: Having multiple values in <test> isn't supported and may not work as expected
console.error: ({})
Fontconfig warning: "/etc/fonts/conf.avail/53-monospace-lcd-filter.conf", line 10: Having multiple values in <test> isn't supported and may not work as expected
Fontconfig warning: "/etc/fonts/conf.avail/53-monospace-lcd-filter.conf", line 10: Having multiple values in <test> isn't supported and may not work as expected
Fontconfig warning: "/etc/fonts/conf.avail/53-monospace-lcd-filter.conf", line 10: Having multiple values in <test> isn't supported and may not work as expected
console.error: (new TypeError("this._searchProviderInfo is null", "resource:///modules/SearchSERPTelemetry.sys.mjs", 685))
Fontconfig warning: "/etc/fonts/conf.avail/53-monospace-lcd-filter.conf", line 10: Having multiple values in <test> isn't supported and may not work as expected
ATTENTION: default value of option mesa_glthread overridden by environment.
JavaScript warning: , line 0: WebGL warning: texSubImage: Texture has not been initialized prior to a partial upload, forcing the browser to clear it. This may be slow.
JavaScript warning: , line 0: WebGL warning: texSubImage: Tex image TEXTURE_2D level 0 is incurring lazy initialization.
1700601209547	Marionette	INFO	Stopped listening on port 38687
JavaScript warning: https://www.windy.com/v/40.1.0.ind.e26e/plugins/radar.js, line 1: Script terminated by timeout at:
value@https://www.windy.com/v/40.1.0.ind.e26e/plugins/radar.js:1:28078

1700601289149	geckodriver	INFO	Listening on 127.0.0.1:48625
1700601290128	mozrunner::runner	INFO	Running command: "/snap/firefox/current/firefox.launcher" "--marionette" "--headless" "-no-remote" "-profile" "/tmp/rust_mozprofileL7RyZ8"
*** You are running in headless mode.
Gtk-Message: 16:14:50.179: Not loading module "atk-bridge": The functionality is provided by GTK natively. Please try to not load it.
console.warn: services.settings: Ignoring preference override of remote settings server
console.warn: services.settings: Allow by setting MOZ_REMOTE_SETTINGS_DEVTOOLS=1 in the environment
Fontconfig warning: "/etc/fonts/conf.avail/53-monospace-lcd-filter.conf", line 10: Having multiple values in <test> isn't supported and may not work as expected
1700601290465	Marionette	INFO	Marionette enabled
1700601290521	Marionette	INFO	Listening on port 39135
Read port: 39135
1700601290903	RemoteAgent	WARN	TLS certificate errors will be ignored for this session
Fontconfig warning: "/etc/fonts/conf.avail/53-monospace-lcd-filter.conf", line 10: Having multiple values in <test> isn't supported and may not work as expected
Fontconfig warning: "/etc/fonts/conf.avail/53-monospace-lcd-filter.conf", line 10: Having multiple values in <test> isn't supported and may not work as expected
[GFX1-]: RenderCompositorSWGL failed mapping default framebuffer, no dt
console.error: ({})
Fontconfig warning: "/etc/fonts/conf.avail/53-monospace-lcd-filter.conf", line 10: Having multiple values in <test> isn't supported and may not work as expected
Fontconfig warning: "/etc/fonts/conf.avail/53-monospace-lcd-filter.conf", line 10: Having multiple values in <test> isn't supported and may not work as expected
Fontconfig warning: "/etc/fonts/conf.avail/53-monospace-lcd-filter.conf", line 10: Having multiple values in <test> isn't supported and may not work as expected
console.error: (new TypeError("this._searchProviderInfo is null", "resource:///modules/SearchSERPTelemetry.sys.mjs", 685))
Fontconfig warning: "/etc/fonts/conf.avail/53-monospace-lcd-filter.conf", line 10: Having multiple values in <test> isn't supported and may not work as expected
JavaScript warning: , line 0: WebGL warning: texSubImage: Texture has not been initialized prior to a partial upload, forcing the browser to clear it. This may be slow.
JavaScript warning: , line 0: WebGL warning: texSubImage: Tex image TEXTURE_2D level 0 is incurring lazy initialization.
JavaScript warning: , line 0: WebGL warning: texSubImage: Texture has not been initialized prior to a partial upload, forcing the browser to clear it. This may be slow.
JavaScript warning: , line 0: WebGL warning: texSubImage: Tex image TEXTURE_2D level 0 is incurring lazy initialization.
1700601310605	Marionette	INFO	Stopped listening on port 39135
JavaScript warning: https://www.windy.com/v/40.1.0.ind.e26e/plugins/gl-particles.js, line 1: Script terminated by timeout at:
D@https://www.windy.com/v/40.1.0.ind.e26e/plugins/gl-particles.js:1:2025

1700601312187	geckodriver	INFO	Listening on 127.0.0.1:51595
1700601313010	mozrunner::runner	INFO	Running command: "/snap/firefox/current/firefox.launcher" "--marionette" "--headless" "-no-remote" "-profile" "/tmp/rust_mozprofilesXjs79"
*** You are running in headless mode.
Gtk-Message: 16:15:13.029: Not loading module "atk-bridge": The functionality is provided by GTK natively. Please try to not load it.
console.warn: services.settings: Ignoring preference override of remote settings server
console.warn: services.settings: Allow by setting MOZ_REMOTE_SETTINGS_DEVTOOLS=1 in the environment
Fontconfig warning: "/etc/fonts/conf.avail/53-monospace-lcd-filter.conf", line 10: Having multiple values in <test> isn't supported and may not work as expected
1700601313311	Marionette	INFO	Marionette enabled
1700601313363	Marionette	INFO	Listening on port 43853
Read port: 43853
1700601313768	RemoteAgent	WARN	TLS certificate errors will be ignored for this session
Fontconfig warning: "/etc/fonts/conf.avail/53-monospace-lcd-filter.conf", line 10: Having multiple values in <test> isn't supported and may not work as expected
Fontconfig warning: "/etc/fonts/conf.avail/53-monospace-lcd-filter.conf", line 10: Having multiple values in <test> isn't supported and may not work as expected
[GFX1-]: RenderCompositorSWGL failed mapping default framebuffer, no dt
console.error: ({})
Fontconfig warning: "/etc/fonts/conf.avail/53-monospace-lcd-filter.conf", line 10: Having multiple values in <test> isn't supported and may not work as expected
Fontconfig warning: "/etc/fonts/conf.avail/53-monospace-lcd-filter.conf", line 10: Having multiple values in <test> isn't supported and may not work as expected
Fontconfig warning: "/etc/fonts/conf.avail/53-monospace-lcd-filter.conf", line 10: Having multiple values in <test> isn't supported and may not work as expected
console.error: (new TypeError("this._searchProviderInfo is null", "resource:///modules/SearchSERPTelemetry.sys.mjs", 685))
Fontconfig warning: "/etc/fonts/conf.avail/53-monospace-lcd-filter.conf", line 10: Having multiple values in <test> isn't supported and may not work as expected
JavaScript warning: , line 0: WebGL warning: texSubImage: Texture has not been initialized prior to a partial upload, forcing the browser to clear it. This may be slow.
JavaScript warning: , line 0: WebGL warning: texSubImage: Tex image TEXTURE_2D level 0 is incurring lazy initialization.
1700601334160	Marionette	INFO	Stopped listening on port 43853
JavaScript warning: https://www.windy.com/v/40.1.0.ind.e26e/plugins/radar.js, line 1: Script terminated by timeout at:
value@https://www.windy.com/v/40.1.0.ind.e26e/plugins/radar.js:1:28078

1700601776272	geckodriver	INFO	Listening on 127.0.0.1:44113
1700601777230	mozrunner::runner	INFO	Running command: "/snap/firefox/current/firefox.launcher" "--marionette" "--headless" "-no-remote" "-profile" "/tmp/rust_mozprofileC3OdaT"
*** You are running in headless mode.
Gtk-Message: 16:22:57.249: Not loading module "atk-bridge": The functionality is provided by GTK natively. Please try to not load it.
console.warn: services.settings: Ignoring preference override of remote settings server
console.warn: services.settings: Allow by setting MOZ_REMOTE_SETTINGS_DEVTOOLS=1 in the environment
Fontconfig warning: "/etc/fonts/conf.avail/53-monospace-lcd-filter.conf", line 10: Having multiple values in <test> isn't supported and may not work as expected
1700601777578	Marionette	INFO	Marionette enabled
1700601777641	Marionette	INFO	Listening on port 43479
Read port: 43479
1700601778110	RemoteAgent	WARN	TLS certificate errors will be ignored for this session
Fontconfig warning: "/etc/fonts/conf.avail/53-monospace-lcd-filter.conf", line 10: Having multiple values in <test> isn't supported and may not work as expected
Fontconfig warning: "/etc/fonts/conf.avail/53-monospace-lcd-filter.conf", line 10: Having multiple values in <test> isn't supported and may not work as expected
[GFX1-]: RenderCompositorSWGL failed mapping default framebuffer, no dt
console.error: ({})
Fontconfig warning: "/etc/fonts/conf.avail/53-monospace-lcd-filter.conf", line 10: Having multiple values in <test> isn't supported and may not work as expected
Fontconfig warning: "/etc/fonts/conf.avail/53-monospace-lcd-filter.conf", line 10: Having multiple values in <test> isn't supported and may not work as expected
Fontconfig warning: "/etc/fonts/conf.avail/53-monospace-lcd-filter.conf", line 10: Having multiple values in <test> isn't supported and may not work as expected
console.error: (new TypeError("this._searchProviderInfo is null", "resource:///modules/SearchSERPTelemetry.sys.mjs", 685))
console.error: (new TypeError("linkMap is undefined", "resource://gre/modules/NewTabUtils.sys.mjs", 2001))
Fontconfig warning: "/etc/fonts/conf.avail/53-monospace-lcd-filter.conf", line 10: Having multiple values in <test> isn't supported and may not work as expected
JavaScript warning: , line 0: WebGL warning: texSubImage: Texture has not been initialized prior to a partial upload, forcing the browser to clear it. This may be slow.
JavaScript warning: , line 0: WebGL warning: texSubImage: Tex image TEXTURE_2D level 0 is incurring lazy initialization.
JavaScript warning: , line 0: WebGL warning: texSubImage: Texture has not been initialized prior to a partial upload, forcing the browser to clear it. This may be slow.
JavaScript warning: , line 0: WebGL warning: texSubImage: Tex image TEXTURE_2D level 0 is incurring lazy initialization.
1700601798592	Marionette	INFO	Stopped listening on port 43479
JavaScript warning: https://www.windy.com/v/40.1.0.ind.e26e/plugins/gl-particles.js, line 1: Script terminated by timeout at:
D@https://www.windy.com/v/40.1.0.ind.e26e/plugins/gl-particles.js:1:2025

1700601799917	geckodriver	INFO	Listening on 127.0.0.1:55885
1700601800876	mozrunner::runner	INFO	Running command: "/snap/firefox/current/firefox.launcher" "--marionette" "--headless" "-no-remote" "-profile" "/tmp/rust_mozprofile73BjQU"
*** You are running in headless mode.
Gtk-Message: 16:23:20.896: Not loading module "atk-bridge": The functionality is provided by GTK natively. Please try to not load it.
console.warn: services.settings: Ignoring preference override of remote settings server
console.warn: services.settings: Allow by setting MOZ_REMOTE_SETTINGS_DEVTOOLS=1 in the environment
Fontconfig warning: "/etc/fonts/conf.avail/53-monospace-lcd-filter.conf", line 10: Having multiple values in <test> isn't supported and may not work as expected
1700601801230	Marionette	INFO	Marionette enabled
1700601801293	Marionette	INFO	Listening on port 44589
Read port: 44589
1700601801750	RemoteAgent	WARN	TLS certificate errors will be ignored for this session
Fontconfig warning: "/etc/fonts/conf.avail/53-monospace-lcd-filter.conf", line 10: Having multiple values in <test> isn't supported and may not work as expected
Fontconfig warning: "/etc/fonts/conf.avail/53-monospace-lcd-filter.conf", line 10: Having multiple values in <test> isn't supported and may not work as expected
[GFX1-]: RenderCompositorSWGL failed mapping default framebuffer, no dt
console.error: ({})
Fontconfig warning: "/etc/fonts/conf.avail/53-monospace-lcd-filter.conf", line 10: Having multiple values in <test> isn't supported and may not work as expected
Fontconfig warning: "/etc/fonts/conf.avail/53-monospace-lcd-filter.conf", line 10: Having multiple values in <test> isn't supported and may not work as expected
Fontconfig warning: "/etc/fonts/conf.avail/53-monospace-lcd-filter.conf", line 10: Having multiple values in <test> isn't supported and may not work as expected
console.error: (new TypeError("this._searchProviderInfo is null", "resource:///modules/SearchSERPTelemetry.sys.mjs", 685))
console.error: (new TypeError("linkMap is undefined", "resource://gre/modules/NewTabUtils.sys.mjs", 2001))
Fontconfig warning: "/etc/fonts/conf.avail/53-monospace-lcd-filter.conf", line 10: Having multiple values in <test> isn't supported and may not work as expected
JavaScript warning: , line 0: WebGL warning: texSubImage: Texture has not been initialized prior to a partial upload, forcing the browser to clear it. This may be slow.
JavaScript warning: , line 0: WebGL warning: texSubImage: Tex image TEXTURE_2D level 0 is incurring lazy initialization.
1700601821559	Marionette	INFO	Stopped listening on port 44589
JavaScript warning: https://www.windy.com/v/40.1.0.ind.e26e/plugins/radar.js, line 1: Script terminated by timeout at:
value@https://www.windy.com/v/40.1.0.ind.e26e/plugins/radar.js:1:28078

1700602073588	geckodriver	INFO	Listening on 127.0.0.1:50359
1700602074588	mozrunner::runner	INFO	Running command: "/snap/firefox/current/firefox.launcher" "--marionette" "--headless" "-no-remote" "-profile" "/tmp/rust_mozprofileiNLzBQ"
*** You are running in headless mode.
Gtk-Message: 16:27:54.649: Not loading module "atk-bridge": The functionality is provided by GTK natively. Please try to not load it.
console.warn: services.settings: Ignoring preference override of remote settings server
console.warn: services.settings: Allow by setting MOZ_REMOTE_SETTINGS_DEVTOOLS=1 in the environment
Fontconfig warning: "/etc/fonts/conf.avail/53-monospace-lcd-filter.conf", line 10: Having multiple values in <test> isn't supported and may not work as expected
1700602074956	Marionette	INFO	Marionette enabled
1700602075010	Marionette	INFO	Listening on port 42569
Read port: 42569
1700602075501	RemoteAgent	WARN	TLS certificate errors will be ignored for this session
Fontconfig warning: "/etc/fonts/conf.avail/53-monospace-lcd-filter.conf", line 10: Having multiple values in <test> isn't supported and may not work as expected
Fontconfig warning: "/etc/fonts/conf.avail/53-monospace-lcd-filter.conf", line 10: Having multiple values in <test> isn't supported and may not work as expected
[GFX1-]: RenderCompositorSWGL failed mapping default framebuffer, no dt
console.error: ({})
Fontconfig warning: "/etc/fonts/conf.avail/53-monospace-lcd-filter.conf", line 10: Having multiple values in <test> isn't supported and may not work as expected
Fontconfig warning: "/etc/fonts/conf.avail/53-monospace-lcd-filter.conf", line 10: Having multiple values in <test> isn't supported and may not work as expected
Fontconfig warning: "/etc/fonts/conf.avail/53-monospace-lcd-filter.conf", line 10: Having multiple values in <test> isn't supported and may not work as expected
console.error: (new TypeError("this._searchProviderInfo is null", "resource:///modules/SearchSERPTelemetry.sys.mjs", 685))
console.error: (new TypeError("linkMap is undefined", "resource://gre/modules/NewTabUtils.sys.mjs", 2001))
Fontconfig warning: "/etc/fonts/conf.avail/53-monospace-lcd-filter.conf", line 10: Having multiple values in <test> isn't supported and may not work as expected
JavaScript warning: , line 0: WebGL warning: texSubImage: Texture has not been initialized prior to a partial upload, forcing the browser to clear it. This may be slow.
JavaScript warning: , line 0: WebGL warning: texSubImage: Tex image TEXTURE_2D level 0 is incurring lazy initialization.
1700602095909	Marionette	INFO	Stopped listening on port 42569
JavaScript warning: https://www.windy.com/v/40.1.0.ind.e26e/plugins/gl-particles.js, line 1: Script terminated by timeout at:
D@https://www.windy.com/v/40.1.0.ind.e26e/plugins/gl-particles.js:1:2025

1700602097262	geckodriver	INFO	Listening on 127.0.0.1:35645
1700602098177	mozrunner::runner	INFO	Running command: "/snap/firefox/current/firefox.launcher" "--marionette" "--headless" "-no-remote" "-profile" "/tmp/rust_mozprofile40iUMW"
*** You are running in headless mode.
Gtk-Message: 16:28:18.195: Not loading module "atk-bridge": The functionality is provided by GTK natively. Please try to not load it.
console.warn: services.settings: Ignoring preference override of remote settings server
console.warn: services.settings: Allow by setting MOZ_REMOTE_SETTINGS_DEVTOOLS=1 in the environment
Fontconfig warning: "/etc/fonts/conf.avail/53-monospace-lcd-filter.conf", line 10: Having multiple values in <test> isn't supported and may not work as expected
1700602098494	Marionette	INFO	Marionette enabled
1700602098554	Marionette	INFO	Listening on port 34113
Read port: 34113
1700602099178	RemoteAgent	WARN	TLS certificate errors will be ignored for this session
Fontconfig warning: "/etc/fonts/conf.avail/53-monospace-lcd-filter.conf", line 10: Having multiple values in <test> isn't supported and may not work as expected
Fontconfig warning: "/etc/fonts/conf.avail/53-monospace-lcd-filter.conf", line 10: Having multiple values in <test> isn't supported and may not work as expected
[GFX1-]: RenderCompositorSWGL failed mapping default framebuffer, no dt
console.error: ({})
Fontconfig warning: "/etc/fonts/conf.avail/53-monospace-lcd-filter.conf", line 10: Having multiple values in <test> isn't supported and may not work as expected
Fontconfig warning: "/etc/fonts/conf.avail/53-monospace-lcd-filter.conf", line 10: Having multiple values in <test> isn't supported and may not work as expected
Fontconfig warning: "/etc/fonts/conf.avail/53-monospace-lcd-filter.conf", line 10: Having multiple values in <test> isn't supported and may not work as expected
console.error: (new TypeError("linkMap is undefined", "resource://gre/modules/NewTabUtils.sys.mjs", 2001))
Fontconfig warning: "/etc/fonts/conf.avail/53-monospace-lcd-filter.conf", line 10: Having multiple values in <test> isn't supported and may not work as expected
JavaScript warning: , line 0: WebGL warning: texSubImage: Texture has not been initialized prior to a partial upload, forcing the browser to clear it. This may be slow.
JavaScript warning: , line 0: WebGL warning: texSubImage: Tex image TEXTURE_2D level 0 is incurring lazy initialization.
1700602117972	Marionette	INFO	Stopped listening on port 34113
JavaScript warning: https://www.windy.com/v/40.1.0.ind.e26e/plugins/radar.js, line 1: Script terminated by timeout at:
value@https://www.windy.com/v/40.1.0.ind.e26e/plugins/radar.js:1:28078

1700602225317	geckodriver	INFO	Listening on 127.0.0.1:53619
1700602226308	mozrunner::runner	INFO	Running command: "/snap/firefox/current/firefox.launcher" "--marionette" "--headless" "-no-remote" "-profile" "/tmp/rust_mozprofileirR7FY"
*** You are running in headless mode.
Gtk-Message: 16:30:26.349: Not loading module "atk-bridge": The functionality is provided by GTK natively. Please try to not load it.
console.warn: services.settings: Ignoring preference override of remote settings server
console.warn: services.settings: Allow by setting MOZ_REMOTE_SETTINGS_DEVTOOLS=1 in the environment
Fontconfig warning: "/etc/fonts/conf.avail/53-monospace-lcd-filter.conf", line 10: Having multiple values in <test> isn't supported and may not work as expected
1700602226926	Marionette	INFO	Marionette enabled
1700602226993	Marionette	INFO	Listening on port 34511
Read port: 34511
1700602227275	RemoteAgent	WARN	TLS certificate errors will be ignored for this session
Fontconfig warning: "/etc/fonts/conf.avail/53-monospace-lcd-filter.conf", line 10: Having multiple values in <test> isn't supported and may not work as expected
Fontconfig warning: "/etc/fonts/conf.avail/53-monospace-lcd-filter.conf", line 10: Having multiple values in <test> isn't supported and may not work as expected
[GFX1-]: RenderCompositorSWGL failed mapping default framebuffer, no dt
console.error: ({})
Fontconfig warning: "/etc/fonts/conf.avail/53-monospace-lcd-filter.conf", line 10: Having multiple values in <test> isn't supported and may not work as expected
Fontconfig warning: "/etc/fonts/conf.avail/53-monospace-lcd-filter.conf", line 10: Having multiple values in <test> isn't supported and may not work as expected
Fontconfig warning: "/etc/fonts/conf.avail/53-monospace-lcd-filter.conf", line 10: Having multiple values in <test> isn't supported and may not work as expected
console.error: (new TypeError("this._searchProviderInfo is null", "resource:///modules/SearchSERPTelemetry.sys.mjs", 685))
console.error: (new TypeError("linkMap is undefined", "resource://gre/modules/NewTabUtils.sys.mjs", 2001))
Fontconfig warning: "/etc/fonts/conf.avail/53-monospace-lcd-filter.conf", line 10: Having multiple values in <test> isn't supported and may not work as expected
JavaScript warning: , line 0: WebGL warning: texSubImage: Texture has not been initialized prior to a partial upload, forcing the browser to clear it. This may be slow.
JavaScript warning: , line 0: WebGL warning: texSubImage: Tex image TEXTURE_2D level 0 is incurring lazy initialization.
1700602248019	Marionette	INFO	Stopped listening on port 34511
JavaScript warning: https://www.windy.com/v/40.1.0.ind.e26e/plugins/gl-particles.js, line 1: Script terminated by timeout at:
D@https://www.windy.com/v/40.1.0.ind.e26e/plugins/gl-particles.js:1:2025

1700602249262	geckodriver	INFO	Listening on 127.0.0.1:59991
1700602250194	mozrunner::runner	INFO	Running command: "/snap/firefox/current/firefox.launcher" "--marionette" "--headless" "-no-remote" "-profile" "/tmp/rust_mozprofile30MXWl"
*** You are running in headless mode.
Gtk-Message: 16:30:50.225: Not loading module "atk-bridge": The functionality is provided by GTK natively. Please try to not load it.
console.warn: services.settings: Ignoring preference override of remote settings server
console.warn: services.settings: Allow by setting MOZ_REMOTE_SETTINGS_DEVTOOLS=1 in the environment
Fontconfig warning: "/etc/fonts/conf.avail/53-monospace-lcd-filter.conf", line 10: Having multiple values in <test> isn't supported and may not work as expected
1700602250446	Marionette	INFO	Marionette enabled
1700602250506	Marionette	INFO	Listening on port 39229
Read port: 39229
1700602250820	RemoteAgent	WARN	TLS certificate errors will be ignored for this session
Fontconfig warning: "/etc/fonts/conf.avail/53-monospace-lcd-filter.conf", line 10: Having multiple values in <test> isn't supported and may not work as expected
Fontconfig warning: "/etc/fonts/conf.avail/53-monospace-lcd-filter.conf", line 10: Having multiple values in <test> isn't supported and may not work as expected
[GFX1-]: RenderCompositorSWGL failed mapping default framebuffer, no dt
console.error: ({})
Fontconfig warning: "/etc/fonts/conf.avail/53-monospace-lcd-filter.conf", line 10: Having multiple values in <test> isn't supported and may not work as expected
Fontconfig warning: "/etc/fonts/conf.avail/53-monospace-lcd-filter.conf", line 10: Having multiple values in <test> isn't supported and may not work as expected
Fontconfig warning: "/etc/fonts/conf.avail/53-monospace-lcd-filter.conf", line 10: Having multiple values in <test> isn't supported and may not work as expected
console.error: (new TypeError("this._searchProviderInfo is null", "resource:///modules/SearchSERPTelemetry.sys.mjs", 685))
Fontconfig warning: "/etc/fonts/conf.avail/53-monospace-lcd-filter.conf", line 10: Having multiple values in <test> isn't supported and may not work as expected
JavaScript warning: , line 0: WebGL warning: texSubImage: Texture has not been initialized prior to a partial upload, forcing the browser to clear it. This may be slow.
JavaScript warning: , line 0: WebGL warning: texSubImage: Tex image TEXTURE_2D level 0 is incurring lazy initialization.
1700602270366	Marionette	INFO	Stopped listening on port 39229
JavaScript warning: https://www.windy.com/v/40.1.0.ind.e26e/plugins/radar.js, line 1: Script terminated by timeout at:
value@https://www.windy.com/v/40.1.0.ind.e26e/plugins/radar.js:1:28078

1700602970702	geckodriver	INFO	Listening on 127.0.0.1:46929
1700602971692	mozrunner::runner	INFO	Running command: "/snap/firefox/current/firefox.launcher" "--marionette" "--headless" "-no-remote" "-profile" "/tmp/rust_mozprofileXuYBmf"
*** You are running in headless mode.
Gtk-Message: 16:42:51.743: Not loading module "atk-bridge": The functionality is provided by GTK natively. Please try to not load it.
console.warn: services.settings: Ignoring preference override of remote settings server
console.warn: services.settings: Allow by setting MOZ_REMOTE_SETTINGS_DEVTOOLS=1 in the environment
Fontconfig warning: "/etc/fonts/conf.avail/53-monospace-lcd-filter.conf", line 10: Having multiple values in <test> isn't supported and may not work as expected
1700602972068	Marionette	INFO	Marionette enabled
1700602972126	Marionette	INFO	Listening on port 33639
Read port: 33639
1700602972640	RemoteAgent	WARN	TLS certificate errors will be ignored for this session
Fontconfig warning: "/etc/fonts/conf.avail/53-monospace-lcd-filter.conf", line 10: Having multiple values in <test> isn't supported and may not work as expected
Fontconfig warning: "/etc/fonts/conf.avail/53-monospace-lcd-filter.conf", line 10: Having multiple values in <test> isn't supported and may not work as expected
[GFX1-]: RenderCompositorSWGL failed mapping default framebuffer, no dt
console.error: ({})
Fontconfig warning: "/etc/fonts/conf.avail/53-monospace-lcd-filter.conf", line 10: Having multiple values in <test> isn't supported and may not work as expected
Fontconfig warning: "/etc/fonts/conf.avail/53-monospace-lcd-filter.conf", line 10: Having multiple values in <test> isn't supported and may not work as expected
Fontconfig warning: "/etc/fonts/conf.avail/53-monospace-lcd-filter.conf", line 10: Having multiple values in <test> isn't supported and may not work as expected
console.error: (new TypeError("this._searchProviderInfo is null", "resource:///modules/SearchSERPTelemetry.sys.mjs", 685))
Fontconfig warning: "/etc/fonts/conf.avail/53-monospace-lcd-filter.conf", line 10: Having multiple values in <test> isn't supported and may not work as expected
JavaScript warning: , line 0: WebGL warning: texSubImage: Texture has not been initialized prior to a partial upload, forcing the browser to clear it. This may be slow.
JavaScript warning: , line 0: WebGL warning: texSubImage: Tex image TEXTURE_2D level 0 is incurring lazy initialization.
1700602993813	Marionette	INFO	Stopped listening on port 33639
JavaScript warning: https://www.windy.com/v/40.1.0.ind.e26e/plugins/gl-particles.js, line 1: Script terminated by timeout at:
D@https://www.windy.com/v/40.1.0.ind.e26e/plugins/gl-particles.js:1:2025

1700602995376	geckodriver	INFO	Listening on 127.0.0.1:58033
1700602996304	mozrunner::runner	INFO	Running command: "/snap/firefox/current/firefox.launcher" "--marionette" "--headless" "-no-remote" "-profile" "/tmp/rust_mozprofilefioYQw"
*** You are running in headless mode.
Gtk-Message: 16:43:16.351: Not loading module "atk-bridge": The functionality is provided by GTK natively. Please try to not load it.
console.warn: services.settings: Ignoring preference override of remote settings server
console.warn: services.settings: Allow by setting MOZ_REMOTE_SETTINGS_DEVTOOLS=1 in the environment
Fontconfig warning: "/etc/fonts/conf.avail/53-monospace-lcd-filter.conf", line 10: Having multiple values in <test> isn't supported and may not work as expected
1700602996664	Marionette	INFO	Marionette enabled
1700602996721	Marionette	INFO	Listening on port 34223
Read port: 34223
1700602997045	RemoteAgent	WARN	TLS certificate errors will be ignored for this session
Fontconfig warning: "/etc/fonts/conf.avail/53-monospace-lcd-filter.conf", line 10: Having multiple values in <test> isn't supported and may not work as expected
Fontconfig warning: "/etc/fonts/conf.avail/53-monospace-lcd-filter.conf", line 10: Having multiple values in <test> isn't supported and may not work as expected
[GFX1-]: RenderCompositorSWGL failed mapping default framebuffer, no dt
console.error: ({})
Fontconfig warning: "/etc/fonts/conf.avail/53-monospace-lcd-filter.conf", line 10: Having multiple values in <test> isn't supported and may not work as expected
Fontconfig warning: "/etc/fonts/conf.avail/53-monospace-lcd-filter.conf", line 10: Having multiple values in <test> isn't supported and may not work as expected
Fontconfig warning: "/etc/fonts/conf.avail/53-monospace-lcd-filter.conf", line 10: Having multiple values in <test> isn't supported and may not work as expected
console.error: (new TypeError("this._searchProviderInfo is null", "resource:///modules/SearchSERPTelemetry.sys.mjs", 685))
Fontconfig warning: "/etc/fonts/conf.avail/53-monospace-lcd-filter.conf", line 10: Having multiple values in <test> isn't supported and may not work as expected
JavaScript warning: , line 0: WebGL warning: texSubImage: Texture has not been initialized prior to a partial upload, forcing the browser to clear it. This may be slow.
JavaScript warning: , line 0: WebGL warning: texSubImage: Tex image TEXTURE_2D level 0 is incurring lazy initialization.
1700603016596	Marionette	INFO	Stopped listening on port 34223
JavaScript warning: https://www.windy.com/v/40.1.0.ind.e26e/plugins/radar.js, line 1: Script terminated by timeout at:
value@https://www.windy.com/v/40.1.0.ind.e26e/plugins/radar.js:1:28078

1700603101254	geckodriver	INFO	Listening on 127.0.0.1:54311
1700603102165	mozrunner::runner	INFO	Running command: "/snap/firefox/current/firefox.launcher" "--marionette" "--headless" "-no-remote" "-profile" "/tmp/rust_mozprofileWzheRh"
*** You are running in headless mode.
Gtk-Message: 16:45:02.186: Not loading module "atk-bridge": The functionality is provided by GTK natively. Please try to not load it.
console.warn: services.settings: Ignoring preference override of remote settings server
console.warn: services.settings: Allow by setting MOZ_REMOTE_SETTINGS_DEVTOOLS=1 in the environment
Fontconfig warning: "/etc/fonts/conf.avail/53-monospace-lcd-filter.conf", line 10: Having multiple values in <test> isn't supported and may not work as expected
1700603102485	Marionette	INFO	Marionette enabled
1700603102549	Marionette	INFO	Listening on port 33435
Read port: 33435
1700603102728	RemoteAgent	WARN	TLS certificate errors will be ignored for this session
Fontconfig warning: "/etc/fonts/conf.avail/53-monospace-lcd-filter.conf", line 10: Having multiple values in <test> isn't supported and may not work as expected
Fontconfig warning: "/etc/fonts/conf.avail/53-monospace-lcd-filter.conf", line 10: Having multiple values in <test> isn't supported and may not work as expected
[GFX1-]: RenderCompositorSWGL failed mapping default framebuffer, no dt
console.error: ({})
Fontconfig warning: "/etc/fonts/conf.avail/53-monospace-lcd-filter.conf", line 10: Having multiple values in <test> isn't supported and may not work as expected
Fontconfig warning: "/etc/fonts/conf.avail/53-monospace-lcd-filter.conf", line 10: Having multiple values in <test> isn't supported and may not work as expected
Fontconfig warning: "/etc/fonts/conf.avail/53-monospace-lcd-filter.conf", line 10: Having multiple values in <test> isn't supported and may not work as expected
console.error: (new TypeError("this._searchProviderInfo is null", "resource:///modules/SearchSERPTelemetry.sys.mjs", 685))
Fontconfig warning: "/etc/fonts/conf.avail/53-monospace-lcd-filter.conf", line 10: Having multiple values in <test> isn't supported and may not work as expected
JavaScript warning: , line 0: WebGL warning: texSubImage: Texture has not been initialized prior to a partial upload, forcing the browser to clear it. This may be slow.
JavaScript warning: , line 0: WebGL warning: texSubImage: Tex image TEXTURE_2D level 0 is incurring lazy initialization.
1700603123075	Marionette	INFO	Stopped listening on port 33435
JavaScript warning: https://www.windy.com/v/40.1.0.ind.e26e/plugins/gl-particles.js, line 1: Script terminated by timeout at:
D@https://www.windy.com/v/40.1.0.ind.e26e/plugins/gl-particles.js:1:2025

1700603124157	geckodriver	INFO	Listening on 127.0.0.1:52877
1700603125102	mozrunner::runner	INFO	Running command: "/snap/firefox/current/firefox.launcher" "--marionette" "--headless" "-no-remote" "-profile" "/tmp/rust_mozprofilenhkHbv"
*** You are running in headless mode.
Gtk-Message: 16:45:25.120: Not loading module "atk-bridge": The functionality is provided by GTK natively. Please try to not load it.
console.warn: services.settings: Ignoring preference override of remote settings server
console.warn: services.settings: Allow by setting MOZ_REMOTE_SETTINGS_DEVTOOLS=1 in the environment
Fontconfig warning: "/etc/fonts/conf.avail/53-monospace-lcd-filter.conf", line 10: Having multiple values in <test> isn't supported and may not work as expected
1700603125433	Marionette	INFO	Marionette enabled
1700603125490	Marionette	INFO	Listening on port 37779
Read port: 37779
1700603125899	RemoteAgent	WARN	TLS certificate errors will be ignored for this session
Fontconfig warning: "/etc/fonts/conf.avail/53-monospace-lcd-filter.conf", line 10: Having multiple values in <test> isn't supported and may not work as expected
Fontconfig warning: "/etc/fonts/conf.avail/53-monospace-lcd-filter.conf", line 10: Having multiple values in <test> isn't supported and may not work as expected
[GFX1-]: RenderCompositorSWGL failed mapping default framebuffer, no dt
console.error: ({})
Fontconfig warning: "/etc/fonts/conf.avail/53-monospace-lcd-filter.conf", line 10: Having multiple values in <test> isn't supported and may not work as expected
Fontconfig warning: "/etc/fonts/conf.avail/53-monospace-lcd-filter.conf", line 10: Having multiple values in <test> isn't supported and may not work as expected
Fontconfig warning: "/etc/fonts/conf.avail/53-monospace-lcd-filter.conf", line 10: Having multiple values in <test> isn't supported and may not work as expected
console.error: (new TypeError("this._searchProviderInfo is null", "resource:///modules/SearchSERPTelemetry.sys.mjs", 685))
Fontconfig warning: "/etc/fonts/conf.avail/53-monospace-lcd-filter.conf", line 10: Having multiple values in <test> isn't supported and may not work as expected
JavaScript warning: , line 0: WebGL warning: texSubImage: Texture has not been initialized prior to a partial upload, forcing the browser to clear it. This may be slow.
JavaScript warning: , line 0: WebGL warning: texSubImage: Tex image TEXTURE_2D level 0 is incurring lazy initialization.
1700603144940	Marionette	INFO	Stopped listening on port 37779
JavaScript warning: https://www.windy.com/v/40.1.0.ind.e26e/plugins/radar.js, line 1: Script terminated by timeout at:
value@https://www.windy.com/v/40.1.0.ind.e26e/plugins/radar.js:1:28078

1700603228719	geckodriver	INFO	Listening on 127.0.0.1:32907
1700603229694	mozrunner::runner	INFO	Running command: "/snap/firefox/current/firefox.launcher" "--marionette" "--headless" "-no-remote" "-profile" "/tmp/rust_mozprofiler3DziC"
*** You are running in headless mode.
Gtk-Message: 16:47:09.715: Not loading module "atk-bridge": The functionality is provided by GTK natively. Please try to not load it.
console.warn: services.settings: Ignoring preference override of remote settings server
console.warn: services.settings: Allow by setting MOZ_REMOTE_SETTINGS_DEVTOOLS=1 in the environment
Fontconfig warning: "/etc/fonts/conf.avail/53-monospace-lcd-filter.conf", line 10: Having multiple values in <test> isn't supported and may not work as expected
1700603230041	Marionette	INFO	Marionette enabled
1700603230102	Marionette	INFO	Listening on port 46373
Read port: 46373
1700603230524	RemoteAgent	WARN	TLS certificate errors will be ignored for this session
Fontconfig warning: "/etc/fonts/conf.avail/53-monospace-lcd-filter.conf", line 10: Having multiple values in <test> isn't supported and may not work as expected
Fontconfig warning: "/etc/fonts/conf.avail/53-monospace-lcd-filter.conf", line 10: Having multiple values in <test> isn't supported and may not work as expected
[GFX1-]: RenderCompositorSWGL failed mapping default framebuffer, no dt
console.error: ({})
Fontconfig warning: "/etc/fonts/conf.avail/53-monospace-lcd-filter.conf", line 10: Having multiple values in <test> isn't supported and may not work as expected
Fontconfig warning: "/etc/fonts/conf.avail/53-monospace-lcd-filter.conf", line 10: Having multiple values in <test> isn't supported and may not work as expected
Fontconfig warning: "/etc/fonts/conf.avail/53-monospace-lcd-filter.conf", line 10: Having multiple values in <test> isn't supported and may not work as expected
console.error: (new TypeError("this._searchProviderInfo is null", "resource:///modules/SearchSERPTelemetry.sys.mjs", 685))
Fontconfig warning: "/etc/fonts/conf.avail/53-monospace-lcd-filter.conf", line 10: Having multiple values in <test> isn't supported and may not work as expected
JavaScript warning: , line 0: WebGL warning: texSubImage: Texture has not been initialized prior to a partial upload, forcing the browser to clear it. This may be slow.
JavaScript warning: , line 0: WebGL warning: texSubImage: Tex image TEXTURE_2D level 0 is incurring lazy initialization.
1700603249660	Marionette	INFO	Stopped listening on port 46373
JavaScript warning: https://www.windy.com/v/40.1.0.ind.e26e/plugins/gl-particles.js, line 1: Script terminated by timeout at:
D@https://www.windy.com/v/40.1.0.ind.e26e/plugins/gl-particles.js:1:2025

1700603250986	geckodriver	INFO	Listening on 127.0.0.1:40627
1700603251829	mozrunner::runner	INFO	Running command: "/snap/firefox/current/firefox.launcher" "--marionette" "--headless" "-no-remote" "-profile" "/tmp/rust_mozprofile8COT8c"
*** You are running in headless mode.
Gtk-Message: 16:47:31.873: Not loading module "atk-bridge": The functionality is provided by GTK natively. Please try to not load it.
console.warn: services.settings: Ignoring preference override of remote settings server
console.warn: services.settings: Allow by setting MOZ_REMOTE_SETTINGS_DEVTOOLS=1 in the environment
Fontconfig warning: "/etc/fonts/conf.avail/53-monospace-lcd-filter.conf", line 10: Having multiple values in <test> isn't supported and may not work as expected
1700603252197	Marionette	INFO	Marionette enabled
1700603252255	Marionette	INFO	Listening on port 35515
Read port: 35515
1700603252779	RemoteAgent	WARN	TLS certificate errors will be ignored for this session
Fontconfig warning: "/etc/fonts/conf.avail/53-monospace-lcd-filter.conf", line 10: Having multiple values in <test> isn't supported and may not work as expected
Fontconfig warning: "/etc/fonts/conf.avail/53-monospace-lcd-filter.conf", line 10: Having multiple values in <test> isn't supported and may not work as expected
[GFX1-]: RenderCompositorSWGL failed mapping default framebuffer, no dt
console.error: ({})
Fontconfig warning: "/etc/fonts/conf.avail/53-monospace-lcd-filter.conf", line 10: Having multiple values in <test> isn't supported and may not work as expected
Fontconfig warning: "/etc/fonts/conf.avail/53-monospace-lcd-filter.conf", line 10: Having multiple values in <test> isn't supported and may not work as expected
Fontconfig warning: "/etc/fonts/conf.avail/53-monospace-lcd-filter.conf", line 10: Having multiple values in <test> isn't supported and may not work as expected
console.error: (new TypeError("this._searchProviderInfo is null", "resource:///modules/SearchSERPTelemetry.sys.mjs", 685))
console.error: (new TypeError("linkMap is undefined", "resource://gre/modules/NewTabUtils.sys.mjs", 2001))
Fontconfig warning: "/etc/fonts/conf.avail/53-monospace-lcd-filter.conf", line 10: Having multiple values in <test> isn't supported and may not work as expected
JavaScript warning: , line 0: WebGL warning: texSubImage: Texture has not been initialized prior to a partial upload, forcing the browser to clear it. This may be slow.
JavaScript warning: , line 0: WebGL warning: texSubImage: Tex image TEXTURE_2D level 0 is incurring lazy initialization.
1700603271979	Marionette	INFO	Stopped listening on port 35515
JavaScript warning: https://www.windy.com/v/40.1.0.ind.e26e/plugins/radar.js, line 1: Script terminated by timeout at:
value@https://www.windy.com/v/40.1.0.ind.e26e/plugins/radar.js:1:28078

1700603307643	geckodriver	INFO	Listening on 127.0.0.1:52563
1700603308581	mozrunner::runner	INFO	Running command: "/snap/firefox/current/firefox.launcher" "--marionette" "--headless" "-no-remote" "-profile" "/tmp/rust_mozprofilepUhpfR"
*** You are running in headless mode.
Gtk-Message: 16:48:28.602: Not loading module "atk-bridge": The functionality is provided by GTK natively. Please try to not load it.
console.warn: services.settings: Ignoring preference override of remote settings server
console.warn: services.settings: Allow by setting MOZ_REMOTE_SETTINGS_DEVTOOLS=1 in the environment
Fontconfig warning: "/etc/fonts/conf.avail/53-monospace-lcd-filter.conf", line 10: Having multiple values in <test> isn't supported and may not work as expected
1700603308889	Marionette	INFO	Marionette enabled
1700603308958	Marionette	INFO	Listening on port 35761
Read port: 35761
1700603309268	RemoteAgent	WARN	TLS certificate errors will be ignored for this session
Fontconfig warning: "/etc/fonts/conf.avail/53-monospace-lcd-filter.conf", line 10: Having multiple values in <test> isn't supported and may not work as expected
Fontconfig warning: "/etc/fonts/conf.avail/53-monospace-lcd-filter.conf", line 10: Having multiple values in <test> isn't supported and may not work as expected
[GFX1-]: RenderCompositorSWGL failed mapping default framebuffer, no dt
console.error: ({})
Fontconfig warning: "/etc/fonts/conf.avail/53-monospace-lcd-filter.conf", line 10: Having multiple values in <test> isn't supported and may not work as expected
Fontconfig warning: "/etc/fonts/conf.avail/53-monospace-lcd-filter.conf", line 10: Having multiple values in <test> isn't supported and may not work as expected
Fontconfig warning: "/etc/fonts/conf.avail/53-monospace-lcd-filter.conf", line 10: Having multiple values in <test> isn't supported and may not work as expected
console.error: (new TypeError("this._searchProviderInfo is null", "resource:///modules/SearchSERPTelemetry.sys.mjs", 685))
Fontconfig warning: "/etc/fonts/conf.avail/53-monospace-lcd-filter.conf", line 10: Having multiple values in <test> isn't supported and may not work as expected
JavaScript warning: , line 0: WebGL warning: texSubImage: Texture has not been initialized prior to a partial upload, forcing the browser to clear it. This may be slow.
JavaScript warning: , line 0: WebGL warning: texSubImage: Tex image TEXTURE_2D level 0 is incurring lazy initialization.
1700603328837	Marionette	INFO	Stopped listening on port 35761
JavaScript warning: https://www.windy.com/v/40.1.0.ind.e26e/plugins/gl-particles.js, line 1: Script terminated by timeout at:
D@https://www.windy.com/v/40.1.0.ind.e26e/plugins/gl-particles.js:1:2025

1700603330122	geckodriver	INFO	Listening on 127.0.0.1:44197
1700603331108	mozrunner::runner	INFO	Running command: "/snap/firefox/current/firefox.launcher" "--marionette" "--headless" "-no-remote" "-profile" "/tmp/rust_mozprofilesT6pGY"
*** You are running in headless mode.
Gtk-Message: 16:48:51.154: Not loading module "atk-bridge": The functionality is provided by GTK natively. Please try to not load it.
console.warn: services.settings: Ignoring preference override of remote settings server
console.warn: services.settings: Allow by setting MOZ_REMOTE_SETTINGS_DEVTOOLS=1 in the environment
Fontconfig warning: "/etc/fonts/conf.avail/53-monospace-lcd-filter.conf", line 10: Having multiple values in <test> isn't supported and may not work as expected
1700603331466	Marionette	INFO	Marionette enabled
1700603331525	Marionette	INFO	Listening on port 33851
Read port: 33851
1700603332066	RemoteAgent	WARN	TLS certificate errors will be ignored for this session
Fontconfig warning: "/etc/fonts/conf.avail/53-monospace-lcd-filter.conf", line 10: Having multiple values in <test> isn't supported and may not work as expected
Fontconfig warning: "/etc/fonts/conf.avail/53-monospace-lcd-filter.conf", line 10: Having multiple values in <test> isn't supported and may not work as expected
[GFX1-]: RenderCompositorSWGL failed mapping default framebuffer, no dt
console.error: ({})
Fontconfig warning: "/etc/fonts/conf.avail/53-monospace-lcd-filter.conf", line 10: Having multiple values in <test> isn't supported and may not work as expected
Fontconfig warning: "/etc/fonts/conf.avail/53-monospace-lcd-filter.conf", line 10: Having multiple values in <test> isn't supported and may not work as expected
Fontconfig warning: "/etc/fonts/conf.avail/53-monospace-lcd-filter.conf", line 10: Having multiple values in <test> isn't supported and may not work as expected
console.error: (new TypeError("this._searchProviderInfo is null", "resource:///modules/SearchSERPTelemetry.sys.mjs", 685))
console.error: (new TypeError("linkMap is undefined", "resource://gre/modules/NewTabUtils.sys.mjs", 2001))
Fontconfig warning: "/etc/fonts/conf.avail/53-monospace-lcd-filter.conf", line 10: Having multiple values in <test> isn't supported and may not work as expected
JavaScript warning: , line 0: WebGL warning: texSubImage: Texture has not been initialized prior to a partial upload, forcing the browser to clear it. This may be slow.
JavaScript warning: , line 0: WebGL warning: texSubImage: Tex image TEXTURE_2D level 0 is incurring lazy initialization.
1700603351807	Marionette	INFO	Stopped listening on port 33851
JavaScript warning: https://www.windy.com/v/40.1.0.ind.e26e/plugins/radar.js, line 1: Script terminated by timeout at:
value@https://www.windy.com/v/40.1.0.ind.e26e/plugins/radar.js:1:28078

1700603371202	geckodriver	INFO	Listening on 127.0.0.1:59075
1700603372137	mozrunner::runner	INFO	Running command: "/snap/firefox/current/firefox.launcher" "--marionette" "--headless" "-no-remote" "-profile" "/tmp/rust_mozprofilerN6W2P"
*** You are running in headless mode.
Gtk-Message: 16:49:32.158: Not loading module "atk-bridge": The functionality is provided by GTK natively. Please try to not load it.
console.warn: services.settings: Ignoring preference override of remote settings server
console.warn: services.settings: Allow by setting MOZ_REMOTE_SETTINGS_DEVTOOLS=1 in the environment
Fontconfig warning: "/etc/fonts/conf.avail/53-monospace-lcd-filter.conf", line 10: Having multiple values in <test> isn't supported and may not work as expected
1700603372454	Marionette	INFO	Marionette enabled
1700603372516	Marionette	INFO	Listening on port 46267
Read port: 46267
1700603373026	RemoteAgent	WARN	TLS certificate errors will be ignored for this session
Fontconfig warning: "/etc/fonts/conf.avail/53-monospace-lcd-filter.conf", line 10: Having multiple values in <test> isn't supported and may not work as expected
Fontconfig warning: "/etc/fonts/conf.avail/53-monospace-lcd-filter.conf", line 10: Having multiple values in <test> isn't supported and may not work as expected
[GFX1-]: RenderCompositorSWGL failed mapping default framebuffer, no dt
console.error: ({})
Fontconfig warning: "/etc/fonts/conf.avail/53-monospace-lcd-filter.conf", line 10: Having multiple values in <test> isn't supported and may not work as expected
console.error: "update.locale" " file doesn't exist in either the application or GRE directories"
1700603449759	addons.xpi	ERROR	System addon update list error SyntaxError: XMLHttpRequest.open: 'http://%(server)s/dummy-system-addons.xml' is not a valid URL.
Fontconfig warning: "/etc/fonts/conf.avail/53-monospace-lcd-filter.conf", line 10: Having multiple values in <test> isn't supported and may not work as expected
Fontconfig warning: "/etc/fonts/conf.avail/53-monospace-lcd-filter.conf", line 10: Having multiple values in <test> isn't supported and may not work as expected
console.error: (new TypeError("linkMap is undefined", "resource://gre/modules/NewTabUtils.sys.mjs", 2001))
Fontconfig warning: "/etc/fonts/conf.avail/53-monospace-lcd-filter.conf", line 10: Having multiple values in <test> isn't supported and may not work as expected
JavaScript warning: , line 0: WebGL warning: texSubImage: Texture has not been initialized prior to a partial upload, forcing the browser to clear it. This may be slow.
JavaScript warning: , line 0: WebGL warning: texSubImage: Tex image TEXTURE_2D level 0 is incurring lazy initialization.
1700603466969	Marionette	INFO	Stopped listening on port 46267
JavaScript warning: https://www.windy.com/v/40.1.0.ind.e26e/plugins/gl-particles.js, line 1: Script terminated by timeout at:
D@https://www.windy.com/v/40.1.0.ind.e26e/plugins/gl-particles.js:1:2025

[665] Sandbox: Unexpected EOF, op 0 flags 00 path /proc/cpuinfo
1700603468308	geckodriver	INFO	Listening on 127.0.0.1:48503
1700603469220	mozrunner::runner	INFO	Running command: "/snap/firefox/current/firefox.launcher" "--marionette" "--headless" "-no-remote" "-profile" "/tmp/rust_mozprofileuHf2pW"
*** You are running in headless mode.
Gtk-Message: 16:51:09.246: Not loading module "atk-bridge": The functionality is provided by GTK natively. Please try to not load it.
console.warn: services.settings: Ignoring preference override of remote settings server
console.warn: services.settings: Allow by setting MOZ_REMOTE_SETTINGS_DEVTOOLS=1 in the environment
Fontconfig warning: "/etc/fonts/conf.avail/53-monospace-lcd-filter.conf", line 10: Having multiple values in <test> isn't supported and may not work as expected
1700603469579	Marionette	INFO	Marionette enabled
1700603469637	Marionette	INFO	Listening on port 35617
Read port: 35617
1700603470159	RemoteAgent	WARN	TLS certificate errors will be ignored for this session
Fontconfig warning: "/etc/fonts/conf.avail/53-monospace-lcd-filter.conf", line 10: Having multiple values in <test> isn't supported and may not work as expected
Fontconfig warning: "/etc/fonts/conf.avail/53-monospace-lcd-filter.conf", line 10: Having multiple values in <test> isn't supported and may not work as expected
[GFX1-]: RenderCompositorSWGL failed mapping default framebuffer, no dt
console.error: ({})
Fontconfig warning: "/etc/fonts/conf.avail/53-monospace-lcd-filter.conf", line 10: Having multiple values in <test> isn't supported and may not work as expected
Fontconfig warning: "/etc/fonts/conf.avail/53-monospace-lcd-filter.conf", line 10: Having multiple values in <test> isn't supported and may not work as expected
Fontconfig warning: "/etc/fonts/conf.avail/53-monospace-lcd-filter.conf", line 10: Having multiple values in <test> isn't supported and may not work as expected
console.error: (new TypeError("this._searchProviderInfo is null", "resource:///modules/SearchSERPTelemetry.sys.mjs", 685))
console.error: (new TypeError("linkMap is undefined", "resource://gre/modules/NewTabUtils.sys.mjs", 2001))
Fontconfig warning: "/etc/fonts/conf.avail/53-monospace-lcd-filter.conf", line 10: Having multiple values in <test> isn't supported and may not work as expected
JavaScript warning: , line 0: WebGL warning: texSubImage: Texture has not been initialized prior to a partial upload, forcing the browser to clear it. This may be slow.
JavaScript warning: , line 0: WebGL warning: texSubImage: Tex image TEXTURE_2D level 0 is incurring lazy initialization.
1700603489646	Marionette	INFO	Stopped listening on port 35617
JavaScript warning: https://www.windy.com/v/40.1.0.ind.e26e/plugins/radar.js, line 1: Script terminated by timeout at:
value@https://www.windy.com/v/40.1.0.ind.e26e/plugins/radar.js:1:28078

1700603572094	geckodriver	INFO	Listening on 127.0.0.1:46235
1700603573080	mozrunner::runner	INFO	Running command: "/snap/firefox/current/firefox.launcher" "--marionette" "--headless" "-no-remote" "-profile" "/tmp/rust_mozprofile8AkuaC"
*** You are running in headless mode.
Gtk-Message: 16:52:53.127: Not loading module "atk-bridge": The functionality is provided by GTK natively. Please try to not load it.
console.warn: services.settings: Ignoring preference override of remote settings server
console.warn: services.settings: Allow by setting MOZ_REMOTE_SETTINGS_DEVTOOLS=1 in the environment
Fontconfig warning: "/etc/fonts/conf.avail/53-monospace-lcd-filter.conf", line 10: Having multiple values in <test> isn't supported and may not work as expected
1700603573441	Marionette	INFO	Marionette enabled
1700603573500	Marionette	INFO	Listening on port 36289
Read port: 36289
1700603574244	RemoteAgent	WARN	TLS certificate errors will be ignored for this session
Fontconfig warning: "/etc/fonts/conf.avail/53-monospace-lcd-filter.conf", line 10: Having multiple values in <test> isn't supported and may not work as expected
Fontconfig warning: "/etc/fonts/conf.avail/53-monospace-lcd-filter.conf", line 10: Having multiple values in <test> isn't supported and may not work as expected
[GFX1-]: RenderCompositorSWGL failed mapping default framebuffer, no dt
console.error: ({})
Fontconfig warning: "/etc/fonts/conf.avail/53-monospace-lcd-filter.conf", line 10: Having multiple values in <test> isn't supported and may not work as expected
Fontconfig warning: "/etc/fonts/conf.avail/53-monospace-lcd-filter.conf", line 10: Having multiple values in <test> isn't supported and may not work as expected
Fontconfig warning: "/etc/fonts/conf.avail/53-monospace-lcd-filter.conf", line 10: Having multiple values in <test> isn't supported and may not work as expected
console.error: (new TypeError("this._searchProviderInfo is null", "resource:///modules/SearchSERPTelemetry.sys.mjs", 685))
Fontconfig warning: "/etc/fonts/conf.avail/53-monospace-lcd-filter.conf", line 10: Having multiple values in <test> isn't supported and may not work as expected
JavaScript warning: , line 0: WebGL warning: texSubImage: Texture has not been initialized prior to a partial upload, forcing the browser to clear it. This may be slow.
JavaScript warning: , line 0: WebGL warning: texSubImage: Tex image TEXTURE_2D level 0 is incurring lazy initialization.
1700603594059	Marionette	INFO	Stopped listening on port 36289
JavaScript warning: https://www.windy.com/v/40.1.0.ind.e26e/plugins/gl-particles.js, line 1: Script terminated by timeout at:
D@https://www.windy.com/v/40.1.0.ind.e26e/plugins/gl-particles.js:1:2025

1700603595488	geckodriver	INFO	Listening on 127.0.0.1:47797
1700603596420	mozrunner::runner	INFO	Running command: "/snap/firefox/current/firefox.launcher" "--marionette" "--headless" "-no-remote" "-profile" "/tmp/rust_mozprofileKpJmOe"
*** You are running in headless mode.
Gtk-Message: 16:53:16.464: Not loading module "atk-bridge": The functionality is provided by GTK natively. Please try to not load it.
console.warn: services.settings: Ignoring preference override of remote settings server
console.warn: services.settings: Allow by setting MOZ_REMOTE_SETTINGS_DEVTOOLS=1 in the environment
Fontconfig warning: "/etc/fonts/conf.avail/53-monospace-lcd-filter.conf", line 10: Having multiple values in <test> isn't supported and may not work as expected
1700603596773	Marionette	INFO	Marionette enabled
1700603596831	Marionette	INFO	Listening on port 33709
Read port: 33709
1700603597273	RemoteAgent	WARN	TLS certificate errors will be ignored for this session
Fontconfig warning: "/etc/fonts/conf.avail/53-monospace-lcd-filter.conf", line 10: Having multiple values in <test> isn't supported and may not work as expected
Fontconfig warning: "/etc/fonts/conf.avail/53-monospace-lcd-filter.conf", line 10: Having multiple values in <test> isn't supported and may not work as expected
[GFX1-]: RenderCompositorSWGL failed mapping default framebuffer, no dt
console.error: ({})
Fontconfig warning: "/etc/fonts/conf.avail/53-monospace-lcd-filter.conf", line 10: Having multiple values in <test> isn't supported and may not work as expected
Fontconfig warning: "/etc/fonts/conf.avail/53-monospace-lcd-filter.conf", line 10: Having multiple values in <test> isn't supported and may not work as expected
Fontconfig warning: "/etc/fonts/conf.avail/53-monospace-lcd-filter.conf", line 10: Having multiple values in <test> isn't supported and may not work as expected
console.error: (new TypeError("this._searchProviderInfo is null", "resource:///modules/SearchSERPTelemetry.sys.mjs", 685))
Fontconfig warning: "/etc/fonts/conf.avail/53-monospace-lcd-filter.conf", line 10: Having multiple values in <test> isn't supported and may not work as expected
JavaScript warning: , line 0: WebGL warning: texSubImage: Texture has not been initialized prior to a partial upload, forcing the browser to clear it. This may be slow.
JavaScript warning: , line 0: WebGL warning: texSubImage: Tex image TEXTURE_2D level 0 is incurring lazy initialization.
1700603616611	Marionette	INFO	Stopped listening on port 33709
JavaScript warning: https://www.windy.com/v/40.1.0.ind.e26e/plugins/radar.js, line 1: Script terminated by timeout at:
value@https://www.windy.com/v/40.1.0.ind.e26e/plugins/radar.js:1:28078

1700603716830	geckodriver	INFO	Listening on 127.0.0.1:40093
1700603717810	mozrunner::runner	INFO	Running command: "/snap/firefox/current/firefox.launcher" "--marionette" "--headless" "-no-remote" "-profile" "/tmp/rust_mozprofileX3TZGU"
*** You are running in headless mode.
Gtk-Message: 16:55:17.829: Not loading module "atk-bridge": The functionality is provided by GTK natively. Please try to not load it.
console.warn: services.settings: Ignoring preference override of remote settings server
console.warn: services.settings: Allow by setting MOZ_REMOTE_SETTINGS_DEVTOOLS=1 in the environment
Fontconfig warning: "/etc/fonts/conf.avail/53-monospace-lcd-filter.conf", line 10: Having multiple values in <test> isn't supported and may not work as expected
1700603718146	Marionette	INFO	Marionette enabled
1700603718204	Marionette	INFO	Listening on port 33859
Read port: 33859
1700603718649	RemoteAgent	WARN	TLS certificate errors will be ignored for this session
Fontconfig warning: "/etc/fonts/conf.avail/53-monospace-lcd-filter.conf", line 10: Having multiple values in <test> isn't supported and may not work as expected
Fontconfig warning: "/etc/fonts/conf.avail/53-monospace-lcd-filter.conf", line 10: Having multiple values in <test> isn't supported and may not work as expected
[GFX1-]: RenderCompositorSWGL failed mapping default framebuffer, no dt
console.error: ({})
Fontconfig warning: "/etc/fonts/conf.avail/53-monospace-lcd-filter.conf", line 10: Having multiple values in <test> isn't supported and may not work as expected
Fontconfig warning: "/etc/fonts/conf.avail/53-monospace-lcd-filter.conf", line 10: Having multiple values in <test> isn't supported and may not work as expected
Fontconfig warning: "/etc/fonts/conf.avail/53-monospace-lcd-filter.conf", line 10: Having multiple values in <test> isn't supported and may not work as expected
console.error: (new TypeError("this._searchProviderInfo is null", "resource:///modules/SearchSERPTelemetry.sys.mjs", 685))
console.error: (new TypeError("linkMap is undefined", "resource://gre/modules/NewTabUtils.sys.mjs", 2001))
Fontconfig warning: "/etc/fonts/conf.avail/53-monospace-lcd-filter.conf", line 10: Having multiple values in <test> isn't supported and may not work as expected
JavaScript warning: , line 0: WebGL warning: texSubImage: Texture has not been initialized prior to a partial upload, forcing the browser to clear it. This may be slow.
JavaScript warning: , line 0: WebGL warning: texSubImage: Tex image TEXTURE_2D level 0 is incurring lazy initialization.
1700603738181	Marionette	INFO	Stopped listening on port 33859
JavaScript warning: https://www.windy.com/v/40.1.0.ind.e26e/plugins/gl-particles.js, line 1: Script terminated by timeout at:
D@https://www.windy.com/v/40.1.0.ind.e26e/plugins/gl-particles.js:1:2025

1700603739423	geckodriver	INFO	Listening on 127.0.0.1:59649
1700603740332	mozrunner::runner	INFO	Running command: "/snap/firefox/current/firefox.launcher" "--marionette" "--headless" "-no-remote" "-profile" "/tmp/rust_mozprofileERquXW"
*** You are running in headless mode.
Gtk-Message: 16:55:40.371: Not loading module "atk-bridge": The functionality is provided by GTK natively. Please try to not load it.
console.warn: services.settings: Ignoring preference override of remote settings server
console.warn: services.settings: Allow by setting MOZ_REMOTE_SETTINGS_DEVTOOLS=1 in the environment
Fontconfig warning: "/etc/fonts/conf.avail/53-monospace-lcd-filter.conf", line 10: Having multiple values in <test> isn't supported and may not work as expected
1700603740684	Marionette	INFO	Marionette enabled
1700603740743	Marionette	INFO	Listening on port 35181
Read port: 35181
1700603741039	RemoteAgent	WARN	TLS certificate errors will be ignored for this session
Fontconfig warning: "/etc/fonts/conf.avail/53-monospace-lcd-filter.conf", line 10: Having multiple values in <test> isn't supported and may not work as expected
Fontconfig warning: "/etc/fonts/conf.avail/53-monospace-lcd-filter.conf", line 10: Having multiple values in <test> isn't supported and may not work as expected
[GFX1-]: RenderCompositorSWGL failed mapping default framebuffer, no dt
console.error: ({})
Fontconfig warning: "/etc/fonts/conf.avail/53-monospace-lcd-filter.conf", line 10: Having multiple values in <test> isn't supported and may not work as expected
Fontconfig warning: "/etc/fonts/conf.avail/53-monospace-lcd-filter.conf", line 10: Having multiple values in <test> isn't supported and may not work as expected
Fontconfig warning: "/etc/fonts/conf.avail/53-monospace-lcd-filter.conf", line 10: Having multiple values in <test> isn't supported and may not work as expected
console.error: (new TypeError("this._searchProviderInfo is null", "resource:///modules/SearchSERPTelemetry.sys.mjs", 685))
console.error: (new TypeError("linkMap is undefined", "resource://gre/modules/NewTabUtils.sys.mjs", 2001))
Fontconfig warning: "/etc/fonts/conf.avail/53-monospace-lcd-filter.conf", line 10: Having multiple values in <test> isn't supported and may not work as expected
JavaScript warning: , line 0: WebGL warning: texSubImage: Texture has not been initialized prior to a partial upload, forcing the browser to clear it. This may be slow.
JavaScript warning: , line 0: WebGL warning: texSubImage: Tex image TEXTURE_2D level 0 is incurring lazy initialization.
1700603760382	Marionette	INFO	Stopped listening on port 35181
JavaScript warning: https://www.windy.com/v/40.1.0.ind.e26e/plugins/radar.js, line 1: Script terminated by timeout at:
value@https://www.windy.com/v/40.1.0.ind.e26e/plugins/radar.js:1:28078

1700604027315	geckodriver	INFO	Listening on 127.0.0.1:53269
1700604028302	mozrunner::runner	INFO	Running command: "/snap/firefox/current/firefox.launcher" "--marionette" "--headless" "-no-remote" "-profile" "/tmp/rust_mozprofilevdzeMh"
*** You are running in headless mode.
Gtk-Message: 17:00:28.323: Not loading module "atk-bridge": The functionality is provided by GTK natively. Please try to not load it.
console.warn: services.settings: Ignoring preference override of remote settings server
console.warn: services.settings: Allow by setting MOZ_REMOTE_SETTINGS_DEVTOOLS=1 in the environment
Fontconfig warning: "/etc/fonts/conf.avail/53-monospace-lcd-filter.conf", line 10: Having multiple values in <test> isn't supported and may not work as expected
1700604028627	Marionette	INFO	Marionette enabled
1700604028684	Marionette	INFO	Listening on port 40247
Read port: 40247
1700604029138	RemoteAgent	WARN	TLS certificate errors will be ignored for this session
Fontconfig warning: "/etc/fonts/conf.avail/53-monospace-lcd-filter.conf", line 10: Having multiple values in <test> isn't supported and may not work as expected
Fontconfig warning: "/etc/fonts/conf.avail/53-monospace-lcd-filter.conf", line 10: Having multiple values in <test> isn't supported and may not work as expected
[GFX1-]: RenderCompositorSWGL failed mapping default framebuffer, no dt
console.error: ({})
Fontconfig warning: "/etc/fonts/conf.avail/53-monospace-lcd-filter.conf", line 10: Having multiple values in <test> isn't supported and may not work as expected
Fontconfig warning: "/etc/fonts/conf.avail/53-monospace-lcd-filter.conf", line 10: Having multiple values in <test> isn't supported and may not work as expected
Fontconfig warning: "/etc/fonts/conf.avail/53-monospace-lcd-filter.conf", line 10: Having multiple values in <test> isn't supported and may not work as expected
console.error: (new TypeError("this._searchProviderInfo is null", "resource:///modules/SearchSERPTelemetry.sys.mjs", 685))
Fontconfig warning: "/etc/fonts/conf.avail/53-monospace-lcd-filter.conf", line 10: Having multiple values in <test> isn't supported and may not work as expected
JavaScript warning: , line 0: WebGL warning: texSubImage: Texture has not been initialized prior to a partial upload, forcing the browser to clear it. This may be slow.
JavaScript warning: , line 0: WebGL warning: texSubImage: Tex image TEXTURE_2D level 0 is incurring lazy initialization.
1700604049584	Marionette	INFO	Stopped listening on port 40247
JavaScript warning: https://www.windy.com/v/40.1.0.ind.e26e/plugins/gl-particles.js, line 1: Script terminated by timeout at:
D@https://www.windy.com/v/40.1.0.ind.e26e/plugins/gl-particles.js:1:2025

1700604051116	geckodriver	INFO	Listening on 127.0.0.1:58169
1700604052025	mozrunner::runner	INFO	Running command: "/snap/firefox/current/firefox.launcher" "--marionette" "--headless" "-no-remote" "-profile" "/tmp/rust_mozprofileqQtcxo"
*** You are running in headless mode.
Gtk-Message: 17:00:52.044: Not loading module "atk-bridge": The functionality is provided by GTK natively. Please try to not load it.
console.warn: services.settings: Ignoring preference override of remote settings server
console.warn: services.settings: Allow by setting MOZ_REMOTE_SETTINGS_DEVTOOLS=1 in the environment
Fontconfig warning: "/etc/fonts/conf.avail/53-monospace-lcd-filter.conf", line 10: Having multiple values in <test> isn't supported and may not work as expected
1700604052340	Marionette	INFO	Marionette enabled
1700604052394	Marionette	INFO	Listening on port 39715
Read port: 39715
1700604052822	RemoteAgent	WARN	TLS certificate errors will be ignored for this session
Fontconfig warning: "/etc/fonts/conf.avail/53-monospace-lcd-filter.conf", line 10: Having multiple values in <test> isn't supported and may not work as expected
Fontconfig warning: "/etc/fonts/conf.avail/53-monospace-lcd-filter.conf", line 10: Having multiple values in <test> isn't supported and may not work as expected
[GFX1-]: RenderCompositorSWGL failed mapping default framebuffer, no dt
console.error: ({})
Fontconfig warning: "/etc/fonts/conf.avail/53-monospace-lcd-filter.conf", line 10: Having multiple values in <test> isn't supported and may not work as expected
Fontconfig warning: "/etc/fonts/conf.avail/53-monospace-lcd-filter.conf", line 10: Having multiple values in <test> isn't supported and may not work as expected
Fontconfig warning: "/etc/fonts/conf.avail/53-monospace-lcd-filter.conf", line 10: Having multiple values in <test> isn't supported and may not work as expected
console.error: (new TypeError("this._searchProviderInfo is null", "resource:///modules/SearchSERPTelemetry.sys.mjs", 685))
Fontconfig warning: "/etc/fonts/conf.avail/53-monospace-lcd-filter.conf", line 10: Having multiple values in <test> isn't supported and may not work as expected
JavaScript warning: , line 0: WebGL warning: texSubImage: Texture has not been initialized prior to a partial upload, forcing the browser to clear it. This may be slow.
JavaScript warning: , line 0: WebGL warning: texSubImage: Tex image TEXTURE_2D level 0 is incurring lazy initialization.
1700604071998	Marionette	INFO	Stopped listening on port 39715
JavaScript warning: https://www.windy.com/v/40.1.0.ind.e26e/plugins/radar.js, line 1: Script terminated by timeout at:
value@https://www.windy.com/v/40.1.0.ind.e26e/plugins/radar.js:1:28078

1700616877385	geckodriver	INFO	Listening on 127.0.0.1:40613
1700616878329	mozrunner::runner	INFO	Running command: "/snap/firefox/current/firefox.launcher" "--marionette" "--headless" "-no-remote" "-profile" "/tmp/rust_mozprofiletXQ8fh"
*** You are running in headless mode.
Gtk-Message: 20:34:38.351: Not loading module "atk-bridge": The functionality is provided by GTK natively. Please try to not load it.
console.warn: services.settings: Ignoring preference override of remote settings server
console.warn: services.settings: Allow by setting MOZ_REMOTE_SETTINGS_DEVTOOLS=1 in the environment
Fontconfig warning: "/etc/fonts/conf.avail/53-monospace-lcd-filter.conf", line 10: Having multiple values in <test> isn't supported and may not work as expected
1700616878642	Marionette	INFO	Marionette enabled
1700616878697	Marionette	INFO	Listening on port 36091
Read port: 36091
1700616879229	RemoteAgent	WARN	TLS certificate errors will be ignored for this session
Fontconfig warning: "/etc/fonts/conf.avail/53-monospace-lcd-filter.conf", line 10: Having multiple values in <test> isn't supported and may not work as expected
Fontconfig warning: "/etc/fonts/conf.avail/53-monospace-lcd-filter.conf", line 10: Having multiple values in <test> isn't supported and may not work as expected
[GFX1-]: RenderCompositorSWGL failed mapping default framebuffer, no dt
console.error: ({})
Fontconfig warning: "/etc/fonts/conf.avail/53-monospace-lcd-filter.conf", line 10: Having multiple values in <test> isn't supported and may not work as expected
Fontconfig warning: "/etc/fonts/conf.avail/53-monospace-lcd-filter.conf", line 10: Having multiple values in <test> isn't supported and may not work as expected
Fontconfig warning: "/etc/fonts/conf.avail/53-monospace-lcd-filter.conf", line 10: Having multiple values in <test> isn't supported and may not work as expected
console.error: (new TypeError("this._searchProviderInfo is null", "resource:///modules/SearchSERPTelemetry.sys.mjs", 685))
Fontconfig warning: "/etc/fonts/conf.avail/53-monospace-lcd-filter.conf", line 10: Having multiple values in <test> isn't supported and may not work as expected
JavaScript warning: , line 0: WebGL warning: texSubImage: Texture has not been initialized prior to a partial upload, forcing the browser to clear it. This may be slow.
JavaScript warning: , line 0: WebGL warning: texSubImage: Tex image TEXTURE_2D level 0 is incurring lazy initialization.
1700616899137	Marionette	INFO	Stopped listening on port 36091
JavaScript warning: https://www.windy.com/v/40.1.0.ind.e26e/plugins/gl-particles.js, line 1: Script terminated by timeout at:
D@https://www.windy.com/v/40.1.0.ind.e26e/plugins/gl-particles.js:1:2025

1700616900976	geckodriver	INFO	Listening on 127.0.0.1:51311
1700616901883	mozrunner::runner	INFO	Running command: "/snap/firefox/current/firefox.launcher" "--marionette" "--headless" "-no-remote" "-profile" "/tmp/rust_mozprofileHTm6w8"
*** You are running in headless mode.
Gtk-Message: 20:35:01.902: Not loading module "atk-bridge": The functionality is provided by GTK natively. Please try to not load it.
console.warn: services.settings: Ignoring preference override of remote settings server
console.warn: services.settings: Allow by setting MOZ_REMOTE_SETTINGS_DEVTOOLS=1 in the environment
Fontconfig warning: "/etc/fonts/conf.avail/53-monospace-lcd-filter.conf", line 10: Having multiple values in <test> isn't supported and may not work as expected
1700616902275	Marionette	INFO	Marionette enabled
1700616902355	Marionette	INFO	Listening on port 43043
Read port: 43043
1700616902974	RemoteAgent	WARN	TLS certificate errors will be ignored for this session
Fontconfig warning: "/etc/fonts/conf.avail/53-monospace-lcd-filter.conf", line 10: Having multiple values in <test> isn't supported and may not work as expected
Fontconfig warning: "/etc/fonts/conf.avail/53-monospace-lcd-filter.conf", line 10: Having multiple values in <test> isn't supported and may not work as expected
[GFX1-]: RenderCompositorSWGL failed mapping default framebuffer, no dt
console.error: ({})
Fontconfig warning: "/etc/fonts/conf.avail/53-monospace-lcd-filter.conf", line 10: Having multiple values in <test> isn't supported and may not work as expected
Fontconfig warning: "/etc/fonts/conf.avail/53-monospace-lcd-filter.conf", line 10: Having multiple values in <test> isn't supported and may not work as expected
Fontconfig warning: "/etc/fonts/conf.avail/53-monospace-lcd-filter.conf", line 10: Having multiple values in <test> isn't supported and may not work as expected
console.error: (new TypeError("this._searchProviderInfo is null", "resource:///modules/SearchSERPTelemetry.sys.mjs", 685))
console.error: (new TypeError("linkMap is undefined", "resource://gre/modules/NewTabUtils.sys.mjs", 2001))
Fontconfig warning: "/etc/fonts/conf.avail/53-monospace-lcd-filter.conf", line 10: Having multiple values in <test> isn't supported and may not work as expected
JavaScript warning: , line 0: WebGL warning: texSubImage: Texture has not been initialized prior to a partial upload, forcing the browser to clear it. This may be slow.
JavaScript warning: , line 0: WebGL warning: texSubImage: Tex image TEXTURE_2D level 0 is incurring lazy initialization.
1700616925753	Marionette	INFO	Stopped listening on port 43043
JavaScript warning: https://www.windy.com/v/40.1.0.ind.e26e/plugins/radar.js, line 1: Script terminated by timeout at:
value@https://www.windy.com/v/40.1.0.ind.e26e/plugins/radar.js:1:28078

update.go:85: cannot change mount namespace according to change mount (/var/lib/snapd/hostfs/usr/share/gimp/2.0/help /usr/share/gimp/2.0/help none bind,ro 0 0): cannot open directory "/var/lib": permission denied
update.go:85: cannot change mount namespace according to change mount (/var/lib/snapd/hostfs/usr/share/xubuntu-docs /usr/share/xubuntu-docs none bind,ro 0 0): cannot open directory "/var/lib": permission denied
1701289175432	geckodriver	INFO	Listening on 127.0.0.1:41529
1701289176680	mozrunner::runner	INFO	Running command: MOZ_CRASHREPORTER="1" MOZ_CRASHREPORTER_NO_REPORT="1" MOZ_CRASHREPORTER_SHUTDOWN="1" MOZ_NO_REMOTE="1" "/snap/firefox/current/firefox.launcher" "--marionette" "--headless" "-no-remote" "-profile" "/tmp/rust_mozprofile0po5C0"
*** You are running in headless mode.
Gtk-Message: 15:19:36.749: Not loading module "atk-bridge": The functionality is provided by GTK natively. Please try to not load it.
console.warn: services.settings: Ignoring preference override of remote settings server
console.warn: services.settings: Allow by setting MOZ_REMOTE_SETTINGS_DEVTOOLS=1 in the environment
Fontconfig warning: "/etc/fonts/conf.avail/53-monospace-lcd-filter.conf", line 10: Having multiple values in <test> isn't supported and may not work as expected
1701289180291	Marionette	INFO	Marionette enabled
1701289180621	Marionette	INFO	Listening on port 45485
Read port: 45485
1701289181794	RemoteAgent	WARN	TLS certificate errors will be ignored for this session
Fontconfig warning: "/etc/fonts/conf.avail/53-monospace-lcd-filter.conf", line 10: Having multiple values in <test> isn't supported and may not work as expected
Fontconfig warning: "/etc/fonts/conf.avail/53-monospace-lcd-filter.conf", line 10: Having multiple values in <test> isn't supported and may not work as expected
[GFX1-]: RenderCompositorSWGL failed mapping default framebuffer, no dt
console.error: ({})
[Parent 19910, Main Thread] WARNING: Failed to call GetIdletime(): GDBus.Error:org.freedesktop.DBus.Error.AccessDenied: An AppArmor policy prevents this sender from sending this message to this recipient; type="method_call", sender=":1.116" (uid=1001 pid=19910 comm="/snap/firefox/3416/usr/lib/firefox/firefox --mario" label="snap.firefox.geckodriver (enforce)") interface="org.gnome.Mutter.IdleMonitor" member="GetIdletime" error name="(unset)" requested_reply="0" destination=":1.25" (uid=1001 pid=4467 comm="/usr/bin/gnome-shell " label="unconfined")
: 'glib warning', file /build/firefox/parts/firefox/build/toolkit/xre/nsSigHandlers.cpp:187

** (firefox:19910): WARNING **: 15:19:43.859: Failed to call GetIdletime(): GDBus.Error:org.freedesktop.DBus.Error.AccessDenied: An AppArmor policy prevents this sender from sending this message to this recipient; type="method_call", sender=":1.116" (uid=1001 pid=19910 comm="/snap/firefox/3416/usr/lib/firefox/firefox --mario" label="snap.firefox.geckodriver (enforce)") interface="org.gnome.Mutter.IdleMonitor" member="GetIdletime" error name="(unset)" requested_reply="0" destination=":1.25" (uid=1001 pid=4467 comm="/usr/bin/gnome-shell " label="unconfined")

Fontconfig warning: "/etc/fonts/conf.avail/53-monospace-lcd-filter.conf", line 10: Having multiple values in <test> isn't supported and may not work as expected
Fontconfig warning: "/etc/fonts/conf.avail/53-monospace-lcd-filter.conf", line 10: Having multiple values in <test> isn't supported and may not work as expected
Fontconfig warning: "/etc/fonts/conf.avail/53-monospace-lcd-filter.conf", line 10: Having multiple values in <test> isn't supported and may not work as expected
console.error: (new TypeError("this._searchProviderInfo is null", "resource:///modules/SearchSERPTelemetry.sys.mjs", 692))
Fontconfig warning: "/etc/fonts/conf.avail/53-monospace-lcd-filter.conf", line 10: Having multiple values in <test> isn't supported and may not work as expected
JavaScript warning: , line 0: WebGL warning: texSubImage: Texture has not been initialized prior to a partial upload, forcing the browser to clear it. This may be slow.
JavaScript warning: , line 0: WebGL warning: texSubImage: Tex image TEXTURE_2D level 0 is incurring lazy initialization.
1701289207037	Marionette	INFO	Stopped listening on port 45485
JavaScript warning: https://www.windy.com/v/40.1.0.ind.e26e/plugins/gl-particles.js, line 1: Script terminated by timeout at:
D@https://www.windy.com/v/40.1.0.ind.e26e/plugins/gl-particles.js:1:2025

1701289877132	geckodriver	INFO	Listening on 127.0.0.1:57609
1701289878110	mozrunner::runner	INFO	Running command: MOZ_CRASHREPORTER="1" MOZ_CRASHREPORTER_NO_REPORT="1" MOZ_CRASHREPORTER_SHUTDOWN="1" MOZ_NO_REMOTE="1" "/snap/firefox/current/firefox.launcher" "--marionette" "-no-remote" "-profile" "/tmp/rust_mozprofileYEepsR"
Gtk-Message: 15:31:18.131: Not loading module "atk-bridge": The functionality is provided by GTK natively. Please try to not load it.
[21877, Main Thread] WARNING: GTK+ module /snap/firefox/3416/gnome-platform/usr/lib/gtk-2.0/modules/libcanberra-gtk-module.so cannot be loaded.
GTK+ 2.x symbols detected. Using GTK+ 2.x and GTK+ 3 in the same process is not supported.: 'glib warning', file /build/firefox/parts/firefox/build/toolkit/xre/nsSigHandlers.cpp:187

(firefox:21877): Gtk-WARNING **: 15:31:18.340: GTK+ module /snap/firefox/3416/gnome-platform/usr/lib/gtk-2.0/modules/libcanberra-gtk-module.so cannot be loaded.
GTK+ 2.x symbols detected. Using GTK+ 2.x and GTK+ 3 in the same process is not supported.
Gtk-Message: 15:31:18.340: Failed to load module "canberra-gtk-module"
[21877, Main Thread] WARNING: GTK+ module /snap/firefox/3416/gnome-platform/usr/lib/gtk-2.0/modules/libcanberra-gtk-module.so cannot be loaded.
GTK+ 2.x symbols detected. Using GTK+ 2.x and GTK+ 3 in the same process is not supported.: 'glib warning', file /build/firefox/parts/firefox/build/toolkit/xre/nsSigHandlers.cpp:187

(firefox:21877): Gtk-WARNING **: 15:31:18.358: GTK+ module /snap/firefox/3416/gnome-platform/usr/lib/gtk-2.0/modules/libcanberra-gtk-module.so cannot be loaded.
GTK+ 2.x symbols detected. Using GTK+ 2.x and GTK+ 3 in the same process is not supported.
Gtk-Message: 15:31:18.358: Failed to load module "canberra-gtk-module"
console.warn: services.settings: Ignoring preference override of remote settings server
console.warn: services.settings: Allow by setting MOZ_REMOTE_SETTINGS_DEVTOOLS=1 in the environment
Fontconfig warning: "/etc/fonts/conf.avail/53-monospace-lcd-filter.conf", line 10: Having multiple values in <test> isn't supported and may not work as expected
ATTENTION: default value of option mesa_glthread overridden by environment.
1701289879273	Marionette	INFO	Marionette enabled
ATTENTION: default value of option mesa_glthread overridden by environment.
1701289879353	Marionette	INFO	Listening on port 41431
Read port: 41431
1701289879713	RemoteAgent	WARN	TLS certificate errors will be ignored for this session
Fontconfig warning: "/etc/fonts/conf.avail/53-monospace-lcd-filter.conf", line 10: Having multiple values in <test> isn't supported and may not work as expected
Fontconfig warning: "/etc/fonts/conf.avail/53-monospace-lcd-filter.conf", line 10: Having multiple values in <test> isn't supported and may not work as expected
console.error: ({})
[Parent 21877, Main Thread] WARNING: Failed to call GetIdletime(): GDBus.Error:org.freedesktop.DBus.Error.AccessDenied: An AppArmor policy prevents this sender from sending this message to this recipient; type="method_call", sender=":1.133" (uid=1001 pid=21877 comm="/snap/firefox/3416/usr/lib/firefox/firefox --mario" label="snap.firefox.geckodriver (enforce)") interface="org.gnome.Mutter.IdleMonitor" member="GetIdletime" error name="(unset)" requested_reply="0" destination=":1.25" (uid=1001 pid=4467 comm="/usr/bin/gnome-shell " label="unconfined")
: 'glib warning', file /build/firefox/parts/firefox/build/toolkit/xre/nsSigHandlers.cpp:187

** (firefox:21877): WARNING **: 15:31:21.733: Failed to call GetIdletime(): GDBus.Error:org.freedesktop.DBus.Error.AccessDenied: An AppArmor policy prevents this sender from sending this message to this recipient; type="method_call", sender=":1.133" (uid=1001 pid=21877 comm="/snap/firefox/3416/usr/lib/firefox/firefox --mario" label="snap.firefox.geckodriver (enforce)") interface="org.gnome.Mutter.IdleMonitor" member="GetIdletime" error name="(unset)" requested_reply="0" destination=":1.25" (uid=1001 pid=4467 comm="/usr/bin/gnome-shell " label="unconfined")

Fontconfig warning: "/etc/fonts/conf.avail/53-monospace-lcd-filter.conf", line 10: Having multiple values in <test> isn't supported and may not work as expected
Fontconfig warning: "/etc/fonts/conf.avail/53-monospace-lcd-filter.conf", line 10: Having multiple values in <test> isn't supported and may not work as expected
Fontconfig warning: "/etc/fonts/conf.avail/53-monospace-lcd-filter.conf", line 10: Having multiple values in <test> isn't supported and may not work as expected
console.error: (new TypeError("this._searchProviderInfo is null", "resource:///modules/SearchSERPTelemetry.sys.mjs", 692))
Fontconfig warning: "/etc/fonts/conf.avail/53-monospace-lcd-filter.conf", line 10: Having multiple values in <test> isn't supported and may not work as expected
ATTENTION: default value of option mesa_glthread overridden by environment.
JavaScript warning: , line 0: WebGL warning: texSubImage: Texture has not been initialized prior to a partial upload, forcing the browser to clear it. This may be slow.
JavaScript warning: , line 0: WebGL warning: texSubImage: Tex image TEXTURE_2D level 0 is incurring lazy initialization.
1701289900623	Marionette	INFO	Stopped listening on port 41431
1701289936675	geckodriver	INFO	Listening on 127.0.0.1:35281
1701289937614	mozrunner::runner	INFO	Running command: MOZ_CRASHREPORTER="1" MOZ_CRASHREPORTER_NO_REPORT="1" MOZ_CRASHREPORTER_SHUTDOWN="1" MOZ_NO_REMOTE="1" "/snap/firefox/current/firefox.launcher" "--marionette" "-no-remote" "-profile" "/tmp/rust_mozprofilez51kQn"
Gtk-Message: 15:32:17.632: Not loading module "atk-bridge": The functionality is provided by GTK natively. Please try to not load it.
[22901, Main Thread] WARNING: GTK+ module /snap/firefox/3416/gnome-platform/usr/lib/gtk-2.0/modules/libcanberra-gtk-module.so cannot be loaded.
GTK+ 2.x symbols detected. Using GTK+ 2.x and GTK+ 3 in the same process is not supported.: 'glib warning', file /build/firefox/parts/firefox/build/toolkit/xre/nsSigHandlers.cpp:187

(firefox:22901): Gtk-WARNING **: 15:32:17.668: GTK+ module /snap/firefox/3416/gnome-platform/usr/lib/gtk-2.0/modules/libcanberra-gtk-module.so cannot be loaded.
GTK+ 2.x symbols detected. Using GTK+ 2.x and GTK+ 3 in the same process is not supported.
Gtk-Message: 15:32:17.668: Failed to load module "canberra-gtk-module"
[22901, Main Thread] WARNING: GTK+ module /snap/firefox/3416/gnome-platform/usr/lib/gtk-2.0/modules/libcanberra-gtk-module.so cannot be loaded.
GTK+ 2.x symbols detected. Using GTK+ 2.x and GTK+ 3 in the same process is not supported.: 'glib warning', file /build/firefox/parts/firefox/build/toolkit/xre/nsSigHandlers.cpp:187

(firefox:22901): Gtk-WARNING **: 15:32:17.669: GTK+ module /snap/firefox/3416/gnome-platform/usr/lib/gtk-2.0/modules/libcanberra-gtk-module.so cannot be loaded.
GTK+ 2.x symbols detected. Using GTK+ 2.x and GTK+ 3 in the same process is not supported.
Gtk-Message: 15:32:17.669: Failed to load module "canberra-gtk-module"
console.warn: services.settings: Ignoring preference override of remote settings server
console.warn: services.settings: Allow by setting MOZ_REMOTE_SETTINGS_DEVTOOLS=1 in the environment
Fontconfig warning: "/etc/fonts/conf.avail/53-monospace-lcd-filter.conf", line 10: Having multiple values in <test> isn't supported and may not work as expected
ATTENTION: default value of option mesa_glthread overridden by environment.
1701289938132	Marionette	INFO	Marionette enabled
ATTENTION: default value of option mesa_glthread overridden by environment.
1701289938223	Marionette	INFO	Listening on port 35551
Read port: 35551
1701289938531	RemoteAgent	WARN	TLS certificate errors will be ignored for this session
Fontconfig warning: "/etc/fonts/conf.avail/53-monospace-lcd-filter.conf", line 10: Having multiple values in <test> isn't supported and may not work as expected
Fontconfig warning: "/etc/fonts/conf.avail/53-monospace-lcd-filter.conf", line 10: Having multiple values in <test> isn't supported and may not work as expected
console.error: ({})
[Parent 22901, Main Thread] WARNING: Failed to call GetIdletime(): GDBus.Error:org.freedesktop.DBus.Error.AccessDenied: An AppArmor policy prevents this sender from sending this message to this recipient; type="method_call", sender=":1.141" (uid=1001 pid=22901 comm="/snap/firefox/3416/usr/lib/firefox/firefox --mario" label="snap.firefox.geckodriver (enforce)") interface="org.gnome.Mutter.IdleMonitor" member="GetIdletime" error name="(unset)" requested_reply="0" destination=":1.25" (uid=1001 pid=4467 comm="/usr/bin/gnome-shell " label="unconfined")
: 'glib warning', file /build/firefox/parts/firefox/build/toolkit/xre/nsSigHandlers.cpp:187

** (firefox:22901): WARNING **: 15:32:19.466: Failed to call GetIdletime(): GDBus.Error:org.freedesktop.DBus.Error.AccessDenied: An AppArmor policy prevents this sender from sending this message to this recipient; type="method_call", sender=":1.141" (uid=1001 pid=22901 comm="/snap/firefox/3416/usr/lib/firefox/firefox --mario" label="snap.firefox.geckodriver (enforce)") interface="org.gnome.Mutter.IdleMonitor" member="GetIdletime" error name="(unset)" requested_reply="0" destination=":1.25" (uid=1001 pid=4467 comm="/usr/bin/gnome-shell " label="unconfined")

Fontconfig warning: "/etc/fonts/conf.avail/53-monospace-lcd-filter.conf", line 10: Having multiple values in <test> isn't supported and may not work as expected
Fontconfig warning: "/etc/fonts/conf.avail/53-monospace-lcd-filter.conf", line 10: Having multiple values in <test> isn't supported and may not work as expected
Fontconfig warning: "/etc/fonts/conf.avail/53-monospace-lcd-filter.conf", line 10: Having multiple values in <test> isn't supported and may not work as expected
console.error: (new TypeError("this._searchProviderInfo is null", "resource:///modules/SearchSERPTelemetry.sys.mjs", 692))
console.error: (new TypeError("linkMap is undefined", "resource://gre/modules/NewTabUtils.sys.mjs", 2001))
Fontconfig warning: "/etc/fonts/conf.avail/53-monospace-lcd-filter.conf", line 10: Having multiple values in <test> isn't supported and may not work as expected
ATTENTION: default value of option mesa_glthread overridden by environment.
JavaScript warning: , line 0: WebGL warning: texSubImage: Texture has not been initialized prior to a partial upload, forcing the browser to clear it. This may be slow.
JavaScript warning: , line 0: WebGL warning: texSubImage: Tex image TEXTURE_2D level 0 is incurring lazy initialization.
1701289957692	Marionette	INFO	Stopped listening on port 35551
1701290009722	geckodriver	INFO	Listening on 127.0.0.1:41307
1701290010646	mozrunner::runner	INFO	Running command: MOZ_CRASHREPORTER="1" MOZ_CRASHREPORTER_NO_REPORT="1" MOZ_CRASHREPORTER_SHUTDOWN="1" MOZ_NO_REMOTE="1" "/snap/firefox/current/firefox.launcher" "--marionette" "--headless" "-no-remote" "-profile" "/tmp/rust_mozprofileZu1Idl"
*** You are running in headless mode.
Gtk-Message: 15:33:30.667: Not loading module "atk-bridge": The functionality is provided by GTK natively. Please try to not load it.
console.warn: services.settings: Ignoring preference override of remote settings server
console.warn: services.settings: Allow by setting MOZ_REMOTE_SETTINGS_DEVTOOLS=1 in the environment
Fontconfig warning: "/etc/fonts/conf.avail/53-monospace-lcd-filter.conf", line 10: Having multiple values in <test> isn't supported and may not work as expected
1701290010954	Marionette	INFO	Marionette enabled
1701290011010	Marionette	INFO	Listening on port 40793
Read port: 40793
1701290011313	RemoteAgent	WARN	TLS certificate errors will be ignored for this session
Fontconfig warning: "/etc/fonts/conf.avail/53-monospace-lcd-filter.conf", line 10: Having multiple values in <test> isn't supported and may not work as expected
Fontconfig warning: "/etc/fonts/conf.avail/53-monospace-lcd-filter.conf", line 10: Having multiple values in <test> isn't supported and may not work as expected
[GFX1-]: RenderCompositorSWGL failed mapping default framebuffer, no dt
console.error: ({})
[Parent 23807, Main Thread] WARNING: Failed to call GetIdletime(): GDBus.Error:org.freedesktop.DBus.Error.AccessDenied: An AppArmor policy prevents this sender from sending this message to this recipient; type="method_call", sender=":1.148" (uid=1001 pid=23807 comm="/snap/firefox/3416/usr/lib/firefox/firefox --mario" label="snap.firefox.geckodriver (enforce)") interface="org.gnome.Mutter.IdleMonitor" member="GetIdletime" error name="(unset)" requested_reply="0" destination=":1.25" (uid=1001 pid=4467 comm="/usr/bin/gnome-shell " label="unconfined")
: 'glib warning', file /build/firefox/parts/firefox/build/toolkit/xre/nsSigHandlers.cpp:187

** (firefox:23807): WARNING **: 15:33:32.093: Failed to call GetIdletime(): GDBus.Error:org.freedesktop.DBus.Error.AccessDenied: An AppArmor policy prevents this sender from sending this message to this recipient; type="method_call", sender=":1.148" (uid=1001 pid=23807 comm="/snap/firefox/3416/usr/lib/firefox/firefox --mario" label="snap.firefox.geckodriver (enforce)") interface="org.gnome.Mutter.IdleMonitor" member="GetIdletime" error name="(unset)" requested_reply="0" destination=":1.25" (uid=1001 pid=4467 comm="/usr/bin/gnome-shell " label="unconfined")

Fontconfig warning: "/etc/fonts/conf.avail/53-monospace-lcd-filter.conf", line 10: Having multiple values in <test> isn't supported and may not work as expected
Fontconfig warning: "/etc/fonts/conf.avail/53-monospace-lcd-filter.conf", line 10: Having multiple values in <test> isn't supported and may not work as expected
Fontconfig warning: "/etc/fonts/conf.avail/53-monospace-lcd-filter.conf", line 10: Having multiple values in <test> isn't supported and may not work as expected
console.error: (new TypeError("this._searchProviderInfo is null", "resource:///modules/SearchSERPTelemetry.sys.mjs", 692))
Fontconfig warning: "/etc/fonts/conf.avail/53-monospace-lcd-filter.conf", line 10: Having multiple values in <test> isn't supported and may not work as expected
JavaScript warning: , line 0: WebGL warning: texSubImage: Texture has not been initialized prior to a partial upload, forcing the browser to clear it. This may be slow.
JavaScript warning: , line 0: WebGL warning: texSubImage: Tex image TEXTURE_2D level 0 is incurring lazy initialization.
1701290030731	Marionette	INFO	Stopped listening on port 40793
JavaScript warning: https://www.windy.com/v/40.1.0.ind.e26e/plugins/gl-particles.js, line 1: Script terminated by timeout at:
D@https://www.windy.com/v/40.1.0.ind.e26e/plugins/gl-particles.js:1:2025

1701290086395	geckodriver	INFO	Listening on 127.0.0.1:48091
1701290087374	mozrunner::runner	INFO	Running command: MOZ_CRASHREPORTER="1" MOZ_CRASHREPORTER_NO_REPORT="1" MOZ_CRASHREPORTER_SHUTDOWN="1" MOZ_NO_REMOTE="1" "/snap/firefox/current/firefox.launcher" "--marionette" "--headless" "-no-remote" "-profile" "/tmp/rust_mozprofileAsBFeW"
*** You are running in headless mode.
Gtk-Message: 15:34:47.395: Not loading module "atk-bridge": The functionality is provided by GTK natively. Please try to not load it.
console.warn: services.settings: Ignoring preference override of remote settings server
console.warn: services.settings: Allow by setting MOZ_REMOTE_SETTINGS_DEVTOOLS=1 in the environment
Fontconfig warning: "/etc/fonts/conf.avail/53-monospace-lcd-filter.conf", line 10: Having multiple values in <test> isn't supported and may not work as expected
1701290087670	Marionette	INFO	Marionette enabled
1701290087725	Marionette	INFO	Listening on port 45475
Read port: 45475
1701290088230	RemoteAgent	WARN	TLS certificate errors will be ignored for this session
Fontconfig warning: "/etc/fonts/conf.avail/53-monospace-lcd-filter.conf", line 10: Having multiple values in <test> isn't supported and may not work as expected
Fontconfig warning: "/etc/fonts/conf.avail/53-monospace-lcd-filter.conf", line 10: Having multiple values in <test> isn't supported and may not work as expected
[GFX1-]: RenderCompositorSWGL failed mapping default framebuffer, no dt
console.error: ({})
[Parent 24314, Main Thread] WARNING: Failed to call GetIdletime(): GDBus.Error:org.freedesktop.DBus.Error.AccessDenied: An AppArmor policy prevents this sender from sending this message to this recipient; type="method_call", sender=":1.151" (uid=1001 pid=24314 comm="/snap/firefox/3416/usr/lib/firefox/firefox --mario" label="snap.firefox.geckodriver (enforce)") interface="org.gnome.Mutter.IdleMonitor" member="GetIdletime" error name="(unset)" requested_reply="0" destination=":1.25" (uid=1001 pid=4467 comm="/usr/bin/gnome-shell " label="unconfined")
: 'glib warning', file /build/firefox/parts/firefox/build/toolkit/xre/nsSigHandlers.cpp:187

** (firefox:24314): WARNING **: 15:34:49.275: Failed to call GetIdletime(): GDBus.Error:org.freedesktop.DBus.Error.AccessDenied: An AppArmor policy prevents this sender from sending this message to this recipient; type="method_call", sender=":1.151" (uid=1001 pid=24314 comm="/snap/firefox/3416/usr/lib/firefox/firefox --mario" label="snap.firefox.geckodriver (enforce)") interface="org.gnome.Mutter.IdleMonitor" member="GetIdletime" error name="(unset)" requested_reply="0" destination=":1.25" (uid=1001 pid=4467 comm="/usr/bin/gnome-shell " label="unconfined")

Fontconfig warning: "/etc/fonts/conf.avail/53-monospace-lcd-filter.conf", line 10: Having multiple values in <test> isn't supported and may not work as expected
Fontconfig warning: "/etc/fonts/conf.avail/53-monospace-lcd-filter.conf", line 10: Having multiple values in <test> isn't supported and may not work as expected
Fontconfig warning: "/etc/fonts/conf.avail/53-monospace-lcd-filter.conf", line 10: Having multiple values in <test> isn't supported and may not work as expected
console.error: (new TypeError("this._searchProviderInfo is null", "resource:///modules/SearchSERPTelemetry.sys.mjs", 692))
Fontconfig warning: "/etc/fonts/conf.avail/53-monospace-lcd-filter.conf", line 10: Having multiple values in <test> isn't supported and may not work as expected
JavaScript warning: , line 0: WebGL warning: texSubImage: Texture has not been initialized prior to a partial upload, forcing the browser to clear it. This may be slow.
JavaScript warning: , line 0: WebGL warning: texSubImage: Tex image TEXTURE_2D level 0 is incurring lazy initialization.
1701290108168	Marionette	INFO	Stopped listening on port 45475
JavaScript warning: https://www.windy.com/v/40.1.0.ind.e26e/plugins/gl-particles.js, line 1: Script terminated by timeout at:
D@https://www.windy.com/v/40.1.0.ind.e26e/plugins/gl-particles.js:1:2025

1701292642714	geckodriver	INFO	Listening on 127.0.0.1:35565
1701292643685	mozrunner::runner	INFO	Running command: MOZ_CRASHREPORTER="1" MOZ_CRASHREPORTER_NO_REPORT="1" MOZ_CRASHREPORTER_SHUTDOWN="1" MOZ_NO_REMOTE="1" "/snap/firefox/current/firefox.launcher" "--marionette" "--headless" "-no-remote" "-profile" "/tmp/rust_mozprofiletkJCtl"
*** You are running in headless mode.
Gtk-Message: 16:17:23.730: Not loading module "atk-bridge": The functionality is provided by GTK natively. Please try to not load it.
console.warn: services.settings: Ignoring preference override of remote settings server
console.warn: services.settings: Allow by setting MOZ_REMOTE_SETTINGS_DEVTOOLS=1 in the environment
Fontconfig warning: "/etc/fonts/conf.avail/53-monospace-lcd-filter.conf", line 10: Having multiple values in <test> isn't supported and may not work as expected
1701292644073	Marionette	INFO	Marionette enabled
1701292644140	Marionette	INFO	Listening on port 46063
Read port: 46063
1701292644686	RemoteAgent	WARN	TLS certificate errors will be ignored for this session
Fontconfig warning: "/etc/fonts/conf.avail/53-monospace-lcd-filter.conf", line 10: Having multiple values in <test> isn't supported and may not work as expected
Fontconfig warning: "/etc/fonts/conf.avail/53-monospace-lcd-filter.conf", line 10: Having multiple values in <test> isn't supported and may not work as expected
[GFX1-]: RenderCompositorSWGL failed mapping default framebuffer, no dt
console.error: ({})
[Parent 29610, Main Thread] WARNING: Failed to call GetIdletime(): GDBus.Error:org.freedesktop.DBus.Error.AccessDenied: An AppArmor policy prevents this sender from sending this message to this recipient; type="method_call", sender=":1.162" (uid=1001 pid=29610 comm="/snap/firefox/3416/usr/lib/firefox/firefox --mario" label="snap.firefox.geckodriver (enforce)") interface="org.gnome.Mutter.IdleMonitor" member="GetIdletime" error name="(unset)" requested_reply="0" destination=":1.25" (uid=1001 pid=4467 comm="/usr/bin/gnome-shell " label="unconfined")
: 'glib warning', file /build/firefox/parts/firefox/build/toolkit/xre/nsSigHandlers.cpp:187

** (firefox:29610): WARNING **: 16:17:25.641: Failed to call GetIdletime(): GDBus.Error:org.freedesktop.DBus.Error.AccessDenied: An AppArmor policy prevents this sender from sending this message to this recipient; type="method_call", sender=":1.162" (uid=1001 pid=29610 comm="/snap/firefox/3416/usr/lib/firefox/firefox --mario" label="snap.firefox.geckodriver (enforce)") interface="org.gnome.Mutter.IdleMonitor" member="GetIdletime" error name="(unset)" requested_reply="0" destination=":1.25" (uid=1001 pid=4467 comm="/usr/bin/gnome-shell " label="unconfined")

Fontconfig warning: "/etc/fonts/conf.avail/53-monospace-lcd-filter.conf", line 10: Having multiple values in <test> isn't supported and may not work as expected
Fontconfig warning: "/etc/fonts/conf.avail/53-monospace-lcd-filter.conf", line 10: Having multiple values in <test> isn't supported and may not work as expected
Fontconfig warning: "/etc/fonts/conf.avail/53-monospace-lcd-filter.conf", line 10: Having multiple values in <test> isn't supported and may not work as expected
console.error: (new TypeError("this._searchProviderInfo is null", "resource:///modules/SearchSERPTelemetry.sys.mjs", 692))
console.error: (new TypeError("linkMap is undefined", "resource://gre/modules/NewTabUtils.sys.mjs", 2001))
Fontconfig warning: "/etc/fonts/conf.avail/53-monospace-lcd-filter.conf", line 10: Having multiple values in <test> isn't supported and may not work as expected
JavaScript warning: , line 0: WebGL warning: texSubImage: Texture has not been initialized prior to a partial upload, forcing the browser to clear it. This may be slow.
JavaScript warning: , line 0: WebGL warning: texSubImage: Tex image TEXTURE_2D level 0 is incurring lazy initialization.
1701292665598	Marionette	INFO	Stopped listening on port 46063
JavaScript warning: https://www.windy.com/v/40.1.0.ind.e26e/plugins/gl-particles.js, line 1: Script terminated by timeout at:
D@https://www.windy.com/v/40.1.0.ind.e26e/plugins/gl-particles.js:1:2025

1701292666932	geckodriver	INFO	Listening on 127.0.0.1:52149
1701292667826	mozrunner::runner	INFO	Running command: MOZ_CRASHREPORTER="1" MOZ_CRASHREPORTER_NO_REPORT="1" MOZ_CRASHREPORTER_SHUTDOWN="1" MOZ_NO_REMOTE="1" "/snap/firefox/current/firefox.launcher" "--marionette" "--headless" "-no-remote" "-profile" "/tmp/rust_mozprofileuFD7IH"
*** You are running in headless mode.
Gtk-Message: 16:17:47.848: Not loading module "atk-bridge": The functionality is provided by GTK natively. Please try to not load it.
console.warn: services.settings: Ignoring preference override of remote settings server
console.warn: services.settings: Allow by setting MOZ_REMOTE_SETTINGS_DEVTOOLS=1 in the environment
Fontconfig warning: "/etc/fonts/conf.avail/53-monospace-lcd-filter.conf", line 10: Having multiple values in <test> isn't supported and may not work as expected
1701292668159	Marionette	INFO	Marionette enabled
1701292668217	Marionette	INFO	Listening on port 44397
Read port: 44397
1701292668625	RemoteAgent	WARN	TLS certificate errors will be ignored for this session
Fontconfig warning: "/etc/fonts/conf.avail/53-monospace-lcd-filter.conf", line 10: Having multiple values in <test> isn't supported and may not work as expected
Fontconfig warning: "/etc/fonts/conf.avail/53-monospace-lcd-filter.conf", line 10: Having multiple values in <test> isn't supported and may not work as expected
[GFX1-]: RenderCompositorSWGL failed mapping default framebuffer, no dt
console.error: ({})
[Parent 30049, Main Thread] WARNING: Failed to call GetIdletime(): GDBus.Error:org.freedesktop.DBus.Error.AccessDenied: An AppArmor policy prevents this sender from sending this message to this recipient; type="method_call", sender=":1.164" (uid=1001 pid=30049 comm="/snap/firefox/3416/usr/lib/firefox/firefox --mario" label="snap.firefox.geckodriver (enforce)") interface="org.gnome.Mutter.IdleMonitor" member="GetIdletime" error name="(unset)" requested_reply="0" destination=":1.25" (uid=1001 pid=4467 comm="/usr/bin/gnome-shell " label="unconfined")
: 'glib warning', file /build/firefox/parts/firefox/build/toolkit/xre/nsSigHandlers.cpp:187

** (firefox:30049): WARNING **: 16:17:49.640: Failed to call GetIdletime(): GDBus.Error:org.freedesktop.DBus.Error.AccessDenied: An AppArmor policy prevents this sender from sending this message to this recipient; type="method_call", sender=":1.164" (uid=1001 pid=30049 comm="/snap/firefox/3416/usr/lib/firefox/firefox --mario" label="snap.firefox.geckodriver (enforce)") interface="org.gnome.Mutter.IdleMonitor" member="GetIdletime" error name="(unset)" requested_reply="0" destination=":1.25" (uid=1001 pid=4467 comm="/usr/bin/gnome-shell " label="unconfined")

Fontconfig warning: "/etc/fonts/conf.avail/53-monospace-lcd-filter.conf", line 10: Having multiple values in <test> isn't supported and may not work as expected
Fontconfig warning: "/etc/fonts/conf.avail/53-monospace-lcd-filter.conf", line 10: Having multiple values in <test> isn't supported and may not work as expected
Fontconfig warning: "/etc/fonts/conf.avail/53-monospace-lcd-filter.conf", line 10: Having multiple values in <test> isn't supported and may not work as expected
console.error: (new TypeError("this._searchProviderInfo is null", "resource:///modules/SearchSERPTelemetry.sys.mjs", 692))
Fontconfig warning: "/etc/fonts/conf.avail/53-monospace-lcd-filter.conf", line 10: Having multiple values in <test> isn't supported and may not work as expected
JavaScript warning: , line 0: WebGL warning: texSubImage: Texture has not been initialized prior to a partial upload, forcing the browser to clear it. This may be slow.
JavaScript warning: , line 0: WebGL warning: texSubImage: Tex image TEXTURE_2D level 0 is incurring lazy initialization.
1701292689176	Marionette	INFO	Stopped listening on port 44397
JavaScript warning: https://www.windy.com/v/40.1.0.ind.e26e/plugins/radar.js, line 1: Script terminated by timeout at:
value@https://www.windy.com/v/40.1.0.ind.e26e/plugins/radar.js:1:28078

1701292850877	geckodriver	INFO	Listening on 127.0.0.1:52261
1701292851779	mozrunner::runner	INFO	Running command: MOZ_CRASHREPORTER="1" MOZ_CRASHREPORTER_NO_REPORT="1" MOZ_CRASHREPORTER_SHUTDOWN="1" MOZ_NO_REMOTE="1" "/snap/firefox/current/firefox.launcher" "--marionette" "--headless" "-no-remote" "-profile" "/tmp/rust_mozprofile21YkUI"
*** You are running in headless mode.
Gtk-Message: 16:20:51.797: Not loading module "atk-bridge": The functionality is provided by GTK natively. Please try to not load it.
console.warn: services.settings: Ignoring preference override of remote settings server
console.warn: services.settings: Allow by setting MOZ_REMOTE_SETTINGS_DEVTOOLS=1 in the environment
Fontconfig warning: "/etc/fonts/conf.avail/53-monospace-lcd-filter.conf", line 10: Having multiple values in <test> isn't supported and may not work as expected
1701292852166	Marionette	INFO	Marionette enabled
1701292852234	Marionette	INFO	Listening on port 46845
Read port: 46845
1701292852609	RemoteAgent	WARN	TLS certificate errors will be ignored for this session
Fontconfig warning: "/etc/fonts/conf.avail/53-monospace-lcd-filter.conf", line 10: Having multiple values in <test> isn't supported and may not work as expected
Fontconfig warning: "/etc/fonts/conf.avail/53-monospace-lcd-filter.conf", line 10: Having multiple values in <test> isn't supported and may not work as expected
[GFX1-]: RenderCompositorSWGL failed mapping default framebuffer, no dt
console.error: ({})
[Parent 30767, Main Thread] WARNING: Failed to call GetIdletime(): GDBus.Error:org.freedesktop.DBus.Error.AccessDenied: An AppArmor policy prevents this sender from sending this message to this recipient; type="method_call", sender=":1.168" (uid=1001 pid=30767 comm="/snap/firefox/3416/usr/lib/firefox/firefox --mario" label="snap.firefox.geckodriver (enforce)") interface="org.gnome.Mutter.IdleMonitor" member="GetIdletime" error name="(unset)" requested_reply="0" destination=":1.25" (uid=1001 pid=4467 comm="/usr/bin/gnome-shell " label="unconfined")
: 'glib warning', file /build/firefox/parts/firefox/build/toolkit/xre/nsSigHandlers.cpp:187

** (firefox:30767): WARNING **: 16:20:53.483: Failed to call GetIdletime(): GDBus.Error:org.freedesktop.DBus.Error.AccessDenied: An AppArmor policy prevents this sender from sending this message to this recipient; type="method_call", sender=":1.168" (uid=1001 pid=30767 comm="/snap/firefox/3416/usr/lib/firefox/firefox --mario" label="snap.firefox.geckodriver (enforce)") interface="org.gnome.Mutter.IdleMonitor" member="GetIdletime" error name="(unset)" requested_reply="0" destination=":1.25" (uid=1001 pid=4467 comm="/usr/bin/gnome-shell " label="unconfined")

Fontconfig warning: "/etc/fonts/conf.avail/53-monospace-lcd-filter.conf", line 10: Having multiple values in <test> isn't supported and may not work as expected
Fontconfig warning: "/etc/fonts/conf.avail/53-monospace-lcd-filter.conf", line 10: Having multiple values in <test> isn't supported and may not work as expected
Fontconfig warning: "/etc/fonts/conf.avail/53-monospace-lcd-filter.conf", line 10: Having multiple values in <test> isn't supported and may not work as expected
console.error: (new TypeError("this._searchProviderInfo is null", "resource:///modules/SearchSERPTelemetry.sys.mjs", 692))
Fontconfig warning: "/etc/fonts/conf.avail/53-monospace-lcd-filter.conf", line 10: Having multiple values in <test> isn't supported and may not work as expected
JavaScript warning: , line 0: WebGL warning: texSubImage: Texture has not been initialized prior to a partial upload, forcing the browser to clear it. This may be slow.
JavaScript warning: , line 0: WebGL warning: texSubImage: Tex image TEXTURE_2D level 0 is incurring lazy initialization.
1701292872853	Marionette	INFO	Stopped listening on port 46845
JavaScript warning: https://www.windy.com/v/40.1.0.ind.e26e/plugins/gl-particles.js, line 1: Script terminated by timeout at:
D@https://www.windy.com/v/40.1.0.ind.e26e/plugins/gl-particles.js:1:2025

1701292874076	geckodriver	INFO	Listening on 127.0.0.1:33147
1701292874998	mozrunner::runner	INFO	Running command: MOZ_CRASHREPORTER="1" MOZ_CRASHREPORTER_NO_REPORT="1" MOZ_CRASHREPORTER_SHUTDOWN="1" MOZ_NO_REMOTE="1" "/snap/firefox/current/firefox.launcher" "--marionette" "--headless" "-no-remote" "-profile" "/tmp/rust_mozprofileBLQ5Nu"
*** You are running in headless mode.
Gtk-Message: 16:21:15.018: Not loading module "atk-bridge": The functionality is provided by GTK natively. Please try to not load it.
console.warn: services.settings: Ignoring preference override of remote settings server
console.warn: services.settings: Allow by setting MOZ_REMOTE_SETTINGS_DEVTOOLS=1 in the environment
Fontconfig warning: "/etc/fonts/conf.avail/53-monospace-lcd-filter.conf", line 10: Having multiple values in <test> isn't supported and may not work as expected
1701292875314	Marionette	INFO	Marionette enabled
1701292875372	Marionette	INFO	Listening on port 40429
Read port: 40429
1701292875916	RemoteAgent	WARN	TLS certificate errors will be ignored for this session
Fontconfig warning: "/etc/fonts/conf.avail/53-monospace-lcd-filter.conf", line 10: Having multiple values in <test> isn't supported and may not work as expected
Fontconfig warning: "/etc/fonts/conf.avail/53-monospace-lcd-filter.conf", line 10: Having multiple values in <test> isn't supported and may not work as expected
[GFX1-]: RenderCompositorSWGL failed mapping default framebuffer, no dt
console.error: ({})
[Parent 31198, Main Thread] WARNING: Failed to call GetIdletime(): GDBus.Error:org.freedesktop.DBus.Error.AccessDenied: An AppArmor policy prevents this sender from sending this message to this recipient; type="method_call", sender=":1.170" (uid=1001 pid=31198 comm="/snap/firefox/3416/usr/lib/firefox/firefox --mario" label="snap.firefox.geckodriver (enforce)") interface="org.gnome.Mutter.IdleMonitor" member="GetIdletime" error name="(unset)" requested_reply="0" destination=":1.25" (uid=1001 pid=4467 comm="/usr/bin/gnome-shell " label="unconfined")
: 'glib warning', file /build/firefox/parts/firefox/build/toolkit/xre/nsSigHandlers.cpp:187

** (firefox:31198): WARNING **: 16:21:16.957: Failed to call GetIdletime(): GDBus.Error:org.freedesktop.DBus.Error.AccessDenied: An AppArmor policy prevents this sender from sending this message to this recipient; type="method_call", sender=":1.170" (uid=1001 pid=31198 comm="/snap/firefox/3416/usr/lib/firefox/firefox --mario" label="snap.firefox.geckodriver (enforce)") interface="org.gnome.Mutter.IdleMonitor" member="GetIdletime" error name="(unset)" requested_reply="0" destination=":1.25" (uid=1001 pid=4467 comm="/usr/bin/gnome-shell " label="unconfined")

Fontconfig warning: "/etc/fonts/conf.avail/53-monospace-lcd-filter.conf", line 10: Having multiple values in <test> isn't supported and may not work as expected
Fontconfig warning: "/etc/fonts/conf.avail/53-monospace-lcd-filter.conf", line 10: Having multiple values in <test> isn't supported and may not work as expected
Fontconfig warning: "/etc/fonts/conf.avail/53-monospace-lcd-filter.conf", line 10: Having multiple values in <test> isn't supported and may not work as expected
console.error: (new TypeError("this._searchProviderInfo is null", "resource:///modules/SearchSERPTelemetry.sys.mjs", 692))
console.error: (new TypeError("linkMap is undefined", "resource://gre/modules/NewTabUtils.sys.mjs", 2001))
Fontconfig warning: "/etc/fonts/conf.avail/53-monospace-lcd-filter.conf", line 10: Having multiple values in <test> isn't supported and may not work as expected
JavaScript warning: , line 0: WebGL warning: texSubImage: Texture has not been initialized prior to a partial upload, forcing the browser to clear it. This may be slow.
JavaScript warning: , line 0: WebGL warning: texSubImage: Tex image TEXTURE_2D level 0 is incurring lazy initialization.
1701292895242	Marionette	INFO	Stopped listening on port 40429
JavaScript warning: https://www.windy.com/v/40.1.0.ind.e26e/plugins/radar.js, line 1: Script terminated by timeout at:
value@https://www.windy.com/v/40.1.0.ind.e26e/plugins/radar.js:1:28078

1701293311815	geckodriver	INFO	Listening on 127.0.0.1:35697
1701293312771	mozrunner::runner	INFO	Running command: MOZ_CRASHREPORTER="1" MOZ_CRASHREPORTER_NO_REPORT="1" MOZ_CRASHREPORTER_SHUTDOWN="1" MOZ_NO_REMOTE="1" "/snap/firefox/current/firefox.launcher" "--marionette" "--headless" "-no-remote" "-profile" "/tmp/rust_mozprofile2zFmls"
*** You are running in headless mode.
Gtk-Message: 16:28:32.790: Not loading module "atk-bridge": The functionality is provided by GTK natively. Please try to not load it.
console.warn: services.settings: Ignoring preference override of remote settings server
console.warn: services.settings: Allow by setting MOZ_REMOTE_SETTINGS_DEVTOOLS=1 in the environment
Fontconfig warning: "/etc/fonts/conf.avail/53-monospace-lcd-filter.conf", line 10: Having multiple values in <test> isn't supported and may not work as expected
1701293313093	Marionette	INFO	Marionette enabled
1701293313150	Marionette	INFO	Listening on port 45011
Read port: 45011
1701293313524	RemoteAgent	WARN	TLS certificate errors will be ignored for this session
Fontconfig warning: "/etc/fonts/conf.avail/53-monospace-lcd-filter.conf", line 10: Having multiple values in <test> isn't supported and may not work as expected
Fontconfig warning: "/etc/fonts/conf.avail/53-monospace-lcd-filter.conf", line 10: Having multiple values in <test> isn't supported and may not work as expected
[GFX1-]: RenderCompositorSWGL failed mapping default framebuffer, no dt
console.error: ({})
[Parent 32353, Main Thread] WARNING: Failed to call GetIdletime(): GDBus.Error:org.freedesktop.DBus.Error.AccessDenied: An AppArmor policy prevents this sender from sending this message to this recipient; type="method_call", sender=":1.175" (uid=1001 pid=32353 comm="/snap/firefox/3416/usr/lib/firefox/firefox --mario" label="snap.firefox.geckodriver (enforce)") interface="org.gnome.Mutter.IdleMonitor" member="GetIdletime" error name="(unset)" requested_reply="0" destination=":1.25" (uid=1001 pid=4467 comm="/usr/bin/gnome-shell " label="unconfined")
: 'glib warning', file /build/firefox/parts/firefox/build/toolkit/xre/nsSigHandlers.cpp:187

** (firefox:32353): WARNING **: 16:28:34.573: Failed to call GetIdletime(): GDBus.Error:org.freedesktop.DBus.Error.AccessDenied: An AppArmor policy prevents this sender from sending this message to this recipient; type="method_call", sender=":1.175" (uid=1001 pid=32353 comm="/snap/firefox/3416/usr/lib/firefox/firefox --mario" label="snap.firefox.geckodriver (enforce)") interface="org.gnome.Mutter.IdleMonitor" member="GetIdletime" error name="(unset)" requested_reply="0" destination=":1.25" (uid=1001 pid=4467 comm="/usr/bin/gnome-shell " label="unconfined")

Fontconfig warning: "/etc/fonts/conf.avail/53-monospace-lcd-filter.conf", line 10: Having multiple values in <test> isn't supported and may not work as expected
Fontconfig warning: "/etc/fonts/conf.avail/53-monospace-lcd-filter.conf", line 10: Having multiple values in <test> isn't supported and may not work as expected
Fontconfig warning: "/etc/fonts/conf.avail/53-monospace-lcd-filter.conf", line 10: Having multiple values in <test> isn't supported and may not work as expected
console.error: (new TypeError("this._searchProviderInfo is null", "resource:///modules/SearchSERPTelemetry.sys.mjs", 692))
Fontconfig warning: "/etc/fonts/conf.avail/53-monospace-lcd-filter.conf", line 10: Having multiple values in <test> isn't supported and may not work as expected
JavaScript warning: , line 0: WebGL warning: texSubImage: Texture has not been initialized prior to a partial upload, forcing the browser to clear it. This may be slow.
JavaScript warning: , line 0: WebGL warning: texSubImage: Tex image TEXTURE_2D level 0 is incurring lazy initialization.
1701293333565	Marionette	INFO	Stopped listening on port 45011
JavaScript warning: https://www.windy.com/v/40.1.0.ind.e26e/plugins/gl-particles.js, line 1: Script terminated by timeout at:
D@https://www.windy.com/v/40.1.0.ind.e26e/plugins/gl-particles.js:1:2025

1701293334737	geckodriver	INFO	Listening on 127.0.0.1:43273
1701293335670	mozrunner::runner	INFO	Running command: MOZ_CRASHREPORTER="1" MOZ_CRASHREPORTER_NO_REPORT="1" MOZ_CRASHREPORTER_SHUTDOWN="1" MOZ_NO_REMOTE="1" "/snap/firefox/current/firefox.launcher" "--marionette" "--headless" "-no-remote" "-profile" "/tmp/rust_mozprofileRVJOxI"
*** You are running in headless mode.
Gtk-Message: 16:28:55.688: Not loading module "atk-bridge": The functionality is provided by GTK natively. Please try to not load it.
console.warn: services.settings: Ignoring preference override of remote settings server
console.warn: services.settings: Allow by setting MOZ_REMOTE_SETTINGS_DEVTOOLS=1 in the environment
Fontconfig warning: "/etc/fonts/conf.avail/53-monospace-lcd-filter.conf", line 10: Having multiple values in <test> isn't supported and may not work as expected
1701293335980	Marionette	INFO	Marionette enabled
1701293336039	Marionette	INFO	Listening on port 43159
Read port: 43159
1701293336319	RemoteAgent	WARN	TLS certificate errors will be ignored for this session
Fontconfig warning: "/etc/fonts/conf.avail/53-monospace-lcd-filter.conf", line 10: Having multiple values in <test> isn't supported and may not work as expected
Fontconfig warning: "/etc/fonts/conf.avail/53-monospace-lcd-filter.conf", line 10: Having multiple values in <test> isn't supported and may not work as expected
[GFX1-]: RenderCompositorSWGL failed mapping default framebuffer, no dt
console.error: ({})
[Parent 305, Main Thread] WARNING: Failed to call GetIdletime(): GDBus.Error:org.freedesktop.DBus.Error.AccessDenied: An AppArmor policy prevents this sender from sending this message to this recipient; type="method_call", sender=":1.177" (uid=1001 pid=305 comm="/snap/firefox/3416/usr/lib/firefox/firefox --mario" label="snap.firefox.geckodriver (enforce)") interface="org.gnome.Mutter.IdleMonitor" member="GetIdletime" error name="(unset)" requested_reply="0" destination=":1.25" (uid=1001 pid=4467 comm="/usr/bin/gnome-shell " label="unconfined")
: 'glib warning', file /build/firefox/parts/firefox/build/toolkit/xre/nsSigHandlers.cpp:187

** (firefox:305): WARNING **: 16:28:57.216: Failed to call GetIdletime(): GDBus.Error:org.freedesktop.DBus.Error.AccessDenied: An AppArmor policy prevents this sender from sending this message to this recipient; type="method_call", sender=":1.177" (uid=1001 pid=305 comm="/snap/firefox/3416/usr/lib/firefox/firefox --mario" label="snap.firefox.geckodriver (enforce)") interface="org.gnome.Mutter.IdleMonitor" member="GetIdletime" error name="(unset)" requested_reply="0" destination=":1.25" (uid=1001 pid=4467 comm="/usr/bin/gnome-shell " label="unconfined")

Fontconfig warning: "/etc/fonts/conf.avail/53-monospace-lcd-filter.conf", line 10: Having multiple values in <test> isn't supported and may not work as expected
Fontconfig warning: "/etc/fonts/conf.avail/53-monospace-lcd-filter.conf", line 10: Having multiple values in <test> isn't supported and may not work as expected
Fontconfig warning: "/etc/fonts/conf.avail/53-monospace-lcd-filter.conf", line 10: Having multiple values in <test> isn't supported and may not work as expected
console.error: (new TypeError("this._searchProviderInfo is null", "resource:///modules/SearchSERPTelemetry.sys.mjs", 692))
console.error: (new TypeError("linkMap is undefined", "resource://gre/modules/NewTabUtils.sys.mjs", 2001))
Fontconfig warning: "/etc/fonts/conf.avail/53-monospace-lcd-filter.conf", line 10: Having multiple values in <test> isn't supported and may not work as expected
JavaScript warning: , line 0: WebGL warning: texSubImage: Texture has not been initialized prior to a partial upload, forcing the browser to clear it. This may be slow.
JavaScript warning: , line 0: WebGL warning: texSubImage: Tex image TEXTURE_2D level 0 is incurring lazy initialization.
1701293355502	Marionette	INFO	Stopped listening on port 43159
JavaScript warning: https://www.windy.com/v/40.1.0.ind.e26e/plugins/radar.js, line 1: Script terminated by timeout at:
value@https://www.windy.com/v/40.1.0.ind.e26e/plugins/radar.js:1:28078

1701293522432	geckodriver	INFO	Listening on 127.0.0.1:59029
1701293523410	mozrunner::runner	INFO	Running command: MOZ_CRASHREPORTER="1" MOZ_CRASHREPORTER_NO_REPORT="1" MOZ_CRASHREPORTER_SHUTDOWN="1" MOZ_NO_REMOTE="1" "/snap/firefox/current/firefox.launcher" "--marionette" "--headless" "-no-remote" "-profile" "/tmp/rust_mozprofileRtuUQi"
*** You are running in headless mode.
Gtk-Message: 16:32:03.429: Not loading module "atk-bridge": The functionality is provided by GTK natively. Please try to not load it.
console.warn: services.settings: Ignoring preference override of remote settings server
console.warn: services.settings: Allow by setting MOZ_REMOTE_SETTINGS_DEVTOOLS=1 in the environment
Fontconfig warning: "/etc/fonts/conf.avail/53-monospace-lcd-filter.conf", line 10: Having multiple values in <test> isn't supported and may not work as expected
1701293523733	Marionette	INFO	Marionette enabled
1701293523788	Marionette	INFO	Listening on port 40941
Read port: 40941
1701293524488	RemoteAgent	WARN	TLS certificate errors will be ignored for this session
Fontconfig warning: "/etc/fonts/conf.avail/53-monospace-lcd-filter.conf", line 10: Having multiple values in <test> isn't supported and may not work as expected
Fontconfig warning: "/etc/fonts/conf.avail/53-monospace-lcd-filter.conf", line 10: Having multiple values in <test> isn't supported and may not work as expected
[GFX1-]: RenderCompositorSWGL failed mapping default framebuffer, no dt
console.error: ({})
[Parent 1172, Main Thread] WARNING: Failed to call GetIdletime(): GDBus.Error:org.freedesktop.DBus.Error.AccessDenied: An AppArmor policy prevents this sender from sending this message to this recipient; type="method_call", sender=":1.180" (uid=1001 pid=1172 comm="/snap/firefox/3416/usr/lib/firefox/firefox --mario" label="snap.firefox.geckodriver (enforce)") interface="org.gnome.Mutter.IdleMonitor" member="GetIdletime" error name="(unset)" requested_reply="0" destination=":1.25" (uid=1001 pid=4467 comm="/usr/bin/gnome-shell " label="unconfined")
: 'glib warning', file /build/firefox/parts/firefox/build/toolkit/xre/nsSigHandlers.cpp:187

** (firefox:1172): WARNING **: 16:32:05.390: Failed to call GetIdletime(): GDBus.Error:org.freedesktop.DBus.Error.AccessDenied: An AppArmor policy prevents this sender from sending this message to this recipient; type="method_call", sender=":1.180" (uid=1001 pid=1172 comm="/snap/firefox/3416/usr/lib/firefox/firefox --mario" label="snap.firefox.geckodriver (enforce)") interface="org.gnome.Mutter.IdleMonitor" member="GetIdletime" error name="(unset)" requested_reply="0" destination=":1.25" (uid=1001 pid=4467 comm="/usr/bin/gnome-shell " label="unconfined")

Fontconfig warning: "/etc/fonts/conf.avail/53-monospace-lcd-filter.conf", line 10: Having multiple values in <test> isn't supported and may not work as expected
Fontconfig warning: "/etc/fonts/conf.avail/53-monospace-lcd-filter.conf", line 10: Having multiple values in <test> isn't supported and may not work as expected
Fontconfig warning: "/etc/fonts/conf.avail/53-monospace-lcd-filter.conf", line 10: Having multiple values in <test> isn't supported and may not work as expected
console.error: (new TypeError("this._searchProviderInfo is null", "resource:///modules/SearchSERPTelemetry.sys.mjs", 692))
Fontconfig warning: "/etc/fonts/conf.avail/53-monospace-lcd-filter.conf", line 10: Having multiple values in <test> isn't supported and may not work as expected
JavaScript warning: , line 0: WebGL warning: texSubImage: Texture has not been initialized prior to a partial upload, forcing the browser to clear it. This may be slow.
JavaScript warning: , line 0: WebGL warning: texSubImage: Tex image TEXTURE_2D level 0 is incurring lazy initialization.
1701293544222	Marionette	INFO	Stopped listening on port 40941
JavaScript warning: https://www.windy.com/v/40.1.0.ind.e26e/plugins/gl-particles.js, line 1: Script terminated by timeout at:
D@https://www.windy.com/v/40.1.0.ind.e26e/plugins/gl-particles.js:1:2025

1701293545467	geckodriver	INFO	Listening on 127.0.0.1:42353
1701293546406	mozrunner::runner	INFO	Running command: MOZ_CRASHREPORTER="1" MOZ_CRASHREPORTER_NO_REPORT="1" MOZ_CRASHREPORTER_SHUTDOWN="1" MOZ_NO_REMOTE="1" "/snap/firefox/current/firefox.launcher" "--marionette" "--headless" "-no-remote" "-profile" "/tmp/rust_mozprofileVqVCmH"
*** You are running in headless mode.
Gtk-Message: 16:32:26.426: Not loading module "atk-bridge": The functionality is provided by GTK natively. Please try to not load it.
console.warn: services.settings: Ignoring preference override of remote settings server
console.warn: services.settings: Allow by setting MOZ_REMOTE_SETTINGS_DEVTOOLS=1 in the environment
Fontconfig warning: "/etc/fonts/conf.avail/53-monospace-lcd-filter.conf", line 10: Having multiple values in <test> isn't supported and may not work as expected
1701293546746	Marionette	INFO	Marionette enabled
1701293546802	Marionette	INFO	Listening on port 41321
Read port: 41321
1701293547115	RemoteAgent	WARN	TLS certificate errors will be ignored for this session
Fontconfig warning: "/etc/fonts/conf.avail/53-monospace-lcd-filter.conf", line 10: Having multiple values in <test> isn't supported and may not work as expected
Fontconfig warning: "/etc/fonts/conf.avail/53-monospace-lcd-filter.conf", line 10: Having multiple values in <test> isn't supported and may not work as expected
[GFX1-]: RenderCompositorSWGL failed mapping default framebuffer, no dt
console.error: ({})
[Parent 1569, Main Thread] WARNING: Failed to call GetIdletime(): GDBus.Error:org.freedesktop.DBus.Error.AccessDenied: An AppArmor policy prevents this sender from sending this message to this recipient; type="method_call", sender=":1.182" (uid=1001 pid=1569 comm="/snap/firefox/3416/usr/lib/firefox/firefox --mario" label="snap.firefox.geckodriver (enforce)") interface="org.gnome.Mutter.IdleMonitor" member="GetIdletime" error name="(unset)" requested_reply="0" destination=":1.25" (uid=1001 pid=4467 comm="/usr/bin/gnome-shell " label="unconfined")
: 'glib warning', file /build/firefox/parts/firefox/build/toolkit/xre/nsSigHandlers.cpp:187

** (firefox:1569): WARNING **: 16:32:27.981: Failed to call GetIdletime(): GDBus.Error:org.freedesktop.DBus.Error.AccessDenied: An AppArmor policy prevents this sender from sending this message to this recipient; type="method_call", sender=":1.182" (uid=1001 pid=1569 comm="/snap/firefox/3416/usr/lib/firefox/firefox --mario" label="snap.firefox.geckodriver (enforce)") interface="org.gnome.Mutter.IdleMonitor" member="GetIdletime" error name="(unset)" requested_reply="0" destination=":1.25" (uid=1001 pid=4467 comm="/usr/bin/gnome-shell " label="unconfined")

Fontconfig warning: "/etc/fonts/conf.avail/53-monospace-lcd-filter.conf", line 10: Having multiple values in <test> isn't supported and may not work as expected
Fontconfig warning: "/etc/fonts/conf.avail/53-monospace-lcd-filter.conf", line 10: Having multiple values in <test> isn't supported and may not work as expected
Fontconfig warning: "/etc/fonts/conf.avail/53-monospace-lcd-filter.conf", line 10: Having multiple values in <test> isn't supported and may not work as expected
console.error: (new TypeError("this._searchProviderInfo is null", "resource:///modules/SearchSERPTelemetry.sys.mjs", 692))
console.error: (new TypeError("linkMap is undefined", "resource://gre/modules/NewTabUtils.sys.mjs", 2001))
Fontconfig warning: "/etc/fonts/conf.avail/53-monospace-lcd-filter.conf", line 10: Having multiple values in <test> isn't supported and may not work as expected
JavaScript warning: , line 0: WebGL warning: texSubImage: Texture has not been initialized prior to a partial upload, forcing the browser to clear it. This may be slow.
JavaScript warning: , line 0: WebGL warning: texSubImage: Tex image TEXTURE_2D level 0 is incurring lazy initialization.
1701293566984	Marionette	INFO	Stopped listening on port 41321
JavaScript warning: https://www.windy.com/v/40.1.0.ind.e26e/plugins/radar.js, line 1: Script terminated by timeout at:
value@https://www.windy.com/v/40.1.0.ind.e26e/plugins/radar.js:1:28078

1701573501553	geckodriver	INFO	Listening on 127.0.0.1:56221
1701573502513	mozrunner::runner	INFO	Running command: MOZ_CRASHREPORTER="1" MOZ_CRASHREPORTER_NO_REPORT="1" MOZ_CRASHREPORTER_SHUTDOWN="1" MOZ_NO_REMOTE="1" "/snap/firefox/current/firefox.launcher" "--marionette" "--headless" "-no-remote" "-profile" "/tmp/rust_mozprofileF426zn"
*** You are running in headless mode.
Gtk-Message: 22:18:22.554: Not loading module "atk-bridge": The functionality is provided by GTK natively. Please try to not load it.
console.warn: services.settings: Ignoring preference override of remote settings server
console.warn: services.settings: Allow by setting MOZ_REMOTE_SETTINGS_DEVTOOLS=1 in the environment
Fontconfig warning: "/etc/fonts/conf.avail/53-monospace-lcd-filter.conf", line 10: Having multiple values in <test> isn't supported and may not work as expected
1701573503170	Marionette	INFO	Marionette enabled
1701573503223	Marionette	INFO	Listening on port 39991
Read port: 39991
1701573503712	RemoteAgent	WARN	TLS certificate errors will be ignored for this session
Fontconfig warning: "/etc/fonts/conf.avail/53-monospace-lcd-filter.conf", line 10: Having multiple values in <test> isn't supported and may not work as expected
Fontconfig warning: "/etc/fonts/conf.avail/53-monospace-lcd-filter.conf", line 10: Having multiple values in <test> isn't supported and may not work as expected
[GFX1-]: RenderCompositorSWGL failed mapping default framebuffer, no dt
console.error: ({})
[Parent 25944, Main Thread] WARNING: Failed to call GetIdletime(): GDBus.Error:org.freedesktop.DBus.Error.AccessDenied: An AppArmor policy prevents this sender from sending this message to this recipient; type="method_call", sender=":1.199" (uid=1001 pid=25944 comm="/snap/firefox/3416/usr/lib/firefox/firefox --mario" label="snap.firefox.geckodriver (enforce)") interface="org.gnome.Mutter.IdleMonitor" member="GetIdletime" error name="(unset)" requested_reply="0" destination=":1.25" (uid=1001 pid=4467 comm="/usr/bin/gnome-shell " label="unconfined")
: 'glib warning', file /build/firefox/parts/firefox/build/toolkit/xre/nsSigHandlers.cpp:187

** (firefox:25944): WARNING **: 22:18:25.974: Failed to call GetIdletime(): GDBus.Error:org.freedesktop.DBus.Error.AccessDenied: An AppArmor policy prevents this sender from sending this message to this recipient; type="method_call", sender=":1.199" (uid=1001 pid=25944 comm="/snap/firefox/3416/usr/lib/firefox/firefox --mario" label="snap.firefox.geckodriver (enforce)") interface="org.gnome.Mutter.IdleMonitor" member="GetIdletime" error name="(unset)" requested_reply="0" destination=":1.25" (uid=1001 pid=4467 comm="/usr/bin/gnome-shell " label="unconfined")

Fontconfig warning: "/etc/fonts/conf.avail/53-monospace-lcd-filter.conf", line 10: Having multiple values in <test> isn't supported and may not work as expected
Fontconfig warning: "/etc/fonts/conf.avail/53-monospace-lcd-filter.conf", line 10: Having multiple values in <test> isn't supported and may not work as expected
Fontconfig warning: "/etc/fonts/conf.avail/53-monospace-lcd-filter.conf", line 10: Having multiple values in <test> isn't supported and may not work as expected
console.error: (new TypeError("this._searchProviderInfo is null", "resource:///modules/SearchSERPTelemetry.sys.mjs", 692))
Fontconfig warning: "/etc/fonts/conf.avail/53-monospace-lcd-filter.conf", line 10: Having multiple values in <test> isn't supported and may not work as expected
JavaScript warning: , line 0: WebGL warning: texSubImage: Texture has not been initialized prior to a partial upload, forcing the browser to clear it. This may be slow.
JavaScript warning: , line 0: WebGL warning: texSubImage: Tex image TEXTURE_2D level 0 is incurring lazy initialization.
1701573528816	Marionette	INFO	Stopped listening on port 39991
JavaScript warning: https://www.windy.com/v/40.1.0.ind.e26e/plugins/gl-particles.js, line 1: Script terminated by timeout at:
D@https://www.windy.com/v/40.1.0.ind.e26e/plugins/gl-particles.js:1:2025

1701573530156	geckodriver	INFO	Listening on 127.0.0.1:33977
1701573531106	mozrunner::runner	INFO	Running command: MOZ_CRASHREPORTER="1" MOZ_CRASHREPORTER_NO_REPORT="1" MOZ_CRASHREPORTER_SHUTDOWN="1" MOZ_NO_REMOTE="1" "/snap/firefox/current/firefox.launcher" "--marionette" "--headless" "-no-remote" "-profile" "/tmp/rust_mozprofileEJEgby"
*** You are running in headless mode.
Gtk-Message: 22:18:51.126: Not loading module "atk-bridge": The functionality is provided by GTK natively. Please try to not load it.
console.warn: services.settings: Ignoring preference override of remote settings server
console.warn: services.settings: Allow by setting MOZ_REMOTE_SETTINGS_DEVTOOLS=1 in the environment
Fontconfig warning: "/etc/fonts/conf.avail/53-monospace-lcd-filter.conf", line 10: Having multiple values in <test> isn't supported and may not work as expected
1701573531421	Marionette	INFO	Marionette enabled
1701573531474	Marionette	INFO	Listening on port 39021
Read port: 39021
1701573532097	RemoteAgent	WARN	TLS certificate errors will be ignored for this session
Fontconfig warning: "/etc/fonts/conf.avail/53-monospace-lcd-filter.conf", line 10: Having multiple values in <test> isn't supported and may not work as expected
Fontconfig warning: "/etc/fonts/conf.avail/53-monospace-lcd-filter.conf", line 10: Having multiple values in <test> isn't supported and may not work as expected
[GFX1-]: RenderCompositorSWGL failed mapping default framebuffer, no dt
console.error: ({})
[Parent 26323, Main Thread] WARNING: Failed to call GetIdletime(): GDBus.Error:org.freedesktop.DBus.Error.AccessDenied: An AppArmor policy prevents this sender from sending this message to this recipient; type="method_call", sender=":1.201" (uid=1001 pid=26323 comm="/snap/firefox/3416/usr/lib/firefox/firefox --mario" label="snap.firefox.geckodriver (enforce)") interface="org.gnome.Mutter.IdleMonitor" member="GetIdletime" error name="(unset)" requested_reply="0" destination=":1.25" (uid=1001 pid=4467 comm="/usr/bin/gnome-shell " label="unconfined")
: 'glib warning', file /build/firefox/parts/firefox/build/toolkit/xre/nsSigHandlers.cpp:187

** (firefox:26323): WARNING **: 22:18:52.860: Failed to call GetIdletime(): GDBus.Error:org.freedesktop.DBus.Error.AccessDenied: An AppArmor policy prevents this sender from sending this message to this recipient; type="method_call", sender=":1.201" (uid=1001 pid=26323 comm="/snap/firefox/3416/usr/lib/firefox/firefox --mario" label="snap.firefox.geckodriver (enforce)") interface="org.gnome.Mutter.IdleMonitor" member="GetIdletime" error name="(unset)" requested_reply="0" destination=":1.25" (uid=1001 pid=4467 comm="/usr/bin/gnome-shell " label="unconfined")

Fontconfig warning: "/etc/fonts/conf.avail/53-monospace-lcd-filter.conf", line 10: Having multiple values in <test> isn't supported and may not work as expected
Fontconfig warning: "/etc/fonts/conf.avail/53-monospace-lcd-filter.conf", line 10: Having multiple values in <test> isn't supported and may not work as expected
Fontconfig warning: "/etc/fonts/conf.avail/53-monospace-lcd-filter.conf", line 10: Having multiple values in <test> isn't supported and may not work as expected
console.error: (new TypeError("this._searchProviderInfo is null", "resource:///modules/SearchSERPTelemetry.sys.mjs", 692))
Fontconfig warning: "/etc/fonts/conf.avail/53-monospace-lcd-filter.conf", line 10: Having multiple values in <test> isn't supported and may not work as expected
JavaScript warning: , line 0: WebGL warning: texSubImage: Texture has not been initialized prior to a partial upload, forcing the browser to clear it. This may be slow.
JavaScript warning: , line 0: WebGL warning: texSubImage: Tex image TEXTURE_2D level 0 is incurring lazy initialization.
1701573553445	Marionette	INFO	Stopped listening on port 39021
JavaScript warning: https://www.windy.com/v/40.1.0.ind.e26e/plugins/radar.js, line 1: Script terminated by timeout at:
value@https://www.windy.com/v/40.1.0.ind.e26e/plugins/radar.js:1:28078

1701650067257	geckodriver	INFO	Listening on 127.0.0.1:33055
1701650068026	mozrunner::runner	INFO	Running command: MOZ_CRASHREPORTER="1" MOZ_CRASHREPORTER_NO_REPORT="1" MOZ_CRASHREPORTER_SHUTDOWN="1" MOZ_NO_REMOTE="1" "/snap/firefox/current/firefox.launcher" "--marionette" "--headless" "-no-remote" "-profile" "/tmp/rust_mozprofilePQnkIL"
*** You are running in headless mode.
Gtk-Message: 19:34:28.051: Not loading module "atk-bridge": The functionality is provided by GTK natively. Please try to not load it.
console.warn: services.settings: Ignoring preference override of remote settings server
console.warn: services.settings: Allow by setting MOZ_REMOTE_SETTINGS_DEVTOOLS=1 in the environment
Fontconfig warning: "/etc/fonts/conf.avail/53-monospace-lcd-filter.conf", line 10: Having multiple values in <test> isn't supported and may not work as expected
1701650068600	Marionette	INFO	Marionette enabled
1701650068663	Marionette	INFO	Listening on port 37921
Read port: 37921
1701650069168	RemoteAgent	WARN	TLS certificate errors will be ignored for this session
Fontconfig warning: "/etc/fonts/conf.avail/53-monospace-lcd-filter.conf", line 10: Having multiple values in <test> isn't supported and may not work as expected
Fontconfig warning: "/etc/fonts/conf.avail/53-monospace-lcd-filter.conf", line 10: Having multiple values in <test> isn't supported and may not work as expected
[GFX1-]: RenderCompositorSWGL failed mapping default framebuffer, no dt
console.error: ({})
[Parent 5009, Main Thread] WARNING: Failed to call GetIdletime(): GDBus.Error:org.freedesktop.DBus.Error.AccessDenied: An AppArmor policy prevents this sender from sending this message to this recipient; type="method_call", sender=":1.208" (uid=1001 pid=5009 comm="/snap/firefox/3416/usr/lib/firefox/firefox --mario" label="snap.firefox.geckodriver (enforce)") interface="org.gnome.Mutter.IdleMonitor" member="GetIdletime" error name="(unset)" requested_reply="0" destination=":1.25" (uid=1001 pid=4467 comm="/usr/bin/gnome-shell " label="unconfined")
: 'glib warning', file /build/firefox/parts/firefox/build/toolkit/xre/nsSigHandlers.cpp:187

** (firefox:5009): WARNING **: 19:34:30.174: Failed to call GetIdletime(): GDBus.Error:org.freedesktop.DBus.Error.AccessDenied: An AppArmor policy prevents this sender from sending this message to this recipient; type="method_call", sender=":1.208" (uid=1001 pid=5009 comm="/snap/firefox/3416/usr/lib/firefox/firefox --mario" label="snap.firefox.geckodriver (enforce)") interface="org.gnome.Mutter.IdleMonitor" member="GetIdletime" error name="(unset)" requested_reply="0" destination=":1.25" (uid=1001 pid=4467 comm="/usr/bin/gnome-shell " label="unconfined")

Fontconfig warning: "/etc/fonts/conf.avail/53-monospace-lcd-filter.conf", line 10: Having multiple values in <test> isn't supported and may not work as expected
Fontconfig warning: "/etc/fonts/conf.avail/53-monospace-lcd-filter.conf", line 10: Having multiple values in <test> isn't supported and may not work as expected
Fontconfig warning: "/etc/fonts/conf.avail/53-monospace-lcd-filter.conf", line 10: Having multiple values in <test> isn't supported and may not work as expected
console.error: (new TypeError("this._searchProviderInfo is null", "resource:///modules/SearchSERPTelemetry.sys.mjs", 692))
console.error: (new TypeError("linkMap is undefined", "resource://gre/modules/NewTabUtils.sys.mjs", 2001))
Fontconfig warning: "/etc/fonts/conf.avail/53-monospace-lcd-filter.conf", line 10: Having multiple values in <test> isn't supported and may not work as expected
JavaScript warning: , line 0: WebGL warning: texSubImage: Texture has not been initialized prior to a partial upload, forcing the browser to clear it. This may be slow.
JavaScript warning: , line 0: WebGL warning: texSubImage: Tex image TEXTURE_2D level 0 is incurring lazy initialization.
1701650089145	Marionette	INFO	Stopped listening on port 37921
JavaScript warning: https://www.windy.com/v/40.1.0.ind.e26e/plugins/gl-particles.js, line 1: Script terminated by timeout at:
D@https://www.windy.com/v/40.1.0.ind.e26e/plugins/gl-particles.js:1:2025

1701650090548	geckodriver	INFO	Listening on 127.0.0.1:36311
1701650091334	mozrunner::runner	INFO	Running command: MOZ_CRASHREPORTER="1" MOZ_CRASHREPORTER_NO_REPORT="1" MOZ_CRASHREPORTER_SHUTDOWN="1" MOZ_NO_REMOTE="1" "/snap/firefox/current/firefox.launcher" "--marionette" "--headless" "-no-remote" "-profile" "/tmp/rust_mozprofilekmhfl4"
*** You are running in headless mode.
Gtk-Message: 19:34:51.354: Not loading module "atk-bridge": The functionality is provided by GTK natively. Please try to not load it.
console.warn: services.settings: Ignoring preference override of remote settings server
console.warn: services.settings: Allow by setting MOZ_REMOTE_SETTINGS_DEVTOOLS=1 in the environment
Fontconfig warning: "/etc/fonts/conf.avail/53-monospace-lcd-filter.conf", line 10: Having multiple values in <test> isn't supported and may not work as expected
1701650091653	Marionette	INFO	Marionette enabled
1701650091705	Marionette	INFO	Listening on port 43157
Read port: 43157
1701650092021	RemoteAgent	WARN	TLS certificate errors will be ignored for this session
Fontconfig warning: "/etc/fonts/conf.avail/53-monospace-lcd-filter.conf", line 10: Having multiple values in <test> isn't supported and may not work as expected
Fontconfig warning: "/etc/fonts/conf.avail/53-monospace-lcd-filter.conf", line 10: Having multiple values in <test> isn't supported and may not work as expected
[GFX1-]: RenderCompositorSWGL failed mapping default framebuffer, no dt
console.error: ({})
[Parent 5424, Main Thread] WARNING: Failed to call GetIdletime(): GDBus.Error:org.freedesktop.DBus.Error.AccessDenied: An AppArmor policy prevents this sender from sending this message to this recipient; type="method_call", sender=":1.210" (uid=1001 pid=5424 comm="/snap/firefox/3416/usr/lib/firefox/firefox --mario" label="snap.firefox.geckodriver (enforce)") interface="org.gnome.Mutter.IdleMonitor" member="GetIdletime" error name="(unset)" requested_reply="0" destination=":1.25" (uid=1001 pid=4467 comm="/usr/bin/gnome-shell " label="unconfined")
: 'glib warning', file /build/firefox/parts/firefox/build/toolkit/xre/nsSigHandlers.cpp:187

** (firefox:5424): WARNING **: 19:34:52.853: Failed to call GetIdletime(): GDBus.Error:org.freedesktop.DBus.Error.AccessDenied: An AppArmor policy prevents this sender from sending this message to this recipient; type="method_call", sender=":1.210" (uid=1001 pid=5424 comm="/snap/firefox/3416/usr/lib/firefox/firefox --mario" label="snap.firefox.geckodriver (enforce)") interface="org.gnome.Mutter.IdleMonitor" member="GetIdletime" error name="(unset)" requested_reply="0" destination=":1.25" (uid=1001 pid=4467 comm="/usr/bin/gnome-shell " label="unconfined")

Fontconfig warning: "/etc/fonts/conf.avail/53-monospace-lcd-filter.conf", line 10: Having multiple values in <test> isn't supported and may not work as expected
Fontconfig warning: "/etc/fonts/conf.avail/53-monospace-lcd-filter.conf", line 10: Having multiple values in <test> isn't supported and may not work as expected
Fontconfig warning: "/etc/fonts/conf.avail/53-monospace-lcd-filter.conf", line 10: Having multiple values in <test> isn't supported and may not work as expected
console.error: (new TypeError("this._searchProviderInfo is null", "resource:///modules/SearchSERPTelemetry.sys.mjs", 692))
Fontconfig warning: "/etc/fonts/conf.avail/53-monospace-lcd-filter.conf", line 10: Having multiple values in <test> isn't supported and may not work as expected
JavaScript warning: , line 0: WebGL warning: texSubImage: Texture has not been initialized prior to a partial upload, forcing the browser to clear it. This may be slow.
JavaScript warning: , line 0: WebGL warning: texSubImage: Tex image TEXTURE_2D level 0 is incurring lazy initialization.
1701650111790	Marionette	INFO	Stopped listening on port 43157
JavaScript warning: https://www.windy.com/v/40.1.0.ind.e26e/plugins/radar.js, line 1: Script terminated by timeout at:
value@https://www.windy.com/v/40.1.0.ind.e26e/plugins/radar.js:1:28078

1701660625574	geckodriver	INFO	Listening on 127.0.0.1:55143
1701660626506	mozrunner::runner	INFO	Running command: MOZ_CRASHREPORTER="1" MOZ_CRASHREPORTER_NO_REPORT="1" MOZ_CRASHREPORTER_SHUTDOWN="1" MOZ_NO_REMOTE="1" "/snap/firefox/current/firefox.launcher" "--marionette" "--headless" "-no-remote" "-profile" "/tmp/rust_mozprofileXNFnhN"
*** You are running in headless mode.
Gtk-Message: 22:30:26.523: Not loading module "atk-bridge": The functionality is provided by GTK natively. Please try to not load it.
console.warn: services.settings: Ignoring preference override of remote settings server
console.warn: services.settings: Allow by setting MOZ_REMOTE_SETTINGS_DEVTOOLS=1 in the environment
Fontconfig warning: "/etc/fonts/conf.avail/53-monospace-lcd-filter.conf", line 10: Having multiple values in <test> isn't supported and may not work as expected
1701660626908	Marionette	INFO	Marionette enabled
1701660626969	Marionette	INFO	Listening on port 34915
Read port: 34915
1701660627390	RemoteAgent	WARN	TLS certificate errors will be ignored for this session
Fontconfig warning: "/etc/fonts/conf.avail/53-monospace-lcd-filter.conf", line 10: Having multiple values in <test> isn't supported and may not work as expected
Fontconfig warning: "/etc/fonts/conf.avail/53-monospace-lcd-filter.conf", line 10: Having multiple values in <test> isn't supported and may not work as expected
[GFX1-]: RenderCompositorSWGL failed mapping default framebuffer, no dt
console.error: ({})
[Parent 26542, Main Thread] WARNING: Failed to call GetIdletime(): GDBus.Error:org.freedesktop.DBus.Error.AccessDenied: An AppArmor policy prevents this sender from sending this message to this recipient; type="method_call", sender=":1.216" (uid=1001 pid=26542 comm="/snap/firefox/3416/usr/lib/firefox/firefox --mario" label="snap.firefox.geckodriver (enforce)") interface="org.gnome.Mutter.IdleMonitor" member="GetIdletime" error name="(unset)" requested_reply="0" destination=":1.25" (uid=1001 pid=4467 comm="/usr/bin/gnome-shell " label="unconfined")
: 'glib warning', file /build/firefox/parts/firefox/build/toolkit/xre/nsSigHandlers.cpp:187

** (firefox:26542): WARNING **: 22:30:28.237: Failed to call GetIdletime(): GDBus.Error:org.freedesktop.DBus.Error.AccessDenied: An AppArmor policy prevents this sender from sending this message to this recipient; type="method_call", sender=":1.216" (uid=1001 pid=26542 comm="/snap/firefox/3416/usr/lib/firefox/firefox --mario" label="snap.firefox.geckodriver (enforce)") interface="org.gnome.Mutter.IdleMonitor" member="GetIdletime" error name="(unset)" requested_reply="0" destination=":1.25" (uid=1001 pid=4467 comm="/usr/bin/gnome-shell " label="unconfined")

Fontconfig warning: "/etc/fonts/conf.avail/53-monospace-lcd-filter.conf", line 10: Having multiple values in <test> isn't supported and may not work as expected
Fontconfig warning: "/etc/fonts/conf.avail/53-monospace-lcd-filter.conf", line 10: Having multiple values in <test> isn't supported and may not work as expected
Fontconfig warning: "/etc/fonts/conf.avail/53-monospace-lcd-filter.conf", line 10: Having multiple values in <test> isn't supported and may not work as expected
console.error: (new TypeError("this._searchProviderInfo is null", "resource:///modules/SearchSERPTelemetry.sys.mjs", 692))
Fontconfig warning: "/etc/fonts/conf.avail/53-monospace-lcd-filter.conf", line 10: Having multiple values in <test> isn't supported and may not work as expected
JavaScript warning: , line 0: WebGL warning: texSubImage: Texture has not been initialized prior to a partial upload, forcing the browser to clear it. This may be slow.
JavaScript warning: , line 0: WebGL warning: texSubImage: Tex image TEXTURE_2D level 0 is incurring lazy initialization.
1701660647045	Marionette	INFO	Stopped listening on port 34915
JavaScript warning: https://www.windy.com/v/40.1.0.ind.e26e/plugins/gl-particles.js, line 1: Script terminated by timeout at:
D@https://www.windy.com/v/40.1.0.ind.e26e/plugins/gl-particles.js:1:2025

1701660648542	geckodriver	INFO	Listening on 127.0.0.1:53725
1701660649143	mozrunner::runner	INFO	Running command: MOZ_CRASHREPORTER="1" MOZ_CRASHREPORTER_NO_REPORT="1" MOZ_CRASHREPORTER_SHUTDOWN="1" MOZ_NO_REMOTE="1" "/snap/firefox/current/firefox.launcher" "--marionette" "--headless" "-no-remote" "-profile" "/tmp/rust_mozprofileqeK39M"
*** You are running in headless mode.
Gtk-Message: 22:30:49.169: Not loading module "atk-bridge": The functionality is provided by GTK natively. Please try to not load it.
console.warn: services.settings: Ignoring preference override of remote settings server
console.warn: services.settings: Allow by setting MOZ_REMOTE_SETTINGS_DEVTOOLS=1 in the environment
Fontconfig warning: "/etc/fonts/conf.avail/53-monospace-lcd-filter.conf", line 10: Having multiple values in <test> isn't supported and may not work as expected
1701660649473	Marionette	INFO	Marionette enabled
1701660649535	Marionette	INFO	Listening on port 39887
Read port: 39887
1701660649952	RemoteAgent	WARN	TLS certificate errors will be ignored for this session
Fontconfig warning: "/etc/fonts/conf.avail/53-monospace-lcd-filter.conf", line 10: Having multiple values in <test> isn't supported and may not work as expected
Fontconfig warning: "/etc/fonts/conf.avail/53-monospace-lcd-filter.conf", line 10: Having multiple values in <test> isn't supported and may not work as expected
[GFX1-]: RenderCompositorSWGL failed mapping default framebuffer, no dt
console.error: ({})
[Parent 26957, Main Thread] WARNING: Failed to call GetIdletime(): GDBus.Error:org.freedesktop.DBus.Error.AccessDenied: An AppArmor policy prevents this sender from sending this message to this recipient; type="method_call", sender=":1.218" (uid=1001 pid=26957 comm="/snap/firefox/3416/usr/lib/firefox/firefox --mario" label="snap.firefox.geckodriver (enforce)") interface="org.gnome.Mutter.IdleMonitor" member="GetIdletime" error name="(unset)" requested_reply="0" destination=":1.25" (uid=1001 pid=4467 comm="/usr/bin/gnome-shell " label="unconfined")
: 'glib warning', file /build/firefox/parts/firefox/build/toolkit/xre/nsSigHandlers.cpp:187

** (firefox:26957): WARNING **: 22:30:50.828: Failed to call GetIdletime(): GDBus.Error:org.freedesktop.DBus.Error.AccessDenied: An AppArmor policy prevents this sender from sending this message to this recipient; type="method_call", sender=":1.218" (uid=1001 pid=26957 comm="/snap/firefox/3416/usr/lib/firefox/firefox --mario" label="snap.firefox.geckodriver (enforce)") interface="org.gnome.Mutter.IdleMonitor" member="GetIdletime" error name="(unset)" requested_reply="0" destination=":1.25" (uid=1001 pid=4467 comm="/usr/bin/gnome-shell " label="unconfined")

Fontconfig warning: "/etc/fonts/conf.avail/53-monospace-lcd-filter.conf", line 10: Having multiple values in <test> isn't supported and may not work as expected
Fontconfig warning: "/etc/fonts/conf.avail/53-monospace-lcd-filter.conf", line 10: Having multiple values in <test> isn't supported and may not work as expected
Fontconfig warning: "/etc/fonts/conf.avail/53-monospace-lcd-filter.conf", line 10: Having multiple values in <test> isn't supported and may not work as expected
console.error: (new TypeError("this._searchProviderInfo is null", "resource:///modules/SearchSERPTelemetry.sys.mjs", 692))
Fontconfig warning: "/etc/fonts/conf.avail/53-monospace-lcd-filter.conf", line 10: Having multiple values in <test> isn't supported and may not work as expected
JavaScript warning: , line 0: WebGL warning: texSubImage: Texture has not been initialized prior to a partial upload, forcing the browser to clear it. This may be slow.
JavaScript warning: , line 0: WebGL warning: texSubImage: Tex image TEXTURE_2D level 0 is incurring lazy initialization.
1701660669535	Marionette	INFO	Stopped listening on port 39887
JavaScript warning: https://www.windy.com/v/40.1.0.ind.e26e/plugins/radar.js, line 1: Script terminated by timeout at:
value@https://www.windy.com/v/40.1.0.ind.e26e/plugins/radar.js:1:28078

1701667943574	geckodriver	INFO	Listening on 127.0.0.1:35607
1701667944438	mozrunner::runner	INFO	Running command: MOZ_CRASHREPORTER="1" MOZ_CRASHREPORTER_NO_REPORT="1" MOZ_CRASHREPORTER_SHUTDOWN="1" MOZ_NO_REMOTE="1" "/snap/firefox/current/firefox.launcher" "--marionette" "--headless" "-no-remote" "-profile" "/tmp/rust_mozprofileVxTMVI"
*** You are running in headless mode.
Gtk-Message: 00:32:24.473: Not loading module "atk-bridge": The functionality is provided by GTK natively. Please try to not load it.
console.warn: services.settings: Ignoring preference override of remote settings server
console.warn: services.settings: Allow by setting MOZ_REMOTE_SETTINGS_DEVTOOLS=1 in the environment
Fontconfig warning: "/etc/fonts/conf.avail/53-monospace-lcd-filter.conf", line 10: Having multiple values in <test> isn't supported and may not work as expected
1701667944831	Marionette	INFO	Marionette enabled
1701667944893	Marionette	INFO	Listening on port 32979
Read port: 32979
1701667945265	RemoteAgent	WARN	TLS certificate errors will be ignored for this session
Fontconfig warning: "/etc/fonts/conf.avail/53-monospace-lcd-filter.conf", line 10: Having multiple values in <test> isn't supported and may not work as expected
Fontconfig warning: "/etc/fonts/conf.avail/53-monospace-lcd-filter.conf", line 10: Having multiple values in <test> isn't supported and may not work as expected
[GFX1-]: RenderCompositorSWGL failed mapping default framebuffer, no dt
console.error: ({})
[Parent 10319, Main Thread] WARNING: Failed to call GetIdletime(): GDBus.Error:org.freedesktop.DBus.Error.AccessDenied: An AppArmor policy prevents this sender from sending this message to this recipient; type="method_call", sender=":1.229" (uid=1001 pid=10319 comm="/snap/firefox/3416/usr/lib/firefox/firefox --mario" label="snap.firefox.geckodriver (enforce)") interface="org.gnome.Mutter.IdleMonitor" member="GetIdletime" error name="(unset)" requested_reply="0" destination=":1.25" (uid=1001 pid=4467 comm="/usr/bin/gnome-shell " label="unconfined")
: 'glib warning', file /build/firefox/parts/firefox/build/toolkit/xre/nsSigHandlers.cpp:187

** (firefox:10319): WARNING **: 00:32:26.165: Failed to call GetIdletime(): GDBus.Error:org.freedesktop.DBus.Error.AccessDenied: An AppArmor policy prevents this sender from sending this message to this recipient; type="method_call", sender=":1.229" (uid=1001 pid=10319 comm="/snap/firefox/3416/usr/lib/firefox/firefox --mario" label="snap.firefox.geckodriver (enforce)") interface="org.gnome.Mutter.IdleMonitor" member="GetIdletime" error name="(unset)" requested_reply="0" destination=":1.25" (uid=1001 pid=4467 comm="/usr/bin/gnome-shell " label="unconfined")

Fontconfig warning: "/etc/fonts/conf.avail/53-monospace-lcd-filter.conf", line 10: Having multiple values in <test> isn't supported and may not work as expected
Fontconfig warning: "/etc/fonts/conf.avail/53-monospace-lcd-filter.conf", line 10: Having multiple values in <test> isn't supported and may not work as expected
Fontconfig warning: "/etc/fonts/conf.avail/53-monospace-lcd-filter.conf", line 10: Having multiple values in <test> isn't supported and may not work as expected
console.error: (new TypeError("this._searchProviderInfo is null", "resource:///modules/SearchSERPTelemetry.sys.mjs", 692))
console.error: (new TypeError("linkMap is undefined", "resource://gre/modules/NewTabUtils.sys.mjs", 2001))
Fontconfig warning: "/etc/fonts/conf.avail/53-monospace-lcd-filter.conf", line 10: Having multiple values in <test> isn't supported and may not work as expected
JavaScript warning: , line 0: WebGL warning: texSubImage: Texture has not been initialized prior to a partial upload, forcing the browser to clear it. This may be slow.
JavaScript warning: , line 0: WebGL warning: texSubImage: Tex image TEXTURE_2D level 0 is incurring lazy initialization.
1701667964693	Marionette	INFO	Stopped listening on port 32979
JavaScript warning: https://www.windy.com/v/40.1.0.ind.e26e/plugins/gl-particles.js, line 1: Script terminated by timeout at:
D@https://www.windy.com/v/40.1.0.ind.e26e/plugins/gl-particles.js:1:2025

1701667965956	geckodriver	INFO	Listening on 127.0.0.1:51891
1701667966782	mozrunner::runner	INFO	Running command: MOZ_CRASHREPORTER="1" MOZ_CRASHREPORTER_NO_REPORT="1" MOZ_CRASHREPORTER_SHUTDOWN="1" MOZ_NO_REMOTE="1" "/snap/firefox/current/firefox.launcher" "--marionette" "--headless" "-no-remote" "-profile" "/tmp/rust_mozprofile5MU7l8"
*** You are running in headless mode.
Gtk-Message: 00:32:46.801: Not loading module "atk-bridge": The functionality is provided by GTK natively. Please try to not load it.
console.warn: services.settings: Ignoring preference override of remote settings server
console.warn: services.settings: Allow by setting MOZ_REMOTE_SETTINGS_DEVTOOLS=1 in the environment
Fontconfig warning: "/etc/fonts/conf.avail/53-monospace-lcd-filter.conf", line 10: Having multiple values in <test> isn't supported and may not work as expected
1701667967089	Marionette	INFO	Marionette enabled
1701667967142	Marionette	INFO	Listening on port 46865
Read port: 46865
1701667967528	RemoteAgent	WARN	TLS certificate errors will be ignored for this session
Fontconfig warning: "/etc/fonts/conf.avail/53-monospace-lcd-filter.conf", line 10: Having multiple values in <test> isn't supported and may not work as expected
Fontconfig warning: "/etc/fonts/conf.avail/53-monospace-lcd-filter.conf", line 10: Having multiple values in <test> isn't supported and may not work as expected
[GFX1-]: RenderCompositorSWGL failed mapping default framebuffer, no dt
console.error: ({})
[Parent 10697, Main Thread] WARNING: Failed to call GetIdletime(): GDBus.Error:org.freedesktop.DBus.Error.AccessDenied: An AppArmor policy prevents this sender from sending this message to this recipient; type="method_call", sender=":1.231" (uid=1001 pid=10697 comm="/snap/firefox/3416/usr/lib/firefox/firefox --mario" label="snap.firefox.geckodriver (enforce)") interface="org.gnome.Mutter.IdleMonitor" member="GetIdletime" error name="(unset)" requested_reply="0" destination=":1.25" (uid=1001 pid=4467 comm="/usr/bin/gnome-shell " label="unconfined")
: 'glib warning', file /build/firefox/parts/firefox/build/toolkit/xre/nsSigHandlers.cpp:187

** (firefox:10697): WARNING **: 00:32:48.475: Failed to call GetIdletime(): GDBus.Error:org.freedesktop.DBus.Error.AccessDenied: An AppArmor policy prevents this sender from sending this message to this recipient; type="method_call", sender=":1.231" (uid=1001 pid=10697 comm="/snap/firefox/3416/usr/lib/firefox/firefox --mario" label="snap.firefox.geckodriver (enforce)") interface="org.gnome.Mutter.IdleMonitor" member="GetIdletime" error name="(unset)" requested_reply="0" destination=":1.25" (uid=1001 pid=4467 comm="/usr/bin/gnome-shell " label="unconfined")

Fontconfig warning: "/etc/fonts/conf.avail/53-monospace-lcd-filter.conf", line 10: Having multiple values in <test> isn't supported and may not work as expected
Fontconfig warning: "/etc/fonts/conf.avail/53-monospace-lcd-filter.conf", line 10: Having multiple values in <test> isn't supported and may not work as expected
Fontconfig warning: "/etc/fonts/conf.avail/53-monospace-lcd-filter.conf", line 10: Having multiple values in <test> isn't supported and may not work as expected
console.error: (new TypeError("this._searchProviderInfo is null", "resource:///modules/SearchSERPTelemetry.sys.mjs", 692))
Fontconfig warning: "/etc/fonts/conf.avail/53-monospace-lcd-filter.conf", line 10: Having multiple values in <test> isn't supported and may not work as expected
JavaScript warning: , line 0: WebGL warning: texSubImage: Texture has not been initialized prior to a partial upload, forcing the browser to clear it. This may be slow.
JavaScript warning: , line 0: WebGL warning: texSubImage: Tex image TEXTURE_2D level 0 is incurring lazy initialization.
1701667987853	Marionette	INFO	Stopped listening on port 46865
JavaScript warning: https://www.windy.com/v/40.1.0.ind.e26e/plugins/radar.js, line 1: Script terminated by timeout at:
value@https://www.windy.com/v/40.1.0.ind.e26e/plugins/radar.js:1:28078

1701727441171	geckodriver	INFO	Listening on 127.0.0.1:53787
1701727442138	mozrunner::runner	INFO	Running command: MOZ_CRASHREPORTER="1" MOZ_CRASHREPORTER_NO_REPORT="1" MOZ_CRASHREPORTER_SHUTDOWN="1" MOZ_NO_REMOTE="1" "/snap/firefox/current/firefox.launcher" "--marionette" "--headless" "-no-remote" "-profile" "/tmp/rust_mozprofileXQ7cUa"
*** You are running in headless mode.
Gtk-Message: 17:04:02.157: Not loading module "atk-bridge": The functionality is provided by GTK natively. Please try to not load it.
console.warn: services.settings: Ignoring preference override of remote settings server
console.warn: services.settings: Allow by setting MOZ_REMOTE_SETTINGS_DEVTOOLS=1 in the environment
Fontconfig warning: "/etc/fonts/conf.avail/53-monospace-lcd-filter.conf", line 10: Having multiple values in <test> isn't supported and may not work as expected
1701727442436	Marionette	INFO	Marionette enabled
1701727442501	Marionette	INFO	Listening on port 45863
Read port: 45863
1701727443363	RemoteAgent	WARN	TLS certificate errors will be ignored for this session
Fontconfig warning: "/etc/fonts/conf.avail/53-monospace-lcd-filter.conf", line 10: Having multiple values in <test> isn't supported and may not work as expected
Fontconfig warning: "/etc/fonts/conf.avail/53-monospace-lcd-filter.conf", line 10: Having multiple values in <test> isn't supported and may not work as expected
[GFX1-]: RenderCompositorSWGL failed mapping default framebuffer, no dt
console.error: ({})
[Parent 1681, Main Thread] WARNING: Failed to call GetIdletime(): GDBus.Error:org.freedesktop.DBus.Error.AccessDenied: An AppArmor policy prevents this sender from sending this message to this recipient; type="method_call", sender=":1.238" (uid=1001 pid=1681 comm="/snap/firefox/3416/usr/lib/firefox/firefox --mario" label="snap.firefox.geckodriver (enforce)") interface="org.gnome.Mutter.IdleMonitor" member="GetIdletime" error name="(unset)" requested_reply="0" destination=":1.25" (uid=1001 pid=4467 comm="/usr/bin/gnome-shell " label="unconfined")
: 'glib warning', file /build/firefox/parts/firefox/build/toolkit/xre/nsSigHandlers.cpp:187

** (firefox:1681): WARNING **: 17:04:04.209: Failed to call GetIdletime(): GDBus.Error:org.freedesktop.DBus.Error.AccessDenied: An AppArmor policy prevents this sender from sending this message to this recipient; type="method_call", sender=":1.238" (uid=1001 pid=1681 comm="/snap/firefox/3416/usr/lib/firefox/firefox --mario" label="snap.firefox.geckodriver (enforce)") interface="org.gnome.Mutter.IdleMonitor" member="GetIdletime" error name="(unset)" requested_reply="0" destination=":1.25" (uid=1001 pid=4467 comm="/usr/bin/gnome-shell " label="unconfined")

Fontconfig warning: "/etc/fonts/conf.avail/53-monospace-lcd-filter.conf", line 10: Having multiple values in <test> isn't supported and may not work as expected
Fontconfig warning: "/etc/fonts/conf.avail/53-monospace-lcd-filter.conf", line 10: Having multiple values in <test> isn't supported and may not work as expected
Fontconfig warning: "/etc/fonts/conf.avail/53-monospace-lcd-filter.conf", line 10: Having multiple values in <test> isn't supported and may not work as expected
console.error: (new TypeError("this._searchProviderInfo is null", "resource:///modules/SearchSERPTelemetry.sys.mjs", 692))
Fontconfig warning: "/etc/fonts/conf.avail/53-monospace-lcd-filter.conf", line 10: Having multiple values in <test> isn't supported and may not work as expected
JavaScript warning: , line 0: WebGL warning: texSubImage: Texture has not been initialized prior to a partial upload, forcing the browser to clear it. This may be slow.
JavaScript warning: , line 0: WebGL warning: texSubImage: Tex image TEXTURE_2D level 0 is incurring lazy initialization.
1701727463007	Marionette	INFO	Stopped listening on port 45863
JavaScript warning: https://www.windy.com/v/40.1.0.ind.e26e/plugins/gl-particles.js, line 1: Script terminated by timeout at:
D@https://www.windy.com/v/40.1.0.ind.e26e/plugins/gl-particles.js:1:2025

1701727464250	geckodriver	INFO	Listening on 127.0.0.1:35747
1701727465197	mozrunner::runner	INFO	Running command: MOZ_CRASHREPORTER="1" MOZ_CRASHREPORTER_NO_REPORT="1" MOZ_CRASHREPORTER_SHUTDOWN="1" MOZ_NO_REMOTE="1" "/snap/firefox/current/firefox.launcher" "--marionette" "--headless" "-no-remote" "-profile" "/tmp/rust_mozprofilear5spW"
*** You are running in headless mode.
Gtk-Message: 17:04:25.245: Not loading module "atk-bridge": The functionality is provided by GTK natively. Please try to not load it.
console.warn: services.settings: Ignoring preference override of remote settings server
console.warn: services.settings: Allow by setting MOZ_REMOTE_SETTINGS_DEVTOOLS=1 in the environment
Fontconfig warning: "/etc/fonts/conf.avail/53-monospace-lcd-filter.conf", line 10: Having multiple values in <test> isn't supported and may not work as expected
1701727465537	Marionette	INFO	Marionette enabled
1701727465608	Marionette	INFO	Listening on port 43283
Read port: 43283
1701727466009	RemoteAgent	WARN	TLS certificate errors will be ignored for this session
Fontconfig warning: "/etc/fonts/conf.avail/53-monospace-lcd-filter.conf", line 10: Having multiple values in <test> isn't supported and may not work as expected
Fontconfig warning: "/etc/fonts/conf.avail/53-monospace-lcd-filter.conf", line 10: Having multiple values in <test> isn't supported and may not work as expected
[GFX1-]: RenderCompositorSWGL failed mapping default framebuffer, no dt
console.error: ({})
[Parent 2177, Main Thread] WARNING: Failed to call GetIdletime(): GDBus.Error:org.freedesktop.DBus.Error.AccessDenied: An AppArmor policy prevents this sender from sending this message to this recipient; type="method_call", sender=":1.240" (uid=1001 pid=2177 comm="/snap/firefox/3416/usr/lib/firefox/firefox --mario" label="snap.firefox.geckodriver (enforce)") interface="org.gnome.Mutter.IdleMonitor" member="GetIdletime" error name="(unset)" requested_reply="0" destination=":1.25" (uid=1001 pid=4467 comm="/usr/bin/gnome-shell " label="unconfined")
: 'glib warning', file /build/firefox/parts/firefox/build/toolkit/xre/nsSigHandlers.cpp:187

** (firefox:2177): WARNING **: 17:04:26.886: Failed to call GetIdletime(): GDBus.Error:org.freedesktop.DBus.Error.AccessDenied: An AppArmor policy prevents this sender from sending this message to this recipient; type="method_call", sender=":1.240" (uid=1001 pid=2177 comm="/snap/firefox/3416/usr/lib/firefox/firefox --mario" label="snap.firefox.geckodriver (enforce)") interface="org.gnome.Mutter.IdleMonitor" member="GetIdletime" error name="(unset)" requested_reply="0" destination=":1.25" (uid=1001 pid=4467 comm="/usr/bin/gnome-shell " label="unconfined")

Fontconfig warning: "/etc/fonts/conf.avail/53-monospace-lcd-filter.conf", line 10: Having multiple values in <test> isn't supported and may not work as expected
Fontconfig warning: "/etc/fonts/conf.avail/53-monospace-lcd-filter.conf", line 10: Having multiple values in <test> isn't supported and may not work as expected
Fontconfig warning: "/etc/fonts/conf.avail/53-monospace-lcd-filter.conf", line 10: Having multiple values in <test> isn't supported and may not work as expected
console.error: (new TypeError("this._searchProviderInfo is null", "resource:///modules/SearchSERPTelemetry.sys.mjs", 692))
console.error: (new TypeError("linkMap is undefined", "resource://gre/modules/NewTabUtils.sys.mjs", 2001))
Fontconfig warning: "/etc/fonts/conf.avail/53-monospace-lcd-filter.conf", line 10: Having multiple values in <test> isn't supported and may not work as expected
JavaScript warning: , line 0: WebGL warning: texSubImage: Texture has not been initialized prior to a partial upload, forcing the browser to clear it. This may be slow.
JavaScript warning: , line 0: WebGL warning: texSubImage: Tex image TEXTURE_2D level 0 is incurring lazy initialization.
1701727485474	Marionette	INFO	Stopped listening on port 43283
JavaScript warning: https://www.windy.com/v/40.1.0.ind.e26e/plugins/radar.js, line 1: Script terminated by timeout at:
value@https://www.windy.com/v/40.1.0.ind.e26e/plugins/radar.js:1:28078

1701827887545	geckodriver	INFO	Listening on 127.0.0.1:37731
1701827888515	mozrunner::runner	INFO	Running command: MOZ_CRASHREPORTER="1" MOZ_CRASHREPORTER_NO_REPORT="1" MOZ_CRASHREPORTER_SHUTDOWN="1" MOZ_NO_REMOTE="1" "/snap/firefox/current/firefox.launcher" "--marionette" "--headless" "-no-remote" "-profile" "/tmp/rust_mozprofileaXFtnw"
*** You are running in headless mode.
Gtk-Message: 20:58:08.536: Not loading module "atk-bridge": The functionality is provided by GTK natively. Please try to not load it.
console.warn: services.settings: Ignoring preference override of remote settings server
console.warn: services.settings: Allow by setting MOZ_REMOTE_SETTINGS_DEVTOOLS=1 in the environment
Fontconfig warning: "/etc/fonts/conf.avail/53-monospace-lcd-filter.conf", line 10: Having multiple values in <test> isn't supported and may not work as expected
1701827888843	Marionette	INFO	Marionette enabled
1701827888896	Marionette	INFO	Listening on port 43117
Read port: 43117
1701827889246	RemoteAgent	WARN	TLS certificate errors will be ignored for this session
Fontconfig warning: "/etc/fonts/conf.avail/53-monospace-lcd-filter.conf", line 10: Having multiple values in <test> isn't supported and may not work as expected
Fontconfig warning: "/etc/fonts/conf.avail/53-monospace-lcd-filter.conf", line 10: Having multiple values in <test> isn't supported and may not work as expected
[GFX1-]: RenderCompositorSWGL failed mapping default framebuffer, no dt
console.error: ({})
[Parent 10085, Main Thread] WARNING: Failed to call GetIdletime(): GDBus.Error:org.freedesktop.DBus.Error.AccessDenied: An AppArmor policy prevents this sender from sending this message to this recipient; type="method_call", sender=":1.363" (uid=1001 pid=10085 comm="/snap/firefox/3416/usr/lib/firefox/firefox --mario" label="snap.firefox.geckodriver (enforce)") interface="org.gnome.Mutter.IdleMonitor" member="GetIdletime" error name="(unset)" requested_reply="0" destination=":1.25" (uid=1001 pid=4467 comm="/usr/bin/gnome-shell " label="unconfined")
: 'glib warning', file /build/firefox/parts/firefox/build/toolkit/xre/nsSigHandlers.cpp:187

** (firefox:10085): WARNING **: 20:58:09.916: Failed to call GetIdletime(): GDBus.Error:org.freedesktop.DBus.Error.AccessDenied: An AppArmor policy prevents this sender from sending this message to this recipient; type="method_call", sender=":1.363" (uid=1001 pid=10085 comm="/snap/firefox/3416/usr/lib/firefox/firefox --mario" label="snap.firefox.geckodriver (enforce)") interface="org.gnome.Mutter.IdleMonitor" member="GetIdletime" error name="(unset)" requested_reply="0" destination=":1.25" (uid=1001 pid=4467 comm="/usr/bin/gnome-shell " label="unconfined")

Fontconfig warning: "/etc/fonts/conf.avail/53-monospace-lcd-filter.conf", line 10: Having multiple values in <test> isn't supported and may not work as expected
Fontconfig warning: "/etc/fonts/conf.avail/53-monospace-lcd-filter.conf", line 10: Having multiple values in <test> isn't supported and may not work as expected
Fontconfig warning: "/etc/fonts/conf.avail/53-monospace-lcd-filter.conf", line 10: Having multiple values in <test> isn't supported and may not work as expected
console.error: (new TypeError("this._searchProviderInfo is null", "resource:///modules/SearchSERPTelemetry.sys.mjs", 692))
Fontconfig warning: "/etc/fonts/conf.avail/53-monospace-lcd-filter.conf", line 10: Having multiple values in <test> isn't supported and may not work as expected
JavaScript warning: , line 0: WebGL warning: texSubImage: Texture has not been initialized prior to a partial upload, forcing the browser to clear it. This may be slow.
JavaScript warning: , line 0: WebGL warning: texSubImage: Tex image TEXTURE_2D level 0 is incurring lazy initialization.
1701827908816	Marionette	INFO	Stopped listening on port 43117
JavaScript warning: https://www.windy.com/v/40.1.0.ind.e26e/plugins/gl-particles.js, line 1: Script terminated by timeout at:
D@https://www.windy.com/v/40.1.0.ind.e26e/plugins/gl-particles.js:1:2025

1701827910128	geckodriver	INFO	Listening on 127.0.0.1:54429
1701827910914	mozrunner::runner	INFO	Running command: MOZ_CRASHREPORTER="1" MOZ_CRASHREPORTER_NO_REPORT="1" MOZ_CRASHREPORTER_SHUTDOWN="1" MOZ_NO_REMOTE="1" "/snap/firefox/current/firefox.launcher" "--marionette" "--headless" "-no-remote" "-profile" "/tmp/rust_mozprofileVN1qf1"
*** You are running in headless mode.
Gtk-Message: 20:58:30.936: Not loading module "atk-bridge": The functionality is provided by GTK natively. Please try to not load it.
console.warn: services.settings: Ignoring preference override of remote settings server
console.warn: services.settings: Allow by setting MOZ_REMOTE_SETTINGS_DEVTOOLS=1 in the environment
Fontconfig warning: "/etc/fonts/conf.avail/53-monospace-lcd-filter.conf", line 10: Having multiple values in <test> isn't supported and may not work as expected
1701827911229	Marionette	INFO	Marionette enabled
1701827911281	Marionette	INFO	Listening on port 35021
Read port: 35021
1701827911805	RemoteAgent	WARN	TLS certificate errors will be ignored for this session
Fontconfig warning: "/etc/fonts/conf.avail/53-monospace-lcd-filter.conf", line 10: Having multiple values in <test> isn't supported and may not work as expected
Fontconfig warning: "/etc/fonts/conf.avail/53-monospace-lcd-filter.conf", line 10: Having multiple values in <test> isn't supported and may not work as expected
[GFX1-]: RenderCompositorSWGL failed mapping default framebuffer, no dt
console.error: ({})
[Parent 10500, Main Thread] WARNING: Failed to call GetIdletime(): GDBus.Error:org.freedesktop.DBus.Error.AccessDenied: An AppArmor policy prevents this sender from sending this message to this recipient; type="method_call", sender=":1.365" (uid=1001 pid=10500 comm="/snap/firefox/3416/usr/lib/firefox/firefox --mario" label="snap.firefox.geckodriver (enforce)") interface="org.gnome.Mutter.IdleMonitor" member="GetIdletime" error name="(unset)" requested_reply="0" destination=":1.25" (uid=1001 pid=4467 comm="/usr/bin/gnome-shell " label="unconfined")
: 'glib warning', file /build/firefox/parts/firefox/build/toolkit/xre/nsSigHandlers.cpp:187

** (firefox:10500): WARNING **: 20:58:32.665: Failed to call GetIdletime(): GDBus.Error:org.freedesktop.DBus.Error.AccessDenied: An AppArmor policy prevents this sender from sending this message to this recipient; type="method_call", sender=":1.365" (uid=1001 pid=10500 comm="/snap/firefox/3416/usr/lib/firefox/firefox --mario" label="snap.firefox.geckodriver (enforce)") interface="org.gnome.Mutter.IdleMonitor" member="GetIdletime" error name="(unset)" requested_reply="0" destination=":1.25" (uid=1001 pid=4467 comm="/usr/bin/gnome-shell " label="unconfined")

Fontconfig warning: "/etc/fonts/conf.avail/53-monospace-lcd-filter.conf", line 10: Having multiple values in <test> isn't supported and may not work as expected
Fontconfig warning: "/etc/fonts/conf.avail/53-monospace-lcd-filter.conf", line 10: Having multiple values in <test> isn't supported and may not work as expected
Fontconfig warning: "/etc/fonts/conf.avail/53-monospace-lcd-filter.conf", line 10: Having multiple values in <test> isn't supported and may not work as expected
console.error: (new TypeError("this._searchProviderInfo is null", "resource:///modules/SearchSERPTelemetry.sys.mjs", 692))
console.error: (new TypeError("linkMap is undefined", "resource://gre/modules/NewTabUtils.sys.mjs", 2001))
Fontconfig warning: "/etc/fonts/conf.avail/53-monospace-lcd-filter.conf", line 10: Having multiple values in <test> isn't supported and may not work as expected
JavaScript warning: , line 0: WebGL warning: texSubImage: Texture has not been initialized prior to a partial upload, forcing the browser to clear it. This may be slow.
JavaScript warning: , line 0: WebGL warning: texSubImage: Tex image TEXTURE_2D level 0 is incurring lazy initialization.
1701827931239	Marionette	INFO	Stopped listening on port 35021
JavaScript warning: https://www.windy.com/v/40.1.0.ind.e26e/plugins/radar.js, line 1: Script terminated by timeout at:
value@https://www.windy.com/v/40.1.0.ind.e26e/plugins/radar.js:1:28078

1701839771679	geckodriver	INFO	Listening on 127.0.0.1:60657
1701839772663	mozrunner::runner	INFO	Running command: MOZ_CRASHREPORTER="1" MOZ_CRASHREPORTER_NO_REPORT="1" MOZ_CRASHREPORTER_SHUTDOWN="1" MOZ_NO_REMOTE="1" "/snap/firefox/current/firefox.launcher" "--marionette" "--headless" "-no-remote" "-profile" "/tmp/rust_mozprofile3rYRxP"
*** You are running in headless mode.
Gtk-Message: 00:16:12.682: Not loading module "atk-bridge": The functionality is provided by GTK natively. Please try to not load it.
console.warn: services.settings: Ignoring preference override of remote settings server
console.warn: services.settings: Allow by setting MOZ_REMOTE_SETTINGS_DEVTOOLS=1 in the environment
Fontconfig warning: "/etc/fonts/conf.avail/53-monospace-lcd-filter.conf", line 10: Having multiple values in <test> isn't supported and may not work as expected
1701839772948	Marionette	INFO	Marionette enabled
1701839773001	Marionette	INFO	Listening on port 37139
Read port: 37139
1701839773364	RemoteAgent	WARN	TLS certificate errors will be ignored for this session
Fontconfig warning: "/etc/fonts/conf.avail/53-monospace-lcd-filter.conf", line 10: Having multiple values in <test> isn't supported and may not work as expected
Fontconfig warning: "/etc/fonts/conf.avail/53-monospace-lcd-filter.conf", line 10: Having multiple values in <test> isn't supported and may not work as expected
[GFX1-]: RenderCompositorSWGL failed mapping default framebuffer, no dt
console.error: ({})
[Parent 7906, Main Thread] WARNING: Failed to call GetIdletime(): GDBus.Error:org.freedesktop.DBus.Error.AccessDenied: An AppArmor policy prevents this sender from sending this message to this recipient; type="method_call", sender=":1.728" (uid=1001 pid=7906 comm="/snap/firefox/3416/usr/lib/firefox/firefox --mario" label="snap.firefox.geckodriver (enforce)") interface="org.gnome.Mutter.IdleMonitor" member="GetIdletime" error name="(unset)" requested_reply="0" destination=":1.25" (uid=1001 pid=4467 comm="/usr/bin/gnome-shell " label="unconfined")
: 'glib warning', file /build/firefox/parts/firefox/build/toolkit/xre/nsSigHandlers.cpp:187

** (firefox:7906): WARNING **: 00:16:14.380: Failed to call GetIdletime(): GDBus.Error:org.freedesktop.DBus.Error.AccessDenied: An AppArmor policy prevents this sender from sending this message to this recipient; type="method_call", sender=":1.728" (uid=1001 pid=7906 comm="/snap/firefox/3416/usr/lib/firefox/firefox --mario" label="snap.firefox.geckodriver (enforce)") interface="org.gnome.Mutter.IdleMonitor" member="GetIdletime" error name="(unset)" requested_reply="0" destination=":1.25" (uid=1001 pid=4467 comm="/usr/bin/gnome-shell " label="unconfined")

Fontconfig warning: "/etc/fonts/conf.avail/53-monospace-lcd-filter.conf", line 10: Having multiple values in <test> isn't supported and may not work as expected
Fontconfig warning: "/etc/fonts/conf.avail/53-monospace-lcd-filter.conf", line 10: Having multiple values in <test> isn't supported and may not work as expected
Fontconfig warning: "/etc/fonts/conf.avail/53-monospace-lcd-filter.conf", line 10: Having multiple values in <test> isn't supported and may not work as expected
console.error: (new TypeError("this._searchProviderInfo is null", "resource:///modules/SearchSERPTelemetry.sys.mjs", 692))
Fontconfig warning: "/etc/fonts/conf.avail/53-monospace-lcd-filter.conf", line 10: Having multiple values in <test> isn't supported and may not work as expected
JavaScript warning: , line 0: WebGL warning: texSubImage: Texture has not been initialized prior to a partial upload, forcing the browser to clear it. This may be slow.
JavaScript warning: , line 0: WebGL warning: texSubImage: Tex image TEXTURE_2D level 0 is incurring lazy initialization.
1701839792674	Marionette	INFO	Stopped listening on port 37139
JavaScript warning: https://www.windy.com/v/40.1.0.ind.e26e/plugins/gl-particles.js, line 1: Script terminated by timeout at:
D@https://www.windy.com/v/40.1.0.ind.e26e/plugins/gl-particles.js:1:2025

1701839794008	geckodriver	INFO	Listening on 127.0.0.1:60153
1701839794851	mozrunner::runner	INFO	Running command: MOZ_CRASHREPORTER="1" MOZ_CRASHREPORTER_NO_REPORT="1" MOZ_CRASHREPORTER_SHUTDOWN="1" MOZ_NO_REMOTE="1" "/snap/firefox/current/firefox.launcher" "--marionette" "--headless" "-no-remote" "-profile" "/tmp/rust_mozprofileXn7Bzk"
*** You are running in headless mode.
Gtk-Message: 00:16:34.879: Not loading module "atk-bridge": The functionality is provided by GTK natively. Please try to not load it.
console.warn: services.settings: Ignoring preference override of remote settings server
console.warn: services.settings: Allow by setting MOZ_REMOTE_SETTINGS_DEVTOOLS=1 in the environment
Fontconfig warning: "/etc/fonts/conf.avail/53-monospace-lcd-filter.conf", line 10: Having multiple values in <test> isn't supported and may not work as expected
1701839795185	Marionette	INFO	Marionette enabled
1701839795239	Marionette	INFO	Listening on port 37229
Read port: 37229
1701839795443	RemoteAgent	WARN	TLS certificate errors will be ignored for this session
Fontconfig warning: "/etc/fonts/conf.avail/53-monospace-lcd-filter.conf", line 10: Having multiple values in <test> isn't supported and may not work as expected
Fontconfig warning: "/etc/fonts/conf.avail/53-monospace-lcd-filter.conf", line 10: Having multiple values in <test> isn't supported and may not work as expected
[GFX1-]: RenderCompositorSWGL failed mapping default framebuffer, no dt
console.error: ({})
[Parent 8343, Main Thread] WARNING: Failed to call GetIdletime(): GDBus.Error:org.freedesktop.DBus.Error.AccessDenied: An AppArmor policy prevents this sender from sending this message to this recipient; type="method_call", sender=":1.730" (uid=1001 pid=8343 comm="/snap/firefox/3416/usr/lib/firefox/firefox --mario" label="snap.firefox.geckodriver (enforce)") interface="org.gnome.Mutter.IdleMonitor" member="GetIdletime" error name="(unset)" requested_reply="0" destination=":1.25" (uid=1001 pid=4467 comm="/usr/bin/gnome-shell " label="unconfined")
: 'glib warning', file /build/firefox/parts/firefox/build/toolkit/xre/nsSigHandlers.cpp:187

** (firefox:8343): WARNING **: 00:16:36.247: Failed to call GetIdletime(): GDBus.Error:org.freedesktop.DBus.Error.AccessDenied: An AppArmor policy prevents this sender from sending this message to this recipient; type="method_call", sender=":1.730" (uid=1001 pid=8343 comm="/snap/firefox/3416/usr/lib/firefox/firefox --mario" label="snap.firefox.geckodriver (enforce)") interface="org.gnome.Mutter.IdleMonitor" member="GetIdletime" error name="(unset)" requested_reply="0" destination=":1.25" (uid=1001 pid=4467 comm="/usr/bin/gnome-shell " label="unconfined")

Fontconfig warning: "/etc/fonts/conf.avail/53-monospace-lcd-filter.conf", line 10: Having multiple values in <test> isn't supported and may not work as expected
Fontconfig warning: "/etc/fonts/conf.avail/53-monospace-lcd-filter.conf", line 10: Having multiple values in <test> isn't supported and may not work as expected
Fontconfig warning: "/etc/fonts/conf.avail/53-monospace-lcd-filter.conf", line 10: Having multiple values in <test> isn't supported and may not work as expected
console.error: (new TypeError("this._searchProviderInfo is null", "resource:///modules/SearchSERPTelemetry.sys.mjs", 692))
console.error: (new TypeError("linkMap is undefined", "resource://gre/modules/NewTabUtils.sys.mjs", 2001))
Fontconfig warning: "/etc/fonts/conf.avail/53-monospace-lcd-filter.conf", line 10: Having multiple values in <test> isn't supported and may not work as expected
JavaScript warning: , line 0: WebGL warning: texSubImage: Texture has not been initialized prior to a partial upload, forcing the browser to clear it. This may be slow.
JavaScript warning: , line 0: WebGL warning: texSubImage: Tex image TEXTURE_2D level 0 is incurring lazy initialization.
1701839816851	Marionette	INFO	Stopped listening on port 37229
JavaScript warning: https://www.windy.com/v/40.1.0.ind.e26e/plugins/radar.js, line 1: Script terminated by timeout at:
value@https://www.windy.com/v/40.1.0.ind.e26e/plugins/radar.js:1:28078

1701840173052	geckodriver	INFO	Listening on 127.0.0.1:37095
1701840173954	mozrunner::runner	INFO	Running command: MOZ_CRASHREPORTER="1" MOZ_CRASHREPORTER_NO_REPORT="1" MOZ_CRASHREPORTER_SHUTDOWN="1" MOZ_NO_REMOTE="1" "/snap/firefox/current/firefox.launcher" "--marionette" "--headless" "-no-remote" "-profile" "/tmp/rust_mozprofiley2u5eW"
*** You are running in headless mode.
Gtk-Message: 00:22:53.974: Not loading module "atk-bridge": The functionality is provided by GTK natively. Please try to not load it.
console.warn: services.settings: Ignoring preference override of remote settings server
console.warn: services.settings: Allow by setting MOZ_REMOTE_SETTINGS_DEVTOOLS=1 in the environment
Fontconfig warning: "/etc/fonts/conf.avail/53-monospace-lcd-filter.conf", line 10: Having multiple values in <test> isn't supported and may not work as expected
1701840174267	Marionette	INFO	Marionette enabled
1701840174329	Marionette	INFO	Listening on port 46081
Read port: 46081
1701840174745	RemoteAgent	WARN	TLS certificate errors will be ignored for this session
Fontconfig warning: "/etc/fonts/conf.avail/53-monospace-lcd-filter.conf", line 10: Having multiple values in <test> isn't supported and may not work as expected
Fontconfig warning: "/etc/fonts/conf.avail/53-monospace-lcd-filter.conf", line 10: Having multiple values in <test> isn't supported and may not work as expected
[GFX1-]: RenderCompositorSWGL failed mapping default framebuffer, no dt
console.error: ({})
[Parent 12489, Main Thread] WARNING: Failed to call GetIdletime(): GDBus.Error:org.freedesktop.DBus.Error.AccessDenied: An AppArmor policy prevents this sender from sending this message to this recipient; type="method_call", sender=":1.746" (uid=1001 pid=12489 comm="/snap/firefox/3416/usr/lib/firefox/firefox --mario" label="snap.firefox.geckodriver (enforce)") interface="org.gnome.Mutter.IdleMonitor" member="GetIdletime" error name="(unset)" requested_reply="0" destination=":1.25" (uid=1001 pid=4467 comm="/usr/bin/gnome-shell " label="unconfined")
: 'glib warning', file /build/firefox/parts/firefox/build/toolkit/xre/nsSigHandlers.cpp:187

** (firefox:12489): WARNING **: 00:22:55.764: Failed to call GetIdletime(): GDBus.Error:org.freedesktop.DBus.Error.AccessDenied: An AppArmor policy prevents this sender from sending this message to this recipient; type="method_call", sender=":1.746" (uid=1001 pid=12489 comm="/snap/firefox/3416/usr/lib/firefox/firefox --mario" label="snap.firefox.geckodriver (enforce)") interface="org.gnome.Mutter.IdleMonitor" member="GetIdletime" error name="(unset)" requested_reply="0" destination=":1.25" (uid=1001 pid=4467 comm="/usr/bin/gnome-shell " label="unconfined")

Fontconfig warning: "/etc/fonts/conf.avail/53-monospace-lcd-filter.conf", line 10: Having multiple values in <test> isn't supported and may not work as expected
Fontconfig warning: "/etc/fonts/conf.avail/53-monospace-lcd-filter.conf", line 10: Having multiple values in <test> isn't supported and may not work as expected
Fontconfig warning: "/etc/fonts/conf.avail/53-monospace-lcd-filter.conf", line 10: Having multiple values in <test> isn't supported and may not work as expected
console.error: (new TypeError("this._searchProviderInfo is null", "resource:///modules/SearchSERPTelemetry.sys.mjs", 692))
Fontconfig warning: "/etc/fonts/conf.avail/53-monospace-lcd-filter.conf", line 10: Having multiple values in <test> isn't supported and may not work as expected
JavaScript warning: , line 0: WebGL warning: texSubImage: Texture has not been initialized prior to a partial upload, forcing the browser to clear it. This may be slow.
JavaScript warning: , line 0: WebGL warning: texSubImage: Tex image TEXTURE_2D level 0 is incurring lazy initialization.
1701840194589	Marionette	INFO	Stopped listening on port 46081
JavaScript warning: https://www.windy.com/v/40.1.0.ind.e26e/plugins/gl-particles.js, line 1: Script terminated by timeout at:
D@https://www.windy.com/v/40.1.0.ind.e26e/plugins/gl-particles.js:1:2025

1701840196331	geckodriver	INFO	Listening on 127.0.0.1:55673
1701840197254	mozrunner::runner	INFO	Running command: MOZ_CRASHREPORTER="1" MOZ_CRASHREPORTER_NO_REPORT="1" MOZ_CRASHREPORTER_SHUTDOWN="1" MOZ_NO_REMOTE="1" "/snap/firefox/current/firefox.launcher" "--marionette" "--headless" "-no-remote" "-profile" "/tmp/rust_mozprofilebj6JYs"
*** You are running in headless mode.
Gtk-Message: 00:23:17.278: Not loading module "atk-bridge": The functionality is provided by GTK natively. Please try to not load it.
console.warn: services.settings: Ignoring preference override of remote settings server
console.warn: services.settings: Allow by setting MOZ_REMOTE_SETTINGS_DEVTOOLS=1 in the environment
Fontconfig warning: "/etc/fonts/conf.avail/53-monospace-lcd-filter.conf", line 10: Having multiple values in <test> isn't supported and may not work as expected
1701840197688	Marionette	INFO	Marionette enabled
1701840197744	Marionette	INFO	Listening on port 40741
Read port: 40741
1701840198586	RemoteAgent	WARN	TLS certificate errors will be ignored for this session
Fontconfig warning: "/etc/fonts/conf.avail/53-monospace-lcd-filter.conf", line 10: Having multiple values in <test> isn't supported and may not work as expected
Fontconfig warning: "/etc/fonts/conf.avail/53-monospace-lcd-filter.conf", line 10: Having multiple values in <test> isn't supported and may not work as expected
[GFX1-]: RenderCompositorSWGL failed mapping default framebuffer, no dt
console.error: ({})
[Parent 13323, Main Thread] WARNING: Failed to call GetIdletime(): GDBus.Error:org.freedesktop.DBus.Error.AccessDenied: An AppArmor policy prevents this sender from sending this message to this recipient; type="method_call", sender=":1.750" (uid=1001 pid=13323 comm="/snap/firefox/3416/usr/lib/firefox/firefox --mario" label="snap.firefox.geckodriver (enforce)") interface="org.gnome.Mutter.IdleMonitor" member="GetIdletime" error name="(unset)" requested_reply="0" destination=":1.25" (uid=1001 pid=4467 comm="/usr/bin/gnome-shell " label="unconfined")
: 'glib warning', file /build/firefox/parts/firefox/build/toolkit/xre/nsSigHandlers.cpp:187

** (firefox:13323): WARNING **: 00:23:19.536: Failed to call GetIdletime(): GDBus.Error:org.freedesktop.DBus.Error.AccessDenied: An AppArmor policy prevents this sender from sending this message to this recipient; type="method_call", sender=":1.750" (uid=1001 pid=13323 comm="/snap/firefox/3416/usr/lib/firefox/firefox --mario" label="snap.firefox.geckodriver (enforce)") interface="org.gnome.Mutter.IdleMonitor" member="GetIdletime" error name="(unset)" requested_reply="0" destination=":1.25" (uid=1001 pid=4467 comm="/usr/bin/gnome-shell " label="unconfined")

Fontconfig warning: "/etc/fonts/conf.avail/53-monospace-lcd-filter.conf", line 10: Having multiple values in <test> isn't supported and may not work as expected
Fontconfig warning: "/etc/fonts/conf.avail/53-monospace-lcd-filter.conf", line 10: Having multiple values in <test> isn't supported and may not work as expected
Fontconfig warning: "/etc/fonts/conf.avail/53-monospace-lcd-filter.conf", line 10: Having multiple values in <test> isn't supported and may not work as expected
console.error: (new TypeError("this._searchProviderInfo is null", "resource:///modules/SearchSERPTelemetry.sys.mjs", 692))
Fontconfig warning: "/etc/fonts/conf.avail/53-monospace-lcd-filter.conf", line 10: Having multiple values in <test> isn't supported and may not work as expected
JavaScript warning: , line 0: WebGL warning: texSubImage: Texture has not been initialized prior to a partial upload, forcing the browser to clear it. This may be slow.
JavaScript warning: , line 0: WebGL warning: texSubImage: Tex image TEXTURE_2D level 0 is incurring lazy initialization.
1701840218507	Marionette	INFO	Stopped listening on port 40741
JavaScript warning: https://www.windy.com/v/40.1.0.ind.e26e/plugins/radar.js, line 1: Script terminated by timeout at:
value@https://www.windy.com/v/40.1.0.ind.e26e/plugins/radar.js:1:28078

1701840250119	geckodriver	INFO	Listening on 127.0.0.1:37315
1701840251038	mozrunner::runner	INFO	Running command: MOZ_CRASHREPORTER="1" MOZ_CRASHREPORTER_NO_REPORT="1" MOZ_CRASHREPORTER_SHUTDOWN="1" MOZ_NO_REMOTE="1" "/snap/firefox/current/firefox.launcher" "--marionette" "--headless" "-no-remote" "-profile" "/tmp/rust_mozprofileehn2oP"
*** You are running in headless mode.
Gtk-Message: 00:24:11.057: Not loading module "atk-bridge": The functionality is provided by GTK natively. Please try to not load it.
console.warn: services.settings: Ignoring preference override of remote settings server
console.warn: services.settings: Allow by setting MOZ_REMOTE_SETTINGS_DEVTOOLS=1 in the environment
Fontconfig warning: "/etc/fonts/conf.avail/53-monospace-lcd-filter.conf", line 10: Having multiple values in <test> isn't supported and may not work as expected
1701840251356	Marionette	INFO	Marionette enabled
1701840251411	Marionette	INFO	Listening on port 46485
Read port: 46485
1701840251714	RemoteAgent	WARN	TLS certificate errors will be ignored for this session
Fontconfig warning: "/etc/fonts/conf.avail/53-monospace-lcd-filter.conf", line 10: Having multiple values in <test> isn't supported and may not work as expected
Fontconfig warning: "/etc/fonts/conf.avail/53-monospace-lcd-filter.conf", line 10: Having multiple values in <test> isn't supported and may not work as expected
[GFX1-]: RenderCompositorSWGL failed mapping default framebuffer, no dt
console.error: ({})
[Parent 13870, Main Thread] WARNING: Failed to call GetIdletime(): GDBus.Error:org.freedesktop.DBus.Error.AccessDenied: An AppArmor policy prevents this sender from sending this message to this recipient; type="method_call", sender=":1.752" (uid=1001 pid=13870 comm="/snap/firefox/3416/usr/lib/firefox/firefox --mario" label="snap.firefox.geckodriver (enforce)") interface="org.gnome.Mutter.IdleMonitor" member="GetIdletime" error name="(unset)" requested_reply="0" destination=":1.25" (uid=1001 pid=4467 comm="/usr/bin/gnome-shell " label="unconfined")
: 'glib warning', file /build/firefox/parts/firefox/build/toolkit/xre/nsSigHandlers.cpp:187

** (firefox:13870): WARNING **: 00:24:12.646: Failed to call GetIdletime(): GDBus.Error:org.freedesktop.DBus.Error.AccessDenied: An AppArmor policy prevents this sender from sending this message to this recipient; type="method_call", sender=":1.752" (uid=1001 pid=13870 comm="/snap/firefox/3416/usr/lib/firefox/firefox --mario" label="snap.firefox.geckodriver (enforce)") interface="org.gnome.Mutter.IdleMonitor" member="GetIdletime" error name="(unset)" requested_reply="0" destination=":1.25" (uid=1001 pid=4467 comm="/usr/bin/gnome-shell " label="unconfined")

Exiting due to channel error.
Exiting due to channel error.
1701841977317	geckodriver	INFO	Listening on 127.0.0.1:48603
1701841978242	mozrunner::runner	INFO	Running command: MOZ_CRASHREPORTER="1" MOZ_CRASHREPORTER_NO_REPORT="1" MOZ_CRASHREPORTER_SHUTDOWN="1" MOZ_NO_REMOTE="1" "/snap/firefox/current/firefox.launcher" "--marionette" "--headless" "-no-remote" "-profile" "/tmp/rust_mozprofilej64UJW"
*** You are running in headless mode.
Gtk-Message: 00:52:58.263: Not loading module "atk-bridge": The functionality is provided by GTK natively. Please try to not load it.
console.warn: services.settings: Ignoring preference override of remote settings server
console.warn: services.settings: Allow by setting MOZ_REMOTE_SETTINGS_DEVTOOLS=1 in the environment
Fontconfig warning: "/etc/fonts/conf.avail/53-monospace-lcd-filter.conf", line 10: Having multiple values in <test> isn't supported and may not work as expected
1701841978626	Marionette	INFO	Marionette enabled
1701841978680	Marionette	INFO	Listening on port 33873
Read port: 33873
1701841979108	RemoteAgent	WARN	TLS certificate errors will be ignored for this session
Fontconfig warning: "/etc/fonts/conf.avail/53-monospace-lcd-filter.conf", line 10: Having multiple values in <test> isn't supported and may not work as expected
Fontconfig warning: "/etc/fonts/conf.avail/53-monospace-lcd-filter.conf", line 10: Having multiple values in <test> isn't supported and may not work as expected
[GFX1-]: RenderCompositorSWGL failed mapping default framebuffer, no dt
console.error: ({})
[Parent 28574, Main Thread] WARNING: Failed to call GetIdletime(): GDBus.Error:org.freedesktop.DBus.Error.AccessDenied: An AppArmor policy prevents this sender from sending this message to this recipient; type="method_call", sender=":1.807" (uid=1001 pid=28574 comm="/snap/firefox/3416/usr/lib/firefox/firefox --mario" label="snap.firefox.geckodriver (enforce)") interface="org.gnome.Mutter.IdleMonitor" member="GetIdletime" error name="(unset)" requested_reply="0" destination=":1.25" (uid=1001 pid=4467 comm="/usr/bin/gnome-shell " label="unconfined")
: 'glib warning', file /build/firefox/parts/firefox/build/toolkit/xre/nsSigHandlers.cpp:187

** (firefox:28574): WARNING **: 00:52:59.957: Failed to call GetIdletime(): GDBus.Error:org.freedesktop.DBus.Error.AccessDenied: An AppArmor policy prevents this sender from sending this message to this recipient; type="method_call", sender=":1.807" (uid=1001 pid=28574 comm="/snap/firefox/3416/usr/lib/firefox/firefox --mario" label="snap.firefox.geckodriver (enforce)") interface="org.gnome.Mutter.IdleMonitor" member="GetIdletime" error name="(unset)" requested_reply="0" destination=":1.25" (uid=1001 pid=4467 comm="/usr/bin/gnome-shell " label="unconfined")

Fontconfig warning: "/etc/fonts/conf.avail/53-monospace-lcd-filter.conf", line 10: Having multiple values in <test> isn't supported and may not work as expected
Fontconfig warning: "/etc/fonts/conf.avail/53-monospace-lcd-filter.conf", line 10: Having multiple values in <test> isn't supported and may not work as expected
Fontconfig warning: "/etc/fonts/conf.avail/53-monospace-lcd-filter.conf", line 10: Having multiple values in <test> isn't supported and may not work as expected
console.error: (new TypeError("this._searchProviderInfo is null", "resource:///modules/SearchSERPTelemetry.sys.mjs", 692))
console.error: (new TypeError("linkMap is undefined", "resource://gre/modules/NewTabUtils.sys.mjs", 2001))
Fontconfig warning: "/etc/fonts/conf.avail/53-monospace-lcd-filter.conf", line 10: Having multiple values in <test> isn't supported and may not work as expected
JavaScript warning: , line 0: WebGL warning: texSubImage: Texture has not been initialized prior to a partial upload, forcing the browser to clear it. This may be slow.
JavaScript warning: , line 0: WebGL warning: texSubImage: Tex image TEXTURE_2D level 0 is incurring lazy initialization.
1701841998810	Marionette	INFO	Stopped listening on port 33873
JavaScript warning: https://www.windy.com/v/40.1.0.ind.e26e/plugins/gl-particles.js, line 1: Script terminated by timeout at:
D@https://www.windy.com/v/40.1.0.ind.e26e/plugins/gl-particles.js:1:2025

1701842000061	geckodriver	INFO	Listening on 127.0.0.1:43635
1701842001013	mozrunner::runner	INFO	Running command: MOZ_CRASHREPORTER="1" MOZ_CRASHREPORTER_NO_REPORT="1" MOZ_CRASHREPORTER_SHUTDOWN="1" MOZ_NO_REMOTE="1" "/snap/firefox/current/firefox.launcher" "--marionette" "--headless" "-no-remote" "-profile" "/tmp/rust_mozprofileBiKTq9"
*** You are running in headless mode.
Gtk-Message: 00:53:21.071: Not loading module "atk-bridge": The functionality is provided by GTK natively. Please try to not load it.
console.warn: services.settings: Ignoring preference override of remote settings server
console.warn: services.settings: Allow by setting MOZ_REMOTE_SETTINGS_DEVTOOLS=1 in the environment
Fontconfig warning: "/etc/fonts/conf.avail/53-monospace-lcd-filter.conf", line 10: Having multiple values in <test> isn't supported and may not work as expected
1701842001380	Marionette	INFO	Marionette enabled
1701842001433	Marionette	INFO	Listening on port 38569
Read port: 38569
1701842001841	RemoteAgent	WARN	TLS certificate errors will be ignored for this session
Fontconfig warning: "/etc/fonts/conf.avail/53-monospace-lcd-filter.conf", line 10: Having multiple values in <test> isn't supported and may not work as expected
Fontconfig warning: "/etc/fonts/conf.avail/53-monospace-lcd-filter.conf", line 10: Having multiple values in <test> isn't supported and may not work as expected
[GFX1-]: RenderCompositorSWGL failed mapping default framebuffer, no dt
console.error: ({})
[Parent 29035, Main Thread] WARNING: Failed to call GetIdletime(): GDBus.Error:org.freedesktop.DBus.Error.AccessDenied: An AppArmor policy prevents this sender from sending this message to this recipient; type="method_call", sender=":1.809" (uid=1001 pid=29035 comm="/snap/firefox/3416/usr/lib/firefox/firefox --mario" label="snap.firefox.geckodriver (enforce)") interface="org.gnome.Mutter.IdleMonitor" member="GetIdletime" error name="(unset)" requested_reply="0" destination=":1.25" (uid=1001 pid=4467 comm="/usr/bin/gnome-shell " label="unconfined")
: 'glib warning', file /build/firefox/parts/firefox/build/toolkit/xre/nsSigHandlers.cpp:187

** (firefox:29035): WARNING **: 00:53:22.875: Failed to call GetIdletime(): GDBus.Error:org.freedesktop.DBus.Error.AccessDenied: An AppArmor policy prevents this sender from sending this message to this recipient; type="method_call", sender=":1.809" (uid=1001 pid=29035 comm="/snap/firefox/3416/usr/lib/firefox/firefox --mario" label="snap.firefox.geckodriver (enforce)") interface="org.gnome.Mutter.IdleMonitor" member="GetIdletime" error name="(unset)" requested_reply="0" destination=":1.25" (uid=1001 pid=4467 comm="/usr/bin/gnome-shell " label="unconfined")

Fontconfig warning: "/etc/fonts/conf.avail/53-monospace-lcd-filter.conf", line 10: Having multiple values in <test> isn't supported and may not work as expected
Fontconfig warning: "/etc/fonts/conf.avail/53-monospace-lcd-filter.conf", line 10: Having multiple values in <test> isn't supported and may not work as expected
Fontconfig warning: "/etc/fonts/conf.avail/53-monospace-lcd-filter.conf", line 10: Having multiple values in <test> isn't supported and may not work as expected
console.error: (new TypeError("this._searchProviderInfo is null", "resource:///modules/SearchSERPTelemetry.sys.mjs", 692))
Fontconfig warning: "/etc/fonts/conf.avail/53-monospace-lcd-filter.conf", line 10: Having multiple values in <test> isn't supported and may not work as expected
JavaScript warning: , line 0: WebGL warning: texSubImage: Texture has not been initialized prior to a partial upload, forcing the browser to clear it. This may be slow.
JavaScript warning: , line 0: WebGL warning: texSubImage: Tex image TEXTURE_2D level 0 is incurring lazy initialization.
1701842021152	Marionette	INFO	Stopped listening on port 38569
JavaScript warning: https://www.windy.com/v/40.1.0.ind.e26e/plugins/radar.js, line 1: Script terminated by timeout at:
value@https://www.windy.com/v/40.1.0.ind.e26e/plugins/radar.js:1:28078

1701842199200	geckodriver	INFO	Listening on 127.0.0.1:49509
1701842200134	mozrunner::runner	INFO	Running command: MOZ_CRASHREPORTER="1" MOZ_CRASHREPORTER_NO_REPORT="1" MOZ_CRASHREPORTER_SHUTDOWN="1" MOZ_NO_REMOTE="1" "/snap/firefox/current/firefox.launcher" "--marionette" "--headless" "-no-remote" "-profile" "/tmp/rust_mozprofile2ZC5wm"
*** You are running in headless mode.
Gtk-Message: 00:56:40.152: Not loading module "atk-bridge": The functionality is provided by GTK natively. Please try to not load it.
console.warn: services.settings: Ignoring preference override of remote settings server
console.warn: services.settings: Allow by setting MOZ_REMOTE_SETTINGS_DEVTOOLS=1 in the environment
Fontconfig warning: "/etc/fonts/conf.avail/53-monospace-lcd-filter.conf", line 10: Having multiple values in <test> isn't supported and may not work as expected
1701842200423	Marionette	INFO	Marionette enabled
1701842200481	Marionette	INFO	Listening on port 42423
Read port: 42423
1701842200805	RemoteAgent	WARN	TLS certificate errors will be ignored for this session
Fontconfig warning: "/etc/fonts/conf.avail/53-monospace-lcd-filter.conf", line 10: Having multiple values in <test> isn't supported and may not work as expected
Fontconfig warning: "/etc/fonts/conf.avail/53-monospace-lcd-filter.conf", line 10: Having multiple values in <test> isn't supported and may not work as expected
[GFX1-]: RenderCompositorSWGL failed mapping default framebuffer, no dt
console.error: ({})
[Parent 29858, Main Thread] WARNING: Failed to call GetIdletime(): GDBus.Error:org.freedesktop.DBus.Error.AccessDenied: An AppArmor policy prevents this sender from sending this message to this recipient; type="method_call", sender=":1.811" (uid=1001 pid=29858 comm="/snap/firefox/3416/usr/lib/firefox/firefox --mario" label="snap.firefox.geckodriver (enforce)") interface="org.gnome.Mutter.IdleMonitor" member="GetIdletime" error name="(unset)" requested_reply="0" destination=":1.25" (uid=1001 pid=4467 comm="/usr/bin/gnome-shell " label="unconfined")
: 'glib warning', file /build/firefox/parts/firefox/build/toolkit/xre/nsSigHandlers.cpp:187

** (firefox:29858): WARNING **: 00:56:41.610: Failed to call GetIdletime(): GDBus.Error:org.freedesktop.DBus.Error.AccessDenied: An AppArmor policy prevents this sender from sending this message to this recipient; type="method_call", sender=":1.811" (uid=1001 pid=29858 comm="/snap/firefox/3416/usr/lib/firefox/firefox --mario" label="snap.firefox.geckodriver (enforce)") interface="org.gnome.Mutter.IdleMonitor" member="GetIdletime" error name="(unset)" requested_reply="0" destination=":1.25" (uid=1001 pid=4467 comm="/usr/bin/gnome-shell " label="unconfined")

Fontconfig warning: "/etc/fonts/conf.avail/53-monospace-lcd-filter.conf", line 10: Having multiple values in <test> isn't supported and may not work as expected
Fontconfig warning: "/etc/fonts/conf.avail/53-monospace-lcd-filter.conf", line 10: Having multiple values in <test> isn't supported and may not work as expected
Fontconfig warning: "/etc/fonts/conf.avail/53-monospace-lcd-filter.conf", line 10: Having multiple values in <test> isn't supported and may not work as expected
console.error: (new TypeError("this._searchProviderInfo is null", "resource:///modules/SearchSERPTelemetry.sys.mjs", 692))
Fontconfig warning: "/etc/fonts/conf.avail/53-monospace-lcd-filter.conf", line 10: Having multiple values in <test> isn't supported and may not work as expected
JavaScript warning: , line 0: WebGL warning: texSubImage: Texture has not been initialized prior to a partial upload, forcing the browser to clear it. This may be slow.
JavaScript warning: , line 0: WebGL warning: texSubImage: Tex image TEXTURE_2D level 0 is incurring lazy initialization.
1701842222107	Marionette	INFO	Stopped listening on port 42423
JavaScript warning: https://www.windy.com/v/40.1.0.ind.e26e/plugins/gl-particles.js, line 1: Script terminated by timeout at:
D@https://www.windy.com/v/40.1.0.ind.e26e/plugins/gl-particles.js:1:2025

1701842223494	geckodriver	INFO	Listening on 127.0.0.1:37183
1701842224283	mozrunner::runner	INFO	Running command: MOZ_CRASHREPORTER="1" MOZ_CRASHREPORTER_NO_REPORT="1" MOZ_CRASHREPORTER_SHUTDOWN="1" MOZ_NO_REMOTE="1" "/snap/firefox/current/firefox.launcher" "--marionette" "--headless" "-no-remote" "-profile" "/tmp/rust_mozprofileBNGp3A"
*** You are running in headless mode.
Gtk-Message: 00:57:04.303: Not loading module "atk-bridge": The functionality is provided by GTK natively. Please try to not load it.
console.warn: services.settings: Ignoring preference override of remote settings server
console.warn: services.settings: Allow by setting MOZ_REMOTE_SETTINGS_DEVTOOLS=1 in the environment
Fontconfig warning: "/etc/fonts/conf.avail/53-monospace-lcd-filter.conf", line 10: Having multiple values in <test> isn't supported and may not work as expected
1701842224611	Marionette	INFO	Marionette enabled
1701842224666	Marionette	INFO	Listening on port 33829
Read port: 33829
1701842225100	RemoteAgent	WARN	TLS certificate errors will be ignored for this session
Fontconfig warning: "/etc/fonts/conf.avail/53-monospace-lcd-filter.conf", line 10: Having multiple values in <test> isn't supported and may not work as expected
Fontconfig warning: "/etc/fonts/conf.avail/53-monospace-lcd-filter.conf", line 10: Having multiple values in <test> isn't supported and may not work as expected
[GFX1-]: RenderCompositorSWGL failed mapping default framebuffer, no dt
console.error: ({})
[Parent 30316, Main Thread] WARNING: Failed to call GetIdletime(): GDBus.Error:org.freedesktop.DBus.Error.AccessDenied: An AppArmor policy prevents this sender from sending this message to this recipient; type="method_call", sender=":1.813" (uid=1001 pid=30316 comm="/snap/firefox/3416/usr/lib/firefox/firefox --mario" label="snap.firefox.geckodriver (enforce)") interface="org.gnome.Mutter.IdleMonitor" member="GetIdletime" error name="(unset)" requested_reply="0" destination=":1.25" (uid=1001 pid=4467 comm="/usr/bin/gnome-shell " label="unconfined")
: 'glib warning', file /build/firefox/parts/firefox/build/toolkit/xre/nsSigHandlers.cpp:187

** (firefox:30316): WARNING **: 00:57:05.846: Failed to call GetIdletime(): GDBus.Error:org.freedesktop.DBus.Error.AccessDenied: An AppArmor policy prevents this sender from sending this message to this recipient; type="method_call", sender=":1.813" (uid=1001 pid=30316 comm="/snap/firefox/3416/usr/lib/firefox/firefox --mario" label="snap.firefox.geckodriver (enforce)") interface="org.gnome.Mutter.IdleMonitor" member="GetIdletime" error name="(unset)" requested_reply="0" destination=":1.25" (uid=1001 pid=4467 comm="/usr/bin/gnome-shell " label="unconfined")

Fontconfig warning: "/etc/fonts/conf.avail/53-monospace-lcd-filter.conf", line 10: Having multiple values in <test> isn't supported and may not work as expected
Fontconfig warning: "/etc/fonts/conf.avail/53-monospace-lcd-filter.conf", line 10: Having multiple values in <test> isn't supported and may not work as expected
Fontconfig warning: "/etc/fonts/conf.avail/53-monospace-lcd-filter.conf", line 10: Having multiple values in <test> isn't supported and may not work as expected
console.error: (new TypeError("this._searchProviderInfo is null", "resource:///modules/SearchSERPTelemetry.sys.mjs", 692))
Fontconfig warning: "/etc/fonts/conf.avail/53-monospace-lcd-filter.conf", line 10: Having multiple values in <test> isn't supported and may not work as expected
JavaScript warning: , line 0: WebGL warning: texSubImage: Texture has not been initialized prior to a partial upload, forcing the browser to clear it. This may be slow.
JavaScript warning: , line 0: WebGL warning: texSubImage: Tex image TEXTURE_2D level 0 is incurring lazy initialization.
1701842244195	Marionette	INFO	Stopped listening on port 33829
JavaScript warning: https://www.windy.com/v/40.1.0.ind.e26e/plugins/radar.js, line 1: Script terminated by timeout at:
value@https://www.windy.com/v/40.1.0.ind.e26e/plugins/radar.js:1:28078

1701842317494	geckodriver	INFO	Listening on 127.0.0.1:59679
1701842318378	mozrunner::runner	INFO	Running command: MOZ_CRASHREPORTER="1" MOZ_CRASHREPORTER_NO_REPORT="1" MOZ_CRASHREPORTER_SHUTDOWN="1" MOZ_NO_REMOTE="1" "/snap/firefox/current/firefox.launcher" "--marionette" "--headless" "-no-remote" "-profile" "/tmp/rust_mozprofile6xRd7h"
*** You are running in headless mode.
Gtk-Message: 00:58:38.396: Not loading module "atk-bridge": The functionality is provided by GTK natively. Please try to not load it.
console.warn: services.settings: Ignoring preference override of remote settings server
console.warn: services.settings: Allow by setting MOZ_REMOTE_SETTINGS_DEVTOOLS=1 in the environment
Fontconfig warning: "/etc/fonts/conf.avail/53-monospace-lcd-filter.conf", line 10: Having multiple values in <test> isn't supported and may not work as expected
1701842318685	Marionette	INFO	Marionette enabled
1701842318740	Marionette	INFO	Listening on port 41281
Read port: 41281
1701842319105	RemoteAgent	WARN	TLS certificate errors will be ignored for this session
Fontconfig warning: "/etc/fonts/conf.avail/53-monospace-lcd-filter.conf", line 10: Having multiple values in <test> isn't supported and may not work as expected
Fontconfig warning: "/etc/fonts/conf.avail/53-monospace-lcd-filter.conf", line 10: Having multiple values in <test> isn't supported and may not work as expected
[GFX1-]: RenderCompositorSWGL failed mapping default framebuffer, no dt
console.error: ({})
[Parent 30907, Main Thread] WARNING: Failed to call GetIdletime(): GDBus.Error:org.freedesktop.DBus.Error.AccessDenied: An AppArmor policy prevents this sender from sending this message to this recipient; type="method_call", sender=":1.815" (uid=1001 pid=30907 comm="/snap/firefox/3416/usr/lib/firefox/firefox --mario" label="snap.firefox.geckodriver (enforce)") interface="org.gnome.Mutter.IdleMonitor" member="GetIdletime" error name="(unset)" requested_reply="0" destination=":1.25" (uid=1001 pid=4467 comm="/usr/bin/gnome-shell " label="unconfined")
: 'glib warning', file /build/firefox/parts/firefox/build/toolkit/xre/nsSigHandlers.cpp:187

** (firefox:30907): WARNING **: 00:58:39.820: Failed to call GetIdletime(): GDBus.Error:org.freedesktop.DBus.Error.AccessDenied: An AppArmor policy prevents this sender from sending this message to this recipient; type="method_call", sender=":1.815" (uid=1001 pid=30907 comm="/snap/firefox/3416/usr/lib/firefox/firefox --mario" label="snap.firefox.geckodriver (enforce)") interface="org.gnome.Mutter.IdleMonitor" member="GetIdletime" error name="(unset)" requested_reply="0" destination=":1.25" (uid=1001 pid=4467 comm="/usr/bin/gnome-shell " label="unconfined")

Fontconfig warning: "/etc/fonts/conf.avail/53-monospace-lcd-filter.conf", line 10: Having multiple values in <test> isn't supported and may not work as expected
Fontconfig warning: "/etc/fonts/conf.avail/53-monospace-lcd-filter.conf", line 10: Having multiple values in <test> isn't supported and may not work as expected
Fontconfig warning: "/etc/fonts/conf.avail/53-monospace-lcd-filter.conf", line 10: Having multiple values in <test> isn't supported and may not work as expected
console.error: (new TypeError("this._searchProviderInfo is null", "resource:///modules/SearchSERPTelemetry.sys.mjs", 692))
Fontconfig warning: "/etc/fonts/conf.avail/53-monospace-lcd-filter.conf", line 10: Having multiple values in <test> isn't supported and may not work as expected
JavaScript warning: , line 0: WebGL warning: texSubImage: Texture has not been initialized prior to a partial upload, forcing the browser to clear it. This may be slow.
JavaScript warning: , line 0: WebGL warning: texSubImage: Tex image TEXTURE_2D level 0 is incurring lazy initialization.
1701842338301	Marionette	INFO	Stopped listening on port 41281
JavaScript warning: https://www.windy.com/v/40.1.0.ind.e26e/plugins/gl-particles.js, line 1: Script terminated by timeout at:
D@https://www.windy.com/v/40.1.0.ind.e26e/plugins/gl-particles.js:1:2025

1701842339749	geckodriver	INFO	Listening on 127.0.0.1:37497
1701842340607	mozrunner::runner	INFO	Running command: MOZ_CRASHREPORTER="1" MOZ_CRASHREPORTER_NO_REPORT="1" MOZ_CRASHREPORTER_SHUTDOWN="1" MOZ_NO_REMOTE="1" "/snap/firefox/current/firefox.launcher" "--marionette" "--headless" "-no-remote" "-profile" "/tmp/rust_mozprofile0hoxyV"
*** You are running in headless mode.
Gtk-Message: 00:59:00.625: Not loading module "atk-bridge": The functionality is provided by GTK natively. Please try to not load it.
console.warn: services.settings: Ignoring preference override of remote settings server
console.warn: services.settings: Allow by setting MOZ_REMOTE_SETTINGS_DEVTOOLS=1 in the environment
Fontconfig warning: "/etc/fonts/conf.avail/53-monospace-lcd-filter.conf", line 10: Having multiple values in <test> isn't supported and may not work as expected
1701842340911	Marionette	INFO	Marionette enabled
1701842340963	Marionette	INFO	Listening on port 33101
Read port: 33101
1701842341393	RemoteAgent	WARN	TLS certificate errors will be ignored for this session
Fontconfig warning: "/etc/fonts/conf.avail/53-monospace-lcd-filter.conf", line 10: Having multiple values in <test> isn't supported and may not work as expected
Fontconfig warning: "/etc/fonts/conf.avail/53-monospace-lcd-filter.conf", line 10: Having multiple values in <test> isn't supported and may not work as expected
[GFX1-]: RenderCompositorSWGL failed mapping default framebuffer, no dt
console.error: ({})
[Parent 31299, Main Thread] WARNING: Failed to call GetIdletime(): GDBus.Error:org.freedesktop.DBus.Error.AccessDenied: An AppArmor policy prevents this sender from sending this message to this recipient; type="method_call", sender=":1.817" (uid=1001 pid=31299 comm="/snap/firefox/3416/usr/lib/firefox/firefox --mario" label="snap.firefox.geckodriver (enforce)") interface="org.gnome.Mutter.IdleMonitor" member="GetIdletime" error name="(unset)" requested_reply="0" destination=":1.25" (uid=1001 pid=4467 comm="/usr/bin/gnome-shell " label="unconfined")
: 'glib warning', file /build/firefox/parts/firefox/build/toolkit/xre/nsSigHandlers.cpp:187

** (firefox:31299): WARNING **: 00:59:02.359: Failed to call GetIdletime(): GDBus.Error:org.freedesktop.DBus.Error.AccessDenied: An AppArmor policy prevents this sender from sending this message to this recipient; type="method_call", sender=":1.817" (uid=1001 pid=31299 comm="/snap/firefox/3416/usr/lib/firefox/firefox --mario" label="snap.firefox.geckodriver (enforce)") interface="org.gnome.Mutter.IdleMonitor" member="GetIdletime" error name="(unset)" requested_reply="0" destination=":1.25" (uid=1001 pid=4467 comm="/usr/bin/gnome-shell " label="unconfined")

Fontconfig warning: "/etc/fonts/conf.avail/53-monospace-lcd-filter.conf", line 10: Having multiple values in <test> isn't supported and may not work as expected
Fontconfig warning: "/etc/fonts/conf.avail/53-monospace-lcd-filter.conf", line 10: Having multiple values in <test> isn't supported and may not work as expected
Fontconfig warning: "/etc/fonts/conf.avail/53-monospace-lcd-filter.conf", line 10: Having multiple values in <test> isn't supported and may not work as expected
console.error: (new TypeError("this._searchProviderInfo is null", "resource:///modules/SearchSERPTelemetry.sys.mjs", 692))
Fontconfig warning: "/etc/fonts/conf.avail/53-monospace-lcd-filter.conf", line 10: Having multiple values in <test> isn't supported and may not work as expected
JavaScript warning: , line 0: WebGL warning: texSubImage: Texture has not been initialized prior to a partial upload, forcing the browser to clear it. This may be slow.
JavaScript warning: , line 0: WebGL warning: texSubImage: Tex image TEXTURE_2D level 0 is incurring lazy initialization.
1701842360855	Marionette	INFO	Stopped listening on port 33101
JavaScript warning: https://www.windy.com/v/40.1.0.ind.e26e/plugins/radar.js, line 1: Script terminated by timeout at:
value@https://www.windy.com/v/40.1.0.ind.e26e/plugins/radar.js:1:28078

1701842771212	geckodriver	INFO	Listening on 127.0.0.1:55565
1701842772159	mozrunner::runner	INFO	Running command: MOZ_CRASHREPORTER="1" MOZ_CRASHREPORTER_NO_REPORT="1" MOZ_CRASHREPORTER_SHUTDOWN="1" MOZ_NO_REMOTE="1" "/snap/firefox/current/firefox.launcher" "--marionette" "--headless" "-no-remote" "-profile" "/tmp/rust_mozprofile9yeLN0"
*** You are running in headless mode.
Gtk-Message: 01:06:12.178: Not loading module "atk-bridge": The functionality is provided by GTK natively. Please try to not load it.
console.warn: services.settings: Ignoring preference override of remote settings server
console.warn: services.settings: Allow by setting MOZ_REMOTE_SETTINGS_DEVTOOLS=1 in the environment
Fontconfig warning: "/etc/fonts/conf.avail/53-monospace-lcd-filter.conf", line 10: Having multiple values in <test> isn't supported and may not work as expected
1701842772464	Marionette	INFO	Marionette enabled
1701842772521	Marionette	INFO	Listening on port 40995
Read port: 40995
1701842772937	RemoteAgent	WARN	TLS certificate errors will be ignored for this session
Fontconfig warning: "/etc/fonts/conf.avail/53-monospace-lcd-filter.conf", line 10: Having multiple values in <test> isn't supported and may not work as expected
Fontconfig warning: "/etc/fonts/conf.avail/53-monospace-lcd-filter.conf", line 10: Having multiple values in <test> isn't supported and may not work as expected
Exiting due to channel error.
Exiting due to channel error.
1701842808881	geckodriver	INFO	Listening on 127.0.0.1:39515
1701842809831	mozrunner::runner	INFO	Running command: MOZ_CRASHREPORTER="1" MOZ_CRASHREPORTER_NO_REPORT="1" MOZ_CRASHREPORTER_SHUTDOWN="1" MOZ_NO_REMOTE="1" "/snap/firefox/current/firefox.launcher" "--marionette" "--headless" "-no-remote" "-profile" "/tmp/rust_mozprofileXWGGZx"
*** You are running in headless mode.
Gtk-Message: 01:06:49.855: Not loading module "atk-bridge": The functionality is provided by GTK natively. Please try to not load it.
console.warn: services.settings: Ignoring preference override of remote settings server
console.warn: services.settings: Allow by setting MOZ_REMOTE_SETTINGS_DEVTOOLS=1 in the environment
Fontconfig warning: "/etc/fonts/conf.avail/53-monospace-lcd-filter.conf", line 10: Having multiple values in <test> isn't supported and may not work as expected
1701842810169	Marionette	INFO	Marionette enabled
1701842810225	Marionette	INFO	Listening on port 35805
Read port: 35805
1701842810646	RemoteAgent	WARN	TLS certificate errors will be ignored for this session
Fontconfig warning: "/etc/fonts/conf.avail/53-monospace-lcd-filter.conf", line 10: Having multiple values in <test> isn't supported and may not work as expected
Exiting due to channel error.
1701844580353	geckodriver	INFO	Listening on 127.0.0.1:34429
1701844581303	mozrunner::runner	INFO	Running command: MOZ_CRASHREPORTER="1" MOZ_CRASHREPORTER_NO_REPORT="1" MOZ_CRASHREPORTER_SHUTDOWN="1" MOZ_NO_REMOTE="1" "/snap/firefox/current/firefox.launcher" "--marionette" "--headless" "-no-remote" "-profile" "/tmp/rust_mozprofileoOSrlE"
*** You are running in headless mode.
Gtk-Message: 01:36:21.324: Not loading module "atk-bridge": The functionality is provided by GTK natively. Please try to not load it.
console.warn: services.settings: Ignoring preference override of remote settings server
console.warn: services.settings: Allow by setting MOZ_REMOTE_SETTINGS_DEVTOOLS=1 in the environment
Fontconfig warning: "/etc/fonts/conf.avail/53-monospace-lcd-filter.conf", line 10: Having multiple values in <test> isn't supported and may not work as expected
1701844581638	Marionette	INFO	Marionette enabled
1701844581695	Marionette	INFO	Listening on port 33765
Read port: 33765
1701844582123	RemoteAgent	WARN	TLS certificate errors will be ignored for this session
Fontconfig warning: "/etc/fonts/conf.avail/53-monospace-lcd-filter.conf", line 10: Having multiple values in <test> isn't supported and may not work as expected
Fontconfig warning: "/etc/fonts/conf.avail/53-monospace-lcd-filter.conf", line 10: Having multiple values in <test> isn't supported and may not work as expected
[GFX1-]: RenderCompositorSWGL failed mapping default framebuffer, no dt
console.error: ({})
[Parent 5197, Main Thread] WARNING: Failed to call GetIdletime(): GDBus.Error:org.freedesktop.DBus.Error.AccessDenied: An AppArmor policy prevents this sender from sending this message to this recipient; type="method_call", sender=":1.823" (uid=1001 pid=5197 comm="/snap/firefox/3416/usr/lib/firefox/firefox --mario" label="snap.firefox.geckodriver (enforce)") interface="org.gnome.Mutter.IdleMonitor" member="GetIdletime" error name="(unset)" requested_reply="0" destination=":1.25" (uid=1001 pid=4467 comm="/usr/bin/gnome-shell " label="unconfined")
: 'glib warning', file /build/firefox/parts/firefox/build/toolkit/xre/nsSigHandlers.cpp:187

** (firefox:5197): WARNING **: 01:36:22.997: Failed to call GetIdletime(): GDBus.Error:org.freedesktop.DBus.Error.AccessDenied: An AppArmor policy prevents this sender from sending this message to this recipient; type="method_call", sender=":1.823" (uid=1001 pid=5197 comm="/snap/firefox/3416/usr/lib/firefox/firefox --mario" label="snap.firefox.geckodriver (enforce)") interface="org.gnome.Mutter.IdleMonitor" member="GetIdletime" error name="(unset)" requested_reply="0" destination=":1.25" (uid=1001 pid=4467 comm="/usr/bin/gnome-shell " label="unconfined")

Fontconfig warning: "/etc/fonts/conf.avail/53-monospace-lcd-filter.conf", line 10: Having multiple values in <test> isn't supported and may not work as expected
Fontconfig warning: "/etc/fonts/conf.avail/53-monospace-lcd-filter.conf", line 10: Having multiple values in <test> isn't supported and may not work as expected
Fontconfig warning: "/etc/fonts/conf.avail/53-monospace-lcd-filter.conf", line 10: Having multiple values in <test> isn't supported and may not work as expected
console.error: (new TypeError("this._searchProviderInfo is null", "resource:///modules/SearchSERPTelemetry.sys.mjs", 692))
console.error: (new TypeError("linkMap is undefined", "resource://gre/modules/NewTabUtils.sys.mjs", 2001))
Fontconfig warning: "/etc/fonts/conf.avail/53-monospace-lcd-filter.conf", line 10: Having multiple values in <test> isn't supported and may not work as expected
JavaScript warning: , line 0: WebGL warning: texSubImage: Texture has not been initialized prior to a partial upload, forcing the browser to clear it. This may be slow.
JavaScript warning: , line 0: WebGL warning: texSubImage: Tex image TEXTURE_2D level 0 is incurring lazy initialization.
1701844602561	Marionette	INFO	Stopped listening on port 33765
JavaScript warning: https://www.windy.com/v/40.1.0.ind.e26e/plugins/gl-particles.js, line 1: Script terminated by timeout at:
D@https://www.windy.com/v/40.1.0.ind.e26e/plugins/gl-particles.js:1:2025

1701844603747	geckodriver	INFO	Listening on 127.0.0.1:58331
1701844604711	mozrunner::runner	INFO	Running command: MOZ_CRASHREPORTER="1" MOZ_CRASHREPORTER_NO_REPORT="1" MOZ_CRASHREPORTER_SHUTDOWN="1" MOZ_NO_REMOTE="1" "/snap/firefox/current/firefox.launcher" "--marionette" "--headless" "-no-remote" "-profile" "/tmp/rust_mozprofileI0ASLR"
*** You are running in headless mode.
Gtk-Message: 01:36:44.738: Not loading module "atk-bridge": The functionality is provided by GTK natively. Please try to not load it.
console.warn: services.settings: Ignoring preference override of remote settings server
console.warn: services.settings: Allow by setting MOZ_REMOTE_SETTINGS_DEVTOOLS=1 in the environment
Fontconfig warning: "/etc/fonts/conf.avail/53-monospace-lcd-filter.conf", line 10: Having multiple values in <test> isn't supported and may not work as expected
1701844605085	Marionette	INFO	Marionette enabled
1701844605139	Marionette	INFO	Listening on port 40525
Read port: 40525
1701844605472	RemoteAgent	WARN	TLS certificate errors will be ignored for this session
Fontconfig warning: "/etc/fonts/conf.avail/53-monospace-lcd-filter.conf", line 10: Having multiple values in <test> isn't supported and may not work as expected
Fontconfig warning: "/etc/fonts/conf.avail/53-monospace-lcd-filter.conf", line 10: Having multiple values in <test> isn't supported and may not work as expected
[GFX1-]: RenderCompositorSWGL failed mapping default framebuffer, no dt
console.error: ({})
[Parent 5651, Main Thread] WARNING: Failed to call GetIdletime(): GDBus.Error:org.freedesktop.DBus.Error.AccessDenied: An AppArmor policy prevents this sender from sending this message to this recipient; type="method_call", sender=":1.825" (uid=1001 pid=5651 comm="/snap/firefox/3416/usr/lib/firefox/firefox --mario" label="snap.firefox.geckodriver (enforce)") interface="org.gnome.Mutter.IdleMonitor" member="GetIdletime" error name="(unset)" requested_reply="0" destination=":1.25" (uid=1001 pid=4467 comm="/usr/bin/gnome-shell " label="unconfined")
: 'glib warning', file /build/firefox/parts/firefox/build/toolkit/xre/nsSigHandlers.cpp:187

** (firefox:5651): WARNING **: 01:36:46.233: Failed to call GetIdletime(): GDBus.Error:org.freedesktop.DBus.Error.AccessDenied: An AppArmor policy prevents this sender from sending this message to this recipient; type="method_call", sender=":1.825" (uid=1001 pid=5651 comm="/snap/firefox/3416/usr/lib/firefox/firefox --mario" label="snap.firefox.geckodriver (enforce)") interface="org.gnome.Mutter.IdleMonitor" member="GetIdletime" error name="(unset)" requested_reply="0" destination=":1.25" (uid=1001 pid=4467 comm="/usr/bin/gnome-shell " label="unconfined")

Fontconfig warning: "/etc/fonts/conf.avail/53-monospace-lcd-filter.conf", line 10: Having multiple values in <test> isn't supported and may not work as expected
Fontconfig warning: "/etc/fonts/conf.avail/53-monospace-lcd-filter.conf", line 10: Having multiple values in <test> isn't supported and may not work as expected
Fontconfig warning: "/etc/fonts/conf.avail/53-monospace-lcd-filter.conf", line 10: Having multiple values in <test> isn't supported and may not work as expected
console.error: (new TypeError("this._searchProviderInfo is null", "resource:///modules/SearchSERPTelemetry.sys.mjs", 692))
Fontconfig warning: "/etc/fonts/conf.avail/53-monospace-lcd-filter.conf", line 10: Having multiple values in <test> isn't supported and may not work as expected
JavaScript warning: , line 0: WebGL warning: texSubImage: Texture has not been initialized prior to a partial upload, forcing the browser to clear it. This may be slow.
JavaScript warning: , line 0: WebGL warning: texSubImage: Tex image TEXTURE_2D level 0 is incurring lazy initialization.
1701844624412	Marionette	INFO	Stopped listening on port 40525
JavaScript warning: https://www.windy.com/v/40.1.0.ind.e26e/plugins/radar.js, line 1: Script terminated by timeout at:
value@https://www.windy.com/v/40.1.0.ind.e26e/plugins/radar.js:1:28078

1701851328580	geckodriver	INFO	Listening on 127.0.0.1:59371
1701851329559	mozrunner::runner	INFO	Running command: MOZ_CRASHREPORTER="1" MOZ_CRASHREPORTER_NO_REPORT="1" MOZ_CRASHREPORTER_SHUTDOWN="1" MOZ_NO_REMOTE="1" "/snap/firefox/current/firefox.launcher" "--marionette" "--headless" "-no-remote" "-profile" "/tmp/rust_mozprofileAzuL9B"
*** You are running in headless mode.
Gtk-Message: 03:28:49.583: Not loading module "atk-bridge": The functionality is provided by GTK natively. Please try to not load it.
console.warn: services.settings: Ignoring preference override of remote settings server
console.warn: services.settings: Allow by setting MOZ_REMOTE_SETTINGS_DEVTOOLS=1 in the environment
Fontconfig warning: "/etc/fonts/conf.avail/53-monospace-lcd-filter.conf", line 10: Having multiple values in <test> isn't supported and may not work as expected
1701851329861	Marionette	INFO	Marionette enabled
1701851329916	Marionette	INFO	Listening on port 33775
Read port: 33775
1701851330329	RemoteAgent	WARN	TLS certificate errors will be ignored for this session
Fontconfig warning: "/etc/fonts/conf.avail/53-monospace-lcd-filter.conf", line 10: Having multiple values in <test> isn't supported and may not work as expected
Fontconfig warning: "/etc/fonts/conf.avail/53-monospace-lcd-filter.conf", line 10: Having multiple values in <test> isn't supported and may not work as expected
[GFX1-]: RenderCompositorSWGL failed mapping default framebuffer, no dt
console.error: ({})
[Parent 29483, Main Thread] WARNING: Failed to call GetIdletime(): GDBus.Error:org.freedesktop.DBus.Error.AccessDenied: An AppArmor policy prevents this sender from sending this message to this recipient; type="method_call", sender=":1.1041" (uid=1001 pid=29483 comm="/snap/firefox/3416/usr/lib/firefox/firefox --mario" label="snap.firefox.geckodriver (enforce)") interface="org.gnome.Mutter.IdleMonitor" member="GetIdletime" error name="(unset)" requested_reply="0" destination=":1.25" (uid=1001 pid=4467 comm="/usr/bin/gnome-shell " label="unconfined")
: 'glib warning', file /build/firefox/parts/firefox/build/toolkit/xre/nsSigHandlers.cpp:187

** (firefox:29483): WARNING **: 03:28:51.479: Failed to call GetIdletime(): GDBus.Error:org.freedesktop.DBus.Error.AccessDenied: An AppArmor policy prevents this sender from sending this message to this recipient; type="method_call", sender=":1.1041" (uid=1001 pid=29483 comm="/snap/firefox/3416/usr/lib/firefox/firefox --mario" label="snap.firefox.geckodriver (enforce)") interface="org.gnome.Mutter.IdleMonitor" member="GetIdletime" error name="(unset)" requested_reply="0" destination=":1.25" (uid=1001 pid=4467 comm="/usr/bin/gnome-shell " label="unconfined")

Fontconfig warning: "/etc/fonts/conf.avail/53-monospace-lcd-filter.conf", line 10: Having multiple values in <test> isn't supported and may not work as expected
Fontconfig warning: "/etc/fonts/conf.avail/53-monospace-lcd-filter.conf", line 10: Having multiple values in <test> isn't supported and may not work as expected
Fontconfig warning: "/etc/fonts/conf.avail/53-monospace-lcd-filter.conf", line 10: Having multiple values in <test> isn't supported and may not work as expected
console.error: (new TypeError("this._searchProviderInfo is null", "resource:///modules/SearchSERPTelemetry.sys.mjs", 692))
Fontconfig warning: "/etc/fonts/conf.avail/53-monospace-lcd-filter.conf", line 10: Having multiple values in <test> isn't supported and may not work as expected
JavaScript warning: , line 0: WebGL warning: texSubImage: Texture has not been initialized prior to a partial upload, forcing the browser to clear it. This may be slow.
JavaScript warning: , line 0: WebGL warning: texSubImage: Tex image TEXTURE_2D level 0 is incurring lazy initialization.
1701851350144	Marionette	INFO	Stopped listening on port 33775
JavaScript warning: https://www.windy.com/v/40.1.0.ind.e26e/plugins/gl-particles.js, line 1: Script terminated by timeout at:
D@https://www.windy.com/v/40.1.0.ind.e26e/plugins/gl-particles.js:1:2025

1701851351610	geckodriver	INFO	Listening on 127.0.0.1:38699
1701851352540	mozrunner::runner	INFO	Running command: MOZ_CRASHREPORTER="1" MOZ_CRASHREPORTER_NO_REPORT="1" MOZ_CRASHREPORTER_SHUTDOWN="1" MOZ_NO_REMOTE="1" "/snap/firefox/current/firefox.launcher" "--marionette" "--headless" "-no-remote" "-profile" "/tmp/rust_mozprofile6ygk7q"
*** You are running in headless mode.
Gtk-Message: 03:29:12.584: Not loading module "atk-bridge": The functionality is provided by GTK natively. Please try to not load it.
console.warn: services.settings: Ignoring preference override of remote settings server
console.warn: services.settings: Allow by setting MOZ_REMOTE_SETTINGS_DEVTOOLS=1 in the environment
Fontconfig warning: "/etc/fonts/conf.avail/53-monospace-lcd-filter.conf", line 10: Having multiple values in <test> isn't supported and may not work as expected
1701851352879	Marionette	INFO	Marionette enabled
1701851352931	Marionette	INFO	Listening on port 39353
Read port: 39353
1701851353369	RemoteAgent	WARN	TLS certificate errors will be ignored for this session
Fontconfig warning: "/etc/fonts/conf.avail/53-monospace-lcd-filter.conf", line 10: Having multiple values in <test> isn't supported and may not work as expected
Fontconfig warning: "/etc/fonts/conf.avail/53-monospace-lcd-filter.conf", line 10: Having multiple values in <test> isn't supported and may not work as expected
[GFX1-]: RenderCompositorSWGL failed mapping default framebuffer, no dt
console.error: ({})
[Parent 29933, Main Thread] WARNING: Failed to call GetIdletime(): GDBus.Error:org.freedesktop.DBus.Error.AccessDenied: An AppArmor policy prevents this sender from sending this message to this recipient; type="method_call", sender=":1.1043" (uid=1001 pid=29933 comm="/snap/firefox/3416/usr/lib/firefox/firefox --mario" label="snap.firefox.geckodriver (enforce)") interface="org.gnome.Mutter.IdleMonitor" member="GetIdletime" error name="(unset)" requested_reply="0" destination=":1.25" (uid=1001 pid=4467 comm="/usr/bin/gnome-shell " label="unconfined")
: 'glib warning', file /build/firefox/parts/firefox/build/toolkit/xre/nsSigHandlers.cpp:187

** (firefox:29933): WARNING **: 03:29:14.228: Failed to call GetIdletime(): GDBus.Error:org.freedesktop.DBus.Error.AccessDenied: An AppArmor policy prevents this sender from sending this message to this recipient; type="method_call", sender=":1.1043" (uid=1001 pid=29933 comm="/snap/firefox/3416/usr/lib/firefox/firefox --mario" label="snap.firefox.geckodriver (enforce)") interface="org.gnome.Mutter.IdleMonitor" member="GetIdletime" error name="(unset)" requested_reply="0" destination=":1.25" (uid=1001 pid=4467 comm="/usr/bin/gnome-shell " label="unconfined")

Fontconfig warning: "/etc/fonts/conf.avail/53-monospace-lcd-filter.conf", line 10: Having multiple values in <test> isn't supported and may not work as expected
Fontconfig warning: "/etc/fonts/conf.avail/53-monospace-lcd-filter.conf", line 10: Having multiple values in <test> isn't supported and may not work as expected
Fontconfig warning: "/etc/fonts/conf.avail/53-monospace-lcd-filter.conf", line 10: Having multiple values in <test> isn't supported and may not work as expected
console.error: (new TypeError("this._searchProviderInfo is null", "resource:///modules/SearchSERPTelemetry.sys.mjs", 692))
Fontconfig warning: "/etc/fonts/conf.avail/53-monospace-lcd-filter.conf", line 10: Having multiple values in <test> isn't supported and may not work as expected
JavaScript warning: , line 0: WebGL warning: texSubImage: Texture has not been initialized prior to a partial upload, forcing the browser to clear it. This may be slow.
JavaScript warning: , line 0: WebGL warning: texSubImage: Tex image TEXTURE_2D level 0 is incurring lazy initialization.
1701851373438	Marionette	INFO	Stopped listening on port 39353
JavaScript warning: https://www.windy.com/v/40.1.0.ind.e26e/plugins/radar.js, line 1: Script terminated by timeout at:
value@https://www.windy.com/v/40.1.0.ind.e26e/plugins/radar.js:1:28078

1701851458518	geckodriver	INFO	Listening on 127.0.0.1:34725
1701851459450	mozrunner::runner	INFO	Running command: MOZ_CRASHREPORTER="1" MOZ_CRASHREPORTER_NO_REPORT="1" MOZ_CRASHREPORTER_SHUTDOWN="1" MOZ_NO_REMOTE="1" "/snap/firefox/current/firefox.launcher" "--marionette" "--headless" "-no-remote" "-profile" "/tmp/rust_mozprofileCzopzP"
*** You are running in headless mode.
Gtk-Message: 03:30:59.468: Not loading module "atk-bridge": The functionality is provided by GTK natively. Please try to not load it.
console.warn: services.settings: Ignoring preference override of remote settings server
console.warn: services.settings: Allow by setting MOZ_REMOTE_SETTINGS_DEVTOOLS=1 in the environment
Fontconfig warning: "/etc/fonts/conf.avail/53-monospace-lcd-filter.conf", line 10: Having multiple values in <test> isn't supported and may not work as expected
1701851459759	Marionette	INFO	Marionette enabled
1701851459814	Marionette	INFO	Listening on port 42785
Read port: 42785
1701851460092	RemoteAgent	WARN	TLS certificate errors will be ignored for this session
Fontconfig warning: "/etc/fonts/conf.avail/53-monospace-lcd-filter.conf", line 10: Having multiple values in <test> isn't supported and may not work as expected
Fontconfig warning: "/etc/fonts/conf.avail/53-monospace-lcd-filter.conf", line 10: Having multiple values in <test> isn't supported and may not work as expected
[GFX1-]: RenderCompositorSWGL failed mapping default framebuffer, no dt
console.error: ({})
[Parent 30563, Main Thread] WARNING: Failed to call GetIdletime(): GDBus.Error:org.freedesktop.DBus.Error.AccessDenied: An AppArmor policy prevents this sender from sending this message to this recipient; type="method_call", sender=":1.1045" (uid=1001 pid=30563 comm="/snap/firefox/3416/usr/lib/firefox/firefox --mario" label="snap.firefox.geckodriver (enforce)") interface="org.gnome.Mutter.IdleMonitor" member="GetIdletime" error name="(unset)" requested_reply="0" destination=":1.25" (uid=1001 pid=4467 comm="/usr/bin/gnome-shell " label="unconfined")
: 'glib warning', file /build/firefox/parts/firefox/build/toolkit/xre/nsSigHandlers.cpp:187

** (firefox:30563): WARNING **: 03:31:00.939: Failed to call GetIdletime(): GDBus.Error:org.freedesktop.DBus.Error.AccessDenied: An AppArmor policy prevents this sender from sending this message to this recipient; type="method_call", sender=":1.1045" (uid=1001 pid=30563 comm="/snap/firefox/3416/usr/lib/firefox/firefox --mario" label="snap.firefox.geckodriver (enforce)") interface="org.gnome.Mutter.IdleMonitor" member="GetIdletime" error name="(unset)" requested_reply="0" destination=":1.25" (uid=1001 pid=4467 comm="/usr/bin/gnome-shell " label="unconfined")

Fontconfig warning: "/etc/fonts/conf.avail/53-monospace-lcd-filter.conf", line 10: Having multiple values in <test> isn't supported and may not work as expected
Fontconfig warning: "/etc/fonts/conf.avail/53-monospace-lcd-filter.conf", line 10: Having multiple values in <test> isn't supported and may not work as expected
Fontconfig warning: "/etc/fonts/conf.avail/53-monospace-lcd-filter.conf", line 10: Having multiple values in <test> isn't supported and may not work as expected
console.error: (new TypeError("this._searchProviderInfo is null", "resource:///modules/SearchSERPTelemetry.sys.mjs", 692))
console.error: (new TypeError("linkMap is undefined", "resource://gre/modules/NewTabUtils.sys.mjs", 2001))
Fontconfig warning: "/etc/fonts/conf.avail/53-monospace-lcd-filter.conf", line 10: Having multiple values in <test> isn't supported and may not work as expected
JavaScript warning: , line 0: WebGL warning: texSubImage: Texture has not been initialized prior to a partial upload, forcing the browser to clear it. This may be slow.
JavaScript warning: , line 0: WebGL warning: texSubImage: Tex image TEXTURE_2D level 0 is incurring lazy initialization.
Exiting due to channel error.
Exiting due to channel error.
Exiting due to channel error.
Exiting due to channel error.
Exiting due to channel error.
1701910108044	geckodriver	INFO	Listening on 127.0.0.1:58303
1701910108978	mozrunner::runner	INFO	Running command: MOZ_CRASHREPORTER="1" MOZ_CRASHREPORTER_NO_REPORT="1" MOZ_CRASHREPORTER_SHUTDOWN="1" MOZ_NO_REMOTE="1" "/snap/firefox/current/firefox.launcher" "--marionette" "--headless" "-no-remote" "-profile" "/tmp/rust_mozprofile74tlw9"
*** You are running in headless mode.
Gtk-Message: 19:48:28.999: Not loading module "atk-bridge": The functionality is provided by GTK natively. Please try to not load it.
console.warn: services.settings: Ignoring preference override of remote settings server
console.warn: services.settings: Allow by setting MOZ_REMOTE_SETTINGS_DEVTOOLS=1 in the environment
Fontconfig warning: "/etc/fonts/conf.avail/53-monospace-lcd-filter.conf", line 10: Having multiple values in <test> isn't supported and may not work as expected
1701910109314	Marionette	INFO	Marionette enabled
1701910109375	Marionette	INFO	Listening on port 43259
Read port: 43259
1701910109783	RemoteAgent	WARN	TLS certificate errors will be ignored for this session
Fontconfig warning: "/etc/fonts/conf.avail/53-monospace-lcd-filter.conf", line 10: Having multiple values in <test> isn't supported and may not work as expected
Fontconfig warning: "/etc/fonts/conf.avail/53-monospace-lcd-filter.conf", line 10: Having multiple values in <test> isn't supported and may not work as expected
[GFX1-]: RenderCompositorSWGL failed mapping default framebuffer, no dt
console.error: ({})
[Parent 27571, Main Thread] WARNING: Failed to call GetIdletime(): GDBus.Error:org.freedesktop.DBus.Error.AccessDenied: An AppArmor policy prevents this sender from sending this message to this recipient; type="method_call", sender=":1.1048" (uid=1001 pid=27571 comm="/snap/firefox/3416/usr/lib/firefox/firefox --mario" label="snap.firefox.geckodriver (enforce)") interface="org.gnome.Mutter.IdleMonitor" member="GetIdletime" error name="(unset)" requested_reply="0" destination=":1.25" (uid=1001 pid=4467 comm="/usr/bin/gnome-shell " label="unconfined")
: 'glib warning', file /build/firefox/parts/firefox/build/toolkit/xre/nsSigHandlers.cpp:187

** (firefox:27571): WARNING **: 19:48:30.902: Failed to call GetIdletime(): GDBus.Error:org.freedesktop.DBus.Error.AccessDenied: An AppArmor policy prevents this sender from sending this message to this recipient; type="method_call", sender=":1.1048" (uid=1001 pid=27571 comm="/snap/firefox/3416/usr/lib/firefox/firefox --mario" label="snap.firefox.geckodriver (enforce)") interface="org.gnome.Mutter.IdleMonitor" member="GetIdletime" error name="(unset)" requested_reply="0" destination=":1.25" (uid=1001 pid=4467 comm="/usr/bin/gnome-shell " label="unconfined")

Fontconfig warning: "/etc/fonts/conf.avail/53-monospace-lcd-filter.conf", line 10: Having multiple values in <test> isn't supported and may not work as expected
Fontconfig warning: "/etc/fonts/conf.avail/53-monospace-lcd-filter.conf", line 10: Having multiple values in <test> isn't supported and may not work as expected
Fontconfig warning: "/etc/fonts/conf.avail/53-monospace-lcd-filter.conf", line 10: Having multiple values in <test> isn't supported and may not work as expected
console.error: (new TypeError("this._searchProviderInfo is null", "resource:///modules/SearchSERPTelemetry.sys.mjs", 692))
console.error: (new TypeError("linkMap is undefined", "resource://gre/modules/NewTabUtils.sys.mjs", 2001))
Fontconfig warning: "/etc/fonts/conf.avail/53-monospace-lcd-filter.conf", line 10: Having multiple values in <test> isn't supported and may not work as expected
JavaScript warning: , line 0: WebGL warning: texSubImage: Texture has not been initialized prior to a partial upload, forcing the browser to clear it. This may be slow.
JavaScript warning: , line 0: WebGL warning: texSubImage: Tex image TEXTURE_2D level 0 is incurring lazy initialization.
1701910129518	Marionette	INFO	Stopped listening on port 43259
JavaScript warning: https://www.windy.com/v/40.1.0.ind.e26e/plugins/gl-particles.js, line 1: Script terminated by timeout at:
D@https://www.windy.com/v/40.1.0.ind.e26e/plugins/gl-particles.js:1:2025

1701910130802	geckodriver	INFO	Listening on 127.0.0.1:45783
1701910131722	mozrunner::runner	INFO	Running command: MOZ_CRASHREPORTER="1" MOZ_CRASHREPORTER_NO_REPORT="1" MOZ_CRASHREPORTER_SHUTDOWN="1" MOZ_NO_REMOTE="1" "/snap/firefox/current/firefox.launcher" "--marionette" "--headless" "-no-remote" "-profile" "/tmp/rust_mozprofileaAxdWB"
*** You are running in headless mode.
Gtk-Message: 19:48:51.741: Not loading module "atk-bridge": The functionality is provided by GTK natively. Please try to not load it.
console.warn: services.settings: Ignoring preference override of remote settings server
console.warn: services.settings: Allow by setting MOZ_REMOTE_SETTINGS_DEVTOOLS=1 in the environment
Fontconfig warning: "/etc/fonts/conf.avail/53-monospace-lcd-filter.conf", line 10: Having multiple values in <test> isn't supported and may not work as expected
1701910132062	Marionette	INFO	Marionette enabled
1701910132117	Marionette	INFO	Listening on port 36657
Read port: 36657
1701910132976	RemoteAgent	WARN	TLS certificate errors will be ignored for this session
Fontconfig warning: "/etc/fonts/conf.avail/53-monospace-lcd-filter.conf", line 10: Having multiple values in <test> isn't supported and may not work as expected
Fontconfig warning: "/etc/fonts/conf.avail/53-monospace-lcd-filter.conf", line 10: Having multiple values in <test> isn't supported and may not work as expected
[GFX1-]: RenderCompositorSWGL failed mapping default framebuffer, no dt
console.error: ({})
[Parent 27960, Main Thread] WARNING: Failed to call GetIdletime(): GDBus.Error:org.freedesktop.DBus.Error.AccessDenied: An AppArmor policy prevents this sender from sending this message to this recipient; type="method_call", sender=":1.1050" (uid=1001 pid=27960 comm="/snap/firefox/3416/usr/lib/firefox/firefox --mario" label="snap.firefox.geckodriver (enforce)") interface="org.gnome.Mutter.IdleMonitor" member="GetIdletime" error name="(unset)" requested_reply="0" destination=":1.25" (uid=1001 pid=4467 comm="/usr/bin/gnome-shell " label="unconfined")
: 'glib warning', file /build/firefox/parts/firefox/build/toolkit/xre/nsSigHandlers.cpp:187

** (firefox:27960): WARNING **: 19:48:54.226: Failed to call GetIdletime(): GDBus.Error:org.freedesktop.DBus.Error.AccessDenied: An AppArmor policy prevents this sender from sending this message to this recipient; type="method_call", sender=":1.1050" (uid=1001 pid=27960 comm="/snap/firefox/3416/usr/lib/firefox/firefox --mario" label="snap.firefox.geckodriver (enforce)") interface="org.gnome.Mutter.IdleMonitor" member="GetIdletime" error name="(unset)" requested_reply="0" destination=":1.25" (uid=1001 pid=4467 comm="/usr/bin/gnome-shell " label="unconfined")

Fontconfig warning: "/etc/fonts/conf.avail/53-monospace-lcd-filter.conf", line 10: Having multiple values in <test> isn't supported and may not work as expected
Fontconfig warning: "/etc/fonts/conf.avail/53-monospace-lcd-filter.conf", line 10: Having multiple values in <test> isn't supported and may not work as expected
Fontconfig warning: "/etc/fonts/conf.avail/53-monospace-lcd-filter.conf", line 10: Having multiple values in <test> isn't supported and may not work as expected
console.error: (new TypeError("this._searchProviderInfo is null", "resource:///modules/SearchSERPTelemetry.sys.mjs", 692))
Fontconfig warning: "/etc/fonts/conf.avail/53-monospace-lcd-filter.conf", line 10: Having multiple values in <test> isn't supported and may not work as expected
JavaScript warning: , line 0: WebGL warning: texSubImage: Texture has not been initialized prior to a partial upload, forcing the browser to clear it. This may be slow.
JavaScript warning: , line 0: WebGL warning: texSubImage: Tex image TEXTURE_2D level 0 is incurring lazy initialization.
1701910152991	Marionette	INFO	Stopped listening on port 36657
JavaScript warning: https://www.windy.com/v/40.1.0.ind.e26e/plugins/radar.js, line 1: Script terminated by timeout at:
value@https://www.windy.com/v/40.1.0.ind.e26e/plugins/radar.js:1:28078

1701927759415	geckodriver	INFO	Listening on 127.0.0.1:58095
1701927760326	mozrunner::runner	INFO	Running command: MOZ_CRASHREPORTER="1" MOZ_CRASHREPORTER_NO_REPORT="1" MOZ_CRASHREPORTER_SHUTDOWN="1" MOZ_NO_REMOTE="1" "/snap/firefox/current/firefox.launcher" "--marionette" "--headless" "-no-remote" "-profile" "/tmp/rust_mozprofileI1xblf"
*** You are running in headless mode.
Gtk-Message: 00:42:40.349: Not loading module "atk-bridge": The functionality is provided by GTK natively. Please try to not load it.
console.warn: services.settings: Ignoring preference override of remote settings server
console.warn: services.settings: Allow by setting MOZ_REMOTE_SETTINGS_DEVTOOLS=1 in the environment
Fontconfig warning: "/etc/fonts/conf.avail/53-monospace-lcd-filter.conf", line 10: Having multiple values in <test> isn't supported and may not work as expected
1701927760741	Marionette	INFO	Marionette enabled
1701927760821	Marionette	INFO	Listening on port 39277
Read port: 39277
1701927761061	RemoteAgent	WARN	TLS certificate errors will be ignored for this session
Fontconfig warning: "/etc/fonts/conf.avail/53-monospace-lcd-filter.conf", line 10: Having multiple values in <test> isn't supported and may not work as expected
Fontconfig warning: "/etc/fonts/conf.avail/53-monospace-lcd-filter.conf", line 10: Having multiple values in <test> isn't supported and may not work as expected
[GFX1-]: RenderCompositorSWGL failed mapping default framebuffer, no dt
console.error: ({})
[Parent 21569, Main Thread] WARNING: Failed to call GetIdletime(): GDBus.Error:org.freedesktop.DBus.Error.AccessDenied: An AppArmor policy prevents this sender from sending this message to this recipient; type="method_call", sender=":1.1444" (uid=1001 pid=21569 comm="/snap/firefox/3416/usr/lib/firefox/firefox --mario" label="snap.firefox.geckodriver (enforce)") interface="org.gnome.Mutter.IdleMonitor" member="GetIdletime" error name="(unset)" requested_reply="0" destination=":1.25" (uid=1001 pid=4467 comm="/usr/bin/gnome-shell " label="unconfined")
: 'glib warning', file /build/firefox/parts/firefox/build/toolkit/xre/nsSigHandlers.cpp:187

** (firefox:21569): WARNING **: 00:42:42.304: Failed to call GetIdletime(): GDBus.Error:org.freedesktop.DBus.Error.AccessDenied: An AppArmor policy prevents this sender from sending this message to this recipient; type="method_call", sender=":1.1444" (uid=1001 pid=21569 comm="/snap/firefox/3416/usr/lib/firefox/firefox --mario" label="snap.firefox.geckodriver (enforce)") interface="org.gnome.Mutter.IdleMonitor" member="GetIdletime" error name="(unset)" requested_reply="0" destination=":1.25" (uid=1001 pid=4467 comm="/usr/bin/gnome-shell " label="unconfined")

Fontconfig warning: "/etc/fonts/conf.avail/53-monospace-lcd-filter.conf", line 10: Having multiple values in <test> isn't supported and may not work as expected
Fontconfig warning: "/etc/fonts/conf.avail/53-monospace-lcd-filter.conf", line 10: Having multiple values in <test> isn't supported and may not work as expected
Fontconfig warning: "/etc/fonts/conf.avail/53-monospace-lcd-filter.conf", line 10: Having multiple values in <test> isn't supported and may not work as expected
console.error: (new TypeError("this._searchProviderInfo is null", "resource:///modules/SearchSERPTelemetry.sys.mjs", 692))
Fontconfig warning: "/etc/fonts/conf.avail/53-monospace-lcd-filter.conf", line 10: Having multiple values in <test> isn't supported and may not work as expected
JavaScript warning: , line 0: WebGL warning: texSubImage: Texture has not been initialized prior to a partial upload, forcing the browser to clear it. This may be slow.
JavaScript warning: , line 0: WebGL warning: texSubImage: Tex image TEXTURE_2D level 0 is incurring lazy initialization.
1701927781229	Marionette	INFO	Stopped listening on port 39277
JavaScript warning: https://www.windy.com/v/40.1.0.ind.e26e/plugins/gl-particles.js, line 1: Script terminated by timeout at:
D@https://www.windy.com/v/40.1.0.ind.e26e/plugins/gl-particles.js:1:2025

1701927782702	geckodriver	INFO	Listening on 127.0.0.1:49233
1701927783567	mozrunner::runner	INFO	Running command: MOZ_CRASHREPORTER="1" MOZ_CRASHREPORTER_NO_REPORT="1" MOZ_CRASHREPORTER_SHUTDOWN="1" MOZ_NO_REMOTE="1" "/snap/firefox/current/firefox.launcher" "--marionette" "--headless" "-no-remote" "-profile" "/tmp/rust_mozprofileWVqiBd"
*** You are running in headless mode.
Gtk-Message: 00:43:03.589: Not loading module "atk-bridge": The functionality is provided by GTK natively. Please try to not load it.
console.warn: services.settings: Ignoring preference override of remote settings server
console.warn: services.settings: Allow by setting MOZ_REMOTE_SETTINGS_DEVTOOLS=1 in the environment
Fontconfig warning: "/etc/fonts/conf.avail/53-monospace-lcd-filter.conf", line 10: Having multiple values in <test> isn't supported and may not work as expected
1701927783990	Marionette	INFO	Marionette enabled
1701927784075	Marionette	INFO	Listening on port 41323
Read port: 41323
1701927784530	RemoteAgent	WARN	TLS certificate errors will be ignored for this session
Fontconfig warning: "/etc/fonts/conf.avail/53-monospace-lcd-filter.conf", line 10: Having multiple values in <test> isn't supported and may not work as expected
Fontconfig warning: "/etc/fonts/conf.avail/53-monospace-lcd-filter.conf", line 10: Having multiple values in <test> isn't supported and may not work as expected
[GFX1-]: RenderCompositorSWGL failed mapping default framebuffer, no dt
console.error: ({})
[Parent 22062, Main Thread] WARNING: Failed to call GetIdletime(): GDBus.Error:org.freedesktop.DBus.Error.AccessDenied: An AppArmor policy prevents this sender from sending this message to this recipient; type="method_call", sender=":1.1446" (uid=1001 pid=22062 comm="/snap/firefox/3416/usr/lib/firefox/firefox --mario" label="snap.firefox.geckodriver (enforce)") interface="org.gnome.Mutter.IdleMonitor" member="GetIdletime" error name="(unset)" requested_reply="0" destination=":1.25" (uid=1001 pid=4467 comm="/usr/bin/gnome-shell " label="unconfined")
: 'glib warning', file /build/firefox/parts/firefox/build/toolkit/xre/nsSigHandlers.cpp:187

** (firefox:22062): WARNING **: 00:43:06.006: Failed to call GetIdletime(): GDBus.Error:org.freedesktop.DBus.Error.AccessDenied: An AppArmor policy prevents this sender from sending this message to this recipient; type="method_call", sender=":1.1446" (uid=1001 pid=22062 comm="/snap/firefox/3416/usr/lib/firefox/firefox --mario" label="snap.firefox.geckodriver (enforce)") interface="org.gnome.Mutter.IdleMonitor" member="GetIdletime" error name="(unset)" requested_reply="0" destination=":1.25" (uid=1001 pid=4467 comm="/usr/bin/gnome-shell " label="unconfined")

Fontconfig warning: "/etc/fonts/conf.avail/53-monospace-lcd-filter.conf", line 10: Having multiple values in <test> isn't supported and may not work as expected
Fontconfig warning: "/etc/fonts/conf.avail/53-monospace-lcd-filter.conf", line 10: Having multiple values in <test> isn't supported and may not work as expected
Fontconfig warning: "/etc/fonts/conf.avail/53-monospace-lcd-filter.conf", line 10: Having multiple values in <test> isn't supported and may not work as expected
console.error: (new TypeError("this._searchProviderInfo is null", "resource:///modules/SearchSERPTelemetry.sys.mjs", 692))
Fontconfig warning: "/etc/fonts/conf.avail/53-monospace-lcd-filter.conf", line 10: Having multiple values in <test> isn't supported and may not work as expected
JavaScript warning: , line 0: WebGL warning: texSubImage: Texture has not been initialized prior to a partial upload, forcing the browser to clear it. This may be slow.
JavaScript warning: , line 0: WebGL warning: texSubImage: Tex image TEXTURE_2D level 0 is incurring lazy initialization.
1701927804780	Marionette	INFO	Stopped listening on port 41323
JavaScript warning: https://www.windy.com/v/40.1.0.ind.e26e/plugins/radar.js, line 1: Script terminated by timeout at:
value@https://www.windy.com/v/40.1.0.ind.e26e/plugins/radar.js:1:28078

1701936630423	geckodriver	INFO	Listening on 127.0.0.1:38329
1701936631314	mozrunner::runner	INFO	Running command: MOZ_CRASHREPORTER="1" MOZ_CRASHREPORTER_NO_REPORT="1" MOZ_CRASHREPORTER_SHUTDOWN="1" MOZ_NO_REMOTE="1" "/snap/firefox/current/firefox.launcher" "--marionette" "--headless" "-no-remote" "-profile" "/tmp/rust_mozprofilebpGjHW"
*** You are running in headless mode.
Gtk-Message: 03:10:31.333: Not loading module "atk-bridge": The functionality is provided by GTK natively. Please try to not load it.
console.warn: services.settings: Ignoring preference override of remote settings server
console.warn: services.settings: Allow by setting MOZ_REMOTE_SETTINGS_DEVTOOLS=1 in the environment
Fontconfig warning: "/etc/fonts/conf.avail/53-monospace-lcd-filter.conf", line 10: Having multiple values in <test> isn't supported and may not work as expected
1701936631643	Marionette	INFO	Marionette enabled
1701936631701	Marionette	INFO	Listening on port 34899
Read port: 34899
1701936632086	RemoteAgent	WARN	TLS certificate errors will be ignored for this session
Fontconfig warning: "/etc/fonts/conf.avail/53-monospace-lcd-filter.conf", line 10: Having multiple values in <test> isn't supported and may not work as expected
Fontconfig warning: "/etc/fonts/conf.avail/53-monospace-lcd-filter.conf", line 10: Having multiple values in <test> isn't supported and may not work as expected
[GFX1-]: RenderCompositorSWGL failed mapping default framebuffer, no dt
console.error: ({})
[Parent 25292, Main Thread] WARNING: Failed to call GetIdletime(): GDBus.Error:org.freedesktop.DBus.Error.AccessDenied: An AppArmor policy prevents this sender from sending this message to this recipient; type="method_call", sender=":1.1660" (uid=1001 pid=25292 comm="/snap/firefox/3416/usr/lib/firefox/firefox --mario" label="snap.firefox.geckodriver (enforce)") interface="org.gnome.Mutter.IdleMonitor" member="GetIdletime" error name="(unset)" requested_reply="0" destination=":1.25" (uid=1001 pid=4467 comm="/usr/bin/gnome-shell " label="unconfined")
: 'glib warning', file /build/firefox/parts/firefox/build/toolkit/xre/nsSigHandlers.cpp:187

** (firefox:25292): WARNING **: 03:10:33.100: Failed to call GetIdletime(): GDBus.Error:org.freedesktop.DBus.Error.AccessDenied: An AppArmor policy prevents this sender from sending this message to this recipient; type="method_call", sender=":1.1660" (uid=1001 pid=25292 comm="/snap/firefox/3416/usr/lib/firefox/firefox --mario" label="snap.firefox.geckodriver (enforce)") interface="org.gnome.Mutter.IdleMonitor" member="GetIdletime" error name="(unset)" requested_reply="0" destination=":1.25" (uid=1001 pid=4467 comm="/usr/bin/gnome-shell " label="unconfined")

Fontconfig warning: "/etc/fonts/conf.avail/53-monospace-lcd-filter.conf", line 10: Having multiple values in <test> isn't supported and may not work as expected
Fontconfig warning: "/etc/fonts/conf.avail/53-monospace-lcd-filter.conf", line 10: Having multiple values in <test> isn't supported and may not work as expected
Fontconfig warning: "/etc/fonts/conf.avail/53-monospace-lcd-filter.conf", line 10: Having multiple values in <test> isn't supported and may not work as expected
console.error: (new TypeError("this._searchProviderInfo is null", "resource:///modules/SearchSERPTelemetry.sys.mjs", 692))
Fontconfig warning: "/etc/fonts/conf.avail/53-monospace-lcd-filter.conf", line 10: Having multiple values in <test> isn't supported and may not work as expected
JavaScript warning: , line 0: WebGL warning: texSubImage: Texture has not been initialized prior to a partial upload, forcing the browser to clear it. This may be slow.
JavaScript warning: , line 0: WebGL warning: texSubImage: Tex image TEXTURE_2D level 0 is incurring lazy initialization.
1701936651678	Marionette	INFO	Stopped listening on port 34899
JavaScript warning: https://www.windy.com/v/40.1.0.ind.e26e/plugins/gl-particles.js, line 1: Script terminated by timeout at:
D@https://www.windy.com/v/40.1.0.ind.e26e/plugins/gl-particles.js:1:2025

1701936653026	geckodriver	INFO	Listening on 127.0.0.1:60753
1701936653946	mozrunner::runner	INFO	Running command: MOZ_CRASHREPORTER="1" MOZ_CRASHREPORTER_NO_REPORT="1" MOZ_CRASHREPORTER_SHUTDOWN="1" MOZ_NO_REMOTE="1" "/snap/firefox/current/firefox.launcher" "--marionette" "--headless" "-no-remote" "-profile" "/tmp/rust_mozprofileXgYhmL"
*** You are running in headless mode.
Gtk-Message: 03:10:53.968: Not loading module "atk-bridge": The functionality is provided by GTK natively. Please try to not load it.
console.warn: services.settings: Ignoring preference override of remote settings server
console.warn: services.settings: Allow by setting MOZ_REMOTE_SETTINGS_DEVTOOLS=1 in the environment
Fontconfig warning: "/etc/fonts/conf.avail/53-monospace-lcd-filter.conf", line 10: Having multiple values in <test> isn't supported and may not work as expected
1701936654273	Marionette	INFO	Marionette enabled
1701936654330	Marionette	INFO	Listening on port 45059
Read port: 45059
1701936654687	RemoteAgent	WARN	TLS certificate errors will be ignored for this session
Fontconfig warning: "/etc/fonts/conf.avail/53-monospace-lcd-filter.conf", line 10: Having multiple values in <test> isn't supported and may not work as expected
Fontconfig warning: "/etc/fonts/conf.avail/53-monospace-lcd-filter.conf", line 10: Having multiple values in <test> isn't supported and may not work as expected
[GFX1-]: RenderCompositorSWGL failed mapping default framebuffer, no dt
console.error: ({})
[Parent 25714, Main Thread] WARNING: Failed to call GetIdletime(): GDBus.Error:org.freedesktop.DBus.Error.AccessDenied: An AppArmor policy prevents this sender from sending this message to this recipient; type="method_call", sender=":1.1662" (uid=1001 pid=25714 comm="/snap/firefox/3416/usr/lib/firefox/firefox --mario" label="snap.firefox.geckodriver (enforce)") interface="org.gnome.Mutter.IdleMonitor" member="GetIdletime" error name="(unset)" requested_reply="0" destination=":1.25" (uid=1001 pid=4467 comm="/usr/bin/gnome-shell " label="unconfined")
: 'glib warning', file /build/firefox/parts/firefox/build/toolkit/xre/nsSigHandlers.cpp:187

** (firefox:25714): WARNING **: 03:10:55.674: Failed to call GetIdletime(): GDBus.Error:org.freedesktop.DBus.Error.AccessDenied: An AppArmor policy prevents this sender from sending this message to this recipient; type="method_call", sender=":1.1662" (uid=1001 pid=25714 comm="/snap/firefox/3416/usr/lib/firefox/firefox --mario" label="snap.firefox.geckodriver (enforce)") interface="org.gnome.Mutter.IdleMonitor" member="GetIdletime" error name="(unset)" requested_reply="0" destination=":1.25" (uid=1001 pid=4467 comm="/usr/bin/gnome-shell " label="unconfined")

Fontconfig warning: "/etc/fonts/conf.avail/53-monospace-lcd-filter.conf", line 10: Having multiple values in <test> isn't supported and may not work as expected
Fontconfig warning: "/etc/fonts/conf.avail/53-monospace-lcd-filter.conf", line 10: Having multiple values in <test> isn't supported and may not work as expected
Fontconfig warning: "/etc/fonts/conf.avail/53-monospace-lcd-filter.conf", line 10: Having multiple values in <test> isn't supported and may not work as expected
console.error: (new TypeError("this._searchProviderInfo is null", "resource:///modules/SearchSERPTelemetry.sys.mjs", 692))
console.error: (new TypeError("linkMap is undefined", "resource://gre/modules/NewTabUtils.sys.mjs", 2001))
Fontconfig warning: "/etc/fonts/conf.avail/53-monospace-lcd-filter.conf", line 10: Having multiple values in <test> isn't supported and may not work as expected
JavaScript warning: , line 0: WebGL warning: texSubImage: Texture has not been initialized prior to a partial upload, forcing the browser to clear it. This may be slow.
JavaScript warning: , line 0: WebGL warning: texSubImage: Tex image TEXTURE_2D level 0 is incurring lazy initialization.
1701936674162	Marionette	INFO	Stopped listening on port 45059
JavaScript warning: https://www.windy.com/v/40.1.0.ind.e26e/plugins/radar.js, line 1: Script terminated by timeout at:
value@https://www.windy.com/v/40.1.0.ind.e26e/plugins/radar.js:1:28078

1701996727170	geckodriver	INFO	Listening on 127.0.0.1:38747
1701996728109	mozrunner::runner	INFO	Running command: MOZ_CRASHREPORTER="1" MOZ_CRASHREPORTER_NO_REPORT="1" MOZ_CRASHREPORTER_SHUTDOWN="1" MOZ_NO_REMOTE="1" "/snap/firefox/current/firefox.launcher" "--marionette" "--headless" "-no-remote" "-profile" "/tmp/rust_mozprofileEGohvP"
*** You are running in headless mode.
Gtk-Message: 19:52:08.163: Not loading module "atk-bridge": The functionality is provided by GTK natively. Please try to not load it.
console.warn: services.settings: Ignoring preference override of remote settings server
console.warn: services.settings: Allow by setting MOZ_REMOTE_SETTINGS_DEVTOOLS=1 in the environment
Fontconfig warning: "/etc/fonts/conf.avail/53-monospace-lcd-filter.conf", line 10: Having multiple values in <test> isn't supported and may not work as expected
1701996728890	Marionette	INFO	Marionette enabled
1701996728971	Marionette	INFO	Listening on port 45449
Read port: 45449
1701996729483	RemoteAgent	WARN	TLS certificate errors will be ignored for this session
Fontconfig warning: "/etc/fonts/conf.avail/53-monospace-lcd-filter.conf", line 10: Having multiple values in <test> isn't supported and may not work as expected
Fontconfig warning: "/etc/fonts/conf.avail/53-monospace-lcd-filter.conf", line 10: Having multiple values in <test> isn't supported and may not work as expected
[GFX1-]: RenderCompositorSWGL failed mapping default framebuffer, no dt
console.error: ({})
[Parent 8147, Main Thread] WARNING: Failed to call GetIdletime(): GDBus.Error:org.freedesktop.DBus.Error.AccessDenied: An AppArmor policy prevents this sender from sending this message to this recipient; type="method_call", sender=":1.1664" (uid=1001 pid=8147 comm="/snap/firefox/3416/usr/lib/firefox/firefox --mario" label="snap.firefox.geckodriver (enforce)") interface="org.gnome.Mutter.IdleMonitor" member="GetIdletime" error name="(unset)" requested_reply="0" destination=":1.25" (uid=1001 pid=4467 comm="/usr/bin/gnome-shell " label="unconfined")
: 'glib warning', file /build/firefox/parts/firefox/build/toolkit/xre/nsSigHandlers.cpp:187

** (firefox:8147): WARNING **: 19:52:10.613: Failed to call GetIdletime(): GDBus.Error:org.freedesktop.DBus.Error.AccessDenied: An AppArmor policy prevents this sender from sending this message to this recipient; type="method_call", sender=":1.1664" (uid=1001 pid=8147 comm="/snap/firefox/3416/usr/lib/firefox/firefox --mario" label="snap.firefox.geckodriver (enforce)") interface="org.gnome.Mutter.IdleMonitor" member="GetIdletime" error name="(unset)" requested_reply="0" destination=":1.25" (uid=1001 pid=4467 comm="/usr/bin/gnome-shell " label="unconfined")

Fontconfig warning: "/etc/fonts/conf.avail/53-monospace-lcd-filter.conf", line 10: Having multiple values in <test> isn't supported and may not work as expected
Fontconfig warning: "/etc/fonts/conf.avail/53-monospace-lcd-filter.conf", line 10: Having multiple values in <test> isn't supported and may not work as expected
Fontconfig warning: "/etc/fonts/conf.avail/53-monospace-lcd-filter.conf", line 10: Having multiple values in <test> isn't supported and may not work as expected
console.error: (new TypeError("this._searchProviderInfo is null", "resource:///modules/SearchSERPTelemetry.sys.mjs", 692))
console.error: (new TypeError("linkMap is undefined", "resource://gre/modules/NewTabUtils.sys.mjs", 2001))
Fontconfig warning: "/etc/fonts/conf.avail/53-monospace-lcd-filter.conf", line 10: Having multiple values in <test> isn't supported and may not work as expected
JavaScript warning: , line 0: WebGL warning: texSubImage: Texture has not been initialized prior to a partial upload, forcing the browser to clear it. This may be slow.
JavaScript warning: , line 0: WebGL warning: texSubImage: Tex image TEXTURE_2D level 0 is incurring lazy initialization.
1701996749048	Marionette	INFO	Stopped listening on port 45449
JavaScript warning: https://www.windy.com/v/40.1.0.ind.e26e/plugins/gl-particles.js, line 1: Script terminated by timeout at:
D@https://www.windy.com/v/40.1.0.ind.e26e/plugins/gl-particles.js:1:2025

1701996750344	geckodriver	INFO	Listening on 127.0.0.1:47457
1701996751267	mozrunner::runner	INFO	Running command: MOZ_CRASHREPORTER="1" MOZ_CRASHREPORTER_NO_REPORT="1" MOZ_CRASHREPORTER_SHUTDOWN="1" MOZ_NO_REMOTE="1" "/snap/firefox/current/firefox.launcher" "--marionette" "--headless" "-no-remote" "-profile" "/tmp/rust_mozprofileWi2b9p"
*** You are running in headless mode.
Gtk-Message: 19:52:31.288: Not loading module "atk-bridge": The functionality is provided by GTK natively. Please try to not load it.
console.warn: services.settings: Ignoring preference override of remote settings server
console.warn: services.settings: Allow by setting MOZ_REMOTE_SETTINGS_DEVTOOLS=1 in the environment
Fontconfig warning: "/etc/fonts/conf.avail/53-monospace-lcd-filter.conf", line 10: Having multiple values in <test> isn't supported and may not work as expected
1701996751574	Marionette	INFO	Marionette enabled
1701996751628	Marionette	INFO	Listening on port 35057
Read port: 35057
1701996752111	RemoteAgent	WARN	TLS certificate errors will be ignored for this session
Fontconfig warning: "/etc/fonts/conf.avail/53-monospace-lcd-filter.conf", line 10: Having multiple values in <test> isn't supported and may not work as expected
Fontconfig warning: "/etc/fonts/conf.avail/53-monospace-lcd-filter.conf", line 10: Having multiple values in <test> isn't supported and may not work as expected
[GFX1-]: RenderCompositorSWGL failed mapping default framebuffer, no dt
console.error: ({})
[Parent 8545, Main Thread] WARNING: Failed to call GetIdletime(): GDBus.Error:org.freedesktop.DBus.Error.AccessDenied: An AppArmor policy prevents this sender from sending this message to this recipient; type="method_call", sender=":1.1666" (uid=1001 pid=8545 comm="/snap/firefox/3416/usr/lib/firefox/firefox --mario" label="snap.firefox.geckodriver (enforce)") interface="org.gnome.Mutter.IdleMonitor" member="GetIdletime" error name="(unset)" requested_reply="0" destination=":1.25" (uid=1001 pid=4467 comm="/usr/bin/gnome-shell " label="unconfined")
: 'glib warning', file /build/firefox/parts/firefox/build/toolkit/xre/nsSigHandlers.cpp:187

** (firefox:8545): WARNING **: 19:52:32.750: Failed to call GetIdletime(): GDBus.Error:org.freedesktop.DBus.Error.AccessDenied: An AppArmor policy prevents this sender from sending this message to this recipient; type="method_call", sender=":1.1666" (uid=1001 pid=8545 comm="/snap/firefox/3416/usr/lib/firefox/firefox --mario" label="snap.firefox.geckodriver (enforce)") interface="org.gnome.Mutter.IdleMonitor" member="GetIdletime" error name="(unset)" requested_reply="0" destination=":1.25" (uid=1001 pid=4467 comm="/usr/bin/gnome-shell " label="unconfined")

Fontconfig warning: "/etc/fonts/conf.avail/53-monospace-lcd-filter.conf", line 10: Having multiple values in <test> isn't supported and may not work as expected
Fontconfig warning: "/etc/fonts/conf.avail/53-monospace-lcd-filter.conf", line 10: Having multiple values in <test> isn't supported and may not work as expected
Fontconfig warning: "/etc/fonts/conf.avail/53-monospace-lcd-filter.conf", line 10: Having multiple values in <test> isn't supported and may not work as expected
console.error: (new TypeError("this._searchProviderInfo is null", "resource:///modules/SearchSERPTelemetry.sys.mjs", 692))
Fontconfig warning: "/etc/fonts/conf.avail/53-monospace-lcd-filter.conf", line 10: Having multiple values in <test> isn't supported and may not work as expected
JavaScript warning: , line 0: WebGL warning: texSubImage: Texture has not been initialized prior to a partial upload, forcing the browser to clear it. This may be slow.
JavaScript warning: , line 0: WebGL warning: texSubImage: Tex image TEXTURE_2D level 0 is incurring lazy initialization.
1701996773012	Marionette	INFO	Stopped listening on port 35057
JavaScript warning: https://www.windy.com/v/40.1.0.ind.e26e/plugins/radar.js, line 1: Script terminated by timeout at:
value@https://www.windy.com/v/40.1.0.ind.e26e/plugins/radar.js:1:28078

1702000332040	geckodriver	INFO	Listening on 127.0.0.1:36661
1702000332822	mozrunner::runner	INFO	Running command: MOZ_CRASHREPORTER="1" MOZ_CRASHREPORTER_NO_REPORT="1" MOZ_CRASHREPORTER_SHUTDOWN="1" MOZ_NO_REMOTE="1" "/snap/firefox/current/firefox.launcher" "--marionette" "--headless" "-no-remote" "-profile" "/tmp/rust_mozprofileSSaRP6"
*** You are running in headless mode.
Gtk-Message: 20:52:12.893: Not loading module "atk-bridge": The functionality is provided by GTK natively. Please try to not load it.
console.warn: services.settings: Ignoring preference override of remote settings server
console.warn: services.settings: Allow by setting MOZ_REMOTE_SETTINGS_DEVTOOLS=1 in the environment
Fontconfig warning: "/etc/fonts/conf.avail/53-monospace-lcd-filter.conf", line 10: Having multiple values in <test> isn't supported and may not work as expected
1702000333263	Marionette	INFO	Marionette enabled
1702000333347	Marionette	INFO	Listening on port 38789
Read port: 38789
1702000333723	RemoteAgent	WARN	TLS certificate errors will be ignored for this session
Fontconfig warning: "/etc/fonts/conf.avail/53-monospace-lcd-filter.conf", line 10: Having multiple values in <test> isn't supported and may not work as expected
Fontconfig warning: "/etc/fonts/conf.avail/53-monospace-lcd-filter.conf", line 10: Having multiple values in <test> isn't supported and may not work as expected
[GFX1-]: RenderCompositorSWGL failed mapping default framebuffer, no dt
console.error: ({})
[Parent 16576, Main Thread] WARNING: Failed to call GetIdletime(): GDBus.Error:org.freedesktop.DBus.Error.AccessDenied: An AppArmor policy prevents this sender from sending this message to this recipient; type="method_call", sender=":1.1670" (uid=1001 pid=16576 comm="/snap/firefox/3416/usr/lib/firefox/firefox --mario" label="snap.firefox.geckodriver (enforce)") interface="org.gnome.Mutter.IdleMonitor" member="GetIdletime" error name="(unset)" requested_reply="0" destination=":1.25" (uid=1001 pid=4467 comm="/usr/bin/gnome-shell " label="unconfined")
: 'glib warning', file /build/firefox/parts/firefox/build/toolkit/xre/nsSigHandlers.cpp:187

** (firefox:16576): WARNING **: 20:52:15.032: Failed to call GetIdletime(): GDBus.Error:org.freedesktop.DBus.Error.AccessDenied: An AppArmor policy prevents this sender from sending this message to this recipient; type="method_call", sender=":1.1670" (uid=1001 pid=16576 comm="/snap/firefox/3416/usr/lib/firefox/firefox --mario" label="snap.firefox.geckodriver (enforce)") interface="org.gnome.Mutter.IdleMonitor" member="GetIdletime" error name="(unset)" requested_reply="0" destination=":1.25" (uid=1001 pid=4467 comm="/usr/bin/gnome-shell " label="unconfined")

Fontconfig warning: "/etc/fonts/conf.avail/53-monospace-lcd-filter.conf", line 10: Having multiple values in <test> isn't supported and may not work as expected
Fontconfig warning: "/etc/fonts/conf.avail/53-monospace-lcd-filter.conf", line 10: Having multiple values in <test> isn't supported and may not work as expected
Fontconfig warning: "/etc/fonts/conf.avail/53-monospace-lcd-filter.conf", line 10: Having multiple values in <test> isn't supported and may not work as expected
console.error: (new TypeError("this._searchProviderInfo is null", "resource:///modules/SearchSERPTelemetry.sys.mjs", 692))
Fontconfig warning: "/etc/fonts/conf.avail/53-monospace-lcd-filter.conf", line 10: Having multiple values in <test> isn't supported and may not work as expected
JavaScript warning: , line 0: WebGL warning: texSubImage: Texture has not been initialized prior to a partial upload, forcing the browser to clear it. This may be slow.
JavaScript warning: , line 0: WebGL warning: texSubImage: Tex image TEXTURE_2D level 0 is incurring lazy initialization.
1702000353960	Marionette	INFO	Stopped listening on port 38789
JavaScript warning: https://www.windy.com/v/40.1.0.ind.e26e/plugins/gl-particles.js, line 1: Script terminated by timeout at:
D@https://www.windy.com/v/40.1.0.ind.e26e/plugins/gl-particles.js:1:2025

1702000356008	geckodriver	INFO	Listening on 127.0.0.1:38919
1702000356869	mozrunner::runner	INFO	Running command: MOZ_CRASHREPORTER="1" MOZ_CRASHREPORTER_NO_REPORT="1" MOZ_CRASHREPORTER_SHUTDOWN="1" MOZ_NO_REMOTE="1" "/snap/firefox/current/firefox.launcher" "--marionette" "--headless" "-no-remote" "-profile" "/tmp/rust_mozprofilemFg0TE"
*** You are running in headless mode.
Gtk-Message: 20:52:36.913: Not loading module "atk-bridge": The functionality is provided by GTK natively. Please try to not load it.
console.warn: services.settings: Ignoring preference override of remote settings server
console.warn: services.settings: Allow by setting MOZ_REMOTE_SETTINGS_DEVTOOLS=1 in the environment
Fontconfig warning: "/etc/fonts/conf.avail/53-monospace-lcd-filter.conf", line 10: Having multiple values in <test> isn't supported and may not work as expected
1702000357266	Marionette	INFO	Marionette enabled
1702000357343	Marionette	INFO	Listening on port 39851
Read port: 39851
1702000357910	RemoteAgent	WARN	TLS certificate errors will be ignored for this session
Fontconfig warning: "/etc/fonts/conf.avail/53-monospace-lcd-filter.conf", line 10: Having multiple values in <test> isn't supported and may not work as expected
Fontconfig warning: "/etc/fonts/conf.avail/53-monospace-lcd-filter.conf", line 10: Having multiple values in <test> isn't supported and may not work as expected
[GFX1-]: RenderCompositorSWGL failed mapping default framebuffer, no dt
console.error: ({})
[Parent 17047, Main Thread] WARNING: Failed to call GetIdletime(): GDBus.Error:org.freedesktop.DBus.Error.AccessDenied: An AppArmor policy prevents this sender from sending this message to this recipient; type="method_call", sender=":1.1672" (uid=1001 pid=17047 comm="/snap/firefox/3416/usr/lib/firefox/firefox --mario" label="snap.firefox.geckodriver (enforce)") interface="org.gnome.Mutter.IdleMonitor" member="GetIdletime" error name="(unset)" requested_reply="0" destination=":1.25" (uid=1001 pid=4467 comm="/usr/bin/gnome-shell " label="unconfined")
: 'glib warning', file /build/firefox/parts/firefox/build/toolkit/xre/nsSigHandlers.cpp:187

** (firefox:17047): WARNING **: 20:52:39.003: Failed to call GetIdletime(): GDBus.Error:org.freedesktop.DBus.Error.AccessDenied: An AppArmor policy prevents this sender from sending this message to this recipient; type="method_call", sender=":1.1672" (uid=1001 pid=17047 comm="/snap/firefox/3416/usr/lib/firefox/firefox --mario" label="snap.firefox.geckodriver (enforce)") interface="org.gnome.Mutter.IdleMonitor" member="GetIdletime" error name="(unset)" requested_reply="0" destination=":1.25" (uid=1001 pid=4467 comm="/usr/bin/gnome-shell " label="unconfined")

Fontconfig warning: "/etc/fonts/conf.avail/53-monospace-lcd-filter.conf", line 10: Having multiple values in <test> isn't supported and may not work as expected
Fontconfig warning: "/etc/fonts/conf.avail/53-monospace-lcd-filter.conf", line 10: Having multiple values in <test> isn't supported and may not work as expected
Fontconfig warning: "/etc/fonts/conf.avail/53-monospace-lcd-filter.conf", line 10: Having multiple values in <test> isn't supported and may not work as expected
console.error: (new TypeError("this._searchProviderInfo is null", "resource:///modules/SearchSERPTelemetry.sys.mjs", 692))
console.error: (new TypeError("linkMap is undefined", "resource://gre/modules/NewTabUtils.sys.mjs", 2001))
Fontconfig warning: "/etc/fonts/conf.avail/53-monospace-lcd-filter.conf", line 10: Having multiple values in <test> isn't supported and may not work as expected
JavaScript warning: , line 0: WebGL warning: texSubImage: Texture has not been initialized prior to a partial upload, forcing the browser to clear it. This may be slow.
JavaScript warning: , line 0: WebGL warning: texSubImage: Tex image TEXTURE_2D level 0 is incurring lazy initialization.
1702000377579	Marionette	INFO	Stopped listening on port 39851
JavaScript warning: https://www.windy.com/v/40.1.0.ind.e26e/plugins/radar.js, line 1: Script terminated by timeout at:
value@https://www.windy.com/v/40.1.0.ind.e26e/plugins/radar.js:1:28078

1702061099773	geckodriver	INFO	Listening on 127.0.0.1:42619
1702061100517	mozrunner::runner	INFO	Running command: MOZ_CRASHREPORTER="1" MOZ_CRASHREPORTER_NO_REPORT="1" MOZ_CRASHREPORTER_SHUTDOWN="1" MOZ_NO_REMOTE="1" "/snap/firefox/current/firefox.launcher" "--marionette" "--headless" "-no-remote" "-profile" "/tmp/rust_mozprofilefRekVC"
*** You are running in headless mode.
console.warn: services.settings: Ignoring preference override of remote settings server
console.warn: services.settings: Allow by setting MOZ_REMOTE_SETTINGS_DEVTOOLS=1 in the environment
[GFX1-]: glxtest: Unable to open a connection to the X server
Fontconfig warning: "/etc/fonts/conf.avail/53-monospace-lcd-filter.conf", line 10: Having multiple values in <test> isn't supported and may not work as expected
1702061100901	Marionette	INFO	Marionette enabled
1702061100973	Marionette	INFO	Listening on port 41055
Read port: 41055
1702061101504	RemoteAgent	WARN	TLS certificate errors will be ignored for this session
Fontconfig warning: "/etc/fonts/conf.avail/53-monospace-lcd-filter.conf", line 10: Having multiple values in <test> isn't supported and may not work as expected
Fontconfig warning: "/etc/fonts/conf.avail/53-monospace-lcd-filter.conf", line 10: Having multiple values in <test> isn't supported and may not work as expected
[GFX1-]: RenderCompositorSWGL failed mapping default framebuffer, no dt
console.error: ({})
[Parent 7894, Main Thread] WARNING: Failed to call GetIdletime(): GDBus.Error:org.freedesktop.DBus.Error.AccessDenied: An AppArmor policy prevents this sender from sending this message to this recipient; type="method_call", sender=":1.1965" (uid=1001 pid=7894 comm="/snap/firefox/3416/usr/lib/firefox/firefox --mario" label="snap.firefox.geckodriver (enforce)") interface="org.gnome.Mutter.IdleMonitor" member="GetIdletime" error name="(unset)" requested_reply="0" destination=":1.25" (uid=1001 pid=4467 comm="/usr/bin/gnome-shell " label="unconfined")
: 'glib warning', file /build/firefox/parts/firefox/build/toolkit/xre/nsSigHandlers.cpp:187

** (firefox:7894): WARNING **: 13:45:02.589: Failed to call GetIdletime(): GDBus.Error:org.freedesktop.DBus.Error.AccessDenied: An AppArmor policy prevents this sender from sending this message to this recipient; type="method_call", sender=":1.1965" (uid=1001 pid=7894 comm="/snap/firefox/3416/usr/lib/firefox/firefox --mario" label="snap.firefox.geckodriver (enforce)") interface="org.gnome.Mutter.IdleMonitor" member="GetIdletime" error name="(unset)" requested_reply="0" destination=":1.25" (uid=1001 pid=4467 comm="/usr/bin/gnome-shell " label="unconfined")

Fontconfig warning: "/etc/fonts/conf.avail/53-monospace-lcd-filter.conf", line 10: Having multiple values in <test> isn't supported and may not work as expected
Fontconfig warning: "/etc/fonts/conf.avail/53-monospace-lcd-filter.conf", line 10: Having multiple values in <test> isn't supported and may not work as expected
Fontconfig warning: "/etc/fonts/conf.avail/53-monospace-lcd-filter.conf", line 10: Having multiple values in <test> isn't supported and may not work as expected
console.error: (new TypeError("this._searchProviderInfo is null", "resource:///modules/SearchSERPTelemetry.sys.mjs", 692))
Fontconfig warning: "/etc/fonts/conf.avail/53-monospace-lcd-filter.conf", line 10: Having multiple values in <test> isn't supported and may not work as expected
JavaScript warning: https://www.windy.com/v/40.1.0.ind.e26e/index.js, line 1: WebGL warning: <Create>: WebglAllowWindowsNativeGl:false restricts context creation on this system.
JavaScript warning: https://www.windy.com/v/40.1.0.ind.e26e/index.js, line 1: Failed to create WebGL context: WebGL creation failed: 
* WebglAllowWindowsNativeGl:false restricts context creation on this system. ()
* Exhausted GL driver options. (FEATURE_FAILURE_WEBGL_EXHAUSTED_DRIVERS)
JavaScript warning: https://www.windy.com/v/40.1.0.ind.e26e/index.js, line 1: WebGL warning: <Create>: WebglAllowWindowsNativeGl:false restricts context creation on this system.
JavaScript warning: https://www.windy.com/v/40.1.0.ind.e26e/index.js, line 1: Failed to create WebGL context: WebGL creation failed: 
* WebglAllowWindowsNativeGl:false restricts context creation on this system. ()
* Exhausted GL driver options. (FEATURE_FAILURE_WEBGL_EXHAUSTED_DRIVERS)
JavaScript warning: https://www.windy.com/v/40.1.0.ind.e26e/index.js, line 1: WebGL warning: <Create>: WebglAllowWindowsNativeGl:false restricts context creation on this system.
JavaScript warning: https://www.windy.com/v/40.1.0.ind.e26e/index.js, line 1: Failed to create WebGL context: WebGL creation failed: 
* WebglAllowWindowsNativeGl:false restricts context creation on this system. ()
* Exhausted GL driver options. (FEATURE_FAILURE_WEBGL_EXHAUSTED_DRIVERS)
JavaScript warning: https://www.windy.com/v/40.1.0.ind.e26e/index.js, line 1: WebGL warning: <Create>: WebglAllowWindowsNativeGl:false restricts context creation on this system.
JavaScript warning: https://www.windy.com/v/40.1.0.ind.e26e/index.js, line 1: Failed to create WebGL context: WebGL creation failed: 
* WebglAllowWindowsNativeGl:false restricts context creation on this system. ()
* Exhausted GL driver options. (FEATURE_FAILURE_WEBGL_EXHAUSTED_DRIVERS)
1702061123871	Marionette	INFO	Stopped listening on port 41055
JavaScript warning: https://www.windy.com/v/40.1.0.ind.e26e/plugins/particles.js, line 1: Script terminated by timeout at:
t@https://www.windy.com/v/40.1.0.ind.e26e/plugins/particles.js:1:2609

1702061125820	geckodriver	INFO	Listening on 127.0.0.1:45341
1702061126455	mozrunner::runner	INFO	Running command: MOZ_CRASHREPORTER="1" MOZ_CRASHREPORTER_NO_REPORT="1" MOZ_CRASHREPORTER_SHUTDOWN="1" MOZ_NO_REMOTE="1" "/snap/firefox/current/firefox.launcher" "--marionette" "--headless" "-no-remote" "-profile" "/tmp/rust_mozprofiles9Gsz6"
*** You are running in headless mode.
console.warn: services.settings: Ignoring preference override of remote settings server
console.warn: services.settings: Allow by setting MOZ_REMOTE_SETTINGS_DEVTOOLS=1 in the environment
[GFX1-]: glxtest: Unable to open a connection to the X server
Fontconfig warning: "/etc/fonts/conf.avail/53-monospace-lcd-filter.conf", line 10: Having multiple values in <test> isn't supported and may not work as expected
1702061126846	Marionette	INFO	Marionette enabled
1702061126922	Marionette	INFO	Listening on port 41015
Read port: 41015
1702061127504	RemoteAgent	WARN	TLS certificate errors will be ignored for this session
Fontconfig warning: "/etc/fonts/conf.avail/53-monospace-lcd-filter.conf", line 10: Having multiple values in <test> isn't supported and may not work as expected
Fontconfig warning: "/etc/fonts/conf.avail/53-monospace-lcd-filter.conf", line 10: Having multiple values in <test> isn't supported and may not work as expected
[GFX1-]: RenderCompositorSWGL failed mapping default framebuffer, no dt
console.error: ({})
[Parent 8396, Main Thread] WARNING: Failed to call GetIdletime(): GDBus.Error:org.freedesktop.DBus.Error.AccessDenied: An AppArmor policy prevents this sender from sending this message to this recipient; type="method_call", sender=":1.1967" (uid=1001 pid=8396 comm="/snap/firefox/3416/usr/lib/firefox/firefox --mario" label="snap.firefox.geckodriver (enforce)") interface="org.gnome.Mutter.IdleMonitor" member="GetIdletime" error name="(unset)" requested_reply="0" destination=":1.25" (uid=1001 pid=4467 comm="/usr/bin/gnome-shell " label="unconfined")
: 'glib warning', file /build/firefox/parts/firefox/build/toolkit/xre/nsSigHandlers.cpp:187

** (firefox:8396): WARNING **: 13:45:28.856: Failed to call GetIdletime(): GDBus.Error:org.freedesktop.DBus.Error.AccessDenied: An AppArmor policy prevents this sender from sending this message to this recipient; type="method_call", sender=":1.1967" (uid=1001 pid=8396 comm="/snap/firefox/3416/usr/lib/firefox/firefox --mario" label="snap.firefox.geckodriver (enforce)") interface="org.gnome.Mutter.IdleMonitor" member="GetIdletime" error name="(unset)" requested_reply="0" destination=":1.25" (uid=1001 pid=4467 comm="/usr/bin/gnome-shell " label="unconfined")

Fontconfig warning: "/etc/fonts/conf.avail/53-monospace-lcd-filter.conf", line 10: Having multiple values in <test> isn't supported and may not work as expected
Fontconfig warning: "/etc/fonts/conf.avail/53-monospace-lcd-filter.conf", line 10: Having multiple values in <test> isn't supported and may not work as expected
Fontconfig warning: "/etc/fonts/conf.avail/53-monospace-lcd-filter.conf", line 10: Having multiple values in <test> isn't supported and may not work as expected
console.error: (new TypeError("this._searchProviderInfo is null", "resource:///modules/SearchSERPTelemetry.sys.mjs", 692))
console.error: (new TypeError("linkMap is undefined", "resource://gre/modules/NewTabUtils.sys.mjs", 2001))
Fontconfig warning: "/etc/fonts/conf.avail/53-monospace-lcd-filter.conf", line 10: Having multiple values in <test> isn't supported and may not work as expected
JavaScript warning: https://www.windy.com/v/40.1.0.ind.e26e/index.js, line 1: WebGL warning: <Create>: WebglAllowWindowsNativeGl:false restricts context creation on this system.
JavaScript warning: https://www.windy.com/v/40.1.0.ind.e26e/index.js, line 1: Failed to create WebGL context: WebGL creation failed: 
* WebglAllowWindowsNativeGl:false restricts context creation on this system. ()
* Exhausted GL driver options. (FEATURE_FAILURE_WEBGL_EXHAUSTED_DRIVERS)
JavaScript warning: https://www.windy.com/v/40.1.0.ind.e26e/index.js, line 1: WebGL warning: <Create>: WebglAllowWindowsNativeGl:false restricts context creation on this system.
JavaScript warning: https://www.windy.com/v/40.1.0.ind.e26e/index.js, line 1: Failed to create WebGL context: WebGL creation failed: 
* WebglAllowWindowsNativeGl:false restricts context creation on this system. ()
* Exhausted GL driver options. (FEATURE_FAILURE_WEBGL_EXHAUSTED_DRIVERS)
console.error: ({})
JavaScript warning: https://www.windy.com/v/40.1.0.ind.e26e/index.js, line 1: WebGL warning: <Create>: WebglAllowWindowsNativeGl:false restricts context creation on this system.
JavaScript warning: https://www.windy.com/v/40.1.0.ind.e26e/index.js, line 1: Failed to create WebGL context: WebGL creation failed: 
* WebglAllowWindowsNativeGl:false restricts context creation on this system. ()
* Exhausted GL driver options. (FEATURE_FAILURE_WEBGL_EXHAUSTED_DRIVERS)
JavaScript warning: https://www.windy.com/v/40.1.0.ind.e26e/index.js, line 1: WebGL warning: <Create>: WebglAllowWindowsNativeGl:false restricts context creation on this system.
JavaScript warning: https://www.windy.com/v/40.1.0.ind.e26e/index.js, line 1: Failed to create WebGL context: WebGL creation failed: 
* WebglAllowWindowsNativeGl:false restricts context creation on this system. ()
* Exhausted GL driver options. (FEATURE_FAILURE_WEBGL_EXHAUSTED_DRIVERS)
JavaScript warning: https://www.windy.com/v/40.1.0.ind.e26e/index.js, line 1: WebGL warning: <Create>: WebglAllowWindowsNativeGl:false restricts context creation on this system.
JavaScript warning: https://www.windy.com/v/40.1.0.ind.e26e/index.js, line 1: Failed to create WebGL context: WebGL creation failed: 
* WebglAllowWindowsNativeGl:false restricts context creation on this system. ()
* Exhausted GL driver options. (FEATURE_FAILURE_WEBGL_EXHAUSTED_DRIVERS)
JavaScript warning: https://www.windy.com/v/40.1.0.ind.e26e/index.js, line 1: WebGL warning: <Create>: WebglAllowWindowsNativeGl:false restricts context creation on this system.
JavaScript warning: https://www.windy.com/v/40.1.0.ind.e26e/index.js, line 1: Failed to create WebGL context: WebGL creation failed: 
* WebglAllowWindowsNativeGl:false restricts context creation on this system. ()
* Exhausted GL driver options. (FEATURE_FAILURE_WEBGL_EXHAUSTED_DRIVERS)
console.error: "update.locale" " file doesn't exist in either the application or GRE directories"
1702061156879	addons.xpi	ERROR	System addon update list error SyntaxError: XMLHttpRequest.open: 'http://%(server)s/dummy-system-addons.xml' is not a valid URL.
1702061303971	geckodriver	INFO	Listening on 127.0.0.1:43199
1702061304869	mozrunner::runner	INFO	Running command: MOZ_CRASHREPORTER="1" MOZ_CRASHREPORTER_NO_REPORT="1" MOZ_CRASHREPORTER_SHUTDOWN="1" MOZ_NO_REMOTE="1" "/snap/firefox/current/firefox.launcher" "--marionette" "--headless" "-no-remote" "-profile" "/tmp/rust_mozprofileeiwEj5"
*** You are running in headless mode.
Gtk-Message: 13:48:24.900: Not loading module "atk-bridge": The functionality is provided by GTK natively. Please try to not load it.
console.warn: services.settings: Ignoring preference override of remote settings server
console.warn: services.settings: Allow by setting MOZ_REMOTE_SETTINGS_DEVTOOLS=1 in the environment
Fontconfig warning: "/etc/fonts/conf.avail/53-monospace-lcd-filter.conf", line 10: Having multiple values in <test> isn't supported and may not work as expected
1702061305364	Marionette	INFO	Marionette enabled
1702061305470	Marionette	INFO	Listening on port 36465
Read port: 36465
1702061306284	RemoteAgent	WARN	TLS certificate errors will be ignored for this session
Fontconfig warning: "/etc/fonts/conf.avail/53-monospace-lcd-filter.conf", line 10: Having multiple values in <test> isn't supported and may not work as expected
Fontconfig warning: "/etc/fonts/conf.avail/53-monospace-lcd-filter.conf", line 10: Having multiple values in <test> isn't supported and may not work as expected
[GFX1-]: RenderCompositorSWGL failed mapping default framebuffer, no dt
console.error: ({})
[Parent 9194, Main Thread] WARNING: Failed to call GetIdletime(): GDBus.Error:org.freedesktop.DBus.Error.AccessDenied: An AppArmor policy prevents this sender from sending this message to this recipient; type="method_call", sender=":1.1970" (uid=1001 pid=9194 comm="/snap/firefox/3416/usr/lib/firefox/firefox --mario" label="snap.firefox.geckodriver (enforce)") interface="org.gnome.Mutter.IdleMonitor" member="GetIdletime" error name="(unset)" requested_reply="0" destination=":1.25" (uid=1001 pid=4467 comm="/usr/bin/gnome-shell " label="unconfined")
: 'glib warning', file /build/firefox/parts/firefox/build/toolkit/xre/nsSigHandlers.cpp:187

** (firefox:9194): WARNING **: 13:48:28.053: Failed to call GetIdletime(): GDBus.Error:org.freedesktop.DBus.Error.AccessDenied: An AppArmor policy prevents this sender from sending this message to this recipient; type="method_call", sender=":1.1970" (uid=1001 pid=9194 comm="/snap/firefox/3416/usr/lib/firefox/firefox --mario" label="snap.firefox.geckodriver (enforce)") interface="org.gnome.Mutter.IdleMonitor" member="GetIdletime" error name="(unset)" requested_reply="0" destination=":1.25" (uid=1001 pid=4467 comm="/usr/bin/gnome-shell " label="unconfined")

Fontconfig warning: "/etc/fonts/conf.avail/53-monospace-lcd-filter.conf", line 10: Having multiple values in <test> isn't supported and may not work as expected
Fontconfig warning: "/etc/fonts/conf.avail/53-monospace-lcd-filter.conf", line 10: Having multiple values in <test> isn't supported and may not work as expected
Fontconfig warning: "/etc/fonts/conf.avail/53-monospace-lcd-filter.conf", line 10: Having multiple values in <test> isn't supported and may not work as expected
console.error: (new TypeError("this._searchProviderInfo is null", "resource:///modules/SearchSERPTelemetry.sys.mjs", 692))
console.error: (new TypeError("linkMap is undefined", "resource://gre/modules/NewTabUtils.sys.mjs", 2001))
Fontconfig warning: "/etc/fonts/conf.avail/53-monospace-lcd-filter.conf", line 10: Having multiple values in <test> isn't supported and may not work as expected
JavaScript warning: , line 0: WebGL warning: texSubImage: Texture has not been initialized prior to a partial upload, forcing the browser to clear it. This may be slow.
JavaScript warning: , line 0: WebGL warning: texSubImage: Tex image TEXTURE_2D level 0 is incurring lazy initialization.
1702061327913	Marionette	INFO	Stopped listening on port 36465
JavaScript warning: https://www.windy.com/v/40.1.0.ind.e26e/plugins/gl-particles.js, line 1: Script terminated by timeout at:
D@https://www.windy.com/v/40.1.0.ind.e26e/plugins/gl-particles.js:1:2025

1702061329406	geckodriver	INFO	Listening on 127.0.0.1:43763
1702061330324	mozrunner::runner	INFO	Running command: MOZ_CRASHREPORTER="1" MOZ_CRASHREPORTER_NO_REPORT="1" MOZ_CRASHREPORTER_SHUTDOWN="1" MOZ_NO_REMOTE="1" "/snap/firefox/current/firefox.launcher" "--marionette" "--headless" "-no-remote" "-profile" "/tmp/rust_mozprofileyLhoVU"
*** You are running in headless mode.
Gtk-Message: 13:48:50.392: Not loading module "atk-bridge": The functionality is provided by GTK natively. Please try to not load it.
console.warn: services.settings: Ignoring preference override of remote settings server
console.warn: services.settings: Allow by setting MOZ_REMOTE_SETTINGS_DEVTOOLS=1 in the environment
Fontconfig warning: "/etc/fonts/conf.avail/53-monospace-lcd-filter.conf", line 10: Having multiple values in <test> isn't supported and may not work as expected
1702061330917	Marionette	INFO	Marionette enabled
1702061331003	Marionette	INFO	Listening on port 35399
Read port: 35399
1702061331671	RemoteAgent	WARN	TLS certificate errors will be ignored for this session
Fontconfig warning: "/etc/fonts/conf.avail/53-monospace-lcd-filter.conf", line 10: Having multiple values in <test> isn't supported and may not work as expected
Fontconfig warning: "/etc/fonts/conf.avail/53-monospace-lcd-filter.conf", line 10: Having multiple values in <test> isn't supported and may not work as expected
[GFX1-]: RenderCompositorSWGL failed mapping default framebuffer, no dt
console.error: ({})
[Parent 9633, Main Thread] WARNING: Failed to call GetIdletime(): GDBus.Error:org.freedesktop.DBus.Error.AccessDenied: An AppArmor policy prevents this sender from sending this message to this recipient; type="method_call", sender=":1.1972" (uid=1001 pid=9633 comm="/snap/firefox/3416/usr/lib/firefox/firefox --mario" label="snap.firefox.geckodriver (enforce)") interface="org.gnome.Mutter.IdleMonitor" member="GetIdletime" error name="(unset)" requested_reply="0" destination=":1.25" (uid=1001 pid=4467 comm="/usr/bin/gnome-shell " label="unconfined")
: 'glib warning', file /build/firefox/parts/firefox/build/toolkit/xre/nsSigHandlers.cpp:187

** (firefox:9633): WARNING **: 13:48:53.020: Failed to call GetIdletime(): GDBus.Error:org.freedesktop.DBus.Error.AccessDenied: An AppArmor policy prevents this sender from sending this message to this recipient; type="method_call", sender=":1.1972" (uid=1001 pid=9633 comm="/snap/firefox/3416/usr/lib/firefox/firefox --mario" label="snap.firefox.geckodriver (enforce)") interface="org.gnome.Mutter.IdleMonitor" member="GetIdletime" error name="(unset)" requested_reply="0" destination=":1.25" (uid=1001 pid=4467 comm="/usr/bin/gnome-shell " label="unconfined")

Fontconfig warning: "/etc/fonts/conf.avail/53-monospace-lcd-filter.conf", line 10: Having multiple values in <test> isn't supported and may not work as expected
Fontconfig warning: "/etc/fonts/conf.avail/53-monospace-lcd-filter.conf", line 10: Having multiple values in <test> isn't supported and may not work as expected
Fontconfig warning: "/etc/fonts/conf.avail/53-monospace-lcd-filter.conf", line 10: Having multiple values in <test> isn't supported and may not work as expected
console.error: (new TypeError("this._searchProviderInfo is null", "resource:///modules/SearchSERPTelemetry.sys.mjs", 692))
Fontconfig warning: "/etc/fonts/conf.avail/53-monospace-lcd-filter.conf", line 10: Having multiple values in <test> isn't supported and may not work as expected
JavaScript warning: , line 0: WebGL warning: texSubImage: Texture has not been initialized prior to a partial upload, forcing the browser to clear it. This may be slow.
JavaScript warning: , line 0: WebGL warning: texSubImage: Tex image TEXTURE_2D level 0 is incurring lazy initialization.
1702061351724	Marionette	INFO	Stopped listening on port 35399
JavaScript warning: https://www.windy.com/v/40.1.0.ind.e26e/plugins/radar.js, line 1: Script terminated by timeout at:
value@https://www.windy.com/v/40.1.0.ind.e26e/plugins/radar.js:1:28078

1702061402538	geckodriver	INFO	Listening on 127.0.0.1:44313
1702061403449	mozrunner::runner	INFO	Running command: MOZ_CRASHREPORTER="1" MOZ_CRASHREPORTER_NO_REPORT="1" MOZ_CRASHREPORTER_SHUTDOWN="1" MOZ_NO_REMOTE="1" "/snap/firefox/current/firefox.launcher" "--marionette" "--headless" "-no-remote" "-profile" "/tmp/rust_mozprofileePwNgu"
*** You are running in headless mode.
Gtk-Message: 13:50:03.474: Not loading module "atk-bridge": The functionality is provided by GTK natively. Please try to not load it.
console.warn: services.settings: Ignoring preference override of remote settings server
console.warn: services.settings: Allow by setting MOZ_REMOTE_SETTINGS_DEVTOOLS=1 in the environment
Fontconfig warning: "/etc/fonts/conf.avail/53-monospace-lcd-filter.conf", line 10: Having multiple values in <test> isn't supported and may not work as expected
1702061403985	Marionette	INFO	Marionette enabled
1702061404076	Marionette	INFO	Listening on port 41615
Read port: 41615
1702061404345	RemoteAgent	WARN	TLS certificate errors will be ignored for this session
Fontconfig warning: "/etc/fonts/conf.avail/53-monospace-lcd-filter.conf", line 10: Having multiple values in <test> isn't supported and may not work as expected
Fontconfig warning: "/etc/fonts/conf.avail/53-monospace-lcd-filter.conf", line 10: Having multiple values in <test> isn't supported and may not work as expected
[GFX1-]: RenderCompositorSWGL failed mapping default framebuffer, no dt
console.error: ({})
[Parent 10287, Main Thread] WARNING: Failed to call GetIdletime(): GDBus.Error:org.freedesktop.DBus.Error.AccessDenied: An AppArmor policy prevents this sender from sending this message to this recipient; type="method_call", sender=":1.1975" (uid=1001 pid=10287 comm="/snap/firefox/3416/usr/lib/firefox/firefox --mario" label="snap.firefox.geckodriver (enforce)") interface="org.gnome.Mutter.IdleMonitor" member="GetIdletime" error name="(unset)" requested_reply="0" destination=":1.25" (uid=1001 pid=4467 comm="/usr/bin/gnome-shell " label="unconfined")
: 'glib warning', file /build/firefox/parts/firefox/build/toolkit/xre/nsSigHandlers.cpp:187

** (firefox:10287): WARNING **: 13:50:05.531: Failed to call GetIdletime(): GDBus.Error:org.freedesktop.DBus.Error.AccessDenied: An AppArmor policy prevents this sender from sending this message to this recipient; type="method_call", sender=":1.1975" (uid=1001 pid=10287 comm="/snap/firefox/3416/usr/lib/firefox/firefox --mario" label="snap.firefox.geckodriver (enforce)") interface="org.gnome.Mutter.IdleMonitor" member="GetIdletime" error name="(unset)" requested_reply="0" destination=":1.25" (uid=1001 pid=4467 comm="/usr/bin/gnome-shell " label="unconfined")

Fontconfig warning: "/etc/fonts/conf.avail/53-monospace-lcd-filter.conf", line 10: Having multiple values in <test> isn't supported and may not work as expected
Fontconfig warning: "/etc/fonts/conf.avail/53-monospace-lcd-filter.conf", line 10: Having multiple values in <test> isn't supported and may not work as expected
Fontconfig warning: "/etc/fonts/conf.avail/53-monospace-lcd-filter.conf", line 10: Having multiple values in <test> isn't supported and may not work as expected
Fontconfig warning: "/etc/fonts/conf.avail/53-monospace-lcd-filter.conf", line 10: Having multiple values in <test> isn't supported and may not work as expected
JavaScript warning: , line 0: WebGL warning: texSubImage: Texture has not been initialized prior to a partial upload, forcing the browser to clear it. This may be slow.
JavaScript warning: , line 0: WebGL warning: texSubImage: Tex image TEXTURE_2D level 0 is incurring lazy initialization.
1702061424523	Marionette	INFO	Stopped listening on port 41615
JavaScript warning: https://www.windy.com/v/40.1.0.ind.e26e/plugins/gl-particles.js, line 1: Script terminated by timeout at:
D@https://www.windy.com/v/40.1.0.ind.e26e/plugins/gl-particles.js:1:2025

1702061426108	geckodriver	INFO	Listening on 127.0.0.1:60971
1702061426987	mozrunner::runner	INFO	Running command: MOZ_CRASHREPORTER="1" MOZ_CRASHREPORTER_NO_REPORT="1" MOZ_CRASHREPORTER_SHUTDOWN="1" MOZ_NO_REMOTE="1" "/snap/firefox/current/firefox.launcher" "--marionette" "--headless" "-no-remote" "-profile" "/tmp/rust_mozprofileZHzeVC"
*** You are running in headless mode.
Gtk-Message: 13:50:27.042: Not loading module "atk-bridge": The functionality is provided by GTK natively. Please try to not load it.
console.warn: services.settings: Ignoring preference override of remote settings server
console.warn: services.settings: Allow by setting MOZ_REMOTE_SETTINGS_DEVTOOLS=1 in the environment
Fontconfig warning: "/etc/fonts/conf.avail/53-monospace-lcd-filter.conf", line 10: Having multiple values in <test> isn't supported and may not work as expected
1702061427493	Marionette	INFO	Marionette enabled
1702061427570	Marionette	INFO	Listening on port 38929
Read port: 38929
1702061427914	RemoteAgent	WARN	TLS certificate errors will be ignored for this session
Fontconfig warning: "/etc/fonts/conf.avail/53-monospace-lcd-filter.conf", line 10: Having multiple values in <test> isn't supported and may not work as expected
Fontconfig warning: "/etc/fonts/conf.avail/53-monospace-lcd-filter.conf", line 10: Having multiple values in <test> isn't supported and may not work as expected
[GFX1-]: RenderCompositorSWGL failed mapping default framebuffer, no dt
console.error: ({})
[Parent 10717, Main Thread] WARNING: Failed to call GetIdletime(): GDBus.Error:org.freedesktop.DBus.Error.AccessDenied: An AppArmor policy prevents this sender from sending this message to this recipient; type="method_call", sender=":1.1977" (uid=1001 pid=10717 comm="/snap/firefox/3416/usr/lib/firefox/firefox --mario" label="snap.firefox.geckodriver (enforce)") interface="org.gnome.Mutter.IdleMonitor" member="GetIdletime" error name="(unset)" requested_reply="0" destination=":1.25" (uid=1001 pid=4467 comm="/usr/bin/gnome-shell " label="unconfined")
: 'glib warning', file /build/firefox/parts/firefox/build/toolkit/xre/nsSigHandlers.cpp:187

** (firefox:10717): WARNING **: 13:50:29.150: Failed to call GetIdletime(): GDBus.Error:org.freedesktop.DBus.Error.AccessDenied: An AppArmor policy prevents this sender from sending this message to this recipient; type="method_call", sender=":1.1977" (uid=1001 pid=10717 comm="/snap/firefox/3416/usr/lib/firefox/firefox --mario" label="snap.firefox.geckodriver (enforce)") interface="org.gnome.Mutter.IdleMonitor" member="GetIdletime" error name="(unset)" requested_reply="0" destination=":1.25" (uid=1001 pid=4467 comm="/usr/bin/gnome-shell " label="unconfined")

Fontconfig warning: "/etc/fonts/conf.avail/53-monospace-lcd-filter.conf", line 10: Having multiple values in <test> isn't supported and may not work as expected
Fontconfig warning: "/etc/fonts/conf.avail/53-monospace-lcd-filter.conf", line 10: Having multiple values in <test> isn't supported and may not work as expected
Fontconfig warning: "/etc/fonts/conf.avail/53-monospace-lcd-filter.conf", line 10: Having multiple values in <test> isn't supported and may not work as expected
console.error: (new TypeError("this._searchProviderInfo is null", "resource:///modules/SearchSERPTelemetry.sys.mjs", 692))
Fontconfig warning: "/etc/fonts/conf.avail/53-monospace-lcd-filter.conf", line 10: Having multiple values in <test> isn't supported and may not work as expected
JavaScript warning: , line 0: WebGL warning: texSubImage: Texture has not been initialized prior to a partial upload, forcing the browser to clear it. This may be slow.
JavaScript warning: , line 0: WebGL warning: texSubImage: Tex image TEXTURE_2D level 0 is incurring lazy initialization.
1702061448791	Marionette	INFO	Stopped listening on port 38929
JavaScript warning: https://www.windy.com/v/40.1.0.ind.e26e/plugins/radar.js, line 1: Script terminated by timeout at:
value@https://www.windy.com/v/40.1.0.ind.e26e/plugins/radar.js:1:28078

1702061769514	geckodriver	INFO	Listening on 127.0.0.1:34651
1702061770320	mozrunner::runner	INFO	Running command: MOZ_CRASHREPORTER="1" MOZ_CRASHREPORTER_NO_REPORT="1" MOZ_CRASHREPORTER_SHUTDOWN="1" MOZ_NO_REMOTE="1" "/snap/firefox/current/firefox.launcher" "--marionette" "--headless" "-no-remote" "-profile" "/tmp/rust_mozprofilepGoHkl"
*** You are running in headless mode.
Gtk-Message: 13:56:10.389: Not loading module "atk-bridge": The functionality is provided by GTK natively. Please try to not load it.
console.warn: services.settings: Ignoring preference override of remote settings server
console.warn: services.settings: Allow by setting MOZ_REMOTE_SETTINGS_DEVTOOLS=1 in the environment
Fontconfig warning: "/etc/fonts/conf.avail/53-monospace-lcd-filter.conf", line 10: Having multiple values in <test> isn't supported and may not work as expected
1702061770807	Marionette	INFO	Marionette enabled
1702061770890	Marionette	INFO	Listening on port 40173
Read port: 40173
1702061771263	RemoteAgent	WARN	TLS certificate errors will be ignored for this session
Fontconfig warning: "/etc/fonts/conf.avail/53-monospace-lcd-filter.conf", line 10: Having multiple values in <test> isn't supported and may not work as expected
Fontconfig warning: "/etc/fonts/conf.avail/53-monospace-lcd-filter.conf", line 10: Having multiple values in <test> isn't supported and may not work as expected
[GFX1-]: RenderCompositorSWGL failed mapping default framebuffer, no dt
console.error: ({})
[Parent 11892, Main Thread] WARNING: Failed to call GetIdletime(): GDBus.Error:org.freedesktop.DBus.Error.AccessDenied: An AppArmor policy prevents this sender from sending this message to this recipient; type="method_call", sender=":1.1982" (uid=1001 pid=11892 comm="/snap/firefox/3416/usr/lib/firefox/firefox --mario" label="snap.firefox.geckodriver (enforce)") interface="org.gnome.Mutter.IdleMonitor" member="GetIdletime" error name="(unset)" requested_reply="0" destination=":1.25" (uid=1001 pid=4467 comm="/usr/bin/gnome-shell " label="unconfined")
: 'glib warning', file /build/firefox/parts/firefox/build/toolkit/xre/nsSigHandlers.cpp:187

** (firefox:11892): WARNING **: 13:56:12.346: Failed to call GetIdletime(): GDBus.Error:org.freedesktop.DBus.Error.AccessDenied: An AppArmor policy prevents this sender from sending this message to this recipient; type="method_call", sender=":1.1982" (uid=1001 pid=11892 comm="/snap/firefox/3416/usr/lib/firefox/firefox --mario" label="snap.firefox.geckodriver (enforce)") interface="org.gnome.Mutter.IdleMonitor" member="GetIdletime" error name="(unset)" requested_reply="0" destination=":1.25" (uid=1001 pid=4467 comm="/usr/bin/gnome-shell " label="unconfined")

Fontconfig warning: "/etc/fonts/conf.avail/53-monospace-lcd-filter.conf", line 10: Having multiple values in <test> isn't supported and may not work as expected
Fontconfig warning: "/etc/fonts/conf.avail/53-monospace-lcd-filter.conf", line 10: Having multiple values in <test> isn't supported and may not work as expected
Fontconfig warning: "/etc/fonts/conf.avail/53-monospace-lcd-filter.conf", line 10: Having multiple values in <test> isn't supported and may not work as expected
console.error: (new TypeError("this._searchProviderInfo is null", "resource:///modules/SearchSERPTelemetry.sys.mjs", 692))
Fontconfig warning: "/etc/fonts/conf.avail/53-monospace-lcd-filter.conf", line 10: Having multiple values in <test> isn't supported and may not work as expected
JavaScript warning: , line 0: WebGL warning: texSubImage: Texture has not been initialized prior to a partial upload, forcing the browser to clear it. This may be slow.
JavaScript warning: , line 0: WebGL warning: texSubImage: Tex image TEXTURE_2D level 0 is incurring lazy initialization.
1702061791439	Marionette	INFO	Stopped listening on port 40173
JavaScript warning: https://www.windy.com/v/40.1.0.ind.e26e/plugins/gl-particles.js, line 1: Script terminated by timeout at:
D@https://www.windy.com/v/40.1.0.ind.e26e/plugins/gl-particles.js:1:2025

1702061793218	geckodriver	INFO	Listening on 127.0.0.1:49121
1702061794187	mozrunner::runner	INFO	Running command: MOZ_CRASHREPORTER="1" MOZ_CRASHREPORTER_NO_REPORT="1" MOZ_CRASHREPORTER_SHUTDOWN="1" MOZ_NO_REMOTE="1" "/snap/firefox/current/firefox.launcher" "--marionette" "--headless" "-no-remote" "-profile" "/tmp/rust_mozprofileMv5wqP"
*** You are running in headless mode.
Gtk-Message: 13:56:34.239: Not loading module "atk-bridge": The functionality is provided by GTK natively. Please try to not load it.
console.warn: services.settings: Ignoring preference override of remote settings server
console.warn: services.settings: Allow by setting MOZ_REMOTE_SETTINGS_DEVTOOLS=1 in the environment
Fontconfig warning: "/etc/fonts/conf.avail/53-monospace-lcd-filter.conf", line 10: Having multiple values in <test> isn't supported and may not work as expected
1702061794758	Marionette	INFO	Marionette enabled
1702061794838	Marionette	INFO	Listening on port 39351
Read port: 39351
1702061795374	RemoteAgent	WARN	TLS certificate errors will be ignored for this session
Fontconfig warning: "/etc/fonts/conf.avail/53-monospace-lcd-filter.conf", line 10: Having multiple values in <test> isn't supported and may not work as expected
Fontconfig warning: "/etc/fonts/conf.avail/53-monospace-lcd-filter.conf", line 10: Having multiple values in <test> isn't supported and may not work as expected
[GFX1-]: RenderCompositorSWGL failed mapping default framebuffer, no dt
console.error: ({})
[Parent 12313, Main Thread] WARNING: Failed to call GetIdletime(): GDBus.Error:org.freedesktop.DBus.Error.AccessDenied: An AppArmor policy prevents this sender from sending this message to this recipient; type="method_call", sender=":1.1984" (uid=1001 pid=12313 comm="/snap/firefox/3416/usr/lib/firefox/firefox --mario" label="snap.firefox.geckodriver (enforce)") interface="org.gnome.Mutter.IdleMonitor" member="GetIdletime" error name="(unset)" requested_reply="0" destination=":1.25" (uid=1001 pid=4467 comm="/usr/bin/gnome-shell " label="unconfined")
: 'glib warning', file /build/firefox/parts/firefox/build/toolkit/xre/nsSigHandlers.cpp:187

** (firefox:12313): WARNING **: 13:56:36.657: Failed to call GetIdletime(): GDBus.Error:org.freedesktop.DBus.Error.AccessDenied: An AppArmor policy prevents this sender from sending this message to this recipient; type="method_call", sender=":1.1984" (uid=1001 pid=12313 comm="/snap/firefox/3416/usr/lib/firefox/firefox --mario" label="snap.firefox.geckodriver (enforce)") interface="org.gnome.Mutter.IdleMonitor" member="GetIdletime" error name="(unset)" requested_reply="0" destination=":1.25" (uid=1001 pid=4467 comm="/usr/bin/gnome-shell " label="unconfined")

Fontconfig warning: "/etc/fonts/conf.avail/53-monospace-lcd-filter.conf", line 10: Having multiple values in <test> isn't supported and may not work as expected
Fontconfig warning: "/etc/fonts/conf.avail/53-monospace-lcd-filter.conf", line 10: Having multiple values in <test> isn't supported and may not work as expected
Fontconfig warning: "/etc/fonts/conf.avail/53-monospace-lcd-filter.conf", line 10: Having multiple values in <test> isn't supported and may not work as expected
console.error: (new TypeError("this._searchProviderInfo is null", "resource:///modules/SearchSERPTelemetry.sys.mjs", 692))
console.error: (new TypeError("linkMap is undefined", "resource://gre/modules/NewTabUtils.sys.mjs", 2001))
Fontconfig warning: "/etc/fonts/conf.avail/53-monospace-lcd-filter.conf", line 10: Having multiple values in <test> isn't supported and may not work as expected
JavaScript warning: , line 0: WebGL warning: texSubImage: Texture has not been initialized prior to a partial upload, forcing the browser to clear it. This may be slow.
JavaScript warning: , line 0: WebGL warning: texSubImage: Tex image TEXTURE_2D level 0 is incurring lazy initialization.
1702061815765	Marionette	INFO	Stopped listening on port 39351
JavaScript warning: https://www.windy.com/v/40.1.0.ind.e26e/plugins/radar.js, line 1: Script terminated by timeout at:
value@https://www.windy.com/v/40.1.0.ind.e26e/plugins/radar.js:1:28078

1702061920228	geckodriver	INFO	Listening on 127.0.0.1:54651
1702061921196	mozrunner::runner	INFO	Running command: MOZ_CRASHREPORTER="1" MOZ_CRASHREPORTER_NO_REPORT="1" MOZ_CRASHREPORTER_SHUTDOWN="1" MOZ_NO_REMOTE="1" "/snap/firefox/current/firefox.launcher" "--marionette" "--headless" "-no-remote" "-profile" "/tmp/rust_mozprofileY0AjeZ"
*** You are running in headless mode.
Gtk-Message: 13:58:41.229: Not loading module "atk-bridge": The functionality is provided by GTK natively. Please try to not load it.
console.warn: services.settings: Ignoring preference override of remote settings server
console.warn: services.settings: Allow by setting MOZ_REMOTE_SETTINGS_DEVTOOLS=1 in the environment
Fontconfig warning: "/etc/fonts/conf.avail/53-monospace-lcd-filter.conf", line 10: Having multiple values in <test> isn't supported and may not work as expected
1702061921595	Marionette	INFO	Marionette enabled
1702061921676	Marionette	INFO	Listening on port 38871
Read port: 38871
1702061922297	RemoteAgent	WARN	TLS certificate errors will be ignored for this session
Fontconfig warning: "/etc/fonts/conf.avail/53-monospace-lcd-filter.conf", line 10: Having multiple values in <test> isn't supported and may not work as expected
Fontconfig warning: "/etc/fonts/conf.avail/53-monospace-lcd-filter.conf", line 10: Having multiple values in <test> isn't supported and may not work as expected
[GFX1-]: RenderCompositorSWGL failed mapping default framebuffer, no dt
console.error: ({})
[Parent 12975, Main Thread] WARNING: Failed to call GetIdletime(): GDBus.Error:org.freedesktop.DBus.Error.AccessDenied: An AppArmor policy prevents this sender from sending this message to this recipient; type="method_call", sender=":1.1987" (uid=1001 pid=12975 comm="/snap/firefox/3416/usr/lib/firefox/firefox --mario" label="snap.firefox.geckodriver (enforce)") interface="org.gnome.Mutter.IdleMonitor" member="GetIdletime" error name="(unset)" requested_reply="0" destination=":1.25" (uid=1001 pid=4467 comm="/usr/bin/gnome-shell " label="unconfined")
: 'glib warning', file /build/firefox/parts/firefox/build/toolkit/xre/nsSigHandlers.cpp:187

** (firefox:12975): WARNING **: 13:58:43.473: Failed to call GetIdletime(): GDBus.Error:org.freedesktop.DBus.Error.AccessDenied: An AppArmor policy prevents this sender from sending this message to this recipient; type="method_call", sender=":1.1987" (uid=1001 pid=12975 comm="/snap/firefox/3416/usr/lib/firefox/firefox --mario" label="snap.firefox.geckodriver (enforce)") interface="org.gnome.Mutter.IdleMonitor" member="GetIdletime" error name="(unset)" requested_reply="0" destination=":1.25" (uid=1001 pid=4467 comm="/usr/bin/gnome-shell " label="unconfined")

Fontconfig warning: "/etc/fonts/conf.avail/53-monospace-lcd-filter.conf", line 10: Having multiple values in <test> isn't supported and may not work as expected
Fontconfig warning: "/etc/fonts/conf.avail/53-monospace-lcd-filter.conf", line 10: Having multiple values in <test> isn't supported and may not work as expected
Fontconfig warning: "/etc/fonts/conf.avail/53-monospace-lcd-filter.conf", line 10: Having multiple values in <test> isn't supported and may not work as expected
console.error: (new TypeError("this._searchProviderInfo is null", "resource:///modules/SearchSERPTelemetry.sys.mjs", 692))
Fontconfig warning: "/etc/fonts/conf.avail/53-monospace-lcd-filter.conf", line 10: Having multiple values in <test> isn't supported and may not work as expected
JavaScript warning: , line 0: WebGL warning: texSubImage: Texture has not been initialized prior to a partial upload, forcing the browser to clear it. This may be slow.
JavaScript warning: , line 0: WebGL warning: texSubImage: Tex image TEXTURE_2D level 0 is incurring lazy initialization.
1702061943293	Marionette	INFO	Stopped listening on port 38871
JavaScript warning: https://www.windy.com/v/40.1.0.ind.e26e/plugins/gl-particles.js, line 1: Script terminated by timeout at:
D@https://www.windy.com/v/40.1.0.ind.e26e/plugins/gl-particles.js:1:2025

1702061944960	geckodriver	INFO	Listening on 127.0.0.1:58905
1702061945848	mozrunner::runner	INFO	Running command: MOZ_CRASHREPORTER="1" MOZ_CRASHREPORTER_NO_REPORT="1" MOZ_CRASHREPORTER_SHUTDOWN="1" MOZ_NO_REMOTE="1" "/snap/firefox/current/firefox.launcher" "--marionette" "--headless" "-no-remote" "-profile" "/tmp/rust_mozprofile3Hewh8"
*** You are running in headless mode.
Gtk-Message: 13:59:05.928: Not loading module "atk-bridge": The functionality is provided by GTK natively. Please try to not load it.
console.warn: services.settings: Ignoring preference override of remote settings server
console.warn: services.settings: Allow by setting MOZ_REMOTE_SETTINGS_DEVTOOLS=1 in the environment
Fontconfig warning: "/etc/fonts/conf.avail/53-monospace-lcd-filter.conf", line 10: Having multiple values in <test> isn't supported and may not work as expected
1702061946341	Marionette	INFO	Marionette enabled
1702061946427	Marionette	INFO	Listening on port 38631
Read port: 38631
1702061946924	RemoteAgent	WARN	TLS certificate errors will be ignored for this session
Fontconfig warning: "/etc/fonts/conf.avail/53-monospace-lcd-filter.conf", line 10: Having multiple values in <test> isn't supported and may not work as expected
Fontconfig warning: "/etc/fonts/conf.avail/53-monospace-lcd-filter.conf", line 10: Having multiple values in <test> isn't supported and may not work as expected
[GFX1-]: RenderCompositorSWGL failed mapping default framebuffer, no dt
console.error: ({})
[Parent 13432, Main Thread] WARNING: Failed to call GetIdletime(): GDBus.Error:org.freedesktop.DBus.Error.AccessDenied: An AppArmor policy prevents this sender from sending this message to this recipient; type="method_call", sender=":1.1989" (uid=1001 pid=13432 comm="/snap/firefox/3416/usr/lib/firefox/firefox --mario" label="snap.firefox.geckodriver (enforce)") interface="org.gnome.Mutter.IdleMonitor" member="GetIdletime" error name="(unset)" requested_reply="0" destination=":1.25" (uid=1001 pid=4467 comm="/usr/bin/gnome-shell " label="unconfined")
: 'glib warning', file /build/firefox/parts/firefox/build/toolkit/xre/nsSigHandlers.cpp:187

** (firefox:13432): WARNING **: 13:59:08.191: Failed to call GetIdletime(): GDBus.Error:org.freedesktop.DBus.Error.AccessDenied: An AppArmor policy prevents this sender from sending this message to this recipient; type="method_call", sender=":1.1989" (uid=1001 pid=13432 comm="/snap/firefox/3416/usr/lib/firefox/firefox --mario" label="snap.firefox.geckodriver (enforce)") interface="org.gnome.Mutter.IdleMonitor" member="GetIdletime" error name="(unset)" requested_reply="0" destination=":1.25" (uid=1001 pid=4467 comm="/usr/bin/gnome-shell " label="unconfined")

Fontconfig warning: "/etc/fonts/conf.avail/53-monospace-lcd-filter.conf", line 10: Having multiple values in <test> isn't supported and may not work as expected
Fontconfig warning: "/etc/fonts/conf.avail/53-monospace-lcd-filter.conf", line 10: Having multiple values in <test> isn't supported and may not work as expected
Fontconfig warning: "/etc/fonts/conf.avail/53-monospace-lcd-filter.conf", line 10: Having multiple values in <test> isn't supported and may not work as expected
console.error: (new TypeError("this._searchProviderInfo is null", "resource:///modules/SearchSERPTelemetry.sys.mjs", 692))
Fontconfig warning: "/etc/fonts/conf.avail/53-monospace-lcd-filter.conf", line 10: Having multiple values in <test> isn't supported and may not work as expected
JavaScript warning: , line 0: WebGL warning: texSubImage: Texture has not been initialized prior to a partial upload, forcing the browser to clear it. This may be slow.
JavaScript warning: , line 0: WebGL warning: texSubImage: Tex image TEXTURE_2D level 0 is incurring lazy initialization.
1702061966853	Marionette	INFO	Stopped listening on port 38631
JavaScript warning: https://www.windy.com/v/40.1.0.ind.e26e/plugins/radar.js, line 1: Script terminated by timeout at:
value@https://www.windy.com/v/40.1.0.ind.e26e/plugins/radar.js:1:28078

1702063478280	geckodriver	INFO	Listening on 127.0.0.1:53837
1702063478906	mozrunner::runner	INFO	Running command: MOZ_CRASHREPORTER="1" MOZ_CRASHREPORTER_NO_REPORT="1" MOZ_CRASHREPORTER_SHUTDOWN="1" MOZ_NO_REMOTE="1" "/snap/firefox/current/firefox.launcher" "--marionette" "--headless" "-no-remote" "-profile" "/tmp/rust_mozprofileIgi4Pp"
*** You are running in headless mode.
console.warn: services.settings: Ignoring preference override of remote settings server
console.warn: services.settings: Allow by setting MOZ_REMOTE_SETTINGS_DEVTOOLS=1 in the environment
[GFX1-]: glxtest: Unable to open a connection to the X server
Fontconfig warning: "/etc/fonts/conf.avail/53-monospace-lcd-filter.conf", line 10: Having multiple values in <test> isn't supported and may not work as expected
1702063479277	Marionette	INFO	Marionette enabled
1702063479360	Marionette	INFO	Listening on port 40807
Read port: 40807
1702063480061	RemoteAgent	WARN	TLS certificate errors will be ignored for this session
Fontconfig warning: "/etc/fonts/conf.avail/53-monospace-lcd-filter.conf", line 10: Having multiple values in <test> isn't supported and may not work as expected
Fontconfig warning: "/etc/fonts/conf.avail/53-monospace-lcd-filter.conf", line 10: Having multiple values in <test> isn't supported and may not work as expected
[GFX1-]: RenderCompositorSWGL failed mapping default framebuffer, no dt
console.error: ({})
[Parent 17021, Main Thread] WARNING: Failed to call GetIdletime(): GDBus.Error:org.freedesktop.DBus.Error.AccessDenied: An AppArmor policy prevents this sender from sending this message to this recipient; type="method_call", sender=":1.1996" (uid=1001 pid=17021 comm="/snap/firefox/3416/usr/lib/firefox/firefox --mario" label="snap.firefox.geckodriver (enforce)") interface="org.gnome.Mutter.IdleMonitor" member="GetIdletime" error name="(unset)" requested_reply="0" destination=":1.25" (uid=1001 pid=4467 comm="/usr/bin/gnome-shell " label="unconfined")
: 'glib warning', file /build/firefox/parts/firefox/build/toolkit/xre/nsSigHandlers.cpp:187

** (firefox:17021): WARNING **: 14:24:41.075: Failed to call GetIdletime(): GDBus.Error:org.freedesktop.DBus.Error.AccessDenied: An AppArmor policy prevents this sender from sending this message to this recipient; type="method_call", sender=":1.1996" (uid=1001 pid=17021 comm="/snap/firefox/3416/usr/lib/firefox/firefox --mario" label="snap.firefox.geckodriver (enforce)") interface="org.gnome.Mutter.IdleMonitor" member="GetIdletime" error name="(unset)" requested_reply="0" destination=":1.25" (uid=1001 pid=4467 comm="/usr/bin/gnome-shell " label="unconfined")

Fontconfig warning: "/etc/fonts/conf.avail/53-monospace-lcd-filter.conf", line 10: Having multiple values in <test> isn't supported and may not work as expected
Fontconfig warning: "/etc/fonts/conf.avail/53-monospace-lcd-filter.conf", line 10: Having multiple values in <test> isn't supported and may not work as expected
Fontconfig warning: "/etc/fonts/conf.avail/53-monospace-lcd-filter.conf", line 10: Having multiple values in <test> isn't supported and may not work as expected
JavaScript warning: https://www.windy.com/v/40.1.0.ind.e26e/index.js, line 1: WebGL warning: <Create>: WebglAllowWindowsNativeGl:false restricts context creation on this system.
JavaScript warning: https://www.windy.com/v/40.1.0.ind.e26e/index.js, line 1: Failed to create WebGL context: WebGL creation failed: 
* WebglAllowWindowsNativeGl:false restricts context creation on this system. ()
* Exhausted GL driver options. (FEATURE_FAILURE_WEBGL_EXHAUSTED_DRIVERS)
JavaScript warning: https://www.windy.com/v/40.1.0.ind.e26e/index.js, line 1: WebGL warning: <Create>: WebglAllowWindowsNativeGl:false restricts context creation on this system.
JavaScript warning: https://www.windy.com/v/40.1.0.ind.e26e/index.js, line 1: Failed to create WebGL context: WebGL creation failed: 
* WebglAllowWindowsNativeGl:false restricts context creation on this system. ()
* Exhausted GL driver options. (FEATURE_FAILURE_WEBGL_EXHAUSTED_DRIVERS)
JavaScript warning: https://www.windy.com/v/40.1.0.ind.e26e/index.js, line 1: WebGL warning: <Create>: WebglAllowWindowsNativeGl:false restricts context creation on this system.
JavaScript warning: https://www.windy.com/v/40.1.0.ind.e26e/index.js, line 1: Failed to create WebGL context: WebGL creation failed: 
* WebglAllowWindowsNativeGl:false restricts context creation on this system. ()
* Exhausted GL driver options. (FEATURE_FAILURE_WEBGL_EXHAUSTED_DRIVERS)
JavaScript warning: https://www.windy.com/v/40.1.0.ind.e26e/index.js, line 1: WebGL warning: <Create>: WebglAllowWindowsNativeGl:false restricts context creation on this system.
JavaScript warning: https://www.windy.com/v/40.1.0.ind.e26e/index.js, line 1: Failed to create WebGL context: WebGL creation failed: 
* WebglAllowWindowsNativeGl:false restricts context creation on this system. ()
* Exhausted GL driver options. (FEATURE_FAILURE_WEBGL_EXHAUSTED_DRIVERS)
Fontconfig warning: "/etc/fonts/conf.avail/53-monospace-lcd-filter.conf", line 10: Having multiple values in <test> isn't supported and may not work as expected
1702063499575	Marionette	INFO	Stopped listening on port 40807
JavaScript warning: https://www.windy.com/v/40.1.0.ind.e26e/plugins/particles.js, line 1: Script terminated by timeout at:
t@https://www.windy.com/v/40.1.0.ind.e26e/plugins/particles.js:1:2609

1702063501366	geckodriver	INFO	Listening on 127.0.0.1:37015
1702063502094	mozrunner::runner	INFO	Running command: MOZ_CRASHREPORTER="1" MOZ_CRASHREPORTER_NO_REPORT="1" MOZ_CRASHREPORTER_SHUTDOWN="1" MOZ_NO_REMOTE="1" "/snap/firefox/current/firefox.launcher" "--marionette" "--headless" "-no-remote" "-profile" "/tmp/rust_mozprofileei8SMb"
*** You are running in headless mode.
console.warn: services.settings: Ignoring preference override of remote settings server
console.warn: services.settings: Allow by setting MOZ_REMOTE_SETTINGS_DEVTOOLS=1 in the environment
[GFX1-]: glxtest: Unable to open a connection to the X server
Fontconfig warning: "/etc/fonts/conf.avail/53-monospace-lcd-filter.conf", line 10: Having multiple values in <test> isn't supported and may not work as expected
1702063502490	Marionette	INFO	Marionette enabled
1702063502578	Marionette	INFO	Listening on port 42783
Read port: 42783
1702063502995	RemoteAgent	WARN	TLS certificate errors will be ignored for this session
Fontconfig warning: "/etc/fonts/conf.avail/53-monospace-lcd-filter.conf", line 10: Having multiple values in <test> isn't supported and may not work as expected
Fontconfig warning: "/etc/fonts/conf.avail/53-monospace-lcd-filter.conf", line 10: Having multiple values in <test> isn't supported and may not work as expected
[GFX1-]: RenderCompositorSWGL failed mapping default framebuffer, no dt
console.error: ({})
[Parent 17480, Main Thread] WARNING: Failed to call GetIdletime(): GDBus.Error:org.freedesktop.DBus.Error.AccessDenied: An AppArmor policy prevents this sender from sending this message to this recipient; type="method_call", sender=":1.1998" (uid=1001 pid=17480 comm="/snap/firefox/3416/usr/lib/firefox/firefox --mario" label="snap.firefox.geckodriver (enforce)") interface="org.gnome.Mutter.IdleMonitor" member="GetIdletime" error name="(unset)" requested_reply="0" destination=":1.25" (uid=1001 pid=4467 comm="/usr/bin/gnome-shell " label="unconfined")
: 'glib warning', file /build/firefox/parts/firefox/build/toolkit/xre/nsSigHandlers.cpp:187

** (firefox:17480): WARNING **: 14:25:04.493: Failed to call GetIdletime(): GDBus.Error:org.freedesktop.DBus.Error.AccessDenied: An AppArmor policy prevents this sender from sending this message to this recipient; type="method_call", sender=":1.1998" (uid=1001 pid=17480 comm="/snap/firefox/3416/usr/lib/firefox/firefox --mario" label="snap.firefox.geckodriver (enforce)") interface="org.gnome.Mutter.IdleMonitor" member="GetIdletime" error name="(unset)" requested_reply="0" destination=":1.25" (uid=1001 pid=4467 comm="/usr/bin/gnome-shell " label="unconfined")

Fontconfig warning: "/etc/fonts/conf.avail/53-monospace-lcd-filter.conf", line 10: Having multiple values in <test> isn't supported and may not work as expected
Fontconfig warning: "/etc/fonts/conf.avail/53-monospace-lcd-filter.conf", line 10: Having multiple values in <test> isn't supported and may not work as expected
Fontconfig warning: "/etc/fonts/conf.avail/53-monospace-lcd-filter.conf", line 10: Having multiple values in <test> isn't supported and may not work as expected
JavaScript warning: https://www.windy.com/v/40.1.0.ind.e26e/index.js, line 1: WebGL warning: <Create>: WebglAllowWindowsNativeGl:false restricts context creation on this system.
JavaScript warning: https://www.windy.com/v/40.1.0.ind.e26e/index.js, line 1: Failed to create WebGL context: WebGL creation failed: 
* WebglAllowWindowsNativeGl:false restricts context creation on this system. ()
* Exhausted GL driver options. (FEATURE_FAILURE_WEBGL_EXHAUSTED_DRIVERS)
JavaScript warning: https://www.windy.com/v/40.1.0.ind.e26e/index.js, line 1: WebGL warning: <Create>: WebglAllowWindowsNativeGl:false restricts context creation on this system.
JavaScript warning: https://www.windy.com/v/40.1.0.ind.e26e/index.js, line 1: Failed to create WebGL context: WebGL creation failed: 
* WebglAllowWindowsNativeGl:false restricts context creation on this system. ()
* Exhausted GL driver options. (FEATURE_FAILURE_WEBGL_EXHAUSTED_DRIVERS)
console.error: ({})
JavaScript warning: https://www.windy.com/v/40.1.0.ind.e26e/index.js, line 1: WebGL warning: <Create>: WebglAllowWindowsNativeGl:false restricts context creation on this system.
JavaScript warning: https://www.windy.com/v/40.1.0.ind.e26e/index.js, line 1: Failed to create WebGL context: WebGL creation failed: 
* WebglAllowWindowsNativeGl:false restricts context creation on this system. ()
* Exhausted GL driver options. (FEATURE_FAILURE_WEBGL_EXHAUSTED_DRIVERS)
JavaScript warning: https://www.windy.com/v/40.1.0.ind.e26e/index.js, line 1: WebGL warning: <Create>: WebglAllowWindowsNativeGl:false restricts context creation on this system.
JavaScript warning: https://www.windy.com/v/40.1.0.ind.e26e/index.js, line 1: Failed to create WebGL context: WebGL creation failed: 
* WebglAllowWindowsNativeGl:false restricts context creation on this system. ()
* Exhausted GL driver options. (FEATURE_FAILURE_WEBGL_EXHAUSTED_DRIVERS)
Fontconfig warning: "/etc/fonts/conf.avail/53-monospace-lcd-filter.conf", line 10: Having multiple values in <test> isn't supported and may not work as expected
JavaScript warning: https://www.windy.com/v/40.1.0.ind.e26e/index.js, line 1: WebGL warning: <Create>: WebglAllowWindowsNativeGl:false restricts context creation on this system.
JavaScript warning: https://www.windy.com/v/40.1.0.ind.e26e/index.js, line 1: Failed to create WebGL context: WebGL creation failed: 
* WebglAllowWindowsNativeGl:false restricts context creation on this system. ()
* Exhausted GL driver options. (FEATURE_FAILURE_WEBGL_EXHAUSTED_DRIVERS)
JavaScript warning: https://www.windy.com/v/40.1.0.ind.e26e/index.js, line 1: WebGL warning: <Create>: WebglAllowWindowsNativeGl:false restricts context creation on this system.
JavaScript warning: https://www.windy.com/v/40.1.0.ind.e26e/index.js, line 1: Failed to create WebGL context: WebGL creation failed: 
* WebglAllowWindowsNativeGl:false restricts context creation on this system. ()
* Exhausted GL driver options. (FEATURE_FAILURE_WEBGL_EXHAUSTED_DRIVERS)
console.error: "update.locale" " file doesn't exist in either the application or GRE directories"
1702063532526	addons.xpi	ERROR	System addon update list error SyntaxError: XMLHttpRequest.open: 'http://%(server)s/dummy-system-addons.xml' is not a valid URL.
1702064191950	geckodriver	INFO	Listening on 127.0.0.1:33953
1702064192831	mozrunner::runner	INFO	Running command: MOZ_CRASHREPORTER="1" MOZ_CRASHREPORTER_NO_REPORT="1" MOZ_CRASHREPORTER_SHUTDOWN="1" MOZ_NO_REMOTE="1" "/snap/firefox/current/firefox.launcher" "--marionette" "--headless" "-no-remote" "-profile" "/tmp/rust_mozprofileAVmAUO"
*** You are running in headless mode.
Gtk-Message: 14:36:32.861: Not loading module "atk-bridge": The functionality is provided by GTK natively. Please try to not load it.
console.warn: services.settings: Ignoring preference override of remote settings server
console.warn: services.settings: Allow by setting MOZ_REMOTE_SETTINGS_DEVTOOLS=1 in the environment
Fontconfig warning: "/etc/fonts/conf.avail/53-monospace-lcd-filter.conf", line 10: Having multiple values in <test> isn't supported and may not work as expected
1702064193296	Marionette	INFO	Marionette enabled
1702064193378	Marionette	INFO	Listening on port 45841
Read port: 45841
1702064193786	RemoteAgent	WARN	TLS certificate errors will be ignored for this session
Fontconfig warning: "/etc/fonts/conf.avail/53-monospace-lcd-filter.conf", line 10: Having multiple values in <test> isn't supported and may not work as expected
Fontconfig warning: "/etc/fonts/conf.avail/53-monospace-lcd-filter.conf", line 10: Having multiple values in <test> isn't supported and may not work as expected
[GFX1-]: RenderCompositorSWGL failed mapping default framebuffer, no dt
console.error: ({})
[Parent 19251, Main Thread] WARNING: Failed to call GetIdletime(): GDBus.Error:org.freedesktop.DBus.Error.AccessDenied: An AppArmor policy prevents this sender from sending this message to this recipient; type="method_call", sender=":1.2000" (uid=1001 pid=19251 comm="/snap/firefox/3416/usr/lib/firefox/firefox --mario" label="snap.firefox.geckodriver (enforce)") interface="org.gnome.Mutter.IdleMonitor" member="GetIdletime" error name="(unset)" requested_reply="0" destination=":1.25" (uid=1001 pid=4467 comm="/usr/bin/gnome-shell " label="unconfined")
: 'glib warning', file /build/firefox/parts/firefox/build/toolkit/xre/nsSigHandlers.cpp:187

** (firefox:19251): WARNING **: 14:36:35.093: Failed to call GetIdletime(): GDBus.Error:org.freedesktop.DBus.Error.AccessDenied: An AppArmor policy prevents this sender from sending this message to this recipient; type="method_call", sender=":1.2000" (uid=1001 pid=19251 comm="/snap/firefox/3416/usr/lib/firefox/firefox --mario" label="snap.firefox.geckodriver (enforce)") interface="org.gnome.Mutter.IdleMonitor" member="GetIdletime" error name="(unset)" requested_reply="0" destination=":1.25" (uid=1001 pid=4467 comm="/usr/bin/gnome-shell " label="unconfined")

Fontconfig warning: "/etc/fonts/conf.avail/53-monospace-lcd-filter.conf", line 10: Having multiple values in <test> isn't supported and may not work as expected
Fontconfig warning: "/etc/fonts/conf.avail/53-monospace-lcd-filter.conf", line 10: Having multiple values in <test> isn't supported and may not work as expected
Fontconfig warning: "/etc/fonts/conf.avail/53-monospace-lcd-filter.conf", line 10: Having multiple values in <test> isn't supported and may not work as expected
console.error: (new TypeError("this._searchProviderInfo is null", "resource:///modules/SearchSERPTelemetry.sys.mjs", 692))
console.error: (new TypeError("linkMap is undefined", "resource://gre/modules/NewTabUtils.sys.mjs", 2001))
Fontconfig warning: "/etc/fonts/conf.avail/53-monospace-lcd-filter.conf", line 10: Having multiple values in <test> isn't supported and may not work as expected
JavaScript warning: , line 0: WebGL warning: texSubImage: Texture has not been initialized prior to a partial upload, forcing the browser to clear it. This may be slow.
JavaScript warning: , line 0: WebGL warning: texSubImage: Tex image TEXTURE_2D level 0 is incurring lazy initialization.
Exiting due to channel error.
Exiting due to channel error.
Exiting due to channel error.
Exiting due to channel error.
Exiting due to channel error.
1702147556948	addons.xpi	ERROR	System addon update list error SyntaxError: XMLHttpRequest.open: 'http://%(server)s/dummy-system-addons.xml' is not a valid URL.
1702149931588	addons.xpi	ERROR	System addon update list error SyntaxError: XMLHttpRequest.open: 'http://%(server)s/dummy-system-addons.xml' is not a valid URL.
1702233957003	addons.xpi	ERROR	System addon update list error SyntaxError: XMLHttpRequest.open: 'http://%(server)s/dummy-system-addons.xml' is not a valid URL.
1702236331631	addons.xpi	ERROR	System addon update list error SyntaxError: XMLHttpRequest.open: 'http://%(server)s/dummy-system-addons.xml' is not a valid URL.
1702260247663	geckodriver	INFO	Listening on 127.0.0.1:43437
1702260248643	mozrunner::runner	INFO	Running command: MOZ_CRASHREPORTER="1" MOZ_CRASHREPORTER_NO_REPORT="1" MOZ_CRASHREPORTER_SHUTDOWN="1" MOZ_NO_REMOTE="1" "/snap/firefox/current/firefox.launcher" "--marionette" "--headless" "-no-remote" "-profile" "/tmp/rust_mozprofile7j6gtr"
*** You are running in headless mode.
Gtk-Message: 21:04:08.693: Not loading module "atk-bridge": The functionality is provided by GTK natively. Please try to not load it.
console.warn: services.settings: Ignoring preference override of remote settings server
console.warn: services.settings: Allow by setting MOZ_REMOTE_SETTINGS_DEVTOOLS=1 in the environment
Fontconfig warning: "/etc/fonts/conf.avail/53-monospace-lcd-filter.conf", line 10: Having multiple values in <test> isn't supported and may not work as expected
1702260249406	Marionette	INFO	Marionette enabled
1702260249463	Marionette	INFO	Listening on port 43015
Read port: 43015
1702260249803	RemoteAgent	WARN	TLS certificate errors will be ignored for this session
Fontconfig warning: "/etc/fonts/conf.avail/53-monospace-lcd-filter.conf", line 10: Having multiple values in <test> isn't supported and may not work as expected
Fontconfig warning: "/etc/fonts/conf.avail/53-monospace-lcd-filter.conf", line 10: Having multiple values in <test> isn't supported and may not work as expected
[GFX1-]: RenderCompositorSWGL failed mapping default framebuffer, no dt
console.error: ({})
[Parent 2639, Main Thread] WARNING: Failed to call GetIdletime(): GDBus.Error:org.freedesktop.DBus.Error.AccessDenied: An AppArmor policy prevents this sender from sending this message to this recipient; type="method_call", sender=":1.2039" (uid=1001 pid=2639 comm="/snap/firefox/3416/usr/lib/firefox/firefox --mario" label="snap.firefox.geckodriver (enforce)") interface="org.gnome.Mutter.IdleMonitor" member="GetIdletime" error name="(unset)" requested_reply="0" destination=":1.25" (uid=1001 pid=4467 comm="/usr/bin/gnome-shell " label="unconfined")
: 'glib warning', file /build/firefox/parts/firefox/build/toolkit/xre/nsSigHandlers.cpp:187

** (firefox:2639): WARNING **: 21:04:10.724: Failed to call GetIdletime(): GDBus.Error:org.freedesktop.DBus.Error.AccessDenied: An AppArmor policy prevents this sender from sending this message to this recipient; type="method_call", sender=":1.2039" (uid=1001 pid=2639 comm="/snap/firefox/3416/usr/lib/firefox/firefox --mario" label="snap.firefox.geckodriver (enforce)") interface="org.gnome.Mutter.IdleMonitor" member="GetIdletime" error name="(unset)" requested_reply="0" destination=":1.25" (uid=1001 pid=4467 comm="/usr/bin/gnome-shell " label="unconfined")

Fontconfig warning: "/etc/fonts/conf.avail/53-monospace-lcd-filter.conf", line 10: Having multiple values in <test> isn't supported and may not work as expected
Fontconfig warning: "/etc/fonts/conf.avail/53-monospace-lcd-filter.conf", line 10: Having multiple values in <test> isn't supported and may not work as expected
Fontconfig warning: "/etc/fonts/conf.avail/53-monospace-lcd-filter.conf", line 10: Having multiple values in <test> isn't supported and may not work as expected
console.error: (new TypeError("this._searchProviderInfo is null", "resource:///modules/SearchSERPTelemetry.sys.mjs", 692))
Fontconfig warning: "/etc/fonts/conf.avail/53-monospace-lcd-filter.conf", line 10: Having multiple values in <test> isn't supported and may not work as expected
JavaScript warning: , line 0: WebGL warning: texSubImage: Texture has not been initialized prior to a partial upload, forcing the browser to clear it. This may be slow.
JavaScript warning: , line 0: WebGL warning: texSubImage: Tex image TEXTURE_2D level 0 is incurring lazy initialization.
1702260270201	Marionette	INFO	Stopped listening on port 43015
JavaScript warning: https://www.windy.com/v/40.1.0.ind.e26e/plugins/gl-particles.js, line 1: Script terminated by timeout at:
D@https://www.windy.com/v/40.1.0.ind.e26e/plugins/gl-particles.js:1:2025

1702260271563	geckodriver	INFO	Listening on 127.0.0.1:50249
1702260272484	mozrunner::runner	INFO	Running command: MOZ_CRASHREPORTER="1" MOZ_CRASHREPORTER_NO_REPORT="1" MOZ_CRASHREPORTER_SHUTDOWN="1" MOZ_NO_REMOTE="1" "/snap/firefox/current/firefox.launcher" "--marionette" "--headless" "-no-remote" "-profile" "/tmp/rust_mozprofileUzWLHK"
*** You are running in headless mode.
Gtk-Message: 21:04:32.540: Not loading module "atk-bridge": The functionality is provided by GTK natively. Please try to not load it.
console.warn: services.settings: Ignoring preference override of remote settings server
console.warn: services.settings: Allow by setting MOZ_REMOTE_SETTINGS_DEVTOOLS=1 in the environment
Fontconfig warning: "/etc/fonts/conf.avail/53-monospace-lcd-filter.conf", line 10: Having multiple values in <test> isn't supported and may not work as expected
1702260273016	Marionette	INFO	Marionette enabled
1702260273148	Marionette	INFO	Listening on port 37289
Read port: 37289
1702260273748	RemoteAgent	WARN	TLS certificate errors will be ignored for this session
Fontconfig warning: "/etc/fonts/conf.avail/53-monospace-lcd-filter.conf", line 10: Having multiple values in <test> isn't supported and may not work as expected
Fontconfig warning: "/etc/fonts/conf.avail/53-monospace-lcd-filter.conf", line 10: Having multiple values in <test> isn't supported and may not work as expected
[GFX1-]: RenderCompositorSWGL failed mapping default framebuffer, no dt
console.error: ({})
[Parent 3232, Main Thread] WARNING: Failed to call GetIdletime(): GDBus.Error:org.freedesktop.DBus.Error.AccessDenied: An AppArmor policy prevents this sender from sending this message to this recipient; type="method_call", sender=":1.2041" (uid=1001 pid=3232 comm="/snap/firefox/3416/usr/lib/firefox/firefox --mario" label="snap.firefox.geckodriver (enforce)") interface="org.gnome.Mutter.IdleMonitor" member="GetIdletime" error name="(unset)" requested_reply="0" destination=":1.25" (uid=1001 pid=4467 comm="/usr/bin/gnome-shell " label="unconfined")
: 'glib warning', file /build/firefox/parts/firefox/build/toolkit/xre/nsSigHandlers.cpp:187

** (firefox:3232): WARNING **: 21:04:34.549: Failed to call GetIdletime(): GDBus.Error:org.freedesktop.DBus.Error.AccessDenied: An AppArmor policy prevents this sender from sending this message to this recipient; type="method_call", sender=":1.2041" (uid=1001 pid=3232 comm="/snap/firefox/3416/usr/lib/firefox/firefox --mario" label="snap.firefox.geckodriver (enforce)") interface="org.gnome.Mutter.IdleMonitor" member="GetIdletime" error name="(unset)" requested_reply="0" destination=":1.25" (uid=1001 pid=4467 comm="/usr/bin/gnome-shell " label="unconfined")

Fontconfig warning: "/etc/fonts/conf.avail/53-monospace-lcd-filter.conf", line 10: Having multiple values in <test> isn't supported and may not work as expected
Fontconfig warning: "/etc/fonts/conf.avail/53-monospace-lcd-filter.conf", line 10: Having multiple values in <test> isn't supported and may not work as expected
Fontconfig warning: "/etc/fonts/conf.avail/53-monospace-lcd-filter.conf", line 10: Having multiple values in <test> isn't supported and may not work as expected
console.error: (new TypeError("this._searchProviderInfo is null", "resource:///modules/SearchSERPTelemetry.sys.mjs", 692))
Fontconfig warning: "/etc/fonts/conf.avail/53-monospace-lcd-filter.conf", line 10: Having multiple values in <test> isn't supported and may not work as expected
JavaScript warning: , line 0: WebGL warning: texSubImage: Texture has not been initialized prior to a partial upload, forcing the browser to clear it. This may be slow.
JavaScript warning: , line 0: WebGL warning: texSubImage: Tex image TEXTURE_2D level 0 is incurring lazy initialization.
1702260294275	Marionette	INFO	Stopped listening on port 37289
JavaScript warning: https://www.windy.com/v/40.1.0.ind.e26e/plugins/radar.js, line 1: Script terminated by timeout at:
value@https://www.windy.com/v/40.1.0.ind.e26e/plugins/radar.js:1:28078

1702260397352	geckodriver	INFO	Listening on 127.0.0.1:59107
1702260398287	mozrunner::runner	INFO	Running command: MOZ_CRASHREPORTER="1" MOZ_CRASHREPORTER_NO_REPORT="1" MOZ_CRASHREPORTER_SHUTDOWN="1" MOZ_NO_REMOTE="1" "/snap/firefox/current/firefox.launcher" "--marionette" "--headless" "-no-remote" "-profile" "/tmp/rust_mozprofile5rg4VJ"
*** You are running in headless mode.
Gtk-Message: 21:06:38.308: Not loading module "atk-bridge": The functionality is provided by GTK natively. Please try to not load it.
console.warn: services.settings: Ignoring preference override of remote settings server
console.warn: services.settings: Allow by setting MOZ_REMOTE_SETTINGS_DEVTOOLS=1 in the environment
Fontconfig warning: "/etc/fonts/conf.avail/53-monospace-lcd-filter.conf", line 10: Having multiple values in <test> isn't supported and may not work as expected
1702260398607	Marionette	INFO	Marionette enabled
1702260398671	Marionette	INFO	Listening on port 37339
Read port: 37339
1702260399176	RemoteAgent	WARN	TLS certificate errors will be ignored for this session
Fontconfig warning: "/etc/fonts/conf.avail/53-monospace-lcd-filter.conf", line 10: Having multiple values in <test> isn't supported and may not work as expected
Fontconfig warning: "/etc/fonts/conf.avail/53-monospace-lcd-filter.conf", line 10: Having multiple values in <test> isn't supported and may not work as expected
[GFX1-]: RenderCompositorSWGL failed mapping default framebuffer, no dt
console.error: ({})
[Parent 3949, Main Thread] WARNING: Failed to call GetIdletime(): GDBus.Error:org.freedesktop.DBus.Error.AccessDenied: An AppArmor policy prevents this sender from sending this message to this recipient; type="method_call", sender=":1.2043" (uid=1001 pid=3949 comm="/snap/firefox/3416/usr/lib/firefox/firefox --mario" label="snap.firefox.geckodriver (enforce)") interface="org.gnome.Mutter.IdleMonitor" member="GetIdletime" error name="(unset)" requested_reply="0" destination=":1.25" (uid=1001 pid=4467 comm="/usr/bin/gnome-shell " label="unconfined")
: 'glib warning', file /build/firefox/parts/firefox/build/toolkit/xre/nsSigHandlers.cpp:187

** (firefox:3949): WARNING **: 21:06:40.181: Failed to call GetIdletime(): GDBus.Error:org.freedesktop.DBus.Error.AccessDenied: An AppArmor policy prevents this sender from sending this message to this recipient; type="method_call", sender=":1.2043" (uid=1001 pid=3949 comm="/snap/firefox/3416/usr/lib/firefox/firefox --mario" label="snap.firefox.geckodriver (enforce)") interface="org.gnome.Mutter.IdleMonitor" member="GetIdletime" error name="(unset)" requested_reply="0" destination=":1.25" (uid=1001 pid=4467 comm="/usr/bin/gnome-shell " label="unconfined")

Fontconfig warning: "/etc/fonts/conf.avail/53-monospace-lcd-filter.conf", line 10: Having multiple values in <test> isn't supported and may not work as expected
Fontconfig warning: "/etc/fonts/conf.avail/53-monospace-lcd-filter.conf", line 10: Having multiple values in <test> isn't supported and may not work as expected
Fontconfig warning: "/etc/fonts/conf.avail/53-monospace-lcd-filter.conf", line 10: Having multiple values in <test> isn't supported and may not work as expected
console.error: (new TypeError("this._searchProviderInfo is null", "resource:///modules/SearchSERPTelemetry.sys.mjs", 692))
console.error: (new TypeError("linkMap is undefined", "resource://gre/modules/NewTabUtils.sys.mjs", 2001))
Fontconfig warning: "/etc/fonts/conf.avail/53-monospace-lcd-filter.conf", line 10: Having multiple values in <test> isn't supported and may not work as expected
JavaScript warning: , line 0: WebGL warning: texSubImage: Texture has not been initialized prior to a partial upload, forcing the browser to clear it. This may be slow.
JavaScript warning: , line 0: WebGL warning: texSubImage: Tex image TEXTURE_2D level 0 is incurring lazy initialization.
1702260418759	Marionette	INFO	Stopped listening on port 37339
JavaScript warning: https://www.windy.com/v/40.1.0.ind.e26e/plugins/gl-particles.js, line 1: Script terminated by timeout at:
D@https://www.windy.com/v/40.1.0.ind.e26e/plugins/gl-particles.js:1:2025

1702260419928	geckodriver	INFO	Listening on 127.0.0.1:49263
1702260420876	mozrunner::runner	INFO	Running command: MOZ_CRASHREPORTER="1" MOZ_CRASHREPORTER_NO_REPORT="1" MOZ_CRASHREPORTER_SHUTDOWN="1" MOZ_NO_REMOTE="1" "/snap/firefox/current/firefox.launcher" "--marionette" "--headless" "-no-remote" "-profile" "/tmp/rust_mozprofileShjEnK"
*** You are running in headless mode.
Gtk-Message: 21:07:00.935: Not loading module "atk-bridge": The functionality is provided by GTK natively. Please try to not load it.
console.warn: services.settings: Ignoring preference override of remote settings server
console.warn: services.settings: Allow by setting MOZ_REMOTE_SETTINGS_DEVTOOLS=1 in the environment
Fontconfig warning: "/etc/fonts/conf.avail/53-monospace-lcd-filter.conf", line 10: Having multiple values in <test> isn't supported and may not work as expected
1702260421385	Marionette	INFO	Marionette enabled
1702260421451	Marionette	INFO	Listening on port 42847
Read port: 42847
1702260421875	RemoteAgent	WARN	TLS certificate errors will be ignored for this session
Fontconfig warning: "/etc/fonts/conf.avail/53-monospace-lcd-filter.conf", line 10: Having multiple values in <test> isn't supported and may not work as expected
Fontconfig warning: "/etc/fonts/conf.avail/53-monospace-lcd-filter.conf", line 10: Having multiple values in <test> isn't supported and may not work as expected
[GFX1-]: RenderCompositorSWGL failed mapping default framebuffer, no dt
console.error: ({})
[Parent 4380, Main Thread] WARNING: Failed to call GetIdletime(): GDBus.Error:org.freedesktop.DBus.Error.AccessDenied: An AppArmor policy prevents this sender from sending this message to this recipient; type="method_call", sender=":1.2045" (uid=1001 pid=4380 comm="/snap/firefox/3416/usr/lib/firefox/firefox --mario" label="snap.firefox.geckodriver (enforce)") interface="org.gnome.Mutter.IdleMonitor" member="GetIdletime" error name="(unset)" requested_reply="0" destination=":1.25" (uid=1001 pid=4467 comm="/usr/bin/gnome-shell " label="unconfined")
: 'glib warning', file /build/firefox/parts/firefox/build/toolkit/xre/nsSigHandlers.cpp:187

** (firefox:4380): WARNING **: 21:07:02.902: Failed to call GetIdletime(): GDBus.Error:org.freedesktop.DBus.Error.AccessDenied: An AppArmor policy prevents this sender from sending this message to this recipient; type="method_call", sender=":1.2045" (uid=1001 pid=4380 comm="/snap/firefox/3416/usr/lib/firefox/firefox --mario" label="snap.firefox.geckodriver (enforce)") interface="org.gnome.Mutter.IdleMonitor" member="GetIdletime" error name="(unset)" requested_reply="0" destination=":1.25" (uid=1001 pid=4467 comm="/usr/bin/gnome-shell " label="unconfined")

Fontconfig warning: "/etc/fonts/conf.avail/53-monospace-lcd-filter.conf", line 10: Having multiple values in <test> isn't supported and may not work as expected
Fontconfig warning: "/etc/fonts/conf.avail/53-monospace-lcd-filter.conf", line 10: Having multiple values in <test> isn't supported and may not work as expected
Fontconfig warning: "/etc/fonts/conf.avail/53-monospace-lcd-filter.conf", line 10: Having multiple values in <test> isn't supported and may not work as expected
console.error: (new TypeError("this._searchProviderInfo is null", "resource:///modules/SearchSERPTelemetry.sys.mjs", 692))
Fontconfig warning: "/etc/fonts/conf.avail/53-monospace-lcd-filter.conf", line 10: Having multiple values in <test> isn't supported and may not work as expected
JavaScript warning: , line 0: WebGL warning: texSubImage: Texture has not been initialized prior to a partial upload, forcing the browser to clear it. This may be slow.
JavaScript warning: , line 0: WebGL warning: texSubImage: Tex image TEXTURE_2D level 0 is incurring lazy initialization.
1702260442701	Marionette	INFO	Stopped listening on port 42847
JavaScript warning: https://www.windy.com/v/40.1.0.ind.e26e/plugins/radar.js, line 1: Script terminated by timeout at:
value@https://www.windy.com/v/40.1.0.ind.e26e/plugins/radar.js:1:28078

1702271924190	geckodriver	INFO	Listening on 127.0.0.1:46389
1702271925045	mozrunner::runner	INFO	Running command: MOZ_CRASHREPORTER="1" MOZ_CRASHREPORTER_NO_REPORT="1" MOZ_CRASHREPORTER_SHUTDOWN="1" MOZ_NO_REMOTE="1" "/snap/firefox/current/firefox.launcher" "--marionette" "--headless" "-no-remote" "-profile" "/tmp/rust_mozprofileCFW8z0"
*** You are running in headless mode.
Gtk-Message: 00:18:45.076: Not loading module "atk-bridge": The functionality is provided by GTK natively. Please try to not load it.
console.warn: services.settings: Ignoring preference override of remote settings server
console.warn: services.settings: Allow by setting MOZ_REMOTE_SETTINGS_DEVTOOLS=1 in the environment
Fontconfig warning: "/etc/fonts/conf.avail/53-monospace-lcd-filter.conf", line 10: Having multiple values in <test> isn't supported and may not work as expected
1702271926008	Marionette	INFO	Marionette enabled
1702271926116	Marionette	INFO	Listening on port 33773
Read port: 33773
1702271926555	RemoteAgent	WARN	TLS certificate errors will be ignored for this session
Fontconfig warning: "/etc/fonts/conf.avail/53-monospace-lcd-filter.conf", line 10: Having multiple values in <test> isn't supported and may not work as expected
Fontconfig warning: "/etc/fonts/conf.avail/53-monospace-lcd-filter.conf", line 10: Having multiple values in <test> isn't supported and may not work as expected
[GFX1-]: RenderCompositorSWGL failed mapping default framebuffer, no dt
console.error: ({})
[Parent 18108, Main Thread] WARNING: Failed to call GetIdletime(): GDBus.Error:org.freedesktop.DBus.Error.AccessDenied: An AppArmor policy prevents this sender from sending this message to this recipient; type="method_call", sender=":1.2146" (uid=1001 pid=18108 comm="/snap/firefox/3416/usr/lib/firefox/firefox --mario" label="snap.firefox.geckodriver (enforce)") interface="org.gnome.Mutter.IdleMonitor" member="GetIdletime" error name="(unset)" requested_reply="0" destination=":1.25" (uid=1001 pid=4467 comm="/usr/bin/gnome-shell " label="unconfined")
: 'glib warning', file /build/firefox/parts/firefox/build/toolkit/xre/nsSigHandlers.cpp:187

** (firefox:18108): WARNING **: 00:18:47.767: Failed to call GetIdletime(): GDBus.Error:org.freedesktop.DBus.Error.AccessDenied: An AppArmor policy prevents this sender from sending this message to this recipient; type="method_call", sender=":1.2146" (uid=1001 pid=18108 comm="/snap/firefox/3416/usr/lib/firefox/firefox --mario" label="snap.firefox.geckodriver (enforce)") interface="org.gnome.Mutter.IdleMonitor" member="GetIdletime" error name="(unset)" requested_reply="0" destination=":1.25" (uid=1001 pid=4467 comm="/usr/bin/gnome-shell " label="unconfined")

Fontconfig warning: "/etc/fonts/conf.avail/53-monospace-lcd-filter.conf", line 10: Having multiple values in <test> isn't supported and may not work as expected
Fontconfig warning: "/etc/fonts/conf.avail/53-monospace-lcd-filter.conf", line 10: Having multiple values in <test> isn't supported and may not work as expected
Fontconfig warning: "/etc/fonts/conf.avail/53-monospace-lcd-filter.conf", line 10: Having multiple values in <test> isn't supported and may not work as expected
console.error: (new TypeError("this._searchProviderInfo is null", "resource:///modules/SearchSERPTelemetry.sys.mjs", 692))
console.error: (new TypeError("linkMap is undefined", "resource://gre/modules/NewTabUtils.sys.mjs", 2001))
Fontconfig warning: "/etc/fonts/conf.avail/53-monospace-lcd-filter.conf", line 10: Having multiple values in <test> isn't supported and may not work as expected
JavaScript warning: , line 0: WebGL warning: texSubImage: Texture has not been initialized prior to a partial upload, forcing the browser to clear it. This may be slow.
JavaScript warning: , line 0: WebGL warning: texSubImage: Tex image TEXTURE_2D level 0 is incurring lazy initialization.
1702271946637	Marionette	INFO	Stopped listening on port 33773
JavaScript warning: https://www.windy.com/v/40.1.0.ind.e26e/plugins/gl-particles.js, line 1: Script terminated by timeout at:
D@https://www.windy.com/v/40.1.0.ind.e26e/plugins/gl-particles.js:1:2025

1702271948048	geckodriver	INFO	Listening on 127.0.0.1:47925
1702271948959	mozrunner::runner	INFO	Running command: MOZ_CRASHREPORTER="1" MOZ_CRASHREPORTER_NO_REPORT="1" MOZ_CRASHREPORTER_SHUTDOWN="1" MOZ_NO_REMOTE="1" "/snap/firefox/current/firefox.launcher" "--marionette" "--headless" "-no-remote" "-profile" "/tmp/rust_mozprofilerL0Qtg"
*** You are running in headless mode.
Gtk-Message: 00:19:09.005: Not loading module "atk-bridge": The functionality is provided by GTK natively. Please try to not load it.
console.warn: services.settings: Ignoring preference override of remote settings server
console.warn: services.settings: Allow by setting MOZ_REMOTE_SETTINGS_DEVTOOLS=1 in the environment
Fontconfig warning: "/etc/fonts/conf.avail/53-monospace-lcd-filter.conf", line 10: Having multiple values in <test> isn't supported and may not work as expected
1702271949534	Marionette	INFO	Marionette enabled
1702271949615	Marionette	INFO	Listening on port 39525
Read port: 39525
1702271949896	RemoteAgent	WARN	TLS certificate errors will be ignored for this session
Fontconfig warning: "/etc/fonts/conf.avail/53-monospace-lcd-filter.conf", line 10: Having multiple values in <test> isn't supported and may not work as expected
Fontconfig warning: "/etc/fonts/conf.avail/53-monospace-lcd-filter.conf", line 10: Having multiple values in <test> isn't supported and may not work as expected
[GFX1-]: RenderCompositorSWGL failed mapping default framebuffer, no dt
console.error: ({})
[Parent 18594, Main Thread] WARNING: Failed to call GetIdletime(): GDBus.Error:org.freedesktop.DBus.Error.AccessDenied: An AppArmor policy prevents this sender from sending this message to this recipient; type="method_call", sender=":1.2148" (uid=1001 pid=18594 comm="/snap/firefox/3416/usr/lib/firefox/firefox --mario" label="snap.firefox.geckodriver (enforce)") interface="org.gnome.Mutter.IdleMonitor" member="GetIdletime" error name="(unset)" requested_reply="0" destination=":1.25" (uid=1001 pid=4467 comm="/usr/bin/gnome-shell " label="unconfined")
: 'glib warning', file /build/firefox/parts/firefox/build/toolkit/xre/nsSigHandlers.cpp:187

** (firefox:18594): WARNING **: 00:19:11.059: Failed to call GetIdletime(): GDBus.Error:org.freedesktop.DBus.Error.AccessDenied: An AppArmor policy prevents this sender from sending this message to this recipient; type="method_call", sender=":1.2148" (uid=1001 pid=18594 comm="/snap/firefox/3416/usr/lib/firefox/firefox --mario" label="snap.firefox.geckodriver (enforce)") interface="org.gnome.Mutter.IdleMonitor" member="GetIdletime" error name="(unset)" requested_reply="0" destination=":1.25" (uid=1001 pid=4467 comm="/usr/bin/gnome-shell " label="unconfined")

Fontconfig warning: "/etc/fonts/conf.avail/53-monospace-lcd-filter.conf", line 10: Having multiple values in <test> isn't supported and may not work as expected
Fontconfig warning: "/etc/fonts/conf.avail/53-monospace-lcd-filter.conf", line 10: Having multiple values in <test> isn't supported and may not work as expected
Fontconfig warning: "/etc/fonts/conf.avail/53-monospace-lcd-filter.conf", line 10: Having multiple values in <test> isn't supported and may not work as expected
console.error: (new TypeError("this._searchProviderInfo is null", "resource:///modules/SearchSERPTelemetry.sys.mjs", 692))
console.error: (new TypeError("linkMap is undefined", "resource://gre/modules/NewTabUtils.sys.mjs", 2001))
Fontconfig warning: "/etc/fonts/conf.avail/53-monospace-lcd-filter.conf", line 10: Having multiple values in <test> isn't supported and may not work as expected
JavaScript warning: , line 0: WebGL warning: texSubImage: Texture has not been initialized prior to a partial upload, forcing the browser to clear it. This may be slow.
JavaScript warning: , line 0: WebGL warning: texSubImage: Tex image TEXTURE_2D level 0 is incurring lazy initialization.
1702271969550	Marionette	INFO	Stopped listening on port 39525
JavaScript warning: https://www.windy.com/v/40.1.0.ind.e26e/plugins/radar.js, line 1: Script terminated by timeout at:
value@https://www.windy.com/v/40.1.0.ind.e26e/plugins/radar.js:1:28078

1702320357060	addons.xpi	ERROR	System addon update list error SyntaxError: XMLHttpRequest.open: 'http://%(server)s/dummy-system-addons.xml' is not a valid URL.
1702322731691	addons.xpi	ERROR	System addon update list error SyntaxError: XMLHttpRequest.open: 'http://%(server)s/dummy-system-addons.xml' is not a valid URL.
1702406757131	addons.xpi	ERROR	System addon update list error SyntaxError: XMLHttpRequest.open: 'http://%(server)s/dummy-system-addons.xml' is not a valid URL.
1702409131803	addons.xpi	ERROR	System addon update list error SyntaxError: XMLHttpRequest.open: 'http://%(server)s/dummy-system-addons.xml' is not a valid URL.
1702493157257	addons.xpi	ERROR	System addon update list error SyntaxError: XMLHttpRequest.open: 'http://%(server)s/dummy-system-addons.xml' is not a valid URL.
1702495531875	addons.xpi	ERROR	System addon update list error SyntaxError: XMLHttpRequest.open: 'http://%(server)s/dummy-system-addons.xml' is not a valid URL.
[GFX1-]: Managed to allocate after flush.
1702579557305	addons.xpi	ERROR	System addon update list error SyntaxError: XMLHttpRequest.open: 'http://%(server)s/dummy-system-addons.xml' is not a valid URL.
1702581931927	addons.xpi	ERROR	System addon update list error SyntaxError: XMLHttpRequest.open: 'http://%(server)s/dummy-system-addons.xml' is not a valid URL.
1702665957426	addons.xpi	ERROR	System addon update list error SyntaxError: XMLHttpRequest.open: 'http://%(server)s/dummy-system-addons.xml' is not a valid URL.
1702668331972	addons.xpi	ERROR	System addon update list error SyntaxError: XMLHttpRequest.open: 'http://%(server)s/dummy-system-addons.xml' is not a valid URL.
Exiting due to channel error.
Exiting due to channel error.
Exiting due to channel error.
Exiting due to channel error.
Exiting due to channel error.
Exiting due to channel error.
Exiting due to channel error.
Exiting due to channel error.
Exiting due to channel error.
Exiting due to channel error.
1704736738895	geckodriver	INFO	Listening on 127.0.0.1:50291
1704736739788	mozrunner::runner	INFO	Running command: MOZ_CRASHREPORTER="1" MOZ_CRASHREPORTER_NO_REPORT="1" MOZ_CRASHREPORTER_SHUTDOWN="1" MOZ_NO_REMOTE="1" "/snap/firefox/current/firefox.launcher" "--marionette" "--headless" "-no-remote" "-profile" "/tmp/rust_mozprofileiHmQuZ"
*** You are running in headless mode.
Gtk-Message: 12:58:59.807: Not loading module "atk-bridge": The functionality is provided by GTK natively. Please try to not load it.
console.warn: services.settings: Ignoring preference override of remote settings server
console.warn: services.settings: Allow by setting MOZ_REMOTE_SETTINGS_DEVTOOLS=1 in the environment
Fontconfig warning: "/etc/fonts/conf.avail/53-monospace-lcd-filter.conf", line 10: Having multiple values in <test> isn't supported and may not work as expected
1704736740232	Marionette	INFO	Marionette enabled
1704736740295	Marionette	INFO	Listening on port 39219
Read port: 39219
1704736740734	RemoteAgent	WARN	TLS certificate errors will be ignored for this session
Fontconfig warning: "/etc/fonts/conf.avail/53-monospace-lcd-filter.conf", line 10: Having multiple values in <test> isn't supported and may not work as expected
Fontconfig warning: "/etc/fonts/conf.avail/53-monospace-lcd-filter.conf", line 10: Having multiple values in <test> isn't supported and may not work as expected
[GFX1-]: RenderCompositorSWGL failed mapping default framebuffer, no dt
console.error: ({})
Fontconfig warning: "/etc/fonts/conf.avail/53-monospace-lcd-filter.conf", line 10: Having multiple values in <test> isn't supported and may not work as expected
Fontconfig warning: "/etc/fonts/conf.avail/53-monospace-lcd-filter.conf", line 10: Having multiple values in <test> isn't supported and may not work as expected
Fontconfig warning: "/etc/fonts/conf.avail/53-monospace-lcd-filter.conf", line 10: Having multiple values in <test> isn't supported and may not work as expected
console.error: (new TypeError("this._searchProviderInfo is null", "resource:///modules/SearchSERPTelemetry.sys.mjs", 743))
console.error: (new TypeError("linkMap is undefined", "resource://gre/modules/NewTabUtils.sys.mjs", 2001))
Fontconfig warning: "/etc/fonts/conf.avail/53-monospace-lcd-filter.conf", line 10: Having multiple values in <test> isn't supported and may not work as expected
JavaScript warning: , line 0: WebGL warning: texSubImage: Texture has not been initialized prior to a partial upload, forcing the browser to clear it. This may be slow.
JavaScript warning: , line 0: WebGL warning: texSubImage: Tex image TEXTURE_2D level 0 is incurring lazy initialization.
1704736760533	Marionette	INFO	Stopped listening on port 39219
JavaScript warning: https://www.windy.com/v/41.0.4.ind.3531/plugins/radar.js, line 1: Script terminated by timeout at:
value@https://www.windy.com/v/41.0.4.ind.3531/plugins/radar.js:1:31470

