spawn ssh -i /home/sstepanoff3/.ssh/hive sstepanoff3@login-hive.pace.gatech.edu /storage/hive/project/phy-otte/shared/Trinity/DataAnalysis/DataSummary/sumDir/FolderDataSum 20240316

Inactive Modules:
  1) mvapich2

The following have been reloaded with a version change:
  1) gcc/10.3.0-o57x6h => gcc/8.3.0-rv4av7
  2) mpc/1.2.1-zoh6w2 => mpc/1.1.0-kyjl4f
  3) mpfr/4.1.0-32gcbv => mpfr/3.1.6-yuvsh4

/storage/hive/project/phy-otte/shared/Trinity/Data/20240316/RawDataMerged/
Loading file: /storage/hive/project/phy-otte/shared/Trinity/Data/20240316/RawDataMerged/CoBo0_AsAd0_2024-03-16T02:11:02.177_0000.root
Unix Timestamp: 1710555062
Warning in <TClass::Init>: no dictionary for class ROOT::TIOFeatures is available
Total Number of Events: 0
Loading file: /storage/hive/project/phy-otte/shared/Trinity/Data/20240316/RawDataMerged/CoBo0_AsAd0_2024-03-16T02:09:02.175_0000.root
Unix Timestamp: 1710554942
Total Number of Events: 0
Loading file: /storage/hive/project/phy-otte/shared/Trinity/Data/20240316/RawDataMerged/CoBo0_AsAd0_2024-03-16T02:37:19.293_0000.root
Unix Timestamp: 1710556639
Total Number of Events: 0
Loading file: /storage/hive/project/phy-otte/shared/Trinity/Data/20240316/RawDataMerged/CoBo0_AsAd0_2024-03-16T02:45:19.292_0000.root
Unix Timestamp: 1710557119
Total Number of Events: 0
Loading file: /storage/hive/project/phy-otte/shared/Trinity/Data/20240316/RawDataMerged/CoBo0_AsAd0_2024-03-16T02:13:02.179_0000.root
Unix Timestamp: 1710555182
Total Number of Events: 0
Loading file: /storage/hive/project/phy-otte/shared/Trinity/Data/20240316/RawDataMerged/CoBo0_AsAd0_2024-03-16T02:41:19.293_0000.root
Unix Timestamp: 1710556879
Total Number of Events: 0
Loading file: /storage/hive/project/phy-otte/shared/Trinity/Data/20240316/RawDataMerged/CoBo0_AsAd0_2024-03-16T02:33:19.292_0000.root
Unix Timestamp: 1710556399
Total Number of Events: 0
Loading file: /storage/hive/project/phy-otte/shared/Trinity/Data/20240316/RawDataMerged/CoBo0_AsAd0_2024-03-16T02:53:19.293_0000.root
Unix Timestamp: 1710557599
Total Number of Events: 0
Loading file: /storage/hive/project/phy-otte/shared/Trinity/Data/20240316/RawDataMerged/CoBo0_AsAd0_2024-03-16T02:43:19.292_0000.root
Unix Timestamp: 1710556999
Total Number of Events: 0
Loading file: /storage/hive/project/phy-otte/shared/Trinity/Data/20240316/RawDataMerged/CoBo0_AsAd0_2024-03-16T02:35:19.293_0000.root
Unix Timestamp: 1710556519
Total Number of Events: 0
Loading file: /storage/hive/project/phy-otte/shared/Trinity/Data/20240316/RawDataMerged/CoBo0_AsAd0_2024-03-16T02:05:04.241_0000.root
Unix Timestamp: 1710554704
Total Number of Events: 0
Loading file: /storage/hive/project/phy-otte/shared/Trinity/Data/20240316/RawDataMerged/CoBo0_AsAd0_2024-03-16T02:15:02.178_0000.root
Unix Timestamp: 1710555302
Total Number of Events: 0
Loading file: /storage/hive/project/phy-otte/shared/Trinity/Data/20240316/RawDataMerged/CoBo0_AsAd0_2024-03-16T02:31:13.362_0000.root
Unix Timestamp: 1710556273
Total Number of Events: 0
Loading file: /storage/hive/project/phy-otte/shared/Trinity/Data/20240316/RawDataMerged/CoBo0_AsAd0_2024-03-16T02:49:19.292_0000.root
Unix Timestamp: 1710557359
Total Number of Events: 0
Loading file: /storage/hive/project/phy-otte/shared/Trinity/Data/20240316/RawDataMerged/CoBo0_AsAd0_2024-03-16T02:07:02.174_0000.root
Unix Timestamp: 1710554822
Total Number of Events: 0
Loading file: /storage/hive/project/phy-otte/shared/Trinity/Data/20240316/RawDataMerged/CoBo0_AsAd0_2024-03-16T02:39:19.294_0000.root
Unix Timestamp: 1710556759
Total Number of Events: 0
Loading file: /storage/hive/project/phy-otte/shared/Trinity/Data/20240316/RawDataMerged/CoBo0_AsAd0_2024-03-16T02:47:19.292_0000.root
Unix Timestamp: 1710557239
Total Number of Events: 0
Loading file: /storage/hive/project/phy-otte/shared/Trinity/Data/20240316/RawDataMerged/CoBo0_AsAd0_2024-03-16T02:51:19.292_0000.root
Unix Timestamp: 1710557479
Total Number of Events: 0
Info in <TCanvas::Print>: pdf file /storage/hive/project/phy-otte/shared/Trinity/DataAnalysis/DataSummary/Output/20240316.pdf has been created
Info in <TCanvas::Print>: Current canvas added to pdf file /storage/hive/project/phy-otte/shared/Trinity/DataAnalysis/DataSummary/Output/20240316.pdf
Error in <TGraphPainter::PaintGraph>: illegal number of points (0)
Info in <TCanvas::Print>: Current canvas added to pdf file /storage/hive/project/phy-otte/shared/Trinity/DataAnalysis/DataSummary/Output/20240316.pdf
Error in <TGraphPainter::PaintGraph>: illegal number of points (0)
Info in <TCanvas::Print>: Current canvas added to pdf file /storage/hive/project/phy-otte/shared/Trinity/DataAnalysis/DataSummary/Output/20240316.pdf
Error in <TGraphPainter::PaintGraph>: illegal number of points (0)
Info in <TCanvas::Print>: Current canvas added to pdf file /storage/hive/project/phy-otte/shared/Trinity/DataAnalysis/DataSummary/Output/20240316.pdf
Error in <TGraphPainter::PaintGraph>: illegal number of points (0)
Info in <TCanvas::Print>: Current canvas added to pdf file /storage/hive/project/phy-otte/shared/Trinity/DataAnalysis/DataSummary/Output/20240316.pdf
Error in <TGraphPainter::PaintGraph>: illegal number of points (0)
Info in <TCanvas::Print>: Current canvas added to pdf file /storage/hive/project/phy-otte/shared/Trinity/DataAnalysis/DataSummary/Output/20240316.pdf
Info in <TCanvas::Print>: pdf file /storage/hive/project/phy-otte/shared/Trinity/DataAnalysis/DataSummary/Output/20240316.pdf has been closed
spawn ssh -i /home/sstepanoff3/.ssh/hive sstepanoff3@login-hive.pace.gatech.edu /storage/hive/project/phy-otte/shared/Trinity/DataAnalysis/DataSummary/sumDir/FolderDataSum 20240309

Inactive Modules:
  1) mvapich2

The following have been reloaded with a version change:
  1) gcc/10.3.0-o57x6h => gcc/8.3.0-rv4av7
  2) mpc/1.2.1-zoh6w2 => mpc/1.1.0-kyjl4f
  3) mpfr/4.1.0-32gcbv => mpfr/3.1.6-yuvsh4

/storage/hive/project/phy-otte/shared/Trinity/Data/20240309/RawDataMerged/
Info in <TCanvas::Print>: pdf file /storage/hive/project/phy-otte/shared/Trinity/DataAnalysis/DataSummary/Output/20240309.pdf has been created

 *** Break *** segmentation violation



===========================================================
There was a crash.
This is the entire stack trace of all threads:
===========================================================
#0  0x00007ffff31ea60c in waitpid () from /lib64/libc.so.6
#1  0x00007ffff3167f62 in do_system () from /lib64/libc.so.6
#2  0x00007ffff74a5f97 in TUnixSystem::StackTrace() () from /usr/local/pace-apps/manual/packages/root/6.08.06/gcc-8.3.0/lib/libCore.so
#3  0x00007ffff74a8004 in TUnixSystem::DispatchSignals(ESignals) () from /usr/local/pace-apps/manual/packages/root/6.08.06/gcc-8.3.0/lib/libCore.so
#4  <signal handler called>
#5  0x0000000000406818 in main () at makeFolderDataSum.cpp:247
#6  0x00007ffff3147555 in __libc_start_main () from /lib64/libc.so.6
#7  0x0000000000407523 in _start () at /storage/pace-apps/spack/packages/linux-rhel7-x86_64/gcc-4.8.5/gcc-8.3.0-rv4av7fa4e6y7etttjocwyhsvatqhnsg/bin/../lib/gcc/x86_64-pc-linux-gnu/8.3.0/../../../../include/c++/8.3.0/bits/char_traits.h:352
===========================================================


The lines below might hint at the cause of the crash.
You may get help by asking at the ROOT forum http://root.cern.ch/forum.
Only if you are really convinced it is a bug in ROOT then please submit a
report at http://root.cern.ch/bugs. Please post the ENTIRE stack trace
from above as an attachment in addition to anything else
that might help us fixing this issue.
===========================================================
#5  0x0000000000406818 in main () at makeFolderDataSum.cpp:247
#6  0x00007ffff3147555 in __libc_start_main () from /lib64/libc.so.6
#7  0x0000000000407523 in _start () at /storage/pace-apps/spack/packages/linux-rhel7-x86_64/gcc-4.8.5/gcc-8.3.0-rv4av7fa4e6y7etttjocwyhsvatqhnsg/bin/../lib/gcc/x86_64-pc-linux-gnu/8.3.0/../../../../include/c++/8.3.0/bits/char_traits.h:352
===========================================================


spawn ssh -i /home/sstepanoff3/.ssh/hive sstepanoff3@login-hive.pace.gatech.edu /storage/hive/project/phy-otte/shared/Trinity/DataAnalysis/DataSummary/sumDir/FolderDataSum 20240311

Inactive Modules:
  1) mvapich2

The following have been reloaded with a version change:
  1) gcc/10.3.0-o57x6h => gcc/8.3.0-rv4av7
  2) mpc/1.2.1-zoh6w2 => mpc/1.1.0-kyjl4f
  3) mpfr/4.1.0-32gcbv => mpfr/3.1.6-yuvsh4

Unix Thres Timestamp: 1710125187
Unix Thres Timestamp: 1710126878
/storage/hive/project/phy-otte/shared/Trinity/Data/20240311/RawDataMerged/
Loading file: /storage/hive/project/phy-otte/shared/Trinity/Data/20240311/RawDataMerged/CoBo0_AsAd0_2024-03-11T09:11:50.426_0000.root
Unix Timestamp: 1710148310
Warning in <TClass::Init>: no dictionary for class ROOT::TIOFeatures is available
Total Number of Events: 426
Loading file: /storage/hive/project/phy-otte/shared/Trinity/Data/20240311/RawDataMerged/CoBo0_AsAd0_2024-03-11T04:21:50.574_0000.root
Unix Timestamp: 1710130910
Total Number of Events: 176
Loading file: /storage/hive/project/phy-otte/shared/Trinity/Data/20240311/RawDataMerged/CoBo0_AsAd0_2024-03-11T05:49:50.600_0000.root
Unix Timestamp: 1710136190
Total Number of Events: 188
Loading file: /storage/hive/project/phy-otte/shared/Trinity/Data/20240311/RawDataMerged/CoBo0_AsAd0_2024-03-11T03:17:50.675_0000.root
Unix Timestamp: 1710127070
Total Number of Events: 264
Loading file: /storage/hive/project/phy-otte/shared/Trinity/Data/20240311/RawDataMerged/CoBo0_AsAd0_2024-03-11T03:39:50.642_0000.root
Unix Timestamp: 1710128390
Total Number of Events: 268
Loading file: /storage/hive/project/phy-otte/shared/Trinity/Data/20240311/RawDataMerged/CoBo0_AsAd0_2024-03-11T07:25:50.753_0000.root
Unix Timestamp: 1710141950
Total Number of Events: 191
Loading file: /storage/hive/project/phy-otte/shared/Trinity/Data/20240311/RawDataMerged/CoBo0_AsAd0_2024-03-11T07:11:50.770_0000.root
Unix Timestamp: 1710141110
Total Number of Events: 172
Loading file: /storage/hive/project/phy-otte/shared/Trinity/Data/20240311/RawDataMerged/CoBo0_AsAd0_2024-03-11T06:31:50.885_0000.root
Unix Timestamp: 1710138710
Total Number of Events: 157
Loading file: /storage/hive/project/phy-otte/shared/Trinity/Data/20240311/RawDataMerged/CoBo0_AsAd0_2024-03-11T08:35:50.531_0000.root
Unix Timestamp: 1710146150
Total Number of Events: 341
Loading file: /storage/hive/project/phy-otte/shared/Trinity/Data/20240311/RawDataMerged/CoBo0_AsAd0_2024-03-11T04:51:50.603_0000.root
Unix Timestamp: 1710132710
Total Number of Events: 144
Loading file: /storage/hive/project/phy-otte/shared/Trinity/Data/20240311/RawDataMerged/CoBo0_AsAd0_2024-03-11T07:17:50.418_0000.root
Unix Timestamp: 1710141470
Total Number of Events: 179
Loading file: /storage/hive/project/phy-otte/shared/Trinity/Data/20240311/RawDataMerged/CoBo0_AsAd0_2024-03-11T04:27:50.556_0000.root
Unix Timestamp: 1710131270
Total Number of Events: 172
Loading file: /storage/hive/project/phy-otte/shared/Trinity/Data/20240311/RawDataMerged/CoBo0_AsAd0_2024-03-11T03:19:50.570_0000.root
Unix Timestamp: 1710127190
Total Number of Events: 264
Loading file: /storage/hive/project/phy-otte/shared/Trinity/Data/20240311/RawDataMerged/CoBo0_AsAd0_2024-03-11T10:59:50.395_0000.root
Unix Timestamp: 1710154790
Total Number of Events: 761
Loading file: /storage/hive/project/phy-otte/shared/Trinity/Data/20240311/RawDataMerged/CoBo0_AsAd0_2024-03-11T02:53:52.611_0000.root
Unix Timestamp: 1710125632
Total Number of Events: 16
Loading file: /storage/hive/project/phy-otte/shared/Trinity/Data/20240311/RawDataMerged/CoBo0_AsAd0_2024-03-11T09:13:50.736_0000.root
Unix Timestamp: 1710148430
Total Number of Events: 422
Loading file: /storage/hive/project/phy-otte/shared/Trinity/Data/20240311/RawDataMerged/CoBo0_AsAd0_2024-03-11T11:41:50.472_0000.root
Unix Timestamp: 1710157310
Total Number of Events: 687
Loading file: /storage/hive/project/phy-otte/shared/Trinity/Data/20240311/RawDataMerged/CoBo0_AsAd0_2024-03-11T06:53:50.562_0000.root
Unix Timestamp: 1710140030
Total Number of Events: 156
Loading file: /storage/hive/project/phy-otte/shared/Trinity/Data/20240311/RawDataMerged/CoBo0_AsAd0_2024-03-11T10:31:50.372_0000.root
Unix Timestamp: 1710153110
Total Number of Events: 825
Loading file: /storage/hive/project/phy-otte/shared/Trinity/Data/20240311/RawDataMerged/CoBo0_AsAd0_2024-03-11T03:33:50.620_0000.root
Unix Timestamp: 1710128030
Total Number of Events: 259
Loading file: /storage/hive/project/phy-otte/shared/Trinity/Data/20240311/RawDataMerged/CoBo0_AsAd0_2024-03-11T05:19:50.968_0000.root
Unix Timestamp: 1710134390
Total Number of Events: 170
Loading file: /storage/hive/project/phy-otte/shared/Trinity/Data/20240311/RawDataMerged/CoBo0_AsAd0_2024-03-11T07:05:50.994_0000.root
Unix Timestamp: 1710140750
Total Number of Events: 159
Loading file: /storage/hive/project/phy-otte/shared/Trinity/Data/20240311/RawDataMerged/CoBo0_AsAd0_2024-03-11T06:05:50.875_0000.root
Unix Timestamp: 1710137150
Total Number of Events: 177
Loading file: /storage/hive/project/phy-otte/shared/Trinity/Data/20240311/RawDataMerged/CoBo0_AsAd0_2024-03-11T09:01:50.583_0000.root
Unix Timestamp: 1710147710
Total Number of Events: 390
Loading file: /storage/hive/project/phy-otte/shared/Trinity/Data/20240311/RawDataMerged/CoBo0_AsAd0_2024-03-11T11:43:50.475_0000.root
Unix Timestamp: 1710157430
Total Number of Events: 675
Loading file: /storage/hive/project/phy-otte/shared/Trinity/Data/20240311/RawDataMerged/CoBo0_AsAd0_2024-03-11T02:51:50.445_0000.root
Unix Timestamp: 1710125510
Total Number of Events: 18
Loading file: /storage/hive/project/phy-otte/shared/Trinity/Data/20240311/RawDataMerged/CoBo0_AsAd0_2024-03-11T04:03:50.734_0000.root
Unix Timestamp: 1710129830
Total Number of Events: 209
Loading file: /storage/hive/project/phy-otte/shared/Trinity/Data/20240311/RawDataMerged/CoBo0_AsAd0_2024-03-11T02:25:50.843_0000.root
Unix Timestamp: 1710123950
Total Number of Events: 0
Loading file: /storage/hive/project/phy-otte/shared/Trinity/Data/20240311/RawDataMerged/CoBo0_AsAd0_2024-03-11T06:07:50.344_0000.root
Unix Timestamp: 1710137270
Total Number of Events: 177
Loading file: /storage/hive/project/phy-otte/shared/Trinity/Data/20240311/RawDataMerged/CoBo0_AsAd0_2024-03-11T09:25:50.445_0000.root
Unix Timestamp: 1710149150
Total Number of Events: 468
Loading file: /storage/hive/project/phy-otte/shared/Trinity/Data/20240311/RawDataMerged/CoBo0_AsAd0_2024-03-11T08:29:50.594_0000.root
Unix Timestamp: 1710145790
Total Number of Events: 327
Loading file: /storage/hive/project/phy-otte/shared/Trinity/Data/20240311/RawDataMerged/CoBo0_AsAd0_2024-03-11T03:41:50.349_0000.root
Unix Timestamp: 1710128510
Total Number of Events: 264
Loading file: /storage/hive/project/phy-otte/shared/Trinity/Data/20240311/RawDataMerged/CoBo0_AsAd0_2024-03-11T05:03:50.880_0000.root
Unix Timestamp: 1710133430
Total Number of Events: 146
Loading file: /storage/hive/project/phy-otte/shared/Trinity/Data/20240311/RawDataMerged/CoBo0_AsAd0_2024-03-11T12:07:50.500_0000.root
Unix Timestamp: 1710158870
Total Number of Events: 899
Loading file: /storage/hive/project/phy-otte/shared/Trinity/Data/20240311/RawDataMerged/CoBo0_AsAd0_2024-03-11T04:59:50.749_0000.root
Unix Timestamp: 1710133190
Total Number of Events: 147
Loading file: /storage/hive/project/phy-otte/shared/Trinity/Data/20240311/RawDataMerged/CoBo0_AsAd0_2024-03-11T06:21:51.047_0000.root
Unix Timestamp: 1710138111
Total Number of Events: 177
Loading file: /storage/hive/project/phy-otte/shared/Trinity/Data/20240311/RawDataMerged/CoBo0_AsAd0_2024-03-11T03:47:50.336_0000.root
Unix Timestamp: 1710128870
Total Number of Events: 239
Loading file: /storage/hive/project/phy-otte/shared/Trinity/Data/20240311/RawDataMerged/CoBo0_AsAd0_2024-03-11T08:45:50.468_0000.root
Unix Timestamp: 1710146750
Total Number of Events: 351
Loading file: /storage/hive/project/phy-otte/shared/Trinity/Data/20240311/RawDataMerged/CoBo0_AsAd0_2024-03-11T04:55:50.543_0000.root
Unix Timestamp: 1710132950
Total Number of Events: 146
Loading file: /storage/hive/project/phy-otte/shared/Trinity/Data/20240311/RawDataMerged/CoBo0_AsAd0_2024-03-11T11:45:50.455_0000.root
Unix Timestamp: 1710157550
Total Number of Events: 675
Loading file: /storage/hive/project/phy-otte/shared/Trinity/Data/20240311/RawDataMerged/CoBo0_AsAd0_2024-03-11T09:55:50.539_0000.root
Unix Timestamp: 1710150950
Total Number of Events: 525
Loading file: /storage/hive/project/phy-otte/shared/Trinity/Data/20240311/RawDataMerged/CoBo0_AsAd0_2024-03-11T06:55:50.842_0000.root
Unix Timestamp: 1710140150
Total Number of Events: 157
Loading file: /storage/hive/project/phy-otte/shared/Trinity/Data/20240311/RawDataMerged/CoBo0_AsAd0_2024-03-11T08:59:50.563_0000.root
Unix Timestamp: 1710147590
Total Number of Events: 381
Loading file: /storage/hive/project/phy-otte/shared/Trinity/Data/20240311/RawDataMerged/CoBo0_AsAd0_2024-03-11T02:23:50.844_0000.root
Unix Timestamp: 1710123830
Total Number of Events: 0
Loading file: /storage/hive/project/phy-otte/shared/Trinity/Data/20240311/RawDataMerged/CoBo0_AsAd0_2024-03-11T05:45:50.606_0000.root
Unix Timestamp: 1710135950
Total Number of Events: 190
Loading file: /storage/hive/project/phy-otte/shared/Trinity/Data/20240311/RawDataMerged/CoBo0_AsAd0_2024-03-11T07:15:50.357_0000.root
Unix Timestamp: 1710141350
Total Number of Events: 178
Loading file: /storage/hive/project/phy-otte/shared/Trinity/Data/20240311/RawDataMerged/CoBo0_AsAd0_2024-03-11T04:47:50.710_0000.root
Unix Timestamp: 1710132470
Total Number of Events: 139
Loading file: /storage/hive/project/phy-otte/shared/Trinity/Data/20240311/RawDataMerged/CoBo0_AsAd0_2024-03-11T07:33:50.472_0000.root
Unix Timestamp: 1710142430
Total Number of Events: 211
Loading file: /storage/hive/project/phy-otte/shared/Trinity/Data/20240311/RawDataMerged/CoBo0_AsAd0_2024-03-11T08:15:50.402_0000.root
Unix Timestamp: 1710144950
Total Number of Events: 319
Loading file: /storage/hive/project/phy-otte/shared/Trinity/Data/20240311/RawDataMerged/CoBo0_AsAd0_2024-03-11T08:07:50.626_0000.root
Unix Timestamp: 1710144470
Total Number of Events: 314
Loading file: /storage/hive/project/phy-otte/shared/Trinity/Data/20240311/RawDataMerged/CoBo0_AsAd0_2024-03-11T08:19:50.694_0000.root
Unix Timestamp: 1710145190
Total Number of Events: 316
Loading file: /storage/hive/project/phy-otte/shared/Trinity/Data/20240311/RawDataMerged/CoBo0_AsAd0_2024-03-11T10:03:50.523_0000.root
Unix Timestamp: 1710151430
Total Number of Events: 599
Loading file: /storage/hive/project/phy-otte/shared/Trinity/Data/20240311/RawDataMerged/CoBo0_AsAd0_2024-03-11T03:29:50.362_0000.root
Unix Timestamp: 1710127790
Total Number of Events: 260
Loading file: /storage/hive/project/phy-otte/shared/Trinity/Data/20240311/RawDataMerged/CoBo0_AsAd0_2024-03-11T03:37:50.350_0000.root
Unix Timestamp: 1710128270
Total Number of Events: 259
Loading file: /storage/hive/project/phy-otte/shared/Trinity/Data/20240311/RawDataMerged/CoBo0_AsAd0_2024-03-11T02:49:51.687_0000.root
Unix Timestamp: 1710125391
Total Number of Events: 23
Loading file: /storage/hive/project/phy-otte/shared/Trinity/Data/20240311/RawDataMerged/CoBo0_AsAd0_2024-03-11T11:01:50.522_0000.root
Unix Timestamp: 1710154910
Total Number of Events: 746
Loading file: /storage/hive/project/phy-otte/shared/Trinity/Data/20240311/RawDataMerged/CoBo0_AsAd0_2024-03-11T05:09:51.037_0000.root
Unix Timestamp: 1710133791
Total Number of Events: 158
Loading file: /storage/hive/project/phy-otte/shared/Trinity/Data/20240311/RawDataMerged/CoBo0_AsAd0_2024-03-11T03:27:50.397_0000.root
Unix Timestamp: 1710127670
Total Number of Events: 262
Loading file: /storage/hive/project/phy-otte/shared/Trinity/Data/20240311/RawDataMerged/CoBo0_AsAd0_2024-03-11T06:45:50.903_0000.root
Unix Timestamp: 1710139550
Total Number of Events: 157
Loading file: /storage/hive/project/phy-otte/shared/Trinity/Data/20240311/RawDataMerged/CoBo0_AsAd0_2024-03-11T05:21:50.925_0000.root
Unix Timestamp: 1710134510
Total Number of Events: 175
Loading file: /storage/hive/project/phy-otte/shared/Trinity/Data/20240311/RawDataMerged/CoBo0_AsAd0_2024-03-11T09:15:50.451_0000.root
Unix Timestamp: 1710148550
Total Number of Events: 422
Loading file: /storage/hive/project/phy-otte/shared/Trinity/Data/20240311/RawDataMerged/CoBo0_AsAd0_2024-03-11T06:23:50.581_0000.root
Unix Timestamp: 1710138230
Total Number of Events: 169
Loading file: /storage/hive/project/phy-otte/shared/Trinity/Data/20240311/RawDataMerged/CoBo0_AsAd0_2024-03-11T09:43:50.480_0000.root
Unix Timestamp: 1710150230
Total Number of Events: 493
Loading file: /storage/hive/project/phy-otte/shared/Trinity/Data/20240311/RawDataMerged/CoBo0_AsAd0_2024-03-11T09:29:50.478_0000.root
Unix Timestamp: 1710149390
Total Number of Events: 470
Loading file: /storage/hive/project/phy-otte/shared/Trinity/Data/20240311/RawDataMerged/CoBo0_AsAd0_2024-03-11T10:17:50.356_0000.root
Unix Timestamp: 1710152270
Total Number of Events: 723
Loading file: /storage/hive/project/phy-otte/shared/Trinity/Data/20240311/RawDataMerged/CoBo0_AsAd0_2024-03-11T03:43:50.631_0000.root
Unix Timestamp: 1710128630
Total Number of Events: 257
Loading file: /storage/hive/project/phy-otte/shared/Trinity/Data/20240311/RawDataMerged/CoBo0_AsAd0_2024-03-11T06:47:50.575_0000.root
Unix Timestamp: 1710139670
Total Number of Events: 154
Loading file: /storage/hive/project/phy-otte/shared/Trinity/Data/20240311/RawDataMerged/CoBo0_AsAd0_2024-03-11T07:09:50.642_0000.root
Unix Timestamp: 1710140990
Total Number of Events: 164
Loading file: /storage/hive/project/phy-otte/shared/Trinity/Data/20240311/RawDataMerged/CoBo0_AsAd0_2024-03-11T04:25:50.560_0000.root
Unix Timestamp: 1710131150
Total Number of Events: 171
Loading file: /storage/hive/project/phy-otte/shared/Trinity/Data/20240311/RawDataMerged/CoBo0_AsAd0_2024-03-11T11:33:50.387_0000.root
Unix Timestamp: 1710156830
Total Number of Events: 707
Loading file: /storage/hive/project/phy-otte/shared/Trinity/Data/20240311/RawDataMerged/CoBo0_AsAd0_2024-03-11T11:27:50.362_0000.root
Unix Timestamp: 1710156470
Total Number of Events: 779
Loading file: /storage/hive/project/phy-otte/shared/Trinity/Data/20240311/RawDataMerged/CoBo0_AsAd0_2024-03-11T11:21:50.367_0000.root
Unix Timestamp: 1710156110
Total Number of Events: 832
Loading file: /storage/hive/project/phy-otte/shared/Trinity/Data/20240311/RawDataMerged/CoBo0_AsAd0_2024-03-11T05:59:50.527_0000.root
Unix Timestamp: 1710136790
Total Number of Events: 181
Loading file: /storage/hive/project/phy-otte/shared/Trinity/Data/20240311/RawDataMerged/CoBo0_AsAd0_2024-03-11T03:59:50.800_0000.root
Unix Timestamp: 1710129590
Total Number of Events: 227
Loading file: /storage/hive/project/phy-otte/shared/Trinity/Data/20240311/RawDataMerged/CoBo0_AsAd0_2024-03-11T10:25:50.445_0000.root
Unix Timestamp: 1710152750
Total Number of Events: 821
Loading file: /storage/hive/project/phy-otte/shared/Trinity/Data/20240311/RawDataMerged/CoBo0_AsAd0_2024-03-11T10:05:50.530_0000.root
Unix Timestamp: 1710151550
Total Number of Events: 614
Loading file: /storage/hive/project/phy-otte/shared/Trinity/Data/20240311/RawDataMerged/CoBo0_AsAd0_2024-03-11T04:39:50.435_0000.root
Unix Timestamp: 1710131990
Total Number of Events: 154
Loading file: /storage/hive/project/phy-otte/shared/Trinity/Data/20240311/RawDataMerged/CoBo0_AsAd0_2024-03-11T05:27:50.591_0000.root
Unix Timestamp: 1710134870
Total Number of Events: 179
Loading file: /storage/hive/project/phy-otte/shared/Trinity/Data/20240311/RawDataMerged/CoBo0_AsAd0_2024-03-11T07:13:50.804_0000.root
Unix Timestamp: 1710141230
Total Number of Events: 173
Loading file: /storage/hive/project/phy-otte/shared/Trinity/Data/20240311/RawDataMerged/CoBo0_AsAd0_2024-03-11T02:55:52.033_0000.root
Unix Timestamp: 1710125752
Total Number of Events: 17
Loading file: /storage/hive/project/phy-otte/shared/Trinity/Data/20240311/RawDataMerged/CoBo0_AsAd0_2024-03-11T06:27:50.542_0000.root
Unix Timestamp: 1710138470
Total Number of Events: 162
Loading file: /storage/hive/project/phy-otte/shared/Trinity/Data/20240311/RawDataMerged/CoBo0_AsAd0_2024-03-11T11:23:50.365_0000.root
Unix Timestamp: 1710156230
Total Number of Events: 829
Loading file: /storage/hive/project/phy-otte/shared/Trinity/Data/20240311/RawDataMerged/CoBo0_AsAd0_2024-03-11T05:35:50.708_0000.root
Unix Timestamp: 1710135350
Total Number of Events: 185
Loading file: /storage/hive/project/phy-otte/shared/Trinity/Data/20240311/RawDataMerged/CoBo0_AsAd0_2024-03-11T06:43:50.897_0000.root
Unix Timestamp: 1710139430
Total Number of Events: 157
Loading file: /storage/hive/project/phy-otte/shared/Trinity/Data/20240311/RawDataMerged/CoBo0_AsAd0_2024-03-11T09:39:50.464_0000.root
Unix Timestamp: 1710149990
Total Number of Events: 487
Loading file: /storage/hive/project/phy-otte/shared/Trinity/Data/20240311/RawDataMerged/CoBo0_AsAd0_2024-03-11T10:09:50.488_0000.root
Unix Timestamp: 1710151790
Total Number of Events: 646
Loading file: /storage/hive/project/phy-otte/shared/Trinity/Data/20240311/RawDataMerged/CoBo0_AsAd0_2024-03-11T04:57:50.357_0000.root
Unix Timestamp: 1710133070
Total Number of Events: 149
Loading file: /storage/hive/project/phy-otte/shared/Trinity/Data/20240311/RawDataMerged/CoBo0_AsAd0_2024-03-11T11:07:50.459_0000.root
Unix Timestamp: 1710155270
Total Number of Events: 754
Loading file: /storage/hive/project/phy-otte/shared/Trinity/Data/20240311/RawDataMerged/CoBo0_AsAd0_2024-03-11T11:25:50.454_0000.root
Unix Timestamp: 1710156350
Total Number of Events: 823
Loading file: /storage/hive/project/phy-otte/shared/Trinity/Data/20240311/RawDataMerged/CoBo0_AsAd0_2024-03-11T11:13:50.435_0000.root
Unix Timestamp: 1710155630
Total Number of Events: 754
Loading file: /storage/hive/project/phy-otte/shared/Trinity/Data/20240311/RawDataMerged/CoBo0_AsAd0_2024-03-11T07:55:50.786_0000.root
Unix Timestamp: 1710143750
Total Number of Events: 283
Loading file: /storage/hive/project/phy-otte/shared/Trinity/Data/20240311/RawDataMerged/CoBo0_AsAd0_2024-03-11T05:39:50.441_0000.root
Unix Timestamp: 1710135590
Total Number of Events: 190
Loading file: /storage/hive/project/phy-otte/shared/Trinity/Data/20240311/RawDataMerged/CoBo0_AsAd0_2024-03-11T05:07:50.555_0000.root
Unix Timestamp: 1710133670
Total Number of Events: 157
Loading file: /storage/hive/project/phy-otte/shared/Trinity/Data/20240311/RawDataMerged/CoBo0_AsAd0_2024-03-11T05:13:50.776_0000.root
Unix Timestamp: 1710134030
Total Number of Events: 159
Loading file: /storage/hive/project/phy-otte/shared/Trinity/Data/20240311/RawDataMerged/CoBo0_AsAd0_2024-03-11T08:47:50.478_0000.root
Unix Timestamp: 1710146870
Total Number of Events: 351
Loading file: /storage/hive/project/phy-otte/shared/Trinity/Data/20240311/RawDataMerged/CoBo0_AsAd0_2024-03-11T05:53:50.743_0000.root
Unix Timestamp: 1710136430
Total Number of Events: 185
Loading file: /storage/hive/project/phy-otte/shared/Trinity/Data/20240311/RawDataMerged/CoBo0_AsAd0_2024-03-11T06:03:50.464_0000.root
Unix Timestamp: 1710137030
Total Number of Events: 177
Loading file: /storage/hive/project/phy-otte/shared/Trinity/Data/20240311/RawDataMerged/CoBo0_AsAd0_2024-03-11T10:19:50.377_0000.root
Unix Timestamp: 1710152390
Total Number of Events: 745
Loading file: /storage/hive/project/phy-otte/shared/Trinity/Data/20240311/RawDataMerged/CoBo0_AsAd0_2024-03-11T10:51:50.477_0000.root
Unix Timestamp: 1710154310
Total Number of Events: 831
Loading file: /storage/hive/project/phy-otte/shared/Trinity/Data/20240311/RawDataMerged/CoBo0_AsAd0_2024-03-11T10:13:50.405_0000.root
Unix Timestamp: 1710152030
Total Number of Events: 689
Loading file: /storage/hive/project/phy-otte/shared/Trinity/Data/20240311/RawDataMerged/CoBo0_AsAd0_2024-03-11T02:21:50.844_0000.root
Unix Timestamp: 1710123710
Total Number of Events: 0
Loading file: /storage/hive/project/phy-otte/shared/Trinity/Data/20240311/RawDataMerged/CoBo0_AsAd0_2024-03-11T11:29:50.377_0000.root
Unix Timestamp: 1710156590
Total Number of Events: 765
Loading file: /storage/hive/project/phy-otte/shared/Trinity/Data/20240311/RawDataMerged/CoBo0_AsAd0_2024-03-11T07:23:50.717_0000.root
Unix Timestamp: 1710141830
Total Number of Events: 186
Loading file: /storage/hive/project/phy-otte/shared/Trinity/Data/20240311/RawDataMerged/CoBo0_AsAd0_2024-03-11T07:49:50.634_0000.root
Unix Timestamp: 1710143390
Total Number of Events: 266
Loading file: /storage/hive/project/phy-otte/shared/Trinity/Data/20240311/RawDataMerged/CoBo0_AsAd0_2024-03-11T06:49:50.604_0000.root
Unix Timestamp: 1710139790
Total Number of Events: 154
Loading file: /storage/hive/project/phy-otte/shared/Trinity/Data/20240311/RawDataMerged/CoBo0_AsAd0_2024-03-11T02:15:50.843_0000.root
Unix Timestamp: 1710123350
Total Number of Events: 0
Loading file: /storage/hive/project/phy-otte/shared/Trinity/Data/20240311/RawDataMerged/CoBo0_AsAd0_2024-03-11T08:39:50.648_0000.root
Unix Timestamp: 1710146390
Total Number of Events: 351
Loading file: /storage/hive/project/phy-otte/shared/Trinity/Data/20240311/RawDataMerged/CoBo0_AsAd0_2024-03-11T09:19:50.389_0000.root
Unix Timestamp: 1710148790
Total Number of Events: 443
Loading file: /storage/hive/project/phy-otte/shared/Trinity/Data/20240311/RawDataMerged/CoBo0_AsAd0_2024-03-11T08:01:50.722_0000.root
Unix Timestamp: 1710144110
Total Number of Events: 310
Loading file: /storage/hive/project/phy-otte/shared/Trinity/Data/20240311/RawDataMerged/CoBo0_AsAd0_2024-03-11T10:37:50.413_0000.root
Unix Timestamp: 1710153470
Total Number of Events: 888
Loading file: /storage/hive/project/phy-otte/shared/Trinity/Data/20240311/RawDataMerged/CoBo0_AsAd0_2024-03-11T04:13:50.337_0000.root
Unix Timestamp: 1710130430
Total Number of Events: 183
Loading file: /storage/hive/project/phy-otte/shared/Trinity/Data/20240311/RawDataMerged/CoBo0_AsAd0_2024-03-11T05:33:50.876_0000.root
Unix Timestamp: 1710135230
Total Number of Events: 192
Loading file: /storage/hive/project/phy-otte/shared/Trinity/Data/20240311/RawDataMerged/CoBo0_AsAd0_2024-03-11T05:15:50.714_0000.root
Unix Timestamp: 1710134150
Total Number of Events: 165
Loading file: /storage/hive/project/phy-otte/shared/Trinity/Data/20240311/RawDataMerged/CoBo0_AsAd0_2024-03-11T04:23:50.592_0000.root
Unix Timestamp: 1710131030
Total Number of Events: 171
Loading file: /storage/hive/project/phy-otte/shared/Trinity/Data/20240311/RawDataMerged/CoBo0_AsAd0_2024-03-11T03:51:50.732_0000.root
Unix Timestamp: 1710129110
Total Number of Events: 233
Loading file: /storage/hive/project/phy-otte/shared/Trinity/Data/20240311/RawDataMerged/CoBo0_AsAd0_2024-03-11T11:37:50.466_0000.root
Unix Timestamp: 1710157070
Total Number of Events: 686
Loading file: /storage/hive/project/phy-otte/shared/Trinity/Data/20240311/RawDataMerged/CoBo0_AsAd0_2024-03-11T04:01:50.597_0000.root
Unix Timestamp: 1710129710
Total Number of Events: 221
Loading file: /storage/hive/project/phy-otte/shared/Trinity/Data/20240311/RawDataMerged/CoBo0_AsAd0_2024-03-11T02:13:43.981_0000.root
Unix Timestamp: 1710123223
Total Number of Events: 0
Loading file: /storage/hive/project/phy-otte/shared/Trinity/Data/20240311/RawDataMerged/CoBo0_AsAd0_2024-03-11T11:15:50.539_0000.root
Unix Timestamp: 1710155750
Total Number of Events: 760
Loading file: /storage/hive/project/phy-otte/shared/Trinity/Data/20240311/RawDataMerged/CoBo0_AsAd0_2024-03-11T10:07:50.386_0000.root
Unix Timestamp: 1710151670
Total Number of Events: 619
Loading file: /storage/hive/project/phy-otte/shared/Trinity/Data/20240311/RawDataMerged/CoBo0_AsAd0_2024-03-11T05:41:50.441_0000.root
Unix Timestamp: 1710135710
Total Number of Events: 190
Loading file: /storage/hive/project/phy-otte/shared/Trinity/Data/20240311/RawDataMerged/CoBo0_AsAd0_2024-03-11T11:49:50.611_0000.root
Unix Timestamp: 1710157790
Total Number of Events: 685
Loading file: /storage/hive/project/phy-otte/shared/Trinity/Data/20240311/RawDataMerged/CoBo0_AsAd0_2024-03-11T11:31:50.423_0000.root
Unix Timestamp: 1710156710
Total Number of Events: 715
Loading file: /storage/hive/project/phy-otte/shared/Trinity/Data/20240311/RawDataMerged/CoBo0_AsAd0_2024-03-11T06:17:50.770_0000.root
Unix Timestamp: 1710137870
Total Number of Events: 176
Loading file: /storage/hive/project/phy-otte/shared/Trinity/Data/20240311/RawDataMerged/CoBo0_AsAd0_2024-03-11T04:19:50.498_0000.root
Unix Timestamp: 1710130790
Total Number of Events: 176
Loading file: /storage/hive/project/phy-otte/shared/Trinity/Data/20240311/RawDataMerged/CoBo0_AsAd0_2024-03-11T11:47:50.388_0000.root
Unix Timestamp: 1710157670
Total Number of Events: 685
Loading file: /storage/hive/project/phy-otte/shared/Trinity/Data/20240311/RawDataMerged/CoBo0_AsAd0_2024-03-11T07:29:50.447_0000.root
Unix Timestamp: 1710142190
Total Number of Events: 196
Loading file: /storage/hive/project/phy-otte/shared/Trinity/Data/20240311/RawDataMerged/CoBo0_AsAd0_2024-03-11T03:55:50.641_0000.root
Unix Timestamp: 1710129350
Total Number of Events: 241
Loading file: /storage/hive/project/phy-otte/shared/Trinity/Data/20240311/RawDataMerged/CoBo0_AsAd0_2024-03-11T06:01:50.846_0000.root
Unix Timestamp: 1710136910
Total Number of Events: 177
Loading file: /storage/hive/project/phy-otte/shared/Trinity/Data/20240311/RawDataMerged/CoBo0_AsAd0_2024-03-11T09:05:50.371_0000.root
Unix Timestamp: 1710147950
Total Number of Events: 401
Loading file: /storage/hive/project/phy-otte/shared/Trinity/Data/20240311/RawDataMerged/CoBo0_AsAd0_2024-03-11T08:27:50.406_0000.root
Unix Timestamp: 1710145670
Total Number of Events: 324
Loading file: /storage/hive/project/phy-otte/shared/Trinity/Data/20240311/RawDataMerged/CoBo0_AsAd0_2024-03-11T09:23:50.487_0000.root
Unix Timestamp: 1710149030
Total Number of Events: 468
Loading file: /storage/hive/project/phy-otte/shared/Trinity/Data/20240311/RawDataMerged/CoBo0_AsAd0_2024-03-11T08:31:50.533_0000.root
Unix Timestamp: 1710145910
Total Number of Events: 331
Loading file: /storage/hive/project/phy-otte/shared/Trinity/Data/20240311/RawDataMerged/CoBo0_AsAd0_2024-03-11T07:51:50.536_0000.root
Unix Timestamp: 1710143510
Total Number of Events: 272
Loading file: /storage/hive/project/phy-otte/shared/Trinity/Data/20240311/RawDataMerged/CoBo0_AsAd0_2024-03-11T12:05:50.509_0000.root
Unix Timestamp: 1710158750
Total Number of Events: 875
Loading file: /storage/hive/project/phy-otte/shared/Trinity/Data/20240311/RawDataMerged/CoBo0_AsAd0_2024-03-11T05:01:50.927_0000.root
Unix Timestamp: 1710133310
Total Number of Events: 146
Loading file: /storage/hive/project/phy-otte/shared/Trinity/Data/20240311/RawDataMerged/CoBo0_AsAd0_2024-03-11T06:41:50.608_0000.root
Unix Timestamp: 1710139310
Total Number of Events: 155
Loading file: /storage/hive/project/phy-otte/shared/Trinity/Data/20240311/RawDataMerged/CoBo0_AsAd0_2024-03-11T09:41:50.500_0000.root
Unix Timestamp: 1710150110
Total Number of Events: 493
Loading file: /storage/hive/project/phy-otte/shared/Trinity/Data/20240311/RawDataMerged/CoBo0_AsAd0_2024-03-11T08:33:50.444_0000.root
Unix Timestamp: 1710146030
Total Number of Events: 341
Loading file: /storage/hive/project/phy-otte/shared/Trinity/Data/20240311/RawDataMerged/CoBo0_AsAd0_2024-03-11T11:19:50.443_0000.root
Unix Timestamp: 1710155990
Total Number of Events: 811
Loading file: /storage/hive/project/phy-otte/shared/Trinity/Data/20240311/RawDataMerged/CoBo0_AsAd0_2024-03-11T08:51:50.493_0000.root
Unix Timestamp: 1710147110
Total Number of Events: 353
Loading file: /storage/hive/project/phy-otte/shared/Trinity/Data/20240311/RawDataMerged/CoBo0_AsAd0_2024-03-11T06:11:50.389_0000.root
Unix Timestamp: 1710137510
Total Number of Events: 176
Loading file: /storage/hive/project/phy-otte/shared/Trinity/Data/20240311/RawDataMerged/CoBo0_AsAd0_2024-03-11T02:57:54.898_0000.root
Unix Timestamp: 1710125874
Total Number of Events: 16
Loading file: /storage/hive/project/phy-otte/shared/Trinity/Data/20240311/RawDataMerged/CoBo0_AsAd0_2024-03-11T04:15:51.130_0000.root
Unix Timestamp: 1710130551
Total Number of Events: 180
Loading file: /storage/hive/project/phy-otte/shared/Trinity/Data/20240311/RawDataMerged/CoBo0_AsAd0_2024-03-11T11:53:50.404_0000.root
Unix Timestamp: 1710158030
Total Number of Events: 719
Loading file: /storage/hive/project/phy-otte/shared/Trinity/Data/20240311/RawDataMerged/CoBo0_AsAd0_2024-03-11T08:09:50.430_0000.root
Unix Timestamp: 1710144590
Total Number of Events: 314
Loading file: /storage/hive/project/phy-otte/shared/Trinity/Data/20240311/RawDataMerged/CoBo0_AsAd0_2024-03-11T12:03:50.452_0000.root
Unix Timestamp: 1710158630
Total Number of Events: 839
Loading file: /storage/hive/project/phy-otte/shared/Trinity/Data/20240311/RawDataMerged/CoBo0_AsAd0_2024-03-11T08:11:50.539_0000.root
Unix Timestamp: 1710144710
Total Number of Events: 321
Loading file: /storage/hive/project/phy-otte/shared/Trinity/Data/20240311/RawDataMerged/CoBo0_AsAd0_2024-03-11T02:31:50.844_0000.root
Unix Timestamp: 1710124310
Total Number of Events: 0
Loading file: /storage/hive/project/phy-otte/shared/Trinity/Data/20240311/RawDataMerged/CoBo0_AsAd0_2024-03-11T09:33:50.531_0000.root
Unix Timestamp: 1710149630
Total Number of Events: 478
Loading file: /storage/hive/project/phy-otte/shared/Trinity/Data/20240311/RawDataMerged/CoBo0_AsAd0_2024-03-11T07:43:50.416_0000.root
Unix Timestamp: 1710143030
Total Number of Events: 238
Loading file: /storage/hive/project/phy-otte/shared/Trinity/Data/20240311/RawDataMerged/CoBo0_AsAd0_2024-03-11T09:45:50.435_0000.root
Unix Timestamp: 1710150350
Total Number of Events: 492
Loading file: /storage/hive/project/phy-otte/shared/Trinity/Data/20240311/RawDataMerged/CoBo0_AsAd0_2024-03-11T11:05:50.446_0000.root
Unix Timestamp: 1710155150
Total Number of Events: 742
Loading file: /storage/hive/project/phy-otte/shared/Trinity/Data/20240311/RawDataMerged/CoBo0_AsAd0_2024-03-11T03:31:50.473_0000.root
Unix Timestamp: 1710127910
Total Number of Events: 259
Loading file: /storage/hive/project/phy-otte/shared/Trinity/Data/20240311/RawDataMerged/CoBo0_AsAd0_2024-03-11T06:51:50.569_0000.root
Unix Timestamp: 1710139910
Total Number of Events: 156
Loading file: /storage/hive/project/phy-otte/shared/Trinity/Data/20240311/RawDataMerged/CoBo0_AsAd0_2024-03-11T08:55:50.595_0000.root
Unix Timestamp: 1710147350
Total Number of Events: 377
Loading file: /storage/hive/project/phy-otte/shared/Trinity/Data/20240311/RawDataMerged/CoBo0_AsAd0_2024-03-11T10:15:50.435_0000.root
Unix Timestamp: 1710152150
Total Number of Events: 710
Loading file: /storage/hive/project/phy-otte/shared/Trinity/Data/20240311/RawDataMerged/CoBo0_AsAd0_2024-03-11T06:33:50.662_0000.root
Unix Timestamp: 1710138830
Total Number of Events: 160
Loading file: /storage/hive/project/phy-otte/shared/Trinity/Data/20240311/RawDataMerged/CoBo0_AsAd0_2024-03-11T03:21:50.581_0000.root
Unix Timestamp: 1710127310
Total Number of Events: 267
Loading file: /storage/hive/project/phy-otte/shared/Trinity/Data/20240311/RawDataMerged/CoBo0_AsAd0_2024-03-11T08:43:50.397_0000.root
Unix Timestamp: 1710146630
Total Number of Events: 347
Loading file: /storage/hive/project/phy-otte/shared/Trinity/Data/20240311/RawDataMerged/CoBo0_AsAd0_2024-03-11T11:35:50.451_0000.root
Unix Timestamp: 1710156950
Total Number of Events: 693
Loading file: /storage/hive/project/phy-otte/shared/Trinity/Data/20240311/RawDataMerged/CoBo0_AsAd0_2024-03-11T09:57:50.493_0000.root
Unix Timestamp: 1710151070
Total Number of Events: 534
Loading file: /storage/hive/project/phy-otte/shared/Trinity/Data/20240311/RawDataMerged/CoBo0_AsAd0_2024-03-11T11:57:50.534_0000.root
Unix Timestamp: 1710158270
Total Number of Events: 742
Loading file: /storage/hive/project/phy-otte/shared/Trinity/Data/20240311/RawDataMerged/CoBo0_AsAd0_2024-03-11T10:21:50.500_0000.root
Unix Timestamp: 1710152510
Total Number of Events: 779
Loading file: /storage/hive/project/phy-otte/shared/Trinity/Data/20240311/RawDataMerged/CoBo0_AsAd0_2024-03-11T11:55:50.382_0000.root
Unix Timestamp: 1710158150
Total Number of Events: 731
Loading file: /storage/hive/project/phy-otte/shared/Trinity/Data/20240311/RawDataMerged/CoBo0_AsAd0_2024-03-11T04:33:50.888_0000.root
Unix Timestamp: 1710131630
Total Number of Events: 168
Loading file: /storage/hive/project/phy-otte/shared/Trinity/Data/20240311/RawDataMerged/CoBo0_AsAd0_2024-03-11T06:57:50.440_0000.root
Unix Timestamp: 1710140270
Total Number of Events: 157
Loading file: /storage/hive/project/phy-otte/shared/Trinity/Data/20240311/RawDataMerged/CoBo0_AsAd0_2024-03-11T05:17:50.633_0000.root
Unix Timestamp: 1710134270
Total Number of Events: 165
Loading file: /storage/hive/project/phy-otte/shared/Trinity/Data/20240311/RawDataMerged/CoBo0_AsAd0_2024-03-11T02:33:50.844_0000.root
Unix Timestamp: 1710124430
Total Number of Events: 0
Loading file: /storage/hive/project/phy-otte/shared/Trinity/Data/20240311/RawDataMerged/CoBo0_AsAd0_2024-03-11T08:05:50.385_0000.root
Unix Timestamp: 1710144350
Total Number of Events: 304
Loading file: /storage/hive/project/phy-otte/shared/Trinity/Data/20240311/RawDataMerged/CoBo0_AsAd0_2024-03-11T09:35:50.408_0000.root
Unix Timestamp: 1710149750
Total Number of Events: 478
Loading file: /storage/hive/project/phy-otte/shared/Trinity/Data/20240311/RawDataMerged/CoBo0_AsAd0_2024-03-11T05:37:50.414_0000.root
Unix Timestamp: 1710135470
Total Number of Events: 185
Loading file: /storage/hive/project/phy-otte/shared/Trinity/Data/20240311/RawDataMerged/CoBo0_AsAd0_2024-03-11T11:11:50.390_0000.root
Unix Timestamp: 1710155510
Total Number of Events: 752
Loading file: /storage/hive/project/phy-otte/shared/Trinity/Data/20240311/RawDataMerged/CoBo0_AsAd0_2024-03-11T05:57:50.556_0000.root
Unix Timestamp: 1710136670
Total Number of Events: 183
Loading file: /storage/hive/project/phy-otte/shared/Trinity/Data/20240311/RawDataMerged/CoBo0_AsAd0_2024-03-11T07:41:50.519_0000.root
Unix Timestamp: 1710142910
Total Number of Events: 227
Loading file: /storage/hive/project/phy-otte/shared/Trinity/Data/20240311/RawDataMerged/CoBo0_AsAd0_2024-03-11T05:25:50.842_0000.root
Unix Timestamp: 1710134750
Total Number of Events: 179
Loading file: /storage/hive/project/phy-otte/shared/Trinity/Data/20240311/RawDataMerged/CoBo0_AsAd0_2024-03-11T10:45:50.422_0000.root
Unix Timestamp: 1710153950
Total Number of Events: 842
Loading file: /storage/hive/project/phy-otte/shared/Trinity/Data/20240311/RawDataMerged/CoBo0_AsAd0_2024-03-11T09:53:50.516_0000.root
Unix Timestamp: 1710150830
Total Number of Events: 523
Loading file: /storage/hive/project/phy-otte/shared/Trinity/Data/20240311/RawDataMerged/CoBo0_AsAd0_2024-03-11T10:41:50.453_0000.root
Unix Timestamp: 1710153710
Total Number of Events: 886
Loading file: /storage/hive/project/phy-otte/shared/Trinity/Data/20240311/RawDataMerged/CoBo0_AsAd0_2024-03-11T07:45:50.503_0000.root
Unix Timestamp: 1710143150
Total Number of Events: 257
Loading file: /storage/hive/project/phy-otte/shared/Trinity/Data/20240311/RawDataMerged/CoBo0_AsAd0_2024-03-11T04:11:50.559_0000.root
Unix Timestamp: 1710130310
Total Number of Events: 189
Loading file: /storage/hive/project/phy-otte/shared/Trinity/Data/20240311/RawDataMerged/CoBo0_AsAd0_2024-03-11T05:55:50.607_0000.root
Unix Timestamp: 1710136550
Total Number of Events: 183
Loading file: /storage/hive/project/phy-otte/shared/Trinity/Data/20240311/RawDataMerged/CoBo0_AsAd0_2024-03-11T04:37:50.599_0000.root
Unix Timestamp: 1710131870
Total Number of Events: 161
Loading file: /storage/hive/project/phy-otte/shared/Trinity/Data/20240311/RawDataMerged/CoBo0_AsAd0_2024-03-11T09:59:50.540_0000.root
Unix Timestamp: 1710151190
Total Number of Events: 540
Loading file: /storage/hive/project/phy-otte/shared/Trinity/Data/20240311/RawDataMerged/CoBo0_AsAd0_2024-03-11T08:17:50.623_0000.root
Unix Timestamp: 1710145070
Total Number of Events: 316
Loading file: /storage/hive/project/phy-otte/shared/Trinity/Data/20240311/RawDataMerged/CoBo0_AsAd0_2024-03-11T09:21:50.613_0000.root
Unix Timestamp: 1710148910
Total Number of Events: 459
Loading file: /storage/hive/project/phy-otte/shared/Trinity/Data/20240311/RawDataMerged/CoBo0_AsAd0_2024-03-11T08:13:50.652_0000.root
Unix Timestamp: 1710144830
Total Number of Events: 319
Loading file: /storage/hive/project/phy-otte/shared/Trinity/Data/20240311/RawDataMerged/CoBo0_AsAd0_2024-03-11T10:27:50.362_0000.root
Unix Timestamp: 1710152870
Total Number of Events: 821
Loading file: /storage/hive/project/phy-otte/shared/Trinity/Data/20240311/RawDataMerged/CoBo0_AsAd0_2024-03-11T04:17:50.557_0000.root
Unix Timestamp: 1710130670
Total Number of Events: 176
Loading file: /storage/hive/project/phy-otte/shared/Trinity/Data/20240311/RawDataMerged/CoBo0_AsAd0_2024-03-11T12:13:50.364_0000.root
Unix Timestamp: 1710159230
Total Number of Events: 1043
Loading file: /storage/hive/project/phy-otte/shared/Trinity/Data/20240311/RawDataMerged/CoBo0_AsAd0_2024-03-11T10:47:50.480_0000.root
Unix Timestamp: 1710154070
Total Number of Events: 831
Loading file: /storage/hive/project/phy-otte/shared/Trinity/Data/20240311/RawDataMerged/CoBo0_AsAd0_2024-03-11T07:37:50.675_0000.root
Unix Timestamp: 1710142670
Total Number of Events: 223
Loading file: /storage/hive/project/phy-otte/shared/Trinity/Data/20240311/RawDataMerged/CoBo0_AsAd0_2024-03-11T09:31:50.424_0000.root
Unix Timestamp: 1710149510
Total Number of Events: 478
Loading file: /storage/hive/project/phy-otte/shared/Trinity/Data/20240311/RawDataMerged/CoBo0_AsAd0_2024-03-11T09:27:50.397_0000.root
Unix Timestamp: 1710149270
Total Number of Events: 470
Loading file: /storage/hive/project/phy-otte/shared/Trinity/Data/20240311/RawDataMerged/CoBo0_AsAd0_2024-03-11T05:05:50.419_0000.root
Unix Timestamp: 1710133550
Total Number of Events: 153
Loading file: /storage/hive/project/phy-otte/shared/Trinity/Data/20240311/RawDataMerged/CoBo0_AsAd0_2024-03-11T09:47:50.555_0000.root
Unix Timestamp: 1710150470
Total Number of Events: 492
Loading file: /storage/hive/project/phy-otte/shared/Trinity/Data/20240311/RawDataMerged/CoBo0_AsAd0_2024-03-11T03:25:50.438_0000.root
Unix Timestamp: 1710127550
Total Number of Events: 262
Loading file: /storage/hive/project/phy-otte/shared/Trinity/Data/20240311/RawDataMerged/CoBo0_AsAd0_2024-03-11T10:49:50.377_0000.root
Unix Timestamp: 1710154190
Total Number of Events: 831
Loading file: /storage/hive/project/phy-otte/shared/Trinity/Data/20240311/RawDataMerged/CoBo0_AsAd0_2024-03-11T11:51:50.394_0000.root
Unix Timestamp: 1710157910
Total Number of Events: 695
Loading file: /storage/hive/project/phy-otte/shared/Trinity/Data/20240311/RawDataMerged/CoBo0_AsAd0_2024-03-11T07:59:50.532_0000.root
Unix Timestamp: 1710143990
Total Number of Events: 296
Loading file: /storage/hive/project/phy-otte/shared/Trinity/Data/20240311/RawDataMerged/CoBo0_AsAd0_2024-03-11T02:17:50.843_0000.root
Unix Timestamp: 1710123470
Total Number of Events: 0
Loading file: /storage/hive/project/phy-otte/shared/Trinity/Data/20240311/RawDataMerged/CoBo0_AsAd0_2024-03-11T07:19:50.796_0000.root
Unix Timestamp: 1710141590
Total Number of Events: 179
Loading file: /storage/hive/project/phy-otte/shared/Trinity/Data/20240311/RawDataMerged/CoBo0_AsAd0_2024-03-11T06:25:51.020_0000.root
Unix Timestamp: 1710138351
Total Number of Events: 168
Loading file: /storage/hive/project/phy-otte/shared/Trinity/Data/20240311/RawDataMerged/CoBo0_AsAd0_2024-03-11T03:57:50.637_0000.root
Unix Timestamp: 1710129470
Total Number of Events: 234
Loading file: /storage/hive/project/phy-otte/shared/Trinity/Data/20240311/RawDataMerged/CoBo0_AsAd0_2024-03-11T08:23:50.506_0000.root
Unix Timestamp: 1710145430
Total Number of Events: 320
Loading file: /storage/hive/project/phy-otte/shared/Trinity/Data/20240311/RawDataMerged/CoBo0_AsAd0_2024-03-11T06:37:50.983_0000.root
Unix Timestamp: 1710139070
Total Number of Events: 158
Loading file: /storage/hive/project/phy-otte/shared/Trinity/Data/20240311/RawDataMerged/CoBo0_AsAd0_2024-03-11T03:35:50.386_0000.root
Unix Timestamp: 1710128150
Total Number of Events: 259
Loading file: /storage/hive/project/phy-otte/shared/Trinity/Data/20240311/RawDataMerged/CoBo0_AsAd0_2024-03-11T04:43:50.917_0000.root
Unix Timestamp: 1710132230
Total Number of Events: 149
Loading file: /storage/hive/project/phy-otte/shared/Trinity/Data/20240311/RawDataMerged/CoBo0_AsAd0_2024-03-11T12:17:50.386_0000.root
Unix Timestamp: 1710159470
Total Number of Events: 825
Loading file: /storage/hive/project/phy-otte/shared/Trinity/Data/20240311/RawDataMerged/CoBo0_AsAd0_2024-03-11T07:47:50.376_0000.root
Unix Timestamp: 1710143270
Total Number of Events: 262
Loading file: /storage/hive/project/phy-otte/shared/Trinity/Data/20240311/RawDataMerged/CoBo0_AsAd0_2024-03-11T05:51:50.365_0000.root
Unix Timestamp: 1710136310
Total Number of Events: 188
Loading file: /storage/hive/project/phy-otte/shared/Trinity/Data/20240311/RawDataMerged/CoBo0_AsAd0_2024-03-11T10:23:50.393_0000.root
Unix Timestamp: 1710152630
Total Number of Events: 799
Loading file: /storage/hive/project/phy-otte/shared/Trinity/Data/20240311/RawDataMerged/CoBo0_AsAd0_2024-03-11T10:55:50.441_0000.root
Unix Timestamp: 1710154550
Total Number of Events: 800
Loading file: /storage/hive/project/phy-otte/shared/Trinity/Data/20240311/RawDataMerged/CoBo0_AsAd0_2024-03-11T04:49:51.309_0000.root
Unix Timestamp: 1710132591
Total Number of Events: 139
Loading file: /storage/hive/project/phy-otte/shared/Trinity/Data/20240311/RawDataMerged/CoBo0_AsAd0_2024-03-11T04:07:50.701_0000.root
Unix Timestamp: 1710130070
Total Number of Events: 197
Loading file: /storage/hive/project/phy-otte/shared/Trinity/Data/20240311/RawDataMerged/CoBo0_AsAd0_2024-03-11T09:03:50.414_0000.root
Unix Timestamp: 1710147830
Total Number of Events: 391
Loading file: /storage/hive/project/phy-otte/shared/Trinity/Data/20240311/RawDataMerged/CoBo0_AsAd0_2024-03-11T04:09:50.514_0000.root
Unix Timestamp: 1710130190
Total Number of Events: 195
Loading file: /storage/hive/project/phy-otte/shared/Trinity/Data/20240311/RawDataMerged/CoBo0_AsAd0_2024-03-11T08:53:50.563_0000.root
Unix Timestamp: 1710147230
Total Number of Events: 353
Loading file: /storage/hive/project/phy-otte/shared/Trinity/Data/20240311/RawDataMerged/CoBo0_AsAd0_2024-03-11T05:47:50.430_0000.root
Unix Timestamp: 1710136070
Total Number of Events: 191
Loading file: /storage/hive/project/phy-otte/shared/Trinity/Data/20240311/RawDataMerged/CoBo0_AsAd0_2024-03-11T08:03:50.560_0000.root
Unix Timestamp: 1710144230
Total Number of Events: 304
Loading file: /storage/hive/project/phy-otte/shared/Trinity/Data/20240311/RawDataMerged/CoBo0_AsAd0_2024-03-11T06:39:50.579_0000.root
Unix Timestamp: 1710139190
Total Number of Events: 155
Loading file: /storage/hive/project/phy-otte/shared/Trinity/Data/20240311/RawDataMerged/CoBo0_AsAd0_2024-03-11T02:29:50.844_0000.root
Unix Timestamp: 1710124190
Total Number of Events: 0
Loading file: /storage/hive/project/phy-otte/shared/Trinity/Data/20240311/RawDataMerged/CoBo0_AsAd0_2024-03-11T10:57:50.422_0000.root
Unix Timestamp: 1710154670
Total Number of Events: 783
Loading file: /storage/hive/project/phy-otte/shared/Trinity/Data/20240311/RawDataMerged/CoBo0_AsAd0_2024-03-11T12:09:50.476_0000.root
Unix Timestamp: 1710158990
Total Number of Events: 955
Loading file: /storage/hive/project/phy-otte/shared/Trinity/Data/20240311/RawDataMerged/CoBo0_AsAd0_2024-03-11T04:45:51.005_0000.root
Unix Timestamp: 1710132351
Total Number of Events: 142
Loading file: /storage/hive/project/phy-otte/shared/Trinity/Data/20240311/RawDataMerged/CoBo0_AsAd0_2024-03-11T06:35:50.661_0000.root
Unix Timestamp: 1710138950
Total Number of Events: 160
Loading file: /storage/hive/project/phy-otte/shared/Trinity/Data/20240311/RawDataMerged/CoBo0_AsAd0_2024-03-11T09:37:50.378_0000.root
Unix Timestamp: 1710149870
Total Number of Events: 483
Loading file: /storage/hive/project/phy-otte/shared/Trinity/Data/20240311/RawDataMerged/CoBo0_AsAd0_2024-03-11T10:11:50.521_0000.root
Unix Timestamp: 1710151910
Total Number of Events: 651
Loading file: /storage/hive/project/phy-otte/shared/Trinity/Data/20240311/RawDataMerged/CoBo0_AsAd0_2024-03-11T09:51:50.412_0000.root
Unix Timestamp: 1710150710
Total Number of Events: 511
Loading file: /storage/hive/project/phy-otte/shared/Trinity/Data/20240311/RawDataMerged/CoBo0_AsAd0_2024-03-11T12:01:50.397_0000.root
Unix Timestamp: 1710158510
Total Number of Events: 815
Loading file: /storage/hive/project/phy-otte/shared/Trinity/Data/20240311/RawDataMerged/CoBo0_AsAd0_2024-03-11T06:09:50.491_0000.root
Unix Timestamp: 1710137390
Total Number of Events: 176
Loading file: /storage/hive/project/phy-otte/shared/Trinity/Data/20240311/RawDataMerged/CoBo0_AsAd0_2024-03-11T03:49:50.521_0000.root
Unix Timestamp: 1710128990
Total Number of Events: 238
Loading file: /storage/hive/project/phy-otte/shared/Trinity/Data/20240311/RawDataMerged/CoBo0_AsAd0_2024-03-11T07:07:50.445_0000.root
Unix Timestamp: 1710140870
Total Number of Events: 161
Loading file: /storage/hive/project/phy-otte/shared/Trinity/Data/20240311/RawDataMerged/CoBo0_AsAd0_2024-03-11T11:59:50.449_0000.root
Unix Timestamp: 1710158390
Total Number of Events: 760
Loading file: /storage/hive/project/phy-otte/shared/Trinity/Data/20240311/RawDataMerged/CoBo0_AsAd0_2024-03-11T09:49:50.529_0000.root
Unix Timestamp: 1710150590
Total Number of Events: 501
Loading file: /storage/hive/project/phy-otte/shared/Trinity/Data/20240311/RawDataMerged/CoBo0_AsAd0_2024-03-11T07:31:50.500_0000.root
Unix Timestamp: 1710142310
Total Number of Events: 206
Loading file: /storage/hive/project/phy-otte/shared/Trinity/Data/20240311/RawDataMerged/CoBo0_AsAd0_2024-03-11T05:23:50.609_0000.root
Unix Timestamp: 1710134630
Total Number of Events: 175
Loading file: /storage/hive/project/phy-otte/shared/Trinity/Data/20240311/RawDataMerged/CoBo0_AsAd0_2024-03-11T04:53:50.919_0000.root
Unix Timestamp: 1710132830
Total Number of Events: 144
Loading file: /storage/hive/project/phy-otte/shared/Trinity/Data/20240311/RawDataMerged/CoBo0_AsAd0_2024-03-11T02:27:50.843_0000.root
Unix Timestamp: 1710124070
Total Number of Events: 0
Loading file: /storage/hive/project/phy-otte/shared/Trinity/Data/20240311/RawDataMerged/CoBo0_AsAd0_2024-03-11T07:21:50.688_0000.root
Unix Timestamp: 1710141710
Total Number of Events: 186
Loading file: /storage/hive/project/phy-otte/shared/Trinity/Data/20240311/RawDataMerged/CoBo0_AsAd0_2024-03-11T12:15:50.418_0000.root
Unix Timestamp: 1710159350
Total Number of Events: 1099
Loading file: /storage/hive/project/phy-otte/shared/Trinity/Data/20240311/RawDataMerged/CoBo0_AsAd0_2024-03-11T08:21:50.713_0000.root
Unix Timestamp: 1710145310
Total Number of Events: 316
Loading file: /storage/hive/project/phy-otte/shared/Trinity/Data/20240311/RawDataMerged/CoBo0_AsAd0_2024-03-11T10:33:50.440_0000.root
Unix Timestamp: 1710153230
Total Number of Events: 849
Loading file: /storage/hive/project/phy-otte/shared/Trinity/Data/20240311/RawDataMerged/CoBo0_AsAd0_2024-03-11T07:39:50.693_0000.root
Unix Timestamp: 1710142790
Total Number of Events: 223
Loading file: /storage/hive/project/phy-otte/shared/Trinity/Data/20240311/RawDataMerged/CoBo0_AsAd0_2024-03-11T07:27:51.102_0000.root
Unix Timestamp: 1710142071
Total Number of Events: 196
Loading file: /storage/hive/project/phy-otte/shared/Trinity/Data/20240311/RawDataMerged/CoBo0_AsAd0_2024-03-11T06:59:50.684_0000.root
Unix Timestamp: 1710140390
Total Number of Events: 158
Loading file: /storage/hive/project/phy-otte/shared/Trinity/Data/20240311/RawDataMerged/CoBo0_AsAd0_2024-03-11T07:53:50.442_0000.root
Unix Timestamp: 1710143630
Total Number of Events: 275
Loading file: /storage/hive/project/phy-otte/shared/Trinity/Data/20240311/RawDataMerged/CoBo0_AsAd0_2024-03-11T06:29:50.780_0000.root
Unix Timestamp: 1710138590
Total Number of Events: 157
Loading file: /storage/hive/project/phy-otte/shared/Trinity/Data/20240311/RawDataMerged/CoBo0_AsAd0_2024-03-11T10:35:50.406_0000.root
Unix Timestamp: 1710153350
Total Number of Events: 880
Loading file: /storage/hive/project/phy-otte/shared/Trinity/Data/20240311/RawDataMerged/CoBo0_AsAd0_2024-03-11T09:07:50.576_0000.root
Unix Timestamp: 1710148070
Total Number of Events: 409
Loading file: /storage/hive/project/phy-otte/shared/Trinity/Data/20240311/RawDataMerged/CoBo0_AsAd0_2024-03-11T07:03:50.633_0000.root
Unix Timestamp: 1710140630
Total Number of Events: 157
Loading file: /storage/hive/project/phy-otte/shared/Trinity/Data/20240311/RawDataMerged/CoBo0_AsAd0_2024-03-11T06:19:50.406_0000.root
Unix Timestamp: 1710137990
Total Number of Events: 176
Loading file: /storage/hive/project/phy-otte/shared/Trinity/Data/20240311/RawDataMerged/CoBo0_AsAd0_2024-03-11T04:41:50.487_0000.root
Unix Timestamp: 1710132110
Total Number of Events: 154
Loading file: /storage/hive/project/phy-otte/shared/Trinity/Data/20240311/RawDataMerged/CoBo0_AsAd0_2024-03-11T07:57:50.514_0000.root
Unix Timestamp: 1710143870
Total Number of Events: 283
Loading file: /storage/hive/project/phy-otte/shared/Trinity/Data/20240311/RawDataMerged/CoBo0_AsAd0_2024-03-11T12:11:50.426_0000.root
Unix Timestamp: 1710159110
Total Number of Events: 998
Loading file: /storage/hive/project/phy-otte/shared/Trinity/Data/20240311/RawDataMerged/CoBo0_AsAd0_2024-03-11T07:01:50.358_0000.root
Unix Timestamp: 1710140510
Total Number of Events: 157
Loading file: /storage/hive/project/phy-otte/shared/Trinity/Data/20240311/RawDataMerged/CoBo0_AsAd0_2024-03-11T03:23:50.843_0000.root
Unix Timestamp: 1710127430
Total Number of Events: 271
Loading file: /storage/hive/project/phy-otte/shared/Trinity/Data/20240311/RawDataMerged/CoBo0_AsAd0_2024-03-11T06:13:50.783_0000.root
Unix Timestamp: 1710137630
Total Number of Events: 174
Loading file: /storage/hive/project/phy-otte/shared/Trinity/Data/20240311/RawDataMerged/CoBo0_AsAd0_2024-03-11T03:53:50.555_0000.root
Unix Timestamp: 1710129230
Total Number of Events: 233
Loading file: /storage/hive/project/phy-otte/shared/Trinity/Data/20240311/RawDataMerged/CoBo0_AsAd0_2024-03-11T02:19:50.912_0000.root
Unix Timestamp: 1710123590
Total Number of Events: 0
Loading file: /storage/hive/project/phy-otte/shared/Trinity/Data/20240311/RawDataMerged/CoBo0_AsAd0_2024-03-11T09:09:50.624_0000.root
Unix Timestamp: 1710148190
Total Number of Events: 415
Loading file: /storage/hive/project/phy-otte/shared/Trinity/Data/20240311/RawDataMerged/CoBo0_AsAd0_2024-03-11T04:29:50.467_0000.root
Unix Timestamp: 1710131390
Total Number of Events: 170
Loading file: /storage/hive/project/phy-otte/shared/Trinity/Data/20240311/RawDataMerged/CoBo0_AsAd0_2024-03-11T08:37:50.408_0000.root
Unix Timestamp: 1710146270
Total Number of Events: 341
Loading file: /storage/hive/project/phy-otte/shared/Trinity/Data/20240311/RawDataMerged/CoBo0_AsAd0_2024-03-11T10:29:50.389_0000.root
Unix Timestamp: 1710152990
Total Number of Events: 824
Loading file: /storage/hive/project/phy-otte/shared/Trinity/Data/20240311/RawDataMerged/CoBo0_AsAd0_2024-03-11T08:49:50.401_0000.root
Unix Timestamp: 1710146990
Total Number of Events: 353
Loading file: /storage/hive/project/phy-otte/shared/Trinity/Data/20240311/RawDataMerged/CoBo0_AsAd0_2024-03-11T10:53:50.389_0000.root
Unix Timestamp: 1710154430
Total Number of Events: 826
Loading file: /storage/hive/project/phy-otte/shared/Trinity/Data/20240311/RawDataMerged/CoBo0_AsAd0_2024-03-11T05:43:50.442_0000.root
Unix Timestamp: 1710135830
Total Number of Events: 190
Loading file: /storage/hive/project/phy-otte/shared/Trinity/Data/20240311/RawDataMerged/CoBo0_AsAd0_2024-03-11T06:15:50.579_0000.root
Unix Timestamp: 1710137750
Total Number of Events: 174
Loading file: /storage/hive/project/phy-otte/shared/Trinity/Data/20240311/RawDataMerged/CoBo0_AsAd0_2024-03-11T04:05:50.544_0000.root
Unix Timestamp: 1710129950
Total Number of Events: 202
Loading file: /storage/hive/project/phy-otte/shared/Trinity/Data/20240311/RawDataMerged/CoBo0_AsAd0_2024-03-11T08:25:50.376_0000.root
Unix Timestamp: 1710145550
Total Number of Events: 324
Loading file: /storage/hive/project/phy-otte/shared/Trinity/Data/20240311/RawDataMerged/CoBo0_AsAd0_2024-03-11T05:31:50.643_0000.root
Unix Timestamp: 1710135110
Total Number of Events: 184
Loading file: /storage/hive/project/phy-otte/shared/Trinity/Data/20240311/RawDataMerged/CoBo0_AsAd0_2024-03-11T11:39:50.456_0000.root
Unix Timestamp: 1710157190
Total Number of Events: 686
Loading file: /storage/hive/project/phy-otte/shared/Trinity/Data/20240311/RawDataMerged/CoBo0_AsAd0_2024-03-11T04:31:50.529_0000.root
Unix Timestamp: 1710131510
Total Number of Events: 170
Loading file: /storage/hive/project/phy-otte/shared/Trinity/Data/20240311/RawDataMerged/CoBo0_AsAd0_2024-03-11T03:45:50.567_0000.root
Unix Timestamp: 1710128750
Total Number of Events: 242
Loading file: /storage/hive/project/phy-otte/shared/Trinity/Data/20240311/RawDataMerged/CoBo0_AsAd0_2024-03-11T10:43:50.378_0000.root
Unix Timestamp: 1710153830
Total Number of Events: 855
Loading file: /storage/hive/project/phy-otte/shared/Trinity/Data/20240311/RawDataMerged/CoBo0_AsAd0_2024-03-11T02:35:50.845_0000.root
Unix Timestamp: 1710124550
Total Number of Events: 0
Loading file: /storage/hive/project/phy-otte/shared/Trinity/Data/20240311/RawDataMerged/CoBo0_AsAd0_2024-03-11T11:03:50.354_0000.root
Unix Timestamp: 1710155030
Total Number of Events: 742
Loading file: /storage/hive/project/phy-otte/shared/Trinity/Data/20240311/RawDataMerged/CoBo0_AsAd0_2024-03-11T05:29:50.778_0000.root
Unix Timestamp: 1710134990
Total Number of Events: 179
Loading file: /storage/hive/project/phy-otte/shared/Trinity/Data/20240311/RawDataMerged/CoBo0_AsAd0_2024-03-11T11:09:50.454_0000.root
Unix Timestamp: 1710155390
Total Number of Events: 752
spawn ssh -i /home/sstepanoff3/.ssh/hive sstepanoff3@login-hive.pace.gatech.edu /storage/hive/project/phy-otte/shared/Trinity/DataAnalysis/DataSummary/sumDir/FolderDataSum 20240311
Loading file: /storage/hive/project/phy-otte/shared/Trinity/Data/20240311/RawDataMerged/CoBo0_AsAd0_2024-03-11T09:17:50.608_0000.root
Unix Timestamp: 1710148670
Total Number of Events: 435

Inactive Modules:
  1) mvapich2

The following have been reloaded with a version change:
  1) gcc/10.3.0-o57x6h => gcc/8.3.0-rv4av7
  2) mpc/1.2.1-zoh6w2 => mpc/1.1.0-kyjl4f
  3) mpfr/4.1.0-32gcbv => mpfr/3.1.6-yuvsh4

Unix Thres Timestamp: 1710125187
Unix Thres Timestamp: 1710126878
/storage/hive/project/phy-otte/shared/Trinity/Data/20240311/RawDataMerged/
Loading file: /storage/hive/project/phy-otte/shared/Trinity/Data/20240311/RawDataMerged/CoBo0_AsAd0_2024-03-11T09:11:50.426_0000.root
Unix Timestamp: 1710148310
Warning in <TClass::Init>: no dictionary for class ROOT::TIOFeatures is available
Total Number of Events: 426
Loading file: /storage/hive/project/phy-otte/shared/Trinity/Data/20240311/RawDataMerged/CoBo0_AsAd0_2024-03-11T11:17:50.460_0000.root
Unix Timestamp: 1710155870
Total Number of Events: 779
Loading file: /storage/hive/project/phy-otte/shared/Trinity/Data/20240311/RawDataMerged/CoBo0_AsAd0_2024-03-11T04:21:50.574_0000.root
Unix Timestamp: 1710130910
Total Number of Events: 176
Loading file: /storage/hive/project/phy-otte/shared/Trinity/Data/20240311/RawDataMerged/CoBo0_AsAd0_2024-03-11T05:49:50.600_0000.root
Unix Timestamp: 1710136190
Total Number of Events: 188
Loading file: /storage/hive/project/phy-otte/shared/Trinity/Data/20240311/RawDataMerged/CoBo0_AsAd0_2024-03-11T03:17:50.675_0000.root
Unix Timestamp: 1710127070
Total Number of Events: 264
Loading file: /storage/hive/project/phy-otte/shared/Trinity/Data/20240311/RawDataMerged/CoBo0_AsAd0_2024-03-11T08:41:50.408_0000.root
Unix Timestamp: 1710146510
Total Number of Events: 347
Loading file: /storage/hive/project/phy-otte/shared/Trinity/Data/20240311/RawDataMerged/CoBo0_AsAd0_2024-03-11T03:39:50.642_0000.root
Unix Timestamp: 1710128390
Total Number of Events: 268
Loading file: /storage/hive/project/phy-otte/shared/Trinity/Data/20240311/RawDataMerged/CoBo0_AsAd0_2024-03-11T05:11:50.902_0000.root
Unix Timestamp: 1710133910
Total Number of Events: 159
Loading file: /storage/hive/project/phy-otte/shared/Trinity/Data/20240311/RawDataMerged/CoBo0_AsAd0_2024-03-11T07:25:50.753_0000.root
Unix Timestamp: 1710141950
Total Number of Events: 191
Loading file: /storage/hive/project/phy-otte/shared/Trinity/Data/20240311/RawDataMerged/CoBo0_AsAd0_2024-03-11T02:48:00.736_0000.root
Unix Timestamp: 1710125280
Total Number of Events: 32
Loading file: /storage/hive/project/phy-otte/shared/Trinity/Data/20240311/RawDataMerged/CoBo0_AsAd0_2024-03-11T10:39:50.406_0000.root
Unix Timestamp: 1710153590
Total Number of Events: 905
Loading file: /storage/hive/project/phy-otte/shared/Trinity/Data/20240311/RawDataMerged/CoBo0_AsAd0_2024-03-11T07:11:50.770_0000.root
Unix Timestamp: 1710141110
Total Number of Events: 172
Loading file: /storage/hive/project/phy-otte/shared/Trinity/Data/20240311/RawDataMerged/CoBo0_AsAd0_2024-03-11T06:31:50.885_0000.root
Unix Timestamp: 1710138710
Total Number of Events: 157
Loading file: /storage/hive/project/phy-otte/shared/Trinity/Data/20240311/RawDataMerged/CoBo0_AsAd0_2024-03-11T08:35:50.531_0000.root
Unix Timestamp: 1710146150
Total Number of Events: 341
Loading file: /storage/hive/project/phy-otte/shared/Trinity/Data/20240311/RawDataMerged/CoBo0_AsAd0_2024-03-11T04:51:50.603_0000.root
Unix Timestamp: 1710132710
Total Number of Events: 144
Loading file: /storage/hive/project/phy-otte/shared/Trinity/Data/20240311/RawDataMerged/CoBo0_AsAd0_2024-03-11T04:35:50.595_0000.root
Unix Timestamp: 1710131750
Loading file: /storage/hive/project/phy-otte/shared/Trinity/Data/20240311/RawDataMerged/CoBo0_AsAd0_2024-03-11T07:17:50.418_0000.root
Unix Timestamp: 1710141470
Total Number of Events: 164
Total Number of Events: 179
Loading file: /storage/hive/project/phy-otte/shared/Trinity/Data/20240311/RawDataMerged/CoBo0_AsAd0_2024-03-11T08:57:50.688_0000.root
Unix Timestamp: 1710147470
Loading file: /storage/hive/project/phy-otte/shared/Trinity/Data/20240311/RawDataMerged/CoBo0_AsAd0_2024-03-11T04:27:50.556_0000.root
Unix Timestamp: 1710131270
Total Number of Events: 377
Total Number of Events: 172
Loading file: /storage/hive/project/phy-otte/shared/Trinity/Data/20240311/RawDataMerged/CoBo0_AsAd0_2024-03-11T03:19:50.570_0000.root
Unix Timestamp: 1710127190
Total Number of Events: 264
Loading file: /storage/hive/project/phy-otte/shared/Trinity/Data/20240311/RawDataMerged/CoBo0_AsAd0_2024-03-11T10:01:50.476_0000.root
Unix Timestamp: 1710151310
Total Number of Events: 578
Loading file: /storage/hive/project/phy-otte/shared/Trinity/Data/20240311/RawDataMerged/CoBo0_AsAd0_2024-03-11T10:59:50.395_0000.root
Unix Timestamp: 1710154790
Total Number of Events: 761
Loading file: /storage/hive/project/phy-otte/shared/Trinity/Data/20240311/RawDataMerged/CoBo0_AsAd0_2024-03-11T07:35:50.418_0000.root
Unix Timestamp: 1710142550
Total Number of Events: 211
Info in <TCanvas::Print>: pdf file /storage/hive/project/phy-otte/shared/Trinity/DataAnalysis/DataSummary/Output/20240311.pdf has been created
Info in <TCanvas::Print>: Current canvas added to pdf file /storage/hive/project/phy-otte/shared/Trinity/DataAnalysis/DataSummary/Output/20240311.pdf
Loading file: /storage/hive/project/phy-otte/shared/Trinity/Data/20240311/RawDataMerged/CoBo0_AsAd0_2024-03-11T02:53:52.611_0000.root
Unix Timestamp: 1710125632
Total Number of Events: 16
Loading file: /storage/hive/project/phy-otte/shared/Trinity/Data/20240311/RawDataMerged/CoBo0_AsAd0_2024-03-11T09:13:50.736_0000.root
Unix Timestamp: 1710148430
Total Number of Events: 422
Info in <TCanvas::Print>: Current canvas added to pdf file /storage/hive/project/phy-otte/shared/Trinity/DataAnalysis/DataSummary/Output/20240311.pdf
Loading file: /storage/hive/project/phy-otte/shared/Trinity/Data/20240311/RawDataMerged/CoBo0_AsAd0_2024-03-11T11:41:50.472_0000.root
Unix Timestamp: 1710157310
Total Number of Events: 687
Info in <TCanvas::Print>: Current canvas added to pdf file /storage/hive/project/phy-otte/shared/Trinity/DataAnalysis/DataSummary/Output/20240311.pdf
Loading file: /storage/hive/project/phy-otte/shared/Trinity/Data/20240311/RawDataMerged/CoBo0_AsAd0_2024-03-11T06:53:50.562_0000.root
Unix Timestamp: 1710140030
Total Number of Events: 156
Info in <TCanvas::Print>: Current canvas added to pdf file /storage/hive/project/phy-otte/shared/Trinity/DataAnalysis/DataSummary/Output/20240311.pdf
Loading file: /storage/hive/project/phy-otte/shared/Trinity/Data/20240311/RawDataMerged/CoBo0_AsAd0_2024-03-11T10:31:50.372_0000.root
Unix Timestamp: 1710153110
Total Number of Events: 825
Info in <TCanvas::Print>: Current canvas added to pdf file /storage/hive/project/phy-otte/shared/Trinity/DataAnalysis/DataSummary/Output/20240311.pdf
Loading file: /storage/hive/project/phy-otte/shared/Trinity/Data/20240311/RawDataMerged/CoBo0_AsAd0_2024-03-11T03:33:50.620_0000.root
Unix Timestamp: 1710128030
Total Number of Events: 259
Info in <TCanvas::Print>: Current canvas added to pdf file /storage/hive/project/phy-otte/shared/Trinity/DataAnalysis/DataSummary/Output/20240311.pdf
Info in <TCanvas::Print>: pdf file /storage/hive/project/phy-otte/shared/Trinity/DataAnalysis/DataSummary/Output/20240311.pdf has been closed
Loading file: /storage/hive/project/phy-otte/shared/Trinity/Data/20240311/RawDataMerged/CoBo0_AsAd0_2024-03-11T05:19:50.968_0000.root
Unix Timestamp: 1710134390
Total Number of Events: 170
Loading file: /storage/hive/project/phy-otte/shared/Trinity/Data/20240311/RawDataMerged/CoBo0_AsAd0_2024-03-11T07:05:50.994_0000.root
Unix Timestamp: 1710140750
Total Number of Events: 159
Loading file: /storage/hive/project/phy-otte/shared/Trinity/Data/20240311/RawDataMerged/CoBo0_AsAd0_2024-03-11T06:05:50.875_0000.root
Unix Timestamp: 1710137150
Total Number of Events: 177
Loading file: /storage/hive/project/phy-otte/shared/Trinity/Data/20240311/RawDataMerged/CoBo0_AsAd0_2024-03-11T09:01:50.583_0000.root
Unix Timestamp: 1710147710
Total Number of Events: 390
Loading file: /storage/hive/project/phy-otte/shared/Trinity/Data/20240311/RawDataMerged/CoBo0_AsAd0_2024-03-11T11:43:50.475_0000.root
Unix Timestamp: 1710157430
Total Number of Events: 675
Loading file: /storage/hive/project/phy-otte/shared/Trinity/Data/20240311/RawDataMerged/CoBo0_AsAd0_2024-03-11T02:51:50.445_0000.root
Unix Timestamp: 1710125510
Total Number of Events: 18
Loading file: /storage/hive/project/phy-otte/shared/Trinity/Data/20240311/RawDataMerged/CoBo0_AsAd0_2024-03-11T04:03:50.734_0000.root
Unix Timestamp: 1710129830
Total Number of Events: 209
Loading file: /storage/hive/project/phy-otte/shared/Trinity/Data/20240311/RawDataMerged/CoBo0_AsAd0_2024-03-11T02:25:50.843_0000.root
Unix Timestamp: 1710123950
Total Number of Events: 0
Loading file: /storage/hive/project/phy-otte/shared/Trinity/Data/20240311/RawDataMerged/CoBo0_AsAd0_2024-03-11T06:07:50.344_0000.root
Unix Timestamp: 1710137270
Total Number of Events: 177
Loading file: /storage/hive/project/phy-otte/shared/Trinity/Data/20240311/RawDataMerged/CoBo0_AsAd0_2024-03-11T09:25:50.445_0000.root
Unix Timestamp: 1710149150
Total Number of Events: 468
Loading file: /storage/hive/project/phy-otte/shared/Trinity/Data/20240311/RawDataMerged/CoBo0_AsAd0_2024-03-11T08:29:50.594_0000.root
Unix Timestamp: 1710145790
Total Number of Events: 327
Loading file: /storage/hive/project/phy-otte/shared/Trinity/Data/20240311/RawDataMerged/CoBo0_AsAd0_2024-03-11T03:41:50.349_0000.root
Unix Timestamp: 1710128510
Total Number of Events: 264
Loading file: /storage/hive/project/phy-otte/shared/Trinity/Data/20240311/RawDataMerged/CoBo0_AsAd0_2024-03-11T05:03:50.880_0000.root
Unix Timestamp: 1710133430
Total Number of Events: 146
Loading file: /storage/hive/project/phy-otte/shared/Trinity/Data/20240311/RawDataMerged/CoBo0_AsAd0_2024-03-11T12:07:50.500_0000.root
Unix Timestamp: 1710158870
Total Number of Events: 899
Loading file: /storage/hive/project/phy-otte/shared/Trinity/Data/20240311/RawDataMerged/CoBo0_AsAd0_2024-03-11T04:59:50.749_0000.root
Unix Timestamp: 1710133190
Total Number of Events: 147
Loading file: /storage/hive/project/phy-otte/shared/Trinity/Data/20240311/RawDataMerged/CoBo0_AsAd0_2024-03-11T06:21:51.047_0000.root
Unix Timestamp: 1710138111
Total Number of Events: 177
Loading file: /storage/hive/project/phy-otte/shared/Trinity/Data/20240311/RawDataMerged/CoBo0_AsAd0_2024-03-11T03:47:50.336_0000.root
Unix Timestamp: 1710128870
Total Number of Events: 239
Loading file: /storage/hive/project/phy-otte/shared/Trinity/Data/20240311/RawDataMerged/CoBo0_AsAd0_2024-03-11T08:45:50.468_0000.root
Unix Timestamp: 1710146750
Total Number of Events: 351
Loading file: /storage/hive/project/phy-otte/shared/Trinity/Data/20240311/RawDataMerged/CoBo0_AsAd0_2024-03-11T04:55:50.543_0000.root
Unix Timestamp: 1710132950
Total Number of Events: 146
Loading file: /storage/hive/project/phy-otte/shared/Trinity/Data/20240311/RawDataMerged/CoBo0_AsAd0_2024-03-11T11:45:50.455_0000.root
Unix Timestamp: 1710157550
Total Number of Events: 675
Loading file: /storage/hive/project/phy-otte/shared/Trinity/Data/20240311/RawDataMerged/CoBo0_AsAd0_2024-03-11T09:55:50.539_0000.root
Unix Timestamp: 1710150950
Total Number of Events: 525
Loading file: /storage/hive/project/phy-otte/shared/Trinity/Data/20240311/RawDataMerged/CoBo0_AsAd0_2024-03-11T06:55:50.842_0000.root
Unix Timestamp: 1710140150
Total Number of Events: 157
Loading file: /storage/hive/project/phy-otte/shared/Trinity/Data/20240311/RawDataMerged/CoBo0_AsAd0_2024-03-11T08:59:50.563_0000.root
Unix Timestamp: 1710147590
Total Number of Events: 381
Loading file: /storage/hive/project/phy-otte/shared/Trinity/Data/20240311/RawDataMerged/CoBo0_AsAd0_2024-03-11T02:23:50.844_0000.root
Unix Timestamp: 1710123830
Total Number of Events: 0
Loading file: /storage/hive/project/phy-otte/shared/Trinity/Data/20240311/RawDataMerged/CoBo0_AsAd0_2024-03-11T05:45:50.606_0000.root
Unix Timestamp: 1710135950
Total Number of Events: 190
Loading file: /storage/hive/project/phy-otte/shared/Trinity/Data/20240311/RawDataMerged/CoBo0_AsAd0_2024-03-11T07:15:50.357_0000.root
Unix Timestamp: 1710141350
Total Number of Events: 178
Loading file: /storage/hive/project/phy-otte/shared/Trinity/Data/20240311/RawDataMerged/CoBo0_AsAd0_2024-03-11T04:47:50.710_0000.root
Unix Timestamp: 1710132470
Total Number of Events: 139
Loading file: /storage/hive/project/phy-otte/shared/Trinity/Data/20240311/RawDataMerged/CoBo0_AsAd0_2024-03-11T07:33:50.472_0000.root
Unix Timestamp: 1710142430
Total Number of Events: 211
Loading file: /storage/hive/project/phy-otte/shared/Trinity/Data/20240311/RawDataMerged/CoBo0_AsAd0_2024-03-11T08:15:50.402_0000.root
Unix Timestamp: 1710144950
Total Number of Events: 319
Loading file: /storage/hive/project/phy-otte/shared/Trinity/Data/20240311/RawDataMerged/CoBo0_AsAd0_2024-03-11T08:07:50.626_0000.root
Unix Timestamp: 1710144470
Total Number of Events: 314
Loading file: /storage/hive/project/phy-otte/shared/Trinity/Data/20240311/RawDataMerged/CoBo0_AsAd0_2024-03-11T08:19:50.694_0000.root
Unix Timestamp: 1710145190
Total Number of Events: 316
Loading file: /storage/hive/project/phy-otte/shared/Trinity/Data/20240311/RawDataMerged/CoBo0_AsAd0_2024-03-11T10:03:50.523_0000.root
Unix Timestamp: 1710151430
Total Number of Events: 599
Loading file: /storage/hive/project/phy-otte/shared/Trinity/Data/20240311/RawDataMerged/CoBo0_AsAd0_2024-03-11T03:29:50.362_0000.root
Unix Timestamp: 1710127790
Total Number of Events: 260
Loading file: /storage/hive/project/phy-otte/shared/Trinity/Data/20240311/RawDataMerged/CoBo0_AsAd0_2024-03-11T03:37:50.350_0000.root
Unix Timestamp: 1710128270
Total Number of Events: 259
Loading file: /storage/hive/project/phy-otte/shared/Trinity/Data/20240311/RawDataMerged/CoBo0_AsAd0_2024-03-11T02:49:51.687_0000.root
Unix Timestamp: 1710125391
Total Number of Events: 23
Loading file: /storage/hive/project/phy-otte/shared/Trinity/Data/20240311/RawDataMerged/CoBo0_AsAd0_2024-03-11T11:01:50.522_0000.root
Unix Timestamp: 1710154910
Total Number of Events: 746
Loading file: /storage/hive/project/phy-otte/shared/Trinity/Data/20240311/RawDataMerged/CoBo0_AsAd0_2024-03-11T05:09:51.037_0000.root
Unix Timestamp: 1710133791
Total Number of Events: 158
Loading file: /storage/hive/project/phy-otte/shared/Trinity/Data/20240311/RawDataMerged/CoBo0_AsAd0_2024-03-11T03:27:50.397_0000.root
Unix Timestamp: 1710127670
Total Number of Events: 262
Loading file: /storage/hive/project/phy-otte/shared/Trinity/Data/20240311/RawDataMerged/CoBo0_AsAd0_2024-03-11T06:45:50.903_0000.root
Unix Timestamp: 1710139550
Total Number of Events: 157
Loading file: /storage/hive/project/phy-otte/shared/Trinity/Data/20240311/RawDataMerged/CoBo0_AsAd0_2024-03-11T05:21:50.925_0000.root
Unix Timestamp: 1710134510
Total Number of Events: 175
Loading file: /storage/hive/project/phy-otte/shared/Trinity/Data/20240311/RawDataMerged/CoBo0_AsAd0_2024-03-11T09:15:50.451_0000.root
Unix Timestamp: 1710148550
Total Number of Events: 422
Loading file: /storage/hive/project/phy-otte/shared/Trinity/Data/20240311/RawDataMerged/CoBo0_AsAd0_2024-03-11T06:23:50.581_0000.root
Unix Timestamp: 1710138230
Total Number of Events: 169
Loading file: /storage/hive/project/phy-otte/shared/Trinity/Data/20240311/RawDataMerged/CoBo0_AsAd0_2024-03-11T09:43:50.480_0000.root
Unix Timestamp: 1710150230
Total Number of Events: 493
Loading file: /storage/hive/project/phy-otte/shared/Trinity/Data/20240311/RawDataMerged/CoBo0_AsAd0_2024-03-11T09:29:50.478_0000.root
Unix Timestamp: 1710149390
Total Number of Events: 470
Loading file: /storage/hive/project/phy-otte/shared/Trinity/Data/20240311/RawDataMerged/CoBo0_AsAd0_2024-03-11T10:17:50.356_0000.root
Unix Timestamp: 1710152270
Total Number of Events: 723
Loading file: /storage/hive/project/phy-otte/shared/Trinity/Data/20240311/RawDataMerged/CoBo0_AsAd0_2024-03-11T03:43:50.631_0000.root
Unix Timestamp: 1710128630
Total Number of Events: 257
Loading file: /storage/hive/project/phy-otte/shared/Trinity/Data/20240311/RawDataMerged/CoBo0_AsAd0_2024-03-11T06:47:50.575_0000.root
Unix Timestamp: 1710139670
Total Number of Events: 154
Loading file: /storage/hive/project/phy-otte/shared/Trinity/Data/20240311/RawDataMerged/CoBo0_AsAd0_2024-03-11T07:09:50.642_0000.root
Unix Timestamp: 1710140990
Total Number of Events: 164
Loading file: /storage/hive/project/phy-otte/shared/Trinity/Data/20240311/RawDataMerged/CoBo0_AsAd0_2024-03-11T04:25:50.560_0000.root
Unix Timestamp: 1710131150
Total Number of Events: 171
Loading file: /storage/hive/project/phy-otte/shared/Trinity/Data/20240311/RawDataMerged/CoBo0_AsAd0_2024-03-11T11:33:50.387_0000.root
Unix Timestamp: 1710156830
Total Number of Events: 707
Loading file: /storage/hive/project/phy-otte/shared/Trinity/Data/20240311/RawDataMerged/CoBo0_AsAd0_2024-03-11T11:27:50.362_0000.root
Unix Timestamp: 1710156470
Total Number of Events: 779
Loading file: /storage/hive/project/phy-otte/shared/Trinity/Data/20240311/RawDataMerged/CoBo0_AsAd0_2024-03-11T11:21:50.367_0000.root
Unix Timestamp: 1710156110
Total Number of Events: 832
Loading file: /storage/hive/project/phy-otte/shared/Trinity/Data/20240311/RawDataMerged/CoBo0_AsAd0_2024-03-11T05:59:50.527_0000.root
Unix Timestamp: 1710136790
Total Number of Events: 181
Loading file: /storage/hive/project/phy-otte/shared/Trinity/Data/20240311/RawDataMerged/CoBo0_AsAd0_2024-03-11T03:59:50.800_0000.root
Unix Timestamp: 1710129590
Total Number of Events: 227
Loading file: /storage/hive/project/phy-otte/shared/Trinity/Data/20240311/RawDataMerged/CoBo0_AsAd0_2024-03-11T10:25:50.445_0000.root
Unix Timestamp: 1710152750
Total Number of Events: 821
Loading file: /storage/hive/project/phy-otte/shared/Trinity/Data/20240311/RawDataMerged/CoBo0_AsAd0_2024-03-11T10:05:50.530_0000.root
Unix Timestamp: 1710151550
Total Number of Events: 614
Loading file: /storage/hive/project/phy-otte/shared/Trinity/Data/20240311/RawDataMerged/CoBo0_AsAd0_2024-03-11T04:39:50.435_0000.root
Unix Timestamp: 1710131990
Total Number of Events: 154
Loading file: /storage/hive/project/phy-otte/shared/Trinity/Data/20240311/RawDataMerged/CoBo0_AsAd0_2024-03-11T05:27:50.591_0000.root
Unix Timestamp: 1710134870
Total Number of Events: 179
Loading file: /storage/hive/project/phy-otte/shared/Trinity/Data/20240311/RawDataMerged/CoBo0_AsAd0_2024-03-11T07:13:50.804_0000.root
Unix Timestamp: 1710141230
Total Number of Events: 173
Loading file: /storage/hive/project/phy-otte/shared/Trinity/Data/20240311/RawDataMerged/CoBo0_AsAd0_2024-03-11T02:55:52.033_0000.root
Unix Timestamp: 1710125752
Total Number of Events: 17
Loading file: /storage/hive/project/phy-otte/shared/Trinity/Data/20240311/RawDataMerged/CoBo0_AsAd0_2024-03-11T06:27:50.542_0000.root
Unix Timestamp: 1710138470
Total Number of Events: 162
Loading file: /storage/hive/project/phy-otte/shared/Trinity/Data/20240311/RawDataMerged/CoBo0_AsAd0_2024-03-11T11:23:50.365_0000.root
Unix Timestamp: 1710156230
Total Number of Events: 829
Loading file: /storage/hive/project/phy-otte/shared/Trinity/Data/20240311/RawDataMerged/CoBo0_AsAd0_2024-03-11T05:35:50.708_0000.root
Unix Timestamp: 1710135350
Total Number of Events: 185
Loading file: /storage/hive/project/phy-otte/shared/Trinity/Data/20240311/RawDataMerged/CoBo0_AsAd0_2024-03-11T06:43:50.897_0000.root
Unix Timestamp: 1710139430
Total Number of Events: 157
Loading file: /storage/hive/project/phy-otte/shared/Trinity/Data/20240311/RawDataMerged/CoBo0_AsAd0_2024-03-11T09:39:50.464_0000.root
Unix Timestamp: 1710149990
Total Number of Events: 487
Loading file: /storage/hive/project/phy-otte/shared/Trinity/Data/20240311/RawDataMerged/CoBo0_AsAd0_2024-03-11T10:09:50.488_0000.root
Unix Timestamp: 1710151790
Total Number of Events: 646
Loading file: /storage/hive/project/phy-otte/shared/Trinity/Data/20240311/RawDataMerged/CoBo0_AsAd0_2024-03-11T04:57:50.357_0000.root
Unix Timestamp: 1710133070
Total Number of Events: 149
Loading file: /storage/hive/project/phy-otte/shared/Trinity/Data/20240311/RawDataMerged/CoBo0_AsAd0_2024-03-11T11:07:50.459_0000.root
Unix Timestamp: 1710155270
Total Number of Events: 754
Loading file: /storage/hive/project/phy-otte/shared/Trinity/Data/20240311/RawDataMerged/CoBo0_AsAd0_2024-03-11T11:25:50.454_0000.root
Unix Timestamp: 1710156350
Total Number of Events: 823
Loading file: /storage/hive/project/phy-otte/shared/Trinity/Data/20240311/RawDataMerged/CoBo0_AsAd0_2024-03-11T11:13:50.435_0000.root
Unix Timestamp: 1710155630
Total Number of Events: 754
Loading file: /storage/hive/project/phy-otte/shared/Trinity/Data/20240311/RawDataMerged/CoBo0_AsAd0_2024-03-11T07:55:50.786_0000.root
Unix Timestamp: 1710143750
Total Number of Events: 283
Loading file: /storage/hive/project/phy-otte/shared/Trinity/Data/20240311/RawDataMerged/CoBo0_AsAd0_2024-03-11T05:39:50.441_0000.root
Unix Timestamp: 1710135590
Total Number of Events: 190
Loading file: /storage/hive/project/phy-otte/shared/Trinity/Data/20240311/RawDataMerged/CoBo0_AsAd0_2024-03-11T05:07:50.555_0000.root
Unix Timestamp: 1710133670
Total Number of Events: 157
Loading file: /storage/hive/project/phy-otte/shared/Trinity/Data/20240311/RawDataMerged/CoBo0_AsAd0_2024-03-11T05:13:50.776_0000.root
Unix Timestamp: 1710134030
Total Number of Events: 159
Loading file: /storage/hive/project/phy-otte/shared/Trinity/Data/20240311/RawDataMerged/CoBo0_AsAd0_2024-03-11T08:47:50.478_0000.root
Unix Timestamp: 1710146870
Total Number of Events: 351
Loading file: /storage/hive/project/phy-otte/shared/Trinity/Data/20240311/RawDataMerged/CoBo0_AsAd0_2024-03-11T05:53:50.743_0000.root
Unix Timestamp: 1710136430
Total Number of Events: 185
Loading file: /storage/hive/project/phy-otte/shared/Trinity/Data/20240311/RawDataMerged/CoBo0_AsAd0_2024-03-11T06:03:50.464_0000.root
Unix Timestamp: 1710137030
Total Number of Events: 177
Loading file: /storage/hive/project/phy-otte/shared/Trinity/Data/20240311/RawDataMerged/CoBo0_AsAd0_2024-03-11T10:19:50.377_0000.root
Unix Timestamp: 1710152390
Total Number of Events: 745
Loading file: /storage/hive/project/phy-otte/shared/Trinity/Data/20240311/RawDataMerged/CoBo0_AsAd0_2024-03-11T10:51:50.477_0000.root
Unix Timestamp: 1710154310
Total Number of Events: 831
Loading file: /storage/hive/project/phy-otte/shared/Trinity/Data/20240311/RawDataMerged/CoBo0_AsAd0_2024-03-11T10:13:50.405_0000.root
Unix Timestamp: 1710152030
Total Number of Events: 689
Loading file: /storage/hive/project/phy-otte/shared/Trinity/Data/20240311/RawDataMerged/CoBo0_AsAd0_2024-03-11T02:21:50.844_0000.root
Unix Timestamp: 1710123710
Total Number of Events: 0
Loading file: /storage/hive/project/phy-otte/shared/Trinity/Data/20240311/RawDataMerged/CoBo0_AsAd0_2024-03-11T11:29:50.377_0000.root
Unix Timestamp: 1710156590
Total Number of Events: 765
Loading file: /storage/hive/project/phy-otte/shared/Trinity/Data/20240311/RawDataMerged/CoBo0_AsAd0_2024-03-11T07:23:50.717_0000.root
Unix Timestamp: 1710141830
Total Number of Events: 186
Loading file: /storage/hive/project/phy-otte/shared/Trinity/Data/20240311/RawDataMerged/CoBo0_AsAd0_2024-03-11T07:49:50.634_0000.root
Unix Timestamp: 1710143390
Total Number of Events: 266
Loading file: /storage/hive/project/phy-otte/shared/Trinity/Data/20240311/RawDataMerged/CoBo0_AsAd0_2024-03-11T06:49:50.604_0000.root
Unix Timestamp: 1710139790
Total Number of Events: 154
Loading file: /storage/hive/project/phy-otte/shared/Trinity/Data/20240311/RawDataMerged/CoBo0_AsAd0_2024-03-11T02:15:50.843_0000.root
Unix Timestamp: 1710123350
Total Number of Events: 0
Loading file: /storage/hive/project/phy-otte/shared/Trinity/Data/20240311/RawDataMerged/CoBo0_AsAd0_2024-03-11T08:39:50.648_0000.root
Unix Timestamp: 1710146390
Total Number of Events: 351
Loading file: /storage/hive/project/phy-otte/shared/Trinity/Data/20240311/RawDataMerged/CoBo0_AsAd0_2024-03-11T09:19:50.389_0000.root
Unix Timestamp: 1710148790
Total Number of Events: 443
Loading file: /storage/hive/project/phy-otte/shared/Trinity/Data/20240311/RawDataMerged/CoBo0_AsAd0_2024-03-11T08:01:50.722_0000.root
Unix Timestamp: 1710144110
Total Number of Events: 310
Loading file: /storage/hive/project/phy-otte/shared/Trinity/Data/20240311/RawDataMerged/CoBo0_AsAd0_2024-03-11T10:37:50.413_0000.root
Unix Timestamp: 1710153470
Total Number of Events: 888
Loading file: /storage/hive/project/phy-otte/shared/Trinity/Data/20240311/RawDataMerged/CoBo0_AsAd0_2024-03-11T04:13:50.337_0000.root
Unix Timestamp: 1710130430
Total Number of Events: 183
Loading file: /storage/hive/project/phy-otte/shared/Trinity/Data/20240311/RawDataMerged/CoBo0_AsAd0_2024-03-11T05:33:50.876_0000.root
Unix Timestamp: 1710135230
Total Number of Events: 192
Loading file: /storage/hive/project/phy-otte/shared/Trinity/Data/20240311/RawDataMerged/CoBo0_AsAd0_2024-03-11T05:15:50.714_0000.root
Unix Timestamp: 1710134150
Total Number of Events: 165
Loading file: /storage/hive/project/phy-otte/shared/Trinity/Data/20240311/RawDataMerged/CoBo0_AsAd0_2024-03-11T04:23:50.592_0000.root
Unix Timestamp: 1710131030
Total Number of Events: 171
Loading file: /storage/hive/project/phy-otte/shared/Trinity/Data/20240311/RawDataMerged/CoBo0_AsAd0_2024-03-11T03:51:50.732_0000.root
Unix Timestamp: 1710129110
Total Number of Events: 233
Loading file: /storage/hive/project/phy-otte/shared/Trinity/Data/20240311/RawDataMerged/CoBo0_AsAd0_2024-03-11T11:37:50.466_0000.root
Unix Timestamp: 1710157070
Total Number of Events: 686
Loading file: /storage/hive/project/phy-otte/shared/Trinity/Data/20240311/RawDataMerged/CoBo0_AsAd0_2024-03-11T04:01:50.597_0000.root
Unix Timestamp: 1710129710
Total Number of Events: 221
Loading file: /storage/hive/project/phy-otte/shared/Trinity/Data/20240311/RawDataMerged/CoBo0_AsAd0_2024-03-11T02:13:43.981_0000.root
Unix Timestamp: 1710123223
Total Number of Events: 0
Loading file: /storage/hive/project/phy-otte/shared/Trinity/Data/20240311/RawDataMerged/CoBo0_AsAd0_2024-03-11T11:15:50.539_0000.root
Unix Timestamp: 1710155750
Total Number of Events: 760
Loading file: /storage/hive/project/phy-otte/shared/Trinity/Data/20240311/RawDataMerged/CoBo0_AsAd0_2024-03-11T10:07:50.386_0000.root
Unix Timestamp: 1710151670
Total Number of Events: 619
Loading file: /storage/hive/project/phy-otte/shared/Trinity/Data/20240311/RawDataMerged/CoBo0_AsAd0_2024-03-11T05:41:50.441_0000.root
Unix Timestamp: 1710135710
Total Number of Events: 190
Loading file: /storage/hive/project/phy-otte/shared/Trinity/Data/20240311/RawDataMerged/CoBo0_AsAd0_2024-03-11T11:49:50.611_0000.root
Unix Timestamp: 1710157790
Total Number of Events: 685
Loading file: /storage/hive/project/phy-otte/shared/Trinity/Data/20240311/RawDataMerged/CoBo0_AsAd0_2024-03-11T11:31:50.423_0000.root
Unix Timestamp: 1710156710
Total Number of Events: 715
Loading file: /storage/hive/project/phy-otte/shared/Trinity/Data/20240311/RawDataMerged/CoBo0_AsAd0_2024-03-11T06:17:50.770_0000.root
Unix Timestamp: 1710137870
Total Number of Events: 176
Loading file: /storage/hive/project/phy-otte/shared/Trinity/Data/20240311/RawDataMerged/CoBo0_AsAd0_2024-03-11T04:19:50.498_0000.root
Unix Timestamp: 1710130790
Total Number of Events: 176
Loading file: /storage/hive/project/phy-otte/shared/Trinity/Data/20240311/RawDataMerged/CoBo0_AsAd0_2024-03-11T11:47:50.388_0000.root
Unix Timestamp: 1710157670
Total Number of Events: 685
Loading file: /storage/hive/project/phy-otte/shared/Trinity/Data/20240311/RawDataMerged/CoBo0_AsAd0_2024-03-11T07:29:50.447_0000.root
Unix Timestamp: 1710142190
Total Number of Events: 196
Loading file: /storage/hive/project/phy-otte/shared/Trinity/Data/20240311/RawDataMerged/CoBo0_AsAd0_2024-03-11T03:55:50.641_0000.root
Unix Timestamp: 1710129350
Total Number of Events: 241
Loading file: /storage/hive/project/phy-otte/shared/Trinity/Data/20240311/RawDataMerged/CoBo0_AsAd0_2024-03-11T06:01:50.846_0000.root
Unix Timestamp: 1710136910
Total Number of Events: 177
Loading file: /storage/hive/project/phy-otte/shared/Trinity/Data/20240311/RawDataMerged/CoBo0_AsAd0_2024-03-11T09:05:50.371_0000.root
Unix Timestamp: 1710147950
Total Number of Events: 401
Loading file: /storage/hive/project/phy-otte/shared/Trinity/Data/20240311/RawDataMerged/CoBo0_AsAd0_2024-03-11T08:27:50.406_0000.root
Unix Timestamp: 1710145670
Total Number of Events: 324
Loading file: /storage/hive/project/phy-otte/shared/Trinity/Data/20240311/RawDataMerged/CoBo0_AsAd0_2024-03-11T09:23:50.487_0000.root
Unix Timestamp: 1710149030
Total Number of Events: 468
Loading file: /storage/hive/project/phy-otte/shared/Trinity/Data/20240311/RawDataMerged/CoBo0_AsAd0_2024-03-11T08:31:50.533_0000.root
Unix Timestamp: 1710145910
Total Number of Events: 331
Loading file: /storage/hive/project/phy-otte/shared/Trinity/Data/20240311/RawDataMerged/CoBo0_AsAd0_2024-03-11T07:51:50.536_0000.root
Unix Timestamp: 1710143510
Total Number of Events: 272
Loading file: /storage/hive/project/phy-otte/shared/Trinity/Data/20240311/RawDataMerged/CoBo0_AsAd0_2024-03-11T12:05:50.509_0000.root
Unix Timestamp: 1710158750
Total Number of Events: 875
Loading file: /storage/hive/project/phy-otte/shared/Trinity/Data/20240311/RawDataMerged/CoBo0_AsAd0_2024-03-11T05:01:50.927_0000.root
Unix Timestamp: 1710133310
Total Number of Events: 146
Loading file: /storage/hive/project/phy-otte/shared/Trinity/Data/20240311/RawDataMerged/CoBo0_AsAd0_2024-03-11T06:41:50.608_0000.root
Unix Timestamp: 1710139310
Total Number of Events: 155
Loading file: /storage/hive/project/phy-otte/shared/Trinity/Data/20240311/RawDataMerged/CoBo0_AsAd0_2024-03-11T09:41:50.500_0000.root
Unix Timestamp: 1710150110
Total Number of Events: 493
Loading file: /storage/hive/project/phy-otte/shared/Trinity/Data/20240311/RawDataMerged/CoBo0_AsAd0_2024-03-11T08:33:50.444_0000.root
Unix Timestamp: 1710146030
Total Number of Events: 341
Loading file: /storage/hive/project/phy-otte/shared/Trinity/Data/20240311/RawDataMerged/CoBo0_AsAd0_2024-03-11T11:19:50.443_0000.root
Unix Timestamp: 1710155990
Total Number of Events: 811
Loading file: /storage/hive/project/phy-otte/shared/Trinity/Data/20240311/RawDataMerged/CoBo0_AsAd0_2024-03-11T08:51:50.493_0000.root
Unix Timestamp: 1710147110
Total Number of Events: 353
Loading file: /storage/hive/project/phy-otte/shared/Trinity/Data/20240311/RawDataMerged/CoBo0_AsAd0_2024-03-11T06:11:50.389_0000.root
Unix Timestamp: 1710137510
Total Number of Events: 176
Loading file: /storage/hive/project/phy-otte/shared/Trinity/Data/20240311/RawDataMerged/CoBo0_AsAd0_2024-03-11T02:57:54.898_0000.root
Unix Timestamp: 1710125874
Total Number of Events: 16
Loading file: /storage/hive/project/phy-otte/shared/Trinity/Data/20240311/RawDataMerged/CoBo0_AsAd0_2024-03-11T04:15:51.130_0000.root
Unix Timestamp: 1710130551
Total Number of Events: 180
Loading file: /storage/hive/project/phy-otte/shared/Trinity/Data/20240311/RawDataMerged/CoBo0_AsAd0_2024-03-11T11:53:50.404_0000.root
Unix Timestamp: 1710158030
Total Number of Events: 719
Loading file: /storage/hive/project/phy-otte/shared/Trinity/Data/20240311/RawDataMerged/CoBo0_AsAd0_2024-03-11T08:09:50.430_0000.root
Unix Timestamp: 1710144590
Total Number of Events: 314
Loading file: /storage/hive/project/phy-otte/shared/Trinity/Data/20240311/RawDataMerged/CoBo0_AsAd0_2024-03-11T12:03:50.452_0000.root
Unix Timestamp: 1710158630
Total Number of Events: 839
Loading file: /storage/hive/project/phy-otte/shared/Trinity/Data/20240311/RawDataMerged/CoBo0_AsAd0_2024-03-11T08:11:50.539_0000.root
Unix Timestamp: 1710144710
Total Number of Events: 321
Loading file: /storage/hive/project/phy-otte/shared/Trinity/Data/20240311/RawDataMerged/CoBo0_AsAd0_2024-03-11T02:31:50.844_0000.root
Unix Timestamp: 1710124310
Total Number of Events: 0
Loading file: /storage/hive/project/phy-otte/shared/Trinity/Data/20240311/RawDataMerged/CoBo0_AsAd0_2024-03-11T09:33:50.531_0000.root
Unix Timestamp: 1710149630
Total Number of Events: 478
Loading file: /storage/hive/project/phy-otte/shared/Trinity/Data/20240311/RawDataMerged/CoBo0_AsAd0_2024-03-11T07:43:50.416_0000.root
Unix Timestamp: 1710143030
Total Number of Events: 238
Loading file: /storage/hive/project/phy-otte/shared/Trinity/Data/20240311/RawDataMerged/CoBo0_AsAd0_2024-03-11T09:45:50.435_0000.root
Unix Timestamp: 1710150350
Total Number of Events: 492
Loading file: /storage/hive/project/phy-otte/shared/Trinity/Data/20240311/RawDataMerged/CoBo0_AsAd0_2024-03-11T11:05:50.446_0000.root
Unix Timestamp: 1710155150
Total Number of Events: 742
Loading file: /storage/hive/project/phy-otte/shared/Trinity/Data/20240311/RawDataMerged/CoBo0_AsAd0_2024-03-11T03:31:50.473_0000.root
Unix Timestamp: 1710127910
Total Number of Events: 259
Loading file: /storage/hive/project/phy-otte/shared/Trinity/Data/20240311/RawDataMerged/CoBo0_AsAd0_2024-03-11T06:51:50.569_0000.root
Unix Timestamp: 1710139910
Total Number of Events: 156
Loading file: /storage/hive/project/phy-otte/shared/Trinity/Data/20240311/RawDataMerged/CoBo0_AsAd0_2024-03-11T08:55:50.595_0000.root
Unix Timestamp: 1710147350
Total Number of Events: 377
Loading file: /storage/hive/project/phy-otte/shared/Trinity/Data/20240311/RawDataMerged/CoBo0_AsAd0_2024-03-11T10:15:50.435_0000.root
Unix Timestamp: 1710152150
Total Number of Events: 710
Loading file: /storage/hive/project/phy-otte/shared/Trinity/Data/20240311/RawDataMerged/CoBo0_AsAd0_2024-03-11T06:33:50.662_0000.root
Unix Timestamp: 1710138830
Total Number of Events: 160
Loading file: /storage/hive/project/phy-otte/shared/Trinity/Data/20240311/RawDataMerged/CoBo0_AsAd0_2024-03-11T03:21:50.581_0000.root
Unix Timestamp: 1710127310
Total Number of Events: 267
Loading file: /storage/hive/project/phy-otte/shared/Trinity/Data/20240311/RawDataMerged/CoBo0_AsAd0_2024-03-11T08:43:50.397_0000.root
Unix Timestamp: 1710146630
Total Number of Events: 347
Loading file: /storage/hive/project/phy-otte/shared/Trinity/Data/20240311/RawDataMerged/CoBo0_AsAd0_2024-03-11T11:35:50.451_0000.root
Unix Timestamp: 1710156950
Total Number of Events: 693
Loading file: /storage/hive/project/phy-otte/shared/Trinity/Data/20240311/RawDataMerged/CoBo0_AsAd0_2024-03-11T09:57:50.493_0000.root
Unix Timestamp: 1710151070
Total Number of Events: 534
Loading file: /storage/hive/project/phy-otte/shared/Trinity/Data/20240311/RawDataMerged/CoBo0_AsAd0_2024-03-11T11:57:50.534_0000.root
Unix Timestamp: 1710158270
Total Number of Events: 742
Loading file: /storage/hive/project/phy-otte/shared/Trinity/Data/20240311/RawDataMerged/CoBo0_AsAd0_2024-03-11T10:21:50.500_0000.root
Unix Timestamp: 1710152510
Total Number of Events: 779
Loading file: /storage/hive/project/phy-otte/shared/Trinity/Data/20240311/RawDataMerged/CoBo0_AsAd0_2024-03-11T11:55:50.382_0000.root
Unix Timestamp: 1710158150
Total Number of Events: 731
Loading file: /storage/hive/project/phy-otte/shared/Trinity/Data/20240311/RawDataMerged/CoBo0_AsAd0_2024-03-11T04:33:50.888_0000.root
Unix Timestamp: 1710131630
Total Number of Events: 168
Loading file: /storage/hive/project/phy-otte/shared/Trinity/Data/20240311/RawDataMerged/CoBo0_AsAd0_2024-03-11T06:57:50.440_0000.root
Unix Timestamp: 1710140270
Total Number of Events: 157
Loading file: /storage/hive/project/phy-otte/shared/Trinity/Data/20240311/RawDataMerged/CoBo0_AsAd0_2024-03-11T05:17:50.633_0000.root
Unix Timestamp: 1710134270
Total Number of Events: 165
Loading file: /storage/hive/project/phy-otte/shared/Trinity/Data/20240311/RawDataMerged/CoBo0_AsAd0_2024-03-11T02:33:50.844_0000.root
Unix Timestamp: 1710124430
Total Number of Events: 0
Loading file: /storage/hive/project/phy-otte/shared/Trinity/Data/20240311/RawDataMerged/CoBo0_AsAd0_2024-03-11T08:05:50.385_0000.root
Unix Timestamp: 1710144350
Total Number of Events: 304
Loading file: /storage/hive/project/phy-otte/shared/Trinity/Data/20240311/RawDataMerged/CoBo0_AsAd0_2024-03-11T09:35:50.408_0000.root
Unix Timestamp: 1710149750
Total Number of Events: 478
Loading file: /storage/hive/project/phy-otte/shared/Trinity/Data/20240311/RawDataMerged/CoBo0_AsAd0_2024-03-11T05:37:50.414_0000.root
Unix Timestamp: 1710135470
Total Number of Events: 185
Loading file: /storage/hive/project/phy-otte/shared/Trinity/Data/20240311/RawDataMerged/CoBo0_AsAd0_2024-03-11T11:11:50.390_0000.root
Unix Timestamp: 1710155510
Total Number of Events: 752
Loading file: /storage/hive/project/phy-otte/shared/Trinity/Data/20240311/RawDataMerged/CoBo0_AsAd0_2024-03-11T05:57:50.556_0000.root
Unix Timestamp: 1710136670
Total Number of Events: 183
Loading file: /storage/hive/project/phy-otte/shared/Trinity/Data/20240311/RawDataMerged/CoBo0_AsAd0_2024-03-11T07:41:50.519_0000.root
Unix Timestamp: 1710142910
Total Number of Events: 227
Loading file: /storage/hive/project/phy-otte/shared/Trinity/Data/20240311/RawDataMerged/CoBo0_AsAd0_2024-03-11T05:25:50.842_0000.root
Unix Timestamp: 1710134750
Total Number of Events: 179
Loading file: /storage/hive/project/phy-otte/shared/Trinity/Data/20240311/RawDataMerged/CoBo0_AsAd0_2024-03-11T10:45:50.422_0000.root
Unix Timestamp: 1710153950
Total Number of Events: 842
Loading file: /storage/hive/project/phy-otte/shared/Trinity/Data/20240311/RawDataMerged/CoBo0_AsAd0_2024-03-11T09:53:50.516_0000.root
Unix Timestamp: 1710150830
Total Number of Events: 523
Loading file: /storage/hive/project/phy-otte/shared/Trinity/Data/20240311/RawDataMerged/CoBo0_AsAd0_2024-03-11T10:41:50.453_0000.root
Unix Timestamp: 1710153710
Total Number of Events: 886
Loading file: /storage/hive/project/phy-otte/shared/Trinity/Data/20240311/RawDataMerged/CoBo0_AsAd0_2024-03-11T07:45:50.503_0000.root
Unix Timestamp: 1710143150
Total Number of Events: 257
Loading file: /storage/hive/project/phy-otte/shared/Trinity/Data/20240311/RawDataMerged/CoBo0_AsAd0_2024-03-11T04:11:50.559_0000.root
Unix Timestamp: 1710130310
Total Number of Events: 189
Loading file: /storage/hive/project/phy-otte/shared/Trinity/Data/20240311/RawDataMerged/CoBo0_AsAd0_2024-03-11T05:55:50.607_0000.root
Unix Timestamp: 1710136550
Total Number of Events: 183
Loading file: /storage/hive/project/phy-otte/shared/Trinity/Data/20240311/RawDataMerged/CoBo0_AsAd0_2024-03-11T04:37:50.599_0000.root
Unix Timestamp: 1710131870
Total Number of Events: 161
Loading file: /storage/hive/project/phy-otte/shared/Trinity/Data/20240311/RawDataMerged/CoBo0_AsAd0_2024-03-11T09:59:50.540_0000.root
Unix Timestamp: 1710151190
Total Number of Events: 540
Loading file: /storage/hive/project/phy-otte/shared/Trinity/Data/20240311/RawDataMerged/CoBo0_AsAd0_2024-03-11T08:17:50.623_0000.root
Unix Timestamp: 1710145070
Total Number of Events: 316
Loading file: /storage/hive/project/phy-otte/shared/Trinity/Data/20240311/RawDataMerged/CoBo0_AsAd0_2024-03-11T09:21:50.613_0000.root
Unix Timestamp: 1710148910
Total Number of Events: 459
Loading file: /storage/hive/project/phy-otte/shared/Trinity/Data/20240311/RawDataMerged/CoBo0_AsAd0_2024-03-11T08:13:50.652_0000.root
Unix Timestamp: 1710144830
Total Number of Events: 319
Loading file: /storage/hive/project/phy-otte/shared/Trinity/Data/20240311/RawDataMerged/CoBo0_AsAd0_2024-03-11T10:27:50.362_0000.root
Unix Timestamp: 1710152870
Total Number of Events: 821
Loading file: /storage/hive/project/phy-otte/shared/Trinity/Data/20240311/RawDataMerged/CoBo0_AsAd0_2024-03-11T04:17:50.557_0000.root
Unix Timestamp: 1710130670
Total Number of Events: 176
Loading file: /storage/hive/project/phy-otte/shared/Trinity/Data/20240311/RawDataMerged/CoBo0_AsAd0_2024-03-11T12:13:50.364_0000.root
Unix Timestamp: 1710159230
Total Number of Events: 1043
Loading file: /storage/hive/project/phy-otte/shared/Trinity/Data/20240311/RawDataMerged/CoBo0_AsAd0_2024-03-11T10:47:50.480_0000.root
Unix Timestamp: 1710154070
Total Number of Events: 831
Loading file: /storage/hive/project/phy-otte/shared/Trinity/Data/20240311/RawDataMerged/CoBo0_AsAd0_2024-03-11T07:37:50.675_0000.root
Unix Timestamp: 1710142670
Total Number of Events: 223
Loading file: /storage/hive/project/phy-otte/shared/Trinity/Data/20240311/RawDataMerged/CoBo0_AsAd0_2024-03-11T09:31:50.424_0000.root
Unix Timestamp: 1710149510
Total Number of Events: 478
Loading file: /storage/hive/project/phy-otte/shared/Trinity/Data/20240311/RawDataMerged/CoBo0_AsAd0_2024-03-11T09:27:50.397_0000.root
Unix Timestamp: 1710149270
Total Number of Events: 470
Loading file: /storage/hive/project/phy-otte/shared/Trinity/Data/20240311/RawDataMerged/CoBo0_AsAd0_2024-03-11T05:05:50.419_0000.root
Unix Timestamp: 1710133550
Total Number of Events: 153
Loading file: /storage/hive/project/phy-otte/shared/Trinity/Data/20240311/RawDataMerged/CoBo0_AsAd0_2024-03-11T09:47:50.555_0000.root
Unix Timestamp: 1710150470
Total Number of Events: 492
Loading file: /storage/hive/project/phy-otte/shared/Trinity/Data/20240311/RawDataMerged/CoBo0_AsAd0_2024-03-11T03:25:50.438_0000.root
Unix Timestamp: 1710127550
Total Number of Events: 262
Loading file: /storage/hive/project/phy-otte/shared/Trinity/Data/20240311/RawDataMerged/CoBo0_AsAd0_2024-03-11T10:49:50.377_0000.root
Unix Timestamp: 1710154190
Total Number of Events: 831
Loading file: /storage/hive/project/phy-otte/shared/Trinity/Data/20240311/RawDataMerged/CoBo0_AsAd0_2024-03-11T11:51:50.394_0000.root
Unix Timestamp: 1710157910
Total Number of Events: 695
Loading file: /storage/hive/project/phy-otte/shared/Trinity/Data/20240311/RawDataMerged/CoBo0_AsAd0_2024-03-11T07:59:50.532_0000.root
Unix Timestamp: 1710143990
Total Number of Events: 296
Loading file: /storage/hive/project/phy-otte/shared/Trinity/Data/20240311/RawDataMerged/CoBo0_AsAd0_2024-03-11T02:17:50.843_0000.root
Unix Timestamp: 1710123470
Total Number of Events: 0
Loading file: /storage/hive/project/phy-otte/shared/Trinity/Data/20240311/RawDataMerged/CoBo0_AsAd0_2024-03-11T07:19:50.796_0000.root
Unix Timestamp: 1710141590
Total Number of Events: 179
Loading file: /storage/hive/project/phy-otte/shared/Trinity/Data/20240311/RawDataMerged/CoBo0_AsAd0_2024-03-11T06:25:51.020_0000.root
Unix Timestamp: 1710138351
Total Number of Events: 168
Loading file: /storage/hive/project/phy-otte/shared/Trinity/Data/20240311/RawDataMerged/CoBo0_AsAd0_2024-03-11T03:57:50.637_0000.root
Unix Timestamp: 1710129470
Total Number of Events: 234
Loading file: /storage/hive/project/phy-otte/shared/Trinity/Data/20240311/RawDataMerged/CoBo0_AsAd0_2024-03-11T08:23:50.506_0000.root
Unix Timestamp: 1710145430
Total Number of Events: 320
Loading file: /storage/hive/project/phy-otte/shared/Trinity/Data/20240311/RawDataMerged/CoBo0_AsAd0_2024-03-11T06:37:50.983_0000.root
Unix Timestamp: 1710139070
Total Number of Events: 158
Loading file: /storage/hive/project/phy-otte/shared/Trinity/Data/20240311/RawDataMerged/CoBo0_AsAd0_2024-03-11T03:35:50.386_0000.root
Unix Timestamp: 1710128150
Total Number of Events: 259
Loading file: /storage/hive/project/phy-otte/shared/Trinity/Data/20240311/RawDataMerged/CoBo0_AsAd0_2024-03-11T04:43:50.917_0000.root
Unix Timestamp: 1710132230
Total Number of Events: 149
Loading file: /storage/hive/project/phy-otte/shared/Trinity/Data/20240311/RawDataMerged/CoBo0_AsAd0_2024-03-11T12:17:50.386_0000.root
Unix Timestamp: 1710159470
Total Number of Events: 825
Loading file: /storage/hive/project/phy-otte/shared/Trinity/Data/20240311/RawDataMerged/CoBo0_AsAd0_2024-03-11T07:47:50.376_0000.root
Unix Timestamp: 1710143270
Total Number of Events: 262
Loading file: /storage/hive/project/phy-otte/shared/Trinity/Data/20240311/RawDataMerged/CoBo0_AsAd0_2024-03-11T05:51:50.365_0000.root
Unix Timestamp: 1710136310
Total Number of Events: 188
Loading file: /storage/hive/project/phy-otte/shared/Trinity/Data/20240311/RawDataMerged/CoBo0_AsAd0_2024-03-11T10:23:50.393_0000.root
Unix Timestamp: 1710152630
Total Number of Events: 799
Loading file: /storage/hive/project/phy-otte/shared/Trinity/Data/20240311/RawDataMerged/CoBo0_AsAd0_2024-03-11T10:55:50.441_0000.root
Unix Timestamp: 1710154550
Total Number of Events: 800
Loading file: /storage/hive/project/phy-otte/shared/Trinity/Data/20240311/RawDataMerged/CoBo0_AsAd0_2024-03-11T04:49:51.309_0000.root
Unix Timestamp: 1710132591
Total Number of Events: 139
Loading file: /storage/hive/project/phy-otte/shared/Trinity/Data/20240311/RawDataMerged/CoBo0_AsAd0_2024-03-11T04:07:50.701_0000.root
Unix Timestamp: 1710130070
Total Number of Events: 197
Loading file: /storage/hive/project/phy-otte/shared/Trinity/Data/20240311/RawDataMerged/CoBo0_AsAd0_2024-03-11T09:03:50.414_0000.root
Unix Timestamp: 1710147830
Total Number of Events: 391
Loading file: /storage/hive/project/phy-otte/shared/Trinity/Data/20240311/RawDataMerged/CoBo0_AsAd0_2024-03-11T04:09:50.514_0000.root
Unix Timestamp: 1710130190
Total Number of Events: 195
Loading file: /storage/hive/project/phy-otte/shared/Trinity/Data/20240311/RawDataMerged/CoBo0_AsAd0_2024-03-11T08:53:50.563_0000.root
Unix Timestamp: 1710147230
Total Number of Events: 353
Loading file: /storage/hive/project/phy-otte/shared/Trinity/Data/20240311/RawDataMerged/CoBo0_AsAd0_2024-03-11T05:47:50.430_0000.root
Unix Timestamp: 1710136070
Total Number of Events: 191
Loading file: /storage/hive/project/phy-otte/shared/Trinity/Data/20240311/RawDataMerged/CoBo0_AsAd0_2024-03-11T08:03:50.560_0000.root
Unix Timestamp: 1710144230
Total Number of Events: 304
Loading file: /storage/hive/project/phy-otte/shared/Trinity/Data/20240311/RawDataMerged/CoBo0_AsAd0_2024-03-11T06:39:50.579_0000.root
Unix Timestamp: 1710139190
Total Number of Events: 155
Loading file: /storage/hive/project/phy-otte/shared/Trinity/Data/20240311/RawDataMerged/CoBo0_AsAd0_2024-03-11T02:29:50.844_0000.root
Unix Timestamp: 1710124190
Total Number of Events: 0
Loading file: /storage/hive/project/phy-otte/shared/Trinity/Data/20240311/RawDataMerged/CoBo0_AsAd0_2024-03-11T10:57:50.422_0000.root
Unix Timestamp: 1710154670
Total Number of Events: 783
Loading file: /storage/hive/project/phy-otte/shared/Trinity/Data/20240311/RawDataMerged/CoBo0_AsAd0_2024-03-11T12:09:50.476_0000.root
Unix Timestamp: 1710158990
Total Number of Events: 955
Loading file: /storage/hive/project/phy-otte/shared/Trinity/Data/20240311/RawDataMerged/CoBo0_AsAd0_2024-03-11T04:45:51.005_0000.root
Unix Timestamp: 1710132351
Total Number of Events: 142
Loading file: /storage/hive/project/phy-otte/shared/Trinity/Data/20240311/RawDataMerged/CoBo0_AsAd0_2024-03-11T06:35:50.661_0000.root
Unix Timestamp: 1710138950
Total Number of Events: 160
Loading file: /storage/hive/project/phy-otte/shared/Trinity/Data/20240311/RawDataMerged/CoBo0_AsAd0_2024-03-11T09:37:50.378_0000.root
Unix Timestamp: 1710149870
Total Number of Events: 483
Loading file: /storage/hive/project/phy-otte/shared/Trinity/Data/20240311/RawDataMerged/CoBo0_AsAd0_2024-03-11T10:11:50.521_0000.root
Unix Timestamp: 1710151910
Total Number of Events: 651
Loading file: /storage/hive/project/phy-otte/shared/Trinity/Data/20240311/RawDataMerged/CoBo0_AsAd0_2024-03-11T09:51:50.412_0000.root
Unix Timestamp: 1710150710
Total Number of Events: 511
Loading file: /storage/hive/project/phy-otte/shared/Trinity/Data/20240311/RawDataMerged/CoBo0_AsAd0_2024-03-11T12:01:50.397_0000.root
Unix Timestamp: 1710158510
Total Number of Events: 815
Loading file: /storage/hive/project/phy-otte/shared/Trinity/Data/20240311/RawDataMerged/CoBo0_AsAd0_2024-03-11T06:09:50.491_0000.root
Unix Timestamp: 1710137390
Total Number of Events: 176
Loading file: /storage/hive/project/phy-otte/shared/Trinity/Data/20240311/RawDataMerged/CoBo0_AsAd0_2024-03-11T03:49:50.521_0000.root
Unix Timestamp: 1710128990
Total Number of Events: 238
Loading file: /storage/hive/project/phy-otte/shared/Trinity/Data/20240311/RawDataMerged/CoBo0_AsAd0_2024-03-11T07:07:50.445_0000.root
Unix Timestamp: 1710140870
Total Number of Events: 161
Loading file: /storage/hive/project/phy-otte/shared/Trinity/Data/20240311/RawDataMerged/CoBo0_AsAd0_2024-03-11T11:59:50.449_0000.root
Unix Timestamp: 1710158390
Total Number of Events: 760
Loading file: /storage/hive/project/phy-otte/shared/Trinity/Data/20240311/RawDataMerged/CoBo0_AsAd0_2024-03-11T09:49:50.529_0000.root
Unix Timestamp: 1710150590
Total Number of Events: 501
Loading file: /storage/hive/project/phy-otte/shared/Trinity/Data/20240311/RawDataMerged/CoBo0_AsAd0_2024-03-11T07:31:50.500_0000.root
Unix Timestamp: 1710142310
Total Number of Events: 206
Loading file: /storage/hive/project/phy-otte/shared/Trinity/Data/20240311/RawDataMerged/CoBo0_AsAd0_2024-03-11T05:23:50.609_0000.root
Unix Timestamp: 1710134630
Total Number of Events: 175
Loading file: /storage/hive/project/phy-otte/shared/Trinity/Data/20240311/RawDataMerged/CoBo0_AsAd0_2024-03-11T04:53:50.919_0000.root
Unix Timestamp: 1710132830
Total Number of Events: 144
Loading file: /storage/hive/project/phy-otte/shared/Trinity/Data/20240311/RawDataMerged/CoBo0_AsAd0_2024-03-11T02:27:50.843_0000.root
Unix Timestamp: 1710124070
Total Number of Events: 0
Loading file: /storage/hive/project/phy-otte/shared/Trinity/Data/20240311/RawDataMerged/CoBo0_AsAd0_2024-03-11T07:21:50.688_0000.root
Unix Timestamp: 1710141710
Total Number of Events: 186
Loading file: /storage/hive/project/phy-otte/shared/Trinity/Data/20240311/RawDataMerged/CoBo0_AsAd0_2024-03-11T12:15:50.418_0000.root
Unix Timestamp: 1710159350
Total Number of Events: 1099
Loading file: /storage/hive/project/phy-otte/shared/Trinity/Data/20240311/RawDataMerged/CoBo0_AsAd0_2024-03-11T08:21:50.713_0000.root
Unix Timestamp: 1710145310
Total Number of Events: 316
Loading file: /storage/hive/project/phy-otte/shared/Trinity/Data/20240311/RawDataMerged/CoBo0_AsAd0_2024-03-11T10:33:50.440_0000.root
Unix Timestamp: 1710153230
Total Number of Events: 849
Loading file: /storage/hive/project/phy-otte/shared/Trinity/Data/20240311/RawDataMerged/CoBo0_AsAd0_2024-03-11T07:39:50.693_0000.root
Unix Timestamp: 1710142790
Total Number of Events: 223
Loading file: /storage/hive/project/phy-otte/shared/Trinity/Data/20240311/RawDataMerged/CoBo0_AsAd0_2024-03-11T07:27:51.102_0000.root
Unix Timestamp: 1710142071
Total Number of Events: 196
Loading file: /storage/hive/project/phy-otte/shared/Trinity/Data/20240311/RawDataMerged/CoBo0_AsAd0_2024-03-11T06:59:50.684_0000.root
Unix Timestamp: 1710140390
Total Number of Events: 158
Loading file: /storage/hive/project/phy-otte/shared/Trinity/Data/20240311/RawDataMerged/CoBo0_AsAd0_2024-03-11T07:53:50.442_0000.root
Unix Timestamp: 1710143630
Total Number of Events: 275
Loading file: /storage/hive/project/phy-otte/shared/Trinity/Data/20240311/RawDataMerged/CoBo0_AsAd0_2024-03-11T06:29:50.780_0000.root
Unix Timestamp: 1710138590
Total Number of Events: 157
Loading file: /storage/hive/project/phy-otte/shared/Trinity/Data/20240311/RawDataMerged/CoBo0_AsAd0_2024-03-11T10:35:50.406_0000.root
Unix Timestamp: 1710153350
Total Number of Events: 880
Loading file: /storage/hive/project/phy-otte/shared/Trinity/Data/20240311/RawDataMerged/CoBo0_AsAd0_2024-03-11T09:07:50.576_0000.root
Unix Timestamp: 1710148070
Total Number of Events: 409
Loading file: /storage/hive/project/phy-otte/shared/Trinity/Data/20240311/RawDataMerged/CoBo0_AsAd0_2024-03-11T07:03:50.633_0000.root
Unix Timestamp: 1710140630
Total Number of Events: 157
Loading file: /storage/hive/project/phy-otte/shared/Trinity/Data/20240311/RawDataMerged/CoBo0_AsAd0_2024-03-11T06:19:50.406_0000.root
Unix Timestamp: 1710137990
Total Number of Events: 176
Loading file: /storage/hive/project/phy-otte/shared/Trinity/Data/20240311/RawDataMerged/CoBo0_AsAd0_2024-03-11T04:41:50.487_0000.root
Unix Timestamp: 1710132110
Total Number of Events: 154
Loading file: /storage/hive/project/phy-otte/shared/Trinity/Data/20240311/RawDataMerged/CoBo0_AsAd0_2024-03-11T07:57:50.514_0000.root
Unix Timestamp: 1710143870
Total Number of Events: 283
Loading file: /storage/hive/project/phy-otte/shared/Trinity/Data/20240311/RawDataMerged/CoBo0_AsAd0_2024-03-11T12:11:50.426_0000.root
Unix Timestamp: 1710159110
Total Number of Events: 998
Loading file: /storage/hive/project/phy-otte/shared/Trinity/Data/20240311/RawDataMerged/CoBo0_AsAd0_2024-03-11T07:01:50.358_0000.root
Unix Timestamp: 1710140510
Total Number of Events: 157
Loading file: /storage/hive/project/phy-otte/shared/Trinity/Data/20240311/RawDataMerged/CoBo0_AsAd0_2024-03-11T03:23:50.843_0000.root
Unix Timestamp: 1710127430
Total Number of Events: 271
Loading file: /storage/hive/project/phy-otte/shared/Trinity/Data/20240311/RawDataMerged/CoBo0_AsAd0_2024-03-11T06:13:50.783_0000.root
Unix Timestamp: 1710137630
Total Number of Events: 174
Loading file: /storage/hive/project/phy-otte/shared/Trinity/Data/20240311/RawDataMerged/CoBo0_AsAd0_2024-03-11T03:53:50.555_0000.root
Unix Timestamp: 1710129230
Total Number of Events: 233
Loading file: /storage/hive/project/phy-otte/shared/Trinity/Data/20240311/RawDataMerged/CoBo0_AsAd0_2024-03-11T02:19:50.912_0000.root
Unix Timestamp: 1710123590
Total Number of Events: 0
Loading file: /storage/hive/project/phy-otte/shared/Trinity/Data/20240311/RawDataMerged/CoBo0_AsAd0_2024-03-11T09:09:50.624_0000.root
Unix Timestamp: 1710148190
Total Number of Events: 415
Loading file: /storage/hive/project/phy-otte/shared/Trinity/Data/20240311/RawDataMerged/CoBo0_AsAd0_2024-03-11T04:29:50.467_0000.root
Unix Timestamp: 1710131390
Total Number of Events: 170
Loading file: /storage/hive/project/phy-otte/shared/Trinity/Data/20240311/RawDataMerged/CoBo0_AsAd0_2024-03-11T08:37:50.408_0000.root
Unix Timestamp: 1710146270
Total Number of Events: 341
Loading file: /storage/hive/project/phy-otte/shared/Trinity/Data/20240311/RawDataMerged/CoBo0_AsAd0_2024-03-11T10:29:50.389_0000.root
Unix Timestamp: 1710152990
Total Number of Events: 824
Loading file: /storage/hive/project/phy-otte/shared/Trinity/Data/20240311/RawDataMerged/CoBo0_AsAd0_2024-03-11T08:49:50.401_0000.root
Unix Timestamp: 1710146990
Total Number of Events: 353
Loading file: /storage/hive/project/phy-otte/shared/Trinity/Data/20240311/RawDataMerged/CoBo0_AsAd0_2024-03-11T10:53:50.389_0000.root
Unix Timestamp: 1710154430
Total Number of Events: 826
spawn ssh -i /home/sstepanoff3/.ssh/hive sstepanoff3@login-hive.pace.gatech.edu /storage/hive/project/phy-otte/shared/Trinity/DataAnalysis/DataSummary/sumDir/FolderDataSum 20240311

Inactive Modules:
  1) mvapich2

The following have been reloaded with a version change:
  1) gcc/10.3.0-o57x6h => gcc/8.3.0-rv4av7
  2) mpc/1.2.1-zoh6w2 => mpc/1.1.0-kyjl4f
  3) mpfr/4.1.0-32gcbv => mpfr/3.1.6-yuvsh4

Unix Thres Timestamp: 1710125187
Unix Thres Timestamp: 1710126878
/storage/hive/project/phy-otte/shared/Trinity/Data/20240311/RawDataMerged/
Loading file: /storage/hive/project/phy-otte/shared/Trinity/Data/20240311/RawDataMerged/CoBo0_AsAd0_2024-03-11T09:11:50.426_0000.root
Unix Timestamp: 1710148310
Warning in <TClass::Init>: no dictionary for class ROOT::TIOFeatures is available
Total Number of Events: 426
Loading file: /storage/hive/project/phy-otte/shared/Trinity/Data/20240311/RawDataMerged/CoBo0_AsAd0_2024-03-11T05:43:50.442_0000.root
Unix Timestamp: 1710135830
Total Number of Events: 190
Loading file: /storage/hive/project/phy-otte/shared/Trinity/Data/20240311/RawDataMerged/CoBo0_AsAd0_2024-03-11T06:15:50.579_0000.root
Unix Timestamp: 1710137750
Total Number of Events: 174
Loading file: /storage/hive/project/phy-otte/shared/Trinity/Data/20240311/RawDataMerged/CoBo0_AsAd0_2024-03-11T04:21:50.574_0000.root
Unix Timestamp: 1710130910
Loading file: /storage/hive/project/phy-otte/shared/Trinity/Data/20240311/RawDataMerged/CoBo0_AsAd0_2024-03-11T04:05:50.544_0000.root
Unix Timestamp: 1710129950
Total Number of Events: 176
Total Number of Events: 202
Loading file: /storage/hive/project/phy-otte/shared/Trinity/Data/20240311/RawDataMerged/CoBo0_AsAd0_2024-03-11T05:49:50.600_0000.root
Unix Timestamp: 1710136190
Loading file: /storage/hive/project/phy-otte/shared/Trinity/Data/20240311/RawDataMerged/CoBo0_AsAd0_2024-03-11T08:25:50.376_0000.root
Unix Timestamp: 1710145550
Total Number of Events: 188
Total Number of Events: 324
Loading file: /storage/hive/project/phy-otte/shared/Trinity/Data/20240311/RawDataMerged/CoBo0_AsAd0_2024-03-11T03:17:50.675_0000.root
Unix Timestamp: 1710127070
Total Number of Events: 264
Loading file: /storage/hive/project/phy-otte/shared/Trinity/Data/20240311/RawDataMerged/CoBo0_AsAd0_2024-03-11T05:31:50.643_0000.root
Unix Timestamp: 1710135110
Total Number of Events: 184
Loading file: /storage/hive/project/phy-otte/shared/Trinity/Data/20240311/RawDataMerged/CoBo0_AsAd0_2024-03-11T03:39:50.642_0000.root
Unix Timestamp: 1710128390
Total Number of Events: 268
Loading file: /storage/hive/project/phy-otte/shared/Trinity/Data/20240311/RawDataMerged/CoBo0_AsAd0_2024-03-11T11:39:50.456_0000.root
Unix Timestamp: 1710157190
Total Number of Events: 686
Loading file: /storage/hive/project/phy-otte/shared/Trinity/Data/20240311/RawDataMerged/CoBo0_AsAd0_2024-03-11T07:25:50.753_0000.root
Unix Timestamp: 1710141950
Total Number of Events: 191
Loading file: /storage/hive/project/phy-otte/shared/Trinity/Data/20240311/RawDataMerged/CoBo0_AsAd0_2024-03-11T07:11:50.770_0000.root
Unix Timestamp: 1710141110
Total Number of Events: 172
Loading file: /storage/hive/project/phy-otte/shared/Trinity/Data/20240311/RawDataMerged/CoBo0_AsAd0_2024-03-11T06:31:50.885_0000.root
Unix Timestamp: 1710138710
Total Number of Events: 157
Loading file: /storage/hive/project/phy-otte/shared/Trinity/Data/20240311/RawDataMerged/CoBo0_AsAd0_2024-03-11T04:31:50.529_0000.root
Unix Timestamp: 1710131510
Total Number of Events: 170
Loading file: /storage/hive/project/phy-otte/shared/Trinity/Data/20240311/RawDataMerged/CoBo0_AsAd0_2024-03-11T08:35:50.531_0000.root
Unix Timestamp: 1710146150
Total Number of Events: 341
Loading file: /storage/hive/project/phy-otte/shared/Trinity/Data/20240311/RawDataMerged/CoBo0_AsAd0_2024-03-11T03:45:50.567_0000.root
Unix Timestamp: 1710128750
Total Number of Events: 242
Loading file: /storage/hive/project/phy-otte/shared/Trinity/Data/20240311/RawDataMerged/CoBo0_AsAd0_2024-03-11T04:51:50.603_0000.root
Unix Timestamp: 1710132710
Total Number of Events: 144
Loading file: /storage/hive/project/phy-otte/shared/Trinity/Data/20240311/RawDataMerged/CoBo0_AsAd0_2024-03-11T10:43:50.378_0000.root
Unix Timestamp: 1710153830
Total Number of Events: 855
Loading file: /storage/hive/project/phy-otte/shared/Trinity/Data/20240311/RawDataMerged/CoBo0_AsAd0_2024-03-11T07:17:50.418_0000.root
Unix Timestamp: 1710141470
Total Number of Events: 179
Loading file: /storage/hive/project/phy-otte/shared/Trinity/Data/20240311/RawDataMerged/CoBo0_AsAd0_2024-03-11T04:27:50.556_0000.root
Unix Timestamp: 1710131270
Total Number of Events: 172
Loading file: /storage/hive/project/phy-otte/shared/Trinity/Data/20240311/RawDataMerged/CoBo0_AsAd0_2024-03-11T03:19:50.570_0000.root
Unix Timestamp: 1710127190
Total Number of Events: 264
Loading file: /storage/hive/project/phy-otte/shared/Trinity/Data/20240311/RawDataMerged/CoBo0_AsAd0_2024-03-11T10:59:50.395_0000.root
Unix Timestamp: 1710154790
Total Number of Events: 761
Loading file: /storage/hive/project/phy-otte/shared/Trinity/Data/20240311/RawDataMerged/CoBo0_AsAd0_2024-03-11T02:35:50.845_0000.root
Unix Timestamp: 1710124550
Total Number of Events: 0
Loading file: /storage/hive/project/phy-otte/shared/Trinity/Data/20240311/RawDataMerged/CoBo0_AsAd0_2024-03-11T11:03:50.354_0000.root
Unix Timestamp: 1710155030
Total Number of Events: 742
Loading file: /storage/hive/project/phy-otte/shared/Trinity/Data/20240311/RawDataMerged/CoBo0_AsAd0_2024-03-11T02:53:52.611_0000.root
Unix Timestamp: 1710125632
Loading file: /storage/hive/project/phy-otte/shared/Trinity/Data/20240311/RawDataMerged/CoBo0_AsAd0_2024-03-11T05:29:50.778_0000.root
Unix Timestamp: 1710134990
Total Number of Events: 16
Loading file: /storage/hive/project/phy-otte/shared/Trinity/Data/20240311/RawDataMerged/CoBo0_AsAd0_2024-03-11T09:13:50.736_0000.root
Unix Timestamp: 1710148430
Total Number of Events: 179
Total Number of Events: 422
Loading file: /storage/hive/project/phy-otte/shared/Trinity/Data/20240311/RawDataMerged/CoBo0_AsAd0_2024-03-11T11:09:50.454_0000.root
Unix Timestamp: 1710155390
Total Number of Events: 752
Loading file: /storage/hive/project/phy-otte/shared/Trinity/Data/20240311/RawDataMerged/CoBo0_AsAd0_2024-03-11T11:41:50.472_0000.root
Unix Timestamp: 1710157310
Total Number of Events: 687
Loading file: /storage/hive/project/phy-otte/shared/Trinity/Data/20240311/RawDataMerged/CoBo0_AsAd0_2024-03-11T09:17:50.608_0000.root
Unix Timestamp: 1710148670
Total Number of Events: 435
Loading file: /storage/hive/project/phy-otte/shared/Trinity/Data/20240311/RawDataMerged/CoBo0_AsAd0_2024-03-11T06:53:50.562_0000.root
Unix Timestamp: 1710140030
Total Number of Events: 156
Loading file: /storage/hive/project/phy-otte/shared/Trinity/Data/20240311/RawDataMerged/CoBo0_AsAd0_2024-03-11T10:31:50.372_0000.root
Unix Timestamp: 1710153110
Total Number of Events: 825
Loading file: /storage/hive/project/phy-otte/shared/Trinity/Data/20240311/RawDataMerged/CoBo0_AsAd0_2024-03-11T11:17:50.460_0000.root
Unix Timestamp: 1710155870
Total Number of Events: 779
Loading file: /storage/hive/project/phy-otte/shared/Trinity/Data/20240311/RawDataMerged/CoBo0_AsAd0_2024-03-11T03:33:50.620_0000.root
Unix Timestamp: 1710128030
Total Number of Events: 259
Loading file: /storage/hive/project/phy-otte/shared/Trinity/Data/20240311/RawDataMerged/CoBo0_AsAd0_2024-03-11T08:41:50.408_0000.root
Unix Timestamp: 1710146510
Total Number of Events: 347
Loading file: /storage/hive/project/phy-otte/shared/Trinity/Data/20240311/RawDataMerged/CoBo0_AsAd0_2024-03-11T05:19:50.968_0000.root
Unix Timestamp: 1710134390
Total Number of Events: 170
Loading file: /storage/hive/project/phy-otte/shared/Trinity/Data/20240311/RawDataMerged/CoBo0_AsAd0_2024-03-11T07:05:50.994_0000.root
Unix Timestamp: 1710140750
Total Number of Events: 159
Loading file: /storage/hive/project/phy-otte/shared/Trinity/Data/20240311/RawDataMerged/CoBo0_AsAd0_2024-03-11T05:11:50.902_0000.root
Unix Timestamp: 1710133910
Total Number of Events: 159
Loading file: /storage/hive/project/phy-otte/shared/Trinity/Data/20240311/RawDataMerged/CoBo0_AsAd0_2024-03-11T06:05:50.875_0000.root
Unix Timestamp: 1710137150
Loading file: /storage/hive/project/phy-otte/shared/Trinity/Data/20240311/RawDataMerged/CoBo0_AsAd0_2024-03-11T02:48:00.736_0000.root
Unix Timestamp: 1710125280
Total Number of Events: 177
Total Number of Events: 32
Loading file: /storage/hive/project/phy-otte/shared/Trinity/Data/20240311/RawDataMerged/CoBo0_AsAd0_2024-03-11T10:39:50.406_0000.root
Unix Timestamp: 1710153590
Total Number of Events: 905
Loading file: /storage/hive/project/phy-otte/shared/Trinity/Data/20240311/RawDataMerged/CoBo0_AsAd0_2024-03-11T09:01:50.583_0000.root
Unix Timestamp: 1710147710
Total Number of Events: 390
Loading file: /storage/hive/project/phy-otte/shared/Trinity/Data/20240311/RawDataMerged/CoBo0_AsAd0_2024-03-11T11:43:50.475_0000.root
Unix Timestamp: 1710157430
Total Number of Events: 675
Loading file: /storage/hive/project/phy-otte/shared/Trinity/Data/20240311/RawDataMerged/CoBo0_AsAd0_2024-03-11T04:35:50.595_0000.root
Unix Timestamp: 1710131750
Total Number of Events: 164
Loading file: /storage/hive/project/phy-otte/shared/Trinity/Data/20240311/RawDataMerged/CoBo0_AsAd0_2024-03-11T08:57:50.688_0000.root
Unix Timestamp: 1710147470
Total Number of Events: 377
Loading file: /storage/hive/project/phy-otte/shared/Trinity/Data/20240311/RawDataMerged/CoBo0_AsAd0_2024-03-11T02:51:50.445_0000.root
Unix Timestamp: 1710125510
Total Number of Events: 18
Loading file: /storage/hive/project/phy-otte/shared/Trinity/Data/20240311/RawDataMerged/CoBo0_AsAd0_2024-03-11T04:03:50.734_0000.root
Unix Timestamp: 1710129830
Total Number of Events: 209
Loading file: /storage/hive/project/phy-otte/shared/Trinity/Data/20240311/RawDataMerged/CoBo0_AsAd0_2024-03-11T02:25:50.843_0000.root
Unix Timestamp: 1710123950
Total Number of Events: 0
Loading file: /storage/hive/project/phy-otte/shared/Trinity/Data/20240311/RawDataMerged/CoBo0_AsAd0_2024-03-11T06:07:50.344_0000.root
Unix Timestamp: 1710137270
Loading file: /storage/hive/project/phy-otte/shared/Trinity/Data/20240311/RawDataMerged/CoBo0_AsAd0_2024-03-11T10:01:50.476_0000.root
Unix Timestamp: 1710151310
Total Number of Events: 177
Total Number of Events: 578
Loading file: /storage/hive/project/phy-otte/shared/Trinity/Data/20240311/RawDataMerged/CoBo0_AsAd0_2024-03-11T09:25:50.445_0000.root
Unix Timestamp: 1710149150
Total Number of Events: 468
Loading file: /storage/hive/project/phy-otte/shared/Trinity/Data/20240311/RawDataMerged/CoBo0_AsAd0_2024-03-11T07:35:50.418_0000.root
Unix Timestamp: 1710142550
Total Number of Events: 211
Loading file: /storage/hive/project/phy-otte/shared/Trinity/Data/20240311/RawDataMerged/CoBo0_AsAd0_2024-03-11T08:29:50.594_0000.root
Unix Timestamp: 1710145790
Total Number of Events: 327
Info in <TCanvas::Print>: pdf file /storage/hive/project/phy-otte/shared/Trinity/DataAnalysis/DataSummary/Output/20240311.pdf has been created
Info in <TCanvas::Print>: Current canvas added to pdf file /storage/hive/project/phy-otte/shared/Trinity/DataAnalysis/DataSummary/Output/20240311.pdf
Loading file: /storage/hive/project/phy-otte/shared/Trinity/Data/20240311/RawDataMerged/CoBo0_AsAd0_2024-03-11T03:41:50.349_0000.root
Unix Timestamp: 1710128510
Total Number of Events: 264
Info in <TCanvas::Print>: Current canvas added to pdf file /storage/hive/project/phy-otte/shared/Trinity/DataAnalysis/DataSummary/Output/20240311.pdf
Loading file: /storage/hive/project/phy-otte/shared/Trinity/Data/20240311/RawDataMerged/CoBo0_AsAd0_2024-03-11T05:03:50.880_0000.root
Unix Timestamp: 1710133430
Total Number of Events: 146
Loading file: /storage/hive/project/phy-otte/shared/Trinity/Data/20240311/RawDataMerged/CoBo0_AsAd0_2024-03-11T12:07:50.500_0000.root
Unix Timestamp: 1710158870
Total Number of Events: 899
Info in <TCanvas::Print>: Current canvas added to pdf file /storage/hive/project/phy-otte/shared/Trinity/DataAnalysis/DataSummary/Output/20240311.pdf
Info in <TCanvas::Print>: Current canvas added to pdf file /storage/hive/project/phy-otte/shared/Trinity/DataAnalysis/DataSummary/Output/20240311.pdf
Loading file: /storage/hive/project/phy-otte/shared/Trinity/Data/20240311/RawDataMerged/CoBo0_AsAd0_2024-03-11T04:59:50.749_0000.root
Unix Timestamp: 1710133190
Total Number of Events: 147
Loading file: /storage/hive/project/phy-otte/shared/Trinity/Data/20240311/RawDataMerged/CoBo0_AsAd0_2024-03-11T06:21:51.047_0000.root
Unix Timestamp: 1710138111
Total Number of Events: 177
Loading file: /storage/hive/project/phy-otte/shared/Trinity/Data/20240311/RawDataMerged/CoBo0_AsAd0_2024-03-11T03:47:50.336_0000.root
Unix Timestamp: 1710128870
Total Number of Events: 239
Info in <TCanvas::Print>: Current canvas added to pdf file /storage/hive/project/phy-otte/shared/Trinity/DataAnalysis/DataSummary/Output/20240311.pdf
Loading file: /storage/hive/project/phy-otte/shared/Trinity/Data/20240311/RawDataMerged/CoBo0_AsAd0_2024-03-11T08:45:50.468_0000.root
Unix Timestamp: 1710146750
Total Number of Events: 351
Info in <TCanvas::Print>: Current canvas added to pdf file /storage/hive/project/phy-otte/shared/Trinity/DataAnalysis/DataSummary/Output/20240311.pdf
Info in <TCanvas::Print>: pdf file /storage/hive/project/phy-otte/shared/Trinity/DataAnalysis/DataSummary/Output/20240311.pdf has been closed
Loading file: /storage/hive/project/phy-otte/shared/Trinity/Data/20240311/RawDataMerged/CoBo0_AsAd0_2024-03-11T04:55:50.543_0000.root
Unix Timestamp: 1710132950
Total Number of Events: 146
Loading file: /storage/hive/project/phy-otte/shared/Trinity/Data/20240311/RawDataMerged/CoBo0_AsAd0_2024-03-11T11:45:50.455_0000.root
Unix Timestamp: 1710157550
Total Number of Events: 675
Loading file: /storage/hive/project/phy-otte/shared/Trinity/Data/20240311/RawDataMerged/CoBo0_AsAd0_2024-03-11T09:55:50.539_0000.root
Unix Timestamp: 1710150950
Total Number of Events: 525
Loading file: /storage/hive/project/phy-otte/shared/Trinity/Data/20240311/RawDataMerged/CoBo0_AsAd0_2024-03-11T06:55:50.842_0000.root
Unix Timestamp: 1710140150
Total Number of Events: 157
Loading file: /storage/hive/project/phy-otte/shared/Trinity/Data/20240311/RawDataMerged/CoBo0_AsAd0_2024-03-11T08:59:50.563_0000.root
Unix Timestamp: 1710147590
Total Number of Events: 381
Loading file: /storage/hive/project/phy-otte/shared/Trinity/Data/20240311/RawDataMerged/CoBo0_AsAd0_2024-03-11T02:23:50.844_0000.root
Unix Timestamp: 1710123830
Total Number of Events: 0
Loading file: /storage/hive/project/phy-otte/shared/Trinity/Data/20240311/RawDataMerged/CoBo0_AsAd0_2024-03-11T05:45:50.606_0000.root
Unix Timestamp: 1710135950
Total Number of Events: 190
Loading file: /storage/hive/project/phy-otte/shared/Trinity/Data/20240311/RawDataMerged/CoBo0_AsAd0_2024-03-11T07:15:50.357_0000.root
Unix Timestamp: 1710141350
Total Number of Events: 178
Loading file: /storage/hive/project/phy-otte/shared/Trinity/Data/20240311/RawDataMerged/CoBo0_AsAd0_2024-03-11T04:47:50.710_0000.root
Unix Timestamp: 1710132470
Total Number of Events: 139
Loading file: /storage/hive/project/phy-otte/shared/Trinity/Data/20240311/RawDataMerged/CoBo0_AsAd0_2024-03-11T07:33:50.472_0000.root
Unix Timestamp: 1710142430
Total Number of Events: 211
Loading file: /storage/hive/project/phy-otte/shared/Trinity/Data/20240311/RawDataMerged/CoBo0_AsAd0_2024-03-11T08:15:50.402_0000.root
Unix Timestamp: 1710144950
Total Number of Events: 319
Loading file: /storage/hive/project/phy-otte/shared/Trinity/Data/20240311/RawDataMerged/CoBo0_AsAd0_2024-03-11T08:07:50.626_0000.root
Unix Timestamp: 1710144470
Total Number of Events: 314
Loading file: /storage/hive/project/phy-otte/shared/Trinity/Data/20240311/RawDataMerged/CoBo0_AsAd0_2024-03-11T08:19:50.694_0000.root
Unix Timestamp: 1710145190
Total Number of Events: 316
Loading file: /storage/hive/project/phy-otte/shared/Trinity/Data/20240311/RawDataMerged/CoBo0_AsAd0_2024-03-11T10:03:50.523_0000.root
Unix Timestamp: 1710151430
Total Number of Events: 599
Loading file: /storage/hive/project/phy-otte/shared/Trinity/Data/20240311/RawDataMerged/CoBo0_AsAd0_2024-03-11T03:29:50.362_0000.root
Unix Timestamp: 1710127790
Total Number of Events: 260
Loading file: /storage/hive/project/phy-otte/shared/Trinity/Data/20240311/RawDataMerged/CoBo0_AsAd0_2024-03-11T03:37:50.350_0000.root
Unix Timestamp: 1710128270
Total Number of Events: 259
Loading file: /storage/hive/project/phy-otte/shared/Trinity/Data/20240311/RawDataMerged/CoBo0_AsAd0_2024-03-11T02:49:51.687_0000.root
Unix Timestamp: 1710125391
Total Number of Events: 23
Loading file: /storage/hive/project/phy-otte/shared/Trinity/Data/20240311/RawDataMerged/CoBo0_AsAd0_2024-03-11T11:01:50.522_0000.root
Unix Timestamp: 1710154910
Total Number of Events: 746
Loading file: /storage/hive/project/phy-otte/shared/Trinity/Data/20240311/RawDataMerged/CoBo0_AsAd0_2024-03-11T05:09:51.037_0000.root
Unix Timestamp: 1710133791
Total Number of Events: 158
Loading file: /storage/hive/project/phy-otte/shared/Trinity/Data/20240311/RawDataMerged/CoBo0_AsAd0_2024-03-11T03:27:50.397_0000.root
Unix Timestamp: 1710127670
Total Number of Events: 262
Loading file: /storage/hive/project/phy-otte/shared/Trinity/Data/20240311/RawDataMerged/CoBo0_AsAd0_2024-03-11T06:45:50.903_0000.root
Unix Timestamp: 1710139550
Total Number of Events: 157
Loading file: /storage/hive/project/phy-otte/shared/Trinity/Data/20240311/RawDataMerged/CoBo0_AsAd0_2024-03-11T05:21:50.925_0000.root
Unix Timestamp: 1710134510
Total Number of Events: 175
Loading file: /storage/hive/project/phy-otte/shared/Trinity/Data/20240311/RawDataMerged/CoBo0_AsAd0_2024-03-11T09:15:50.451_0000.root
Unix Timestamp: 1710148550
Total Number of Events: 422
Loading file: /storage/hive/project/phy-otte/shared/Trinity/Data/20240311/RawDataMerged/CoBo0_AsAd0_2024-03-11T06:23:50.581_0000.root
Unix Timestamp: 1710138230
Total Number of Events: 169
Loading file: /storage/hive/project/phy-otte/shared/Trinity/Data/20240311/RawDataMerged/CoBo0_AsAd0_2024-03-11T09:43:50.480_0000.root
Unix Timestamp: 1710150230
Total Number of Events: 493
Loading file: /storage/hive/project/phy-otte/shared/Trinity/Data/20240311/RawDataMerged/CoBo0_AsAd0_2024-03-11T09:29:50.478_0000.root
Unix Timestamp: 1710149390
Total Number of Events: 470
Loading file: /storage/hive/project/phy-otte/shared/Trinity/Data/20240311/RawDataMerged/CoBo0_AsAd0_2024-03-11T10:17:50.356_0000.root
Unix Timestamp: 1710152270
Total Number of Events: 723
Loading file: /storage/hive/project/phy-otte/shared/Trinity/Data/20240311/RawDataMerged/CoBo0_AsAd0_2024-03-11T03:43:50.631_0000.root
Unix Timestamp: 1710128630
Total Number of Events: 257
Loading file: /storage/hive/project/phy-otte/shared/Trinity/Data/20240311/RawDataMerged/CoBo0_AsAd0_2024-03-11T06:47:50.575_0000.root
Unix Timestamp: 1710139670
Total Number of Events: 154
Loading file: /storage/hive/project/phy-otte/shared/Trinity/Data/20240311/RawDataMerged/CoBo0_AsAd0_2024-03-11T07:09:50.642_0000.root
Unix Timestamp: 1710140990
Total Number of Events: 164
Loading file: /storage/hive/project/phy-otte/shared/Trinity/Data/20240311/RawDataMerged/CoBo0_AsAd0_2024-03-11T04:25:50.560_0000.root
Unix Timestamp: 1710131150
Total Number of Events: 171
Loading file: /storage/hive/project/phy-otte/shared/Trinity/Data/20240311/RawDataMerged/CoBo0_AsAd0_2024-03-11T11:33:50.387_0000.root
Unix Timestamp: 1710156830
Total Number of Events: 707
Loading file: /storage/hive/project/phy-otte/shared/Trinity/Data/20240311/RawDataMerged/CoBo0_AsAd0_2024-03-11T11:27:50.362_0000.root
Unix Timestamp: 1710156470
Total Number of Events: 779
Loading file: /storage/hive/project/phy-otte/shared/Trinity/Data/20240311/RawDataMerged/CoBo0_AsAd0_2024-03-11T11:21:50.367_0000.root
Unix Timestamp: 1710156110
Total Number of Events: 832
Loading file: /storage/hive/project/phy-otte/shared/Trinity/Data/20240311/RawDataMerged/CoBo0_AsAd0_2024-03-11T05:59:50.527_0000.root
Unix Timestamp: 1710136790
Total Number of Events: 181
Loading file: /storage/hive/project/phy-otte/shared/Trinity/Data/20240311/RawDataMerged/CoBo0_AsAd0_2024-03-11T03:59:50.800_0000.root
Unix Timestamp: 1710129590
Total Number of Events: 227
Loading file: /storage/hive/project/phy-otte/shared/Trinity/Data/20240311/RawDataMerged/CoBo0_AsAd0_2024-03-11T10:25:50.445_0000.root
Unix Timestamp: 1710152750
Total Number of Events: 821
Loading file: /storage/hive/project/phy-otte/shared/Trinity/Data/20240311/RawDataMerged/CoBo0_AsAd0_2024-03-11T10:05:50.530_0000.root
Unix Timestamp: 1710151550
Total Number of Events: 614
Loading file: /storage/hive/project/phy-otte/shared/Trinity/Data/20240311/RawDataMerged/CoBo0_AsAd0_2024-03-11T04:39:50.435_0000.root
Unix Timestamp: 1710131990
Total Number of Events: 154
Loading file: /storage/hive/project/phy-otte/shared/Trinity/Data/20240311/RawDataMerged/CoBo0_AsAd0_2024-03-11T05:27:50.591_0000.root
Unix Timestamp: 1710134870
Total Number of Events: 179
Loading file: /storage/hive/project/phy-otte/shared/Trinity/Data/20240311/RawDataMerged/CoBo0_AsAd0_2024-03-11T07:13:50.804_0000.root
Unix Timestamp: 1710141230
Total Number of Events: 173
Loading file: /storage/hive/project/phy-otte/shared/Trinity/Data/20240311/RawDataMerged/CoBo0_AsAd0_2024-03-11T02:55:52.033_0000.root
Unix Timestamp: 1710125752
Total Number of Events: 17
Loading file: /storage/hive/project/phy-otte/shared/Trinity/Data/20240311/RawDataMerged/CoBo0_AsAd0_2024-03-11T06:27:50.542_0000.root
Unix Timestamp: 1710138470
Total Number of Events: 162
Loading file: /storage/hive/project/phy-otte/shared/Trinity/Data/20240311/RawDataMerged/CoBo0_AsAd0_2024-03-11T11:23:50.365_0000.root
Unix Timestamp: 1710156230
Total Number of Events: 829
Loading file: /storage/hive/project/phy-otte/shared/Trinity/Data/20240311/RawDataMerged/CoBo0_AsAd0_2024-03-11T05:35:50.708_0000.root
Unix Timestamp: 1710135350
Total Number of Events: 185
Loading file: /storage/hive/project/phy-otte/shared/Trinity/Data/20240311/RawDataMerged/CoBo0_AsAd0_2024-03-11T06:43:50.897_0000.root
Unix Timestamp: 1710139430
Total Number of Events: 157
Loading file: /storage/hive/project/phy-otte/shared/Trinity/Data/20240311/RawDataMerged/CoBo0_AsAd0_2024-03-11T09:39:50.464_0000.root
Unix Timestamp: 1710149990
Total Number of Events: 487
Loading file: /storage/hive/project/phy-otte/shared/Trinity/Data/20240311/RawDataMerged/CoBo0_AsAd0_2024-03-11T10:09:50.488_0000.root
Unix Timestamp: 1710151790
Total Number of Events: 646
Loading file: /storage/hive/project/phy-otte/shared/Trinity/Data/20240311/RawDataMerged/CoBo0_AsAd0_2024-03-11T04:57:50.357_0000.root
Unix Timestamp: 1710133070
Total Number of Events: 149
Loading file: /storage/hive/project/phy-otte/shared/Trinity/Data/20240311/RawDataMerged/CoBo0_AsAd0_2024-03-11T11:07:50.459_0000.root
Unix Timestamp: 1710155270
Total Number of Events: 754
Loading file: /storage/hive/project/phy-otte/shared/Trinity/Data/20240311/RawDataMerged/CoBo0_AsAd0_2024-03-11T11:25:50.454_0000.root
Unix Timestamp: 1710156350
Total Number of Events: 823
Loading file: /storage/hive/project/phy-otte/shared/Trinity/Data/20240311/RawDataMerged/CoBo0_AsAd0_2024-03-11T11:13:50.435_0000.root
Unix Timestamp: 1710155630
Total Number of Events: 754
Loading file: /storage/hive/project/phy-otte/shared/Trinity/Data/20240311/RawDataMerged/CoBo0_AsAd0_2024-03-11T07:55:50.786_0000.root
Unix Timestamp: 1710143750
Total Number of Events: 283
Loading file: /storage/hive/project/phy-otte/shared/Trinity/Data/20240311/RawDataMerged/CoBo0_AsAd0_2024-03-11T05:39:50.441_0000.root
Unix Timestamp: 1710135590
Total Number of Events: 190
Loading file: /storage/hive/project/phy-otte/shared/Trinity/Data/20240311/RawDataMerged/CoBo0_AsAd0_2024-03-11T05:07:50.555_0000.root
Unix Timestamp: 1710133670
Total Number of Events: 157
Loading file: /storage/hive/project/phy-otte/shared/Trinity/Data/20240311/RawDataMerged/CoBo0_AsAd0_2024-03-11T05:13:50.776_0000.root
Unix Timestamp: 1710134030
Total Number of Events: 159
Loading file: /storage/hive/project/phy-otte/shared/Trinity/Data/20240311/RawDataMerged/CoBo0_AsAd0_2024-03-11T08:47:50.478_0000.root
Unix Timestamp: 1710146870
Total Number of Events: 351
Loading file: /storage/hive/project/phy-otte/shared/Trinity/Data/20240311/RawDataMerged/CoBo0_AsAd0_2024-03-11T05:53:50.743_0000.root
Unix Timestamp: 1710136430
Total Number of Events: 185
Loading file: /storage/hive/project/phy-otte/shared/Trinity/Data/20240311/RawDataMerged/CoBo0_AsAd0_2024-03-11T06:03:50.464_0000.root
Unix Timestamp: 1710137030
Total Number of Events: 177
Loading file: /storage/hive/project/phy-otte/shared/Trinity/Data/20240311/RawDataMerged/CoBo0_AsAd0_2024-03-11T10:19:50.377_0000.root
Unix Timestamp: 1710152390
Total Number of Events: 745
Loading file: /storage/hive/project/phy-otte/shared/Trinity/Data/20240311/RawDataMerged/CoBo0_AsAd0_2024-03-11T10:51:50.477_0000.root
Unix Timestamp: 1710154310
Total Number of Events: 831
Loading file: /storage/hive/project/phy-otte/shared/Trinity/Data/20240311/RawDataMerged/CoBo0_AsAd0_2024-03-11T10:13:50.405_0000.root
Unix Timestamp: 1710152030
Total Number of Events: 689
Loading file: /storage/hive/project/phy-otte/shared/Trinity/Data/20240311/RawDataMerged/CoBo0_AsAd0_2024-03-11T02:21:50.844_0000.root
Unix Timestamp: 1710123710
Total Number of Events: 0
Loading file: /storage/hive/project/phy-otte/shared/Trinity/Data/20240311/RawDataMerged/CoBo0_AsAd0_2024-03-11T11:29:50.377_0000.root
Unix Timestamp: 1710156590
Total Number of Events: 765
Loading file: /storage/hive/project/phy-otte/shared/Trinity/Data/20240311/RawDataMerged/CoBo0_AsAd0_2024-03-11T07:23:50.717_0000.root
Unix Timestamp: 1710141830
Total Number of Events: 186
Loading file: /storage/hive/project/phy-otte/shared/Trinity/Data/20240311/RawDataMerged/CoBo0_AsAd0_2024-03-11T07:49:50.634_0000.root
Unix Timestamp: 1710143390
Total Number of Events: 266
Loading file: /storage/hive/project/phy-otte/shared/Trinity/Data/20240311/RawDataMerged/CoBo0_AsAd0_2024-03-11T06:49:50.604_0000.root
Unix Timestamp: 1710139790
Total Number of Events: 154
Loading file: /storage/hive/project/phy-otte/shared/Trinity/Data/20240311/RawDataMerged/CoBo0_AsAd0_2024-03-11T02:15:50.843_0000.root
Unix Timestamp: 1710123350
Total Number of Events: 0
Loading file: /storage/hive/project/phy-otte/shared/Trinity/Data/20240311/RawDataMerged/CoBo0_AsAd0_2024-03-11T08:39:50.648_0000.root
Unix Timestamp: 1710146390
Total Number of Events: 351
Loading file: /storage/hive/project/phy-otte/shared/Trinity/Data/20240311/RawDataMerged/CoBo0_AsAd0_2024-03-11T09:19:50.389_0000.root
Unix Timestamp: 1710148790
Total Number of Events: 443
Loading file: /storage/hive/project/phy-otte/shared/Trinity/Data/20240311/RawDataMerged/CoBo0_AsAd0_2024-03-11T08:01:50.722_0000.root
Unix Timestamp: 1710144110
Total Number of Events: 310
Loading file: /storage/hive/project/phy-otte/shared/Trinity/Data/20240311/RawDataMerged/CoBo0_AsAd0_2024-03-11T10:37:50.413_0000.root
Unix Timestamp: 1710153470
Total Number of Events: 888
Loading file: /storage/hive/project/phy-otte/shared/Trinity/Data/20240311/RawDataMerged/CoBo0_AsAd0_2024-03-11T04:13:50.337_0000.root
Unix Timestamp: 1710130430
Total Number of Events: 183
Loading file: /storage/hive/project/phy-otte/shared/Trinity/Data/20240311/RawDataMerged/CoBo0_AsAd0_2024-03-11T05:33:50.876_0000.root
Unix Timestamp: 1710135230
Total Number of Events: 192
Loading file: /storage/hive/project/phy-otte/shared/Trinity/Data/20240311/RawDataMerged/CoBo0_AsAd0_2024-03-11T05:15:50.714_0000.root
Unix Timestamp: 1710134150
Total Number of Events: 165
Loading file: /storage/hive/project/phy-otte/shared/Trinity/Data/20240311/RawDataMerged/CoBo0_AsAd0_2024-03-11T04:23:50.592_0000.root
Unix Timestamp: 1710131030
Total Number of Events: 171
Loading file: /storage/hive/project/phy-otte/shared/Trinity/Data/20240311/RawDataMerged/CoBo0_AsAd0_2024-03-11T03:51:50.732_0000.root
Unix Timestamp: 1710129110
Total Number of Events: 233
Loading file: /storage/hive/project/phy-otte/shared/Trinity/Data/20240311/RawDataMerged/CoBo0_AsAd0_2024-03-11T11:37:50.466_0000.root
Unix Timestamp: 1710157070
Total Number of Events: 686
Loading file: /storage/hive/project/phy-otte/shared/Trinity/Data/20240311/RawDataMerged/CoBo0_AsAd0_2024-03-11T04:01:50.597_0000.root
Unix Timestamp: 1710129710
Total Number of Events: 221
Loading file: /storage/hive/project/phy-otte/shared/Trinity/Data/20240311/RawDataMerged/CoBo0_AsAd0_2024-03-11T02:13:43.981_0000.root
Unix Timestamp: 1710123223
Total Number of Events: 0
Loading file: /storage/hive/project/phy-otte/shared/Trinity/Data/20240311/RawDataMerged/CoBo0_AsAd0_2024-03-11T11:15:50.539_0000.root
Unix Timestamp: 1710155750
Total Number of Events: 760
Loading file: /storage/hive/project/phy-otte/shared/Trinity/Data/20240311/RawDataMerged/CoBo0_AsAd0_2024-03-11T10:07:50.386_0000.root
Unix Timestamp: 1710151670
Total Number of Events: 619
Loading file: /storage/hive/project/phy-otte/shared/Trinity/Data/20240311/RawDataMerged/CoBo0_AsAd0_2024-03-11T05:41:50.441_0000.root
Unix Timestamp: 1710135710
Total Number of Events: 190
Loading file: /storage/hive/project/phy-otte/shared/Trinity/Data/20240311/RawDataMerged/CoBo0_AsAd0_2024-03-11T11:49:50.611_0000.root
Unix Timestamp: 1710157790
Total Number of Events: 685
Loading file: /storage/hive/project/phy-otte/shared/Trinity/Data/20240311/RawDataMerged/CoBo0_AsAd0_2024-03-11T11:31:50.423_0000.root
Unix Timestamp: 1710156710
Total Number of Events: 715
Loading file: /storage/hive/project/phy-otte/shared/Trinity/Data/20240311/RawDataMerged/CoBo0_AsAd0_2024-03-11T06:17:50.770_0000.root
Unix Timestamp: 1710137870
Total Number of Events: 176
Loading file: /storage/hive/project/phy-otte/shared/Trinity/Data/20240311/RawDataMerged/CoBo0_AsAd0_2024-03-11T04:19:50.498_0000.root
Unix Timestamp: 1710130790
Total Number of Events: 176
Loading file: /storage/hive/project/phy-otte/shared/Trinity/Data/20240311/RawDataMerged/CoBo0_AsAd0_2024-03-11T11:47:50.388_0000.root
Unix Timestamp: 1710157670
Total Number of Events: 685
Loading file: /storage/hive/project/phy-otte/shared/Trinity/Data/20240311/RawDataMerged/CoBo0_AsAd0_2024-03-11T07:29:50.447_0000.root
Unix Timestamp: 1710142190
Total Number of Events: 196
Loading file: /storage/hive/project/phy-otte/shared/Trinity/Data/20240311/RawDataMerged/CoBo0_AsAd0_2024-03-11T03:55:50.641_0000.root
Unix Timestamp: 1710129350
Total Number of Events: 241
Loading file: /storage/hive/project/phy-otte/shared/Trinity/Data/20240311/RawDataMerged/CoBo0_AsAd0_2024-03-11T06:01:50.846_0000.root
Unix Timestamp: 1710136910
Total Number of Events: 177
Loading file: /storage/hive/project/phy-otte/shared/Trinity/Data/20240311/RawDataMerged/CoBo0_AsAd0_2024-03-11T09:05:50.371_0000.root
Unix Timestamp: 1710147950
Total Number of Events: 401
Loading file: /storage/hive/project/phy-otte/shared/Trinity/Data/20240311/RawDataMerged/CoBo0_AsAd0_2024-03-11T08:27:50.406_0000.root
Unix Timestamp: 1710145670
Total Number of Events: 324
Loading file: /storage/hive/project/phy-otte/shared/Trinity/Data/20240311/RawDataMerged/CoBo0_AsAd0_2024-03-11T09:23:50.487_0000.root
Unix Timestamp: 1710149030
Total Number of Events: 468
Loading file: /storage/hive/project/phy-otte/shared/Trinity/Data/20240311/RawDataMerged/CoBo0_AsAd0_2024-03-11T08:31:50.533_0000.root
Unix Timestamp: 1710145910
Total Number of Events: 331
Loading file: /storage/hive/project/phy-otte/shared/Trinity/Data/20240311/RawDataMerged/CoBo0_AsAd0_2024-03-11T07:51:50.536_0000.root
Unix Timestamp: 1710143510
Total Number of Events: 272
Loading file: /storage/hive/project/phy-otte/shared/Trinity/Data/20240311/RawDataMerged/CoBo0_AsAd0_2024-03-11T12:05:50.509_0000.root
Unix Timestamp: 1710158750
Total Number of Events: 875
Loading file: /storage/hive/project/phy-otte/shared/Trinity/Data/20240311/RawDataMerged/CoBo0_AsAd0_2024-03-11T05:01:50.927_0000.root
Unix Timestamp: 1710133310
Total Number of Events: 146
Loading file: /storage/hive/project/phy-otte/shared/Trinity/Data/20240311/RawDataMerged/CoBo0_AsAd0_2024-03-11T06:41:50.608_0000.root
Unix Timestamp: 1710139310
Total Number of Events: 155
Loading file: /storage/hive/project/phy-otte/shared/Trinity/Data/20240311/RawDataMerged/CoBo0_AsAd0_2024-03-11T09:41:50.500_0000.root
Unix Timestamp: 1710150110
Total Number of Events: 493
Loading file: /storage/hive/project/phy-otte/shared/Trinity/Data/20240311/RawDataMerged/CoBo0_AsAd0_2024-03-11T08:33:50.444_0000.root
Unix Timestamp: 1710146030
Total Number of Events: 341
Loading file: /storage/hive/project/phy-otte/shared/Trinity/Data/20240311/RawDataMerged/CoBo0_AsAd0_2024-03-11T11:19:50.443_0000.root
Unix Timestamp: 1710155990
Total Number of Events: 811
Loading file: /storage/hive/project/phy-otte/shared/Trinity/Data/20240311/RawDataMerged/CoBo0_AsAd0_2024-03-11T08:51:50.493_0000.root
Unix Timestamp: 1710147110
Total Number of Events: 353
Loading file: /storage/hive/project/phy-otte/shared/Trinity/Data/20240311/RawDataMerged/CoBo0_AsAd0_2024-03-11T06:11:50.389_0000.root
Unix Timestamp: 1710137510
Total Number of Events: 176
Loading file: /storage/hive/project/phy-otte/shared/Trinity/Data/20240311/RawDataMerged/CoBo0_AsAd0_2024-03-11T02:57:54.898_0000.root
Unix Timestamp: 1710125874
Total Number of Events: 16
Loading file: /storage/hive/project/phy-otte/shared/Trinity/Data/20240311/RawDataMerged/CoBo0_AsAd0_2024-03-11T04:15:51.130_0000.root
Unix Timestamp: 1710130551
Total Number of Events: 180
Loading file: /storage/hive/project/phy-otte/shared/Trinity/Data/20240311/RawDataMerged/CoBo0_AsAd0_2024-03-11T11:53:50.404_0000.root
Unix Timestamp: 1710158030
Total Number of Events: 719
Loading file: /storage/hive/project/phy-otte/shared/Trinity/Data/20240311/RawDataMerged/CoBo0_AsAd0_2024-03-11T08:09:50.430_0000.root
Unix Timestamp: 1710144590
Total Number of Events: 314
Loading file: /storage/hive/project/phy-otte/shared/Trinity/Data/20240311/RawDataMerged/CoBo0_AsAd0_2024-03-11T12:03:50.452_0000.root
Unix Timestamp: 1710158630
Total Number of Events: 839
Loading file: /storage/hive/project/phy-otte/shared/Trinity/Data/20240311/RawDataMerged/CoBo0_AsAd0_2024-03-11T08:11:50.539_0000.root
Unix Timestamp: 1710144710
Total Number of Events: 321
Loading file: /storage/hive/project/phy-otte/shared/Trinity/Data/20240311/RawDataMerged/CoBo0_AsAd0_2024-03-11T02:31:50.844_0000.root
Unix Timestamp: 1710124310
Total Number of Events: 0
Loading file: /storage/hive/project/phy-otte/shared/Trinity/Data/20240311/RawDataMerged/CoBo0_AsAd0_2024-03-11T09:33:50.531_0000.root
Unix Timestamp: 1710149630
Total Number of Events: 478
Loading file: /storage/hive/project/phy-otte/shared/Trinity/Data/20240311/RawDataMerged/CoBo0_AsAd0_2024-03-11T07:43:50.416_0000.root
Unix Timestamp: 1710143030
Total Number of Events: 238
Loading file: /storage/hive/project/phy-otte/shared/Trinity/Data/20240311/RawDataMerged/CoBo0_AsAd0_2024-03-11T09:45:50.435_0000.root
Unix Timestamp: 1710150350
Total Number of Events: 492
Loading file: /storage/hive/project/phy-otte/shared/Trinity/Data/20240311/RawDataMerged/CoBo0_AsAd0_2024-03-11T11:05:50.446_0000.root
Unix Timestamp: 1710155150
Total Number of Events: 742
Loading file: /storage/hive/project/phy-otte/shared/Trinity/Data/20240311/RawDataMerged/CoBo0_AsAd0_2024-03-11T03:31:50.473_0000.root
Unix Timestamp: 1710127910
Total Number of Events: 259
Loading file: /storage/hive/project/phy-otte/shared/Trinity/Data/20240311/RawDataMerged/CoBo0_AsAd0_2024-03-11T06:51:50.569_0000.root
Unix Timestamp: 1710139910
Total Number of Events: 156
Loading file: /storage/hive/project/phy-otte/shared/Trinity/Data/20240311/RawDataMerged/CoBo0_AsAd0_2024-03-11T08:55:50.595_0000.root
Unix Timestamp: 1710147350
Total Number of Events: 377
Loading file: /storage/hive/project/phy-otte/shared/Trinity/Data/20240311/RawDataMerged/CoBo0_AsAd0_2024-03-11T10:15:50.435_0000.root
Unix Timestamp: 1710152150
Total Number of Events: 710
Loading file: /storage/hive/project/phy-otte/shared/Trinity/Data/20240311/RawDataMerged/CoBo0_AsAd0_2024-03-11T06:33:50.662_0000.root
Unix Timestamp: 1710138830
Total Number of Events: 160
Loading file: /storage/hive/project/phy-otte/shared/Trinity/Data/20240311/RawDataMerged/CoBo0_AsAd0_2024-03-11T03:21:50.581_0000.root
Unix Timestamp: 1710127310
Total Number of Events: 267
Loading file: /storage/hive/project/phy-otte/shared/Trinity/Data/20240311/RawDataMerged/CoBo0_AsAd0_2024-03-11T08:43:50.397_0000.root
Unix Timestamp: 1710146630
Total Number of Events: 347
Loading file: /storage/hive/project/phy-otte/shared/Trinity/Data/20240311/RawDataMerged/CoBo0_AsAd0_2024-03-11T11:35:50.451_0000.root
Unix Timestamp: 1710156950
Total Number of Events: 693
Loading file: /storage/hive/project/phy-otte/shared/Trinity/Data/20240311/RawDataMerged/CoBo0_AsAd0_2024-03-11T09:57:50.493_0000.root
Unix Timestamp: 1710151070
Total Number of Events: 534
Loading file: /storage/hive/project/phy-otte/shared/Trinity/Data/20240311/RawDataMerged/CoBo0_AsAd0_2024-03-11T11:57:50.534_0000.root
Unix Timestamp: 1710158270
Total Number of Events: 742
Loading file: /storage/hive/project/phy-otte/shared/Trinity/Data/20240311/RawDataMerged/CoBo0_AsAd0_2024-03-11T10:21:50.500_0000.root
Unix Timestamp: 1710152510
Total Number of Events: 779
Loading file: /storage/hive/project/phy-otte/shared/Trinity/Data/20240311/RawDataMerged/CoBo0_AsAd0_2024-03-11T11:55:50.382_0000.root
Unix Timestamp: 1710158150
Total Number of Events: 731
Loading file: /storage/hive/project/phy-otte/shared/Trinity/Data/20240311/RawDataMerged/CoBo0_AsAd0_2024-03-11T04:33:50.888_0000.root
Unix Timestamp: 1710131630
Total Number of Events: 168
Loading file: /storage/hive/project/phy-otte/shared/Trinity/Data/20240311/RawDataMerged/CoBo0_AsAd0_2024-03-11T06:57:50.440_0000.root
Unix Timestamp: 1710140270
Total Number of Events: 157
Loading file: /storage/hive/project/phy-otte/shared/Trinity/Data/20240311/RawDataMerged/CoBo0_AsAd0_2024-03-11T05:17:50.633_0000.root
Unix Timestamp: 1710134270
Total Number of Events: 165
Loading file: /storage/hive/project/phy-otte/shared/Trinity/Data/20240311/RawDataMerged/CoBo0_AsAd0_2024-03-11T02:33:50.844_0000.root
Unix Timestamp: 1710124430
Total Number of Events: 0
Loading file: /storage/hive/project/phy-otte/shared/Trinity/Data/20240311/RawDataMerged/CoBo0_AsAd0_2024-03-11T08:05:50.385_0000.root
Unix Timestamp: 1710144350
Total Number of Events: 304
Loading file: /storage/hive/project/phy-otte/shared/Trinity/Data/20240311/RawDataMerged/CoBo0_AsAd0_2024-03-11T09:35:50.408_0000.root
Unix Timestamp: 1710149750
Total Number of Events: 478
Loading file: /storage/hive/project/phy-otte/shared/Trinity/Data/20240311/RawDataMerged/CoBo0_AsAd0_2024-03-11T05:37:50.414_0000.root
Unix Timestamp: 1710135470
Total Number of Events: 185
Loading file: /storage/hive/project/phy-otte/shared/Trinity/Data/20240311/RawDataMerged/CoBo0_AsAd0_2024-03-11T11:11:50.390_0000.root
Unix Timestamp: 1710155510
Total Number of Events: 752
Loading file: /storage/hive/project/phy-otte/shared/Trinity/Data/20240311/RawDataMerged/CoBo0_AsAd0_2024-03-11T05:57:50.556_0000.root
Unix Timestamp: 1710136670
Total Number of Events: 183
Loading file: /storage/hive/project/phy-otte/shared/Trinity/Data/20240311/RawDataMerged/CoBo0_AsAd0_2024-03-11T07:41:50.519_0000.root
Unix Timestamp: 1710142910
Total Number of Events: 227
Loading file: /storage/hive/project/phy-otte/shared/Trinity/Data/20240311/RawDataMerged/CoBo0_AsAd0_2024-03-11T05:25:50.842_0000.root
Unix Timestamp: 1710134750
Total Number of Events: 179
Loading file: /storage/hive/project/phy-otte/shared/Trinity/Data/20240311/RawDataMerged/CoBo0_AsAd0_2024-03-11T10:45:50.422_0000.root
Unix Timestamp: 1710153950
Total Number of Events: 842
Loading file: /storage/hive/project/phy-otte/shared/Trinity/Data/20240311/RawDataMerged/CoBo0_AsAd0_2024-03-11T09:53:50.516_0000.root
Unix Timestamp: 1710150830
Total Number of Events: 523
Loading file: /storage/hive/project/phy-otte/shared/Trinity/Data/20240311/RawDataMerged/CoBo0_AsAd0_2024-03-11T10:41:50.453_0000.root
Unix Timestamp: 1710153710
Total Number of Events: 886
Loading file: /storage/hive/project/phy-otte/shared/Trinity/Data/20240311/RawDataMerged/CoBo0_AsAd0_2024-03-11T07:45:50.503_0000.root
Unix Timestamp: 1710143150
Total Number of Events: 257
Loading file: /storage/hive/project/phy-otte/shared/Trinity/Data/20240311/RawDataMerged/CoBo0_AsAd0_2024-03-11T04:11:50.559_0000.root
Unix Timestamp: 1710130310
Total Number of Events: 189
Loading file: /storage/hive/project/phy-otte/shared/Trinity/Data/20240311/RawDataMerged/CoBo0_AsAd0_2024-03-11T05:55:50.607_0000.root
Unix Timestamp: 1710136550
Total Number of Events: 183
Loading file: /storage/hive/project/phy-otte/shared/Trinity/Data/20240311/RawDataMerged/CoBo0_AsAd0_2024-03-11T04:37:50.599_0000.root
Unix Timestamp: 1710131870
Total Number of Events: 161
Loading file: /storage/hive/project/phy-otte/shared/Trinity/Data/20240311/RawDataMerged/CoBo0_AsAd0_2024-03-11T09:59:50.540_0000.root
Unix Timestamp: 1710151190
Total Number of Events: 540
Loading file: /storage/hive/project/phy-otte/shared/Trinity/Data/20240311/RawDataMerged/CoBo0_AsAd0_2024-03-11T08:17:50.623_0000.root
Unix Timestamp: 1710145070
Total Number of Events: 316
Loading file: /storage/hive/project/phy-otte/shared/Trinity/Data/20240311/RawDataMerged/CoBo0_AsAd0_2024-03-11T09:21:50.613_0000.root
Unix Timestamp: 1710148910
Total Number of Events: 459
Loading file: /storage/hive/project/phy-otte/shared/Trinity/Data/20240311/RawDataMerged/CoBo0_AsAd0_2024-03-11T08:13:50.652_0000.root
Unix Timestamp: 1710144830
Total Number of Events: 319
Loading file: /storage/hive/project/phy-otte/shared/Trinity/Data/20240311/RawDataMerged/CoBo0_AsAd0_2024-03-11T10:27:50.362_0000.root
Unix Timestamp: 1710152870
Total Number of Events: 821
Loading file: /storage/hive/project/phy-otte/shared/Trinity/Data/20240311/RawDataMerged/CoBo0_AsAd0_2024-03-11T04:17:50.557_0000.root
Unix Timestamp: 1710130670
Total Number of Events: 176
Loading file: /storage/hive/project/phy-otte/shared/Trinity/Data/20240311/RawDataMerged/CoBo0_AsAd0_2024-03-11T12:13:50.364_0000.root
Unix Timestamp: 1710159230
Total Number of Events: 1043
Loading file: /storage/hive/project/phy-otte/shared/Trinity/Data/20240311/RawDataMerged/CoBo0_AsAd0_2024-03-11T10:47:50.480_0000.root
Unix Timestamp: 1710154070
Total Number of Events: 831
Loading file: /storage/hive/project/phy-otte/shared/Trinity/Data/20240311/RawDataMerged/CoBo0_AsAd0_2024-03-11T07:37:50.675_0000.root
Unix Timestamp: 1710142670
Total Number of Events: 223
Loading file: /storage/hive/project/phy-otte/shared/Trinity/Data/20240311/RawDataMerged/CoBo0_AsAd0_2024-03-11T09:31:50.424_0000.root
Unix Timestamp: 1710149510
Total Number of Events: 478
Loading file: /storage/hive/project/phy-otte/shared/Trinity/Data/20240311/RawDataMerged/CoBo0_AsAd0_2024-03-11T09:27:50.397_0000.root
Unix Timestamp: 1710149270
Total Number of Events: 470
Loading file: /storage/hive/project/phy-otte/shared/Trinity/Data/20240311/RawDataMerged/CoBo0_AsAd0_2024-03-11T05:05:50.419_0000.root
Unix Timestamp: 1710133550
Total Number of Events: 153
Loading file: /storage/hive/project/phy-otte/shared/Trinity/Data/20240311/RawDataMerged/CoBo0_AsAd0_2024-03-11T09:47:50.555_0000.root
Unix Timestamp: 1710150470
Total Number of Events: 492
Loading file: /storage/hive/project/phy-otte/shared/Trinity/Data/20240311/RawDataMerged/CoBo0_AsAd0_2024-03-11T03:25:50.438_0000.root
Unix Timestamp: 1710127550
Total Number of Events: 262
Loading file: /storage/hive/project/phy-otte/shared/Trinity/Data/20240311/RawDataMerged/CoBo0_AsAd0_2024-03-11T10:49:50.377_0000.root
Unix Timestamp: 1710154190
Total Number of Events: 831
Loading file: /storage/hive/project/phy-otte/shared/Trinity/Data/20240311/RawDataMerged/CoBo0_AsAd0_2024-03-11T11:51:50.394_0000.root
Unix Timestamp: 1710157910
Total Number of Events: 695
Loading file: /storage/hive/project/phy-otte/shared/Trinity/Data/20240311/RawDataMerged/CoBo0_AsAd0_2024-03-11T07:59:50.532_0000.root
Unix Timestamp: 1710143990
Total Number of Events: 296
Loading file: /storage/hive/project/phy-otte/shared/Trinity/Data/20240311/RawDataMerged/CoBo0_AsAd0_2024-03-11T02:17:50.843_0000.root
Unix Timestamp: 1710123470
Total Number of Events: 0
Loading file: /storage/hive/project/phy-otte/shared/Trinity/Data/20240311/RawDataMerged/CoBo0_AsAd0_2024-03-11T07:19:50.796_0000.root
Unix Timestamp: 1710141590
Total Number of Events: 179
Loading file: /storage/hive/project/phy-otte/shared/Trinity/Data/20240311/RawDataMerged/CoBo0_AsAd0_2024-03-11T06:25:51.020_0000.root
Unix Timestamp: 1710138351
Total Number of Events: 168
Loading file: /storage/hive/project/phy-otte/shared/Trinity/Data/20240311/RawDataMerged/CoBo0_AsAd0_2024-03-11T03:57:50.637_0000.root
Unix Timestamp: 1710129470
Total Number of Events: 234
Loading file: /storage/hive/project/phy-otte/shared/Trinity/Data/20240311/RawDataMerged/CoBo0_AsAd0_2024-03-11T08:23:50.506_0000.root
Unix Timestamp: 1710145430
Total Number of Events: 320
Loading file: /storage/hive/project/phy-otte/shared/Trinity/Data/20240311/RawDataMerged/CoBo0_AsAd0_2024-03-11T06:37:50.983_0000.root
Unix Timestamp: 1710139070
Total Number of Events: 158
Loading file: /storage/hive/project/phy-otte/shared/Trinity/Data/20240311/RawDataMerged/CoBo0_AsAd0_2024-03-11T03:35:50.386_0000.root
Unix Timestamp: 1710128150
Total Number of Events: 259
Loading file: /storage/hive/project/phy-otte/shared/Trinity/Data/20240311/RawDataMerged/CoBo0_AsAd0_2024-03-11T04:43:50.917_0000.root
Unix Timestamp: 1710132230
Total Number of Events: 149
Loading file: /storage/hive/project/phy-otte/shared/Trinity/Data/20240311/RawDataMerged/CoBo0_AsAd0_2024-03-11T12:17:50.386_0000.root
Unix Timestamp: 1710159470
Total Number of Events: 825
Loading file: /storage/hive/project/phy-otte/shared/Trinity/Data/20240311/RawDataMerged/CoBo0_AsAd0_2024-03-11T07:47:50.376_0000.root
Unix Timestamp: 1710143270
Total Number of Events: 262
Loading file: /storage/hive/project/phy-otte/shared/Trinity/Data/20240311/RawDataMerged/CoBo0_AsAd0_2024-03-11T05:51:50.365_0000.root
Unix Timestamp: 1710136310
Total Number of Events: 188
Loading file: /storage/hive/project/phy-otte/shared/Trinity/Data/20240311/RawDataMerged/CoBo0_AsAd0_2024-03-11T10:23:50.393_0000.root
Unix Timestamp: 1710152630
Total Number of Events: 799
Loading file: /storage/hive/project/phy-otte/shared/Trinity/Data/20240311/RawDataMerged/CoBo0_AsAd0_2024-03-11T10:55:50.441_0000.root
Unix Timestamp: 1710154550
Total Number of Events: 800
Loading file: /storage/hive/project/phy-otte/shared/Trinity/Data/20240311/RawDataMerged/CoBo0_AsAd0_2024-03-11T04:49:51.309_0000.root
Unix Timestamp: 1710132591
Total Number of Events: 139
Loading file: /storage/hive/project/phy-otte/shared/Trinity/Data/20240311/RawDataMerged/CoBo0_AsAd0_2024-03-11T04:07:50.701_0000.root
Unix Timestamp: 1710130070
Total Number of Events: 197
Loading file: /storage/hive/project/phy-otte/shared/Trinity/Data/20240311/RawDataMerged/CoBo0_AsAd0_2024-03-11T09:03:50.414_0000.root
Unix Timestamp: 1710147830
Total Number of Events: 391
Loading file: /storage/hive/project/phy-otte/shared/Trinity/Data/20240311/RawDataMerged/CoBo0_AsAd0_2024-03-11T04:09:50.514_0000.root
Unix Timestamp: 1710130190
Total Number of Events: 195
Loading file: /storage/hive/project/phy-otte/shared/Trinity/Data/20240311/RawDataMerged/CoBo0_AsAd0_2024-03-11T08:53:50.563_0000.root
Unix Timestamp: 1710147230
Total Number of Events: 353
Loading file: /storage/hive/project/phy-otte/shared/Trinity/Data/20240311/RawDataMerged/CoBo0_AsAd0_2024-03-11T05:47:50.430_0000.root
Unix Timestamp: 1710136070
Total Number of Events: 191
Loading file: /storage/hive/project/phy-otte/shared/Trinity/Data/20240311/RawDataMerged/CoBo0_AsAd0_2024-03-11T08:03:50.560_0000.root
Unix Timestamp: 1710144230
Total Number of Events: 304
Loading file: /storage/hive/project/phy-otte/shared/Trinity/Data/20240311/RawDataMerged/CoBo0_AsAd0_2024-03-11T06:39:50.579_0000.root
Unix Timestamp: 1710139190
Total Number of Events: 155
Loading file: /storage/hive/project/phy-otte/shared/Trinity/Data/20240311/RawDataMerged/CoBo0_AsAd0_2024-03-11T02:29:50.844_0000.root
Unix Timestamp: 1710124190
Total Number of Events: 0
Loading file: /storage/hive/project/phy-otte/shared/Trinity/Data/20240311/RawDataMerged/CoBo0_AsAd0_2024-03-11T10:57:50.422_0000.root
Unix Timestamp: 1710154670
Total Number of Events: 783
Loading file: /storage/hive/project/phy-otte/shared/Trinity/Data/20240311/RawDataMerged/CoBo0_AsAd0_2024-03-11T12:09:50.476_0000.root
Unix Timestamp: 1710158990
Total Number of Events: 955
Loading file: /storage/hive/project/phy-otte/shared/Trinity/Data/20240311/RawDataMerged/CoBo0_AsAd0_2024-03-11T04:45:51.005_0000.root
Unix Timestamp: 1710132351
Total Number of Events: 142
Loading file: /storage/hive/project/phy-otte/shared/Trinity/Data/20240311/RawDataMerged/CoBo0_AsAd0_2024-03-11T06:35:50.661_0000.root
Unix Timestamp: 1710138950
Total Number of Events: 160
Loading file: /storage/hive/project/phy-otte/shared/Trinity/Data/20240311/RawDataMerged/CoBo0_AsAd0_2024-03-11T09:37:50.378_0000.root
Unix Timestamp: 1710149870
Total Number of Events: 483
Loading file: /storage/hive/project/phy-otte/shared/Trinity/Data/20240311/RawDataMerged/CoBo0_AsAd0_2024-03-11T10:11:50.521_0000.root
Unix Timestamp: 1710151910
Total Number of Events: 651
Loading file: /storage/hive/project/phy-otte/shared/Trinity/Data/20240311/RawDataMerged/CoBo0_AsAd0_2024-03-11T09:51:50.412_0000.root
Unix Timestamp: 1710150710
Total Number of Events: 511
Loading file: /storage/hive/project/phy-otte/shared/Trinity/Data/20240311/RawDataMerged/CoBo0_AsAd0_2024-03-11T12:01:50.397_0000.root
Unix Timestamp: 1710158510
Total Number of Events: 815
Loading file: /storage/hive/project/phy-otte/shared/Trinity/Data/20240311/RawDataMerged/CoBo0_AsAd0_2024-03-11T06:09:50.491_0000.root
Unix Timestamp: 1710137390
Total Number of Events: 176
Loading file: /storage/hive/project/phy-otte/shared/Trinity/Data/20240311/RawDataMerged/CoBo0_AsAd0_2024-03-11T03:49:50.521_0000.root
Unix Timestamp: 1710128990
Total Number of Events: 238
Loading file: /storage/hive/project/phy-otte/shared/Trinity/Data/20240311/RawDataMerged/CoBo0_AsAd0_2024-03-11T07:07:50.445_0000.root
Unix Timestamp: 1710140870
Total Number of Events: 161
Loading file: /storage/hive/project/phy-otte/shared/Trinity/Data/20240311/RawDataMerged/CoBo0_AsAd0_2024-03-11T11:59:50.449_0000.root
Unix Timestamp: 1710158390
Total Number of Events: 760
Loading file: /storage/hive/project/phy-otte/shared/Trinity/Data/20240311/RawDataMerged/CoBo0_AsAd0_2024-03-11T09:49:50.529_0000.root
Unix Timestamp: 1710150590
Total Number of Events: 501
Loading file: /storage/hive/project/phy-otte/shared/Trinity/Data/20240311/RawDataMerged/CoBo0_AsAd0_2024-03-11T07:31:50.500_0000.root
Unix Timestamp: 1710142310
Total Number of Events: 206
Loading file: /storage/hive/project/phy-otte/shared/Trinity/Data/20240311/RawDataMerged/CoBo0_AsAd0_2024-03-11T05:23:50.609_0000.root
Unix Timestamp: 1710134630
Total Number of Events: 175
Loading file: /storage/hive/project/phy-otte/shared/Trinity/Data/20240311/RawDataMerged/CoBo0_AsAd0_2024-03-11T04:53:50.919_0000.root
Unix Timestamp: 1710132830
Total Number of Events: 144
Loading file: /storage/hive/project/phy-otte/shared/Trinity/Data/20240311/RawDataMerged/CoBo0_AsAd0_2024-03-11T02:27:50.843_0000.root
Unix Timestamp: 1710124070
Total Number of Events: 0
Loading file: /storage/hive/project/phy-otte/shared/Trinity/Data/20240311/RawDataMerged/CoBo0_AsAd0_2024-03-11T07:21:50.688_0000.root
Unix Timestamp: 1710141710
Total Number of Events: 186
Loading file: /storage/hive/project/phy-otte/shared/Trinity/Data/20240311/RawDataMerged/CoBo0_AsAd0_2024-03-11T12:15:50.418_0000.root
Unix Timestamp: 1710159350
Total Number of Events: 1099
Loading file: /storage/hive/project/phy-otte/shared/Trinity/Data/20240311/RawDataMerged/CoBo0_AsAd0_2024-03-11T08:21:50.713_0000.root
Unix Timestamp: 1710145310
Total Number of Events: 316
Loading file: /storage/hive/project/phy-otte/shared/Trinity/Data/20240311/RawDataMerged/CoBo0_AsAd0_2024-03-11T10:33:50.440_0000.root
Unix Timestamp: 1710153230
Total Number of Events: 849
Loading file: /storage/hive/project/phy-otte/shared/Trinity/Data/20240311/RawDataMerged/CoBo0_AsAd0_2024-03-11T07:39:50.693_0000.root
Unix Timestamp: 1710142790
Total Number of Events: 223
Loading file: /storage/hive/project/phy-otte/shared/Trinity/Data/20240311/RawDataMerged/CoBo0_AsAd0_2024-03-11T07:27:51.102_0000.root
Unix Timestamp: 1710142071
Total Number of Events: 196
Loading file: /storage/hive/project/phy-otte/shared/Trinity/Data/20240311/RawDataMerged/CoBo0_AsAd0_2024-03-11T06:59:50.684_0000.root
Unix Timestamp: 1710140390
Total Number of Events: 158
Loading file: /storage/hive/project/phy-otte/shared/Trinity/Data/20240311/RawDataMerged/CoBo0_AsAd0_2024-03-11T07:53:50.442_0000.root
Unix Timestamp: 1710143630
Total Number of Events: 275
Loading file: /storage/hive/project/phy-otte/shared/Trinity/Data/20240311/RawDataMerged/CoBo0_AsAd0_2024-03-11T06:29:50.780_0000.root
Unix Timestamp: 1710138590
Total Number of Events: 157
Loading file: /storage/hive/project/phy-otte/shared/Trinity/Data/20240311/RawDataMerged/CoBo0_AsAd0_2024-03-11T10:35:50.406_0000.root
Unix Timestamp: 1710153350
Total Number of Events: 880
Loading file: /storage/hive/project/phy-otte/shared/Trinity/Data/20240311/RawDataMerged/CoBo0_AsAd0_2024-03-11T09:07:50.576_0000.root
Unix Timestamp: 1710148070
Total Number of Events: 409
Loading file: /storage/hive/project/phy-otte/shared/Trinity/Data/20240311/RawDataMerged/CoBo0_AsAd0_2024-03-11T07:03:50.633_0000.root
Unix Timestamp: 1710140630
Total Number of Events: 157
spawn ssh -i /home/sstepanoff3/.ssh/hive sstepanoff3@login-hive.pace.gatech.edu /storage/hive/project/phy-otte/shared/Trinity/DataAnalysis/DataSummary/sumDir/FolderDataSum 20240311
Loading file: /storage/hive/project/phy-otte/shared/Trinity/Data/20240311/RawDataMerged/CoBo0_AsAd0_2024-03-11T06:19:50.406_0000.root
Unix Timestamp: 1710137990
Total Number of Events: 176
Loading file: /storage/hive/project/phy-otte/shared/Trinity/Data/20240311/RawDataMerged/CoBo0_AsAd0_2024-03-11T04:41:50.487_0000.root
Unix Timestamp: 1710132110
Total Number of Events: 154

Inactive Modules:
  1) mvapich2

The following have been reloaded with a version change:
  1) gcc/10.3.0-o57x6h => gcc/8.3.0-rv4av7
  2) mpc/1.2.1-zoh6w2 => mpc/1.1.0-kyjl4f
  3) mpfr/4.1.0-32gcbv => mpfr/3.1.6-yuvsh4

Loading file: /storage/hive/project/phy-otte/shared/Trinity/Data/20240311/RawDataMerged/CoBo0_AsAd0_2024-03-11T07:57:50.514_0000.root
Unix Timestamp: 1710143870
Total Number of Events: 283
Unix Thres Timestamp: 1710125187
Unix Thres Timestamp: 1710126878
/storage/hive/project/phy-otte/shared/Trinity/Data/20240311/RawDataMerged/
Loading file: /storage/hive/project/phy-otte/shared/Trinity/Data/20240311/RawDataMerged/CoBo0_AsAd0_2024-03-11T09:11:50.426_0000.root
Unix Timestamp: 1710148310
Warning in <TClass::Init>: no dictionary for class ROOT::TIOFeatures is available
Total Number of Events: 426
Loading file: /storage/hive/project/phy-otte/shared/Trinity/Data/20240311/RawDataMerged/CoBo0_AsAd0_2024-03-11T12:11:50.426_0000.root
Unix Timestamp: 1710159110
Total Number of Events: 998
Loading file: /storage/hive/project/phy-otte/shared/Trinity/Data/20240311/RawDataMerged/CoBo0_AsAd0_2024-03-11T04:21:50.574_0000.root
Unix Timestamp: 1710130910
Total Number of Events: 176
Loading file: /storage/hive/project/phy-otte/shared/Trinity/Data/20240311/RawDataMerged/CoBo0_AsAd0_2024-03-11T05:49:50.600_0000.root
Unix Timestamp: 1710136190
Total Number of Events: 188
Loading file: /storage/hive/project/phy-otte/shared/Trinity/Data/20240311/RawDataMerged/CoBo0_AsAd0_2024-03-11T03:17:50.675_0000.root
Unix Timestamp: 1710127070
Total Number of Events: 264
Loading file: /storage/hive/project/phy-otte/shared/Trinity/Data/20240311/RawDataMerged/CoBo0_AsAd0_2024-03-11T03:39:50.642_0000.root
Unix Timestamp: 1710128390
Loading file: /storage/hive/project/phy-otte/shared/Trinity/Data/20240311/RawDataMerged/CoBo0_AsAd0_2024-03-11T07:01:50.358_0000.root
Unix Timestamp: 1710140510
Total Number of Events: 268
Total Number of Events: 157
Loading file: /storage/hive/project/phy-otte/shared/Trinity/Data/20240311/RawDataMerged/CoBo0_AsAd0_2024-03-11T03:23:50.843_0000.root
Unix Timestamp: 1710127430
Total Number of Events: 271
Loading file: /storage/hive/project/phy-otte/shared/Trinity/Data/20240311/RawDataMerged/CoBo0_AsAd0_2024-03-11T07:25:50.753_0000.root
Unix Timestamp: 1710141950
Total Number of Events: 191
Loading file: /storage/hive/project/phy-otte/shared/Trinity/Data/20240311/RawDataMerged/CoBo0_AsAd0_2024-03-11T06:13:50.783_0000.root
Unix Timestamp: 1710137630
Total Number of Events: 174
Loading file: /storage/hive/project/phy-otte/shared/Trinity/Data/20240311/RawDataMerged/CoBo0_AsAd0_2024-03-11T07:11:50.770_0000.root
Unix Timestamp: 1710141110
Total Number of Events: 172
Loading file: /storage/hive/project/phy-otte/shared/Trinity/Data/20240311/RawDataMerged/CoBo0_AsAd0_2024-03-11T03:53:50.555_0000.root
Unix Timestamp: 1710129230
Total Number of Events: 233
Loading file: /storage/hive/project/phy-otte/shared/Trinity/Data/20240311/RawDataMerged/CoBo0_AsAd0_2024-03-11T06:31:50.885_0000.root
Unix Timestamp: 1710138710
Total Number of Events: 157
Loading file: /storage/hive/project/phy-otte/shared/Trinity/Data/20240311/RawDataMerged/CoBo0_AsAd0_2024-03-11T08:35:50.531_0000.root
Unix Timestamp: 1710146150
Total Number of Events: 341
Loading file: /storage/hive/project/phy-otte/shared/Trinity/Data/20240311/RawDataMerged/CoBo0_AsAd0_2024-03-11T02:19:50.912_0000.root
Unix Timestamp: 1710123590
Total Number of Events: 0
Loading file: /storage/hive/project/phy-otte/shared/Trinity/Data/20240311/RawDataMerged/CoBo0_AsAd0_2024-03-11T09:09:50.624_0000.root
Unix Timestamp: 1710148190
Total Number of Events: 415
Loading file: /storage/hive/project/phy-otte/shared/Trinity/Data/20240311/RawDataMerged/CoBo0_AsAd0_2024-03-11T04:51:50.603_0000.root
Unix Timestamp: 1710132710
Total Number of Events: 144
Loading file: /storage/hive/project/phy-otte/shared/Trinity/Data/20240311/RawDataMerged/CoBo0_AsAd0_2024-03-11T04:29:50.467_0000.root
Unix Timestamp: 1710131390
Loading file: /storage/hive/project/phy-otte/shared/Trinity/Data/20240311/RawDataMerged/CoBo0_AsAd0_2024-03-11T07:17:50.418_0000.root
Unix Timestamp: 1710141470
Total Number of Events: 170
Total Number of Events: 179
Loading file: /storage/hive/project/phy-otte/shared/Trinity/Data/20240311/RawDataMerged/CoBo0_AsAd0_2024-03-11T08:37:50.408_0000.root
Unix Timestamp: 1710146270
Loading file: /storage/hive/project/phy-otte/shared/Trinity/Data/20240311/RawDataMerged/CoBo0_AsAd0_2024-03-11T04:27:50.556_0000.root
Unix Timestamp: 1710131270
Total Number of Events: 341
Total Number of Events: 172
Loading file: /storage/hive/project/phy-otte/shared/Trinity/Data/20240311/RawDataMerged/CoBo0_AsAd0_2024-03-11T03:19:50.570_0000.root
Unix Timestamp: 1710127190
Total Number of Events: 264
Loading file: /storage/hive/project/phy-otte/shared/Trinity/Data/20240311/RawDataMerged/CoBo0_AsAd0_2024-03-11T10:29:50.389_0000.root
Unix Timestamp: 1710152990
Total Number of Events: 824
Loading file: /storage/hive/project/phy-otte/shared/Trinity/Data/20240311/RawDataMerged/CoBo0_AsAd0_2024-03-11T10:59:50.395_0000.root
Unix Timestamp: 1710154790
Total Number of Events: 761
Loading file: /storage/hive/project/phy-otte/shared/Trinity/Data/20240311/RawDataMerged/CoBo0_AsAd0_2024-03-11T08:49:50.401_0000.root
Unix Timestamp: 1710146990
Total Number of Events: 353
Loading file: /storage/hive/project/phy-otte/shared/Trinity/Data/20240311/RawDataMerged/CoBo0_AsAd0_2024-03-11T02:53:52.611_0000.root
Unix Timestamp: 1710125632
Total Number of Events: 16
Loading file: /storage/hive/project/phy-otte/shared/Trinity/Data/20240311/RawDataMerged/CoBo0_AsAd0_2024-03-11T09:13:50.736_0000.root
Unix Timestamp: 1710148430
Total Number of Events: 422
Loading file: /storage/hive/project/phy-otte/shared/Trinity/Data/20240311/RawDataMerged/CoBo0_AsAd0_2024-03-11T10:53:50.389_0000.root
Unix Timestamp: 1710154430
Total Number of Events: 826
Loading file: /storage/hive/project/phy-otte/shared/Trinity/Data/20240311/RawDataMerged/CoBo0_AsAd0_2024-03-11T11:41:50.472_0000.root
Unix Timestamp: 1710157310
Total Number of Events: 687
Loading file: /storage/hive/project/phy-otte/shared/Trinity/Data/20240311/RawDataMerged/CoBo0_AsAd0_2024-03-11T05:43:50.442_0000.root
Unix Timestamp: 1710135830
Total Number of Events: 190
Loading file: /storage/hive/project/phy-otte/shared/Trinity/Data/20240311/RawDataMerged/CoBo0_AsAd0_2024-03-11T06:53:50.562_0000.root
Unix Timestamp: 1710140030
Total Number of Events: 156
Loading file: /storage/hive/project/phy-otte/shared/Trinity/Data/20240311/RawDataMerged/CoBo0_AsAd0_2024-03-11T06:15:50.579_0000.root
Unix Timestamp: 1710137750
Loading file: /storage/hive/project/phy-otte/shared/Trinity/Data/20240311/RawDataMerged/CoBo0_AsAd0_2024-03-11T10:31:50.372_0000.root
Unix Timestamp: 1710153110
Total Number of Events: 174
Total Number of Events: 825
Loading file: /storage/hive/project/phy-otte/shared/Trinity/Data/20240311/RawDataMerged/CoBo0_AsAd0_2024-03-11T04:05:50.544_0000.root
Unix Timestamp: 1710129950
Total Number of Events: 202
Loading file: /storage/hive/project/phy-otte/shared/Trinity/Data/20240311/RawDataMerged/CoBo0_AsAd0_2024-03-11T08:25:50.376_0000.root
Unix Timestamp: 1710145550
Total Number of Events: 324
Loading file: /storage/hive/project/phy-otte/shared/Trinity/Data/20240311/RawDataMerged/CoBo0_AsAd0_2024-03-11T05:31:50.643_0000.root
Unix Timestamp: 1710135110
Total Number of Events: 184
Loading file: /storage/hive/project/phy-otte/shared/Trinity/Data/20240311/RawDataMerged/CoBo0_AsAd0_2024-03-11T03:33:50.620_0000.root
Unix Timestamp: 1710128030
Total Number of Events: 259
Loading file: /storage/hive/project/phy-otte/shared/Trinity/Data/20240311/RawDataMerged/CoBo0_AsAd0_2024-03-11T11:39:50.456_0000.root
Unix Timestamp: 1710157190
Total Number of Events: 686
Loading file: /storage/hive/project/phy-otte/shared/Trinity/Data/20240311/RawDataMerged/CoBo0_AsAd0_2024-03-11T05:19:50.968_0000.root
Unix Timestamp: 1710134390
Total Number of Events: 170
Loading file: /storage/hive/project/phy-otte/shared/Trinity/Data/20240311/RawDataMerged/CoBo0_AsAd0_2024-03-11T07:05:50.994_0000.root
Unix Timestamp: 1710140750
Total Number of Events: 159
Loading file: /storage/hive/project/phy-otte/shared/Trinity/Data/20240311/RawDataMerged/CoBo0_AsAd0_2024-03-11T06:05:50.875_0000.root
Unix Timestamp: 1710137150
Total Number of Events: 177
Loading file: /storage/hive/project/phy-otte/shared/Trinity/Data/20240311/RawDataMerged/CoBo0_AsAd0_2024-03-11T04:31:50.529_0000.root
Unix Timestamp: 1710131510
Total Number of Events: 170
Loading file: /storage/hive/project/phy-otte/shared/Trinity/Data/20240311/RawDataMerged/CoBo0_AsAd0_2024-03-11T09:01:50.583_0000.root
Unix Timestamp: 1710147710
Total Number of Events: 390
Loading file: /storage/hive/project/phy-otte/shared/Trinity/Data/20240311/RawDataMerged/CoBo0_AsAd0_2024-03-11T03:45:50.567_0000.root
Unix Timestamp: 1710128750
Total Number of Events: 242
Loading file: /storage/hive/project/phy-otte/shared/Trinity/Data/20240311/RawDataMerged/CoBo0_AsAd0_2024-03-11T10:43:50.378_0000.root
Unix Timestamp: 1710153830
Total Number of Events: 855
Loading file: /storage/hive/project/phy-otte/shared/Trinity/Data/20240311/RawDataMerged/CoBo0_AsAd0_2024-03-11T11:43:50.475_0000.root
Unix Timestamp: 1710157430
Total Number of Events: 675
Loading file: /storage/hive/project/phy-otte/shared/Trinity/Data/20240311/RawDataMerged/CoBo0_AsAd0_2024-03-11T02:51:50.445_0000.root
Unix Timestamp: 1710125510
Total Number of Events: 18
Loading file: /storage/hive/project/phy-otte/shared/Trinity/Data/20240311/RawDataMerged/CoBo0_AsAd0_2024-03-11T04:03:50.734_0000.root
Unix Timestamp: 1710129830
Total Number of Events: 209
Loading file: /storage/hive/project/phy-otte/shared/Trinity/Data/20240311/RawDataMerged/CoBo0_AsAd0_2024-03-11T02:35:50.845_0000.root
Unix Timestamp: 1710124550
Total Number of Events: 0
Loading file: /storage/hive/project/phy-otte/shared/Trinity/Data/20240311/RawDataMerged/CoBo0_AsAd0_2024-03-11T11:03:50.354_0000.root
Unix Timestamp: 1710155030
Total Number of Events: 742
Loading file: /storage/hive/project/phy-otte/shared/Trinity/Data/20240311/RawDataMerged/CoBo0_AsAd0_2024-03-11T02:25:50.843_0000.root
Unix Timestamp: 1710123950
Total Number of Events: 0
Loading file: /storage/hive/project/phy-otte/shared/Trinity/Data/20240311/RawDataMerged/CoBo0_AsAd0_2024-03-11T06:07:50.344_0000.root
Unix Timestamp: 1710137270
Total Number of Events: 177
Loading file: /storage/hive/project/phy-otte/shared/Trinity/Data/20240311/RawDataMerged/CoBo0_AsAd0_2024-03-11T09:25:50.445_0000.root
Unix Timestamp: 1710149150
Total Number of Events: 468
Loading file: /storage/hive/project/phy-otte/shared/Trinity/Data/20240311/RawDataMerged/CoBo0_AsAd0_2024-03-11T05:29:50.778_0000.root
Unix Timestamp: 1710134990
Total Number of Events: 179
Loading file: /storage/hive/project/phy-otte/shared/Trinity/Data/20240311/RawDataMerged/CoBo0_AsAd0_2024-03-11T08:29:50.594_0000.root
Unix Timestamp: 1710145790
Total Number of Events: 327
Loading file: /storage/hive/project/phy-otte/shared/Trinity/Data/20240311/RawDataMerged/CoBo0_AsAd0_2024-03-11T11:09:50.454_0000.root
Unix Timestamp: 1710155390
Total Number of Events: 752
Loading file: /storage/hive/project/phy-otte/shared/Trinity/Data/20240311/RawDataMerged/CoBo0_AsAd0_2024-03-11T03:41:50.349_0000.root
Unix Timestamp: 1710128510
Total Number of Events: 264
Loading file: /storage/hive/project/phy-otte/shared/Trinity/Data/20240311/RawDataMerged/CoBo0_AsAd0_2024-03-11T05:03:50.880_0000.root
Unix Timestamp: 1710133430
Total Number of Events: 146
Loading file: /storage/hive/project/phy-otte/shared/Trinity/Data/20240311/RawDataMerged/CoBo0_AsAd0_2024-03-11T12:07:50.500_0000.root
Unix Timestamp: 1710158870
Total Number of Events: 899
Loading file: /storage/hive/project/phy-otte/shared/Trinity/Data/20240311/RawDataMerged/CoBo0_AsAd0_2024-03-11T09:17:50.608_0000.root
Unix Timestamp: 1710148670
Total Number of Events: 435
Loading file: /storage/hive/project/phy-otte/shared/Trinity/Data/20240311/RawDataMerged/CoBo0_AsAd0_2024-03-11T11:17:50.460_0000.root
Unix Timestamp: 1710155870
Total Number of Events: 779
Loading file: /storage/hive/project/phy-otte/shared/Trinity/Data/20240311/RawDataMerged/CoBo0_AsAd0_2024-03-11T04:59:50.749_0000.root
Unix Timestamp: 1710133190
Total Number of Events: 147
Loading file: /storage/hive/project/phy-otte/shared/Trinity/Data/20240311/RawDataMerged/CoBo0_AsAd0_2024-03-11T06:21:51.047_0000.root
Unix Timestamp: 1710138111
Total Number of Events: 177
Loading file: /storage/hive/project/phy-otte/shared/Trinity/Data/20240311/RawDataMerged/CoBo0_AsAd0_2024-03-11T03:47:50.336_0000.root
Unix Timestamp: 1710128870
Loading file: /storage/hive/project/phy-otte/shared/Trinity/Data/20240311/RawDataMerged/CoBo0_AsAd0_2024-03-11T08:41:50.408_0000.root
Unix Timestamp: 1710146510
Total Number of Events: 239
Total Number of Events: 347
Loading file: /storage/hive/project/phy-otte/shared/Trinity/Data/20240311/RawDataMerged/CoBo0_AsAd0_2024-03-11T08:45:50.468_0000.root
Unix Timestamp: 1710146750
Total Number of Events: 351
Loading file: /storage/hive/project/phy-otte/shared/Trinity/Data/20240311/RawDataMerged/CoBo0_AsAd0_2024-03-11T05:11:50.902_0000.root
Unix Timestamp: 1710133910
Total Number of Events: 159
Loading file: /storage/hive/project/phy-otte/shared/Trinity/Data/20240311/RawDataMerged/CoBo0_AsAd0_2024-03-11T02:48:00.736_0000.root
Unix Timestamp: 1710125280
Total Number of Events: 32
Loading file: /storage/hive/project/phy-otte/shared/Trinity/Data/20240311/RawDataMerged/CoBo0_AsAd0_2024-03-11T10:39:50.406_0000.root
Unix Timestamp: 1710153590
Loading file: /storage/hive/project/phy-otte/shared/Trinity/Data/20240311/RawDataMerged/CoBo0_AsAd0_2024-03-11T04:55:50.543_0000.root
Unix Timestamp: 1710132950
Total Number of Events: 146
Total Number of Events: 905
Loading file: /storage/hive/project/phy-otte/shared/Trinity/Data/20240311/RawDataMerged/CoBo0_AsAd0_2024-03-11T11:45:50.455_0000.root
Unix Timestamp: 1710157550
Total Number of Events: 675
Loading file: /storage/hive/project/phy-otte/shared/Trinity/Data/20240311/RawDataMerged/CoBo0_AsAd0_2024-03-11T09:55:50.539_0000.root
Unix Timestamp: 1710150950
Total Number of Events: 525
Loading file: /storage/hive/project/phy-otte/shared/Trinity/Data/20240311/RawDataMerged/CoBo0_AsAd0_2024-03-11T04:35:50.595_0000.root
Unix Timestamp: 1710131750
Total Number of Events: 164
Loading file: /storage/hive/project/phy-otte/shared/Trinity/Data/20240311/RawDataMerged/CoBo0_AsAd0_2024-03-11T08:57:50.688_0000.root
Unix Timestamp: 1710147470
Total Number of Events: 377
Loading file: /storage/hive/project/phy-otte/shared/Trinity/Data/20240311/RawDataMerged/CoBo0_AsAd0_2024-03-11T06:55:50.842_0000.root
Unix Timestamp: 1710140150
Total Number of Events: 157
Loading file: /storage/hive/project/phy-otte/shared/Trinity/Data/20240311/RawDataMerged/CoBo0_AsAd0_2024-03-11T08:59:50.563_0000.root
Unix Timestamp: 1710147590
Loading file: /storage/hive/project/phy-otte/shared/Trinity/Data/20240311/RawDataMerged/CoBo0_AsAd0_2024-03-11T10:01:50.476_0000.root
Unix Timestamp: 1710151310
Total Number of Events: 381
Total Number of Events: 578
Loading file: /storage/hive/project/phy-otte/shared/Trinity/Data/20240311/RawDataMerged/CoBo0_AsAd0_2024-03-11T02:23:50.844_0000.root
Unix Timestamp: 1710123830
Total Number of Events: 0
Loading file: /storage/hive/project/phy-otte/shared/Trinity/Data/20240311/RawDataMerged/CoBo0_AsAd0_2024-03-11T05:45:50.606_0000.root
Unix Timestamp: 1710135950
Total Number of Events: 190
Loading file: /storage/hive/project/phy-otte/shared/Trinity/Data/20240311/RawDataMerged/CoBo0_AsAd0_2024-03-11T07:15:50.357_0000.root
Unix Timestamp: 1710141350
Total Number of Events: 178
Loading file: /storage/hive/project/phy-otte/shared/Trinity/Data/20240311/RawDataMerged/CoBo0_AsAd0_2024-03-11T07:35:50.418_0000.root
Unix Timestamp: 1710142550
Total Number of Events: 211
Loading file: /storage/hive/project/phy-otte/shared/Trinity/Data/20240311/RawDataMerged/CoBo0_AsAd0_2024-03-11T04:47:50.710_0000.root
Unix Timestamp: 1710132470
Total Number of Events: 139
Info in <TCanvas::Print>: pdf file /storage/hive/project/phy-otte/shared/Trinity/DataAnalysis/DataSummary/Output/20240311.pdf has been created
Info in <TCanvas::Print>: Current canvas added to pdf file /storage/hive/project/phy-otte/shared/Trinity/DataAnalysis/DataSummary/Output/20240311.pdf
Loading file: /storage/hive/project/phy-otte/shared/Trinity/Data/20240311/RawDataMerged/CoBo0_AsAd0_2024-03-11T07:33:50.472_0000.root
Unix Timestamp: 1710142430
Total Number of Events: 211
Info in <TCanvas::Print>: Current canvas added to pdf file /storage/hive/project/phy-otte/shared/Trinity/DataAnalysis/DataSummary/Output/20240311.pdf
Loading file: /storage/hive/project/phy-otte/shared/Trinity/Data/20240311/RawDataMerged/CoBo0_AsAd0_2024-03-11T08:15:50.402_0000.root
Unix Timestamp: 1710144950
Total Number of Events: 319
Loading file: /storage/hive/project/phy-otte/shared/Trinity/Data/20240311/RawDataMerged/CoBo0_AsAd0_2024-03-11T08:07:50.626_0000.root
Unix Timestamp: 1710144470
Total Number of Events: 314
Info in <TCanvas::Print>: Current canvas added to pdf file /storage/hive/project/phy-otte/shared/Trinity/DataAnalysis/DataSummary/Output/20240311.pdf
Loading file: /storage/hive/project/phy-otte/shared/Trinity/Data/20240311/RawDataMerged/CoBo0_AsAd0_2024-03-11T08:19:50.694_0000.root
Unix Timestamp: 1710145190
Total Number of Events: 316
Info in <TCanvas::Print>: Current canvas added to pdf file /storage/hive/project/phy-otte/shared/Trinity/DataAnalysis/DataSummary/Output/20240311.pdf
Loading file: /storage/hive/project/phy-otte/shared/Trinity/Data/20240311/RawDataMerged/CoBo0_AsAd0_2024-03-11T10:03:50.523_0000.root
Unix Timestamp: 1710151430
Total Number of Events: 599
Info in <TCanvas::Print>: Current canvas added to pdf file /storage/hive/project/phy-otte/shared/Trinity/DataAnalysis/DataSummary/Output/20240311.pdf
Loading file: /storage/hive/project/phy-otte/shared/Trinity/Data/20240311/RawDataMerged/CoBo0_AsAd0_2024-03-11T03:29:50.362_0000.root
Unix Timestamp: 1710127790
Total Number of Events: 260
Loading file: /storage/hive/project/phy-otte/shared/Trinity/Data/20240311/RawDataMerged/CoBo0_AsAd0_2024-03-11T03:37:50.350_0000.root
Unix Timestamp: 1710128270
Total Number of Events: 259
Info in <TCanvas::Print>: Current canvas added to pdf file /storage/hive/project/phy-otte/shared/Trinity/DataAnalysis/DataSummary/Output/20240311.pdf
Info in <TCanvas::Print>: pdf file /storage/hive/project/phy-otte/shared/Trinity/DataAnalysis/DataSummary/Output/20240311.pdf has been closed
Loading file: /storage/hive/project/phy-otte/shared/Trinity/Data/20240311/RawDataMerged/CoBo0_AsAd0_2024-03-11T02:49:51.687_0000.root
Unix Timestamp: 1710125391
Total Number of Events: 23
Loading file: /storage/hive/project/phy-otte/shared/Trinity/Data/20240311/RawDataMerged/CoBo0_AsAd0_2024-03-11T11:01:50.522_0000.root
Unix Timestamp: 1710154910
Total Number of Events: 746
Loading file: /storage/hive/project/phy-otte/shared/Trinity/Data/20240311/RawDataMerged/CoBo0_AsAd0_2024-03-11T05:09:51.037_0000.root
Unix Timestamp: 1710133791
Total Number of Events: 158
Loading file: /storage/hive/project/phy-otte/shared/Trinity/Data/20240311/RawDataMerged/CoBo0_AsAd0_2024-03-11T03:27:50.397_0000.root
Unix Timestamp: 1710127670
Total Number of Events: 262
Loading file: /storage/hive/project/phy-otte/shared/Trinity/Data/20240311/RawDataMerged/CoBo0_AsAd0_2024-03-11T06:45:50.903_0000.root
Unix Timestamp: 1710139550
Total Number of Events: 157
Loading file: /storage/hive/project/phy-otte/shared/Trinity/Data/20240311/RawDataMerged/CoBo0_AsAd0_2024-03-11T05:21:50.925_0000.root
Unix Timestamp: 1710134510
Total Number of Events: 175
Loading file: /storage/hive/project/phy-otte/shared/Trinity/Data/20240311/RawDataMerged/CoBo0_AsAd0_2024-03-11T09:15:50.451_0000.root
Unix Timestamp: 1710148550
Total Number of Events: 422
Loading file: /storage/hive/project/phy-otte/shared/Trinity/Data/20240311/RawDataMerged/CoBo0_AsAd0_2024-03-11T06:23:50.581_0000.root
Unix Timestamp: 1710138230
Total Number of Events: 169
Loading file: /storage/hive/project/phy-otte/shared/Trinity/Data/20240311/RawDataMerged/CoBo0_AsAd0_2024-03-11T09:43:50.480_0000.root
Unix Timestamp: 1710150230
Total Number of Events: 493
Loading file: /storage/hive/project/phy-otte/shared/Trinity/Data/20240311/RawDataMerged/CoBo0_AsAd0_2024-03-11T09:29:50.478_0000.root
Unix Timestamp: 1710149390
Total Number of Events: 470
Loading file: /storage/hive/project/phy-otte/shared/Trinity/Data/20240311/RawDataMerged/CoBo0_AsAd0_2024-03-11T10:17:50.356_0000.root
Unix Timestamp: 1710152270
Total Number of Events: 723
Loading file: /storage/hive/project/phy-otte/shared/Trinity/Data/20240311/RawDataMerged/CoBo0_AsAd0_2024-03-11T03:43:50.631_0000.root
Unix Timestamp: 1710128630
Total Number of Events: 257
Loading file: /storage/hive/project/phy-otte/shared/Trinity/Data/20240311/RawDataMerged/CoBo0_AsAd0_2024-03-11T06:47:50.575_0000.root
Unix Timestamp: 1710139670
Total Number of Events: 154
Loading file: /storage/hive/project/phy-otte/shared/Trinity/Data/20240311/RawDataMerged/CoBo0_AsAd0_2024-03-11T07:09:50.642_0000.root
Unix Timestamp: 1710140990
Total Number of Events: 164
Loading file: /storage/hive/project/phy-otte/shared/Trinity/Data/20240311/RawDataMerged/CoBo0_AsAd0_2024-03-11T04:25:50.560_0000.root
Unix Timestamp: 1710131150
Total Number of Events: 171
Loading file: /storage/hive/project/phy-otte/shared/Trinity/Data/20240311/RawDataMerged/CoBo0_AsAd0_2024-03-11T11:33:50.387_0000.root
Unix Timestamp: 1710156830
Total Number of Events: 707
Loading file: /storage/hive/project/phy-otte/shared/Trinity/Data/20240311/RawDataMerged/CoBo0_AsAd0_2024-03-11T11:27:50.362_0000.root
Unix Timestamp: 1710156470
Total Number of Events: 779
Loading file: /storage/hive/project/phy-otte/shared/Trinity/Data/20240311/RawDataMerged/CoBo0_AsAd0_2024-03-11T11:21:50.367_0000.root
Unix Timestamp: 1710156110
Total Number of Events: 832
Loading file: /storage/hive/project/phy-otte/shared/Trinity/Data/20240311/RawDataMerged/CoBo0_AsAd0_2024-03-11T05:59:50.527_0000.root
Unix Timestamp: 1710136790
Total Number of Events: 181
Loading file: /storage/hive/project/phy-otte/shared/Trinity/Data/20240311/RawDataMerged/CoBo0_AsAd0_2024-03-11T03:59:50.800_0000.root
Unix Timestamp: 1710129590
Total Number of Events: 227
Loading file: /storage/hive/project/phy-otte/shared/Trinity/Data/20240311/RawDataMerged/CoBo0_AsAd0_2024-03-11T10:25:50.445_0000.root
Unix Timestamp: 1710152750
Total Number of Events: 821
Loading file: /storage/hive/project/phy-otte/shared/Trinity/Data/20240311/RawDataMerged/CoBo0_AsAd0_2024-03-11T10:05:50.530_0000.root
Unix Timestamp: 1710151550
Total Number of Events: 614
Loading file: /storage/hive/project/phy-otte/shared/Trinity/Data/20240311/RawDataMerged/CoBo0_AsAd0_2024-03-11T04:39:50.435_0000.root
Unix Timestamp: 1710131990
Total Number of Events: 154
Loading file: /storage/hive/project/phy-otte/shared/Trinity/Data/20240311/RawDataMerged/CoBo0_AsAd0_2024-03-11T05:27:50.591_0000.root
Unix Timestamp: 1710134870
Total Number of Events: 179
Loading file: /storage/hive/project/phy-otte/shared/Trinity/Data/20240311/RawDataMerged/CoBo0_AsAd0_2024-03-11T07:13:50.804_0000.root
Unix Timestamp: 1710141230
Total Number of Events: 173
Loading file: /storage/hive/project/phy-otte/shared/Trinity/Data/20240311/RawDataMerged/CoBo0_AsAd0_2024-03-11T02:55:52.033_0000.root
Unix Timestamp: 1710125752
Total Number of Events: 17
Loading file: /storage/hive/project/phy-otte/shared/Trinity/Data/20240311/RawDataMerged/CoBo0_AsAd0_2024-03-11T06:27:50.542_0000.root
Unix Timestamp: 1710138470
Total Number of Events: 162
Loading file: /storage/hive/project/phy-otte/shared/Trinity/Data/20240311/RawDataMerged/CoBo0_AsAd0_2024-03-11T11:23:50.365_0000.root
Unix Timestamp: 1710156230
Total Number of Events: 829
Loading file: /storage/hive/project/phy-otte/shared/Trinity/Data/20240311/RawDataMerged/CoBo0_AsAd0_2024-03-11T05:35:50.708_0000.root
Unix Timestamp: 1710135350
Total Number of Events: 185
Loading file: /storage/hive/project/phy-otte/shared/Trinity/Data/20240311/RawDataMerged/CoBo0_AsAd0_2024-03-11T06:43:50.897_0000.root
Unix Timestamp: 1710139430
Total Number of Events: 157
Loading file: /storage/hive/project/phy-otte/shared/Trinity/Data/20240311/RawDataMerged/CoBo0_AsAd0_2024-03-11T09:39:50.464_0000.root
Unix Timestamp: 1710149990
Total Number of Events: 487
Loading file: /storage/hive/project/phy-otte/shared/Trinity/Data/20240311/RawDataMerged/CoBo0_AsAd0_2024-03-11T10:09:50.488_0000.root
Unix Timestamp: 1710151790
Total Number of Events: 646
Loading file: /storage/hive/project/phy-otte/shared/Trinity/Data/20240311/RawDataMerged/CoBo0_AsAd0_2024-03-11T04:57:50.357_0000.root
Unix Timestamp: 1710133070
Total Number of Events: 149
Loading file: /storage/hive/project/phy-otte/shared/Trinity/Data/20240311/RawDataMerged/CoBo0_AsAd0_2024-03-11T11:07:50.459_0000.root
Unix Timestamp: 1710155270
Total Number of Events: 754
Loading file: /storage/hive/project/phy-otte/shared/Trinity/Data/20240311/RawDataMerged/CoBo0_AsAd0_2024-03-11T11:25:50.454_0000.root
Unix Timestamp: 1710156350
Total Number of Events: 823
Loading file: /storage/hive/project/phy-otte/shared/Trinity/Data/20240311/RawDataMerged/CoBo0_AsAd0_2024-03-11T11:13:50.435_0000.root
Unix Timestamp: 1710155630
Total Number of Events: 754
Loading file: /storage/hive/project/phy-otte/shared/Trinity/Data/20240311/RawDataMerged/CoBo0_AsAd0_2024-03-11T07:55:50.786_0000.root
Unix Timestamp: 1710143750
Total Number of Events: 283
Loading file: /storage/hive/project/phy-otte/shared/Trinity/Data/20240311/RawDataMerged/CoBo0_AsAd0_2024-03-11T05:39:50.441_0000.root
Unix Timestamp: 1710135590
Total Number of Events: 190
Loading file: /storage/hive/project/phy-otte/shared/Trinity/Data/20240311/RawDataMerged/CoBo0_AsAd0_2024-03-11T05:07:50.555_0000.root
Unix Timestamp: 1710133670
Total Number of Events: 157
Loading file: /storage/hive/project/phy-otte/shared/Trinity/Data/20240311/RawDataMerged/CoBo0_AsAd0_2024-03-11T05:13:50.776_0000.root
Unix Timestamp: 1710134030
Total Number of Events: 159
Loading file: /storage/hive/project/phy-otte/shared/Trinity/Data/20240311/RawDataMerged/CoBo0_AsAd0_2024-03-11T08:47:50.478_0000.root
Unix Timestamp: 1710146870
Total Number of Events: 351
Loading file: /storage/hive/project/phy-otte/shared/Trinity/Data/20240311/RawDataMerged/CoBo0_AsAd0_2024-03-11T05:53:50.743_0000.root
Unix Timestamp: 1710136430
Total Number of Events: 185
Loading file: /storage/hive/project/phy-otte/shared/Trinity/Data/20240311/RawDataMerged/CoBo0_AsAd0_2024-03-11T06:03:50.464_0000.root
Unix Timestamp: 1710137030
Total Number of Events: 177
Loading file: /storage/hive/project/phy-otte/shared/Trinity/Data/20240311/RawDataMerged/CoBo0_AsAd0_2024-03-11T10:19:50.377_0000.root
Unix Timestamp: 1710152390
Total Number of Events: 745
Loading file: /storage/hive/project/phy-otte/shared/Trinity/Data/20240311/RawDataMerged/CoBo0_AsAd0_2024-03-11T10:51:50.477_0000.root
Unix Timestamp: 1710154310
Total Number of Events: 831
Loading file: /storage/hive/project/phy-otte/shared/Trinity/Data/20240311/RawDataMerged/CoBo0_AsAd0_2024-03-11T10:13:50.405_0000.root
Unix Timestamp: 1710152030
Total Number of Events: 689
Loading file: /storage/hive/project/phy-otte/shared/Trinity/Data/20240311/RawDataMerged/CoBo0_AsAd0_2024-03-11T02:21:50.844_0000.root
Unix Timestamp: 1710123710
Total Number of Events: 0
Loading file: /storage/hive/project/phy-otte/shared/Trinity/Data/20240311/RawDataMerged/CoBo0_AsAd0_2024-03-11T11:29:50.377_0000.root
Unix Timestamp: 1710156590
Total Number of Events: 765
Loading file: /storage/hive/project/phy-otte/shared/Trinity/Data/20240311/RawDataMerged/CoBo0_AsAd0_2024-03-11T07:23:50.717_0000.root
Unix Timestamp: 1710141830
Total Number of Events: 186
Loading file: /storage/hive/project/phy-otte/shared/Trinity/Data/20240311/RawDataMerged/CoBo0_AsAd0_2024-03-11T07:49:50.634_0000.root
Unix Timestamp: 1710143390
Total Number of Events: 266
Loading file: /storage/hive/project/phy-otte/shared/Trinity/Data/20240311/RawDataMerged/CoBo0_AsAd0_2024-03-11T06:49:50.604_0000.root
Unix Timestamp: 1710139790
Total Number of Events: 154
Loading file: /storage/hive/project/phy-otte/shared/Trinity/Data/20240311/RawDataMerged/CoBo0_AsAd0_2024-03-11T02:15:50.843_0000.root
Unix Timestamp: 1710123350
Total Number of Events: 0
Loading file: /storage/hive/project/phy-otte/shared/Trinity/Data/20240311/RawDataMerged/CoBo0_AsAd0_2024-03-11T08:39:50.648_0000.root
Unix Timestamp: 1710146390
Total Number of Events: 351
Loading file: /storage/hive/project/phy-otte/shared/Trinity/Data/20240311/RawDataMerged/CoBo0_AsAd0_2024-03-11T09:19:50.389_0000.root
Unix Timestamp: 1710148790
Total Number of Events: 443
Loading file: /storage/hive/project/phy-otte/shared/Trinity/Data/20240311/RawDataMerged/CoBo0_AsAd0_2024-03-11T08:01:50.722_0000.root
Unix Timestamp: 1710144110
Total Number of Events: 310
Loading file: /storage/hive/project/phy-otte/shared/Trinity/Data/20240311/RawDataMerged/CoBo0_AsAd0_2024-03-11T10:37:50.413_0000.root
Unix Timestamp: 1710153470
Total Number of Events: 888
Loading file: /storage/hive/project/phy-otte/shared/Trinity/Data/20240311/RawDataMerged/CoBo0_AsAd0_2024-03-11T04:13:50.337_0000.root
Unix Timestamp: 1710130430
Total Number of Events: 183
Loading file: /storage/hive/project/phy-otte/shared/Trinity/Data/20240311/RawDataMerged/CoBo0_AsAd0_2024-03-11T05:33:50.876_0000.root
Unix Timestamp: 1710135230
Total Number of Events: 192
Loading file: /storage/hive/project/phy-otte/shared/Trinity/Data/20240311/RawDataMerged/CoBo0_AsAd0_2024-03-11T05:15:50.714_0000.root
Unix Timestamp: 1710134150
Total Number of Events: 165
Loading file: /storage/hive/project/phy-otte/shared/Trinity/Data/20240311/RawDataMerged/CoBo0_AsAd0_2024-03-11T04:23:50.592_0000.root
Unix Timestamp: 1710131030
Total Number of Events: 171
Loading file: /storage/hive/project/phy-otte/shared/Trinity/Data/20240311/RawDataMerged/CoBo0_AsAd0_2024-03-11T03:51:50.732_0000.root
Unix Timestamp: 1710129110
Total Number of Events: 233
Loading file: /storage/hive/project/phy-otte/shared/Trinity/Data/20240311/RawDataMerged/CoBo0_AsAd0_2024-03-11T11:37:50.466_0000.root
Unix Timestamp: 1710157070
Total Number of Events: 686
Loading file: /storage/hive/project/phy-otte/shared/Trinity/Data/20240311/RawDataMerged/CoBo0_AsAd0_2024-03-11T04:01:50.597_0000.root
Unix Timestamp: 1710129710
Total Number of Events: 221
Loading file: /storage/hive/project/phy-otte/shared/Trinity/Data/20240311/RawDataMerged/CoBo0_AsAd0_2024-03-11T02:13:43.981_0000.root
Unix Timestamp: 1710123223
Total Number of Events: 0
Loading file: /storage/hive/project/phy-otte/shared/Trinity/Data/20240311/RawDataMerged/CoBo0_AsAd0_2024-03-11T11:15:50.539_0000.root
Unix Timestamp: 1710155750
Total Number of Events: 760
Loading file: /storage/hive/project/phy-otte/shared/Trinity/Data/20240311/RawDataMerged/CoBo0_AsAd0_2024-03-11T10:07:50.386_0000.root
Unix Timestamp: 1710151670
Total Number of Events: 619
Loading file: /storage/hive/project/phy-otte/shared/Trinity/Data/20240311/RawDataMerged/CoBo0_AsAd0_2024-03-11T05:41:50.441_0000.root
Unix Timestamp: 1710135710
Total Number of Events: 190
Loading file: /storage/hive/project/phy-otte/shared/Trinity/Data/20240311/RawDataMerged/CoBo0_AsAd0_2024-03-11T11:49:50.611_0000.root
Unix Timestamp: 1710157790
Total Number of Events: 685
Loading file: /storage/hive/project/phy-otte/shared/Trinity/Data/20240311/RawDataMerged/CoBo0_AsAd0_2024-03-11T11:31:50.423_0000.root
Unix Timestamp: 1710156710
Total Number of Events: 715
Loading file: /storage/hive/project/phy-otte/shared/Trinity/Data/20240311/RawDataMerged/CoBo0_AsAd0_2024-03-11T06:17:50.770_0000.root
Unix Timestamp: 1710137870
Total Number of Events: 176
Loading file: /storage/hive/project/phy-otte/shared/Trinity/Data/20240311/RawDataMerged/CoBo0_AsAd0_2024-03-11T04:19:50.498_0000.root
Unix Timestamp: 1710130790
Total Number of Events: 176
Loading file: /storage/hive/project/phy-otte/shared/Trinity/Data/20240311/RawDataMerged/CoBo0_AsAd0_2024-03-11T11:47:50.388_0000.root
Unix Timestamp: 1710157670
Total Number of Events: 685
Loading file: /storage/hive/project/phy-otte/shared/Trinity/Data/20240311/RawDataMerged/CoBo0_AsAd0_2024-03-11T07:29:50.447_0000.root
Unix Timestamp: 1710142190
Total Number of Events: 196
Loading file: /storage/hive/project/phy-otte/shared/Trinity/Data/20240311/RawDataMerged/CoBo0_AsAd0_2024-03-11T03:55:50.641_0000.root
Unix Timestamp: 1710129350
Total Number of Events: 241
Loading file: /storage/hive/project/phy-otte/shared/Trinity/Data/20240311/RawDataMerged/CoBo0_AsAd0_2024-03-11T06:01:50.846_0000.root
Unix Timestamp: 1710136910
Total Number of Events: 177
Loading file: /storage/hive/project/phy-otte/shared/Trinity/Data/20240311/RawDataMerged/CoBo0_AsAd0_2024-03-11T09:05:50.371_0000.root
Unix Timestamp: 1710147950
Total Number of Events: 401
Loading file: /storage/hive/project/phy-otte/shared/Trinity/Data/20240311/RawDataMerged/CoBo0_AsAd0_2024-03-11T08:27:50.406_0000.root
Unix Timestamp: 1710145670
Total Number of Events: 324
Loading file: /storage/hive/project/phy-otte/shared/Trinity/Data/20240311/RawDataMerged/CoBo0_AsAd0_2024-03-11T09:23:50.487_0000.root
Unix Timestamp: 1710149030
Total Number of Events: 468
Loading file: /storage/hive/project/phy-otte/shared/Trinity/Data/20240311/RawDataMerged/CoBo0_AsAd0_2024-03-11T08:31:50.533_0000.root
Unix Timestamp: 1710145910
Total Number of Events: 331
Loading file: /storage/hive/project/phy-otte/shared/Trinity/Data/20240311/RawDataMerged/CoBo0_AsAd0_2024-03-11T07:51:50.536_0000.root
Unix Timestamp: 1710143510
Total Number of Events: 272
Loading file: /storage/hive/project/phy-otte/shared/Trinity/Data/20240311/RawDataMerged/CoBo0_AsAd0_2024-03-11T12:05:50.509_0000.root
Unix Timestamp: 1710158750
Total Number of Events: 875
Loading file: /storage/hive/project/phy-otte/shared/Trinity/Data/20240311/RawDataMerged/CoBo0_AsAd0_2024-03-11T05:01:50.927_0000.root
Unix Timestamp: 1710133310
Total Number of Events: 146
Loading file: /storage/hive/project/phy-otte/shared/Trinity/Data/20240311/RawDataMerged/CoBo0_AsAd0_2024-03-11T06:41:50.608_0000.root
Unix Timestamp: 1710139310
Total Number of Events: 155
Loading file: /storage/hive/project/phy-otte/shared/Trinity/Data/20240311/RawDataMerged/CoBo0_AsAd0_2024-03-11T09:41:50.500_0000.root
Unix Timestamp: 1710150110
Total Number of Events: 493
Loading file: /storage/hive/project/phy-otte/shared/Trinity/Data/20240311/RawDataMerged/CoBo0_AsAd0_2024-03-11T08:33:50.444_0000.root
Unix Timestamp: 1710146030
Total Number of Events: 341
Loading file: /storage/hive/project/phy-otte/shared/Trinity/Data/20240311/RawDataMerged/CoBo0_AsAd0_2024-03-11T11:19:50.443_0000.root
Unix Timestamp: 1710155990
Total Number of Events: 811
Loading file: /storage/hive/project/phy-otte/shared/Trinity/Data/20240311/RawDataMerged/CoBo0_AsAd0_2024-03-11T08:51:50.493_0000.root
Unix Timestamp: 1710147110
Total Number of Events: 353
Loading file: /storage/hive/project/phy-otte/shared/Trinity/Data/20240311/RawDataMerged/CoBo0_AsAd0_2024-03-11T06:11:50.389_0000.root
Unix Timestamp: 1710137510
Total Number of Events: 176
Loading file: /storage/hive/project/phy-otte/shared/Trinity/Data/20240311/RawDataMerged/CoBo0_AsAd0_2024-03-11T02:57:54.898_0000.root
Unix Timestamp: 1710125874
Total Number of Events: 16
Loading file: /storage/hive/project/phy-otte/shared/Trinity/Data/20240311/RawDataMerged/CoBo0_AsAd0_2024-03-11T04:15:51.130_0000.root
Unix Timestamp: 1710130551
Total Number of Events: 180
Loading file: /storage/hive/project/phy-otte/shared/Trinity/Data/20240311/RawDataMerged/CoBo0_AsAd0_2024-03-11T11:53:50.404_0000.root
Unix Timestamp: 1710158030
Total Number of Events: 719
Loading file: /storage/hive/project/phy-otte/shared/Trinity/Data/20240311/RawDataMerged/CoBo0_AsAd0_2024-03-11T08:09:50.430_0000.root
Unix Timestamp: 1710144590
Total Number of Events: 314
Loading file: /storage/hive/project/phy-otte/shared/Trinity/Data/20240311/RawDataMerged/CoBo0_AsAd0_2024-03-11T12:03:50.452_0000.root
Unix Timestamp: 1710158630
Total Number of Events: 839
Loading file: /storage/hive/project/phy-otte/shared/Trinity/Data/20240311/RawDataMerged/CoBo0_AsAd0_2024-03-11T08:11:50.539_0000.root
Unix Timestamp: 1710144710
Total Number of Events: 321
Loading file: /storage/hive/project/phy-otte/shared/Trinity/Data/20240311/RawDataMerged/CoBo0_AsAd0_2024-03-11T02:31:50.844_0000.root
Unix Timestamp: 1710124310
Total Number of Events: 0
Loading file: /storage/hive/project/phy-otte/shared/Trinity/Data/20240311/RawDataMerged/CoBo0_AsAd0_2024-03-11T09:33:50.531_0000.root
Unix Timestamp: 1710149630
Total Number of Events: 478
Loading file: /storage/hive/project/phy-otte/shared/Trinity/Data/20240311/RawDataMerged/CoBo0_AsAd0_2024-03-11T07:43:50.416_0000.root
Unix Timestamp: 1710143030
Total Number of Events: 238
Loading file: /storage/hive/project/phy-otte/shared/Trinity/Data/20240311/RawDataMerged/CoBo0_AsAd0_2024-03-11T09:45:50.435_0000.root
Unix Timestamp: 1710150350
Total Number of Events: 492
Loading file: /storage/hive/project/phy-otte/shared/Trinity/Data/20240311/RawDataMerged/CoBo0_AsAd0_2024-03-11T11:05:50.446_0000.root
Unix Timestamp: 1710155150
Total Number of Events: 742
Loading file: /storage/hive/project/phy-otte/shared/Trinity/Data/20240311/RawDataMerged/CoBo0_AsAd0_2024-03-11T03:31:50.473_0000.root
Unix Timestamp: 1710127910
Total Number of Events: 259
Loading file: /storage/hive/project/phy-otte/shared/Trinity/Data/20240311/RawDataMerged/CoBo0_AsAd0_2024-03-11T06:51:50.569_0000.root
Unix Timestamp: 1710139910
Total Number of Events: 156
Loading file: /storage/hive/project/phy-otte/shared/Trinity/Data/20240311/RawDataMerged/CoBo0_AsAd0_2024-03-11T08:55:50.595_0000.root
Unix Timestamp: 1710147350
Total Number of Events: 377
Loading file: /storage/hive/project/phy-otte/shared/Trinity/Data/20240311/RawDataMerged/CoBo0_AsAd0_2024-03-11T10:15:50.435_0000.root
Unix Timestamp: 1710152150
Total Number of Events: 710
Loading file: /storage/hive/project/phy-otte/shared/Trinity/Data/20240311/RawDataMerged/CoBo0_AsAd0_2024-03-11T06:33:50.662_0000.root
Unix Timestamp: 1710138830
Total Number of Events: 160
Loading file: /storage/hive/project/phy-otte/shared/Trinity/Data/20240311/RawDataMerged/CoBo0_AsAd0_2024-03-11T03:21:50.581_0000.root
Unix Timestamp: 1710127310
Total Number of Events: 267
Loading file: /storage/hive/project/phy-otte/shared/Trinity/Data/20240311/RawDataMerged/CoBo0_AsAd0_2024-03-11T08:43:50.397_0000.root
Unix Timestamp: 1710146630
Total Number of Events: 347
Loading file: /storage/hive/project/phy-otte/shared/Trinity/Data/20240311/RawDataMerged/CoBo0_AsAd0_2024-03-11T11:35:50.451_0000.root
Unix Timestamp: 1710156950
Total Number of Events: 693
Loading file: /storage/hive/project/phy-otte/shared/Trinity/Data/20240311/RawDataMerged/CoBo0_AsAd0_2024-03-11T09:57:50.493_0000.root
Unix Timestamp: 1710151070
Total Number of Events: 534
Loading file: /storage/hive/project/phy-otte/shared/Trinity/Data/20240311/RawDataMerged/CoBo0_AsAd0_2024-03-11T11:57:50.534_0000.root
Unix Timestamp: 1710158270
Total Number of Events: 742
Loading file: /storage/hive/project/phy-otte/shared/Trinity/Data/20240311/RawDataMerged/CoBo0_AsAd0_2024-03-11T10:21:50.500_0000.root
Unix Timestamp: 1710152510
Total Number of Events: 779
Loading file: /storage/hive/project/phy-otte/shared/Trinity/Data/20240311/RawDataMerged/CoBo0_AsAd0_2024-03-11T11:55:50.382_0000.root
Unix Timestamp: 1710158150
Total Number of Events: 731
Loading file: /storage/hive/project/phy-otte/shared/Trinity/Data/20240311/RawDataMerged/CoBo0_AsAd0_2024-03-11T04:33:50.888_0000.root
Unix Timestamp: 1710131630
Total Number of Events: 168
Loading file: /storage/hive/project/phy-otte/shared/Trinity/Data/20240311/RawDataMerged/CoBo0_AsAd0_2024-03-11T06:57:50.440_0000.root
Unix Timestamp: 1710140270
Total Number of Events: 157
Loading file: /storage/hive/project/phy-otte/shared/Trinity/Data/20240311/RawDataMerged/CoBo0_AsAd0_2024-03-11T05:17:50.633_0000.root
Unix Timestamp: 1710134270
Total Number of Events: 165
Loading file: /storage/hive/project/phy-otte/shared/Trinity/Data/20240311/RawDataMerged/CoBo0_AsAd0_2024-03-11T02:33:50.844_0000.root
Unix Timestamp: 1710124430
Total Number of Events: 0
Loading file: /storage/hive/project/phy-otte/shared/Trinity/Data/20240311/RawDataMerged/CoBo0_AsAd0_2024-03-11T08:05:50.385_0000.root
Unix Timestamp: 1710144350
Total Number of Events: 304
Loading file: /storage/hive/project/phy-otte/shared/Trinity/Data/20240311/RawDataMerged/CoBo0_AsAd0_2024-03-11T09:35:50.408_0000.root
Unix Timestamp: 1710149750
Total Number of Events: 478
Loading file: /storage/hive/project/phy-otte/shared/Trinity/Data/20240311/RawDataMerged/CoBo0_AsAd0_2024-03-11T05:37:50.414_0000.root
Unix Timestamp: 1710135470
Total Number of Events: 185
Loading file: /storage/hive/project/phy-otte/shared/Trinity/Data/20240311/RawDataMerged/CoBo0_AsAd0_2024-03-11T11:11:50.390_0000.root
Unix Timestamp: 1710155510
Total Number of Events: 752
Loading file: /storage/hive/project/phy-otte/shared/Trinity/Data/20240311/RawDataMerged/CoBo0_AsAd0_2024-03-11T05:57:50.556_0000.root
Unix Timestamp: 1710136670
Total Number of Events: 183
Loading file: /storage/hive/project/phy-otte/shared/Trinity/Data/20240311/RawDataMerged/CoBo0_AsAd0_2024-03-11T07:41:50.519_0000.root
Unix Timestamp: 1710142910
Total Number of Events: 227
Loading file: /storage/hive/project/phy-otte/shared/Trinity/Data/20240311/RawDataMerged/CoBo0_AsAd0_2024-03-11T05:25:50.842_0000.root
Unix Timestamp: 1710134750
Total Number of Events: 179
Loading file: /storage/hive/project/phy-otte/shared/Trinity/Data/20240311/RawDataMerged/CoBo0_AsAd0_2024-03-11T10:45:50.422_0000.root
Unix Timestamp: 1710153950
Total Number of Events: 842
Loading file: /storage/hive/project/phy-otte/shared/Trinity/Data/20240311/RawDataMerged/CoBo0_AsAd0_2024-03-11T09:53:50.516_0000.root
Unix Timestamp: 1710150830
Total Number of Events: 523
Loading file: /storage/hive/project/phy-otte/shared/Trinity/Data/20240311/RawDataMerged/CoBo0_AsAd0_2024-03-11T10:41:50.453_0000.root
Unix Timestamp: 1710153710
Total Number of Events: 886
Loading file: /storage/hive/project/phy-otte/shared/Trinity/Data/20240311/RawDataMerged/CoBo0_AsAd0_2024-03-11T07:45:50.503_0000.root
Unix Timestamp: 1710143150
Total Number of Events: 257
Loading file: /storage/hive/project/phy-otte/shared/Trinity/Data/20240311/RawDataMerged/CoBo0_AsAd0_2024-03-11T04:11:50.559_0000.root
Unix Timestamp: 1710130310
Total Number of Events: 189
Loading file: /storage/hive/project/phy-otte/shared/Trinity/Data/20240311/RawDataMerged/CoBo0_AsAd0_2024-03-11T05:55:50.607_0000.root
Unix Timestamp: 1710136550
Total Number of Events: 183
Loading file: /storage/hive/project/phy-otte/shared/Trinity/Data/20240311/RawDataMerged/CoBo0_AsAd0_2024-03-11T04:37:50.599_0000.root
Unix Timestamp: 1710131870
Total Number of Events: 161
Loading file: /storage/hive/project/phy-otte/shared/Trinity/Data/20240311/RawDataMerged/CoBo0_AsAd0_2024-03-11T09:59:50.540_0000.root
Unix Timestamp: 1710151190
Total Number of Events: 540
Loading file: /storage/hive/project/phy-otte/shared/Trinity/Data/20240311/RawDataMerged/CoBo0_AsAd0_2024-03-11T08:17:50.623_0000.root
Unix Timestamp: 1710145070
Total Number of Events: 316
Loading file: /storage/hive/project/phy-otte/shared/Trinity/Data/20240311/RawDataMerged/CoBo0_AsAd0_2024-03-11T09:21:50.613_0000.root
Unix Timestamp: 1710148910
Total Number of Events: 459
Loading file: /storage/hive/project/phy-otte/shared/Trinity/Data/20240311/RawDataMerged/CoBo0_AsAd0_2024-03-11T08:13:50.652_0000.root
Unix Timestamp: 1710144830
Total Number of Events: 319
Loading file: /storage/hive/project/phy-otte/shared/Trinity/Data/20240311/RawDataMerged/CoBo0_AsAd0_2024-03-11T10:27:50.362_0000.root
Unix Timestamp: 1710152870
Total Number of Events: 821
Loading file: /storage/hive/project/phy-otte/shared/Trinity/Data/20240311/RawDataMerged/CoBo0_AsAd0_2024-03-11T04:17:50.557_0000.root
Unix Timestamp: 1710130670
Total Number of Events: 176
Loading file: /storage/hive/project/phy-otte/shared/Trinity/Data/20240311/RawDataMerged/CoBo0_AsAd0_2024-03-11T12:13:50.364_0000.root
Unix Timestamp: 1710159230
Total Number of Events: 1043
Loading file: /storage/hive/project/phy-otte/shared/Trinity/Data/20240311/RawDataMerged/CoBo0_AsAd0_2024-03-11T10:47:50.480_0000.root
Unix Timestamp: 1710154070
Total Number of Events: 831
Loading file: /storage/hive/project/phy-otte/shared/Trinity/Data/20240311/RawDataMerged/CoBo0_AsAd0_2024-03-11T07:37:50.675_0000.root
Unix Timestamp: 1710142670
Total Number of Events: 223
Loading file: /storage/hive/project/phy-otte/shared/Trinity/Data/20240311/RawDataMerged/CoBo0_AsAd0_2024-03-11T09:31:50.424_0000.root
Unix Timestamp: 1710149510
Total Number of Events: 478
Loading file: /storage/hive/project/phy-otte/shared/Trinity/Data/20240311/RawDataMerged/CoBo0_AsAd0_2024-03-11T09:27:50.397_0000.root
Unix Timestamp: 1710149270
Total Number of Events: 470
Loading file: /storage/hive/project/phy-otte/shared/Trinity/Data/20240311/RawDataMerged/CoBo0_AsAd0_2024-03-11T05:05:50.419_0000.root
Unix Timestamp: 1710133550
Total Number of Events: 153
Loading file: /storage/hive/project/phy-otte/shared/Trinity/Data/20240311/RawDataMerged/CoBo0_AsAd0_2024-03-11T09:47:50.555_0000.root
Unix Timestamp: 1710150470
Total Number of Events: 492
Loading file: /storage/hive/project/phy-otte/shared/Trinity/Data/20240311/RawDataMerged/CoBo0_AsAd0_2024-03-11T03:25:50.438_0000.root
Unix Timestamp: 1710127550
Total Number of Events: 262
Loading file: /storage/hive/project/phy-otte/shared/Trinity/Data/20240311/RawDataMerged/CoBo0_AsAd0_2024-03-11T10:49:50.377_0000.root
Unix Timestamp: 1710154190
Total Number of Events: 831
Loading file: /storage/hive/project/phy-otte/shared/Trinity/Data/20240311/RawDataMerged/CoBo0_AsAd0_2024-03-11T11:51:50.394_0000.root
Unix Timestamp: 1710157910
Total Number of Events: 695
Loading file: /storage/hive/project/phy-otte/shared/Trinity/Data/20240311/RawDataMerged/CoBo0_AsAd0_2024-03-11T07:59:50.532_0000.root
Unix Timestamp: 1710143990
Total Number of Events: 296
Loading file: /storage/hive/project/phy-otte/shared/Trinity/Data/20240311/RawDataMerged/CoBo0_AsAd0_2024-03-11T02:17:50.843_0000.root
Unix Timestamp: 1710123470
Total Number of Events: 0
Loading file: /storage/hive/project/phy-otte/shared/Trinity/Data/20240311/RawDataMerged/CoBo0_AsAd0_2024-03-11T07:19:50.796_0000.root
Unix Timestamp: 1710141590
Total Number of Events: 179
Loading file: /storage/hive/project/phy-otte/shared/Trinity/Data/20240311/RawDataMerged/CoBo0_AsAd0_2024-03-11T06:25:51.020_0000.root
Unix Timestamp: 1710138351
Total Number of Events: 168
Loading file: /storage/hive/project/phy-otte/shared/Trinity/Data/20240311/RawDataMerged/CoBo0_AsAd0_2024-03-11T03:57:50.637_0000.root
Unix Timestamp: 1710129470
Total Number of Events: 234
Loading file: /storage/hive/project/phy-otte/shared/Trinity/Data/20240311/RawDataMerged/CoBo0_AsAd0_2024-03-11T08:23:50.506_0000.root
Unix Timestamp: 1710145430
Total Number of Events: 320
Loading file: /storage/hive/project/phy-otte/shared/Trinity/Data/20240311/RawDataMerged/CoBo0_AsAd0_2024-03-11T06:37:50.983_0000.root
Unix Timestamp: 1710139070
Total Number of Events: 158
Loading file: /storage/hive/project/phy-otte/shared/Trinity/Data/20240311/RawDataMerged/CoBo0_AsAd0_2024-03-11T03:35:50.386_0000.root
Unix Timestamp: 1710128150
Total Number of Events: 259
Loading file: /storage/hive/project/phy-otte/shared/Trinity/Data/20240311/RawDataMerged/CoBo0_AsAd0_2024-03-11T04:43:50.917_0000.root
Unix Timestamp: 1710132230
Total Number of Events: 149
Loading file: /storage/hive/project/phy-otte/shared/Trinity/Data/20240311/RawDataMerged/CoBo0_AsAd0_2024-03-11T12:17:50.386_0000.root
Unix Timestamp: 1710159470
Total Number of Events: 825
Loading file: /storage/hive/project/phy-otte/shared/Trinity/Data/20240311/RawDataMerged/CoBo0_AsAd0_2024-03-11T07:47:50.376_0000.root
Unix Timestamp: 1710143270
Total Number of Events: 262
Loading file: /storage/hive/project/phy-otte/shared/Trinity/Data/20240311/RawDataMerged/CoBo0_AsAd0_2024-03-11T05:51:50.365_0000.root
Unix Timestamp: 1710136310
Total Number of Events: 188
Loading file: /storage/hive/project/phy-otte/shared/Trinity/Data/20240311/RawDataMerged/CoBo0_AsAd0_2024-03-11T10:23:50.393_0000.root
Unix Timestamp: 1710152630
Total Number of Events: 799
Loading file: /storage/hive/project/phy-otte/shared/Trinity/Data/20240311/RawDataMerged/CoBo0_AsAd0_2024-03-11T10:55:50.441_0000.root
Unix Timestamp: 1710154550
Total Number of Events: 800
Loading file: /storage/hive/project/phy-otte/shared/Trinity/Data/20240311/RawDataMerged/CoBo0_AsAd0_2024-03-11T04:49:51.309_0000.root
Unix Timestamp: 1710132591
Total Number of Events: 139
Loading file: /storage/hive/project/phy-otte/shared/Trinity/Data/20240311/RawDataMerged/CoBo0_AsAd0_2024-03-11T04:07:50.701_0000.root
Unix Timestamp: 1710130070
Total Number of Events: 197
Loading file: /storage/hive/project/phy-otte/shared/Trinity/Data/20240311/RawDataMerged/CoBo0_AsAd0_2024-03-11T09:03:50.414_0000.root
Unix Timestamp: 1710147830
Total Number of Events: 391
Loading file: /storage/hive/project/phy-otte/shared/Trinity/Data/20240311/RawDataMerged/CoBo0_AsAd0_2024-03-11T04:09:50.514_0000.root
Unix Timestamp: 1710130190
Total Number of Events: 195
Loading file: /storage/hive/project/phy-otte/shared/Trinity/Data/20240311/RawDataMerged/CoBo0_AsAd0_2024-03-11T08:53:50.563_0000.root
Unix Timestamp: 1710147230
Total Number of Events: 353
Loading file: /storage/hive/project/phy-otte/shared/Trinity/Data/20240311/RawDataMerged/CoBo0_AsAd0_2024-03-11T05:47:50.430_0000.root
Unix Timestamp: 1710136070
Total Number of Events: 191
Loading file: /storage/hive/project/phy-otte/shared/Trinity/Data/20240311/RawDataMerged/CoBo0_AsAd0_2024-03-11T08:03:50.560_0000.root
Unix Timestamp: 1710144230
Total Number of Events: 304
Loading file: /storage/hive/project/phy-otte/shared/Trinity/Data/20240311/RawDataMerged/CoBo0_AsAd0_2024-03-11T06:39:50.579_0000.root
Unix Timestamp: 1710139190
Total Number of Events: 155
Loading file: /storage/hive/project/phy-otte/shared/Trinity/Data/20240311/RawDataMerged/CoBo0_AsAd0_2024-03-11T02:29:50.844_0000.root
Unix Timestamp: 1710124190
Total Number of Events: 0
Loading file: /storage/hive/project/phy-otte/shared/Trinity/Data/20240311/RawDataMerged/CoBo0_AsAd0_2024-03-11T10:57:50.422_0000.root
Unix Timestamp: 1710154670
Total Number of Events: 783
Loading file: /storage/hive/project/phy-otte/shared/Trinity/Data/20240311/RawDataMerged/CoBo0_AsAd0_2024-03-11T12:09:50.476_0000.root
Unix Timestamp: 1710158990
Total Number of Events: 955
Loading file: /storage/hive/project/phy-otte/shared/Trinity/Data/20240311/RawDataMerged/CoBo0_AsAd0_2024-03-11T04:45:51.005_0000.root
Unix Timestamp: 1710132351
Total Number of Events: 142
Loading file: /storage/hive/project/phy-otte/shared/Trinity/Data/20240311/RawDataMerged/CoBo0_AsAd0_2024-03-11T06:35:50.661_0000.root
Unix Timestamp: 1710138950
Total Number of Events: 160
Loading file: /storage/hive/project/phy-otte/shared/Trinity/Data/20240311/RawDataMerged/CoBo0_AsAd0_2024-03-11T09:37:50.378_0000.root
Unix Timestamp: 1710149870
Total Number of Events: 483
Loading file: /storage/hive/project/phy-otte/shared/Trinity/Data/20240311/RawDataMerged/CoBo0_AsAd0_2024-03-11T10:11:50.521_0000.root
Unix Timestamp: 1710151910
Total Number of Events: 651
Loading file: /storage/hive/project/phy-otte/shared/Trinity/Data/20240311/RawDataMerged/CoBo0_AsAd0_2024-03-11T09:51:50.412_0000.root
Unix Timestamp: 1710150710
Total Number of Events: 511
Loading file: /storage/hive/project/phy-otte/shared/Trinity/Data/20240311/RawDataMerged/CoBo0_AsAd0_2024-03-11T12:01:50.397_0000.root
Unix Timestamp: 1710158510
Total Number of Events: 815
Loading file: /storage/hive/project/phy-otte/shared/Trinity/Data/20240311/RawDataMerged/CoBo0_AsAd0_2024-03-11T06:09:50.491_0000.root
Unix Timestamp: 1710137390
Total Number of Events: 176
Loading file: /storage/hive/project/phy-otte/shared/Trinity/Data/20240311/RawDataMerged/CoBo0_AsAd0_2024-03-11T03:49:50.521_0000.root
Unix Timestamp: 1710128990
Total Number of Events: 238
Loading file: /storage/hive/project/phy-otte/shared/Trinity/Data/20240311/RawDataMerged/CoBo0_AsAd0_2024-03-11T07:07:50.445_0000.root
Unix Timestamp: 1710140870
Total Number of Events: 161
Loading file: /storage/hive/project/phy-otte/shared/Trinity/Data/20240311/RawDataMerged/CoBo0_AsAd0_2024-03-11T11:59:50.449_0000.root
Unix Timestamp: 1710158390
Total Number of Events: 760
Loading file: /storage/hive/project/phy-otte/shared/Trinity/Data/20240311/RawDataMerged/CoBo0_AsAd0_2024-03-11T09:49:50.529_0000.root
Unix Timestamp: 1710150590
Total Number of Events: 501
Loading file: /storage/hive/project/phy-otte/shared/Trinity/Data/20240311/RawDataMerged/CoBo0_AsAd0_2024-03-11T07:31:50.500_0000.root
Unix Timestamp: 1710142310
Total Number of Events: 206
Loading file: /storage/hive/project/phy-otte/shared/Trinity/Data/20240311/RawDataMerged/CoBo0_AsAd0_2024-03-11T05:23:50.609_0000.root
Unix Timestamp: 1710134630
Total Number of Events: 175
Loading file: /storage/hive/project/phy-otte/shared/Trinity/Data/20240311/RawDataMerged/CoBo0_AsAd0_2024-03-11T04:53:50.919_0000.root
Unix Timestamp: 1710132830
Total Number of Events: 144
Loading file: /storage/hive/project/phy-otte/shared/Trinity/Data/20240311/RawDataMerged/CoBo0_AsAd0_2024-03-11T02:27:50.843_0000.root
Unix Timestamp: 1710124070
Total Number of Events: 0
Loading file: /storage/hive/project/phy-otte/shared/Trinity/Data/20240311/RawDataMerged/CoBo0_AsAd0_2024-03-11T07:21:50.688_0000.root
Unix Timestamp: 1710141710
Total Number of Events: 186
Loading file: /storage/hive/project/phy-otte/shared/Trinity/Data/20240311/RawDataMerged/CoBo0_AsAd0_2024-03-11T12:15:50.418_0000.root
Unix Timestamp: 1710159350
Total Number of Events: 1099
Loading file: /storage/hive/project/phy-otte/shared/Trinity/Data/20240311/RawDataMerged/CoBo0_AsAd0_2024-03-11T08:21:50.713_0000.root
Unix Timestamp: 1710145310
Total Number of Events: 316
Loading file: /storage/hive/project/phy-otte/shared/Trinity/Data/20240311/RawDataMerged/CoBo0_AsAd0_2024-03-11T10:33:50.440_0000.root
Unix Timestamp: 1710153230
Total Number of Events: 849
Loading file: /storage/hive/project/phy-otte/shared/Trinity/Data/20240311/RawDataMerged/CoBo0_AsAd0_2024-03-11T07:39:50.693_0000.root
Unix Timestamp: 1710142790
Total Number of Events: 223
Loading file: /storage/hive/project/phy-otte/shared/Trinity/Data/20240311/RawDataMerged/CoBo0_AsAd0_2024-03-11T07:27:51.102_0000.root
Unix Timestamp: 1710142071
Total Number of Events: 196
Loading file: /storage/hive/project/phy-otte/shared/Trinity/Data/20240311/RawDataMerged/CoBo0_AsAd0_2024-03-11T06:59:50.684_0000.root
Unix Timestamp: 1710140390
Total Number of Events: 158
Loading file: /storage/hive/project/phy-otte/shared/Trinity/Data/20240311/RawDataMerged/CoBo0_AsAd0_2024-03-11T07:53:50.442_0000.root
Unix Timestamp: 1710143630
Total Number of Events: 275
Loading file: /storage/hive/project/phy-otte/shared/Trinity/Data/20240311/RawDataMerged/CoBo0_AsAd0_2024-03-11T06:29:50.780_0000.root
Unix Timestamp: 1710138590
Total Number of Events: 157
Loading file: /storage/hive/project/phy-otte/shared/Trinity/Data/20240311/RawDataMerged/CoBo0_AsAd0_2024-03-11T10:35:50.406_0000.root
Unix Timestamp: 1710153350
Total Number of Events: 880
Loading file: /storage/hive/project/phy-otte/shared/Trinity/Data/20240311/RawDataMerged/CoBo0_AsAd0_2024-03-11T09:07:50.576_0000.root
Unix Timestamp: 1710148070
Total Number of Events: 409
Loading file: /storage/hive/project/phy-otte/shared/Trinity/Data/20240311/RawDataMerged/CoBo0_AsAd0_2024-03-11T07:03:50.633_0000.root
Unix Timestamp: 1710140630
Total Number of Events: 157
Loading file: /storage/hive/project/phy-otte/shared/Trinity/Data/20240311/RawDataMerged/CoBo0_AsAd0_2024-03-11T06:19:50.406_0000.root
Unix Timestamp: 1710137990
Total Number of Events: 176
Loading file: /storage/hive/project/phy-otte/shared/Trinity/Data/20240311/RawDataMerged/CoBo0_AsAd0_2024-03-11T04:41:50.487_0000.root
Unix Timestamp: 1710132110
Total Number of Events: 154
Loading file: /storage/hive/project/phy-otte/shared/Trinity/Data/20240311/RawDataMerged/CoBo0_AsAd0_2024-03-11T07:57:50.514_0000.root
Unix Timestamp: 1710143870
Total Number of Events: 283
Loading file: /storage/hive/project/phy-otte/shared/Trinity/Data/20240311/RawDataMerged/CoBo0_AsAd0_2024-03-11T12:11:50.426_0000.root
Unix Timestamp: 1710159110
Total Number of Events: 998
Loading file: /storage/hive/project/phy-otte/shared/Trinity/Data/20240311/RawDataMerged/CoBo0_AsAd0_2024-03-11T07:01:50.358_0000.root
Unix Timestamp: 1710140510
Total Number of Events: 157
Loading file: /storage/hive/project/phy-otte/shared/Trinity/Data/20240311/RawDataMerged/CoBo0_AsAd0_2024-03-11T03:23:50.843_0000.root
Unix Timestamp: 1710127430
Total Number of Events: 271
Loading file: /storage/hive/project/phy-otte/shared/Trinity/Data/20240311/RawDataMerged/CoBo0_AsAd0_2024-03-11T06:13:50.783_0000.root
Unix Timestamp: 1710137630
Total Number of Events: 174
Loading file: /storage/hive/project/phy-otte/shared/Trinity/Data/20240311/RawDataMerged/CoBo0_AsAd0_2024-03-11T03:53:50.555_0000.root
Unix Timestamp: 1710129230
Total Number of Events: 233
Loading file: /storage/hive/project/phy-otte/shared/Trinity/Data/20240311/RawDataMerged/CoBo0_AsAd0_2024-03-11T02:19:50.912_0000.root
Unix Timestamp: 1710123590
Total Number of Events: 0
Loading file: /storage/hive/project/phy-otte/shared/Trinity/Data/20240311/RawDataMerged/CoBo0_AsAd0_2024-03-11T09:09:50.624_0000.root
Unix Timestamp: 1710148190
Total Number of Events: 415
Loading file: /storage/hive/project/phy-otte/shared/Trinity/Data/20240311/RawDataMerged/CoBo0_AsAd0_2024-03-11T04:29:50.467_0000.root
Unix Timestamp: 1710131390
Total Number of Events: 170
Loading file: /storage/hive/project/phy-otte/shared/Trinity/Data/20240311/RawDataMerged/CoBo0_AsAd0_2024-03-11T08:37:50.408_0000.root
Unix Timestamp: 1710146270
Total Number of Events: 341
Loading file: /storage/hive/project/phy-otte/shared/Trinity/Data/20240311/RawDataMerged/CoBo0_AsAd0_2024-03-11T10:29:50.389_0000.root
Unix Timestamp: 1710152990
Total Number of Events: 824
Loading file: /storage/hive/project/phy-otte/shared/Trinity/Data/20240311/RawDataMerged/CoBo0_AsAd0_2024-03-11T08:49:50.401_0000.root
Unix Timestamp: 1710146990
Total Number of Events: 353
Loading file: /storage/hive/project/phy-otte/shared/Trinity/Data/20240311/RawDataMerged/CoBo0_AsAd0_2024-03-11T10:53:50.389_0000.root
Unix Timestamp: 1710154430
Total Number of Events: 826
Loading file: /storage/hive/project/phy-otte/shared/Trinity/Data/20240311/RawDataMerged/CoBo0_AsAd0_2024-03-11T05:43:50.442_0000.root
Unix Timestamp: 1710135830
Total Number of Events: 190
Loading file: /storage/hive/project/phy-otte/shared/Trinity/Data/20240311/RawDataMerged/CoBo0_AsAd0_2024-03-11T06:15:50.579_0000.root
Unix Timestamp: 1710137750
Total Number of Events: 174
Loading file: /storage/hive/project/phy-otte/shared/Trinity/Data/20240311/RawDataMerged/CoBo0_AsAd0_2024-03-11T04:05:50.544_0000.root
Unix Timestamp: 1710129950
Total Number of Events: 202
Loading file: /storage/hive/project/phy-otte/shared/Trinity/Data/20240311/RawDataMerged/CoBo0_AsAd0_2024-03-11T08:25:50.376_0000.root
Unix Timestamp: 1710145550
Total Number of Events: 324
Loading file: /storage/hive/project/phy-otte/shared/Trinity/Data/20240311/RawDataMerged/CoBo0_AsAd0_2024-03-11T05:31:50.643_0000.root
Unix Timestamp: 1710135110
Total Number of Events: 184
Loading file: /storage/hive/project/phy-otte/shared/Trinity/Data/20240311/RawDataMerged/CoBo0_AsAd0_2024-03-11T11:39:50.456_0000.root
Unix Timestamp: 1710157190
Total Number of Events: 686
Loading file: /storage/hive/project/phy-otte/shared/Trinity/Data/20240311/RawDataMerged/CoBo0_AsAd0_2024-03-11T04:31:50.529_0000.root
Unix Timestamp: 1710131510
Total Number of Events: 170
Loading file: /storage/hive/project/phy-otte/shared/Trinity/Data/20240311/RawDataMerged/CoBo0_AsAd0_2024-03-11T03:45:50.567_0000.root
Unix Timestamp: 1710128750
Total Number of Events: 242
Loading file: /storage/hive/project/phy-otte/shared/Trinity/Data/20240311/RawDataMerged/CoBo0_AsAd0_2024-03-11T10:43:50.378_0000.root
Unix Timestamp: 1710153830
Total Number of Events: 855
Loading file: /storage/hive/project/phy-otte/shared/Trinity/Data/20240311/RawDataMerged/CoBo0_AsAd0_2024-03-11T02:35:50.845_0000.root
Unix Timestamp: 1710124550
Total Number of Events: 0
Loading file: /storage/hive/project/phy-otte/shared/Trinity/Data/20240311/RawDataMerged/CoBo0_AsAd0_2024-03-11T11:03:50.354_0000.root
Unix Timestamp: 1710155030
Total Number of Events: 742
Loading file: /storage/hive/project/phy-otte/shared/Trinity/Data/20240311/RawDataMerged/CoBo0_AsAd0_2024-03-11T05:29:50.778_0000.root
Unix Timestamp: 1710134990
Total Number of Events: 179
Loading file: /storage/hive/project/phy-otte/shared/Trinity/Data/20240311/RawDataMerged/CoBo0_AsAd0_2024-03-11T11:09:50.454_0000.root
Unix Timestamp: 1710155390
Total Number of Events: 752
spawn ssh -i /home/sstepanoff3/.ssh/hive sstepanoff3@login-hive.pace.gatech.edu /storage/hive/project/phy-otte/shared/Trinity/DataAnalysis/DataSummary/sumDir/FolderDataSum 20240311
Loading file: /storage/hive/project/phy-otte/shared/Trinity/Data/20240311/RawDataMerged/CoBo0_AsAd0_2024-03-11T09:17:50.608_0000.root
Unix Timestamp: 1710148670
Total Number of Events: 435

Inactive Modules:
  1) mvapich2

The following have been reloaded with a version change:
  1) gcc/10.3.0-o57x6h => gcc/8.3.0-rv4av7
  2) mpc/1.2.1-zoh6w2 => mpc/1.1.0-kyjl4f
  3) mpfr/4.1.0-32gcbv => mpfr/3.1.6-yuvsh4

Unix Thres Timestamp: 1710125187
Unix Thres Timestamp: 1710126878
/storage/hive/project/phy-otte/shared/Trinity/Data/20240311/RawDataMerged/
Loading file: /storage/hive/project/phy-otte/shared/Trinity/Data/20240311/RawDataMerged/CoBo0_AsAd0_2024-03-11T09:11:50.426_0000.root
Unix Timestamp: 1710148310
Warning in <TClass::Init>: no dictionary for class ROOT::TIOFeatures is available
Total Number of Events: 426
Loading file: /storage/hive/project/phy-otte/shared/Trinity/Data/20240311/RawDataMerged/CoBo0_AsAd0_2024-03-11T11:17:50.460_0000.root
Unix Timestamp: 1710155870
Total Number of Events: 779
Loading file: /storage/hive/project/phy-otte/shared/Trinity/Data/20240311/RawDataMerged/CoBo0_AsAd0_2024-03-11T04:21:50.574_0000.root
Unix Timestamp: 1710130910
Total Number of Events: 176
Loading file: /storage/hive/project/phy-otte/shared/Trinity/Data/20240311/RawDataMerged/CoBo0_AsAd0_2024-03-11T05:49:50.600_0000.root
Unix Timestamp: 1710136190
Total Number of Events: 188
Loading file: /storage/hive/project/phy-otte/shared/Trinity/Data/20240311/RawDataMerged/CoBo0_AsAd0_2024-03-11T03:17:50.675_0000.root
Unix Timestamp: 1710127070
Loading file: /storage/hive/project/phy-otte/shared/Trinity/Data/20240311/RawDataMerged/CoBo0_AsAd0_2024-03-11T08:41:50.408_0000.root
Unix Timestamp: 1710146510
Total Number of Events: 264
Total Number of Events: 347
Loading file: /storage/hive/project/phy-otte/shared/Trinity/Data/20240311/RawDataMerged/CoBo0_AsAd0_2024-03-11T03:39:50.642_0000.root
Unix Timestamp: 1710128390
Total Number of Events: 268
Loading file: /storage/hive/project/phy-otte/shared/Trinity/Data/20240311/RawDataMerged/CoBo0_AsAd0_2024-03-11T05:11:50.902_0000.root
Unix Timestamp: 1710133910
Total Number of Events: 159
Loading file: /storage/hive/project/phy-otte/shared/Trinity/Data/20240311/RawDataMerged/CoBo0_AsAd0_2024-03-11T02:48:00.736_0000.root
Unix Timestamp: 1710125280
Loading file: /storage/hive/project/phy-otte/shared/Trinity/Data/20240311/RawDataMerged/CoBo0_AsAd0_2024-03-11T07:25:50.753_0000.root
Unix Timestamp: 1710141950
Total Number of Events: 32
Total Number of Events: 191
Loading file: /storage/hive/project/phy-otte/shared/Trinity/Data/20240311/RawDataMerged/CoBo0_AsAd0_2024-03-11T10:39:50.406_0000.root
Unix Timestamp: 1710153590
Total Number of Events: 905
Loading file: /storage/hive/project/phy-otte/shared/Trinity/Data/20240311/RawDataMerged/CoBo0_AsAd0_2024-03-11T07:11:50.770_0000.root
Unix Timestamp: 1710141110
Total Number of Events: 172
Loading file: /storage/hive/project/phy-otte/shared/Trinity/Data/20240311/RawDataMerged/CoBo0_AsAd0_2024-03-11T06:31:50.885_0000.root
Unix Timestamp: 1710138710
Total Number of Events: 157
Loading file: /storage/hive/project/phy-otte/shared/Trinity/Data/20240311/RawDataMerged/CoBo0_AsAd0_2024-03-11T08:35:50.531_0000.root
Unix Timestamp: 1710146150
Total Number of Events: 341
Loading file: /storage/hive/project/phy-otte/shared/Trinity/Data/20240311/RawDataMerged/CoBo0_AsAd0_2024-03-11T04:51:50.603_0000.root
Unix Timestamp: 1710132710
Total Number of Events: 144
Loading file: /storage/hive/project/phy-otte/shared/Trinity/Data/20240311/RawDataMerged/CoBo0_AsAd0_2024-03-11T04:35:50.595_0000.root
Unix Timestamp: 1710131750
Total Number of Events: 164
Loading file: /storage/hive/project/phy-otte/shared/Trinity/Data/20240311/RawDataMerged/CoBo0_AsAd0_2024-03-11T07:17:50.418_0000.root
Unix Timestamp: 1710141470
Total Number of Events: 179
Loading file: /storage/hive/project/phy-otte/shared/Trinity/Data/20240311/RawDataMerged/CoBo0_AsAd0_2024-03-11T08:57:50.688_0000.root
Unix Timestamp: 1710147470
Total Number of Events: 377
Loading file: /storage/hive/project/phy-otte/shared/Trinity/Data/20240311/RawDataMerged/CoBo0_AsAd0_2024-03-11T04:27:50.556_0000.root
Unix Timestamp: 1710131270
Total Number of Events: 172
Loading file: /storage/hive/project/phy-otte/shared/Trinity/Data/20240311/RawDataMerged/CoBo0_AsAd0_2024-03-11T03:19:50.570_0000.root
Unix Timestamp: 1710127190
Loading file: /storage/hive/project/phy-otte/shared/Trinity/Data/20240311/RawDataMerged/CoBo0_AsAd0_2024-03-11T10:01:50.476_0000.root
Unix Timestamp: 1710151310
Total Number of Events: 264
Total Number of Events: 578
Loading file: /storage/hive/project/phy-otte/shared/Trinity/Data/20240311/RawDataMerged/CoBo0_AsAd0_2024-03-11T10:59:50.395_0000.root
Unix Timestamp: 1710154790
Total Number of Events: 761
Loading file: /storage/hive/project/phy-otte/shared/Trinity/Data/20240311/RawDataMerged/CoBo0_AsAd0_2024-03-11T07:35:50.418_0000.root
Unix Timestamp: 1710142550
Total Number of Events: 211
Info in <TCanvas::Print>: pdf file /storage/hive/project/phy-otte/shared/Trinity/DataAnalysis/DataSummary/Output/20240311.pdf has been created
Info in <TCanvas::Print>: Current canvas added to pdf file /storage/hive/project/phy-otte/shared/Trinity/DataAnalysis/DataSummary/Output/20240311.pdf
Loading file: /storage/hive/project/phy-otte/shared/Trinity/Data/20240311/RawDataMerged/CoBo0_AsAd0_2024-03-11T02:53:52.611_0000.root
Unix Timestamp: 1710125632
Total Number of Events: 16
Loading file: /storage/hive/project/phy-otte/shared/Trinity/Data/20240311/RawDataMerged/CoBo0_AsAd0_2024-03-11T09:13:50.736_0000.root
Unix Timestamp: 1710148430
Total Number of Events: 422
Info in <TCanvas::Print>: Current canvas added to pdf file /storage/hive/project/phy-otte/shared/Trinity/DataAnalysis/DataSummary/Output/20240311.pdf
Loading file: /storage/hive/project/phy-otte/shared/Trinity/Data/20240311/RawDataMerged/CoBo0_AsAd0_2024-03-11T11:41:50.472_0000.root
Unix Timestamp: 1710157310
Total Number of Events: 687
Info in <TCanvas::Print>: Current canvas added to pdf file /storage/hive/project/phy-otte/shared/Trinity/DataAnalysis/DataSummary/Output/20240311.pdf
Info in <TCanvas::Print>: Current canvas added to pdf file /storage/hive/project/phy-otte/shared/Trinity/DataAnalysis/DataSummary/Output/20240311.pdf
Loading file: /storage/hive/project/phy-otte/shared/Trinity/Data/20240311/RawDataMerged/CoBo0_AsAd0_2024-03-11T06:53:50.562_0000.root
Unix Timestamp: 1710140030
Total Number of Events: 156
Loading file: /storage/hive/project/phy-otte/shared/Trinity/Data/20240311/RawDataMerged/CoBo0_AsAd0_2024-03-11T10:31:50.372_0000.root
Unix Timestamp: 1710153110
Total Number of Events: 825
Info in <TCanvas::Print>: Current canvas added to pdf file /storage/hive/project/phy-otte/shared/Trinity/DataAnalysis/DataSummary/Output/20240311.pdf
Loading file: /storage/hive/project/phy-otte/shared/Trinity/Data/20240311/RawDataMerged/CoBo0_AsAd0_2024-03-11T03:33:50.620_0000.root
Unix Timestamp: 1710128030
Total Number of Events: 259
Info in <TCanvas::Print>: Current canvas added to pdf file /storage/hive/project/phy-otte/shared/Trinity/DataAnalysis/DataSummary/Output/20240311.pdf
Info in <TCanvas::Print>: pdf file /storage/hive/project/phy-otte/shared/Trinity/DataAnalysis/DataSummary/Output/20240311.pdf has been closed
Loading file: /storage/hive/project/phy-otte/shared/Trinity/Data/20240311/RawDataMerged/CoBo0_AsAd0_2024-03-11T05:19:50.968_0000.root
Unix Timestamp: 1710134390
Total Number of Events: 170
Loading file: /storage/hive/project/phy-otte/shared/Trinity/Data/20240311/RawDataMerged/CoBo0_AsAd0_2024-03-11T07:05:50.994_0000.root
Unix Timestamp: 1710140750
Total Number of Events: 159
Loading file: /storage/hive/project/phy-otte/shared/Trinity/Data/20240311/RawDataMerged/CoBo0_AsAd0_2024-03-11T06:05:50.875_0000.root
Unix Timestamp: 1710137150
Total Number of Events: 177
Loading file: /storage/hive/project/phy-otte/shared/Trinity/Data/20240311/RawDataMerged/CoBo0_AsAd0_2024-03-11T09:01:50.583_0000.root
Unix Timestamp: 1710147710
Total Number of Events: 390
Loading file: /storage/hive/project/phy-otte/shared/Trinity/Data/20240311/RawDataMerged/CoBo0_AsAd0_2024-03-11T11:43:50.475_0000.root
Unix Timestamp: 1710157430
Total Number of Events: 675
Loading file: /storage/hive/project/phy-otte/shared/Trinity/Data/20240311/RawDataMerged/CoBo0_AsAd0_2024-03-11T02:51:50.445_0000.root
Unix Timestamp: 1710125510
Total Number of Events: 18
Loading file: /storage/hive/project/phy-otte/shared/Trinity/Data/20240311/RawDataMerged/CoBo0_AsAd0_2024-03-11T04:03:50.734_0000.root
Unix Timestamp: 1710129830
Total Number of Events: 209
Loading file: /storage/hive/project/phy-otte/shared/Trinity/Data/20240311/RawDataMerged/CoBo0_AsAd0_2024-03-11T02:25:50.843_0000.root
Unix Timestamp: 1710123950
Total Number of Events: 0
Loading file: /storage/hive/project/phy-otte/shared/Trinity/Data/20240311/RawDataMerged/CoBo0_AsAd0_2024-03-11T06:07:50.344_0000.root
Unix Timestamp: 1710137270
Total Number of Events: 177
Loading file: /storage/hive/project/phy-otte/shared/Trinity/Data/20240311/RawDataMerged/CoBo0_AsAd0_2024-03-11T09:25:50.445_0000.root
Unix Timestamp: 1710149150
Total Number of Events: 468
Loading file: /storage/hive/project/phy-otte/shared/Trinity/Data/20240311/RawDataMerged/CoBo0_AsAd0_2024-03-11T08:29:50.594_0000.root
Unix Timestamp: 1710145790
Total Number of Events: 327
Loading file: /storage/hive/project/phy-otte/shared/Trinity/Data/20240311/RawDataMerged/CoBo0_AsAd0_2024-03-11T03:41:50.349_0000.root
Unix Timestamp: 1710128510
Total Number of Events: 264
Loading file: /storage/hive/project/phy-otte/shared/Trinity/Data/20240311/RawDataMerged/CoBo0_AsAd0_2024-03-11T05:03:50.880_0000.root
Unix Timestamp: 1710133430
Total Number of Events: 146
Loading file: /storage/hive/project/phy-otte/shared/Trinity/Data/20240311/RawDataMerged/CoBo0_AsAd0_2024-03-11T12:07:50.500_0000.root
Unix Timestamp: 1710158870
Total Number of Events: 899
Loading file: /storage/hive/project/phy-otte/shared/Trinity/Data/20240311/RawDataMerged/CoBo0_AsAd0_2024-03-11T04:59:50.749_0000.root
Unix Timestamp: 1710133190
Total Number of Events: 147
Loading file: /storage/hive/project/phy-otte/shared/Trinity/Data/20240311/RawDataMerged/CoBo0_AsAd0_2024-03-11T06:21:51.047_0000.root
Unix Timestamp: 1710138111
Total Number of Events: 177
Loading file: /storage/hive/project/phy-otte/shared/Trinity/Data/20240311/RawDataMerged/CoBo0_AsAd0_2024-03-11T03:47:50.336_0000.root
Unix Timestamp: 1710128870
Total Number of Events: 239
Loading file: /storage/hive/project/phy-otte/shared/Trinity/Data/20240311/RawDataMerged/CoBo0_AsAd0_2024-03-11T08:45:50.468_0000.root
Unix Timestamp: 1710146750
Total Number of Events: 351
Loading file: /storage/hive/project/phy-otte/shared/Trinity/Data/20240311/RawDataMerged/CoBo0_AsAd0_2024-03-11T04:55:50.543_0000.root
Unix Timestamp: 1710132950
Total Number of Events: 146
Loading file: /storage/hive/project/phy-otte/shared/Trinity/Data/20240311/RawDataMerged/CoBo0_AsAd0_2024-03-11T11:45:50.455_0000.root
Unix Timestamp: 1710157550
Total Number of Events: 675
Loading file: /storage/hive/project/phy-otte/shared/Trinity/Data/20240311/RawDataMerged/CoBo0_AsAd0_2024-03-11T09:55:50.539_0000.root
Unix Timestamp: 1710150950
Total Number of Events: 525
Loading file: /storage/hive/project/phy-otte/shared/Trinity/Data/20240311/RawDataMerged/CoBo0_AsAd0_2024-03-11T06:55:50.842_0000.root
Unix Timestamp: 1710140150
Total Number of Events: 157
Loading file: /storage/hive/project/phy-otte/shared/Trinity/Data/20240311/RawDataMerged/CoBo0_AsAd0_2024-03-11T08:59:50.563_0000.root
Unix Timestamp: 1710147590
Total Number of Events: 381
Loading file: /storage/hive/project/phy-otte/shared/Trinity/Data/20240311/RawDataMerged/CoBo0_AsAd0_2024-03-11T02:23:50.844_0000.root
Unix Timestamp: 1710123830
Total Number of Events: 0
Loading file: /storage/hive/project/phy-otte/shared/Trinity/Data/20240311/RawDataMerged/CoBo0_AsAd0_2024-03-11T05:45:50.606_0000.root
Unix Timestamp: 1710135950
Total Number of Events: 190
Loading file: /storage/hive/project/phy-otte/shared/Trinity/Data/20240311/RawDataMerged/CoBo0_AsAd0_2024-03-11T07:15:50.357_0000.root
Unix Timestamp: 1710141350
Total Number of Events: 178
Loading file: /storage/hive/project/phy-otte/shared/Trinity/Data/20240311/RawDataMerged/CoBo0_AsAd0_2024-03-11T04:47:50.710_0000.root
Unix Timestamp: 1710132470
Total Number of Events: 139
Loading file: /storage/hive/project/phy-otte/shared/Trinity/Data/20240311/RawDataMerged/CoBo0_AsAd0_2024-03-11T07:33:50.472_0000.root
Unix Timestamp: 1710142430
Total Number of Events: 211
Loading file: /storage/hive/project/phy-otte/shared/Trinity/Data/20240311/RawDataMerged/CoBo0_AsAd0_2024-03-11T08:15:50.402_0000.root
Unix Timestamp: 1710144950
Total Number of Events: 319
Loading file: /storage/hive/project/phy-otte/shared/Trinity/Data/20240311/RawDataMerged/CoBo0_AsAd0_2024-03-11T08:07:50.626_0000.root
Unix Timestamp: 1710144470
Total Number of Events: 314
Loading file: /storage/hive/project/phy-otte/shared/Trinity/Data/20240311/RawDataMerged/CoBo0_AsAd0_2024-03-11T08:19:50.694_0000.root
Unix Timestamp: 1710145190
Total Number of Events: 316
Loading file: /storage/hive/project/phy-otte/shared/Trinity/Data/20240311/RawDataMerged/CoBo0_AsAd0_2024-03-11T10:03:50.523_0000.root
Unix Timestamp: 1710151430
Total Number of Events: 599
Loading file: /storage/hive/project/phy-otte/shared/Trinity/Data/20240311/RawDataMerged/CoBo0_AsAd0_2024-03-11T03:29:50.362_0000.root
Unix Timestamp: 1710127790
Total Number of Events: 260
Loading file: /storage/hive/project/phy-otte/shared/Trinity/Data/20240311/RawDataMerged/CoBo0_AsAd0_2024-03-11T03:37:50.350_0000.root
Unix Timestamp: 1710128270
Total Number of Events: 259
Loading file: /storage/hive/project/phy-otte/shared/Trinity/Data/20240311/RawDataMerged/CoBo0_AsAd0_2024-03-11T02:49:51.687_0000.root
Unix Timestamp: 1710125391
Total Number of Events: 23
Loading file: /storage/hive/project/phy-otte/shared/Trinity/Data/20240311/RawDataMerged/CoBo0_AsAd0_2024-03-11T11:01:50.522_0000.root
Unix Timestamp: 1710154910
Total Number of Events: 746
Loading file: /storage/hive/project/phy-otte/shared/Trinity/Data/20240311/RawDataMerged/CoBo0_AsAd0_2024-03-11T05:09:51.037_0000.root
Unix Timestamp: 1710133791
Total Number of Events: 158
Loading file: /storage/hive/project/phy-otte/shared/Trinity/Data/20240311/RawDataMerged/CoBo0_AsAd0_2024-03-11T03:27:50.397_0000.root
Unix Timestamp: 1710127670
Total Number of Events: 262
Loading file: /storage/hive/project/phy-otte/shared/Trinity/Data/20240311/RawDataMerged/CoBo0_AsAd0_2024-03-11T06:45:50.903_0000.root
Unix Timestamp: 1710139550
Total Number of Events: 157
Loading file: /storage/hive/project/phy-otte/shared/Trinity/Data/20240311/RawDataMerged/CoBo0_AsAd0_2024-03-11T05:21:50.925_0000.root
Unix Timestamp: 1710134510
Total Number of Events: 175
Loading file: /storage/hive/project/phy-otte/shared/Trinity/Data/20240311/RawDataMerged/CoBo0_AsAd0_2024-03-11T09:15:50.451_0000.root
Unix Timestamp: 1710148550
Total Number of Events: 422
Loading file: /storage/hive/project/phy-otte/shared/Trinity/Data/20240311/RawDataMerged/CoBo0_AsAd0_2024-03-11T06:23:50.581_0000.root
Unix Timestamp: 1710138230
Total Number of Events: 169
Loading file: /storage/hive/project/phy-otte/shared/Trinity/Data/20240311/RawDataMerged/CoBo0_AsAd0_2024-03-11T09:43:50.480_0000.root
Unix Timestamp: 1710150230
Total Number of Events: 493
Loading file: /storage/hive/project/phy-otte/shared/Trinity/Data/20240311/RawDataMerged/CoBo0_AsAd0_2024-03-11T09:29:50.478_0000.root
Unix Timestamp: 1710149390
Total Number of Events: 470
Loading file: /storage/hive/project/phy-otte/shared/Trinity/Data/20240311/RawDataMerged/CoBo0_AsAd0_2024-03-11T10:17:50.356_0000.root
Unix Timestamp: 1710152270
Total Number of Events: 723
Loading file: /storage/hive/project/phy-otte/shared/Trinity/Data/20240311/RawDataMerged/CoBo0_AsAd0_2024-03-11T03:43:50.631_0000.root
Unix Timestamp: 1710128630
Total Number of Events: 257
Loading file: /storage/hive/project/phy-otte/shared/Trinity/Data/20240311/RawDataMerged/CoBo0_AsAd0_2024-03-11T06:47:50.575_0000.root
Unix Timestamp: 1710139670
Total Number of Events: 154
Loading file: /storage/hive/project/phy-otte/shared/Trinity/Data/20240311/RawDataMerged/CoBo0_AsAd0_2024-03-11T07:09:50.642_0000.root
Unix Timestamp: 1710140990
Total Number of Events: 164
Loading file: /storage/hive/project/phy-otte/shared/Trinity/Data/20240311/RawDataMerged/CoBo0_AsAd0_2024-03-11T04:25:50.560_0000.root
Unix Timestamp: 1710131150
Total Number of Events: 171
Loading file: /storage/hive/project/phy-otte/shared/Trinity/Data/20240311/RawDataMerged/CoBo0_AsAd0_2024-03-11T11:33:50.387_0000.root
Unix Timestamp: 1710156830
Total Number of Events: 707
Loading file: /storage/hive/project/phy-otte/shared/Trinity/Data/20240311/RawDataMerged/CoBo0_AsAd0_2024-03-11T11:27:50.362_0000.root
Unix Timestamp: 1710156470
Total Number of Events: 779
Loading file: /storage/hive/project/phy-otte/shared/Trinity/Data/20240311/RawDataMerged/CoBo0_AsAd0_2024-03-11T11:21:50.367_0000.root
Unix Timestamp: 1710156110
Total Number of Events: 832
Loading file: /storage/hive/project/phy-otte/shared/Trinity/Data/20240311/RawDataMerged/CoBo0_AsAd0_2024-03-11T05:59:50.527_0000.root
Unix Timestamp: 1710136790
Total Number of Events: 181
Loading file: /storage/hive/project/phy-otte/shared/Trinity/Data/20240311/RawDataMerged/CoBo0_AsAd0_2024-03-11T03:59:50.800_0000.root
Unix Timestamp: 1710129590
Total Number of Events: 227
Loading file: /storage/hive/project/phy-otte/shared/Trinity/Data/20240311/RawDataMerged/CoBo0_AsAd0_2024-03-11T10:25:50.445_0000.root
Unix Timestamp: 1710152750
Total Number of Events: 821
Loading file: /storage/hive/project/phy-otte/shared/Trinity/Data/20240311/RawDataMerged/CoBo0_AsAd0_2024-03-11T10:05:50.530_0000.root
Unix Timestamp: 1710151550
Total Number of Events: 614
Loading file: /storage/hive/project/phy-otte/shared/Trinity/Data/20240311/RawDataMerged/CoBo0_AsAd0_2024-03-11T04:39:50.435_0000.root
Unix Timestamp: 1710131990
Total Number of Events: 154
Loading file: /storage/hive/project/phy-otte/shared/Trinity/Data/20240311/RawDataMerged/CoBo0_AsAd0_2024-03-11T05:27:50.591_0000.root
Unix Timestamp: 1710134870
Total Number of Events: 179
Loading file: /storage/hive/project/phy-otte/shared/Trinity/Data/20240311/RawDataMerged/CoBo0_AsAd0_2024-03-11T07:13:50.804_0000.root
Unix Timestamp: 1710141230
Total Number of Events: 173
Loading file: /storage/hive/project/phy-otte/shared/Trinity/Data/20240311/RawDataMerged/CoBo0_AsAd0_2024-03-11T02:55:52.033_0000.root
Unix Timestamp: 1710125752
Total Number of Events: 17
Loading file: /storage/hive/project/phy-otte/shared/Trinity/Data/20240311/RawDataMerged/CoBo0_AsAd0_2024-03-11T06:27:50.542_0000.root
Unix Timestamp: 1710138470
Total Number of Events: 162
Loading file: /storage/hive/project/phy-otte/shared/Trinity/Data/20240311/RawDataMerged/CoBo0_AsAd0_2024-03-11T11:23:50.365_0000.root
Unix Timestamp: 1710156230
Total Number of Events: 829
Loading file: /storage/hive/project/phy-otte/shared/Trinity/Data/20240311/RawDataMerged/CoBo0_AsAd0_2024-03-11T05:35:50.708_0000.root
Unix Timestamp: 1710135350
Total Number of Events: 185
Loading file: /storage/hive/project/phy-otte/shared/Trinity/Data/20240311/RawDataMerged/CoBo0_AsAd0_2024-03-11T06:43:50.897_0000.root
Unix Timestamp: 1710139430
Total Number of Events: 157
Loading file: /storage/hive/project/phy-otte/shared/Trinity/Data/20240311/RawDataMerged/CoBo0_AsAd0_2024-03-11T09:39:50.464_0000.root
Unix Timestamp: 1710149990
Total Number of Events: 487
Loading file: /storage/hive/project/phy-otte/shared/Trinity/Data/20240311/RawDataMerged/CoBo0_AsAd0_2024-03-11T10:09:50.488_0000.root
Unix Timestamp: 1710151790
Total Number of Events: 646
Loading file: /storage/hive/project/phy-otte/shared/Trinity/Data/20240311/RawDataMerged/CoBo0_AsAd0_2024-03-11T04:57:50.357_0000.root
Unix Timestamp: 1710133070
Total Number of Events: 149
Loading file: /storage/hive/project/phy-otte/shared/Trinity/Data/20240311/RawDataMerged/CoBo0_AsAd0_2024-03-11T11:07:50.459_0000.root
Unix Timestamp: 1710155270
Total Number of Events: 754
Loading file: /storage/hive/project/phy-otte/shared/Trinity/Data/20240311/RawDataMerged/CoBo0_AsAd0_2024-03-11T11:25:50.454_0000.root
Unix Timestamp: 1710156350
Total Number of Events: 823
Loading file: /storage/hive/project/phy-otte/shared/Trinity/Data/20240311/RawDataMerged/CoBo0_AsAd0_2024-03-11T11:13:50.435_0000.root
Unix Timestamp: 1710155630
Total Number of Events: 754
Loading file: /storage/hive/project/phy-otte/shared/Trinity/Data/20240311/RawDataMerged/CoBo0_AsAd0_2024-03-11T07:55:50.786_0000.root
Unix Timestamp: 1710143750
Total Number of Events: 283
Loading file: /storage/hive/project/phy-otte/shared/Trinity/Data/20240311/RawDataMerged/CoBo0_AsAd0_2024-03-11T05:39:50.441_0000.root
Unix Timestamp: 1710135590
Total Number of Events: 190
Loading file: /storage/hive/project/phy-otte/shared/Trinity/Data/20240311/RawDataMerged/CoBo0_AsAd0_2024-03-11T05:07:50.555_0000.root
Unix Timestamp: 1710133670
Total Number of Events: 157
Loading file: /storage/hive/project/phy-otte/shared/Trinity/Data/20240311/RawDataMerged/CoBo0_AsAd0_2024-03-11T05:13:50.776_0000.root
Unix Timestamp: 1710134030
Total Number of Events: 159
Loading file: /storage/hive/project/phy-otte/shared/Trinity/Data/20240311/RawDataMerged/CoBo0_AsAd0_2024-03-11T08:47:50.478_0000.root
Unix Timestamp: 1710146870
Total Number of Events: 351
Loading file: /storage/hive/project/phy-otte/shared/Trinity/Data/20240311/RawDataMerged/CoBo0_AsAd0_2024-03-11T05:53:50.743_0000.root
Unix Timestamp: 1710136430
Total Number of Events: 185
Loading file: /storage/hive/project/phy-otte/shared/Trinity/Data/20240311/RawDataMerged/CoBo0_AsAd0_2024-03-11T06:03:50.464_0000.root
Unix Timestamp: 1710137030
Total Number of Events: 177
Loading file: /storage/hive/project/phy-otte/shared/Trinity/Data/20240311/RawDataMerged/CoBo0_AsAd0_2024-03-11T10:19:50.377_0000.root
Unix Timestamp: 1710152390
Total Number of Events: 745
Loading file: /storage/hive/project/phy-otte/shared/Trinity/Data/20240311/RawDataMerged/CoBo0_AsAd0_2024-03-11T10:51:50.477_0000.root
Unix Timestamp: 1710154310
Total Number of Events: 831
Loading file: /storage/hive/project/phy-otte/shared/Trinity/Data/20240311/RawDataMerged/CoBo0_AsAd0_2024-03-11T10:13:50.405_0000.root
Unix Timestamp: 1710152030
Total Number of Events: 689
Loading file: /storage/hive/project/phy-otte/shared/Trinity/Data/20240311/RawDataMerged/CoBo0_AsAd0_2024-03-11T02:21:50.844_0000.root
Unix Timestamp: 1710123710
Total Number of Events: 0
Loading file: /storage/hive/project/phy-otte/shared/Trinity/Data/20240311/RawDataMerged/CoBo0_AsAd0_2024-03-11T11:29:50.377_0000.root
Unix Timestamp: 1710156590
Total Number of Events: 765
Loading file: /storage/hive/project/phy-otte/shared/Trinity/Data/20240311/RawDataMerged/CoBo0_AsAd0_2024-03-11T07:23:50.717_0000.root
Unix Timestamp: 1710141830
Total Number of Events: 186
Loading file: /storage/hive/project/phy-otte/shared/Trinity/Data/20240311/RawDataMerged/CoBo0_AsAd0_2024-03-11T07:49:50.634_0000.root
Unix Timestamp: 1710143390
Total Number of Events: 266
Loading file: /storage/hive/project/phy-otte/shared/Trinity/Data/20240311/RawDataMerged/CoBo0_AsAd0_2024-03-11T06:49:50.604_0000.root
Unix Timestamp: 1710139790
Total Number of Events: 154
Loading file: /storage/hive/project/phy-otte/shared/Trinity/Data/20240311/RawDataMerged/CoBo0_AsAd0_2024-03-11T02:15:50.843_0000.root
Unix Timestamp: 1710123350
Total Number of Events: 0
Loading file: /storage/hive/project/phy-otte/shared/Trinity/Data/20240311/RawDataMerged/CoBo0_AsAd0_2024-03-11T08:39:50.648_0000.root
Unix Timestamp: 1710146390
Total Number of Events: 351
Loading file: /storage/hive/project/phy-otte/shared/Trinity/Data/20240311/RawDataMerged/CoBo0_AsAd0_2024-03-11T09:19:50.389_0000.root
Unix Timestamp: 1710148790
Total Number of Events: 443
Loading file: /storage/hive/project/phy-otte/shared/Trinity/Data/20240311/RawDataMerged/CoBo0_AsAd0_2024-03-11T08:01:50.722_0000.root
Unix Timestamp: 1710144110
Total Number of Events: 310
Loading file: /storage/hive/project/phy-otte/shared/Trinity/Data/20240311/RawDataMerged/CoBo0_AsAd0_2024-03-11T10:37:50.413_0000.root
Unix Timestamp: 1710153470
Total Number of Events: 888
Loading file: /storage/hive/project/phy-otte/shared/Trinity/Data/20240311/RawDataMerged/CoBo0_AsAd0_2024-03-11T04:13:50.337_0000.root
Unix Timestamp: 1710130430
Total Number of Events: 183
Loading file: /storage/hive/project/phy-otte/shared/Trinity/Data/20240311/RawDataMerged/CoBo0_AsAd0_2024-03-11T05:33:50.876_0000.root
Unix Timestamp: 1710135230
Total Number of Events: 192
Loading file: /storage/hive/project/phy-otte/shared/Trinity/Data/20240311/RawDataMerged/CoBo0_AsAd0_2024-03-11T05:15:50.714_0000.root
Unix Timestamp: 1710134150
Total Number of Events: 165
Loading file: /storage/hive/project/phy-otte/shared/Trinity/Data/20240311/RawDataMerged/CoBo0_AsAd0_2024-03-11T04:23:50.592_0000.root
Unix Timestamp: 1710131030
Total Number of Events: 171
Loading file: /storage/hive/project/phy-otte/shared/Trinity/Data/20240311/RawDataMerged/CoBo0_AsAd0_2024-03-11T03:51:50.732_0000.root
Unix Timestamp: 1710129110
Total Number of Events: 233
Loading file: /storage/hive/project/phy-otte/shared/Trinity/Data/20240311/RawDataMerged/CoBo0_AsAd0_2024-03-11T11:37:50.466_0000.root
Unix Timestamp: 1710157070
Total Number of Events: 686
Loading file: /storage/hive/project/phy-otte/shared/Trinity/Data/20240311/RawDataMerged/CoBo0_AsAd0_2024-03-11T04:01:50.597_0000.root
Unix Timestamp: 1710129710
Total Number of Events: 221
Loading file: /storage/hive/project/phy-otte/shared/Trinity/Data/20240311/RawDataMerged/CoBo0_AsAd0_2024-03-11T02:13:43.981_0000.root
Unix Timestamp: 1710123223
Total Number of Events: 0
Loading file: /storage/hive/project/phy-otte/shared/Trinity/Data/20240311/RawDataMerged/CoBo0_AsAd0_2024-03-11T11:15:50.539_0000.root
Unix Timestamp: 1710155750
Total Number of Events: 760
Loading file: /storage/hive/project/phy-otte/shared/Trinity/Data/20240311/RawDataMerged/CoBo0_AsAd0_2024-03-11T10:07:50.386_0000.root
Unix Timestamp: 1710151670
Total Number of Events: 619
Loading file: /storage/hive/project/phy-otte/shared/Trinity/Data/20240311/RawDataMerged/CoBo0_AsAd0_2024-03-11T05:41:50.441_0000.root
Unix Timestamp: 1710135710
Total Number of Events: 190
Loading file: /storage/hive/project/phy-otte/shared/Trinity/Data/20240311/RawDataMerged/CoBo0_AsAd0_2024-03-11T11:49:50.611_0000.root
Unix Timestamp: 1710157790
Total Number of Events: 685
Loading file: /storage/hive/project/phy-otte/shared/Trinity/Data/20240311/RawDataMerged/CoBo0_AsAd0_2024-03-11T11:31:50.423_0000.root
Unix Timestamp: 1710156710
Total Number of Events: 715
Loading file: /storage/hive/project/phy-otte/shared/Trinity/Data/20240311/RawDataMerged/CoBo0_AsAd0_2024-03-11T06:17:50.770_0000.root
Unix Timestamp: 1710137870
Total Number of Events: 176
Loading file: /storage/hive/project/phy-otte/shared/Trinity/Data/20240311/RawDataMerged/CoBo0_AsAd0_2024-03-11T04:19:50.498_0000.root
Unix Timestamp: 1710130790
Total Number of Events: 176
Loading file: /storage/hive/project/phy-otte/shared/Trinity/Data/20240311/RawDataMerged/CoBo0_AsAd0_2024-03-11T11:47:50.388_0000.root
Unix Timestamp: 1710157670
Total Number of Events: 685
Loading file: /storage/hive/project/phy-otte/shared/Trinity/Data/20240311/RawDataMerged/CoBo0_AsAd0_2024-03-11T07:29:50.447_0000.root
Unix Timestamp: 1710142190
Total Number of Events: 196
Loading file: /storage/hive/project/phy-otte/shared/Trinity/Data/20240311/RawDataMerged/CoBo0_AsAd0_2024-03-11T03:55:50.641_0000.root
Unix Timestamp: 1710129350
Total Number of Events: 241
Loading file: /storage/hive/project/phy-otte/shared/Trinity/Data/20240311/RawDataMerged/CoBo0_AsAd0_2024-03-11T06:01:50.846_0000.root
Unix Timestamp: 1710136910
Total Number of Events: 177
Loading file: /storage/hive/project/phy-otte/shared/Trinity/Data/20240311/RawDataMerged/CoBo0_AsAd0_2024-03-11T09:05:50.371_0000.root
Unix Timestamp: 1710147950
Total Number of Events: 401
Loading file: /storage/hive/project/phy-otte/shared/Trinity/Data/20240311/RawDataMerged/CoBo0_AsAd0_2024-03-11T08:27:50.406_0000.root
Unix Timestamp: 1710145670
Total Number of Events: 324
Loading file: /storage/hive/project/phy-otte/shared/Trinity/Data/20240311/RawDataMerged/CoBo0_AsAd0_2024-03-11T09:23:50.487_0000.root
Unix Timestamp: 1710149030
Total Number of Events: 468
Loading file: /storage/hive/project/phy-otte/shared/Trinity/Data/20240311/RawDataMerged/CoBo0_AsAd0_2024-03-11T08:31:50.533_0000.root
Unix Timestamp: 1710145910
Total Number of Events: 331
Loading file: /storage/hive/project/phy-otte/shared/Trinity/Data/20240311/RawDataMerged/CoBo0_AsAd0_2024-03-11T07:51:50.536_0000.root
Unix Timestamp: 1710143510
Total Number of Events: 272
Loading file: /storage/hive/project/phy-otte/shared/Trinity/Data/20240311/RawDataMerged/CoBo0_AsAd0_2024-03-11T12:05:50.509_0000.root
Unix Timestamp: 1710158750
Total Number of Events: 875
Loading file: /storage/hive/project/phy-otte/shared/Trinity/Data/20240311/RawDataMerged/CoBo0_AsAd0_2024-03-11T05:01:50.927_0000.root
Unix Timestamp: 1710133310
Total Number of Events: 146
Loading file: /storage/hive/project/phy-otte/shared/Trinity/Data/20240311/RawDataMerged/CoBo0_AsAd0_2024-03-11T06:41:50.608_0000.root
Unix Timestamp: 1710139310
Total Number of Events: 155
Loading file: /storage/hive/project/phy-otte/shared/Trinity/Data/20240311/RawDataMerged/CoBo0_AsAd0_2024-03-11T09:41:50.500_0000.root
Unix Timestamp: 1710150110
Total Number of Events: 493
Loading file: /storage/hive/project/phy-otte/shared/Trinity/Data/20240311/RawDataMerged/CoBo0_AsAd0_2024-03-11T08:33:50.444_0000.root
Unix Timestamp: 1710146030
Total Number of Events: 341
Loading file: /storage/hive/project/phy-otte/shared/Trinity/Data/20240311/RawDataMerged/CoBo0_AsAd0_2024-03-11T11:19:50.443_0000.root
Unix Timestamp: 1710155990
Total Number of Events: 811
Loading file: /storage/hive/project/phy-otte/shared/Trinity/Data/20240311/RawDataMerged/CoBo0_AsAd0_2024-03-11T08:51:50.493_0000.root
Unix Timestamp: 1710147110
Total Number of Events: 353
Loading file: /storage/hive/project/phy-otte/shared/Trinity/Data/20240311/RawDataMerged/CoBo0_AsAd0_2024-03-11T06:11:50.389_0000.root
Unix Timestamp: 1710137510
Total Number of Events: 176
Loading file: /storage/hive/project/phy-otte/shared/Trinity/Data/20240311/RawDataMerged/CoBo0_AsAd0_2024-03-11T02:57:54.898_0000.root
Unix Timestamp: 1710125874
Total Number of Events: 16
Loading file: /storage/hive/project/phy-otte/shared/Trinity/Data/20240311/RawDataMerged/CoBo0_AsAd0_2024-03-11T04:15:51.130_0000.root
Unix Timestamp: 1710130551
Total Number of Events: 180
Loading file: /storage/hive/project/phy-otte/shared/Trinity/Data/20240311/RawDataMerged/CoBo0_AsAd0_2024-03-11T11:53:50.404_0000.root
Unix Timestamp: 1710158030
Total Number of Events: 719
Loading file: /storage/hive/project/phy-otte/shared/Trinity/Data/20240311/RawDataMerged/CoBo0_AsAd0_2024-03-11T08:09:50.430_0000.root
Unix Timestamp: 1710144590
Total Number of Events: 314
Loading file: /storage/hive/project/phy-otte/shared/Trinity/Data/20240311/RawDataMerged/CoBo0_AsAd0_2024-03-11T12:03:50.452_0000.root
Unix Timestamp: 1710158630
Total Number of Events: 839
Loading file: /storage/hive/project/phy-otte/shared/Trinity/Data/20240311/RawDataMerged/CoBo0_AsAd0_2024-03-11T08:11:50.539_0000.root
Unix Timestamp: 1710144710
Total Number of Events: 321
Loading file: /storage/hive/project/phy-otte/shared/Trinity/Data/20240311/RawDataMerged/CoBo0_AsAd0_2024-03-11T02:31:50.844_0000.root
Unix Timestamp: 1710124310
Total Number of Events: 0
Loading file: /storage/hive/project/phy-otte/shared/Trinity/Data/20240311/RawDataMerged/CoBo0_AsAd0_2024-03-11T09:33:50.531_0000.root
Unix Timestamp: 1710149630
Total Number of Events: 478
Loading file: /storage/hive/project/phy-otte/shared/Trinity/Data/20240311/RawDataMerged/CoBo0_AsAd0_2024-03-11T07:43:50.416_0000.root
Unix Timestamp: 1710143030
Total Number of Events: 238
Loading file: /storage/hive/project/phy-otte/shared/Trinity/Data/20240311/RawDataMerged/CoBo0_AsAd0_2024-03-11T09:45:50.435_0000.root
Unix Timestamp: 1710150350
Total Number of Events: 492
Loading file: /storage/hive/project/phy-otte/shared/Trinity/Data/20240311/RawDataMerged/CoBo0_AsAd0_2024-03-11T11:05:50.446_0000.root
Unix Timestamp: 1710155150
Total Number of Events: 742
Loading file: /storage/hive/project/phy-otte/shared/Trinity/Data/20240311/RawDataMerged/CoBo0_AsAd0_2024-03-11T03:31:50.473_0000.root
Unix Timestamp: 1710127910
Total Number of Events: 259
Loading file: /storage/hive/project/phy-otte/shared/Trinity/Data/20240311/RawDataMerged/CoBo0_AsAd0_2024-03-11T06:51:50.569_0000.root
Unix Timestamp: 1710139910
Total Number of Events: 156
Loading file: /storage/hive/project/phy-otte/shared/Trinity/Data/20240311/RawDataMerged/CoBo0_AsAd0_2024-03-11T08:55:50.595_0000.root
Unix Timestamp: 1710147350
Total Number of Events: 377
Loading file: /storage/hive/project/phy-otte/shared/Trinity/Data/20240311/RawDataMerged/CoBo0_AsAd0_2024-03-11T10:15:50.435_0000.root
Unix Timestamp: 1710152150
Total Number of Events: 710
Loading file: /storage/hive/project/phy-otte/shared/Trinity/Data/20240311/RawDataMerged/CoBo0_AsAd0_2024-03-11T06:33:50.662_0000.root
Unix Timestamp: 1710138830
Total Number of Events: 160
Loading file: /storage/hive/project/phy-otte/shared/Trinity/Data/20240311/RawDataMerged/CoBo0_AsAd0_2024-03-11T03:21:50.581_0000.root
Unix Timestamp: 1710127310
Total Number of Events: 267
Loading file: /storage/hive/project/phy-otte/shared/Trinity/Data/20240311/RawDataMerged/CoBo0_AsAd0_2024-03-11T08:43:50.397_0000.root
Unix Timestamp: 1710146630
Total Number of Events: 347
Loading file: /storage/hive/project/phy-otte/shared/Trinity/Data/20240311/RawDataMerged/CoBo0_AsAd0_2024-03-11T11:35:50.451_0000.root
Unix Timestamp: 1710156950
Total Number of Events: 693
Loading file: /storage/hive/project/phy-otte/shared/Trinity/Data/20240311/RawDataMerged/CoBo0_AsAd0_2024-03-11T09:57:50.493_0000.root
Unix Timestamp: 1710151070
Total Number of Events: 534
Loading file: /storage/hive/project/phy-otte/shared/Trinity/Data/20240311/RawDataMerged/CoBo0_AsAd0_2024-03-11T11:57:50.534_0000.root
Unix Timestamp: 1710158270
Total Number of Events: 742
Loading file: /storage/hive/project/phy-otte/shared/Trinity/Data/20240311/RawDataMerged/CoBo0_AsAd0_2024-03-11T10:21:50.500_0000.root
Unix Timestamp: 1710152510
Total Number of Events: 779
Loading file: /storage/hive/project/phy-otte/shared/Trinity/Data/20240311/RawDataMerged/CoBo0_AsAd0_2024-03-11T11:55:50.382_0000.root
Unix Timestamp: 1710158150
Total Number of Events: 731
Loading file: /storage/hive/project/phy-otte/shared/Trinity/Data/20240311/RawDataMerged/CoBo0_AsAd0_2024-03-11T04:33:50.888_0000.root
Unix Timestamp: 1710131630
Total Number of Events: 168
Loading file: /storage/hive/project/phy-otte/shared/Trinity/Data/20240311/RawDataMerged/CoBo0_AsAd0_2024-03-11T06:57:50.440_0000.root
Unix Timestamp: 1710140270
Total Number of Events: 157
Loading file: /storage/hive/project/phy-otte/shared/Trinity/Data/20240311/RawDataMerged/CoBo0_AsAd0_2024-03-11T05:17:50.633_0000.root
Unix Timestamp: 1710134270
Total Number of Events: 165
Loading file: /storage/hive/project/phy-otte/shared/Trinity/Data/20240311/RawDataMerged/CoBo0_AsAd0_2024-03-11T02:33:50.844_0000.root
Unix Timestamp: 1710124430
Total Number of Events: 0
Loading file: /storage/hive/project/phy-otte/shared/Trinity/Data/20240311/RawDataMerged/CoBo0_AsAd0_2024-03-11T08:05:50.385_0000.root
Unix Timestamp: 1710144350
Total Number of Events: 304
Loading file: /storage/hive/project/phy-otte/shared/Trinity/Data/20240311/RawDataMerged/CoBo0_AsAd0_2024-03-11T09:35:50.408_0000.root
Unix Timestamp: 1710149750
Total Number of Events: 478
Loading file: /storage/hive/project/phy-otte/shared/Trinity/Data/20240311/RawDataMerged/CoBo0_AsAd0_2024-03-11T05:37:50.414_0000.root
Unix Timestamp: 1710135470
Total Number of Events: 185
Loading file: /storage/hive/project/phy-otte/shared/Trinity/Data/20240311/RawDataMerged/CoBo0_AsAd0_2024-03-11T11:11:50.390_0000.root
Unix Timestamp: 1710155510
Total Number of Events: 752
Loading file: /storage/hive/project/phy-otte/shared/Trinity/Data/20240311/RawDataMerged/CoBo0_AsAd0_2024-03-11T05:57:50.556_0000.root
Unix Timestamp: 1710136670
Total Number of Events: 183
Loading file: /storage/hive/project/phy-otte/shared/Trinity/Data/20240311/RawDataMerged/CoBo0_AsAd0_2024-03-11T07:41:50.519_0000.root
Unix Timestamp: 1710142910
Total Number of Events: 227
Loading file: /storage/hive/project/phy-otte/shared/Trinity/Data/20240311/RawDataMerged/CoBo0_AsAd0_2024-03-11T05:25:50.842_0000.root
Unix Timestamp: 1710134750
Total Number of Events: 179
Loading file: /storage/hive/project/phy-otte/shared/Trinity/Data/20240311/RawDataMerged/CoBo0_AsAd0_2024-03-11T10:45:50.422_0000.root
Unix Timestamp: 1710153950
Total Number of Events: 842
Loading file: /storage/hive/project/phy-otte/shared/Trinity/Data/20240311/RawDataMerged/CoBo0_AsAd0_2024-03-11T09:53:50.516_0000.root
Unix Timestamp: 1710150830
Total Number of Events: 523
Loading file: /storage/hive/project/phy-otte/shared/Trinity/Data/20240311/RawDataMerged/CoBo0_AsAd0_2024-03-11T10:41:50.453_0000.root
Unix Timestamp: 1710153710
Total Number of Events: 886
Loading file: /storage/hive/project/phy-otte/shared/Trinity/Data/20240311/RawDataMerged/CoBo0_AsAd0_2024-03-11T07:45:50.503_0000.root
Unix Timestamp: 1710143150
Total Number of Events: 257
Loading file: /storage/hive/project/phy-otte/shared/Trinity/Data/20240311/RawDataMerged/CoBo0_AsAd0_2024-03-11T04:11:50.559_0000.root
Unix Timestamp: 1710130310
Total Number of Events: 189
Loading file: /storage/hive/project/phy-otte/shared/Trinity/Data/20240311/RawDataMerged/CoBo0_AsAd0_2024-03-11T05:55:50.607_0000.root
Unix Timestamp: 1710136550
Total Number of Events: 183
Loading file: /storage/hive/project/phy-otte/shared/Trinity/Data/20240311/RawDataMerged/CoBo0_AsAd0_2024-03-11T04:37:50.599_0000.root
Unix Timestamp: 1710131870
Total Number of Events: 161
Loading file: /storage/hive/project/phy-otte/shared/Trinity/Data/20240311/RawDataMerged/CoBo0_AsAd0_2024-03-11T09:59:50.540_0000.root
Unix Timestamp: 1710151190
Total Number of Events: 540
Loading file: /storage/hive/project/phy-otte/shared/Trinity/Data/20240311/RawDataMerged/CoBo0_AsAd0_2024-03-11T08:17:50.623_0000.root
Unix Timestamp: 1710145070
Total Number of Events: 316
Loading file: /storage/hive/project/phy-otte/shared/Trinity/Data/20240311/RawDataMerged/CoBo0_AsAd0_2024-03-11T09:21:50.613_0000.root
Unix Timestamp: 1710148910
Total Number of Events: 459
Loading file: /storage/hive/project/phy-otte/shared/Trinity/Data/20240311/RawDataMerged/CoBo0_AsAd0_2024-03-11T08:13:50.652_0000.root
Unix Timestamp: 1710144830
Total Number of Events: 319
Loading file: /storage/hive/project/phy-otte/shared/Trinity/Data/20240311/RawDataMerged/CoBo0_AsAd0_2024-03-11T10:27:50.362_0000.root
Unix Timestamp: 1710152870
Total Number of Events: 821
Loading file: /storage/hive/project/phy-otte/shared/Trinity/Data/20240311/RawDataMerged/CoBo0_AsAd0_2024-03-11T04:17:50.557_0000.root
Unix Timestamp: 1710130670
Total Number of Events: 176
Loading file: /storage/hive/project/phy-otte/shared/Trinity/Data/20240311/RawDataMerged/CoBo0_AsAd0_2024-03-11T12:13:50.364_0000.root
Unix Timestamp: 1710159230
Total Number of Events: 1043
Loading file: /storage/hive/project/phy-otte/shared/Trinity/Data/20240311/RawDataMerged/CoBo0_AsAd0_2024-03-11T10:47:50.480_0000.root
Unix Timestamp: 1710154070
Total Number of Events: 831
Loading file: /storage/hive/project/phy-otte/shared/Trinity/Data/20240311/RawDataMerged/CoBo0_AsAd0_2024-03-11T07:37:50.675_0000.root
Unix Timestamp: 1710142670
Total Number of Events: 223
Loading file: /storage/hive/project/phy-otte/shared/Trinity/Data/20240311/RawDataMerged/CoBo0_AsAd0_2024-03-11T09:31:50.424_0000.root
Unix Timestamp: 1710149510
Total Number of Events: 478
Loading file: /storage/hive/project/phy-otte/shared/Trinity/Data/20240311/RawDataMerged/CoBo0_AsAd0_2024-03-11T09:27:50.397_0000.root
Unix Timestamp: 1710149270
Total Number of Events: 470
Loading file: /storage/hive/project/phy-otte/shared/Trinity/Data/20240311/RawDataMerged/CoBo0_AsAd0_2024-03-11T05:05:50.419_0000.root
Unix Timestamp: 1710133550
Total Number of Events: 153
Loading file: /storage/hive/project/phy-otte/shared/Trinity/Data/20240311/RawDataMerged/CoBo0_AsAd0_2024-03-11T09:47:50.555_0000.root
Unix Timestamp: 1710150470
Total Number of Events: 492
Loading file: /storage/hive/project/phy-otte/shared/Trinity/Data/20240311/RawDataMerged/CoBo0_AsAd0_2024-03-11T03:25:50.438_0000.root
Unix Timestamp: 1710127550
Total Number of Events: 262
Loading file: /storage/hive/project/phy-otte/shared/Trinity/Data/20240311/RawDataMerged/CoBo0_AsAd0_2024-03-11T10:49:50.377_0000.root
Unix Timestamp: 1710154190
Total Number of Events: 831
Loading file: /storage/hive/project/phy-otte/shared/Trinity/Data/20240311/RawDataMerged/CoBo0_AsAd0_2024-03-11T11:51:50.394_0000.root
Unix Timestamp: 1710157910
Total Number of Events: 695
Loading file: /storage/hive/project/phy-otte/shared/Trinity/Data/20240311/RawDataMerged/CoBo0_AsAd0_2024-03-11T07:59:50.532_0000.root
Unix Timestamp: 1710143990
Total Number of Events: 296
Loading file: /storage/hive/project/phy-otte/shared/Trinity/Data/20240311/RawDataMerged/CoBo0_AsAd0_2024-03-11T02:17:50.843_0000.root
Unix Timestamp: 1710123470
Total Number of Events: 0
Loading file: /storage/hive/project/phy-otte/shared/Trinity/Data/20240311/RawDataMerged/CoBo0_AsAd0_2024-03-11T07:19:50.796_0000.root
Unix Timestamp: 1710141590
Total Number of Events: 179
Loading file: /storage/hive/project/phy-otte/shared/Trinity/Data/20240311/RawDataMerged/CoBo0_AsAd0_2024-03-11T06:25:51.020_0000.root
Unix Timestamp: 1710138351
Total Number of Events: 168
Loading file: /storage/hive/project/phy-otte/shared/Trinity/Data/20240311/RawDataMerged/CoBo0_AsAd0_2024-03-11T03:57:50.637_0000.root
Unix Timestamp: 1710129470
Total Number of Events: 234
Loading file: /storage/hive/project/phy-otte/shared/Trinity/Data/20240311/RawDataMerged/CoBo0_AsAd0_2024-03-11T08:23:50.506_0000.root
Unix Timestamp: 1710145430
Total Number of Events: 320
Loading file: /storage/hive/project/phy-otte/shared/Trinity/Data/20240311/RawDataMerged/CoBo0_AsAd0_2024-03-11T06:37:50.983_0000.root
Unix Timestamp: 1710139070
Total Number of Events: 158
Loading file: /storage/hive/project/phy-otte/shared/Trinity/Data/20240311/RawDataMerged/CoBo0_AsAd0_2024-03-11T03:35:50.386_0000.root
Unix Timestamp: 1710128150
Total Number of Events: 259
Loading file: /storage/hive/project/phy-otte/shared/Trinity/Data/20240311/RawDataMerged/CoBo0_AsAd0_2024-03-11T04:43:50.917_0000.root
Unix Timestamp: 1710132230
Total Number of Events: 149
Loading file: /storage/hive/project/phy-otte/shared/Trinity/Data/20240311/RawDataMerged/CoBo0_AsAd0_2024-03-11T12:17:50.386_0000.root
Unix Timestamp: 1710159470
Total Number of Events: 825
Loading file: /storage/hive/project/phy-otte/shared/Trinity/Data/20240311/RawDataMerged/CoBo0_AsAd0_2024-03-11T07:47:50.376_0000.root
Unix Timestamp: 1710143270
Total Number of Events: 262
Loading file: /storage/hive/project/phy-otte/shared/Trinity/Data/20240311/RawDataMerged/CoBo0_AsAd0_2024-03-11T05:51:50.365_0000.root
Unix Timestamp: 1710136310
Total Number of Events: 188
Loading file: /storage/hive/project/phy-otte/shared/Trinity/Data/20240311/RawDataMerged/CoBo0_AsAd0_2024-03-11T10:23:50.393_0000.root
Unix Timestamp: 1710152630
Total Number of Events: 799
Loading file: /storage/hive/project/phy-otte/shared/Trinity/Data/20240311/RawDataMerged/CoBo0_AsAd0_2024-03-11T10:55:50.441_0000.root
Unix Timestamp: 1710154550
Total Number of Events: 800
Loading file: /storage/hive/project/phy-otte/shared/Trinity/Data/20240311/RawDataMerged/CoBo0_AsAd0_2024-03-11T04:49:51.309_0000.root
Unix Timestamp: 1710132591
Total Number of Events: 139
Loading file: /storage/hive/project/phy-otte/shared/Trinity/Data/20240311/RawDataMerged/CoBo0_AsAd0_2024-03-11T04:07:50.701_0000.root
Unix Timestamp: 1710130070
Total Number of Events: 197
Loading file: /storage/hive/project/phy-otte/shared/Trinity/Data/20240311/RawDataMerged/CoBo0_AsAd0_2024-03-11T09:03:50.414_0000.root
Unix Timestamp: 1710147830
Total Number of Events: 391
Loading file: /storage/hive/project/phy-otte/shared/Trinity/Data/20240311/RawDataMerged/CoBo0_AsAd0_2024-03-11T04:09:50.514_0000.root
Unix Timestamp: 1710130190
Total Number of Events: 195
Loading file: /storage/hive/project/phy-otte/shared/Trinity/Data/20240311/RawDataMerged/CoBo0_AsAd0_2024-03-11T08:53:50.563_0000.root
Unix Timestamp: 1710147230
Total Number of Events: 353
Loading file: /storage/hive/project/phy-otte/shared/Trinity/Data/20240311/RawDataMerged/CoBo0_AsAd0_2024-03-11T05:47:50.430_0000.root
Unix Timestamp: 1710136070
Total Number of Events: 191
Loading file: /storage/hive/project/phy-otte/shared/Trinity/Data/20240311/RawDataMerged/CoBo0_AsAd0_2024-03-11T08:03:50.560_0000.root
Unix Timestamp: 1710144230
Total Number of Events: 304
Loading file: /storage/hive/project/phy-otte/shared/Trinity/Data/20240311/RawDataMerged/CoBo0_AsAd0_2024-03-11T06:39:50.579_0000.root
Unix Timestamp: 1710139190
Total Number of Events: 155
Loading file: /storage/hive/project/phy-otte/shared/Trinity/Data/20240311/RawDataMerged/CoBo0_AsAd0_2024-03-11T02:29:50.844_0000.root
Unix Timestamp: 1710124190
Total Number of Events: 0
Loading file: /storage/hive/project/phy-otte/shared/Trinity/Data/20240311/RawDataMerged/CoBo0_AsAd0_2024-03-11T10:57:50.422_0000.root
Unix Timestamp: 1710154670
Total Number of Events: 783
Loading file: /storage/hive/project/phy-otte/shared/Trinity/Data/20240311/RawDataMerged/CoBo0_AsAd0_2024-03-11T12:09:50.476_0000.root
Unix Timestamp: 1710158990
Total Number of Events: 955
Loading file: /storage/hive/project/phy-otte/shared/Trinity/Data/20240311/RawDataMerged/CoBo0_AsAd0_2024-03-11T04:45:51.005_0000.root
Unix Timestamp: 1710132351
Total Number of Events: 142
Loading file: /storage/hive/project/phy-otte/shared/Trinity/Data/20240311/RawDataMerged/CoBo0_AsAd0_2024-03-11T06:35:50.661_0000.root
Unix Timestamp: 1710138950
Total Number of Events: 160
Loading file: /storage/hive/project/phy-otte/shared/Trinity/Data/20240311/RawDataMerged/CoBo0_AsAd0_2024-03-11T09:37:50.378_0000.root
Unix Timestamp: 1710149870
Total Number of Events: 483
Loading file: /storage/hive/project/phy-otte/shared/Trinity/Data/20240311/RawDataMerged/CoBo0_AsAd0_2024-03-11T10:11:50.521_0000.root
Unix Timestamp: 1710151910
Total Number of Events: 651
Loading file: /storage/hive/project/phy-otte/shared/Trinity/Data/20240311/RawDataMerged/CoBo0_AsAd0_2024-03-11T09:51:50.412_0000.root
Unix Timestamp: 1710150710
Total Number of Events: 511
Loading file: /storage/hive/project/phy-otte/shared/Trinity/Data/20240311/RawDataMerged/CoBo0_AsAd0_2024-03-11T12:01:50.397_0000.root
Unix Timestamp: 1710158510
Total Number of Events: 815
Loading file: /storage/hive/project/phy-otte/shared/Trinity/Data/20240311/RawDataMerged/CoBo0_AsAd0_2024-03-11T06:09:50.491_0000.root
Unix Timestamp: 1710137390
Total Number of Events: 176
Loading file: /storage/hive/project/phy-otte/shared/Trinity/Data/20240311/RawDataMerged/CoBo0_AsAd0_2024-03-11T03:49:50.521_0000.root
Unix Timestamp: 1710128990
Total Number of Events: 238
Loading file: /storage/hive/project/phy-otte/shared/Trinity/Data/20240311/RawDataMerged/CoBo0_AsAd0_2024-03-11T07:07:50.445_0000.root
Unix Timestamp: 1710140870
Total Number of Events: 161
Loading file: /storage/hive/project/phy-otte/shared/Trinity/Data/20240311/RawDataMerged/CoBo0_AsAd0_2024-03-11T11:59:50.449_0000.root
Unix Timestamp: 1710158390
Total Number of Events: 760
Loading file: /storage/hive/project/phy-otte/shared/Trinity/Data/20240311/RawDataMerged/CoBo0_AsAd0_2024-03-11T09:49:50.529_0000.root
Unix Timestamp: 1710150590
Total Number of Events: 501
Loading file: /storage/hive/project/phy-otte/shared/Trinity/Data/20240311/RawDataMerged/CoBo0_AsAd0_2024-03-11T07:31:50.500_0000.root
Unix Timestamp: 1710142310
Total Number of Events: 206
Loading file: /storage/hive/project/phy-otte/shared/Trinity/Data/20240311/RawDataMerged/CoBo0_AsAd0_2024-03-11T05:23:50.609_0000.root
Unix Timestamp: 1710134630
Total Number of Events: 175
Loading file: /storage/hive/project/phy-otte/shared/Trinity/Data/20240311/RawDataMerged/CoBo0_AsAd0_2024-03-11T04:53:50.919_0000.root
Unix Timestamp: 1710132830
Total Number of Events: 144
Loading file: /storage/hive/project/phy-otte/shared/Trinity/Data/20240311/RawDataMerged/CoBo0_AsAd0_2024-03-11T02:27:50.843_0000.root
Unix Timestamp: 1710124070
Total Number of Events: 0
Loading file: /storage/hive/project/phy-otte/shared/Trinity/Data/20240311/RawDataMerged/CoBo0_AsAd0_2024-03-11T07:21:50.688_0000.root
Unix Timestamp: 1710141710
Total Number of Events: 186
Loading file: /storage/hive/project/phy-otte/shared/Trinity/Data/20240311/RawDataMerged/CoBo0_AsAd0_2024-03-11T12:15:50.418_0000.root
Unix Timestamp: 1710159350
Total Number of Events: 1099
Loading file: /storage/hive/project/phy-otte/shared/Trinity/Data/20240311/RawDataMerged/CoBo0_AsAd0_2024-03-11T08:21:50.713_0000.root
Unix Timestamp: 1710145310
Total Number of Events: 316
Loading file: /storage/hive/project/phy-otte/shared/Trinity/Data/20240311/RawDataMerged/CoBo0_AsAd0_2024-03-11T10:33:50.440_0000.root
Unix Timestamp: 1710153230
Total Number of Events: 849
Loading file: /storage/hive/project/phy-otte/shared/Trinity/Data/20240311/RawDataMerged/CoBo0_AsAd0_2024-03-11T07:39:50.693_0000.root
Unix Timestamp: 1710142790
Total Number of Events: 223
Loading file: /storage/hive/project/phy-otte/shared/Trinity/Data/20240311/RawDataMerged/CoBo0_AsAd0_2024-03-11T07:27:51.102_0000.root
Unix Timestamp: 1710142071
Total Number of Events: 196
Loading file: /storage/hive/project/phy-otte/shared/Trinity/Data/20240311/RawDataMerged/CoBo0_AsAd0_2024-03-11T06:59:50.684_0000.root
Unix Timestamp: 1710140390
Total Number of Events: 158
Loading file: /storage/hive/project/phy-otte/shared/Trinity/Data/20240311/RawDataMerged/CoBo0_AsAd0_2024-03-11T07:53:50.442_0000.root
Unix Timestamp: 1710143630
Total Number of Events: 275
Loading file: /storage/hive/project/phy-otte/shared/Trinity/Data/20240311/RawDataMerged/CoBo0_AsAd0_2024-03-11T06:29:50.780_0000.root
Unix Timestamp: 1710138590
Total Number of Events: 157
Loading file: /storage/hive/project/phy-otte/shared/Trinity/Data/20240311/RawDataMerged/CoBo0_AsAd0_2024-03-11T10:35:50.406_0000.root
Unix Timestamp: 1710153350
Total Number of Events: 880
Loading file: /storage/hive/project/phy-otte/shared/Trinity/Data/20240311/RawDataMerged/CoBo0_AsAd0_2024-03-11T09:07:50.576_0000.root
Unix Timestamp: 1710148070
Total Number of Events: 409
Loading file: /storage/hive/project/phy-otte/shared/Trinity/Data/20240311/RawDataMerged/CoBo0_AsAd0_2024-03-11T07:03:50.633_0000.root
Unix Timestamp: 1710140630
Total Number of Events: 157
Loading file: /storage/hive/project/phy-otte/shared/Trinity/Data/20240311/RawDataMerged/CoBo0_AsAd0_2024-03-11T06:19:50.406_0000.root
Unix Timestamp: 1710137990
Total Number of Events: 176
Loading file: /storage/hive/project/phy-otte/shared/Trinity/Data/20240311/RawDataMerged/CoBo0_AsAd0_2024-03-11T04:41:50.487_0000.root
Unix Timestamp: 1710132110
Total Number of Events: 154
Loading file: /storage/hive/project/phy-otte/shared/Trinity/Data/20240311/RawDataMerged/CoBo0_AsAd0_2024-03-11T07:57:50.514_0000.root
Unix Timestamp: 1710143870
Total Number of Events: 283
Loading file: /storage/hive/project/phy-otte/shared/Trinity/Data/20240311/RawDataMerged/CoBo0_AsAd0_2024-03-11T12:11:50.426_0000.root
Unix Timestamp: 1710159110
Total Number of Events: 998
Loading file: /storage/hive/project/phy-otte/shared/Trinity/Data/20240311/RawDataMerged/CoBo0_AsAd0_2024-03-11T07:01:50.358_0000.root
Unix Timestamp: 1710140510
Total Number of Events: 157
Loading file: /storage/hive/project/phy-otte/shared/Trinity/Data/20240311/RawDataMerged/CoBo0_AsAd0_2024-03-11T03:23:50.843_0000.root
Unix Timestamp: 1710127430
Total Number of Events: 271
Loading file: /storage/hive/project/phy-otte/shared/Trinity/Data/20240311/RawDataMerged/CoBo0_AsAd0_2024-03-11T06:13:50.783_0000.root
Unix Timestamp: 1710137630
Total Number of Events: 174
Loading file: /storage/hive/project/phy-otte/shared/Trinity/Data/20240311/RawDataMerged/CoBo0_AsAd0_2024-03-11T03:53:50.555_0000.root
Unix Timestamp: 1710129230
Total Number of Events: 233
Loading file: /storage/hive/project/phy-otte/shared/Trinity/Data/20240311/RawDataMerged/CoBo0_AsAd0_2024-03-11T02:19:50.912_0000.root
Unix Timestamp: 1710123590
Total Number of Events: 0
Loading file: /storage/hive/project/phy-otte/shared/Trinity/Data/20240311/RawDataMerged/CoBo0_AsAd0_2024-03-11T09:09:50.624_0000.root
Unix Timestamp: 1710148190
Total Number of Events: 415
Loading file: /storage/hive/project/phy-otte/shared/Trinity/Data/20240311/RawDataMerged/CoBo0_AsAd0_2024-03-11T04:29:50.467_0000.root
Unix Timestamp: 1710131390
Total Number of Events: 170
Loading file: /storage/hive/project/phy-otte/shared/Trinity/Data/20240311/RawDataMerged/CoBo0_AsAd0_2024-03-11T08:37:50.408_0000.root
Unix Timestamp: 1710146270
Total Number of Events: 341
Loading file: /storage/hive/project/phy-otte/shared/Trinity/Data/20240311/RawDataMerged/CoBo0_AsAd0_2024-03-11T10:29:50.389_0000.root
Unix Timestamp: 1710152990
Total Number of Events: 824
Loading file: /storage/hive/project/phy-otte/shared/Trinity/Data/20240311/RawDataMerged/CoBo0_AsAd0_2024-03-11T08:49:50.401_0000.root
Unix Timestamp: 1710146990
Total Number of Events: 353
Loading file: /storage/hive/project/phy-otte/shared/Trinity/Data/20240311/RawDataMerged/CoBo0_AsAd0_2024-03-11T10:53:50.389_0000.root
Unix Timestamp: 1710154430
Total Number of Events: 826
Loading file: /storage/hive/project/phy-otte/shared/Trinity/Data/20240311/RawDataMerged/CoBo0_AsAd0_2024-03-11T05:43:50.442_0000.root
Unix Timestamp: 1710135830
Total Number of Events: 190
Loading file: /storage/hive/project/phy-otte/shared/Trinity/Data/20240311/RawDataMerged/CoBo0_AsAd0_2024-03-11T06:15:50.579_0000.root
Unix Timestamp: 1710137750
Total Number of Events: 174
Loading file: /storage/hive/project/phy-otte/shared/Trinity/Data/20240311/RawDataMerged/CoBo0_AsAd0_2024-03-11T04:05:50.544_0000.root
Unix Timestamp: 1710129950
Total Number of Events: 202
Loading file: /storage/hive/project/phy-otte/shared/Trinity/Data/20240311/RawDataMerged/CoBo0_AsAd0_2024-03-11T08:25:50.376_0000.root
Unix Timestamp: 1710145550
Total Number of Events: 324
Loading file: /storage/hive/project/phy-otte/shared/Trinity/Data/20240311/RawDataMerged/CoBo0_AsAd0_2024-03-11T05:31:50.643_0000.root
Unix Timestamp: 1710135110
Total Number of Events: 184
Loading file: /storage/hive/project/phy-otte/shared/Trinity/Data/20240311/RawDataMerged/CoBo0_AsAd0_2024-03-11T11:39:50.456_0000.root
Unix Timestamp: 1710157190
Total Number of Events: 686
Loading file: /storage/hive/project/phy-otte/shared/Trinity/Data/20240311/RawDataMerged/CoBo0_AsAd0_2024-03-11T04:31:50.529_0000.root
Unix Timestamp: 1710131510
Total Number of Events: 170
Loading file: /storage/hive/project/phy-otte/shared/Trinity/Data/20240311/RawDataMerged/CoBo0_AsAd0_2024-03-11T03:45:50.567_0000.root
Unix Timestamp: 1710128750
Total Number of Events: 242
Loading file: /storage/hive/project/phy-otte/shared/Trinity/Data/20240311/RawDataMerged/CoBo0_AsAd0_2024-03-11T10:43:50.378_0000.root
Unix Timestamp: 1710153830
Total Number of Events: 855
Loading file: /storage/hive/project/phy-otte/shared/Trinity/Data/20240311/RawDataMerged/CoBo0_AsAd0_2024-03-11T02:35:50.845_0000.root
Unix Timestamp: 1710124550
Total Number of Events: 0
Loading file: /storage/hive/project/phy-otte/shared/Trinity/Data/20240311/RawDataMerged/CoBo0_AsAd0_2024-03-11T11:03:50.354_0000.root
Unix Timestamp: 1710155030
Total Number of Events: 742
Loading file: /storage/hive/project/phy-otte/shared/Trinity/Data/20240311/RawDataMerged/CoBo0_AsAd0_2024-03-11T05:29:50.778_0000.root
Unix Timestamp: 1710134990
Total Number of Events: 179
Loading file: /storage/hive/project/phy-otte/shared/Trinity/Data/20240311/RawDataMerged/CoBo0_AsAd0_2024-03-11T11:09:50.454_0000.root
Unix Timestamp: 1710155390
Total Number of Events: 752
Loading file: /storage/hive/project/phy-otte/shared/Trinity/Data/20240311/RawDataMerged/CoBo0_AsAd0_2024-03-11T09:17:50.608_0000.root
Unix Timestamp: 1710148670
Total Number of Events: 435
Loading file: /storage/hive/project/phy-otte/shared/Trinity/Data/20240311/RawDataMerged/CoBo0_AsAd0_2024-03-11T11:17:50.460_0000.root
Unix Timestamp: 1710155870
Total Number of Events: 779
Loading file: /storage/hive/project/phy-otte/shared/Trinity/Data/20240311/RawDataMerged/CoBo0_AsAd0_2024-03-11T08:41:50.408_0000.root
Unix Timestamp: 1710146510
Total Number of Events: 347
Loading file: /storage/hive/project/phy-otte/shared/Trinity/Data/20240311/RawDataMerged/CoBo0_AsAd0_2024-03-11T05:11:50.902_0000.root
Unix Timestamp: 1710133910
Total Number of Events: 159
Loading file: /storage/hive/project/phy-otte/shared/Trinity/Data/20240311/RawDataMerged/CoBo0_AsAd0_2024-03-11T02:48:00.736_0000.root
Unix Timestamp: 1710125280
Total Number of Events: 32
Loading file: /storage/hive/project/phy-otte/shared/Trinity/Data/20240311/RawDataMerged/CoBo0_AsAd0_2024-03-11T10:39:50.406_0000.root
Unix Timestamp: 1710153590
Total Number of Events: 905
Loading file: /storage/hive/project/phy-otte/shared/Trinity/Data/20240311/RawDataMerged/CoBo0_AsAd0_2024-03-11T04:35:50.595_0000.root
Unix Timestamp: 1710131750
Total Number of Events: 164
Loading file: /storage/hive/project/phy-otte/shared/Trinity/Data/20240311/RawDataMerged/CoBo0_AsAd0_2024-03-11T08:57:50.688_0000.root
Unix Timestamp: 1710147470
Total Number of Events: 377
Loading file: /storage/hive/project/phy-otte/shared/Trinity/Data/20240311/RawDataMerged/CoBo0_AsAd0_2024-03-11T10:01:50.476_0000.root
Unix Timestamp: 1710151310
Total Number of Events: 578
Loading file: /storage/hive/project/phy-otte/shared/Trinity/Data/20240311/RawDataMerged/CoBo0_AsAd0_2024-03-11T07:35:50.418_0000.root
Unix Timestamp: 1710142550
Total Number of Events: 211
Info in <TCanvas::Print>: pdf file /storage/hive/project/phy-otte/shared/Trinity/DataAnalysis/DataSummary/Output/20240311.pdf has been created
Info in <TCanvas::Print>: Current canvas added to pdf file /storage/hive/project/phy-otte/shared/Trinity/DataAnalysis/DataSummary/Output/20240311.pdf
Info in <TCanvas::Print>: Current canvas added to pdf file /storage/hive/project/phy-otte/shared/Trinity/DataAnalysis/DataSummary/Output/20240311.pdf
Info in <TCanvas::Print>: Current canvas added to pdf file /storage/hive/project/phy-otte/shared/Trinity/DataAnalysis/DataSummary/Output/20240311.pdf
Info in <TCanvas::Print>: Current canvas added to pdf file /storage/hive/project/phy-otte/shared/Trinity/DataAnalysis/DataSummary/Output/20240311.pdf
Info in <TCanvas::Print>: Current canvas added to pdf file /storage/hive/project/phy-otte/shared/Trinity/DataAnalysis/DataSummary/Output/20240311.pdf
Info in <TCanvas::Print>: Current canvas added to pdf file /storage/hive/project/phy-otte/shared/Trinity/DataAnalysis/DataSummary/Output/20240311.pdf
Info in <TCanvas::Print>: pdf file /storage/hive/project/phy-otte/shared/Trinity/DataAnalysis/DataSummary/Output/20240311.pdf has been closed
spawn ssh -i /home/sstepanoff3/.ssh/hive sstepanoff3@login-hive.pace.gatech.edu /storage/hive/project/phy-otte/shared/Trinity/DataAnalysis/DataSummary/sumDir/FolderDataSum 20240413

Inactive Modules:
  1) mvapich2

The following have been reloaded with a version change:
  1) gcc/10.3.0-o57x6h => gcc/8.3.0-rv4av7
  2) mpc/1.2.1-zoh6w2 => mpc/1.1.0-kyjl4f
  3) mpfr/4.1.0-32gcbv => mpfr/3.1.6-yuvsh4

/storage/hive/project/phy-otte/shared/Trinity/Data/20240413/RawDataMerged/
Loading file: /storage/hive/project/phy-otte/shared/Trinity/Data/20240413/RawDataMerged/CoBo0_AsAd0_2024-04-13T10:08:58.118_0000.root
Error opening file
Unix Timestamp: 1713002938
Warning in <TClass::Init>: no dictionary for class ROOT::TIOFeatures is available
Total Number of Events: 13
Loading file: /storage/hive/project/phy-otte/shared/Trinity/Data/20240413/RawDataMerged/CoBo0_AsAd0_2024-04-13T08:12:58.219_0000.root
Unix Timestamp: 1712995978
Total Number of Events: 11
Loading file: /storage/hive/project/phy-otte/shared/Trinity/Data/20240413/RawDataMerged/CoBo0_AsAd0_2024-04-13T07:24:58.463_0000.root
Unix Timestamp: 1712993098
Total Number of Events: 0
Loading file: /storage/hive/project/phy-otte/shared/Trinity/Data/20240413/RawDataMerged/CoBo0_AsAd0_2024-04-13T07:26:58.466_0000.root
Unix Timestamp: 1712993218
Total Number of Events: 0
Loading file: /storage/hive/project/phy-otte/shared/Trinity/Data/20240413/RawDataMerged/CoBo0_AsAd0_2024-04-13T08:20:58.153_0000.root
Unix Timestamp: 1712996458
Total Number of Events: 5
Loading file: /storage/hive/project/phy-otte/shared/Trinity/Data/20240413/RawDataMerged/CoBo0_AsAd0_2024-04-13T07:53:58.209_0000.root
Unix Timestamp: 1712994838
Total Number of Events: 6
Loading file: /storage/hive/project/phy-otte/shared/Trinity/Data/20240413/RawDataMerged/CoBo0_AsAd0_2024-04-13T08:06:58.149_0000.root
Unix Timestamp: 1712995618
Total Number of Events: 8
Loading file: /storage/hive/project/phy-otte/shared/Trinity/Data/20240413/RawDataMerged/CoBo0_AsAd0_2024-04-13T09:58:58.120_0000.root
Unix Timestamp: 1713002338
Total Number of Events: 8
Loading file: /storage/hive/project/phy-otte/shared/Trinity/Data/20240413/RawDataMerged/CoBo0_AsAd0_2024-04-13T09:00:58.133_0000.root
Unix Timestamp: 1712998858
Total Number of Events: 11
Loading file: /storage/hive/project/phy-otte/shared/Trinity/Data/20240413/RawDataMerged/CoBo0_AsAd0_2024-04-13T09:32:58.124_0000.root
Unix Timestamp: 1713000778
Total Number of Events: 12
Loading file: /storage/hive/project/phy-otte/shared/Trinity/Data/20240413/RawDataMerged/CoBo0_AsAd0_2024-04-13T08:18:58.158_0000.root
Unix Timestamp: 1712996338
Total Number of Events: 13
Loading file: /storage/hive/project/phy-otte/shared/Trinity/Data/20240413/RawDataMerged/CoBo0_AsAd0_2024-04-13T09:22:57.831_0000.root
Unix Timestamp: 1713000177
Total Number of Events: 12
Loading file: /storage/hive/project/phy-otte/shared/Trinity/Data/20240413/RawDataMerged/CoBo0_AsAd0_2024-04-13T08:28:58.141_0000.root
Unix Timestamp: 1712996938
Total Number of Events: 14
Loading file: /storage/hive/project/phy-otte/shared/Trinity/Data/20240413/RawDataMerged/CoBo0_AsAd0_2024-04-13T10:00:58.120_0000.root
Unix Timestamp: 1713002458
Total Number of Events: 9
Loading file: /storage/hive/project/phy-otte/shared/Trinity/Data/20240413/RawDataMerged/CoBo0_AsAd0_2024-04-13T08:50:58.142_0000.root
Unix Timestamp: 1712998258
Total Number of Events: 15
Loading file: /storage/hive/project/phy-otte/shared/Trinity/Data/20240413/RawDataMerged/CoBo0_AsAd0_2024-04-13T09:56:57.761_0000.root
Unix Timestamp: 1713002217
Total Number of Events: 13
Loading file: /storage/hive/project/phy-otte/shared/Trinity/Data/20240413/RawDataMerged/CoBo0_AsAd0_2024-04-13T09:16:58.127_0000.root
Unix Timestamp: 1712999818
Total Number of Events: 16
Loading file: /storage/hive/project/phy-otte/shared/Trinity/Data/20240413/RawDataMerged/CoBo0_AsAd0_2024-04-13T09:08:58.129_0000.root
Unix Timestamp: 1712999338
Total Number of Events: 11
Loading file: /storage/hive/project/phy-otte/shared/Trinity/Data/20240413/RawDataMerged/CoBo0_AsAd0_2024-04-13T07:22:58.460_0000.root
Unix Timestamp: 1712992978
Total Number of Events: 0
Loading file: /storage/hive/project/phy-otte/shared/Trinity/Data/20240413/RawDataMerged/CoBo0_AsAd0_2024-04-13T07:34:58.460_0000.root
Unix Timestamp: 1712993698
Total Number of Events: 0
Loading file: /storage/hive/project/phy-otte/shared/Trinity/Data/20240413/RawDataMerged/CoBo0_AsAd0_2024-04-13T07:56:58.143_0000.root
Unix Timestamp: 1712995018
Total Number of Events: 7
Loading file: /storage/hive/project/phy-otte/shared/Trinity/Data/20240413/RawDataMerged/CoBo0_AsAd0_2024-04-13T10:02:58.119_0000.root
Unix Timestamp: 1713002578
Total Number of Events: 12
Loading file: /storage/hive/project/phy-otte/shared/Trinity/Data/20240413/RawDataMerged/CoBo0_AsAd0_2024-04-13T07:19:08.523_0000.root
Unix Timestamp: 1712992748
Total Number of Events: 0
Loading file: /storage/hive/project/phy-otte/shared/Trinity/Data/20240413/RawDataMerged/CoBo0_AsAd0_2024-04-13T08:32:58.140_0000.root
Unix Timestamp: 1712997178
Total Number of Events: 8
Loading file: /storage/hive/project/phy-otte/shared/Trinity/Data/20240413/RawDataMerged/CoBo0_AsAd0_2024-04-13T08:10:58.221_0000.root
Unix Timestamp: 1712995858
Total Number of Events: 8
Loading file: /storage/hive/project/phy-otte/shared/Trinity/Data/20240413/RawDataMerged/CoBo0_AsAd0_2024-04-13T09:04:58.130_0000.root
Unix Timestamp: 1712999098
Total Number of Events: 9
Loading file: /storage/hive/project/phy-otte/shared/Trinity/Data/20240413/RawDataMerged/CoBo0_AsAd0_2024-04-13T10:04:58.187_0000.root
Unix Timestamp: 1713002698
Total Number of Events: 8
Loading file: /storage/hive/project/phy-otte/shared/Trinity/Data/20240413/RawDataMerged/CoBo0_AsAd0_2024-04-13T08:46:58.140_0000.root
Unix Timestamp: 1712998018
Total Number of Events: 10
Loading file: /storage/hive/project/phy-otte/shared/Trinity/Data/20240413/RawDataMerged/CoBo0_AsAd0_2024-04-13T10:18:58.116_0000.root
Unix Timestamp: 1713003538
Total Number of Events: 0
Loading file: /storage/hive/project/phy-otte/shared/Trinity/Data/20240413/RawDataMerged/CoBo0_AsAd0_2024-04-13T09:50:58.121_0000.root
Unix Timestamp: 1713001858
Total Number of Events: 16
Loading file: /storage/hive/project/phy-otte/shared/Trinity/Data/20240413/RawDataMerged/CoBo0_AsAd0_2024-04-13T10:14:58.116_0000.root
Unix Timestamp: 1713003298
Total Number of Events: 15
Loading file: /storage/hive/project/phy-otte/shared/Trinity/Data/20240413/RawDataMerged/CoBo0_AsAd0_2024-04-13T09:46:58.121_0000.root
Unix Timestamp: 1713001618
Total Number of Events: 8
Loading file: /storage/hive/project/phy-otte/shared/Trinity/Data/20240413/RawDataMerged/CoBo0_AsAd0_2024-04-13T09:42:58.122_0000.root
Unix Timestamp: 1713001378
Total Number of Events: 15
Loading file: /storage/hive/project/phy-otte/shared/Trinity/Data/20240413/RawDataMerged/CoBo0_AsAd0_2024-04-13T08:40:58.140_0000.root
Unix Timestamp: 1712997658
Total Number of Events: 10
Loading file: /storage/hive/project/phy-otte/shared/Trinity/Data/20240413/RawDataMerged/CoBo0_AsAd0_2024-04-13T07:30:58.461_0000.root
Unix Timestamp: 1712993458
Total Number of Events: 0
Loading file: /storage/hive/project/phy-otte/shared/Trinity/Data/20240413/RawDataMerged/CoBo0_AsAd0_2024-04-13T10:12:58.117_0000.root
Unix Timestamp: 1713003178
Total Number of Events: 13
Loading file: /storage/hive/project/phy-otte/shared/Trinity/Data/20240413/RawDataMerged/CoBo0_AsAd0_2024-04-13T07:38:58.463_0000.root
Unix Timestamp: 1712993938
Total Number of Events: 0
Loading file: /storage/hive/project/phy-otte/shared/Trinity/Data/20240413/RawDataMerged/CoBo0_AsAd0_2024-04-13T09:06:58.130_0000.root
Unix Timestamp: 1712999218
Total Number of Events: 11
Loading file: /storage/hive/project/phy-otte/shared/Trinity/Data/20240413/RawDataMerged/CoBo0_AsAd0_2024-04-13T08:44:58.140_0000.root
Unix Timestamp: 1712997898
Total Number of Events: 9
Loading file: /storage/hive/project/phy-otte/shared/Trinity/Data/20240413/RawDataMerged/CoBo0_AsAd0_2024-04-13T07:58:58.144_0000.root
Unix Timestamp: 1712995138
Total Number of Events: 10
Loading file: /storage/hive/project/phy-otte/shared/Trinity/Data/20240413/RawDataMerged/CoBo0_AsAd0_2024-04-13T08:52:58.142_0000.root
Unix Timestamp: 1712998378
Total Number of Events: 9
Loading file: /storage/hive/project/phy-otte/shared/Trinity/Data/20240413/RawDataMerged/CoBo0_AsAd0_2024-04-13T09:10:58.129_0000.root
Unix Timestamp: 1712999458
Total Number of Events: 9
Loading file: /storage/hive/project/phy-otte/shared/Trinity/Data/20240413/RawDataMerged/CoBo0_AsAd0_2024-04-13T07:36:58.461_0000.root
Unix Timestamp: 1712993818
Total Number of Events: 0
Loading file: /storage/hive/project/phy-otte/shared/Trinity/Data/20240413/RawDataMerged/CoBo0_AsAd0_2024-04-13T09:20:58.127_0000.root
Unix Timestamp: 1713000058
Total Number of Events: 12
Loading file: /storage/hive/project/phy-otte/shared/Trinity/Data/20240413/RawDataMerged/CoBo0_AsAd0_2024-04-13T09:44:58.121_0000.root
Unix Timestamp: 1713001498
Total Number of Events: 8
Loading file: /storage/hive/project/phy-otte/shared/Trinity/Data/20240413/RawDataMerged/CoBo0_AsAd0_2024-04-13T08:34:58.139_0000.root
Unix Timestamp: 1712997298
Total Number of Events: 11
Loading file: /storage/hive/project/phy-otte/shared/Trinity/Data/20240413/RawDataMerged/CoBo0_AsAd0_2024-04-13T09:40:58.122_0000.root
Unix Timestamp: 1713001258
Total Number of Events: 11
Loading file: /storage/hive/project/phy-otte/shared/Trinity/Data/20240413/RawDataMerged/CoBo0_AsAd0_2024-04-13T09:12:58.128_0000.root
Unix Timestamp: 1712999578
Total Number of Events: 9
Loading file: /storage/hive/project/phy-otte/shared/Trinity/Data/20240413/RawDataMerged/CoBo0_AsAd0_2024-04-13T09:54:58.121_0000.root
Unix Timestamp: 1713002098
Total Number of Events: 14
Loading file: /storage/hive/project/phy-otte/shared/Trinity/Data/20240413/RawDataMerged/CoBo0_AsAd0_2024-04-13T08:42:58.140_0000.root
Unix Timestamp: 1712997778
Total Number of Events: 9
Loading file: /storage/hive/project/phy-otte/shared/Trinity/Data/20240413/RawDataMerged/CoBo0_AsAd0_2024-04-13T09:24:58.127_0000.root
Unix Timestamp: 1713000298
Total Number of Events: 9
Loading file: /storage/hive/project/phy-otte/shared/Trinity/Data/20240413/RawDataMerged/CoBo0_AsAd0_2024-04-13T07:28:58.464_0000.root
Unix Timestamp: 1712993338
Total Number of Events: 0
Loading file: /storage/hive/project/phy-otte/shared/Trinity/Data/20240413/RawDataMerged/CoBo0_AsAd0_2024-04-13T08:26:58.143_0000.root
Unix Timestamp: 1712996818
Total Number of Events: 9
Loading file: /storage/hive/project/phy-otte/shared/Trinity/Data/20240413/RawDataMerged/CoBo0_AsAd0_2024-04-13T09:34:58.124_0000.root
Unix Timestamp: 1713000898
Total Number of Events: 13
Loading file: /storage/hive/project/phy-otte/shared/Trinity/Data/20240413/RawDataMerged/CoBo0_AsAd0_2024-04-13T10:10:58.117_0000.root
Unix Timestamp: 1713003058
Total Number of Events: 7
Loading file: /storage/hive/project/phy-otte/shared/Trinity/Data/20240413/RawDataMerged/CoBo0_AsAd0_2024-04-13T08:16:58.156_0000.root
Unix Timestamp: 1712996218
Total Number of Events: 10
Loading file: /storage/hive/project/phy-otte/shared/Trinity/Data/20240413/RawDataMerged/CoBo0_AsAd0_2024-04-13T10:06:58.119_0000.root
Unix Timestamp: 1713002818
Total Number of Events: 14
Loading file: /storage/hive/project/phy-otte/shared/Trinity/Data/20240413/RawDataMerged/CoBo0_AsAd0_2024-04-13T08:14:58.155_0000.root
Unix Timestamp: 1712996098
Total Number of Events: 11
Loading file: /storage/hive/project/phy-otte/shared/Trinity/Data/20240413/RawDataMerged/CoBo0_AsAd0_2024-04-13T09:18:58.127_0000.root
Unix Timestamp: 1712999938
Total Number of Events: 7
Loading file: /storage/hive/project/phy-otte/shared/Trinity/Data/20240413/RawDataMerged/CoBo0_AsAd0_2024-04-13T07:32:58.460_0000.root
Unix Timestamp: 1712993578
Total Number of Events: 0
Loading file: /storage/hive/project/phy-otte/shared/Trinity/Data/20240413/RawDataMerged/CoBo0_AsAd0_2024-04-13T08:48:58.141_0000.root
Unix Timestamp: 1712998138
Total Number of Events: 11
Loading file: /storage/hive/project/phy-otte/shared/Trinity/Data/20240413/RawDataMerged/CoBo0_AsAd0_2024-04-13T09:52:58.121_0000.root
Unix Timestamp: 1713001978
Total Number of Events: 9
Loading file: /storage/hive/project/phy-otte/shared/Trinity/Data/20240413/RawDataMerged/CoBo0_AsAd0_2024-04-13T08:38:58.139_0000.root
Unix Timestamp: 1712997538
Total Number of Events: 9
Loading file: /storage/hive/project/phy-otte/shared/Trinity/Data/20240413/RawDataMerged/CoBo0_AsAd0_2024-04-13T09:28:58.126_0000.root
Unix Timestamp: 1713000538
Total Number of Events: 11
Loading file: /storage/hive/project/phy-otte/shared/Trinity/Data/20240413/RawDataMerged/CoBo0_AsAd0_2024-04-13T08:36:58.139_0000.root
Unix Timestamp: 1712997418
Total Number of Events: 11
Loading file: /storage/hive/project/phy-otte/shared/Trinity/Data/20240413/RawDataMerged/CoBo0_AsAd0_2024-04-13T09:30:58.125_0000.root
Unix Timestamp: 1713000658
Total Number of Events: 11
Loading file: /storage/hive/project/phy-otte/shared/Trinity/Data/20240413/RawDataMerged/CoBo0_AsAd0_2024-04-13T08:54:58.139_0000.root
Unix Timestamp: 1712998498
Total Number of Events: 8
Loading file: /storage/hive/project/phy-otte/shared/Trinity/Data/20240413/RawDataMerged/CoBo0_AsAd0_2024-04-13T09:48:58.121_0000.root
Unix Timestamp: 1713001738
Total Number of Events: 12
Loading file: /storage/hive/project/phy-otte/shared/Trinity/Data/20240413/RawDataMerged/CoBo0_AsAd0_2024-04-13T08:58:58.134_0000.root
Unix Timestamp: 1712998738
Total Number of Events: 10
Loading file: /storage/hive/project/phy-otte/shared/Trinity/Data/20240413/RawDataMerged/CoBo0_AsAd0_2024-04-13T07:54:58.143_0000.root
Unix Timestamp: 1712994898
Total Number of Events: 10
Loading file: /storage/hive/project/phy-otte/shared/Trinity/Data/20240413/RawDataMerged/CoBo0_AsAd0_2024-04-13T09:14:58.128_0000.root
Unix Timestamp: 1712999698
Total Number of Events: 9
Loading file: /storage/hive/project/phy-otte/shared/Trinity/Data/20240413/RawDataMerged/CoBo0_AsAd0_2024-04-13T08:22:58.148_0000.root
Unix Timestamp: 1712996578
Total Number of Events: 12
Loading file: /storage/hive/project/phy-otte/shared/Trinity/Data/20240413/RawDataMerged/CoBo0_AsAd0_2024-04-13T09:38:58.122_0000.root
Unix Timestamp: 1713001138
Total Number of Events: 11
Loading file: /storage/hive/project/phy-otte/shared/Trinity/Data/20240413/RawDataMerged/CoBo0_AsAd0_2024-04-13T08:00:58.146_0000.root
Unix Timestamp: 1712995258
Total Number of Events: 9
Loading file: /storage/hive/project/phy-otte/shared/Trinity/Data/20240413/RawDataMerged/CoBo0_AsAd0_2024-04-13T08:02:58.215_0000.root
Unix Timestamp: 1712995378
Total Number of Events: 11
Loading file: /storage/hive/project/phy-otte/shared/Trinity/Data/20240413/RawDataMerged/CoBo0_AsAd0_2024-04-13T08:30:58.141_0000.root
Unix Timestamp: 1712997058
Total Number of Events: 9
Loading file: /storage/hive/project/phy-otte/shared/Trinity/Data/20240413/RawDataMerged/CoBo0_AsAd0_2024-04-13T08:08:58.151_0000.root
Unix Timestamp: 1712995738
Total Number of Events: 12
Loading file: /storage/hive/project/phy-otte/shared/Trinity/Data/20240413/RawDataMerged/CoBo0_AsAd0_2024-04-13T09:36:58.123_0000.root
Unix Timestamp: 1713001018
Total Number of Events: 7
Loading file: /storage/hive/project/phy-otte/shared/Trinity/Data/20240413/RawDataMerged/CoBo0_AsAd0_2024-04-13T09:26:58.128_0000.root
Unix Timestamp: 1713000418
Total Number of Events: 12
Loading file: /storage/hive/project/phy-otte/shared/Trinity/Data/20240413/RawDataMerged/CoBo0_AsAd0_2024-04-13T08:04:58.148_0000.root
Unix Timestamp: 1712995498
Total Number of Events: 9
Loading file: /storage/hive/project/phy-otte/shared/Trinity/Data/20240413/RawDataMerged/CoBo0_AsAd0_2024-04-13T08:56:58.136_0000.root
Unix Timestamp: 1712998618
Total Number of Events: 12
Loading file: /storage/hive/project/phy-otte/shared/Trinity/Data/20240413/RawDataMerged/CoBo0_AsAd0_2024-04-13T07:20:58.458_0000.root
Unix Timestamp: 1712992858
Total Number of Events: 0
Loading file: /storage/hive/project/phy-otte/shared/Trinity/Data/20240413/RawDataMerged/CoBo0_AsAd0_2024-04-13T10:16:58.116_0000.root
Unix Timestamp: 1713003418
Total Number of Events: 14
Loading file: /storage/hive/project/phy-otte/shared/Trinity/Data/20240413/RawDataMerged/CoBo0_AsAd0_2024-04-13T08:24:58.145_0000.root
Unix Timestamp: 1712996698
Total Number of Events: 9
Loading file: /storage/hive/project/phy-otte/shared/Trinity/Data/20240413/RawDataMerged/CoBo0_AsAd0_2024-04-13T09:02:58.131_0000.root
Unix Timestamp: 1712998978
Total Number of Events: 12
Loading file: /storage/hive/project/phy-otte/shared/Trinity/Data/20240413/RawDataMerged/CoBo0_AsAd0_2024-04-13T07:40:58.465_0000.root
Unix Timestamp: 1712994058
Total Number of Events: 0
Info in <TCanvas::Print>: pdf file /storage/hive/project/phy-otte/shared/Trinity/DataAnalysis/DataSummary/Output/20240413.pdf has been created
Info in <TCanvas::Print>: Current canvas added to pdf file /storage/hive/project/phy-otte/shared/Trinity/DataAnalysis/DataSummary/Output/20240413.pdf
Info in <TCanvas::Print>: Current canvas added to pdf file /storage/hive/project/phy-otte/shared/Trinity/DataAnalysis/DataSummary/Output/20240413.pdf
Info in <TCanvas::Print>: Current canvas added to pdf file /storage/hive/project/phy-otte/shared/Trinity/DataAnalysis/DataSummary/Output/20240413.pdf
Info in <TCanvas::Print>: Current canvas added to pdf file /storage/hive/project/phy-otte/shared/Trinity/DataAnalysis/DataSummary/Output/20240413.pdf
Info in <TCanvas::Print>: Current canvas added to pdf file /storage/hive/project/phy-otte/shared/Trinity/DataAnalysis/DataSummary/Output/20240413.pdf
Info in <TCanvas::Print>: Current canvas added to pdf file /storage/hive/project/phy-otte/shared/Trinity/DataAnalysis/DataSummary/Output/20240413.pdf
Info in <TCanvas::Print>: pdf file /storage/hive/project/phy-otte/shared/Trinity/DataAnalysis/DataSummary/Output/20240413.pdf has been closed
spawn ssh -i /home/sstepanoff3/.ssh/hive sstepanoff3@login-hive.pace.gatech.edu /storage/hive/project/phy-otte/shared/Trinity/DataAnalysis/DataSummary/sumDir/FolderDataSum 20240414

Inactive Modules:
  1) mvapich2

The following have been reloaded with a version change:
  1) gcc/10.3.0-o57x6h => gcc/8.3.0-rv4av7
  2) mpc/1.2.1-zoh6w2 => mpc/1.1.0-kyjl4f
  3) mpfr/4.1.0-32gcbv => mpfr/3.1.6-yuvsh4

/storage/hive/project/phy-otte/shared/Trinity/Data/20240414/RawDataMerged/
Loading file: /storage/hive/project/phy-otte/shared/Trinity/Data/20240414/RawDataMerged/CoBo0_AsAd0_2024-04-14T11:26:59.868_0000.root
Unix Timestamp: 1713094019
Error opening file
Warning in <TClass::Init>: no dictionary for class ROOT::TIOFeatures is available
Total Number of Events: 2
Loading file: /storage/hive/project/phy-otte/shared/Trinity/Data/20240414/RawDataMerged/CoBo0_AsAd0_2024-04-14T10:54:59.873_0000.root
Unix Timestamp: 1713092099
Total Number of Events: 16
Loading file: /storage/hive/project/phy-otte/shared/Trinity/Data/20240414/RawDataMerged/CoBo0_AsAd0_2024-04-14T10:16:59.878_0000.root
Unix Timestamp: 1713089819
Total Number of Events: 10
Loading file: /storage/hive/project/phy-otte/shared/Trinity/Data/20240414/RawDataMerged/CoBo0_AsAd0_2024-04-14T02:38:59.817_0000.root
Unix Timestamp: 1713062339
Total Number of Events: 0
Loading file: /storage/hive/project/phy-otte/shared/Trinity/Data/20240414/RawDataMerged/CoBo0_AsAd0_2024-04-14T09:46:59.882_0000.root
Unix Timestamp: 1713088019
Total Number of Events: 11
Loading file: /storage/hive/project/phy-otte/shared/Trinity/Data/20240414/RawDataMerged/CoBo0_AsAd0_2024-04-14T09:30:59.884_0000.root
Unix Timestamp: 1713087059
Total Number of Events: 6
Loading file: /storage/hive/project/phy-otte/shared/Trinity/Data/20240414/RawDataMerged/CoBo0_AsAd0_2024-04-14T09:00:59.887_0000.root
Unix Timestamp: 1713085259
Total Number of Events: 10
Loading file: /storage/hive/project/phy-otte/shared/Trinity/Data/20240414/RawDataMerged/CoBo0_AsAd0_2024-04-14T02:40:59.819_0000.root
Unix Timestamp: 1713062459
Total Number of Events: 0
Loading file: /storage/hive/project/phy-otte/shared/Trinity/Data/20240414/RawDataMerged/CoBo0_AsAd0_2024-04-14T11:22:59.870_0000.root
Unix Timestamp: 1713093779
Total Number of Events: 29
Loading file: /storage/hive/project/phy-otte/shared/Trinity/Data/20240414/RawDataMerged/CoBo0_AsAd0_2024-04-14T02:30:59.817_0000.root
Unix Timestamp: 1713061859
Total Number of Events: 0
Loading file: /storage/hive/project/phy-otte/shared/Trinity/Data/20240414/RawDataMerged/CoBo0_AsAd0_2024-04-14T10:18:59.878_0000.root
Unix Timestamp: 1713089939
Total Number of Events: 18
Loading file: /storage/hive/project/phy-otte/shared/Trinity/Data/20240414/RawDataMerged/CoBo0_AsAd0_2024-04-14T02:34:59.820_0000.root
Unix Timestamp: 1713062099
Total Number of Events: 0
Loading file: /storage/hive/project/phy-otte/shared/Trinity/Data/20240414/RawDataMerged/CoBo0_AsAd0_2024-04-14T09:42:59.883_0000.root
Unix Timestamp: 1713087779
Total Number of Events: 12
Loading file: /storage/hive/project/phy-otte/shared/Trinity/Data/20240414/RawDataMerged/CoBo0_AsAd0_2024-04-14T09:38:59.884_0000.root
Unix Timestamp: 1713087539
Total Number of Events: 9
Loading file: /storage/hive/project/phy-otte/shared/Trinity/Data/20240414/RawDataMerged/CoBo0_AsAd0_2024-04-14T11:08:59.871_0000.root
Unix Timestamp: 1713092939
Total Number of Events: 20
Loading file: /storage/hive/project/phy-otte/shared/Trinity/Data/20240414/RawDataMerged/CoBo0_AsAd0_2024-04-14T11:00:59.872_0000.root
Unix Timestamp: 1713092459
Total Number of Events: 15
Loading file: /storage/hive/project/phy-otte/shared/Trinity/Data/20240414/RawDataMerged/CoBo0_AsAd0_2024-04-14T11:02:59.871_0000.root
Unix Timestamp: 1713092579
Total Number of Events: 20
Loading file: /storage/hive/project/phy-otte/shared/Trinity/Data/20240414/RawDataMerged/CoBo0_AsAd0_2024-04-14T10:10:59.879_0000.root
Unix Timestamp: 1713089459
Total Number of Events: 12
Loading file: /storage/hive/project/phy-otte/shared/Trinity/Data/20240414/RawDataMerged/CoBo0_AsAd0_2024-04-14T02:44:59.823_0000.root
Unix Timestamp: 1713062699
Total Number of Events: 0
Loading file: /storage/hive/project/phy-otte/shared/Trinity/Data/20240414/RawDataMerged/CoBo0_AsAd0_2024-04-14T10:50:59.874_0000.root
Unix Timestamp: 1713091859
Total Number of Events: 20
Loading file: /storage/hive/project/phy-otte/shared/Trinity/Data/20240414/RawDataMerged/CoBo0_AsAd0_2024-04-14T10:40:59.641_0000.root
Unix Timestamp: 1713091259
Total Number of Events: 20
Loading file: /storage/hive/project/phy-otte/shared/Trinity/Data/20240414/RawDataMerged/CoBo0_AsAd0_2024-04-14T11:06:59.872_0000.root
Unix Timestamp: 1713092819
Total Number of Events: 14
Loading file: /storage/hive/project/phy-otte/shared/Trinity/Data/20240414/RawDataMerged/CoBo0_AsAd0_2024-04-14T08:58:59.960_0000.root
Unix Timestamp: 1713085139
Total Number of Events: 8
Loading file: /storage/hive/project/phy-otte/shared/Trinity/Data/20240414/RawDataMerged/CoBo0_AsAd0_2024-04-14T08:48:59.887_0000.root
Unix Timestamp: 1713084539
Total Number of Events: 5
Loading file: /storage/hive/project/phy-otte/shared/Trinity/Data/20240414/RawDataMerged/CoBo0_AsAd0_2024-04-14T11:04:59.871_0000.root
Unix Timestamp: 1713092699
Total Number of Events: 18
Loading file: /storage/hive/project/phy-otte/shared/Trinity/Data/20240414/RawDataMerged/CoBo0_AsAd0_2024-04-14T10:52:59.873_0000.root
Unix Timestamp: 1713091979
Total Number of Events: 22
Loading file: /storage/hive/project/phy-otte/shared/Trinity/Data/20240414/RawDataMerged/CoBo0_AsAd0_2024-04-14T10:46:59.873_0000.root
Unix Timestamp: 1713091619
Total Number of Events: 19
Loading file: /storage/hive/project/phy-otte/shared/Trinity/Data/20240414/RawDataMerged/CoBo0_AsAd0_2024-04-14T10:24:59.877_0000.root
Unix Timestamp: 1713090299
Total Number of Events: 14
Loading file: /storage/hive/project/phy-otte/shared/Trinity/Data/20240414/RawDataMerged/CoBo0_AsAd0_2024-04-14T11:10:59.871_0000.root
Unix Timestamp: 1713093059
Total Number of Events: 18
Loading file: /storage/hive/project/phy-otte/shared/Trinity/Data/20240414/RawDataMerged/CoBo0_AsAd0_2024-04-14T09:24:59.596_0000.root
Unix Timestamp: 1713086699
Total Number of Events: 8
Loading file: /storage/hive/project/phy-otte/shared/Trinity/Data/20240414/RawDataMerged/CoBo0_AsAd0_2024-04-14T09:28:59.885_0000.root
Unix Timestamp: 1713086939
Total Number of Events: 8
Loading file: /storage/hive/project/phy-otte/shared/Trinity/Data/20240414/RawDataMerged/CoBo0_AsAd0_2024-04-14T09:52:59.881_0000.root
Unix Timestamp: 1713088379
Total Number of Events: 14
Loading file: /storage/hive/project/phy-otte/shared/Trinity/Data/20240414/RawDataMerged/CoBo0_AsAd0_2024-04-14T08:44:59.888_0000.root
Unix Timestamp: 1713084299
Total Number of Events: 8
Loading file: /storage/hive/project/phy-otte/shared/Trinity/Data/20240414/RawDataMerged/CoBo0_AsAd0_2024-04-14T09:26:59.885_0000.root
Unix Timestamp: 1713086819
Total Number of Events: 8
Loading file: /storage/hive/project/phy-otte/shared/Trinity/Data/20240414/RawDataMerged/CoBo0_AsAd0_2024-04-14T09:50:59.882_0000.root
Unix Timestamp: 1713088259
Total Number of Events: 9
Loading file: /storage/hive/project/phy-otte/shared/Trinity/Data/20240414/RawDataMerged/CoBo0_AsAd0_2024-04-14T09:08:59.886_0000.root
Unix Timestamp: 1713085739
Total Number of Events: 12
Loading file: /storage/hive/project/phy-otte/shared/Trinity/Data/20240414/RawDataMerged/CoBo0_AsAd0_2024-04-14T09:48:59.881_0000.root
Unix Timestamp: 1713088139
Total Number of Events: 15
Loading file: /storage/hive/project/phy-otte/shared/Trinity/Data/20240414/RawDataMerged/CoBo0_AsAd0_2024-04-14T09:44:59.952_0000.root
Unix Timestamp: 1713087899
Total Number of Events: 14
Loading file: /storage/hive/project/phy-otte/shared/Trinity/Data/20240414/RawDataMerged/CoBo0_AsAd0_2024-04-14T10:58:59.872_0000.root
Unix Timestamp: 1713092339
Total Number of Events: 18
Loading file: /storage/hive/project/phy-otte/shared/Trinity/Data/20240414/RawDataMerged/CoBo0_AsAd0_2024-04-14T02:32:59.821_0000.root
Unix Timestamp: 1713061979
Total Number of Events: 0
Loading file: /storage/hive/project/phy-otte/shared/Trinity/Data/20240414/RawDataMerged/CoBo0_AsAd0_2024-04-14T08:33:41.889_0000.root
Unix Timestamp: 1713083621
Total Number of Events: 1
Loading file: /storage/hive/project/phy-otte/shared/Trinity/Data/20240414/RawDataMerged/CoBo0_AsAd0_2024-04-14T10:20:59.877_0000.root
Unix Timestamp: 1713090059
Total Number of Events: 18
Loading file: /storage/hive/project/phy-otte/shared/Trinity/Data/20240414/RawDataMerged/CoBo0_AsAd0_2024-04-14T08:52:59.887_0000.root
Unix Timestamp: 1713084779
Total Number of Events: 5
Loading file: /storage/hive/project/phy-otte/shared/Trinity/Data/20240414/RawDataMerged/CoBo0_AsAd0_2024-04-14T09:32:59.884_0000.root
Unix Timestamp: 1713087179
Total Number of Events: 14
Loading file: /storage/hive/project/phy-otte/shared/Trinity/Data/20240414/RawDataMerged/CoBo0_AsAd0_2024-04-14T10:56:59.872_0000.root
Unix Timestamp: 1713092219
Total Number of Events: 15
Loading file: /storage/hive/project/phy-otte/shared/Trinity/Data/20240414/RawDataMerged/CoBo0_AsAd0_2024-04-14T09:34:59.884_0000.root
Unix Timestamp: 1713087299
Total Number of Events: 10
Loading file: /storage/hive/project/phy-otte/shared/Trinity/Data/20240414/RawDataMerged/CoBo0_AsAd0_2024-04-14T11:24:59.869_0000.root
Unix Timestamp: 1713093899
Total Number of Events: 25
Loading file: /storage/hive/project/phy-otte/shared/Trinity/Data/20240414/RawDataMerged/CoBo0_AsAd0_2024-04-14T10:34:59.875_0000.root
Unix Timestamp: 1713090899
Total Number of Events: 17
Loading file: /storage/hive/project/phy-otte/shared/Trinity/Data/20240414/RawDataMerged/CoBo0_AsAd0_2024-04-14T02:36:59.818_0000.root
Unix Timestamp: 1713062219
Total Number of Events: 0
Loading file: /storage/hive/project/phy-otte/shared/Trinity/Data/20240414/RawDataMerged/CoBo0_AsAd0_2024-04-14T10:00:59.880_0000.root
Unix Timestamp: 1713088859
Total Number of Events: 13
Loading file: /storage/hive/project/phy-otte/shared/Trinity/Data/20240414/RawDataMerged/CoBo0_AsAd0_2024-04-14T09:14:59.885_0000.root
Unix Timestamp: 1713086099
Total Number of Events: 9
Loading file: /storage/hive/project/phy-otte/shared/Trinity/Data/20240414/RawDataMerged/CoBo0_AsAd0_2024-04-14T10:08:59.951_0000.root
Unix Timestamp: 1713089339
Total Number of Events: 15
Loading file: /storage/hive/project/phy-otte/shared/Trinity/Data/20240414/RawDataMerged/CoBo0_AsAd0_2024-04-14T11:14:59.871_0000.root
Unix Timestamp: 1713093299
Total Number of Events: 25
Loading file: /storage/hive/project/phy-otte/shared/Trinity/Data/20240414/RawDataMerged/CoBo0_AsAd0_2024-04-14T11:18:59.870_0000.root
Unix Timestamp: 1713093539
Total Number of Events: 25
Loading file: /storage/hive/project/phy-otte/shared/Trinity/Data/20240414/RawDataMerged/CoBo0_AsAd0_2024-04-14T09:12:59.886_0000.root
Unix Timestamp: 1713085979
Total Number of Events: 10
Loading file: /storage/hive/project/phy-otte/shared/Trinity/Data/20240414/RawDataMerged/CoBo0_AsAd0_2024-04-14T08:50:59.888_0000.root
Unix Timestamp: 1713084659
Total Number of Events: 8
Loading file: /storage/hive/project/phy-otte/shared/Trinity/Data/20240414/RawDataMerged/CoBo0_AsAd0_2024-04-14T08:42:59.888_0000.root
Unix Timestamp: 1713084179
Total Number of Events: 9
Loading file: /storage/hive/project/phy-otte/shared/Trinity/Data/20240414/RawDataMerged/CoBo0_AsAd0_2024-04-14T10:48:59.874_0000.root
Unix Timestamp: 1713091739
Total Number of Events: 13
Loading file: /storage/hive/project/phy-otte/shared/Trinity/Data/20240414/RawDataMerged/CoBo0_AsAd0_2024-04-14T09:04:59.887_0000.root
Unix Timestamp: 1713085499
Total Number of Events: 72
Loading file: /storage/hive/project/phy-otte/shared/Trinity/Data/20240414/RawDataMerged/CoBo0_AsAd0_2024-04-14T08:40:59.889_0000.root
Unix Timestamp: 1713084059
Total Number of Events: 5
Loading file: /storage/hive/project/phy-otte/shared/Trinity/Data/20240414/RawDataMerged/CoBo0_AsAd0_2024-04-14T09:20:59.885_0000.root
Unix Timestamp: 1713086459
Total Number of Events: 12
Loading file: /storage/hive/project/phy-otte/shared/Trinity/Data/20240414/RawDataMerged/CoBo0_AsAd0_2024-04-14T11:20:59.869_0000.root
Unix Timestamp: 1713093659
Total Number of Events: 33
Loading file: /storage/hive/project/phy-otte/shared/Trinity/Data/20240414/RawDataMerged/CoBo0_AsAd0_2024-04-14T10:12:59.879_0000.root
Unix Timestamp: 1713089579
Total Number of Events: 11
Loading file: /storage/hive/project/phy-otte/shared/Trinity/Data/20240414/RawDataMerged/CoBo0_AsAd0_2024-04-14T09:22:59.885_0000.root
Unix Timestamp: 1713086579
Total Number of Events: 12
Loading file: /storage/hive/project/phy-otte/shared/Trinity/Data/20240414/RawDataMerged/CoBo0_AsAd0_2024-04-14T08:38:59.888_0000.root
Unix Timestamp: 1713083939
Total Number of Events: 6
Loading file: /storage/hive/project/phy-otte/shared/Trinity/Data/20240414/RawDataMerged/CoBo0_AsAd0_2024-04-14T10:44:59.874_0000.root
Unix Timestamp: 1713091499
Total Number of Events: 17
Loading file: /storage/hive/project/phy-otte/shared/Trinity/Data/20240414/RawDataMerged/CoBo0_AsAd0_2024-04-14T02:42:59.820_0000.root
Unix Timestamp: 1713062579
Total Number of Events: 0
Loading file: /storage/hive/project/phy-otte/shared/Trinity/Data/20240414/RawDataMerged/CoBo0_AsAd0_2024-04-14T11:12:59.871_0000.root
Unix Timestamp: 1713093179
Total Number of Events: 19
Loading file: /storage/hive/project/phy-otte/shared/Trinity/Data/20240414/RawDataMerged/CoBo0_AsAd0_2024-04-14T09:07:00.161_0000.root
Unix Timestamp: 1713085620
Total Number of Events: 12
Loading file: /storage/hive/project/phy-otte/shared/Trinity/Data/20240414/RawDataMerged/CoBo0_AsAd0_2024-04-14T11:16:59.870_0000.root
Unix Timestamp: 1713093419
Total Number of Events: 29
Loading file: /storage/hive/project/phy-otte/shared/Trinity/Data/20240414/RawDataMerged/CoBo0_AsAd0_2024-04-14T08:34:59.888_0000.root
Unix Timestamp: 1713083699
Total Number of Events: 6
Loading file: /storage/hive/project/phy-otte/shared/Trinity/Data/20240414/RawDataMerged/CoBo0_AsAd0_2024-04-14T10:02:59.880_0000.root
Unix Timestamp: 1713088979
Total Number of Events: 16
Loading file: /storage/hive/project/phy-otte/shared/Trinity/Data/20240414/RawDataMerged/CoBo0_AsAd0_2024-04-14T10:36:59.875_0000.root
Unix Timestamp: 1713091019
Total Number of Events: 18
Loading file: /storage/hive/project/phy-otte/shared/Trinity/Data/20240414/RawDataMerged/CoBo0_AsAd0_2024-04-14T09:16:59.885_0000.root
Unix Timestamp: 1713086219
Total Number of Events: 12
Loading file: /storage/hive/project/phy-otte/shared/Trinity/Data/20240414/RawDataMerged/CoBo0_AsAd0_2024-04-14T10:38:59.875_0000.root
Unix Timestamp: 1713091139
Total Number of Events: 20
Loading file: /storage/hive/project/phy-otte/shared/Trinity/Data/20240414/RawDataMerged/CoBo0_AsAd0_2024-04-14T08:56:59.887_0000.root
Unix Timestamp: 1713085019
Total Number of Events: 7
Loading file: /storage/hive/project/phy-otte/shared/Trinity/Data/20240414/RawDataMerged/CoBo0_AsAd0_2024-04-14T09:58:59.880_0000.root
Unix Timestamp: 1713088739
Total Number of Events: 10
Loading file: /storage/hive/project/phy-otte/shared/Trinity/Data/20240414/RawDataMerged/CoBo0_AsAd0_2024-04-14T09:02:59.887_0000.root
Unix Timestamp: 1713085379
Total Number of Events: 5
Loading file: /storage/hive/project/phy-otte/shared/Trinity/Data/20240414/RawDataMerged/CoBo0_AsAd0_2024-04-14T10:28:59.876_0000.root
Unix Timestamp: 1713090539
Total Number of Events: 10
Loading file: /storage/hive/project/phy-otte/shared/Trinity/Data/20240414/RawDataMerged/CoBo0_AsAd0_2024-04-14T08:46:59.888_0000.root
Unix Timestamp: 1713084419
Total Number of Events: 8
Loading file: /storage/hive/project/phy-otte/shared/Trinity/Data/20240414/RawDataMerged/CoBo0_AsAd0_2024-04-14T10:26:59.876_0000.root
Unix Timestamp: 1713090419
Total Number of Events: 14
Loading file: /storage/hive/project/phy-otte/shared/Trinity/Data/20240414/RawDataMerged/CoBo0_AsAd0_2024-04-14T08:36:59.889_0000.root
Unix Timestamp: 1713083819
Total Number of Events: 7
Loading file: /storage/hive/project/phy-otte/shared/Trinity/Data/20240414/RawDataMerged/CoBo0_AsAd0_2024-04-14T09:18:59.885_0000.root
Unix Timestamp: 1713086339
Total Number of Events: 12
Loading file: /storage/hive/project/phy-otte/shared/Trinity/Data/20240414/RawDataMerged/CoBo0_AsAd0_2024-04-14T10:30:59.798_0000.root
Unix Timestamp: 1713090659
Total Number of Events: 18
Loading file: /storage/hive/project/phy-otte/shared/Trinity/Data/20240414/RawDataMerged/CoBo0_AsAd0_2024-04-14T10:14:59.878_0000.root
Unix Timestamp: 1713089699
Total Number of Events: 14
Loading file: /storage/hive/project/phy-otte/shared/Trinity/Data/20240414/RawDataMerged/CoBo0_AsAd0_2024-04-14T09:54:59.881_0000.root
Unix Timestamp: 1713088499
Total Number of Events: 11
Loading file: /storage/hive/project/phy-otte/shared/Trinity/Data/20240414/RawDataMerged/CoBo0_AsAd0_2024-04-14T10:06:59.880_0000.root
Unix Timestamp: 1713089219
Total Number of Events: 15
Loading file: /storage/hive/project/phy-otte/shared/Trinity/Data/20240414/RawDataMerged/CoBo0_AsAd0_2024-04-14T08:54:59.888_0000.root
Unix Timestamp: 1713084899
Total Number of Events: 6
Loading file: /storage/hive/project/phy-otte/shared/Trinity/Data/20240414/RawDataMerged/CoBo0_AsAd0_2024-04-14T10:42:59.875_0000.root
Unix Timestamp: 1713091379
Total Number of Events: 17
Loading file: /storage/hive/project/phy-otte/shared/Trinity/Data/20240414/RawDataMerged/CoBo0_AsAd0_2024-04-14T02:26:59.814_0000.root
Unix Timestamp: 1713061619
Total Number of Events: 0
Loading file: /storage/hive/project/phy-otte/shared/Trinity/Data/20240414/RawDataMerged/CoBo0_AsAd0_2024-04-14T09:36:59.884_0000.root
Unix Timestamp: 1713087419
Total Number of Events: 10
Loading file: /storage/hive/project/phy-otte/shared/Trinity/Data/20240414/RawDataMerged/CoBo0_AsAd0_2024-04-14T10:32:59.876_0000.root
Unix Timestamp: 1713090779
Total Number of Events: 18
Loading file: /storage/hive/project/phy-otte/shared/Trinity/Data/20240414/RawDataMerged/CoBo0_AsAd0_2024-04-14T10:22:59.877_0000.root
Unix Timestamp: 1713090179
Total Number of Events: 12
Loading file: /storage/hive/project/phy-otte/shared/Trinity/Data/20240414/RawDataMerged/CoBo0_AsAd0_2024-04-14T02:24:41.882_0000.root
Unix Timestamp: 1713061481
Total Number of Events: 0
Loading file: /storage/hive/project/phy-otte/shared/Trinity/Data/20240414/RawDataMerged/CoBo0_AsAd0_2024-04-14T09:10:59.886_0000.root
Unix Timestamp: 1713085859
Total Number of Events: 8
Loading file: /storage/hive/project/phy-otte/shared/Trinity/Data/20240414/RawDataMerged/CoBo0_AsAd0_2024-04-14T10:04:59.880_0000.root
Unix Timestamp: 1713089099
Total Number of Events: 15
Loading file: /storage/hive/project/phy-otte/shared/Trinity/Data/20240414/RawDataMerged/CoBo0_AsAd0_2024-04-14T09:56:59.880_0000.root
Unix Timestamp: 1713088619
Total Number of Events: 11
Loading file: /storage/hive/project/phy-otte/shared/Trinity/Data/20240414/RawDataMerged/CoBo0_AsAd0_2024-04-14T02:28:59.814_0000.root
Unix Timestamp: 1713061739
Total Number of Events: 0
Loading file: /storage/hive/project/phy-otte/shared/Trinity/Data/20240414/RawDataMerged/CoBo0_AsAd0_2024-04-14T09:40:59.883_0000.root
Unix Timestamp: 1713087659
Total Number of Events: 14
Info in <TCanvas::Print>: pdf file /storage/hive/project/phy-otte/shared/Trinity/DataAnalysis/DataSummary/Output/20240414.pdf has been created
Info in <TCanvas::Print>: Current canvas added to pdf file /storage/hive/project/phy-otte/shared/Trinity/DataAnalysis/DataSummary/Output/20240414.pdf
Info in <TCanvas::Print>: Current canvas added to pdf file /storage/hive/project/phy-otte/shared/Trinity/DataAnalysis/DataSummary/Output/20240414.pdf
Info in <TCanvas::Print>: Current canvas added to pdf file /storage/hive/project/phy-otte/shared/Trinity/DataAnalysis/DataSummary/Output/20240414.pdf
Info in <TCanvas::Print>: Current canvas added to pdf file /storage/hive/project/phy-otte/shared/Trinity/DataAnalysis/DataSummary/Output/20240414.pdf
Info in <TCanvas::Print>: Current canvas added to pdf file /storage/hive/project/phy-otte/shared/Trinity/DataAnalysis/DataSummary/Output/20240414.pdf
Info in <TCanvas::Print>: Current canvas added to pdf file /storage/hive/project/phy-otte/shared/Trinity/DataAnalysis/DataSummary/Output/20240414.pdf
Info in <TCanvas::Print>: pdf file /storage/hive/project/phy-otte/shared/Trinity/DataAnalysis/DataSummary/Output/20240414.pdf has been closed
spawn ssh -i /home/sstepanoff3/.ssh/hive sstepanoff3@login-hive.pace.gatech.edu /storage/hive/project/phy-otte/shared/Trinity/DataAnalysis/DataSummary/sumDir/FolderDataSum 20240415

Inactive Modules:
  1) mvapich2

The following have been reloaded with a version change:
  1) gcc/10.3.0-o57x6h => gcc/8.3.0-rv4av7
  2) mpc/1.2.1-zoh6w2 => mpc/1.1.0-kyjl4f
  3) mpfr/4.1.0-32gcbv => mpfr/3.1.6-yuvsh4

/storage/hive/project/phy-otte/shared/Trinity/Data/20240415/RawDataMerged/
Loading file: /storage/hive/project/phy-otte/shared/Trinity/Data/20240415/RawDataMerged/CoBo0_AsAd0_2024-04-15T10:28:41.884_0000.root
Unix Timestamp: 1713176921
Error opening file
Warning in <TClass::Init>: no dictionary for class ROOT::TIOFeatures is available
Total Number of Events: 2
Loading file: /storage/hive/project/phy-otte/shared/Trinity/Data/20240415/RawDataMerged/CoBo0_AsAd0_2024-04-15T10:40:42.099_0000.root
Unix Timestamp: 1713177642
Total Number of Events: 4
Loading file: /storage/hive/project/phy-otte/shared/Trinity/Data/20240415/RawDataMerged/CoBo0_AsAd0_2024-04-15T02:52:14.274_0000.root
Unix Timestamp: 1713149534
Total Number of Events: 0
Loading file: /storage/hive/project/phy-otte/shared/Trinity/Data/20240415/RawDataMerged/CoBo0_AsAd0_2024-04-15T10:56:41.881_0000.root
Unix Timestamp: 1713178601
Total Number of Events: 2
Loading file: /storage/hive/project/phy-otte/shared/Trinity/Data/20240415/RawDataMerged/CoBo0_AsAd0_2024-04-15T02:58:14.273_0000.root
Unix Timestamp: 1713149894
Total Number of Events: 0
Loading file: /storage/hive/project/phy-otte/shared/Trinity/Data/20240415/RawDataMerged/CoBo0_AsAd0_2024-04-15T04:44:11.392_0000.root
Unix Timestamp: 1713156251
Total Number of Events: 0
Loading file: /storage/hive/project/phy-otte/shared/Trinity/Data/20240415/RawDataMerged/CoBo0_AsAd0_2024-04-15T11:24:41.872_0000.root
Unix Timestamp: 1713180281
Total Number of Events: 2
Loading file: /storage/hive/project/phy-otte/shared/Trinity/Data/20240415/RawDataMerged/CoBo0_AsAd0_2024-04-15T10:36:41.885_0000.root
Unix Timestamp: 1713177401
Total Number of Events: 3
Loading file: /storage/hive/project/phy-otte/shared/Trinity/Data/20240415/RawDataMerged/CoBo0_AsAd0_2024-04-15T10:46:41.882_0000.root
Unix Timestamp: 1713178001
Total Number of Events: 4
Loading file: /storage/hive/project/phy-otte/shared/Trinity/Data/20240415/RawDataMerged/CoBo0_AsAd0_2024-04-15T03:04:14.273_0000.root
Unix Timestamp: 1713150254
Total Number of Events: 0
Loading file: /storage/hive/project/phy-otte/shared/Trinity/Data/20240415/RawDataMerged/CoBo0_AsAd0_2024-04-15T03:00:14.273_0000.root
Unix Timestamp: 1713150014
Total Number of Events: 0
Loading file: /storage/hive/project/phy-otte/shared/Trinity/Data/20240415/RawDataMerged/CoBo0_AsAd0_2024-04-15T10:26:41.722_0000.root
Unix Timestamp: 1713176801
Total Number of Events: 2
Loading file: /storage/hive/project/phy-otte/shared/Trinity/Data/20240415/RawDataMerged/CoBo0_AsAd0_2024-04-15T11:02:41.880_0000.root
Unix Timestamp: 1713178961
Total Number of Events: 3
Loading file: /storage/hive/project/phy-otte/shared/Trinity/Data/20240415/RawDataMerged/CoBo0_AsAd0_2024-04-15T11:04:42.021_0000.root
Unix Timestamp: 1713179082
Total Number of Events: 2
Loading file: /storage/hive/project/phy-otte/shared/Trinity/Data/20240415/RawDataMerged/CoBo0_AsAd0_2024-04-15T05:00:35.169_0000.root
Unix Timestamp: 1713157235
Total Number of Events: 0
Loading file: /storage/hive/project/phy-otte/shared/Trinity/Data/20240415/RawDataMerged/CoBo0_AsAd0_2024-04-15T10:54:41.881_0000.root
Unix Timestamp: 1713178481
Total Number of Events: 2
Loading file: /storage/hive/project/phy-otte/shared/Trinity/Data/20240415/RawDataMerged/CoBo0_AsAd0_2024-04-15T10:52:41.881_0000.root
Unix Timestamp: 1713178361
Total Number of Events: 1
Loading file: /storage/hive/project/phy-otte/shared/Trinity/Data/20240415/RawDataMerged/CoBo0_AsAd0_2024-04-15T02:48:14.274_0000.root
Unix Timestamp: 1713149294
Total Number of Events: 0
Loading file: /storage/hive/project/phy-otte/shared/Trinity/Data/20240415/RawDataMerged/CoBo0_AsAd0_2024-04-15T04:30:11.392_0000.root
Unix Timestamp: 1713155411
Total Number of Events: 0
Loading file: /storage/hive/project/phy-otte/shared/Trinity/Data/20240415/RawDataMerged/CoBo0_AsAd0_2024-04-15T10:58:42.019_0000.root
Unix Timestamp: 1713178722
Total Number of Events: 1
Loading file: /storage/hive/project/phy-otte/shared/Trinity/Data/20240415/RawDataMerged/CoBo0_AsAd0_2024-04-15T10:32:41.885_0000.root
Unix Timestamp: 1713177161
Total Number of Events: 2
Loading file: /storage/hive/project/phy-otte/shared/Trinity/Data/20240415/RawDataMerged/CoBo0_AsAd0_2024-04-15T02:46:14.274_0000.root
Unix Timestamp: 1713149174
Total Number of Events: 0
Loading file: /storage/hive/project/phy-otte/shared/Trinity/Data/20240415/RawDataMerged/CoBo0_AsAd0_2024-04-15T11:16:41.876_0000.root
Unix Timestamp: 1713179801
Total Number of Events: 2
Loading file: /storage/hive/project/phy-otte/shared/Trinity/Data/20240415/RawDataMerged/CoBo0_AsAd0_2024-04-15T02:44:14.275_0000.root
Unix Timestamp: 1713149054
Total Number of Events: 0
Loading file: /storage/hive/project/phy-otte/shared/Trinity/Data/20240415/RawDataMerged/CoBo0_AsAd0_2024-04-15T11:06:41.878_0000.root
Unix Timestamp: 1713179201
Total Number of Events: 5
Loading file: /storage/hive/project/phy-otte/shared/Trinity/Data/20240415/RawDataMerged/CoBo0_AsAd0_2024-04-15T10:24:42.024_0000.root
Unix Timestamp: 1713176682
Total Number of Events: 1
Loading file: /storage/hive/project/phy-otte/shared/Trinity/Data/20240415/RawDataMerged/CoBo0_AsAd0_2024-04-15T10:48:41.953_0000.root
Unix Timestamp: 1713178121
Total Number of Events: 0
Loading file: /storage/hive/project/phy-otte/shared/Trinity/Data/20240415/RawDataMerged/CoBo0_AsAd0_2024-04-15T02:54:14.273_0000.root
Unix Timestamp: 1713149654
Total Number of Events: 0
Loading file: /storage/hive/project/phy-otte/shared/Trinity/Data/20240415/RawDataMerged/CoBo0_AsAd0_2024-04-15T02:50:14.274_0000.root
Unix Timestamp: 1713149414
Total Number of Events: 0
Loading file: /storage/hive/project/phy-otte/shared/Trinity/Data/20240415/RawDataMerged/CoBo0_AsAd0_2024-04-15T11:22:41.872_0000.root
Unix Timestamp: 1713180161
Total Number of Events: 3
Loading file: /storage/hive/project/phy-otte/shared/Trinity/Data/20240415/RawDataMerged/CoBo0_AsAd0_2024-04-15T02:56:14.273_0000.root
Unix Timestamp: 1713149774
Total Number of Events: 0
Loading file: /storage/hive/project/phy-otte/shared/Trinity/Data/20240415/RawDataMerged/CoBo0_AsAd0_2024-04-15T05:02:11.458_0000.root
Unix Timestamp: 1713157331
Total Number of Events: 0
Loading file: /storage/hive/project/phy-otte/shared/Trinity/Data/20240415/RawDataMerged/CoBo0_AsAd0_2024-04-15T11:12:41.877_0000.root
Unix Timestamp: 1713179561
Total Number of Events: 1
Loading file: /storage/hive/project/phy-otte/shared/Trinity/Data/20240415/RawDataMerged/CoBo0_AsAd0_2024-04-15T05:04:11.588_0000.root
Unix Timestamp: 1713157451
Total Number of Events: 0
Loading file: /storage/hive/project/phy-otte/shared/Trinity/Data/20240415/RawDataMerged/CoBo0_AsAd0_2024-04-15T04:26:11.386_0000.root
Unix Timestamp: 1713155171
Total Number of Events: 0
Loading file: /storage/hive/project/phy-otte/shared/Trinity/Data/20240415/RawDataMerged/CoBo0_AsAd0_2024-04-15T11:18:42.016_0000.root
Unix Timestamp: 1713179922
Total Number of Events: 3
Loading file: /storage/hive/project/phy-otte/shared/Trinity/Data/20240415/RawDataMerged/CoBo0_AsAd0_2024-04-15T10:23:59.100_0000.root
Unix Timestamp: 1713176639
Total Number of Events: 0
Loading file: /storage/hive/project/phy-otte/shared/Trinity/Data/20240415/RawDataMerged/CoBo0_AsAd0_2024-04-15T04:46:11.463_0000.root
Unix Timestamp: 1713156371
Total Number of Events: 0
Loading file: /storage/hive/project/phy-otte/shared/Trinity/Data/20240415/RawDataMerged/CoBo0_AsAd0_2024-04-15T11:14:42.088_0000.root
Unix Timestamp: 1713179682
Total Number of Events: 0
Loading file: /storage/hive/project/phy-otte/shared/Trinity/Data/20240415/RawDataMerged/CoBo0_AsAd0_2024-04-15T02:42:00.343_0000.root
Unix Timestamp: 1713148920
Total Number of Events: 0
Loading file: /storage/hive/project/phy-otte/shared/Trinity/Data/20240415/RawDataMerged/CoBo0_AsAd0_2024-04-15T04:34:11.599_0000.root
Unix Timestamp: 1713155651
Total Number of Events: 0
Loading file: /storage/hive/project/phy-otte/shared/Trinity/Data/20240415/RawDataMerged/CoBo0_AsAd0_2024-04-15T04:42:45.934_0000.root
Unix Timestamp: 1713156165
Total Number of Events: 0
Loading file: /storage/hive/project/phy-otte/shared/Trinity/Data/20240415/RawDataMerged/CoBo0_AsAd0_2024-04-15T10:34:41.885_0000.root
Unix Timestamp: 1713177281
Total Number of Events: 5
Loading file: /storage/hive/project/phy-otte/shared/Trinity/Data/20240415/RawDataMerged/CoBo0_AsAd0_2024-04-15T10:30:41.885_0000.root
Unix Timestamp: 1713177041
Total Number of Events: 2
Loading file: /storage/hive/project/phy-otte/shared/Trinity/Data/20240415/RawDataMerged/CoBo0_AsAd0_2024-04-15T04:28:12.069_0000.root
Unix Timestamp: 1713155292
Total Number of Events: 0
Loading file: /storage/hive/project/phy-otte/shared/Trinity/Data/20240415/RawDataMerged/CoBo0_AsAd0_2024-04-15T11:10:41.946_0000.root
Unix Timestamp: 1713179441
Total Number of Events: 5
Loading file: /storage/hive/project/phy-otte/shared/Trinity/Data/20240415/RawDataMerged/CoBo0_AsAd0_2024-04-15T04:25:05.013_0000.root
Unix Timestamp: 1713155105
Total Number of Events: 0
Loading file: /storage/hive/project/phy-otte/shared/Trinity/Data/20240415/RawDataMerged/CoBo0_AsAd0_2024-04-15T11:00:42.231_0000.root
Unix Timestamp: 1713178842
Total Number of Events: 0
Loading file: /storage/hive/project/phy-otte/shared/Trinity/Data/20240415/RawDataMerged/CoBo0_AsAd0_2024-04-15T11:20:42.159_0000.root
Unix Timestamp: 1713180042
Total Number of Events: 4
Loading file: /storage/hive/project/phy-otte/shared/Trinity/Data/20240415/RawDataMerged/CoBo0_AsAd0_2024-04-15T10:38:41.884_0000.root
Unix Timestamp: 1713177521
Total Number of Events: 3
Loading file: /storage/hive/project/phy-otte/shared/Trinity/Data/20240415/RawDataMerged/CoBo0_AsAd0_2024-04-15T11:08:41.878_0000.root
Unix Timestamp: 1713179321
Total Number of Events: 1
Loading file: /storage/hive/project/phy-otte/shared/Trinity/Data/20240415/RawDataMerged/CoBo0_AsAd0_2024-04-15T10:42:41.883_0000.root
Unix Timestamp: 1713177761
Total Number of Events: 1
Loading file: /storage/hive/project/phy-otte/shared/Trinity/Data/20240415/RawDataMerged/CoBo0_AsAd0_2024-04-15T04:32:11.320_0000.root
Unix Timestamp: 1713155531
Total Number of Events: 0
Loading file: /storage/hive/project/phy-otte/shared/Trinity/Data/20240415/RawDataMerged/CoBo0_AsAd0_2024-04-15T10:50:41.882_0000.root
Unix Timestamp: 1713178241
Total Number of Events: 4
Loading file: /storage/hive/project/phy-otte/shared/Trinity/Data/20240415/RawDataMerged/CoBo0_AsAd0_2024-04-15T10:44:41.883_0000.root
Unix Timestamp: 1713177881
Total Number of Events: 2
Loading file: /storage/hive/project/phy-otte/shared/Trinity/Data/20240415/RawDataMerged/CoBo0_AsAd0_2024-04-15T03:02:14.272_0000.root
Unix Timestamp: 1713150134
Total Number of Events: 0
Info in <TCanvas::Print>: pdf file /storage/hive/project/phy-otte/shared/Trinity/DataAnalysis/DataSummary/Output/20240415.pdf has been created
Info in <TCanvas::Print>: Current canvas added to pdf file /storage/hive/project/phy-otte/shared/Trinity/DataAnalysis/DataSummary/Output/20240415.pdf
Info in <TCanvas::Print>: Current canvas added to pdf file /storage/hive/project/phy-otte/shared/Trinity/DataAnalysis/DataSummary/Output/20240415.pdf
Info in <TCanvas::Print>: Current canvas added to pdf file /storage/hive/project/phy-otte/shared/Trinity/DataAnalysis/DataSummary/Output/20240415.pdf
Info in <TCanvas::Print>: Current canvas added to pdf file /storage/hive/project/phy-otte/shared/Trinity/DataAnalysis/DataSummary/Output/20240415.pdf
Info in <TCanvas::Print>: Current canvas added to pdf file /storage/hive/project/phy-otte/shared/Trinity/DataAnalysis/DataSummary/Output/20240415.pdf
Info in <TCanvas::Print>: Current canvas added to pdf file /storage/hive/project/phy-otte/shared/Trinity/DataAnalysis/DataSummary/Output/20240415.pdf
Info in <TCanvas::Print>: pdf file /storage/hive/project/phy-otte/shared/Trinity/DataAnalysis/DataSummary/Output/20240415.pdf has been closed
spawn ssh -i /home/sstepanoff3/.ssh/hive sstepanoff3@login-hive.pace.gatech.edu /storage/hive/project/phy-otte/shared/Trinity/DataAnalysis/DataSummary/sumDir/FolderDataSum 20240416

Inactive Modules:
  1) mvapich2

The following have been reloaded with a version change:
  1) gcc/10.3.0-o57x6h => gcc/8.3.0-rv4av7
  2) mpc/1.2.1-zoh6w2 => mpc/1.1.0-kyjl4f
  3) mpfr/4.1.0-32gcbv => mpfr/3.1.6-yuvsh4

/storage/hive/project/phy-otte/shared/Trinity/Data/20240416/RawDataMerged/
Error opening file
Loading file: /storage/hive/project/phy-otte/shared/Trinity/Data/20240416/RawDataMerged/CoBo0_AsAd0_2024-04-16T11:20:16.416_0000.root
Unix Timestamp: 1713266416
Warning in <TClass::Init>: no dictionary for class ROOT::TIOFeatures is available
Total Number of Events: 51
Loading file: /storage/hive/project/phy-otte/shared/Trinity/Data/20240416/RawDataMerged/CoBo0_AsAd0_2024-04-16T10:40:16.420_0000.root
Unix Timestamp: 1713264016
Total Number of Events: 45
Loading file: /storage/hive/project/phy-otte/shared/Trinity/Data/20240416/RawDataMerged/CoBo0_AsAd0_2024-04-16T03:08:29.555_0000.root
Unix Timestamp: 1713236909
Total Number of Events: 0
Loading file: /storage/hive/project/phy-otte/shared/Trinity/Data/20240416/RawDataMerged/CoBo0_AsAd0_2024-04-16T03:12:29.554_0000.root
Unix Timestamp: 1713237149
Total Number of Events: 0
Loading file: /storage/hive/project/phy-otte/shared/Trinity/Data/20240416/RawDataMerged/CoBo0_AsAd0_2024-04-16T10:16:11.424_0000.root
Unix Timestamp: 1713262571
Total Number of Events: 88
Loading file: /storage/hive/project/phy-otte/shared/Trinity/Data/20240416/RawDataMerged/CoBo0_AsAd0_2024-04-16T11:00:16.416_0000.root
Unix Timestamp: 1713265216
Total Number of Events: 41
Loading file: /storage/hive/project/phy-otte/shared/Trinity/Data/20240416/RawDataMerged/CoBo0_AsAd0_2024-04-16T03:06:23.622_0000.root
Unix Timestamp: 1713236783
Total Number of Events: 0
Loading file: /storage/hive/project/phy-otte/shared/Trinity/Data/20240416/RawDataMerged/CoBo0_AsAd0_2024-04-16T11:24:16.416_0000.root
Unix Timestamp: 1713266656
Total Number of Events: 29
Loading file: /storage/hive/project/phy-otte/shared/Trinity/Data/20240416/RawDataMerged/CoBo0_AsAd0_2024-04-16T10:32:16.421_0000.root
Unix Timestamp: 1713263536
Total Number of Events: 52
Loading file: /storage/hive/project/phy-otte/shared/Trinity/Data/20240416/RawDataMerged/CoBo0_AsAd0_2024-04-16T10:54:16.417_0000.root
Unix Timestamp: 1713264856
Total Number of Events: 48
Loading file: /storage/hive/project/phy-otte/shared/Trinity/Data/20240416/RawDataMerged/CoBo0_AsAd0_2024-04-16T10:36:16.419_0000.root
Unix Timestamp: 1713263776
Total Number of Events: 49
Loading file: /storage/hive/project/phy-otte/shared/Trinity/Data/20240416/RawDataMerged/CoBo0_AsAd0_2024-04-16T10:24:16.417_0000.root
Unix Timestamp: 1713263056
Total Number of Events: 55
Loading file: /storage/hive/project/phy-otte/shared/Trinity/Data/20240416/RawDataMerged/CoBo0_AsAd0_2024-04-16T10:50:16.418_0000.root
Unix Timestamp: 1713264616
Total Number of Events: 50
Loading file: /storage/hive/project/phy-otte/shared/Trinity/Data/20240416/RawDataMerged/CoBo0_AsAd0_2024-04-16T03:26:29.552_0000.root
Unix Timestamp: 1713237989
Total Number of Events: 0
Loading file: /storage/hive/project/phy-otte/shared/Trinity/Data/20240416/RawDataMerged/CoBo0_AsAd0_2024-04-16T10:46:16.419_0000.root
Unix Timestamp: 1713264376
Total Number of Events: 41
Loading file: /storage/hive/project/phy-otte/shared/Trinity/Data/20240416/RawDataMerged/CoBo0_AsAd0_2024-04-16T03:24:29.553_0000.root
Unix Timestamp: 1713237869
Total Number of Events: 0
Loading file: /storage/hive/project/phy-otte/shared/Trinity/Data/20240416/RawDataMerged/CoBo0_AsAd0_2024-04-16T03:18:29.554_0000.root
Unix Timestamp: 1713237509
Total Number of Events: 0
Loading file: /storage/hive/project/phy-otte/shared/Trinity/Data/20240416/RawDataMerged/CoBo0_AsAd0_2024-04-16T10:56:16.488_0000.root
Unix Timestamp: 1713264976
Total Number of Events: 42
Loading file: /storage/hive/project/phy-otte/shared/Trinity/Data/20240416/RawDataMerged/CoBo0_AsAd0_2024-04-16T11:16:16.177_0000.root
Unix Timestamp: 1713266176
Total Number of Events: 46
Loading file: /storage/hive/project/phy-otte/shared/Trinity/Data/20240416/RawDataMerged/CoBo0_AsAd0_2024-04-16T03:16:29.554_0000.root
Unix Timestamp: 1713237389
Total Number of Events: 0
Loading file: /storage/hive/project/phy-otte/shared/Trinity/Data/20240416/RawDataMerged/CoBo0_AsAd0_2024-04-16T10:30:16.421_0000.root
Unix Timestamp: 1713263416
Total Number of Events: 52
Loading file: /storage/hive/project/phy-otte/shared/Trinity/Data/20240416/RawDataMerged/CoBo0_AsAd0_2024-04-16T03:46:28.764_0000.root
Unix Timestamp: 1713239188
Total Number of Events: 5
Loading file: /storage/hive/project/phy-otte/shared/Trinity/Data/20240416/RawDataMerged/CoBo0_AsAd0_2024-04-16T10:48:16.418_0000.root
Unix Timestamp: 1713264496
Total Number of Events: 41
Loading file: /storage/hive/project/phy-otte/shared/Trinity/Data/20240416/RawDataMerged/CoBo0_AsAd0_2024-04-16T11:10:16.415_0000.root
Unix Timestamp: 1713265816
Total Number of Events: 48
Loading file: /storage/hive/project/phy-otte/shared/Trinity/Data/20240416/RawDataMerged/CoBo0_AsAd0_2024-04-16T11:04:16.415_0000.root
Unix Timestamp: 1713265456
Total Number of Events: 44
Loading file: /storage/hive/project/phy-otte/shared/Trinity/Data/20240416/RawDataMerged/CoBo0_AsAd0_2024-04-16T03:14:29.554_0000.root
Unix Timestamp: 1713237269
Total Number of Events: 0
Loading file: /storage/hive/project/phy-otte/shared/Trinity/Data/20240416/RawDataMerged/CoBo0_AsAd0_2024-04-16T11:14:16.415_0000.root
Unix Timestamp: 1713266056
Total Number of Events: 43
Loading file: /storage/hive/project/phy-otte/shared/Trinity/Data/20240416/RawDataMerged/CoBo0_AsAd0_2024-04-16T10:26:16.306_0000.root
Unix Timestamp: 1713263176
Total Number of Events: 50
Loading file: /storage/hive/project/phy-otte/shared/Trinity/Data/20240416/RawDataMerged/CoBo0_AsAd0_2024-04-16T10:42:16.420_0000.root
Unix Timestamp: 1713264136
Total Number of Events: 43
Loading file: /storage/hive/project/phy-otte/shared/Trinity/Data/20240416/RawDataMerged/CoBo0_AsAd0_2024-04-16T10:58:16.417_0000.root
Unix Timestamp: 1713265096
Total Number of Events: 41
Loading file: /storage/hive/project/phy-otte/shared/Trinity/Data/20240416/RawDataMerged/CoBo0_AsAd0_2024-04-16T10:44:16.420_0000.root
Unix Timestamp: 1713264256
Total Number of Events: 47
Loading file: /storage/hive/project/phy-otte/shared/Trinity/Data/20240416/RawDataMerged/CoBo0_AsAd0_2024-04-16T10:38:16.419_0000.root
Unix Timestamp: 1713263896
Total Number of Events: 40
Loading file: /storage/hive/project/phy-otte/shared/Trinity/Data/20240416/RawDataMerged/CoBo0_AsAd0_2024-04-16T11:02:16.416_0000.root
Unix Timestamp: 1713265336
Total Number of Events: 37
Loading file: /storage/hive/project/phy-otte/shared/Trinity/Data/20240416/RawDataMerged/CoBo0_AsAd0_2024-04-16T10:34:16.420_0000.root
Unix Timestamp: 1713263656
Total Number of Events: 46
Loading file: /storage/hive/project/phy-otte/shared/Trinity/Data/20240416/RawDataMerged/CoBo0_AsAd0_2024-04-16T11:06:16.416_0000.root
Unix Timestamp: 1713265576
Total Number of Events: 42
Loading file: /storage/hive/project/phy-otte/shared/Trinity/Data/20240416/RawDataMerged/CoBo0_AsAd0_2024-04-16T10:20:16.423_0000.root
Unix Timestamp: 1713262816
Total Number of Events: 62
Loading file: /storage/hive/project/phy-otte/shared/Trinity/Data/20240416/RawDataMerged/CoBo0_AsAd0_2024-04-16T11:12:16.416_0000.root
Unix Timestamp: 1713265936
Total Number of Events: 45
Loading file: /storage/hive/project/phy-otte/shared/Trinity/Data/20240416/RawDataMerged/CoBo0_AsAd0_2024-04-16T10:28:16.392_0000.root
Unix Timestamp: 1713263296
Total Number of Events: 52
Loading file: /storage/hive/project/phy-otte/shared/Trinity/Data/20240416/RawDataMerged/CoBo0_AsAd0_2024-04-16T10:18:16.423_0000.root
Unix Timestamp: 1713262696
Total Number of Events: 69
Loading file: /storage/hive/project/phy-otte/shared/Trinity/Data/20240416/RawDataMerged/CoBo0_AsAd0_2024-04-16T03:44:52.971_0000.root
Unix Timestamp: 1713239092
Total Number of Events: 4
Loading file: /storage/hive/project/phy-otte/shared/Trinity/Data/20240416/RawDataMerged/CoBo0_AsAd0_2024-04-16T03:20:29.554_0000.root
Unix Timestamp: 1713237629
Total Number of Events: 0
Loading file: /storage/hive/project/phy-otte/shared/Trinity/Data/20240416/RawDataMerged/CoBo0_AsAd0_2024-04-16T10:22:16.423_0000.root
Unix Timestamp: 1713262936
Total Number of Events: 58
Loading file: /storage/hive/project/phy-otte/shared/Trinity/Data/20240416/RawDataMerged/CoBo0_AsAd0_2024-04-16T03:22:29.553_0000.root
Unix Timestamp: 1713237749
Total Number of Events: 0
Loading file: /storage/hive/project/phy-otte/shared/Trinity/Data/20240416/RawDataMerged/CoBo0_AsAd0_2024-04-16T03:28:29.552_0000.root
Unix Timestamp: 1713238109
Total Number of Events: 0
Loading file: /storage/hive/project/phy-otte/shared/Trinity/Data/20240416/RawDataMerged/CoBo0_AsAd0_2024-04-16T10:52:16.377_0000.root
Unix Timestamp: 1713264736
Total Number of Events: 48
Loading file: /storage/hive/project/phy-otte/shared/Trinity/Data/20240416/RawDataMerged/CoBo0_AsAd0_2024-04-16T03:10:29.555_0000.root
Unix Timestamp: 1713237029
Total Number of Events: 0
Loading file: /storage/hive/project/phy-otte/shared/Trinity/Data/20240416/RawDataMerged/CoBo0_AsAd0_2024-04-16T11:22:16.484_0000.root
Unix Timestamp: 1713266536
Total Number of Events: 50
Loading file: /storage/hive/project/phy-otte/shared/Trinity/Data/20240416/RawDataMerged/CoBo0_AsAd0_2024-04-16T11:08:16.415_0000.root
Unix Timestamp: 1713265696
Total Number of Events: 45
Loading file: /storage/hive/project/phy-otte/shared/Trinity/Data/20240416/RawDataMerged/CoBo0_AsAd0_2024-04-16T11:18:16.416_0000.root
Unix Timestamp: 1713266296
Total Number of Events: 44
Info in <TCanvas::Print>: pdf file /storage/hive/project/phy-otte/shared/Trinity/DataAnalysis/DataSummary/Output/20240416.pdf has been created
Info in <TCanvas::Print>: Current canvas added to pdf file /storage/hive/project/phy-otte/shared/Trinity/DataAnalysis/DataSummary/Output/20240416.pdf
Info in <TCanvas::Print>: Current canvas added to pdf file /storage/hive/project/phy-otte/shared/Trinity/DataAnalysis/DataSummary/Output/20240416.pdf
Info in <TCanvas::Print>: Current canvas added to pdf file /storage/hive/project/phy-otte/shared/Trinity/DataAnalysis/DataSummary/Output/20240416.pdf
Info in <TCanvas::Print>: Current canvas added to pdf file /storage/hive/project/phy-otte/shared/Trinity/DataAnalysis/DataSummary/Output/20240416.pdf
Info in <TCanvas::Print>: Current canvas added to pdf file /storage/hive/project/phy-otte/shared/Trinity/DataAnalysis/DataSummary/Output/20240416.pdf
Info in <TCanvas::Print>: Current canvas added to pdf file /storage/hive/project/phy-otte/shared/Trinity/DataAnalysis/DataSummary/Output/20240416.pdf
Info in <TCanvas::Print>: pdf file /storage/hive/project/phy-otte/shared/Trinity/DataAnalysis/DataSummary/Output/20240416.pdf has been closed
spawn ssh -i /home/sstepanoff3/.ssh/hive sstepanoff3@login-hive.pace.gatech.edu /storage/hive/project/phy-otte/shared/Trinity/DataAnalysis/DataSummary/sumDir/FolderDataSum 20240417

Inactive Modules:
  1) mvapich2

The following have been reloaded with a version change:
  1) gcc/10.3.0-o57x6h => gcc/8.3.0-rv4av7
  2) mpc/1.2.1-zoh6w2 => mpc/1.1.0-kyjl4f
  3) mpfr/4.1.0-32gcbv => mpfr/3.1.6-yuvsh4

/storage/hive/project/phy-otte/shared/Trinity/Data/20240417/RawDataMerged/
Error opening file
Loading file: /storage/hive/project/phy-otte/shared/Trinity/Data/20240417/RawDataMerged/CoBo0_AsAd0_2024-04-17T11:18:29.625_0000.root
Unix Timestamp: 1713352709
Warning in <TClass::Init>: no dictionary for class ROOT::TIOFeatures is available
Total Number of Events: 9
Loading file: /storage/hive/project/phy-otte/shared/Trinity/Data/20240417/RawDataMerged/CoBo0_AsAd0_2024-04-17T10:58:29.628_0000.root
Unix Timestamp: 1713351509
Total Number of Events: 9
Loading file: /storage/hive/project/phy-otte/shared/Trinity/Data/20240417/RawDataMerged/CoBo0_AsAd0_2024-04-17T09:24:28.975_0000.root
Unix Timestamp: 1713345868
Total Number of Events: 0
Loading file: /storage/hive/project/phy-otte/shared/Trinity/Data/20240417/RawDataMerged/CoBo0_AsAd0_2024-04-17T09:10:28.976_0000.root
Unix Timestamp: 1713345028
Total Number of Events: 0
Loading file: /storage/hive/project/phy-otte/shared/Trinity/Data/20240417/RawDataMerged/CoBo0_AsAd0_2024-04-17T09:22:28.976_0000.root
Unix Timestamp: 1713345748
Total Number of Events: 0
Loading file: /storage/hive/project/phy-otte/shared/Trinity/Data/20240417/RawDataMerged/CoBo0_AsAd0_2024-04-17T09:30:28.975_0000.root
Unix Timestamp: 1713346228
Total Number of Events: 0
Loading file: /storage/hive/project/phy-otte/shared/Trinity/Data/20240417/RawDataMerged/CoBo0_AsAd0_2024-04-17T09:14:28.977_0000.root
Unix Timestamp: 1713345268
Total Number of Events: 0
Loading file: /storage/hive/project/phy-otte/shared/Trinity/Data/20240417/RawDataMerged/CoBo0_AsAd0_2024-04-17T11:16:29.626_0000.root
Unix Timestamp: 1713352589
Total Number of Events: 12
Loading file: /storage/hive/project/phy-otte/shared/Trinity/Data/20240417/RawDataMerged/CoBo0_AsAd0_2024-04-17T10:42:29.626_0000.root
Unix Timestamp: 1713350549
Total Number of Events: 13
Loading file: /storage/hive/project/phy-otte/shared/Trinity/Data/20240417/RawDataMerged/CoBo0_AsAd0_2024-04-17T10:32:29.625_0000.root
Unix Timestamp: 1713349949
Total Number of Events: 3
Loading file: /storage/hive/project/phy-otte/shared/Trinity/Data/20240417/RawDataMerged/CoBo0_AsAd0_2024-04-17T11:00:29.628_0000.root
Unix Timestamp: 1713351629
Total Number of Events: 12
Loading file: /storage/hive/project/phy-otte/shared/Trinity/Data/20240417/RawDataMerged/CoBo0_AsAd0_2024-04-17T09:16:28.977_0000.root
Unix Timestamp: 1713345388
Total Number of Events: 0
Loading file: /storage/hive/project/phy-otte/shared/Trinity/Data/20240417/RawDataMerged/CoBo0_AsAd0_2024-04-17T10:27:44.625_0000.root
Unix Timestamp: 1713349664
Total Number of Events: 1
Loading file: /storage/hive/project/phy-otte/shared/Trinity/Data/20240417/RawDataMerged/CoBo0_AsAd0_2024-04-17T11:14:29.626_0000.root
Unix Timestamp: 1713352469
Total Number of Events: 10
Loading file: /storage/hive/project/phy-otte/shared/Trinity/Data/20240417/RawDataMerged/CoBo0_AsAd0_2024-04-17T09:20:28.976_0000.root
Unix Timestamp: 1713345628
Total Number of Events: 0
Loading file: /storage/hive/project/phy-otte/shared/Trinity/Data/20240417/RawDataMerged/CoBo0_AsAd0_2024-04-17T10:56:29.628_0000.root
Unix Timestamp: 1713351389
Total Number of Events: 12
Loading file: /storage/hive/project/phy-otte/shared/Trinity/Data/20240417/RawDataMerged/CoBo0_AsAd0_2024-04-17T11:08:29.627_0000.root
Unix Timestamp: 1713352109
Total Number of Events: 11
Loading file: /storage/hive/project/phy-otte/shared/Trinity/Data/20240417/RawDataMerged/CoBo0_AsAd0_2024-04-17T11:06:29.628_0000.root
Unix Timestamp: 1713351989
Total Number of Events: 9
Loading file: /storage/hive/project/phy-otte/shared/Trinity/Data/20240417/RawDataMerged/CoBo0_AsAd0_2024-04-17T11:10:29.628_0000.root
Unix Timestamp: 1713352229
Total Number of Events: 8
Loading file: /storage/hive/project/phy-otte/shared/Trinity/Data/20240417/RawDataMerged/CoBo0_AsAd0_2024-04-17T11:02:29.628_0000.root
Unix Timestamp: 1713351749
Total Number of Events: 9
Loading file: /storage/hive/project/phy-otte/shared/Trinity/Data/20240417/RawDataMerged/CoBo0_AsAd0_2024-04-17T10:28:29.625_0000.root
Unix Timestamp: 1713349709
Total Number of Events: 5
Loading file: /storage/hive/project/phy-otte/shared/Trinity/Data/20240417/RawDataMerged/CoBo0_AsAd0_2024-04-17T11:20:29.624_0000.root
Unix Timestamp: 1713352829
Total Number of Events: 11
Loading file: /storage/hive/project/phy-otte/shared/Trinity/Data/20240417/RawDataMerged/CoBo0_AsAd0_2024-04-17T09:02:28.966_0000.root
Unix Timestamp: 1713344548
Total Number of Events: 0
Loading file: /storage/hive/project/phy-otte/shared/Trinity/Data/20240417/RawDataMerged/CoBo0_AsAd0_2024-04-17T10:40:29.626_0000.root
Unix Timestamp: 1713350429
Total Number of Events: 18
Loading file: /storage/hive/project/phy-otte/shared/Trinity/Data/20240417/RawDataMerged/CoBo0_AsAd0_2024-04-17T09:12:28.976_0000.root
Unix Timestamp: 1713345148
Total Number of Events: 0
Loading file: /storage/hive/project/phy-otte/shared/Trinity/Data/20240417/RawDataMerged/CoBo0_AsAd0_2024-04-17T10:46:29.627_0000.root
Unix Timestamp: 1713350789
Total Number of Events: 8
Loading file: /storage/hive/project/phy-otte/shared/Trinity/Data/20240417/RawDataMerged/CoBo0_AsAd0_2024-04-17T09:18:28.977_0000.root
Unix Timestamp: 1713345508
Total Number of Events: 0
Loading file: /storage/hive/project/phy-otte/shared/Trinity/Data/20240417/RawDataMerged/CoBo0_AsAd0_2024-04-17T10:36:29.624_0000.root
Unix Timestamp: 1713350189
Total Number of Events: 34
Loading file: /storage/hive/project/phy-otte/shared/Trinity/Data/20240417/RawDataMerged/CoBo0_AsAd0_2024-04-17T09:26:28.975_0000.root
Unix Timestamp: 1713345988
Total Number of Events: 0
Loading file: /storage/hive/project/phy-otte/shared/Trinity/Data/20240417/RawDataMerged/CoBo0_AsAd0_2024-04-17T11:24:29.623_0000.root
Unix Timestamp: 1713353069
Total Number of Events: 8
Loading file: /storage/hive/project/phy-otte/shared/Trinity/Data/20240417/RawDataMerged/CoBo0_AsAd0_2024-04-17T09:08:28.976_0000.root
Unix Timestamp: 1713344908
Total Number of Events: 0
Loading file: /storage/hive/project/phy-otte/shared/Trinity/Data/20240417/RawDataMerged/CoBo0_AsAd0_2024-04-17T09:06:28.976_0000.root
Unix Timestamp: 1713344788
Total Number of Events: 0
Loading file: /storage/hive/project/phy-otte/shared/Trinity/Data/20240417/RawDataMerged/CoBo0_AsAd0_2024-04-17T10:54:29.628_0000.root
Unix Timestamp: 1713351269
Total Number of Events: 7
Loading file: /storage/hive/project/phy-otte/shared/Trinity/Data/20240417/RawDataMerged/CoBo0_AsAd0_2024-04-17T09:01:53.038_0000.root
Unix Timestamp: 1713344513
Total Number of Events: 0
Loading file: /storage/hive/project/phy-otte/shared/Trinity/Data/20240417/RawDataMerged/CoBo0_AsAd0_2024-04-17T10:30:29.625_0000.root
Unix Timestamp: 1713349829
Total Number of Events: 3
Loading file: /storage/hive/project/phy-otte/shared/Trinity/Data/20240417/RawDataMerged/CoBo0_AsAd0_2024-04-17T10:52:29.628_0000.root
Unix Timestamp: 1713351149
Total Number of Events: 11
Loading file: /storage/hive/project/phy-otte/shared/Trinity/Data/20240417/RawDataMerged/CoBo0_AsAd0_2024-04-17T09:28:28.974_0000.root
Unix Timestamp: 1713346108
Total Number of Events: 0
Loading file: /storage/hive/project/phy-otte/shared/Trinity/Data/20240417/RawDataMerged/CoBo0_AsAd0_2024-04-17T09:04:28.973_0000.root
Unix Timestamp: 1713344668
Total Number of Events: 0
Loading file: /storage/hive/project/phy-otte/shared/Trinity/Data/20240417/RawDataMerged/CoBo0_AsAd0_2024-04-17T11:22:29.624_0000.root
Unix Timestamp: 1713352949
Total Number of Events: 14
Loading file: /storage/hive/project/phy-otte/shared/Trinity/Data/20240417/RawDataMerged/CoBo0_AsAd0_2024-04-17T11:04:29.628_0000.root
Unix Timestamp: 1713351869
Total Number of Events: 16
Loading file: /storage/hive/project/phy-otte/shared/Trinity/Data/20240417/RawDataMerged/CoBo0_AsAd0_2024-04-17T10:38:29.625_0000.root
Unix Timestamp: 1713350309
Total Number of Events: 24
Loading file: /storage/hive/project/phy-otte/shared/Trinity/Data/20240417/RawDataMerged/CoBo0_AsAd0_2024-04-17T10:34:29.624_0000.root
Unix Timestamp: 1713350069
Total Number of Events: 17
Loading file: /storage/hive/project/phy-otte/shared/Trinity/Data/20240417/RawDataMerged/CoBo0_AsAd0_2024-04-17T10:48:29.628_0000.root
Unix Timestamp: 1713350909
Total Number of Events: 10
Loading file: /storage/hive/project/phy-otte/shared/Trinity/Data/20240417/RawDataMerged/CoBo0_AsAd0_2024-04-17T10:50:29.628_0000.root
Unix Timestamp: 1713351029
Total Number of Events: 10
Loading file: /storage/hive/project/phy-otte/shared/Trinity/Data/20240417/RawDataMerged/CoBo0_AsAd0_2024-04-17T10:44:29.627_0000.root
Unix Timestamp: 1713350669
Total Number of Events: 10
Loading file: /storage/hive/project/phy-otte/shared/Trinity/Data/20240417/RawDataMerged/CoBo0_AsAd0_2024-04-17T11:12:29.627_0000.root
Unix Timestamp: 1713352349
Total Number of Events: 10
Info in <TCanvas::Print>: pdf file /storage/hive/project/phy-otte/shared/Trinity/DataAnalysis/DataSummary/Output/20240417.pdf has been created
Info in <TCanvas::Print>: Current canvas added to pdf file /storage/hive/project/phy-otte/shared/Trinity/DataAnalysis/DataSummary/Output/20240417.pdf
Info in <TCanvas::Print>: Current canvas added to pdf file /storage/hive/project/phy-otte/shared/Trinity/DataAnalysis/DataSummary/Output/20240417.pdf
Info in <TCanvas::Print>: Current canvas added to pdf file /storage/hive/project/phy-otte/shared/Trinity/DataAnalysis/DataSummary/Output/20240417.pdf
Info in <TCanvas::Print>: Current canvas added to pdf file /storage/hive/project/phy-otte/shared/Trinity/DataAnalysis/DataSummary/Output/20240417.pdf
Info in <TCanvas::Print>: Current canvas added to pdf file /storage/hive/project/phy-otte/shared/Trinity/DataAnalysis/DataSummary/Output/20240417.pdf
Info in <TCanvas::Print>: Current canvas added to pdf file /storage/hive/project/phy-otte/shared/Trinity/DataAnalysis/DataSummary/Output/20240417.pdf
Info in <TCanvas::Print>: pdf file /storage/hive/project/phy-otte/shared/Trinity/DataAnalysis/DataSummary/Output/20240417.pdf has been closed
spawn ssh -i /home/sstepanoff3/.ssh/hive sstepanoff3@login-hive.pace.gatech.edu /storage/hive/project/phy-otte/shared/Trinity/DataAnalysis/DataSummary/sumDir/FolderDataSum 20240418

Inactive Modules:
  1) mvapich2

The following have been reloaded with a version change:
  1) gcc/10.3.0-o57x6h => gcc/8.3.0-rv4av7
  2) mpc/1.2.1-zoh6w2 => mpc/1.1.0-kyjl4f
  3) mpfr/4.1.0-32gcbv => mpfr/3.1.6-yuvsh4

/storage/hive/project/phy-otte/shared/Trinity/Data/20240418/RawDataMerged/
Error opening file
Loading file: /storage/hive/project/phy-otte/shared/Trinity/Data/20240418/RawDataMerged/CoBo0_AsAd0_2024-04-18T04:33:29.183_0000.root
Unix Timestamp: 1713414809
Warning in <TClass::Init>: no dictionary for class ROOT::TIOFeatures is available
Total Number of Events: 0
Loading file: /storage/hive/project/phy-otte/shared/Trinity/Data/20240418/RawDataMerged/CoBo0_AsAd0_2024-04-18T04:14:53.240_0000.root
Unix Timestamp: 1713413693
Total Number of Events: 0
Loading file: /storage/hive/project/phy-otte/shared/Trinity/Data/20240418/RawDataMerged/CoBo0_AsAd0_2024-04-18T05:05:29.774_0000.root
Unix Timestamp: 1713416729
Total Number of Events: 0
Loading file: /storage/hive/project/phy-otte/shared/Trinity/Data/20240418/RawDataMerged/CoBo0_AsAd0_2024-04-18T05:19:27.115_0000.root
Unix Timestamp: 1713417567
Total Number of Events: 0
Loading file: /storage/hive/project/phy-otte/shared/Trinity/Data/20240418/RawDataMerged/CoBo0_AsAd0_2024-04-18T04:17:29.169_0000.root
Unix Timestamp: 1713413849
Total Number of Events: 0
Loading file: /storage/hive/project/phy-otte/shared/Trinity/Data/20240418/RawDataMerged/CoBo0_AsAd0_2024-04-18T11:09:24.921_0000.root
Unix Timestamp: 1713438564
Total Number of Events: 0
Loading file: /storage/hive/project/phy-otte/shared/Trinity/Data/20240418/RawDataMerged/CoBo0_AsAd0_2024-04-18T04:49:29.758_0000.root
Unix Timestamp: 1713415769
Total Number of Events: 0
Loading file: /storage/hive/project/phy-otte/shared/Trinity/Data/20240418/RawDataMerged/CoBo0_AsAd0_2024-04-18T11:13:24.708_0000.root
Unix Timestamp: 1713438804
Total Number of Events: 0
Loading file: /storage/hive/project/phy-otte/shared/Trinity/Data/20240418/RawDataMerged/CoBo0_AsAd0_2024-04-18T04:51:29.758_0000.root
Unix Timestamp: 1713415889
Total Number of Events: 0
Loading file: /storage/hive/project/phy-otte/shared/Trinity/Data/20240418/RawDataMerged/CoBo0_AsAd0_2024-04-18T04:19:29.171_0000.root
Unix Timestamp: 1713413969
Total Number of Events: 0
Loading file: /storage/hive/project/phy-otte/shared/Trinity/Data/20240418/RawDataMerged/CoBo0_AsAd0_2024-04-18T10:57:24.712_0000.root
Unix Timestamp: 1713437844
Total Number of Events: 0
Loading file: /storage/hive/project/phy-otte/shared/Trinity/Data/20240418/RawDataMerged/CoBo0_AsAd0_2024-04-18T04:21:29.175_0000.root
Unix Timestamp: 1713414089
Total Number of Events: 0
Loading file: /storage/hive/project/phy-otte/shared/Trinity/Data/20240418/RawDataMerged/CoBo0_AsAd0_2024-04-18T04:23:29.181_0000.root
Unix Timestamp: 1713414209
Total Number of Events: 0
Loading file: /storage/hive/project/phy-otte/shared/Trinity/Data/20240418/RawDataMerged/CoBo0_AsAd0_2024-04-18T10:24:55.787_0000.root
Unix Timestamp: 1713435895
Total Number of Events: 0
Loading file: /storage/hive/project/phy-otte/shared/Trinity/Data/20240418/RawDataMerged/CoBo0_AsAd0_2024-04-18T11:11:24.708_0000.root
Unix Timestamp: 1713438684
Total Number of Events: 0
Loading file: /storage/hive/project/phy-otte/shared/Trinity/Data/20240418/RawDataMerged/CoBo0_AsAd0_2024-04-18T11:01:24.711_0000.root
Unix Timestamp: 1713438084
Total Number of Events: 0
Loading file: /storage/hive/project/phy-otte/shared/Trinity/Data/20240418/RawDataMerged/CoBo0_AsAd0_2024-04-18T04:25:29.179_0000.root
Unix Timestamp: 1713414329
Total Number of Events: 0
Loading file: /storage/hive/project/phy-otte/shared/Trinity/Data/20240418/RawDataMerged/CoBo0_AsAd0_2024-04-18T10:59:24.712_0000.root
Unix Timestamp: 1713437964
Total Number of Events: 0
Loading file: /storage/hive/project/phy-otte/shared/Trinity/Data/20240418/RawDataMerged/CoBo0_AsAd0_2024-04-18T05:28:22.892_0000.root
Unix Timestamp: 1713418102
Total Number of Events: 0
Loading file: /storage/hive/project/phy-otte/shared/Trinity/Data/20240418/RawDataMerged/CoBo0_AsAd0_2024-04-18T04:31:29.179_0000.root
Unix Timestamp: 1713414689
Total Number of Events: 0
Loading file: /storage/hive/project/phy-otte/shared/Trinity/Data/20240418/RawDataMerged/CoBo0_AsAd0_2024-04-18T10:25:24.721_0000.root
Unix Timestamp: 1713435924
Total Number of Events: 0
Loading file: /storage/hive/project/phy-otte/shared/Trinity/Data/20240418/RawDataMerged/CoBo0_AsAd0_2024-04-18T11:03:24.710_0000.root
Unix Timestamp: 1713438204
Total Number of Events: 0
Loading file: /storage/hive/project/phy-otte/shared/Trinity/Data/20240418/RawDataMerged/CoBo0_AsAd0_2024-04-18T04:47:29.759_0000.root
Unix Timestamp: 1713415649
Total Number of Events: 0
Loading file: /storage/hive/project/phy-otte/shared/Trinity/Data/20240418/RawDataMerged/CoBo0_AsAd0_2024-04-18T04:29:29.178_0000.root
Unix Timestamp: 1713414569
Total Number of Events: 0
Loading file: /storage/hive/project/phy-otte/shared/Trinity/Data/20240418/RawDataMerged/CoBo0_AsAd0_2024-04-18T04:27:29.177_0000.root
Unix Timestamp: 1713414449
Total Number of Events: 0
Loading file: /storage/hive/project/phy-otte/shared/Trinity/Data/20240418/RawDataMerged/CoBo0_AsAd0_2024-04-18T04:15:29.173_0000.root
Unix Timestamp: 1713413729
Total Number of Events: 0
Loading file: /storage/hive/project/phy-otte/shared/Trinity/Data/20240418/RawDataMerged/CoBo0_AsAd0_2024-04-18T04:45:55.830_0000.root
Unix Timestamp: 1713415555
Total Number of Events: 0
Loading file: /storage/hive/project/phy-otte/shared/Trinity/Data/20240418/RawDataMerged/CoBo0_AsAd0_2024-04-18T05:29:29.826_0000.root
Unix Timestamp: 1713418169
Total Number of Events: 0
Loading file: /storage/hive/project/phy-otte/shared/Trinity/Data/20240418/RawDataMerged/CoBo0_AsAd0_2024-04-18T11:07:24.709_0000.root
Unix Timestamp: 1713438444
Total Number of Events: 0
Loading file: /storage/hive/project/phy-otte/shared/Trinity/Data/20240418/RawDataMerged/CoBo0_AsAd0_2024-04-18T04:53:29.759_0000.root
Unix Timestamp: 1713416009
Total Number of Events: 0
Loading file: /storage/hive/project/phy-otte/shared/Trinity/Data/20240418/RawDataMerged/CoBo0_AsAd0_2024-04-18T11:15:24.707_0000.root
Unix Timestamp: 1713438924
Total Number of Events: 0
Loading file: /storage/hive/project/phy-otte/shared/Trinity/Data/20240418/RawDataMerged/CoBo0_AsAd0_2024-04-18T05:07:29.777_0000.root
Unix Timestamp: 1713416849
Total Number of Events: 0
Loading file: /storage/hive/project/phy-otte/shared/Trinity/Data/20240418/RawDataMerged/CoBo0_AsAd0_2024-04-18T11:05:24.710_0000.root
Unix Timestamp: 1713438324
Total Number of Events: 0
Loading file: /storage/hive/project/phy-otte/shared/Trinity/Data/20240418/RawDataMerged/CoBo0_AsAd0_2024-04-18T05:21:29.043_0000.root
Unix Timestamp: 1713417689
Total Number of Events: 0
Loading file: /storage/hive/project/phy-otte/shared/Trinity/Data/20240418/RawDataMerged/CoBo0_AsAd0_2024-04-18T05:04:22.839_0000.root
Unix Timestamp: 1713416662
Total Number of Events: 0
Loading file: /storage/hive/project/phy-otte/shared/Trinity/Data/20240418/RawDataMerged/CoBo0_AsAd0_2024-04-18T04:35:29.186_0000.root
Unix Timestamp: 1713414929
Total Number of Events: 0
Loading file: /storage/hive/project/phy-otte/shared/Trinity/Data/20240418/RawDataMerged/CoBo0_AsAd0_2024-04-18T10:56:49.845_0000.root
Unix Timestamp: 1713437809
Total Number of Events: 0
Loading file: /storage/hive/project/phy-otte/shared/Trinity/Data/20240418/RawDataMerged/CoBo0_AsAd0_2024-04-18T04:57:23.827_0000.root
Unix Timestamp: 1713416243
Total Number of Events: 0
Info in <TCanvas::Print>: pdf file /storage/hive/project/phy-otte/shared/Trinity/DataAnalysis/DataSummary/Output/20240418.pdf has been created
Info in <TCanvas::Print>: Current canvas added to pdf file /storage/hive/project/phy-otte/shared/Trinity/DataAnalysis/DataSummary/Output/20240418.pdf
Error in <TGraphPainter::PaintGraph>: illegal number of points (0)
Info in <TCanvas::Print>: Current canvas added to pdf file /storage/hive/project/phy-otte/shared/Trinity/DataAnalysis/DataSummary/Output/20240418.pdf
Error in <TGraphPainter::PaintGraph>: illegal number of points (0)
Info in <TCanvas::Print>: Current canvas added to pdf file /storage/hive/project/phy-otte/shared/Trinity/DataAnalysis/DataSummary/Output/20240418.pdf
Error in <TGraphPainter::PaintGraph>: illegal number of points (0)
Info in <TCanvas::Print>: Current canvas added to pdf file /storage/hive/project/phy-otte/shared/Trinity/DataAnalysis/DataSummary/Output/20240418.pdf
Error in <TGraphPainter::PaintGraph>: illegal number of points (0)
Info in <TCanvas::Print>: Current canvas added to pdf file /storage/hive/project/phy-otte/shared/Trinity/DataAnalysis/DataSummary/Output/20240418.pdf
Error in <TGraphPainter::PaintGraph>: illegal number of points (0)
Info in <TCanvas::Print>: Current canvas added to pdf file /storage/hive/project/phy-otte/shared/Trinity/DataAnalysis/DataSummary/Output/20240418.pdf
Info in <TCanvas::Print>: pdf file /storage/hive/project/phy-otte/shared/Trinity/DataAnalysis/DataSummary/Output/20240418.pdf has been closed
spawn ssh -i /home/sstepanoff3/.ssh/hive sstepanoff3@login-hive.pace.gatech.edu /storage/hive/project/phy-otte/shared/Trinity/DataAnalysis/DataSummary/sumDir/FolderDataSum 20240419

Inactive Modules:
  1) mvapich2

The following have been reloaded with a version change:
  1) gcc/10.3.0-o57x6h => gcc/8.3.0-rv4av7
  2) mpc/1.2.1-zoh6w2 => mpc/1.1.0-kyjl4f
  3) mpfr/4.1.0-32gcbv => mpfr/3.1.6-yuvsh4

/storage/hive/project/phy-otte/shared/Trinity/Data/20240419/RawDataMerged/
Error opening file
Loading file: /storage/hive/project/phy-otte/shared/Trinity/Data/20240419/RawDataMerged/CoBo0_AsAd0_2024-04-19T04:44:18.749_0000.root
Unix Timestamp: 1713501858
Warning in <TClass::Init>: no dictionary for class ROOT::TIOFeatures is available
Total Number of Events: 0
Loading file: /storage/hive/project/phy-otte/shared/Trinity/Data/20240419/RawDataMerged/CoBo0_AsAd0_2024-04-19T03:23:17.614_0000.root
Unix Timestamp: 1713496997
Total Number of Events: 0
Loading file: /storage/hive/project/phy-otte/shared/Trinity/Data/20240419/RawDataMerged/CoBo0_AsAd0_2024-04-19T04:05:17.355_0000.root
Unix Timestamp: 1713499517
Total Number of Events: 0
Loading file: /storage/hive/project/phy-otte/shared/Trinity/Data/20240419/RawDataMerged/CoBo0_AsAd0_2024-04-19T03:19:17.614_0000.root
Unix Timestamp: 1713496757
Total Number of Events: 0
Loading file: /storage/hive/project/phy-otte/shared/Trinity/Data/20240419/RawDataMerged/CoBo0_AsAd0_2024-04-19T04:42:46.817_0000.root
Unix Timestamp: 1713501766
Total Number of Events: 0
Loading file: /storage/hive/project/phy-otte/shared/Trinity/Data/20240419/RawDataMerged/CoBo0_AsAd0_2024-04-19T03:18:50.681_0000.root
Unix Timestamp: 1713496730
Total Number of Events: 0
Loading file: /storage/hive/project/phy-otte/shared/Trinity/Data/20240419/RawDataMerged/CoBo0_AsAd0_2024-04-19T04:02:55.425_0000.root
Unix Timestamp: 1713499375
Total Number of Events: 0
Loading file: /storage/hive/project/phy-otte/shared/Trinity/Data/20240419/RawDataMerged/CoBo0_AsAd0_2024-04-19T03:21:17.614_0000.root
Unix Timestamp: 1713496877
Total Number of Events: 0
Info in <TCanvas::Print>: pdf file /storage/hive/project/phy-otte/shared/Trinity/DataAnalysis/DataSummary/Output/20240419.pdf has been created
Info in <TCanvas::Print>: Current canvas added to pdf file /storage/hive/project/phy-otte/shared/Trinity/DataAnalysis/DataSummary/Output/20240419.pdf
Error in <TGraphPainter::PaintGraph>: illegal number of points (0)
Info in <TCanvas::Print>: Current canvas added to pdf file /storage/hive/project/phy-otte/shared/Trinity/DataAnalysis/DataSummary/Output/20240419.pdf
Error in <TGraphPainter::PaintGraph>: illegal number of points (0)
Info in <TCanvas::Print>: Current canvas added to pdf file /storage/hive/project/phy-otte/shared/Trinity/DataAnalysis/DataSummary/Output/20240419.pdf
Error in <TGraphPainter::PaintGraph>: illegal number of points (0)
Info in <TCanvas::Print>: Current canvas added to pdf file /storage/hive/project/phy-otte/shared/Trinity/DataAnalysis/DataSummary/Output/20240419.pdf
Error in <TGraphPainter::PaintGraph>: illegal number of points (0)
Info in <TCanvas::Print>: Current canvas added to pdf file /storage/hive/project/phy-otte/shared/Trinity/DataAnalysis/DataSummary/Output/20240419.pdf
Error in <TGraphPainter::PaintGraph>: illegal number of points (0)
Info in <TCanvas::Print>: Current canvas added to pdf file /storage/hive/project/phy-otte/shared/Trinity/DataAnalysis/DataSummary/Output/20240419.pdf
Info in <TCanvas::Print>: pdf file /storage/hive/project/phy-otte/shared/Trinity/DataAnalysis/DataSummary/Output/20240419.pdf has been closed
spawn ssh -i /home/sstepanoff3/.ssh/hive sstepanoff3@login-hive.pace.gatech.edu /storage/hive/project/phy-otte/shared/Trinity/DataAnalysis/DataSummary/sumDir/FolderDataSum 20240420

Inactive Modules:
  1) mvapich2

The following have been reloaded with a version change:
  1) gcc/10.3.0-o57x6h => gcc/8.3.0-rv4av7
  2) mpc/1.2.1-zoh6w2 => mpc/1.1.0-kyjl4f
  3) mpfr/4.1.0-32gcbv => mpfr/3.1.6-yuvsh4

/storage/hive/project/phy-otte/shared/Trinity/Data/20240420/RawDataMerged/
Loading file: /storage/hive/project/phy-otte/shared/Trinity/Data/20240420/RawDataMerged/CoBo0_AsAd0_2024-04-20T03:30:57.351_0000.root
Error opening file
Unix Timestamp: 1713583857
Warning in <TClass::Init>: no dictionary for class ROOT::TIOFeatures is available
Total Number of Events: 0
Loading file: /storage/hive/project/phy-otte/shared/Trinity/Data/20240420/RawDataMerged/CoBo0_AsAd0_2024-04-20T04:06:56.786_0000.root
Unix Timestamp: 1713586016
Total Number of Events: 0
Loading file: /storage/hive/project/phy-otte/shared/Trinity/Data/20240420/RawDataMerged/CoBo0_AsAd0_2024-04-20T03:38:57.999_0000.root
Unix Timestamp: 1713584337
Total Number of Events: 0
Loading file: /storage/hive/project/phy-otte/shared/Trinity/Data/20240420/RawDataMerged/CoBo0_AsAd0_2024-04-20T04:04:55.750_0000.root
Unix Timestamp: 1713585895
Total Number of Events: 0
Loading file: /storage/hive/project/phy-otte/shared/Trinity/Data/20240420/RawDataMerged/CoBo0_AsAd0_2024-04-20T03:36:56.926_0000.root
Unix Timestamp: 1713584216
Total Number of Events: 0
Loading file: /storage/hive/project/phy-otte/shared/Trinity/Data/20240420/RawDataMerged/CoBo0_AsAd0_2024-04-20T03:32:56.992_0000.root
Unix Timestamp: 1713583976
Total Number of Events: 0
Loading file: /storage/hive/project/phy-otte/shared/Trinity/Data/20240420/RawDataMerged/CoBo0_AsAd0_2024-04-20T03:29:09.844_0000.root
Unix Timestamp: 1713583749
Total Number of Events: 0
Loading file: /storage/hive/project/phy-otte/shared/Trinity/Data/20240420/RawDataMerged/CoBo0_AsAd0_2024-04-20T03:40:57.633_0000.root
Unix Timestamp: 1713584457
Total Number of Events: 0
Loading file: /storage/hive/project/phy-otte/shared/Trinity/Data/20240420/RawDataMerged/CoBo0_AsAd0_2024-04-20T03:50:57.456_0000.root
Unix Timestamp: 1713585057
Total Number of Events: 0
Loading file: /storage/hive/project/phy-otte/shared/Trinity/Data/20240420/RawDataMerged/CoBo0_AsAd0_2024-04-20T03:34:56.848_0000.root
Unix Timestamp: 1713584096
Total Number of Events: 0
Loading file: /storage/hive/project/phy-otte/shared/Trinity/Data/20240420/RawDataMerged/CoBo0_AsAd0_2024-04-20T03:42:56.855_0000.root
Unix Timestamp: 1713584576
Total Number of Events: 0
Loading file: /storage/hive/project/phy-otte/shared/Trinity/Data/20240420/RawDataMerged/CoBo0_AsAd0_2024-04-20T03:48:56.987_0000.root
Unix Timestamp: 1713584936
Total Number of Events: 0
Loading file: /storage/hive/project/phy-otte/shared/Trinity/Data/20240420/RawDataMerged/CoBo0_AsAd0_2024-04-20T03:44:56.778_0000.root
Unix Timestamp: 1713584696
Total Number of Events: 0
Loading file: /storage/hive/project/phy-otte/shared/Trinity/Data/20240420/RawDataMerged/CoBo0_AsAd0_2024-04-20T03:46:57.173_0000.root
Unix Timestamp: 1713584817
Total Number of Events: 0
Info in <TCanvas::Print>: pdf file /storage/hive/project/phy-otte/shared/Trinity/DataAnalysis/DataSummary/Output/20240420.pdf has been created
Info in <TCanvas::Print>: Current canvas added to pdf file /storage/hive/project/phy-otte/shared/Trinity/DataAnalysis/DataSummary/Output/20240420.pdf
Error in <TGraphPainter::PaintGraph>: illegal number of points (0)
Info in <TCanvas::Print>: Current canvas added to pdf file /storage/hive/project/phy-otte/shared/Trinity/DataAnalysis/DataSummary/Output/20240420.pdf
Error in <TGraphPainter::PaintGraph>: illegal number of points (0)
Info in <TCanvas::Print>: Current canvas added to pdf file /storage/hive/project/phy-otte/shared/Trinity/DataAnalysis/DataSummary/Output/20240420.pdf
Error in <TGraphPainter::PaintGraph>: illegal number of points (0)
Info in <TCanvas::Print>: Current canvas added to pdf file /storage/hive/project/phy-otte/shared/Trinity/DataAnalysis/DataSummary/Output/20240420.pdf
Error in <TGraphPainter::PaintGraph>: illegal number of points (0)
Info in <TCanvas::Print>: Current canvas added to pdf file /storage/hive/project/phy-otte/shared/Trinity/DataAnalysis/DataSummary/Output/20240420.pdf
Error in <TGraphPainter::PaintGraph>: illegal number of points (0)
Info in <TCanvas::Print>: Current canvas added to pdf file /storage/hive/project/phy-otte/shared/Trinity/DataAnalysis/DataSummary/Output/20240420.pdf
Info in <TCanvas::Print>: pdf file /storage/hive/project/phy-otte/shared/Trinity/DataAnalysis/DataSummary/Output/20240420.pdf has been closed
spawn ssh -i /home/sstepanoff3/.ssh/hive sstepanoff3@login-hive.pace.gatech.edu /storage/hive/project/phy-otte/shared/Trinity/DataAnalysis/DataSummary/sumDir/FolderDataSum 20240421

Inactive Modules:
  1) mvapich2

The following have been reloaded with a version change:
  1) gcc/10.3.0-o57x6h => gcc/8.3.0-rv4av7
  2) mpc/1.2.1-zoh6w2 => mpc/1.1.0-kyjl4f
  3) mpfr/4.1.0-32gcbv => mpfr/3.1.6-yuvsh4

/storage/hive/project/phy-otte/shared/Trinity/Data/20240421/RawDataMerged/
Error opening file
Info in <TCanvas::Print>: pdf file /storage/hive/project/phy-otte/shared/Trinity/DataAnalysis/DataSummary/Output/20240421.pdf has been created

 *** Break *** segmentation violation



===========================================================
There was a crash.
This is the entire stack trace of all threads:
===========================================================
#0  0x00007ffff31ea60c in waitpid () from /lib64/libc.so.6
#1  0x00007ffff3167f62 in do_system () from /lib64/libc.so.6
#2  0x00007ffff74a5f97 in TUnixSystem::StackTrace() () from /usr/local/pace-apps/manual/packages/root/6.08.06/gcc-8.3.0/lib/libCore.so
#3  0x00007ffff74a8004 in TUnixSystem::DispatchSignals(ESignals) () from /usr/local/pace-apps/manual/packages/root/6.08.06/gcc-8.3.0/lib/libCore.so
#4  <signal handler called>
#5  0x0000000000406818 in main () at makeFolderDataSum.cpp:247
#6  0x00007ffff3147555 in __libc_start_main () from /lib64/libc.so.6
#7  0x0000000000407523 in _start () at /storage/pace-apps/spack/packages/linux-rhel7-x86_64/gcc-4.8.5/gcc-8.3.0-rv4av7fa4e6y7etttjocwyhsvatqhnsg/bin/../lib/gcc/x86_64-pc-linux-gnu/8.3.0/../../../../include/c++/8.3.0/bits/char_traits.h:352
===========================================================


The lines below might hint at the cause of the crash.
You may get help by asking at the ROOT forum http://root.cern.ch/forum.
Only if you are really convinced it is a bug in ROOT then please submit a
report at http://root.cern.ch/bugs. Please post the ENTIRE stack trace
from above as an attachment in addition to anything else
that might help us fixing this issue.
===========================================================
#5  0x0000000000406818 in main () at makeFolderDataSum.cpp:247
#6  0x00007ffff3147555 in __libc_start_main () from /lib64/libc.so.6
#7  0x0000000000407523 in _start () at /storage/pace-apps/spack/packages/linux-rhel7-x86_64/gcc-4.8.5/gcc-8.3.0-rv4av7fa4e6y7etttjocwyhsvatqhnsg/bin/../lib/gcc/x86_64-pc-linux-gnu/8.3.0/../../../../include/c++/8.3.0/bits/char_traits.h:352
===========================================================


spawn ssh -i /home/sstepanoff3/.ssh/hive sstepanoff3@login-hive.pace.gatech.edu /storage/hive/project/phy-otte/shared/Trinity/DataAnalysis/DataSummary/sumDir/FolderDataSum 20240422

Inactive Modules:
  1) mvapich2

The following have been reloaded with a version change:
  1) gcc/10.3.0-o57x6h => gcc/8.3.0-rv4av7
  2) mpc/1.2.1-zoh6w2 => mpc/1.1.0-kyjl4f
  3) mpfr/4.1.0-32gcbv => mpfr/3.1.6-yuvsh4

/storage/hive/project/phy-otte/shared/Trinity/Data/20240422/RawDataMerged/
Error opening file
Loading file: /storage/hive/project/phy-otte/shared/Trinity/Data/20240422/RawDataMerged/CoBo0_AsAd0_2024-04-22T03:28:25.671_0000.root
Unix Timestamp: 1713756505
Warning in <TClass::Init>: no dictionary for class ROOT::TIOFeatures is available
Total Number of Events: 0
Loading file: /storage/hive/project/phy-otte/shared/Trinity/Data/20240422/RawDataMerged/CoBo0_AsAd0_2024-04-22T04:40:25.025_0000.root
Unix Timestamp: 1713760825
Total Number of Events: 0
Loading file: /storage/hive/project/phy-otte/shared/Trinity/Data/20240422/RawDataMerged/CoBo0_AsAd0_2024-04-22T04:58:25.027_0000.root
Unix Timestamp: 1713761905
Total Number of Events: 0
Loading file: /storage/hive/project/phy-otte/shared/Trinity/Data/20240422/RawDataMerged/CoBo0_AsAd0_2024-04-22T03:14:25.670_0000.root
Unix Timestamp: 1713755665
Total Number of Events: 0
Loading file: /storage/hive/project/phy-otte/shared/Trinity/Data/20240422/RawDataMerged/CoBo0_AsAd0_2024-04-22T05:02:25.028_0000.root
Unix Timestamp: 1713762145
Total Number of Events: 0
Loading file: /storage/hive/project/phy-otte/shared/Trinity/Data/20240422/RawDataMerged/CoBo0_AsAd0_2024-04-22T04:16:25.020_0000.root
Unix Timestamp: 1713759385
Total Number of Events: 0
Loading file: /storage/hive/project/phy-otte/shared/Trinity/Data/20240422/RawDataMerged/CoBo0_AsAd0_2024-04-22T03:22:25.670_0000.root
Unix Timestamp: 1713756145
Total Number of Events: 0
Loading file: /storage/hive/project/phy-otte/shared/Trinity/Data/20240422/RawDataMerged/CoBo0_AsAd0_2024-04-22T04:34:25.024_0000.root
Unix Timestamp: 1713760465
Total Number of Events: 0
Loading file: /storage/hive/project/phy-otte/shared/Trinity/Data/20240422/RawDataMerged/CoBo0_AsAd0_2024-04-22T05:06:25.099_0000.root
Unix Timestamp: 1713762385
Total Number of Events: 0
Loading file: /storage/hive/project/phy-otte/shared/Trinity/Data/20240422/RawDataMerged/CoBo0_AsAd0_2024-04-22T03:24:25.670_0000.root
Unix Timestamp: 1713756265
Total Number of Events: 0
Loading file: /storage/hive/project/phy-otte/shared/Trinity/Data/20240422/RawDataMerged/CoBo0_AsAd0_2024-04-22T04:38:25.025_0000.root
Unix Timestamp: 1713760705
Total Number of Events: 0
Loading file: /storage/hive/project/phy-otte/shared/Trinity/Data/20240422/RawDataMerged/CoBo0_AsAd0_2024-04-22T03:26:25.670_0000.root
Unix Timestamp: 1713756385
Total Number of Events: 0
Loading file: /storage/hive/project/phy-otte/shared/Trinity/Data/20240422/RawDataMerged/CoBo0_AsAd0_2024-04-22T03:18:25.671_0000.root
Unix Timestamp: 1713755905
Total Number of Events: 0
Loading file: /storage/hive/project/phy-otte/shared/Trinity/Data/20240422/RawDataMerged/CoBo0_AsAd0_2024-04-22T05:08:25.028_0000.root
Unix Timestamp: 1713762505
Total Number of Events: 0
Loading file: /storage/hive/project/phy-otte/shared/Trinity/Data/20240422/RawDataMerged/CoBo0_AsAd0_2024-04-22T04:00:25.088_0000.root
Unix Timestamp: 1713758425
Total Number of Events: 0
Loading file: /storage/hive/project/phy-otte/shared/Trinity/Data/20240422/RawDataMerged/CoBo0_AsAd0_2024-04-22T04:33:51.089_0000.root
Unix Timestamp: 1713760431
Total Number of Events: 0
Loading file: /storage/hive/project/phy-otte/shared/Trinity/Data/20240422/RawDataMerged/CoBo0_AsAd0_2024-04-22T04:15:21.085_0000.root
Unix Timestamp: 1713759321
Total Number of Events: 0
Loading file: /storage/hive/project/phy-otte/shared/Trinity/Data/20240422/RawDataMerged/CoBo0_AsAd0_2024-04-22T03:32:25.670_0000.root
Unix Timestamp: 1713756745
Total Number of Events: 0
Loading file: /storage/hive/project/phy-otte/shared/Trinity/Data/20240422/RawDataMerged/CoBo0_AsAd0_2024-04-22T04:02:25.019_0000.root
Unix Timestamp: 1713758545
Total Number of Events: 0
Loading file: /storage/hive/project/phy-otte/shared/Trinity/Data/20240422/RawDataMerged/CoBo0_AsAd0_2024-04-22T03:58:25.019_0000.root
Unix Timestamp: 1713758305
Total Number of Events: 0
Loading file: /storage/hive/project/phy-otte/shared/Trinity/Data/20240422/RawDataMerged/CoBo0_AsAd0_2024-04-22T04:36:25.025_0000.root
Unix Timestamp: 1713760585
Total Number of Events: 0
Loading file: /storage/hive/project/phy-otte/shared/Trinity/Data/20240422/RawDataMerged/CoBo0_AsAd0_2024-04-22T05:04:25.028_0000.root
Unix Timestamp: 1713762265
Total Number of Events: 0
Loading file: /storage/hive/project/phy-otte/shared/Trinity/Data/20240422/RawDataMerged/CoBo0_AsAd0_2024-04-22T03:20:25.670_0000.root
Unix Timestamp: 1713756025
Total Number of Events: 0
Loading file: /storage/hive/project/phy-otte/shared/Trinity/Data/20240422/RawDataMerged/CoBo0_AsAd0_2024-04-22T03:16:25.670_0000.root
Unix Timestamp: 1713755785
Total Number of Events: 0
Loading file: /storage/hive/project/phy-otte/shared/Trinity/Data/20240422/RawDataMerged/CoBo0_AsAd0_2024-04-22T05:10:25.028_0000.root
Unix Timestamp: 1713762625
Total Number of Events: 0
Loading file: /storage/hive/project/phy-otte/shared/Trinity/Data/20240422/RawDataMerged/CoBo0_AsAd0_2024-04-22T04:18:25.021_0000.root
Unix Timestamp: 1713759505
Total Number of Events: 1
Loading file: /storage/hive/project/phy-otte/shared/Trinity/Data/20240422/RawDataMerged/CoBo0_AsAd0_2024-04-22T05:00:25.028_0000.root
Unix Timestamp: 1713762025
Total Number of Events: 0
Loading file: /storage/hive/project/phy-otte/shared/Trinity/Data/20240422/RawDataMerged/CoBo0_AsAd0_2024-04-22T03:13:49.736_0000.root
Unix Timestamp: 1713755629
Total Number of Events: 0
Loading file: /storage/hive/project/phy-otte/shared/Trinity/Data/20240422/RawDataMerged/CoBo0_AsAd0_2024-04-22T04:20:25.021_0000.root
Unix Timestamp: 1713759625
Total Number of Events: 0
Loading file: /storage/hive/project/phy-otte/shared/Trinity/Data/20240422/RawDataMerged/CoBo0_AsAd0_2024-04-22T04:56:10.093_0000.root
Unix Timestamp: 1713761770
Total Number of Events: 0
Loading file: /storage/hive/project/phy-otte/shared/Trinity/Data/20240422/RawDataMerged/CoBo0_AsAd0_2024-04-22T03:34:25.670_0000.root
Unix Timestamp: 1713756865
Total Number of Events: 0
Loading file: /storage/hive/project/phy-otte/shared/Trinity/Data/20240422/RawDataMerged/CoBo0_AsAd0_2024-04-22T03:30:25.671_0000.root
Unix Timestamp: 1713756625
Total Number of Events: 0
Loading file: /storage/hive/project/phy-otte/shared/Trinity/Data/20240422/RawDataMerged/CoBo0_AsAd0_2024-04-22T03:56:11.084_0000.root
Unix Timestamp: 1713758171
Total Number of Events: 0
Info in <TCanvas::Print>: pdf file /storage/hive/project/phy-otte/shared/Trinity/DataAnalysis/DataSummary/Output/20240422.pdf has been created
Info in <TCanvas::Print>: Current canvas added to pdf file /storage/hive/project/phy-otte/shared/Trinity/DataAnalysis/DataSummary/Output/20240422.pdf
Info in <TCanvas::Print>: Current canvas added to pdf file /storage/hive/project/phy-otte/shared/Trinity/DataAnalysis/DataSummary/Output/20240422.pdf
Info in <TCanvas::Print>: Current canvas added to pdf file /storage/hive/project/phy-otte/shared/Trinity/DataAnalysis/DataSummary/Output/20240422.pdf
Info in <TCanvas::Print>: Current canvas added to pdf file /storage/hive/project/phy-otte/shared/Trinity/DataAnalysis/DataSummary/Output/20240422.pdf
Info in <TCanvas::Print>: Current canvas added to pdf file /storage/hive/project/phy-otte/shared/Trinity/DataAnalysis/DataSummary/Output/20240422.pdf
Info in <TCanvas::Print>: Current canvas added to pdf file /storage/hive/project/phy-otte/shared/Trinity/DataAnalysis/DataSummary/Output/20240422.pdf
Info in <TCanvas::Print>: pdf file /storage/hive/project/phy-otte/shared/Trinity/DataAnalysis/DataSummary/Output/20240422.pdf has been closed
spawn ssh -i /home/sstepanoff3/.ssh/hive sstepanoff3@login-hive.pace.gatech.edu /storage/hive/project/phy-otte/shared/Trinity/DataAnalysis/DataSummary/sumDir/FolderDataSum 20240423

Inactive Modules:
  1) mvapich2

The following have been reloaded with a version change:
  1) gcc/10.3.0-o57x6h => gcc/8.3.0-rv4av7
  2) mpc/1.2.1-zoh6w2 => mpc/1.1.0-kyjl4f
  3) mpfr/4.1.0-32gcbv => mpfr/3.1.6-yuvsh4

/storage/hive/project/phy-otte/shared/Trinity/Data/20240423/RawDataMerged/
Loading file: /storage/hive/project/phy-otte/shared/Trinity/Data/20240423/RawDataMerged/CoBo0_AsAd0_2024-04-23T04:27:13.703_0000.root
Error opening file
Unix Timestamp: 1713846433
Warning in <TClass::Init>: no dictionary for class ROOT::TIOFeatures is available
Total Number of Events: 0
Loading file: /storage/hive/project/phy-otte/shared/Trinity/Data/20240423/RawDataMerged/CoBo0_AsAd0_2024-04-23T04:24:51.703_0000.root
Unix Timestamp: 1713846291
Total Number of Events: 2
Info in <TCanvas::Print>: pdf file /storage/hive/project/phy-otte/shared/Trinity/DataAnalysis/DataSummary/Output/20240423.pdf has been created
Info in <TCanvas::Print>: Current canvas added to pdf file /storage/hive/project/phy-otte/shared/Trinity/DataAnalysis/DataSummary/Output/20240423.pdf
Info in <TCanvas::Print>: Current canvas added to pdf file /storage/hive/project/phy-otte/shared/Trinity/DataAnalysis/DataSummary/Output/20240423.pdf
Info in <TCanvas::Print>: Current canvas added to pdf file /storage/hive/project/phy-otte/shared/Trinity/DataAnalysis/DataSummary/Output/20240423.pdf
Info in <TCanvas::Print>: Current canvas added to pdf file /storage/hive/project/phy-otte/shared/Trinity/DataAnalysis/DataSummary/Output/20240423.pdf
Info in <TCanvas::Print>: Current canvas added to pdf file /storage/hive/project/phy-otte/shared/Trinity/DataAnalysis/DataSummary/Output/20240423.pdf
Info in <TCanvas::Print>: Current canvas added to pdf file /storage/hive/project/phy-otte/shared/Trinity/DataAnalysis/DataSummary/Output/20240423.pdf
Info in <TCanvas::Print>: pdf file /storage/hive/project/phy-otte/shared/Trinity/DataAnalysis/DataSummary/Output/20240423.pdf has been closed
spawn ssh -i /home/sstepanoff3/.ssh/hive sstepanoff3@login-hive.pace.gatech.edu /storage/hive/project/phy-otte/shared/Trinity/DataAnalysis/DataSummary/sumDir/FolderDataSum 20240424

Inactive Modules:
  1) mvapich2

The following have been reloaded with a version change:
  1) gcc/10.3.0-o57x6h => gcc/8.3.0-rv4av7
  2) mpc/1.2.1-zoh6w2 => mpc/1.1.0-kyjl4f
  3) mpfr/4.1.0-32gcbv => mpfr/3.1.6-yuvsh4

/storage/hive/project/phy-otte/shared/Trinity/Data/20240424/RawDataMerged/
Error opening file
Info in <TCanvas::Print>: pdf file /storage/hive/project/phy-otte/shared/Trinity/DataAnalysis/DataSummary/Output/20240424.pdf has been created

 *** Break *** segmentation violation



===========================================================
There was a crash.
This is the entire stack trace of all threads:
===========================================================
#0  0x00007ffff31ea60c in waitpid () from /lib64/libc.so.6
#1  0x00007ffff3167f62 in do_system () from /lib64/libc.so.6
#2  0x00007ffff74a5f97 in TUnixSystem::StackTrace() () from /usr/local/pace-apps/manual/packages/root/6.08.06/gcc-8.3.0/lib/libCore.so
#3  0x00007ffff74a8004 in TUnixSystem::DispatchSignals(ESignals) () from /usr/local/pace-apps/manual/packages/root/6.08.06/gcc-8.3.0/lib/libCore.so
#4  <signal handler called>
#5  0x0000000000406818 in main () at makeFolderDataSum.cpp:247
#6  0x00007ffff3147555 in __libc_start_main () from /lib64/libc.so.6
#7  0x0000000000407523 in _start () at /storage/pace-apps/spack/packages/linux-rhel7-x86_64/gcc-4.8.5/gcc-8.3.0-rv4av7fa4e6y7etttjocwyhsvatqhnsg/bin/../lib/gcc/x86_64-pc-linux-gnu/8.3.0/../../../../include/c++/8.3.0/bits/char_traits.h:352
===========================================================


The lines below might hint at the cause of the crash.
You may get help by asking at the ROOT forum http://root.cern.ch/forum.
Only if you are really convinced it is a bug in ROOT then please submit a
report at http://root.cern.ch/bugs. Please post the ENTIRE stack trace
from above as an attachment in addition to anything else
that might help us fixing this issue.
===========================================================
#5  0x0000000000406818 in main () at makeFolderDataSum.cpp:247
#6  0x00007ffff3147555 in __libc_start_main () from /lib64/libc.so.6
#7  0x0000000000407523 in _start () at /storage/pace-apps/spack/packages/linux-rhel7-x86_64/gcc-4.8.5/gcc-8.3.0-rv4av7fa4e6y7etttjocwyhsvatqhnsg/bin/../lib/gcc/x86_64-pc-linux-gnu/8.3.0/../../../../include/c++/8.3.0/bits/char_traits.h:352
===========================================================


spawn ssh -i /home/sstepanoff3/.ssh/hive sstepanoff3@login-hive.pace.gatech.edu /storage/hive/project/phy-otte/shared/Trinity/DataAnalysis/DataSummary/sumDir/FolderDataSum 20240425

Inactive Modules:
  1) mvapich2

The following have been reloaded with a version change:
  1) gcc/10.3.0-o57x6h => gcc/8.3.0-rv4av7
  2) mpc/1.2.1-zoh6w2 => mpc/1.1.0-kyjl4f
  3) mpfr/4.1.0-32gcbv => mpfr/3.1.6-yuvsh4

/storage/hive/project/phy-otte/shared/Trinity/Data/20240425/RawDataMerged/
Error opening file
Info in <TCanvas::Print>: pdf file /storage/hive/project/phy-otte/shared/Trinity/DataAnalysis/DataSummary/Output/20240425.pdf has been created

 *** Break *** segmentation violation



===========================================================
There was a crash.
This is the entire stack trace of all threads:
===========================================================
#0  0x00007ffff31ea60c in waitpid () from /lib64/libc.so.6
#1  0x00007ffff3167f62 in do_system () from /lib64/libc.so.6
#2  0x00007ffff74a5f97 in TUnixSystem::StackTrace() () from /usr/local/pace-apps/manual/packages/root/6.08.06/gcc-8.3.0/lib/libCore.so
#3  0x00007ffff74a8004 in TUnixSystem::DispatchSignals(ESignals) () from /usr/local/pace-apps/manual/packages/root/6.08.06/gcc-8.3.0/lib/libCore.so
#4  <signal handler called>
#5  0x0000000000406818 in main () at makeFolderDataSum.cpp:247
#6  0x00007ffff3147555 in __libc_start_main () from /lib64/libc.so.6
#7  0x0000000000407523 in _start () at /storage/pace-apps/spack/packages/linux-rhel7-x86_64/gcc-4.8.5/gcc-8.3.0-rv4av7fa4e6y7etttjocwyhsvatqhnsg/bin/../lib/gcc/x86_64-pc-linux-gnu/8.3.0/../../../../include/c++/8.3.0/bits/char_traits.h:352
===========================================================


The lines below might hint at the cause of the crash.
You may get help by asking at the ROOT forum http://root.cern.ch/forum.
Only if you are really convinced it is a bug in ROOT then please submit a
report at http://root.cern.ch/bugs. Please post the ENTIRE stack trace
from above as an attachment in addition to anything else
that might help us fixing this issue.
===========================================================
#5  0x0000000000406818 in main () at makeFolderDataSum.cpp:247
#6  0x00007ffff3147555 in __libc_start_main () from /lib64/libc.so.6
#7  0x0000000000407523 in _start () at /storage/pace-apps/spack/packages/linux-rhel7-x86_64/gcc-4.8.5/gcc-8.3.0-rv4av7fa4e6y7etttjocwyhsvatqhnsg/bin/../lib/gcc/x86_64-pc-linux-gnu/8.3.0/../../../../include/c++/8.3.0/bits/char_traits.h:352
===========================================================


spawn ssh -i /home/sstepanoff3/.ssh/hive sstepanoff3@login-hive.pace.gatech.edu /storage/hive/project/phy-otte/shared/Trinity/DataAnalysis/DataSummary/sumDir/FolderDataSum 20240426

Inactive Modules:
  1) mvapich2

The following have been reloaded with a version change:
  1) gcc/10.3.0-o57x6h => gcc/8.3.0-rv4av7
  2) mpc/1.2.1-zoh6w2 => mpc/1.1.0-kyjl4f
  3) mpfr/4.1.0-32gcbv => mpfr/3.1.6-yuvsh4

/storage/hive/project/phy-otte/shared/Trinity/Data/20240426/RawDataMerged/
Error opening file
Loading file: /storage/hive/project/phy-otte/shared/Trinity/Data/20240426/RawDataMerged/CoBo0_AsAd0_2024-04-26T04:30:47.275_0000.root
Unix Timestamp: 1714105847
Warning in <TClass::Init>: no dictionary for class ROOT::TIOFeatures is available
Total Number of Events: 0
Loading file: /storage/hive/project/phy-otte/shared/Trinity/Data/20240426/RawDataMerged/CoBo0_AsAd0_2024-04-26T04:28:47.272_0000.root
Unix Timestamp: 1714105727
Total Number of Events: 2
Loading file: /storage/hive/project/phy-otte/shared/Trinity/Data/20240426/RawDataMerged/CoBo0_AsAd0_2024-04-26T04:27:34.345_0000.root
Unix Timestamp: 1714105654
Total Number of Events: 1
Info in <TCanvas::Print>: pdf file /storage/hive/project/phy-otte/shared/Trinity/DataAnalysis/DataSummary/Output/20240426.pdf has been created
Info in <TCanvas::Print>: Current canvas added to pdf file /storage/hive/project/phy-otte/shared/Trinity/DataAnalysis/DataSummary/Output/20240426.pdf
Info in <TCanvas::Print>: Current canvas added to pdf file /storage/hive/project/phy-otte/shared/Trinity/DataAnalysis/DataSummary/Output/20240426.pdf
Info in <TCanvas::Print>: Current canvas added to pdf file /storage/hive/project/phy-otte/shared/Trinity/DataAnalysis/DataSummary/Output/20240426.pdf
Info in <TCanvas::Print>: Current canvas added to pdf file /storage/hive/project/phy-otte/shared/Trinity/DataAnalysis/DataSummary/Output/20240426.pdf
Info in <TCanvas::Print>: Current canvas added to pdf file /storage/hive/project/phy-otte/shared/Trinity/DataAnalysis/DataSummary/Output/20240426.pdf
Info in <TCanvas::Print>: Current canvas added to pdf file /storage/hive/project/phy-otte/shared/Trinity/DataAnalysis/DataSummary/Output/20240426.pdf
Info in <TCanvas::Print>: pdf file /storage/hive/project/phy-otte/shared/Trinity/DataAnalysis/DataSummary/Output/20240426.pdf has been closed
spawn ssh -i /home/sstepanoff3/.ssh/hive sstepanoff3@login-hive.pace.gatech.edu /storage/hive/project/phy-otte/shared/Trinity/DataAnalysis/DataSummary/sumDir/FolderDataSum 20240427

Inactive Modules:
  1) mvapich2

The following have been reloaded with a version change:
  1) gcc/10.3.0-o57x6h => gcc/8.3.0-rv4av7
  2) mpc/1.2.1-zoh6w2 => mpc/1.1.0-kyjl4f
  3) mpfr/4.1.0-32gcbv => mpfr/3.1.6-yuvsh4

/storage/hive/project/phy-otte/shared/Trinity/Data/20240427/RawDataMerged/
Error opening file
Info in <TCanvas::Print>: pdf file /storage/hive/project/phy-otte/shared/Trinity/DataAnalysis/DataSummary/Output/20240427.pdf has been created

 *** Break *** segmentation violation



===========================================================
There was a crash.
This is the entire stack trace of all threads:
===========================================================
#0  0x00007ffff31ea60c in waitpid () from /lib64/libc.so.6
#1  0x00007ffff3167f62 in do_system () from /lib64/libc.so.6
#2  0x00007ffff74a5f97 in TUnixSystem::StackTrace() () from /usr/local/pace-apps/manual/packages/root/6.08.06/gcc-8.3.0/lib/libCore.so
#3  0x00007ffff74a8004 in TUnixSystem::DispatchSignals(ESignals) () from /usr/local/pace-apps/manual/packages/root/6.08.06/gcc-8.3.0/lib/libCore.so
#4  <signal handler called>
#5  0x0000000000406868 in main () at makeFolderDataSum.cpp:248
#6  0x00007ffff3147555 in __libc_start_main () from /lib64/libc.so.6
#7  0x0000000000407593 in _start () at /storage/pace-apps/spack/packages/linux-rhel7-x86_64/gcc-4.8.5/gcc-8.3.0-rv4av7fa4e6y7etttjocwyhsvatqhnsg/bin/../lib/gcc/x86_64-pc-linux-gnu/8.3.0/../../../../include/c++/8.3.0/bits/char_traits.h:352
===========================================================


The lines below might hint at the cause of the crash.
You may get help by asking at the ROOT forum http://root.cern.ch/forum.
Only if you are really convinced it is a bug in ROOT then please submit a
report at http://root.cern.ch/bugs. Please post the ENTIRE stack trace
from above as an attachment in addition to anything else
that might help us fixing this issue.
===========================================================
#5  0x0000000000406868 in main () at makeFolderDataSum.cpp:248
#6  0x00007ffff3147555 in __libc_start_main () from /lib64/libc.so.6
#7  0x0000000000407593 in _start () at /storage/pace-apps/spack/packages/linux-rhel7-x86_64/gcc-4.8.5/gcc-8.3.0-rv4av7fa4e6y7etttjocwyhsvatqhnsg/bin/../lib/gcc/x86_64-pc-linux-gnu/8.3.0/../../../../include/c++/8.3.0/bits/char_traits.h:352
===========================================================


spawn ssh -i /home/sstepanoff3/.ssh/hive sstepanoff3@login-hive.pace.gatech.edu /storage/hive/project/phy-otte/shared/Trinity/DataAnalysis/DataSummary/sumDir/FolderDataSum 20240428

Inactive Modules:
  1) mvapich2

The following have been reloaded with a version change:
  1) gcc/10.3.0-o57x6h => gcc/8.3.0-rv4av7
  2) mpc/1.2.1-zoh6w2 => mpc/1.1.0-kyjl4f
  3) mpfr/4.1.0-32gcbv => mpfr/3.1.6-yuvsh4

/storage/hive/project/phy-otte/shared/Trinity/Data/20240428/RawDataMerged/
Error opening file
Info in <TCanvas::Print>: pdf file /storage/hive/project/phy-otte/shared/Trinity/DataAnalysis/DataSummary/Output/20240428.pdf has been created

 *** Break *** segmentation violation



===========================================================
There was a crash.
This is the entire stack trace of all threads:
===========================================================
#0  0x00007ffff31ea60c in waitpid () from /lib64/libc.so.6
#1  0x00007ffff3167f62 in do_system () from /lib64/libc.so.6
#2  0x00007ffff74a5f97 in TUnixSystem::StackTrace() () from /usr/local/pace-apps/manual/packages/root/6.08.06/gcc-8.3.0/lib/libCore.so
#3  0x00007ffff74a8004 in TUnixSystem::DispatchSignals(ESignals) () from /usr/local/pace-apps/manual/packages/root/6.08.06/gcc-8.3.0/lib/libCore.so
#4  <signal handler called>
#5  0x0000000000406868 in main () at makeFolderDataSum.cpp:248
#6  0x00007ffff3147555 in __libc_start_main () from /lib64/libc.so.6
#7  0x0000000000407593 in _start () at /storage/pace-apps/spack/packages/linux-rhel7-x86_64/gcc-4.8.5/gcc-8.3.0-rv4av7fa4e6y7etttjocwyhsvatqhnsg/bin/../lib/gcc/x86_64-pc-linux-gnu/8.3.0/../../../../include/c++/8.3.0/bits/char_traits.h:352
===========================================================


The lines below might hint at the cause of the crash.
You may get help by asking at the ROOT forum http://root.cern.ch/forum.
Only if you are really convinced it is a bug in ROOT then please submit a
report at http://root.cern.ch/bugs. Please post the ENTIRE stack trace
from above as an attachment in addition to anything else
that might help us fixing this issue.
===========================================================
#5  0x0000000000406868 in main () at makeFolderDataSum.cpp:248
#6  0x00007ffff3147555 in __libc_start_main () from /lib64/libc.so.6
#7  0x0000000000407593 in _start () at /storage/pace-apps/spack/packages/linux-rhel7-x86_64/gcc-4.8.5/gcc-8.3.0-rv4av7fa4e6y7etttjocwyhsvatqhnsg/bin/../lib/gcc/x86_64-pc-linux-gnu/8.3.0/../../../../include/c++/8.3.0/bits/char_traits.h:352
===========================================================


spawn ssh -i /home/sstepanoff3/.ssh/hive sstepanoff3@login-hive.pace.gatech.edu /storage/hive/project/phy-otte/shared/Trinity/DataAnalysis/DataSummary/sumDir/FolderDataSum 20240429

Inactive Modules:
  1) mvapich2

The following have been reloaded with a version change:
  1) gcc/10.3.0-o57x6h => gcc/8.3.0-rv4av7
  2) mpc/1.2.1-zoh6w2 => mpc/1.1.0-kyjl4f
  3) mpfr/4.1.0-32gcbv => mpfr/3.1.6-yuvsh4

/storage/hive/project/phy-otte/shared/Trinity/Data/20240429/RawDataMerged/
Error opening file
Loading file: /storage/hive/project/phy-otte/shared/Trinity/Data/20240429/RawDataMerged/CoBo0_AsAd0_2024-04-29T07:38:54.637_0000.root
Unix Timestamp: 1714376334
Warning in <TClass::Init>: no dictionary for class ROOT::TIOFeatures is available
Total Number of Events: 16
Loading file: /storage/hive/project/phy-otte/shared/Trinity/Data/20240429/RawDataMerged/CoBo0_AsAd0_2024-04-29T14:02:54.607_0000.root
Unix Timestamp: 1714399374
Total Number of Events: 10
Loading file: /storage/hive/project/phy-otte/shared/Trinity/Data/20240429/RawDataMerged/CoBo0_AsAd0_2024-04-29T04:00:54.721_0000.root
Unix Timestamp: 1714363254
Total Number of Events: 0
Loading file: /storage/hive/project/phy-otte/shared/Trinity/Data/20240429/RawDataMerged/CoBo0_AsAd0_2024-04-29T05:04:54.644_0000.root
Unix Timestamp: 1714367094
Total Number of Events: 8
Loading file: /storage/hive/project/phy-otte/shared/Trinity/Data/20240429/RawDataMerged/CoBo0_AsAd0_2024-04-29T09:28:54.632_0000.root
Unix Timestamp: 1714382934
Total Number of Events: 4
Loading file: /storage/hive/project/phy-otte/shared/Trinity/Data/20240429/RawDataMerged/CoBo0_AsAd0_2024-04-29T11:02:54.640_0000.root
Unix Timestamp: 1714388574
Total Number of Events: 4
Loading file: /storage/hive/project/phy-otte/shared/Trinity/Data/20240429/RawDataMerged/CoBo0_AsAd0_2024-04-29T12:46:54.678_0000.root
Unix Timestamp: 1714394814
Total Number of Events: 543
Loading file: /storage/hive/project/phy-otte/shared/Trinity/Data/20240429/RawDataMerged/CoBo0_AsAd0_2024-04-29T13:24:54.609_0000.root
Unix Timestamp: 1714397094
Total Number of Events: 0
Loading file: /storage/hive/project/phy-otte/shared/Trinity/Data/20240429/RawDataMerged/CoBo0_AsAd0_2024-04-29T14:10:54.607_0000.root
Unix Timestamp: 1714399854
Total Number of Events: 0
Loading file: /storage/hive/project/phy-otte/shared/Trinity/Data/20240429/RawDataMerged/CoBo0_AsAd0_2024-04-29T07:42:54.637_0000.root
Unix Timestamp: 1714376574
Total Number of Events: 33
Loading file: /storage/hive/project/phy-otte/shared/Trinity/Data/20240429/RawDataMerged/CoBo0_AsAd0_2024-04-29T05:54:54.645_0000.root
Unix Timestamp: 1714370094
Total Number of Events: 9
Loading file: /storage/hive/project/phy-otte/shared/Trinity/Data/20240429/RawDataMerged/CoBo0_AsAd0_2024-04-29T11:38:54.640_0000.root
Unix Timestamp: 1714390734
Total Number of Events: 4
Loading file: /storage/hive/project/phy-otte/shared/Trinity/Data/20240429/RawDataMerged/CoBo0_AsAd0_2024-04-29T08:16:54.624_0000.root
Unix Timestamp: 1714378614
Total Number of Events: 115
Loading file: /storage/hive/project/phy-otte/shared/Trinity/Data/20240429/RawDataMerged/CoBo0_AsAd0_2024-04-29T09:58:54.635_0000.root
Unix Timestamp: 1714384734
Total Number of Events: 4
Loading file: /storage/hive/project/phy-otte/shared/Trinity/Data/20240429/RawDataMerged/CoBo0_AsAd0_2024-04-29T07:54:54.623_0000.root
Unix Timestamp: 1714377294
Total Number of Events: 1483
Loading file: /storage/hive/project/phy-otte/shared/Trinity/Data/20240429/RawDataMerged/CoBo0_AsAd0_2024-04-29T04:34:54.644_0000.root
Unix Timestamp: 1714365294
Total Number of Events: 1
Loading file: /storage/hive/project/phy-otte/shared/Trinity/Data/20240429/RawDataMerged/CoBo0_AsAd0_2024-04-29T06:28:54.642_0000.root
Unix Timestamp: 1714372134
Total Number of Events: 11
Loading file: /storage/hive/project/phy-otte/shared/Trinity/Data/20240429/RawDataMerged/CoBo0_AsAd0_2024-04-29T12:36:54.649_0000.root
Unix Timestamp: 1714394214
Total Number of Events: 1207
Loading file: /storage/hive/project/phy-otte/shared/Trinity/Data/20240429/RawDataMerged/CoBo0_AsAd0_2024-04-29T10:18:54.570_0000.root
Unix Timestamp: 1714385934
Total Number of Events: 5
Loading file: /storage/hive/project/phy-otte/shared/Trinity/Data/20240429/RawDataMerged/CoBo0_AsAd0_2024-04-29T05:00:54.644_0000.root
Unix Timestamp: 1714366854
Total Number of Events: 13
Loading file: /storage/hive/project/phy-otte/shared/Trinity/Data/20240429/RawDataMerged/CoBo0_AsAd0_2024-04-29T13:50:54.608_0000.root
Unix Timestamp: 1714398654
Total Number of Events: 0
Loading file: /storage/hive/project/phy-otte/shared/Trinity/Data/20240429/RawDataMerged/CoBo0_AsAd0_2024-04-29T12:16:54.614_0000.root
Unix Timestamp: 1714393014
Total Number of Events: 10
Loading file: /storage/hive/project/phy-otte/shared/Trinity/Data/20240429/RawDataMerged/CoBo0_AsAd0_2024-04-29T04:54:54.644_0000.root
Unix Timestamp: 1714366494
Total Number of Events: 10
Loading file: /storage/hive/project/phy-otte/shared/Trinity/Data/20240429/RawDataMerged/CoBo0_AsAd0_2024-04-29T09:44:54.709_0000.root
Unix Timestamp: 1714383894
Total Number of Events: 4
Loading file: /storage/hive/project/phy-otte/shared/Trinity/Data/20240429/RawDataMerged/CoBo0_AsAd0_2024-04-29T04:02:54.722_0000.root
Unix Timestamp: 1714363374
Total Number of Events: 0
Loading file: /storage/hive/project/phy-otte/shared/Trinity/Data/20240429/RawDataMerged/CoBo0_AsAd0_2024-04-29T08:00:54.632_0000.root
Unix Timestamp: 1714377654
Total Number of Events: 3808
Loading file: /storage/hive/project/phy-otte/shared/Trinity/Data/20240429/RawDataMerged/CoBo0_AsAd0_2024-04-29T10:36:54.637_0000.root
Unix Timestamp: 1714387014
Total Number of Events: 5
Loading file: /storage/hive/project/phy-otte/shared/Trinity/Data/20240429/RawDataMerged/CoBo0_AsAd0_2024-04-29T10:40:54.637_0000.root
Unix Timestamp: 1714387254
Total Number of Events: 5
Loading file: /storage/hive/project/phy-otte/shared/Trinity/Data/20240429/RawDataMerged/CoBo0_AsAd0_2024-04-29T05:14:54.644_0000.root
Unix Timestamp: 1714367694
Total Number of Events: 9
Loading file: /storage/hive/project/phy-otte/shared/Trinity/Data/20240429/RawDataMerged/CoBo0_AsAd0_2024-04-29T14:26:54.605_0000.root
Unix Timestamp: 1714400814
Total Number of Events: 0
Loading file: /storage/hive/project/phy-otte/shared/Trinity/Data/20240429/RawDataMerged/CoBo0_AsAd0_2024-04-29T12:12:54.682_0000.root
Unix Timestamp: 1714392774
Total Number of Events: 88
Loading file: /storage/hive/project/phy-otte/shared/Trinity/Data/20240429/RawDataMerged/CoBo0_AsAd0_2024-04-29T10:42:54.636_0000.root
Unix Timestamp: 1714387374
Total Number of Events: 5
Loading file: /storage/hive/project/phy-otte/shared/Trinity/Data/20240429/RawDataMerged/CoBo0_AsAd0_2024-04-29T06:00:54.644_0000.root
Unix Timestamp: 1714370454
Total Number of Events: 11
Loading file: /storage/hive/project/phy-otte/shared/Trinity/Data/20240429/RawDataMerged/CoBo0_AsAd0_2024-04-29T12:56:54.676_0000.root
Unix Timestamp: 1714395414
Total Number of Events: 10
Loading file: /storage/hive/project/phy-otte/shared/Trinity/Data/20240429/RawDataMerged/CoBo0_AsAd0_2024-04-29T11:26:54.642_0000.root
Unix Timestamp: 1714390014
Total Number of Events: 4
Loading file: /storage/hive/project/phy-otte/shared/Trinity/Data/20240429/RawDataMerged/CoBo0_AsAd0_2024-04-29T14:48:54.605_0000.root
Unix Timestamp: 1714402134
Total Number of Events: 0
Loading file: /storage/hive/project/phy-otte/shared/Trinity/Data/20240429/RawDataMerged/CoBo0_AsAd0_2024-04-29T10:00:54.635_0000.root
Unix Timestamp: 1714384854
Total Number of Events: 4
Loading file: /storage/hive/project/phy-otte/shared/Trinity/Data/20240429/RawDataMerged/CoBo0_AsAd0_2024-04-29T14:44:54.605_0000.root
Unix Timestamp: 1714401894
Total Number of Events: 0
Loading file: /storage/hive/project/phy-otte/shared/Trinity/Data/20240429/RawDataMerged/CoBo0_AsAd0_2024-04-29T14:32:54.605_0000.root
Unix Timestamp: 1714401174
Total Number of Events: 0
Loading file: /storage/hive/project/phy-otte/shared/Trinity/Data/20240429/RawDataMerged/CoBo0_AsAd0_2024-04-29T13:22:54.609_0000.root
Unix Timestamp: 1714396974
Total Number of Events: 0
Loading file: /storage/hive/project/phy-otte/shared/Trinity/Data/20240429/RawDataMerged/CoBo0_AsAd0_2024-04-29T07:32:54.637_0000.root
Unix Timestamp: 1714375974
Total Number of Events: 105
Loading file: /storage/hive/project/phy-otte/shared/Trinity/Data/20240429/RawDataMerged/CoBo0_AsAd0_2024-04-29T12:00:54.684_0000.root
Unix Timestamp: 1714392054
Total Number of Events: 159
Loading file: /storage/hive/project/phy-otte/shared/Trinity/Data/20240429/RawDataMerged/CoBo0_AsAd0_2024-04-29T07:50:54.636_0000.root
Unix Timestamp: 1714377054
Total Number of Events: 432
Loading file: /storage/hive/project/phy-otte/shared/Trinity/Data/20240429/RawDataMerged/CoBo0_AsAd0_2024-04-29T05:08:54.644_0000.root
Unix Timestamp: 1714367334
Total Number of Events: 14
Loading file: /storage/hive/project/phy-otte/shared/Trinity/Data/20240429/RawDataMerged/CoBo0_AsAd0_2024-04-29T14:38:54.605_0000.root
Unix Timestamp: 1714401534
Total Number of Events: 0
Loading file: /storage/hive/project/phy-otte/shared/Trinity/Data/20240429/RawDataMerged/CoBo0_AsAd0_2024-04-29T12:14:54.646_0000.root
Unix Timestamp: 1714392894
Total Number of Events: 534
Loading file: /storage/hive/project/phy-otte/shared/Trinity/Data/20240429/RawDataMerged/CoBo0_AsAd0_2024-04-29T11:42:54.688_0000.root
Unix Timestamp: 1714390974
Total Number of Events: 139
Loading file: /storage/hive/project/phy-otte/shared/Trinity/Data/20240429/RawDataMerged/CoBo0_AsAd0_2024-04-29T13:34:54.608_0000.root
Unix Timestamp: 1714397694
Total Number of Events: 0
Loading file: /storage/hive/project/phy-otte/shared/Trinity/Data/20240429/RawDataMerged/CoBo0_AsAd0_2024-04-29T05:52:54.644_0000.root
Unix Timestamp: 1714369974
Total Number of Events: 10
Loading file: /storage/hive/project/phy-otte/shared/Trinity/Data/20240429/RawDataMerged/CoBo0_AsAd0_2024-04-29T13:02:54.610_0000.root
Unix Timestamp: 1714395774
Total Number of Events: 65
Loading file: /storage/hive/project/phy-otte/shared/Trinity/Data/20240429/RawDataMerged/CoBo0_AsAd0_2024-04-29T03:54:54.721_0000.root
Unix Timestamp: 1714362894
Total Number of Events: 0
Loading file: /storage/hive/project/phy-otte/shared/Trinity/Data/20240429/RawDataMerged/CoBo0_AsAd0_2024-04-29T08:28:54.629_0000.root
Unix Timestamp: 1714379334
Total Number of Events: 38
Loading file: /storage/hive/project/phy-otte/shared/Trinity/Data/20240429/RawDataMerged/CoBo0_AsAd0_2024-04-29T04:28:54.644_0000.root
Unix Timestamp: 1714364934
Total Number of Events: 2
Loading file: /storage/hive/project/phy-otte/shared/Trinity/Data/20240429/RawDataMerged/CoBo0_AsAd0_2024-04-29T09:54:54.635_0000.root
Unix Timestamp: 1714384494
Total Number of Events: 4
Loading file: /storage/hive/project/phy-otte/shared/Trinity/Data/20240429/RawDataMerged/CoBo0_AsAd0_2024-04-29T13:28:54.608_0000.root
Unix Timestamp: 1714397334
Total Number of Events: 0
Loading file: /storage/hive/project/phy-otte/shared/Trinity/Data/20240429/RawDataMerged/CoBo0_AsAd0_2024-04-29T12:06:54.615_0000.root
Unix Timestamp: 1714392414
Total Number of Events: 167
Loading file: /storage/hive/project/phy-otte/shared/Trinity/Data/20240429/RawDataMerged/CoBo0_AsAd0_2024-04-29T08:46:54.632_0000.root
Unix Timestamp: 1714380414
Total Number of Events: 4
Loading file: /storage/hive/project/phy-otte/shared/Trinity/Data/20240429/RawDataMerged/CoBo0_AsAd0_2024-04-29T10:44:54.636_0000.root
Unix Timestamp: 1714387494
Total Number of Events: 5
Loading file: /storage/hive/project/phy-otte/shared/Trinity/Data/20240429/RawDataMerged/CoBo0_AsAd0_2024-04-29T04:56:54.644_0000.root
Unix Timestamp: 1714366614
Total Number of Events: 5
Loading file: /storage/hive/project/phy-otte/shared/Trinity/Data/20240429/RawDataMerged/CoBo0_AsAd0_2024-04-29T08:40:54.632_0000.root
Unix Timestamp: 1714380054
Total Number of Events: 5
Loading file: /storage/hive/project/phy-otte/shared/Trinity/Data/20240429/RawDataMerged/CoBo0_AsAd0_2024-04-29T14:30:54.605_0000.root
Unix Timestamp: 1714401054
Total Number of Events: 0
Loading file: /storage/hive/project/phy-otte/shared/Trinity/Data/20240429/RawDataMerged/CoBo0_AsAd0_2024-04-29T06:04:54.644_0000.root
Unix Timestamp: 1714370694
Total Number of Events: 8
Loading file: /storage/hive/project/phy-otte/shared/Trinity/Data/20240429/RawDataMerged/CoBo0_AsAd0_2024-04-29T04:24:54.645_0000.root
Unix Timestamp: 1714364694
Total Number of Events: 1
Loading file: /storage/hive/project/phy-otte/shared/Trinity/Data/20240429/RawDataMerged/CoBo0_AsAd0_2024-04-29T11:44:54.645_0000.root
Unix Timestamp: 1714391094
Total Number of Events: 82
Loading file: /storage/hive/project/phy-otte/shared/Trinity/Data/20240429/RawDataMerged/CoBo0_AsAd0_2024-04-29T10:06:54.634_0000.root
Unix Timestamp: 1714385214
Total Number of Events: 4
Loading file: /storage/hive/project/phy-otte/shared/Trinity/Data/20240429/RawDataMerged/CoBo0_AsAd0_2024-04-29T05:32:54.645_0000.root
Unix Timestamp: 1714368774
Total Number of Events: 8
Loading file: /storage/hive/project/phy-otte/shared/Trinity/Data/20240429/RawDataMerged/CoBo0_AsAd0_2024-04-29T06:36:54.642_0000.root
Unix Timestamp: 1714372614
Total Number of Events: 305
Loading file: /storage/hive/project/phy-otte/shared/Trinity/Data/20240429/RawDataMerged/CoBo0_AsAd0_2024-04-29T11:52:54.617_0000.root
Unix Timestamp: 1714391574
Total Number of Events: 35
Loading file: /storage/hive/project/phy-otte/shared/Trinity/Data/20240429/RawDataMerged/CoBo0_AsAd0_2024-04-29T06:24:54.709_0000.root
Unix Timestamp: 1714371894
Total Number of Events: 814
Loading file: /storage/hive/project/phy-otte/shared/Trinity/Data/20240429/RawDataMerged/CoBo0_AsAd0_2024-04-29T06:22:54.710_0000.root
Unix Timestamp: 1714371774
Total Number of Events: 124
Loading file: /storage/hive/project/phy-otte/shared/Trinity/Data/20240429/RawDataMerged/CoBo0_AsAd0_2024-04-29T07:00:54.640_0000.root
Unix Timestamp: 1714374054
Total Number of Events: 13
Loading file: /storage/hive/project/phy-otte/shared/Trinity/Data/20240429/RawDataMerged/CoBo0_AsAd0_2024-04-29T07:18:54.639_0000.root
Unix Timestamp: 1714375134
Total Number of Events: 577
Loading file: /storage/hive/project/phy-otte/shared/Trinity/Data/20240429/RawDataMerged/CoBo0_AsAd0_2024-04-29T14:20:54.606_0000.root
Unix Timestamp: 1714400454
Total Number of Events: 0
Loading file: /storage/hive/project/phy-otte/shared/Trinity/Data/20240429/RawDataMerged/CoBo0_AsAd0_2024-04-29T13:00:54.676_0000.root
Unix Timestamp: 1714395654
Total Number of Events: 754
Loading file: /storage/hive/project/phy-otte/shared/Trinity/Data/20240429/RawDataMerged/CoBo0_AsAd0_2024-04-29T04:26:54.644_0000.root
Unix Timestamp: 1714364814
Total Number of Events: 2
Loading file: /storage/hive/project/phy-otte/shared/Trinity/Data/20240429/RawDataMerged/CoBo0_AsAd0_2024-04-29T08:58:54.634_0000.root
Unix Timestamp: 1714381134
Total Number of Events: 4
Loading file: /storage/hive/project/phy-otte/shared/Trinity/Data/20240429/RawDataMerged/CoBo0_AsAd0_2024-04-29T07:26:54.638_0000.root
Unix Timestamp: 1714375614
Total Number of Events: 9
Loading file: /storage/hive/project/phy-otte/shared/Trinity/Data/20240429/RawDataMerged/CoBo0_AsAd0_2024-04-29T12:02:54.684_0000.root
Unix Timestamp: 1714392174
Total Number of Events: 107
Loading file: /storage/hive/project/phy-otte/shared/Trinity/Data/20240429/RawDataMerged/CoBo0_AsAd0_2024-04-29T11:28:54.642_0000.root
Unix Timestamp: 1714390134
Total Number of Events: 4
Loading file: /storage/hive/project/phy-otte/shared/Trinity/Data/20240429/RawDataMerged/CoBo0_AsAd0_2024-04-29T08:36:54.633_0000.root
Unix Timestamp: 1714379814
Total Number of Events: 8
Loading file: /storage/hive/project/phy-otte/shared/Trinity/Data/20240429/RawDataMerged/CoBo0_AsAd0_2024-04-29T09:20:54.633_0000.root
Unix Timestamp: 1714382454
Total Number of Events: 4
Loading file: /storage/hive/project/phy-otte/shared/Trinity/Data/20240429/RawDataMerged/CoBo0_AsAd0_2024-04-29T11:48:54.618_0000.root
Unix Timestamp: 1714391334
Total Number of Events: 55
Loading file: /storage/hive/project/phy-otte/shared/Trinity/Data/20240429/RawDataMerged/CoBo0_AsAd0_2024-04-29T06:48:54.641_0000.root
Unix Timestamp: 1714373334
Total Number of Events: 10
Loading file: /storage/hive/project/phy-otte/shared/Trinity/Data/20240429/RawDataMerged/CoBo0_AsAd0_2024-04-29T12:08:54.615_0000.root
Unix Timestamp: 1714392534
Total Number of Events: 185
Loading file: /storage/hive/project/phy-otte/shared/Trinity/Data/20240429/RawDataMerged/CoBo0_AsAd0_2024-04-29T03:48:54.721_0000.root
Unix Timestamp: 1714362534
Total Number of Events: 0
Loading file: /storage/hive/project/phy-otte/shared/Trinity/Data/20240429/RawDataMerged/CoBo0_AsAd0_2024-04-29T09:52:54.635_0000.root
Unix Timestamp: 1714384374
Total Number of Events: 4
Loading file: /storage/hive/project/phy-otte/shared/Trinity/Data/20240429/RawDataMerged/CoBo0_AsAd0_2024-04-29T12:28:54.680_0000.root
Unix Timestamp: 1714393734
Total Number of Events: 300
Loading file: /storage/hive/project/phy-otte/shared/Trinity/Data/20240429/RawDataMerged/CoBo0_AsAd0_2024-04-29T07:48:54.636_0000.root
Unix Timestamp: 1714376934
Total Number of Events: 240
Loading file: /storage/hive/project/phy-otte/shared/Trinity/Data/20240429/RawDataMerged/CoBo0_AsAd0_2024-04-29T12:10:54.615_0000.root
Unix Timestamp: 1714392654
Total Number of Events: 28
Loading file: /storage/hive/project/phy-otte/shared/Trinity/Data/20240429/RawDataMerged/CoBo0_AsAd0_2024-04-29T10:52:54.641_0000.root
Unix Timestamp: 1714387974
Total Number of Events: 5
Loading file: /storage/hive/project/phy-otte/shared/Trinity/Data/20240429/RawDataMerged/CoBo0_AsAd0_2024-04-29T14:36:54.606_0000.root
Unix Timestamp: 1714401414
Total Number of Events: 0
Loading file: /storage/hive/project/phy-otte/shared/Trinity/Data/20240429/RawDataMerged/CoBo0_AsAd0_2024-04-29T05:18:54.644_0000.root
Unix Timestamp: 1714367934
Total Number of Events: 10
Loading file: /storage/hive/project/phy-otte/shared/Trinity/Data/20240429/RawDataMerged/CoBo0_AsAd0_2024-04-29T08:22:54.624_0000.root
Unix Timestamp: 1714378974
Total Number of Events: 115
Loading file: /storage/hive/project/phy-otte/shared/Trinity/Data/20240429/RawDataMerged/CoBo0_AsAd0_2024-04-29T05:02:54.644_0000.root
Unix Timestamp: 1714366974
Total Number of Events: 9
Loading file: /storage/hive/project/phy-otte/shared/Trinity/Data/20240429/RawDataMerged/CoBo0_AsAd0_2024-04-29T15:00:54.605_0000.root
Unix Timestamp: 1714402854
Total Number of Events: 0
Loading file: /storage/hive/project/phy-otte/shared/Trinity/Data/20240429/RawDataMerged/CoBo0_AsAd0_2024-04-29T05:42:54.644_0000.root
Unix Timestamp: 1714369374
Total Number of Events: 10
Loading file: /storage/hive/project/phy-otte/shared/Trinity/Data/20240429/RawDataMerged/CoBo0_AsAd0_2024-04-29T14:18:54.606_0000.root
Unix Timestamp: 1714400334
Total Number of Events: 0
Loading file: /storage/hive/project/phy-otte/shared/Trinity/Data/20240429/RawDataMerged/CoBo0_AsAd0_2024-04-29T12:18:54.614_0000.root
Unix Timestamp: 1714393134
Total Number of Events: 114
Loading file: /storage/hive/project/phy-otte/shared/Trinity/Data/20240429/RawDataMerged/CoBo0_AsAd0_2024-04-29T13:30:54.608_0000.root
Unix Timestamp: 1714397454
Total Number of Events: 0
Loading file: /storage/hive/project/phy-otte/shared/Trinity/Data/20240429/RawDataMerged/CoBo0_AsAd0_2024-04-29T08:18:54.560_0000.root
Unix Timestamp: 1714378734
Total Number of Events: 121
Loading file: /storage/hive/project/phy-otte/shared/Trinity/Data/20240429/RawDataMerged/CoBo0_AsAd0_2024-04-29T07:36:54.637_0000.root
Unix Timestamp: 1714376214
Total Number of Events: 504
Loading file: /storage/hive/project/phy-otte/shared/Trinity/Data/20240429/RawDataMerged/CoBo0_AsAd0_2024-04-29T03:25:05.792_0000.root
Unix Timestamp: 1714361105
Total Number of Events: 0
Loading file: /storage/hive/project/phy-otte/shared/Trinity/Data/20240429/RawDataMerged/CoBo0_AsAd0_2024-04-29T05:40:54.645_0000.root
Unix Timestamp: 1714369254
Total Number of Events: 10
Loading file: /storage/hive/project/phy-otte/shared/Trinity/Data/20240429/RawDataMerged/CoBo0_AsAd0_2024-04-29T05:46:54.644_0000.root
Unix Timestamp: 1714369614
Total Number of Events: 7
Loading file: /storage/hive/project/phy-otte/shared/Trinity/Data/20240429/RawDataMerged/CoBo0_AsAd0_2024-04-29T11:10:54.640_0000.root
Unix Timestamp: 1714389054
Total Number of Events: 5
Loading file: /storage/hive/project/phy-otte/shared/Trinity/Data/20240429/RawDataMerged/CoBo0_AsAd0_2024-04-29T12:38:54.678_0000.root
Unix Timestamp: 1714394334
Total Number of Events: 1991
Loading file: /storage/hive/project/phy-otte/shared/Trinity/Data/20240429/RawDataMerged/CoBo0_AsAd0_2024-04-29T05:20:54.644_0000.root
Unix Timestamp: 1714368054
Total Number of Events: 7
Loading file: /storage/hive/project/phy-otte/shared/Trinity/Data/20240429/RawDataMerged/CoBo0_AsAd0_2024-04-29T13:48:54.608_0000.root
Unix Timestamp: 1714398534
Total Number of Events: 0
Loading file: /storage/hive/project/phy-otte/shared/Trinity/Data/20240429/RawDataMerged/CoBo0_AsAd0_2024-04-29T12:54:54.676_0000.root
Unix Timestamp: 1714395294
Total Number of Events: 31
Loading file: /storage/hive/project/phy-otte/shared/Trinity/Data/20240429/RawDataMerged/CoBo0_AsAd0_2024-04-29T09:48:54.568_0000.root
Unix Timestamp: 1714384134
Total Number of Events: 4
Loading file: /storage/hive/project/phy-otte/shared/Trinity/Data/20240429/RawDataMerged/CoBo0_AsAd0_2024-04-29T13:46:54.608_0000.root
Unix Timestamp: 1714398414
Total Number of Events: 0
Loading file: /storage/hive/project/phy-otte/shared/Trinity/Data/20240429/RawDataMerged/CoBo0_AsAd0_2024-04-29T13:44:54.608_0000.root
Unix Timestamp: 1714398294
Total Number of Events: 0
Loading file: /storage/hive/project/phy-otte/shared/Trinity/Data/20240429/RawDataMerged/CoBo0_AsAd0_2024-04-29T11:20:54.643_0000.root
Unix Timestamp: 1714389654
Total Number of Events: 6
Loading file: /storage/hive/project/phy-otte/shared/Trinity/Data/20240429/RawDataMerged/CoBo0_AsAd0_2024-04-29T12:32:54.578_0000.root
Unix Timestamp: 1714393974
Total Number of Events: 622
Loading file: /storage/hive/project/phy-otte/shared/Trinity/Data/20240429/RawDataMerged/CoBo0_AsAd0_2024-04-29T07:22:54.638_0000.root
Unix Timestamp: 1714375374
Total Number of Events: 8
Loading file: /storage/hive/project/phy-otte/shared/Trinity/Data/20240429/RawDataMerged/CoBo0_AsAd0_2024-04-29T12:48:54.611_0000.root
Unix Timestamp: 1714394934
Total Number of Events: 763
Loading file: /storage/hive/project/phy-otte/shared/Trinity/Data/20240429/RawDataMerged/CoBo0_AsAd0_2024-04-29T13:10:54.610_0000.root
Unix Timestamp: 1714396254
Total Number of Events: 13
Loading file: /storage/hive/project/phy-otte/shared/Trinity/Data/20240429/RawDataMerged/CoBo0_AsAd0_2024-04-29T07:46:54.605_0000.root
Unix Timestamp: 1714376814
Total Number of Events: 123
Loading file: /storage/hive/project/phy-otte/shared/Trinity/Data/20240429/RawDataMerged/CoBo0_AsAd0_2024-04-29T08:56:54.631_0000.root
Unix Timestamp: 1714381014
Total Number of Events: 4
Loading file: /storage/hive/project/phy-otte/shared/Trinity/Data/20240429/RawDataMerged/CoBo0_AsAd0_2024-04-29T13:56:54.608_0000.root
Unix Timestamp: 1714399014
Total Number of Events: 0
Loading file: /storage/hive/project/phy-otte/shared/Trinity/Data/20240429/RawDataMerged/CoBo0_AsAd0_2024-04-29T06:32:54.709_0000.root
Unix Timestamp: 1714372374
Total Number of Events: 178
Loading file: /storage/hive/project/phy-otte/shared/Trinity/Data/20240429/RawDataMerged/CoBo0_AsAd0_2024-04-29T09:00:54.630_0000.root
Unix Timestamp: 1714381254
Total Number of Events: 4
Loading file: /storage/hive/project/phy-otte/shared/Trinity/Data/20240429/RawDataMerged/CoBo0_AsAd0_2024-04-29T05:44:54.644_0000.root
Unix Timestamp: 1714369494
Total Number of Events: 13
Loading file: /storage/hive/project/phy-otte/shared/Trinity/Data/20240429/RawDataMerged/CoBo0_AsAd0_2024-04-29T10:34:54.638_0000.root
Unix Timestamp: 1714386894
Total Number of Events: 4
Loading file: /storage/hive/project/phy-otte/shared/Trinity/Data/20240429/RawDataMerged/CoBo0_AsAd0_2024-04-29T10:10:54.634_0000.root
Unix Timestamp: 1714385454
Total Number of Events: 4
Loading file: /storage/hive/project/phy-otte/shared/Trinity/Data/20240429/RawDataMerged/CoBo0_AsAd0_2024-04-29T05:56:54.644_0000.root
Unix Timestamp: 1714370214
Total Number of Events: 7
Loading file: /storage/hive/project/phy-otte/shared/Trinity/Data/20240429/RawDataMerged/CoBo0_AsAd0_2024-04-29T13:06:54.675_0000.root
Unix Timestamp: 1714396014
Total Number of Events: 22
Loading file: /storage/hive/project/phy-otte/shared/Trinity/Data/20240429/RawDataMerged/CoBo0_AsAd0_2024-04-29T06:30:54.642_0000.root
Unix Timestamp: 1714372254
Total Number of Events: 995
Loading file: /storage/hive/project/phy-otte/shared/Trinity/Data/20240429/RawDataMerged/CoBo0_AsAd0_2024-04-29T14:22:54.606_0000.root
Unix Timestamp: 1714400574
Total Number of Events: 0
Loading file: /storage/hive/project/phy-otte/shared/Trinity/Data/20240429/RawDataMerged/CoBo0_AsAd0_2024-04-29T10:32:54.638_0000.root
Unix Timestamp: 1714386774
Total Number of Events: 4
Loading file: /storage/hive/project/phy-otte/shared/Trinity/Data/20240429/RawDataMerged/CoBo0_AsAd0_2024-04-29T11:08:54.640_0000.root
Unix Timestamp: 1714388934
Total Number of Events: 5
Loading file: /storage/hive/project/phy-otte/shared/Trinity/Data/20240429/RawDataMerged/CoBo0_AsAd0_2024-04-29T13:08:54.610_0000.root
Unix Timestamp: 1714396134
Total Number of Events: 0
Loading file: /storage/hive/project/phy-otte/shared/Trinity/Data/20240429/RawDataMerged/CoBo0_AsAd0_2024-04-29T13:14:54.609_0000.root
Unix Timestamp: 1714396494
Total Number of Events: 0
Loading file: /storage/hive/project/phy-otte/shared/Trinity/Data/20240429/RawDataMerged/CoBo0_AsAd0_2024-04-29T06:16:54.643_0000.root
Unix Timestamp: 1714371414
Total Number of Events: 9
Loading file: /storage/hive/project/phy-otte/shared/Trinity/Data/20240429/RawDataMerged/CoBo0_AsAd0_2024-04-29T04:50:54.644_0000.root
Unix Timestamp: 1714366254
Total Number of Events: 5
Loading file: /storage/hive/project/phy-otte/shared/Trinity/Data/20240429/RawDataMerged/CoBo0_AsAd0_2024-04-29T08:34:54.628_0000.root
Unix Timestamp: 1714379694
Total Number of Events: 11
Loading file: /storage/hive/project/phy-otte/shared/Trinity/Data/20240429/RawDataMerged/CoBo0_AsAd0_2024-04-29T07:20:54.702_0000.root
Unix Timestamp: 1714375254
Total Number of Events: 12
Loading file: /storage/hive/project/phy-otte/shared/Trinity/Data/20240429/RawDataMerged/CoBo0_AsAd0_2024-04-29T07:12:54.639_0000.root
Unix Timestamp: 1714374774
Total Number of Events: 9
Loading file: /storage/hive/project/phy-otte/shared/Trinity/Data/20240429/RawDataMerged/CoBo0_AsAd0_2024-04-29T07:02:54.639_0000.root
Unix Timestamp: 1714374174
Total Number of Events: 10
Loading file: /storage/hive/project/phy-otte/shared/Trinity/Data/20240429/RawDataMerged/CoBo0_AsAd0_2024-04-29T11:00:54.640_0000.root
Unix Timestamp: 1714388454
Total Number of Events: 4
Loading file: /storage/hive/project/phy-otte/shared/Trinity/Data/20240429/RawDataMerged/CoBo0_AsAd0_2024-04-29T10:12:54.639_0000.root
Unix Timestamp: 1714385574
Total Number of Events: 4
Loading file: /storage/hive/project/phy-otte/shared/Trinity/Data/20240429/RawDataMerged/CoBo0_AsAd0_2024-04-29T10:38:54.637_0000.root
Unix Timestamp: 1714387134
Total Number of Events: 4
Loading file: /storage/hive/project/phy-otte/shared/Trinity/Data/20240429/RawDataMerged/CoBo0_AsAd0_2024-04-29T08:26:54.629_0000.root
Unix Timestamp: 1714379214
Total Number of Events: 64
Loading file: /storage/hive/project/phy-otte/shared/Trinity/Data/20240429/RawDataMerged/CoBo0_AsAd0_2024-04-29T09:36:54.632_0000.root
Unix Timestamp: 1714383414
Total Number of Events: 4
Loading file: /storage/hive/project/phy-otte/shared/Trinity/Data/20240429/RawDataMerged/CoBo0_AsAd0_2024-04-29T10:04:54.634_0000.root
Unix Timestamp: 1714385094
Total Number of Events: 4
Loading file: /storage/hive/project/phy-otte/shared/Trinity/Data/20240429/RawDataMerged/CoBo0_AsAd0_2024-04-29T11:36:54.640_0000.root
Unix Timestamp: 1714390614
Total Number of Events: 4
Loading file: /storage/hive/project/phy-otte/shared/Trinity/Data/20240429/RawDataMerged/CoBo0_AsAd0_2024-04-29T13:42:54.608_0000.root
Unix Timestamp: 1714398174
Total Number of Events: 0
Loading file: /storage/hive/project/phy-otte/shared/Trinity/Data/20240429/RawDataMerged/CoBo0_AsAd0_2024-04-29T14:24:54.606_0000.root
Unix Timestamp: 1714400694
Total Number of Events: 0
Loading file: /storage/hive/project/phy-otte/shared/Trinity/Data/20240429/RawDataMerged/CoBo0_AsAd0_2024-04-29T10:46:54.636_0000.root
Unix Timestamp: 1714387614
Total Number of Events: 4
Loading file: /storage/hive/project/phy-otte/shared/Trinity/Data/20240429/RawDataMerged/CoBo0_AsAd0_2024-04-29T06:54:54.640_0000.root
Unix Timestamp: 1714373694
Total Number of Events: 9
Loading file: /storage/hive/project/phy-otte/shared/Trinity/Data/20240429/RawDataMerged/CoBo0_AsAd0_2024-04-29T09:22:54.633_0000.root
Unix Timestamp: 1714382574
Total Number of Events: 4
Loading file: /storage/hive/project/phy-otte/shared/Trinity/Data/20240429/RawDataMerged/CoBo0_AsAd0_2024-04-29T08:42:54.632_0000.root
Unix Timestamp: 1714380174
Total Number of Events: 5
Loading file: /storage/hive/project/phy-otte/shared/Trinity/Data/20240429/RawDataMerged/CoBo0_AsAd0_2024-04-29T05:30:54.645_0000.root
Unix Timestamp: 1714368654
Total Number of Events: 10
Loading file: /storage/hive/project/phy-otte/shared/Trinity/Data/20240429/RawDataMerged/CoBo0_AsAd0_2024-04-29T13:12:54.675_0000.root
Unix Timestamp: 1714396374
Total Number of Events: 23
Loading file: /storage/hive/project/phy-otte/shared/Trinity/Data/20240429/RawDataMerged/CoBo0_AsAd0_2024-04-29T09:30:55.212_0000.root
Unix Timestamp: 1714383055
Total Number of Events: 4
Loading file: /storage/hive/project/phy-otte/shared/Trinity/Data/20240429/RawDataMerged/CoBo0_AsAd0_2024-04-29T13:20:54.609_0000.root
Unix Timestamp: 1714396854
Total Number of Events: 0
Loading file: /storage/hive/project/phy-otte/shared/Trinity/Data/20240429/RawDataMerged/CoBo0_AsAd0_2024-04-29T15:04:54.605_0000.root
Unix Timestamp: 1714403094
Total Number of Events: 0
Loading file: /storage/hive/project/phy-otte/shared/Trinity/Data/20240429/RawDataMerged/CoBo0_AsAd0_2024-04-29T03:58:54.721_0000.root
Unix Timestamp: 1714363134
Total Number of Events: 0
Loading file: /storage/hive/project/phy-otte/shared/Trinity/Data/20240429/RawDataMerged/CoBo0_AsAd0_2024-04-29T05:26:54.644_0000.root
Unix Timestamp: 1714368414
Total Number of Events: 12
Loading file: /storage/hive/project/phy-otte/shared/Trinity/Data/20240429/RawDataMerged/CoBo0_AsAd0_2024-04-29T12:22:54.680_0000.root
Unix Timestamp: 1714393374
Total Number of Events: 299
Loading file: /storage/hive/project/phy-otte/shared/Trinity/Data/20240429/RawDataMerged/CoBo0_AsAd0_2024-04-29T09:42:54.709_0000.root
Unix Timestamp: 1714383774
Total Number of Events: 4
Loading file: /storage/hive/project/phy-otte/shared/Trinity/Data/20240429/RawDataMerged/CoBo0_AsAd0_2024-04-29T12:58:54.745_0000.root
Unix Timestamp: 1714395534
Total Number of Events: 1317
Loading file: /storage/hive/project/phy-otte/shared/Trinity/Data/20240429/RawDataMerged/CoBo0_AsAd0_2024-04-29T09:26:54.632_0000.root
Unix Timestamp: 1714382814
Total Number of Events: 4
Loading file: /storage/hive/project/phy-otte/shared/Trinity/Data/20240429/RawDataMerged/CoBo0_AsAd0_2024-04-29T13:38:54.608_0000.root
Unix Timestamp: 1714397934
Total Number of Events: 0
Loading file: /storage/hive/project/phy-otte/shared/Trinity/Data/20240429/RawDataMerged/CoBo0_AsAd0_2024-04-29T12:52:54.677_0000.root
Unix Timestamp: 1714395174
Total Number of Events: 15
Loading file: /storage/hive/project/phy-otte/shared/Trinity/Data/20240429/RawDataMerged/CoBo0_AsAd0_2024-04-29T07:24:54.638_0000.root
Unix Timestamp: 1714375494
Total Number of Events: 7
Loading file: /storage/hive/project/phy-otte/shared/Trinity/Data/20240429/RawDataMerged/CoBo0_AsAd0_2024-04-29T03:44:54.721_0000.root
Unix Timestamp: 1714362294
Total Number of Events: 0
Loading file: /storage/hive/project/phy-otte/shared/Trinity/Data/20240429/RawDataMerged/CoBo0_AsAd0_2024-04-29T06:52:54.640_0000.root
Unix Timestamp: 1714373574
Total Number of Events: 10
Loading file: /storage/hive/project/phy-otte/shared/Trinity/Data/20240429/RawDataMerged/CoBo0_AsAd0_2024-04-29T08:44:54.632_0000.root
Unix Timestamp: 1714380294
Total Number of Events: 4
Loading file: /storage/hive/project/phy-otte/shared/Trinity/Data/20240429/RawDataMerged/CoBo0_AsAd0_2024-04-29T04:36:54.645_0000.root
Unix Timestamp: 1714365414
Total Number of Events: 3
Loading file: /storage/hive/project/phy-otte/shared/Trinity/Data/20240429/RawDataMerged/CoBo0_AsAd0_2024-04-29T09:16:54.634_0000.root
Unix Timestamp: 1714382214
Total Number of Events: 4
Loading file: /storage/hive/project/phy-otte/shared/Trinity/Data/20240429/RawDataMerged/CoBo0_AsAd0_2024-04-29T12:26:54.613_0000.root
Unix Timestamp: 1714393614
Total Number of Events: 75
Loading file: /storage/hive/project/phy-otte/shared/Trinity/Data/20240429/RawDataMerged/CoBo0_AsAd0_2024-04-29T07:40:54.637_0000.root
Unix Timestamp: 1714376454
Total Number of Events: 16
Loading file: /storage/hive/project/phy-otte/shared/Trinity/Data/20240429/RawDataMerged/CoBo0_AsAd0_2024-04-29T14:58:54.605_0000.root
Unix Timestamp: 1714402734
Total Number of Events: 0
Loading file: /storage/hive/project/phy-otte/shared/Trinity/Data/20240429/RawDataMerged/CoBo0_AsAd0_2024-04-29T14:08:54.607_0000.root
Unix Timestamp: 1714399734
Total Number of Events: 0
Loading file: /storage/hive/project/phy-otte/shared/Trinity/Data/20240429/RawDataMerged/CoBo0_AsAd0_2024-04-29T10:02:54.703_0000.root
Unix Timestamp: 1714384974
Total Number of Events: 4
Loading file: /storage/hive/project/phy-otte/shared/Trinity/Data/20240429/RawDataMerged/CoBo0_AsAd0_2024-04-29T06:02:54.644_0000.root
Unix Timestamp: 1714370574
Total Number of Events: 9
Loading file: /storage/hive/project/phy-otte/shared/Trinity/Data/20240429/RawDataMerged/CoBo0_AsAd0_2024-04-29T06:08:54.643_0000.root
Unix Timestamp: 1714370934
Total Number of Events: 11
Loading file: /storage/hive/project/phy-otte/shared/Trinity/Data/20240429/RawDataMerged/CoBo0_AsAd0_2024-04-29T07:16:54.639_0000.root
Unix Timestamp: 1714375014
Total Number of Events: 5
Loading file: /storage/hive/project/phy-otte/shared/Trinity/Data/20240429/RawDataMerged/CoBo0_AsAd0_2024-04-29T11:16:54.638_0000.root
Unix Timestamp: 1714389414
Total Number of Events: 5
Loading file: /storage/hive/project/phy-otte/shared/Trinity/Data/20240429/RawDataMerged/CoBo0_AsAd0_2024-04-29T11:34:54.641_0000.root
Unix Timestamp: 1714390494
Total Number of Events: 5
Loading file: /storage/hive/project/phy-otte/shared/Trinity/Data/20240429/RawDataMerged/CoBo0_AsAd0_2024-04-29T04:42:54.644_0000.root
Unix Timestamp: 1714365774
Total Number of Events: 0
Loading file: /storage/hive/project/phy-otte/shared/Trinity/Data/20240429/RawDataMerged/CoBo0_AsAd0_2024-04-29T08:32:54.628_0000.root
Unix Timestamp: 1714379574
Total Number of Events: 16
Loading file: /storage/hive/project/phy-otte/shared/Trinity/Data/20240429/RawDataMerged/CoBo0_AsAd0_2024-04-29T08:30:54.628_0000.root
Unix Timestamp: 1714379454
Total Number of Events: 26
Loading file: /storage/hive/project/phy-otte/shared/Trinity/Data/20240429/RawDataMerged/CoBo0_AsAd0_2024-04-29T05:34:54.644_0000.root
Unix Timestamp: 1714368894
Total Number of Events: 12
Loading file: /storage/hive/project/phy-otte/shared/Trinity/Data/20240429/RawDataMerged/CoBo0_AsAd0_2024-04-29T10:20:54.639_0000.root
Unix Timestamp: 1714386054
Total Number of Events: 4
Loading file: /storage/hive/project/phy-otte/shared/Trinity/Data/20240429/RawDataMerged/CoBo0_AsAd0_2024-04-29T05:12:54.644_0000.root
Unix Timestamp: 1714367574
Total Number of Events: 7
Loading file: /storage/hive/project/phy-otte/shared/Trinity/Data/20240429/RawDataMerged/CoBo0_AsAd0_2024-04-29T14:16:54.606_0000.root
Unix Timestamp: 1714400214
Total Number of Events: 0
Loading file: /storage/hive/project/phy-otte/shared/Trinity/Data/20240429/RawDataMerged/CoBo0_AsAd0_2024-04-29T09:32:54.632_0000.root
Unix Timestamp: 1714383174
Total Number of Events: 4
Loading file: /storage/hive/project/phy-otte/shared/Trinity/Data/20240429/RawDataMerged/CoBo0_AsAd0_2024-04-29T04:48:54.644_0000.root
Unix Timestamp: 1714366134
Total Number of Events: 11
Loading file: /storage/hive/project/phy-otte/shared/Trinity/Data/20240429/RawDataMerged/CoBo0_AsAd0_2024-04-29T04:40:54.644_0000.root
Unix Timestamp: 1714365654
Total Number of Events: 1
Loading file: /storage/hive/project/phy-otte/shared/Trinity/Data/20240429/RawDataMerged/CoBo0_AsAd0_2024-04-29T14:40:54.605_0000.root
Unix Timestamp: 1714401654
Total Number of Events: 0
Loading file: /storage/hive/project/phy-otte/shared/Trinity/Data/20240429/RawDataMerged/CoBo0_AsAd0_2024-04-29T03:46:54.721_0000.root
Unix Timestamp: 1714362414
Total Number of Events: 0
Loading file: /storage/hive/project/phy-otte/shared/Trinity/Data/20240429/RawDataMerged/CoBo0_AsAd0_2024-04-29T15:02:54.605_0000.root
Unix Timestamp: 1714402974
Total Number of Events: 0
Loading file: /storage/hive/project/phy-otte/shared/Trinity/Data/20240429/RawDataMerged/CoBo0_AsAd0_2024-04-29T09:56:54.635_0000.root
Unix Timestamp: 1714384614
Total Number of Events: 4
Loading file: /storage/hive/project/phy-otte/shared/Trinity/Data/20240429/RawDataMerged/CoBo0_AsAd0_2024-04-29T04:32:54.644_0000.root
Unix Timestamp: 1714365174
Total Number of Events: 4
Loading file: /storage/hive/project/phy-otte/shared/Trinity/Data/20240429/RawDataMerged/CoBo0_AsAd0_2024-04-29T13:58:54.607_0000.root
Unix Timestamp: 1714399134
Total Number of Events: 0
Loading file: /storage/hive/project/phy-otte/shared/Trinity/Data/20240429/RawDataMerged/CoBo0_AsAd0_2024-04-29T12:42:54.610_0000.root
Unix Timestamp: 1714394574
Total Number of Events: 1604
Loading file: /storage/hive/project/phy-otte/shared/Trinity/Data/20240429/RawDataMerged/CoBo0_AsAd0_2024-04-29T05:16:54.645_0000.root
Unix Timestamp: 1714367814
Total Number of Events: 11
Loading file: /storage/hive/project/phy-otte/shared/Trinity/Data/20240429/RawDataMerged/CoBo0_AsAd0_2024-04-29T10:26:54.638_0000.root
Unix Timestamp: 1714386414
Total Number of Events: 5
Loading file: /storage/hive/project/phy-otte/shared/Trinity/Data/20240429/RawDataMerged/CoBo0_AsAd0_2024-04-29T06:42:54.641_0000.root
Unix Timestamp: 1714372974
Total Number of Events: 13
Loading file: /storage/hive/project/phy-otte/shared/Trinity/Data/20240429/RawDataMerged/CoBo0_AsAd0_2024-04-29T13:36:54.608_0000.root
Unix Timestamp: 1714397814
Total Number of Events: 0
Loading file: /storage/hive/project/phy-otte/shared/Trinity/Data/20240429/RawDataMerged/CoBo0_AsAd0_2024-04-29T05:28:54.644_0000.root
Unix Timestamp: 1714368534
Total Number of Events: 10
Loading file: /storage/hive/project/phy-otte/shared/Trinity/Data/20240429/RawDataMerged/CoBo0_AsAd0_2024-04-29T13:18:54.609_0000.root
Unix Timestamp: 1714396734
Total Number of Events: 0
Loading file: /storage/hive/project/phy-otte/shared/Trinity/Data/20240429/RawDataMerged/CoBo0_AsAd0_2024-04-29T06:14:54.643_0000.root
Unix Timestamp: 1714371294
Total Number of Events: 11
Loading file: /storage/hive/project/phy-otte/shared/Trinity/Data/20240429/RawDataMerged/CoBo0_AsAd0_2024-04-29T08:48:54.565_0000.root
Unix Timestamp: 1714380534
Total Number of Events: 4
Loading file: /storage/hive/project/phy-otte/shared/Trinity/Data/20240429/RawDataMerged/CoBo0_AsAd0_2024-04-29T07:30:54.638_0000.root
Unix Timestamp: 1714375854
Total Number of Events: 7
Loading file: /storage/hive/project/phy-otte/shared/Trinity/Data/20240429/RawDataMerged/CoBo0_AsAd0_2024-04-29T08:24:54.630_0000.root
Unix Timestamp: 1714379094
Total Number of Events: 99
Loading file: /storage/hive/project/phy-otte/shared/Trinity/Data/20240429/RawDataMerged/CoBo0_AsAd0_2024-04-29T12:40:54.613_0000.root
Unix Timestamp: 1714394454
Total Number of Events: 396
Loading file: /storage/hive/project/phy-otte/shared/Trinity/Data/20240429/RawDataMerged/CoBo0_AsAd0_2024-04-29T07:04:54.640_0000.root
Unix Timestamp: 1714374294
Total Number of Events: 8
Loading file: /storage/hive/project/phy-otte/shared/Trinity/Data/20240429/RawDataMerged/CoBo0_AsAd0_2024-04-29T06:56:54.640_0000.root
Unix Timestamp: 1714373814
Total Number of Events: 16
Loading file: /storage/hive/project/phy-otte/shared/Trinity/Data/20240429/RawDataMerged/CoBo0_AsAd0_2024-04-29T14:56:54.605_0000.root
Unix Timestamp: 1714402614
Total Number of Events: 0
Loading file: /storage/hive/project/phy-otte/shared/Trinity/Data/20240429/RawDataMerged/CoBo0_AsAd0_2024-04-29T09:24:54.633_0000.root
Unix Timestamp: 1714382694
Total Number of Events: 4
Loading file: /storage/hive/project/phy-otte/shared/Trinity/Data/20240429/RawDataMerged/CoBo0_AsAd0_2024-04-29T07:52:54.584_0000.root
Unix Timestamp: 1714377174
Total Number of Events: 799
Loading file: /storage/hive/project/phy-otte/shared/Trinity/Data/20240429/RawDataMerged/CoBo0_AsAd0_2024-04-29T03:42:54.721_0000.root
Unix Timestamp: 1714362174
Total Number of Events: 0
Loading file: /storage/hive/project/phy-otte/shared/Trinity/Data/20240429/RawDataMerged/CoBo0_AsAd0_2024-04-29T13:40:54.608_0000.root
Unix Timestamp: 1714398054
Total Number of Events: 0
Loading file: /storage/hive/project/phy-otte/shared/Trinity/Data/20240429/RawDataMerged/CoBo0_AsAd0_2024-04-29T03:26:54.723_0000.root
Unix Timestamp: 1714361214
Total Number of Events: 0
Loading file: /storage/hive/project/phy-otte/shared/Trinity/Data/20240429/RawDataMerged/CoBo0_AsAd0_2024-04-29T04:04:54.722_0000.root
Unix Timestamp: 1714363494
Total Number of Events: 0
Loading file: /storage/hive/project/phy-otte/shared/Trinity/Data/20240429/RawDataMerged/CoBo0_AsAd0_2024-04-29T05:06:54.645_0000.root
Unix Timestamp: 1714367214
Total Number of Events: 12
Loading file: /storage/hive/project/phy-otte/shared/Trinity/Data/20240429/RawDataMerged/CoBo0_AsAd0_2024-04-29T14:54:54.605_0000.root
Unix Timestamp: 1714402494
Total Number of Events: 0
Loading file: /storage/hive/project/phy-otte/shared/Trinity/Data/20240429/RawDataMerged/CoBo0_AsAd0_2024-04-29T10:22:54.638_0000.root
Unix Timestamp: 1714386174
Total Number of Events: 5
Loading file: /storage/hive/project/phy-otte/shared/Trinity/Data/20240429/RawDataMerged/CoBo0_AsAd0_2024-04-29T07:56:54.571_0000.root
Unix Timestamp: 1714377414
Total Number of Events: 2829
Loading file: /storage/hive/project/phy-otte/shared/Trinity/Data/20240429/RawDataMerged/CoBo0_AsAd0_2024-04-29T11:22:54.643_0000.root
Unix Timestamp: 1714389774
Total Number of Events: 5
Loading file: /storage/hive/project/phy-otte/shared/Trinity/Data/20240429/RawDataMerged/CoBo0_AsAd0_2024-04-29T10:48:54.575_0000.root
Unix Timestamp: 1714387734
Total Number of Events: 5
Loading file: /storage/hive/project/phy-otte/shared/Trinity/Data/20240429/RawDataMerged/CoBo0_AsAd0_2024-04-29T11:40:54.640_0000.root
Unix Timestamp: 1714390854
Total Number of Events: 6
Loading file: /storage/hive/project/phy-otte/shared/Trinity/Data/20240429/RawDataMerged/CoBo0_AsAd0_2024-04-29T14:52:54.605_0000.root
Unix Timestamp: 1714402374
Total Number of Events: 0
Loading file: /storage/hive/project/phy-otte/shared/Trinity/Data/20240429/RawDataMerged/CoBo0_AsAd0_2024-04-29T06:44:54.641_0000.root
Unix Timestamp: 1714373094
Total Number of Events: 12
Loading file: /storage/hive/project/phy-otte/shared/Trinity/Data/20240429/RawDataMerged/CoBo0_AsAd0_2024-04-29T07:34:54.637_0000.root
Unix Timestamp: 1714376094
Total Number of Events: 10
Loading file: /storage/hive/project/phy-otte/shared/Trinity/Data/20240429/RawDataMerged/CoBo0_AsAd0_2024-04-29T10:30:54.638_0000.root
Unix Timestamp: 1714386654
Total Number of Events: 5
Loading file: /storage/hive/project/phy-otte/shared/Trinity/Data/20240429/RawDataMerged/CoBo0_AsAd0_2024-04-29T08:20:54.630_0000.root
Unix Timestamp: 1714378854
Total Number of Events: 115
Loading file: /storage/hive/project/phy-otte/shared/Trinity/Data/20240429/RawDataMerged/CoBo0_AsAd0_2024-04-29T06:38:54.708_0000.root
Unix Timestamp: 1714372734
Total Number of Events: 13
Loading file: /storage/hive/project/phy-otte/shared/Trinity/Data/20240429/RawDataMerged/CoBo0_AsAd0_2024-04-29T03:41:19.788_0000.root
Unix Timestamp: 1714362079
Total Number of Events: 0
Loading file: /storage/hive/project/phy-otte/shared/Trinity/Data/20240429/RawDataMerged/CoBo0_AsAd0_2024-04-29T09:50:54.636_0000.root
Unix Timestamp: 1714384254
Total Number of Events: 4
Loading file: /storage/hive/project/phy-otte/shared/Trinity/Data/20240429/RawDataMerged/CoBo0_AsAd0_2024-04-29T13:54:54.608_0000.root
Unix Timestamp: 1714398894
Total Number of Events: 0
Loading file: /storage/hive/project/phy-otte/shared/Trinity/Data/20240429/RawDataMerged/CoBo0_AsAd0_2024-04-29T07:28:54.637_0000.root
Unix Timestamp: 1714375734
Total Number of Events: 10
Loading file: /storage/hive/project/phy-otte/shared/Trinity/Data/20240429/RawDataMerged/CoBo0_AsAd0_2024-04-29T12:20:54.645_0000.root
Unix Timestamp: 1714393254
Total Number of Events: 1142
Loading file: /storage/hive/project/phy-otte/shared/Trinity/Data/20240429/RawDataMerged/CoBo0_AsAd0_2024-04-29T06:40:54.642_0000.root
Unix Timestamp: 1714372854
Total Number of Events: 12
Loading file: /storage/hive/project/phy-otte/shared/Trinity/Data/20240429/RawDataMerged/CoBo0_AsAd0_2024-04-29T09:02:54.630_0000.root
Unix Timestamp: 1714381374
Total Number of Events: 4
Loading file: /storage/hive/project/phy-otte/shared/Trinity/Data/20240429/RawDataMerged/CoBo0_AsAd0_2024-04-29T09:40:54.637_0000.root
Unix Timestamp: 1714383654
Total Number of Events: 4
Loading file: /storage/hive/project/phy-otte/shared/Trinity/Data/20240429/RawDataMerged/CoBo0_AsAd0_2024-04-29T10:50:54.642_0000.root
Unix Timestamp: 1714387854
Total Number of Events: 4
Loading file: /storage/hive/project/phy-otte/shared/Trinity/Data/20240429/RawDataMerged/CoBo0_AsAd0_2024-04-29T09:04:54.635_0000.root
Unix Timestamp: 1714381494
Total Number of Events: 4
Loading file: /storage/hive/project/phy-otte/shared/Trinity/Data/20240429/RawDataMerged/CoBo0_AsAd0_2024-04-29T03:56:54.721_0000.root
Unix Timestamp: 1714363014
Total Number of Events: 0
Loading file: /storage/hive/project/phy-otte/shared/Trinity/Data/20240429/RawDataMerged/CoBo0_AsAd0_2024-04-29T14:00:54.607_0000.root
Unix Timestamp: 1714399254
Total Number of Events: 0
Loading file: /storage/hive/project/phy-otte/shared/Trinity/Data/20240429/RawDataMerged/CoBo0_AsAd0_2024-04-29T07:14:54.639_0000.root
Unix Timestamp: 1714374894
Total Number of Events: 8
Loading file: /storage/hive/project/phy-otte/shared/Trinity/Data/20240429/RawDataMerged/CoBo0_AsAd0_2024-04-29T09:14:54.634_0000.root
Unix Timestamp: 1714382094
Total Number of Events: 4
Loading file: /storage/hive/project/phy-otte/shared/Trinity/Data/20240429/RawDataMerged/CoBo0_AsAd0_2024-04-29T13:16:54.610_0000.root
Unix Timestamp: 1714396614
Total Number of Events: 0
Loading file: /storage/hive/project/phy-otte/shared/Trinity/Data/20240429/RawDataMerged/CoBo0_AsAd0_2024-04-29T07:58:54.563_0000.root
Unix Timestamp: 1714377534
Total Number of Events: 2667
Loading file: /storage/hive/project/phy-otte/shared/Trinity/Data/20240429/RawDataMerged/CoBo0_AsAd0_2024-04-29T14:42:54.606_0000.root
Unix Timestamp: 1714401774
Total Number of Events: 0
Loading file: /storage/hive/project/phy-otte/shared/Trinity/Data/20240429/RawDataMerged/CoBo0_AsAd0_2024-04-29T05:24:54.644_0000.root
Unix Timestamp: 1714368294
Total Number of Events: 11
Loading file: /storage/hive/project/phy-otte/shared/Trinity/Data/20240429/RawDataMerged/CoBo0_AsAd0_2024-04-29T05:50:54.644_0000.root
Unix Timestamp: 1714369854
Total Number of Events: 9
Loading file: /storage/hive/project/phy-otte/shared/Trinity/Data/20240429/RawDataMerged/CoBo0_AsAd0_2024-04-29T12:04:54.683_0000.root
Unix Timestamp: 1714392294
Total Number of Events: 68
Loading file: /storage/hive/project/phy-otte/shared/Trinity/Data/20240429/RawDataMerged/CoBo0_AsAd0_2024-04-29T12:30:54.674_0000.root
Unix Timestamp: 1714393854
Total Number of Events: 1679
Loading file: /storage/hive/project/phy-otte/shared/Trinity/Data/20240429/RawDataMerged/CoBo0_AsAd0_2024-04-29T09:06:54.635_0000.root
Unix Timestamp: 1714381614
Total Number of Events: 4
Loading file: /storage/hive/project/phy-otte/shared/Trinity/Data/20240429/RawDataMerged/CoBo0_AsAd0_2024-04-29T08:52:54.631_0000.root
Unix Timestamp: 1714380774
Total Number of Events: 4
Loading file: /storage/hive/project/phy-otte/shared/Trinity/Data/20240429/RawDataMerged/CoBo0_AsAd0_2024-04-29T10:08:54.634_0000.root
Unix Timestamp: 1714385334
Total Number of Events: 4
Loading file: /storage/hive/project/phy-otte/shared/Trinity/Data/20240429/RawDataMerged/CoBo0_AsAd0_2024-04-29T10:14:54.643_0000.root
Unix Timestamp: 1714385694
Total Number of Events: 5
Loading file: /storage/hive/project/phy-otte/shared/Trinity/Data/20240429/RawDataMerged/CoBo0_AsAd0_2024-04-29T11:32:54.641_0000.root
Unix Timestamp: 1714390374
Total Number of Events: 27
Loading file: /storage/hive/project/phy-otte/shared/Trinity/Data/20240429/RawDataMerged/CoBo0_AsAd0_2024-04-29T08:38:54.702_0000.root
Unix Timestamp: 1714379934
Total Number of Events: 6
Loading file: /storage/hive/project/phy-otte/shared/Trinity/Data/20240429/RawDataMerged/CoBo0_AsAd0_2024-04-29T14:28:54.606_0000.root
Unix Timestamp: 1714400934
Total Number of Events: 0
Loading file: /storage/hive/project/phy-otte/shared/Trinity/Data/20240429/RawDataMerged/CoBo0_AsAd0_2024-04-29T07:10:54.639_0000.root
Unix Timestamp: 1714374654
Total Number of Events: 4
Loading file: /storage/hive/project/phy-otte/shared/Trinity/Data/20240429/RawDataMerged/CoBo0_AsAd0_2024-04-29T05:36:54.644_0000.root
Unix Timestamp: 1714369014
Total Number of Events: 11
Loading file: /storage/hive/project/phy-otte/shared/Trinity/Data/20240429/RawDataMerged/CoBo0_AsAd0_2024-04-29T12:34:54.751_0000.root
Unix Timestamp: 1714394094
Total Number of Events: 73
Loading file: /storage/hive/project/phy-otte/shared/Trinity/Data/20240429/RawDataMerged/CoBo0_AsAd0_2024-04-29T08:00:54.632_0001.root
Unix Timestamp: 1714377654
Total Number of Events: 132
Loading file: /storage/hive/project/phy-otte/shared/Trinity/Data/20240429/RawDataMerged/CoBo0_AsAd0_2024-04-29T03:52:54.721_0000.root
Unix Timestamp: 1714362774
Total Number of Events: 0
Loading file: /storage/hive/project/phy-otte/shared/Trinity/Data/20240429/RawDataMerged/CoBo0_AsAd0_2024-04-29T11:06:54.640_0000.root
Unix Timestamp: 1714388814
Total Number of Events: 4
Loading file: /storage/hive/project/phy-otte/shared/Trinity/Data/20240429/RawDataMerged/CoBo0_AsAd0_2024-04-29T06:18:54.643_0000.root
Unix Timestamp: 1714371534
Total Number of Events: 11
Loading file: /storage/hive/project/phy-otte/shared/Trinity/Data/20240429/RawDataMerged/CoBo0_AsAd0_2024-04-29T06:20:54.587_0000.root
Unix Timestamp: 1714371654
Total Number of Events: 281
Loading file: /storage/hive/project/phy-otte/shared/Trinity/Data/20240429/RawDataMerged/CoBo0_AsAd0_2024-04-29T08:50:54.700_0000.root
Unix Timestamp: 1714380654
Total Number of Events: 4
Loading file: /storage/hive/project/phy-otte/shared/Trinity/Data/20240429/RawDataMerged/CoBo0_AsAd0_2024-04-29T04:58:54.644_0000.root
Unix Timestamp: 1714366734
Total Number of Events: 6
Loading file: /storage/hive/project/phy-otte/shared/Trinity/Data/20240429/RawDataMerged/CoBo0_AsAd0_2024-04-29T10:16:54.639_0000.root
Unix Timestamp: 1714385814
Total Number of Events: 5
Loading file: /storage/hive/project/phy-otte/shared/Trinity/Data/20240429/RawDataMerged/CoBo0_AsAd0_2024-04-29T13:32:54.608_0000.root
Unix Timestamp: 1714397574
Total Number of Events: 0
Loading file: /storage/hive/project/phy-otte/shared/Trinity/Data/20240429/RawDataMerged/CoBo0_AsAd0_2024-04-29T06:58:54.640_0000.root
Unix Timestamp: 1714373934
Total Number of Events: 6
Loading file: /storage/hive/project/phy-otte/shared/Trinity/Data/20240429/RawDataMerged/CoBo0_AsAd0_2024-04-29T04:30:54.644_0000.root
Unix Timestamp: 1714365054
Total Number of Events: 2
Loading file: /storage/hive/project/phy-otte/shared/Trinity/Data/20240429/RawDataMerged/CoBo0_AsAd0_2024-04-29T09:12:54.706_0000.root
Unix Timestamp: 1714381974
Total Number of Events: 4
Loading file: /storage/hive/project/phy-otte/shared/Trinity/Data/20240429/RawDataMerged/CoBo0_AsAd0_2024-04-29T05:22:54.646_0000.root
Unix Timestamp: 1714368174
Total Number of Events: 16
Loading file: /storage/hive/project/phy-otte/shared/Trinity/Data/20240429/RawDataMerged/CoBo0_AsAd0_2024-04-29T11:58:54.685_0000.root
Unix Timestamp: 1714391934
Total Number of Events: 65
Loading file: /storage/hive/project/phy-otte/shared/Trinity/Data/20240429/RawDataMerged/CoBo0_AsAd0_2024-04-29T11:46:54.687_0000.root
Unix Timestamp: 1714391214
Total Number of Events: 101
Loading file: /storage/hive/project/phy-otte/shared/Trinity/Data/20240429/RawDataMerged/CoBo0_AsAd0_2024-04-29T11:18:54.574_0000.root
Unix Timestamp: 1714389534
Total Number of Events: 5
Loading file: /storage/hive/project/phy-otte/shared/Trinity/Data/20240429/RawDataMerged/CoBo0_AsAd0_2024-04-29T05:58:54.645_0000.root
Unix Timestamp: 1714370334
Total Number of Events: 12
Loading file: /storage/hive/project/phy-otte/shared/Trinity/Data/20240429/RawDataMerged/CoBo0_AsAd0_2024-04-29T08:12:54.625_0000.root
Unix Timestamp: 1714378374
Total Number of Events: 234
Loading file: /storage/hive/project/phy-otte/shared/Trinity/Data/20240429/RawDataMerged/CoBo0_AsAd0_2024-04-29T09:10:54.634_0000.root
Unix Timestamp: 1714381854
Total Number of Events: 4
Loading file: /storage/hive/project/phy-otte/shared/Trinity/Data/20240429/RawDataMerged/CoBo0_AsAd0_2024-04-29T06:50:54.640_0000.root
Unix Timestamp: 1714373454
Total Number of Events: 9
Loading file: /storage/hive/project/phy-otte/shared/Trinity/Data/20240429/RawDataMerged/CoBo0_AsAd0_2024-04-29T07:06:54.640_0000.root
Unix Timestamp: 1714374414
Total Number of Events: 8
Loading file: /storage/hive/project/phy-otte/shared/Trinity/Data/20240429/RawDataMerged/CoBo0_AsAd0_2024-04-29T04:52:54.644_0000.root
Unix Timestamp: 1714366374
Total Number of Events: 7
Loading file: /storage/hive/project/phy-otte/shared/Trinity/Data/20240429/RawDataMerged/CoBo0_AsAd0_2024-04-29T14:34:54.605_0000.root
Unix Timestamp: 1714401294
Total Number of Events: 0
Loading file: /storage/hive/project/phy-otte/shared/Trinity/Data/20240429/RawDataMerged/CoBo0_AsAd0_2024-04-29T04:38:54.644_0000.root
Unix Timestamp: 1714365534
Total Number of Events: 3
Loading file: /storage/hive/project/phy-otte/shared/Trinity/Data/20240429/RawDataMerged/CoBo0_AsAd0_2024-04-29T14:50:54.605_0000.root
Unix Timestamp: 1714402254
Total Number of Events: 23
Loading file: /storage/hive/project/phy-otte/shared/Trinity/Data/20240429/RawDataMerged/CoBo0_AsAd0_2024-04-29T10:58:54.642_0000.root
Unix Timestamp: 1714388334
Total Number of Events: 4
Loading file: /storage/hive/project/phy-otte/shared/Trinity/Data/20240429/RawDataMerged/CoBo0_AsAd0_2024-04-29T06:26:54.709_0000.root
Unix Timestamp: 1714372014
Total Number of Events: 11
Loading file: /storage/hive/project/phy-otte/shared/Trinity/Data/20240429/RawDataMerged/CoBo0_AsAd0_2024-04-29T12:44:54.678_0000.root
Unix Timestamp: 1714394694
Total Number of Events: 146
Loading file: /storage/hive/project/phy-otte/shared/Trinity/Data/20240429/RawDataMerged/CoBo0_AsAd0_2024-04-29T11:14:54.639_0000.root
Unix Timestamp: 1714389294
Total Number of Events: 5
Loading file: /storage/hive/project/phy-otte/shared/Trinity/Data/20240429/RawDataMerged/CoBo0_AsAd0_2024-04-29T04:22:50.645_0000.root
Unix Timestamp: 1714364570
Total Number of Events: 2
Loading file: /storage/hive/project/phy-otte/shared/Trinity/Data/20240429/RawDataMerged/CoBo0_AsAd0_2024-04-29T06:06:54.644_0000.root
Unix Timestamp: 1714370814
Total Number of Events: 8
Loading file: /storage/hive/project/phy-otte/shared/Trinity/Data/20240429/RawDataMerged/CoBo0_AsAd0_2024-04-29T10:54:54.641_0000.root
Unix Timestamp: 1714388094
Total Number of Events: 5
Loading file: /storage/hive/project/phy-otte/shared/Trinity/Data/20240429/RawDataMerged/CoBo0_AsAd0_2024-04-29T05:48:54.645_0000.root
Unix Timestamp: 1714369734
Total Number of Events: 9
Loading file: /storage/hive/project/phy-otte/shared/Trinity/Data/20240429/RawDataMerged/CoBo0_AsAd0_2024-04-29T11:50:54.686_0000.root
Unix Timestamp: 1714391454
Total Number of Events: 524
Loading file: /storage/hive/project/phy-otte/shared/Trinity/Data/20240429/RawDataMerged/CoBo0_AsAd0_2024-04-29T04:46:54.644_0000.root
Unix Timestamp: 1714366014
Total Number of Events: 8
Loading file: /storage/hive/project/phy-otte/shared/Trinity/Data/20240429/RawDataMerged/CoBo0_AsAd0_2024-04-29T10:24:54.638_0000.root
Unix Timestamp: 1714386294
Total Number of Events: 5
Loading file: /storage/hive/project/phy-otte/shared/Trinity/Data/20240429/RawDataMerged/CoBo0_AsAd0_2024-04-29T14:04:54.676_0000.root
Unix Timestamp: 1714399494
Total Number of Events: 0
Loading file: /storage/hive/project/phy-otte/shared/Trinity/Data/20240429/RawDataMerged/CoBo0_AsAd0_2024-04-29T06:10:54.643_0000.root
Unix Timestamp: 1714371054
Total Number of Events: 12
Loading file: /storage/hive/project/phy-otte/shared/Trinity/Data/20240429/RawDataMerged/CoBo0_AsAd0_2024-04-29T09:38:54.637_0000.root
Unix Timestamp: 1714383534
Total Number of Events: 4
Loading file: /storage/hive/project/phy-otte/shared/Trinity/Data/20240429/RawDataMerged/CoBo0_AsAd0_2024-04-29T13:26:54.608_0000.root
Unix Timestamp: 1714397214
Total Number of Events: 0
Loading file: /storage/hive/project/phy-otte/shared/Trinity/Data/20240429/RawDataMerged/CoBo0_AsAd0_2024-04-29T14:46:54.605_0000.root
Unix Timestamp: 1714402014
Total Number of Events: 0
Loading file: /storage/hive/project/phy-otte/shared/Trinity/Data/20240429/RawDataMerged/CoBo0_AsAd0_2024-04-29T04:44:54.644_0000.root
Unix Timestamp: 1714365894
Total Number of Events: 5
Loading file: /storage/hive/project/phy-otte/shared/Trinity/Data/20240429/RawDataMerged/CoBo0_AsAd0_2024-04-29T09:18:54.567_0000.root
Unix Timestamp: 1714382334
Total Number of Events: 4
Loading file: /storage/hive/project/phy-otte/shared/Trinity/Data/20240429/RawDataMerged/CoBo0_AsAd0_2024-04-29T06:46:54.641_0000.root
Unix Timestamp: 1714373214
Total Number of Events: 10
Loading file: /storage/hive/project/phy-otte/shared/Trinity/Data/20240429/RawDataMerged/CoBo0_AsAd0_2024-04-29T11:12:54.640_0000.root
Unix Timestamp: 1714389174
Total Number of Events: 5
Loading file: /storage/hive/project/phy-otte/shared/Trinity/Data/20240429/RawDataMerged/CoBo0_AsAd0_2024-04-29T11:54:54.685_0000.root
Unix Timestamp: 1714391694
Total Number of Events: 9
Loading file: /storage/hive/project/phy-otte/shared/Trinity/Data/20240429/RawDataMerged/CoBo0_AsAd0_2024-04-29T12:24:54.680_0000.root
Unix Timestamp: 1714393494
Total Number of Events: 46
Loading file: /storage/hive/project/phy-otte/shared/Trinity/Data/20240429/RawDataMerged/CoBo0_AsAd0_2024-04-29T08:54:54.631_0000.root
Unix Timestamp: 1714380894
Total Number of Events: 4
Loading file: /storage/hive/project/phy-otte/shared/Trinity/Data/20240429/RawDataMerged/CoBo0_AsAd0_2024-04-29T03:50:54.721_0000.root
Unix Timestamp: 1714362654
Total Number of Events: 0
Loading file: /storage/hive/project/phy-otte/shared/Trinity/Data/20240429/RawDataMerged/CoBo0_AsAd0_2024-04-29T07:08:54.639_0000.root
Unix Timestamp: 1714374534
Total Number of Events: 7
Loading file: /storage/hive/project/phy-otte/shared/Trinity/Data/20240429/RawDataMerged/CoBo0_AsAd0_2024-04-29T12:50:54.653_0000.root
Unix Timestamp: 1714395054
Total Number of Events: 31
Loading file: /storage/hive/project/phy-otte/shared/Trinity/Data/20240429/RawDataMerged/CoBo0_AsAd0_2024-04-29T06:12:54.643_0000.root
Unix Timestamp: 1714371174
Total Number of Events: 10
Loading file: /storage/hive/project/phy-otte/shared/Trinity/Data/20240429/RawDataMerged/CoBo0_AsAd0_2024-04-29T09:08:54.635_0000.root
Unix Timestamp: 1714381734
Total Number of Events: 4
Loading file: /storage/hive/project/phy-otte/shared/Trinity/Data/20240429/RawDataMerged/CoBo0_AsAd0_2024-04-29T07:44:54.637_0000.root
Unix Timestamp: 1714376694
Total Number of Events: 58
Loading file: /storage/hive/project/phy-otte/shared/Trinity/Data/20240429/RawDataMerged/CoBo0_AsAd0_2024-04-29T10:28:54.639_0000.root
Unix Timestamp: 1714386534
Total Number of Events: 4
Loading file: /storage/hive/project/phy-otte/shared/Trinity/Data/20240429/RawDataMerged/CoBo0_AsAd0_2024-04-29T05:38:54.644_0000.root
Unix Timestamp: 1714369134
Total Number of Events: 11
Loading file: /storage/hive/project/phy-otte/shared/Trinity/Data/20240429/RawDataMerged/CoBo0_AsAd0_2024-04-29T06:34:54.709_0000.root
Unix Timestamp: 1714372494
Total Number of Events: 10
Loading file: /storage/hive/project/phy-otte/shared/Trinity/Data/20240429/RawDataMerged/CoBo0_AsAd0_2024-04-29T13:52:54.608_0000.root
Unix Timestamp: 1714398774
Total Number of Events: 0
Loading file: /storage/hive/project/phy-otte/shared/Trinity/Data/20240429/RawDataMerged/CoBo0_AsAd0_2024-04-29T08:02:54.632_0000.root
Unix Timestamp: 1714377774
Total Number of Events: 44
Loading file: /storage/hive/project/phy-otte/shared/Trinity/Data/20240429/RawDataMerged/CoBo0_AsAd0_2024-04-29T14:14:54.606_0000.root
Unix Timestamp: 1714400094
Total Number of Events: 0
Loading file: /storage/hive/project/phy-otte/shared/Trinity/Data/20240429/RawDataMerged/CoBo0_AsAd0_2024-04-29T09:34:54.631_0000.root
Unix Timestamp: 1714383294
Total Number of Events: 4
Loading file: /storage/hive/project/phy-otte/shared/Trinity/Data/20240429/RawDataMerged/CoBo0_AsAd0_2024-04-29T08:14:54.625_0000.root
Unix Timestamp: 1714378494
Total Number of Events: 222
Loading file: /storage/hive/project/phy-otte/shared/Trinity/Data/20240429/RawDataMerged/CoBo0_AsAd0_2024-04-29T11:04:54.641_0000.root
Unix Timestamp: 1714388694
Total Number of Events: 4
Loading file: /storage/hive/project/phy-otte/shared/Trinity/Data/20240429/RawDataMerged/CoBo0_AsAd0_2024-04-29T10:56:54.641_0000.root
Unix Timestamp: 1714388214
Total Number of Events: 5
Loading file: /storage/hive/project/phy-otte/shared/Trinity/Data/20240429/RawDataMerged/CoBo0_AsAd0_2024-04-29T14:06:54.607_0000.root
Unix Timestamp: 1714399614
Total Number of Events: 0
Loading file: /storage/hive/project/phy-otte/shared/Trinity/Data/20240429/RawDataMerged/CoBo0_AsAd0_2024-04-29T05:10:54.645_0000.root
Unix Timestamp: 1714367454
Total Number of Events: 6
Loading file: /storage/hive/project/phy-otte/shared/Trinity/Data/20240429/RawDataMerged/CoBo0_AsAd0_2024-04-29T09:46:54.636_0000.root
Unix Timestamp: 1714384014
Total Number of Events: 4
Loading file: /storage/hive/project/phy-otte/shared/Trinity/Data/20240429/RawDataMerged/CoBo0_AsAd0_2024-04-29T13:04:54.587_0000.root
Unix Timestamp: 1714395894
Total Number of Events: 21
Loading file: /storage/hive/project/phy-otte/shared/Trinity/Data/20240429/RawDataMerged/CoBo0_AsAd0_2024-04-29T11:56:54.754_0000.root
Unix Timestamp: 1714391814
Total Number of Events: 13
Loading file: /storage/hive/project/phy-otte/shared/Trinity/Data/20240429/RawDataMerged/CoBo0_AsAd0_2024-04-29T11:24:54.643_0000.root
Unix Timestamp: 1714389894
Total Number of Events: 5
Loading file: /storage/hive/project/phy-otte/shared/Trinity/Data/20240429/RawDataMerged/CoBo0_AsAd0_2024-04-29T14:12:54.606_0000.root
Unix Timestamp: 1714399974
Total Number of Events: 0
Loading file: /storage/hive/project/phy-otte/shared/Trinity/Data/20240429/RawDataMerged/CoBo0_AsAd0_2024-04-29T11:30:54.642_0000.root
Unix Timestamp: 1714390254
Total Number of Events: 115
Info in <TCanvas::Print>: pdf file /storage/hive/project/phy-otte/shared/Trinity/DataAnalysis/DataSummary/Output/20240429.pdf has been created
Info in <TCanvas::Print>: Current canvas added to pdf file /storage/hive/project/phy-otte/shared/Trinity/DataAnalysis/DataSummary/Output/20240429.pdf
Info in <TCanvas::Print>: Current canvas added to pdf file /storage/hive/project/phy-otte/shared/Trinity/DataAnalysis/DataSummary/Output/20240429.pdf
Info in <TCanvas::Print>: Current canvas added to pdf file /storage/hive/project/phy-otte/shared/Trinity/DataAnalysis/DataSummary/Output/20240429.pdf
Info in <TCanvas::Print>: Current canvas added to pdf file /storage/hive/project/phy-otte/shared/Trinity/DataAnalysis/DataSummary/Output/20240429.pdf
Info in <TCanvas::Print>: Current canvas added to pdf file /storage/hive/project/phy-otte/shared/Trinity/DataAnalysis/DataSummary/Output/20240429.pdf
Info in <TCanvas::Print>: Current canvas added to pdf file /storage/hive/project/phy-otte/shared/Trinity/DataAnalysis/DataSummary/Output/20240429.pdf
Info in <TCanvas::Print>: pdf file /storage/hive/project/phy-otte/shared/Trinity/DataAnalysis/DataSummary/Output/20240429.pdf has been closed
spawn ssh -i /home/sstepanoff3/.ssh/hive sstepanoff3@login-hive.pace.gatech.edu /storage/hive/project/phy-otte/shared/Trinity/DataAnalysis/DataSummary/sumDir/FolderDataSum 20240430

Inactive Modules:
  1) mvapich2

The following have been reloaded with a version change:
  1) gcc/10.3.0-o57x6h => gcc/8.3.0-rv4av7
  2) mpc/1.2.1-zoh6w2 => mpc/1.1.0-kyjl4f
  3) mpfr/4.1.0-32gcbv => mpfr/3.1.6-yuvsh4

/storage/hive/project/phy-otte/shared/Trinity/Data/20240430/RawDataMerged/
Loading file: /storage/hive/project/phy-otte/shared/Trinity/Data/20240430/RawDataMerged/CoBo0_AsAd0_2024-04-30T05:07:05.493_0000.root
Error opening file
Unix Timestamp: 1714453625
Warning in <TClass::Init>: no dictionary for class ROOT::TIOFeatures is available
Total Number of Events: 4
bad t? 171445362468375367ns 1714453624s
bad t? 171445364683678383ns 1714453646s
bad t? 171445366606379944ns 1714453666s
bad t? 171445369080042288ns 1714453690s
Loading file: /storage/hive/project/phy-otte/shared/Trinity/Data/20240430/RawDataMerged/CoBo0_AsAd0_2024-04-30T07:40:46.796_0000.root
Unix Timestamp: 1714462846
Total Number of Events: 2
bad t? 171446287682647118ns 1714462876s
bad t? 171446289162491577ns 1714462891s
Loading file: /storage/hive/project/phy-otte/shared/Trinity/Data/20240430/RawDataMerged/CoBo0_AsAd0_2024-04-30T09:40:15.566_0000.root
Unix Timestamp: 1714470015
Total Number of Events: 115
bad t? 171447001500003590ns 1714470015s
bad t? 171447001500010632ns 1714470015s
bad t? 171447001500016252ns 1714470015s
bad t? 171447001500023907ns 1714470015s
bad t? 171447001500031275ns 1714470015s
bad t? 171447001500040971ns 1714470015s
bad t? 171447001500049048ns 1714470015s
bad t? 171447001500053965ns 1714470015s
bad t? 171447001500061798ns 1714470015s
bad t? 171447001500067868ns 1714470015s
bad t? 171447001500077227ns 1714470015s
bad t? 171447001500086054ns 1714470015s
bad t? 171447001500092271ns 1714470015s
bad t? 171447001500097594ns 1714470015s
bad t? 171447001500101547ns 1714470015s
bad t? 171447001500106754ns 1714470015s
bad t? 171447001500116462ns 1714470015s
bad t? 171447001500123951ns 1714470015s
bad t? 171447001500131985ns 1714470015s
bad t? 171447001500138404ns 1714470015s
bad t? 171447001500144476ns 1714470015s
bad t? 171447001500153680ns 1714470015s
bad t? 171447001500160281ns 1714470015s
bad t? 171447001500167947ns 1714470015s
bad t? 171447001500177147ns 1714470015s
bad t? 171447001500189641ns 1714470015s
bad t? 171447001500197172ns 1714470015s
bad t? 171447001500204875ns 1714470015s
bad t? 171447001500211355ns 1714470015s
bad t? 171447001500220601ns 1714470015s
bad t? 171447001500228727ns 1714470015s
bad t? 171447001500237148ns 1714470015s
bad t? 171447001500243677ns 1714470015s
bad t? 171447001500253537ns 1714470015s
bad t? 171447001500260866ns 1714470015s
bad t? 171447001500271964ns 1714470015s
bad t? 171447001500280124ns 1714470015s
bad t? 171447001500284877ns 1714470015s
bad t? 171447001500292352ns 1714470015s
bad t? 171447001500298081ns 1714470015s
bad t? 171447001500304028ns 1714470015s
bad t? 171447001500313870ns 1714470015s
bad t? 171447001500322026ns 1714470015s
bad t? 171447001500330203ns 1714470015s
bad t? 171447001500338933ns 1714470015s
bad t? 171447001500346415ns 1714470015s
bad t? 171447001500355706ns 1714470015s
bad t? 171447001500362315ns 1714470015s
bad t? 171447001500369262ns 1714470015s
bad t? 171447001500378926ns 1714470015s
bad t? 171447001500386465ns 1714470015s
bad t? 171447001500392514ns 1714470015s
bad t? 171447001500403954ns 1714470015s
bad t? 171447001500411669ns 1714470015s
bad t? 171447001500418922ns 1714470015s
bad t? 171447001500427033ns 1714470015s
bad t? 171447001500436682ns 1714470015s
bad t? 171447001500445409ns 1714470015s
bad t? 171447001500453238ns 1714470015s
bad t? 171447001500460332ns 1714470015s
bad t? 171447001500467368ns 1714470015s
bad t? 171447001500470861ns 1714470015s
bad t? 171447001500479384ns 1714470015s
bad t? 171447001500488475ns 1714470015s
bad t? 171447001500496418ns 1714470015s
bad t? 171447001500503796ns 1714470015s
bad t? 171447001500511505ns 1714470015s
bad t? 171447001500521420ns 1714470015s
bad t? 171447001500529473ns 1714470015s
bad t? 171447001500537130ns 1714470015s
bad t? 171447001500544062ns 1714470015s
bad t? 171447001500552039ns 1714470015s
bad t? 171447001500558463ns 1714470015s
bad t? 171447001500566744ns 1714470015s
bad t? 171447001500573163ns 1714470015s
bad t? 171447001500580556ns 1714470015s
bad t? 171447001500589596ns 1714470015s
bad t? 171447001500601157ns 1714470015s
bad t? 171447001500612061ns 1714470015s
bad t? 171447001500621557ns 1714470015s
bad t? 171447001500625372ns 1714470015s
bad t? 171447001500632656ns 1714470015s
bad t? 171447001500639909ns 1714470015s
bad t? 171447001500645882ns 1714470015s
bad t? 171447001500656661ns 1714470015s
bad t? 171447001500667132ns 1714470015s
bad t? 171447001500674395ns 1714470015s
bad t? 171447001500680729ns 1714470015s
bad t? 171447001500688445ns 1714470015s
bad t? 171447001500694959ns 1714470015s
bad t? 171447001500703942ns 1714470015s
bad t? 171447001500710531ns 1714470015s
bad t? 171447001500721335ns 1714470015s
bad t? 171447001500729440ns 1714470015s
bad t? 171447001500738512ns 1714470015s
bad t? 171447001500742673ns 1714470015s
bad t? 171447001500751411ns 1714470015s
bad t? 171447001500758306ns 1714470015s
bad t? 171447001500767585ns 1714470015s
bad t? 171447001500775158ns 1714470015s
bad t? 171447001500785063ns 1714470015s
bad t? 171447001500791174ns 1714470015s
bad t? 171447001500796977ns 1714470015s
bad t? 171447001500809265ns 1714470015s
bad t? 171447001500816400ns 1714470015s
bad t? 171447001500822168ns 1714470015s
bad t? 171447001500827519ns 1714470015s
bad t? 171447001500834645ns 1714470015s
bad t? 171447001500840732ns 1714470015s
bad t? 171447001500851193ns 1714470015s
bad t? 171447001500858783ns 1714470015s
bad t? 171447001500865050ns 1714470015s
bad t? 171447001500871412ns 1714470015s
bad t? 171447001500876733ns 1714470015s
bad t? 171447001500887135ns 1714470015s
Loading file: /storage/hive/project/phy-otte/shared/Trinity/Data/20240430/RawDataMerged/CoBo0_AsAd0_2024-04-30T06:58:22.636_0000.root
Unix Timestamp: 1714460302
Total Number of Events: 3
bad t? 171446030226425859ns 1714460302s
bad t? 171446032472598608ns 1714460324s
bad t? 171446035605806724ns 1714460356s
Loading file: /storage/hive/project/phy-otte/shared/Trinity/Data/20240430/RawDataMerged/CoBo0_AsAd0_2024-04-30T05:05:00.901_0000.root
Unix Timestamp: 1714453500
Total Number of Events: 11
bad t? 171445349958218189ns 1714453499s
bad t? 171445352100525348ns 1714453521s
bad t? 171445353078203186ns 1714453530s
bad t? 171445353783028637ns 1714453537s
bad t? 171445353783033595ns 1714453537s
bad t? 171445354185775827ns 1714453541s
bad t? 171445354185777546ns 1714453541s
bad t? 171445354387154276ns 1714453543s
bad t? 171445354387156600ns 1714453543s
bad t? 171445354387161725ns 1714453543s
bad t? 171445355192644229ns 1714453551s
Loading file: /storage/hive/project/phy-otte/shared/Trinity/Data/20240430/RawDataMerged/CoBo0_AsAd0_2024-04-30T09:42:16.022_0000.root
Unix Timestamp: 1714470136
Total Number of Events: 0
Loading file: /storage/hive/project/phy-otte/shared/Trinity/Data/20240430/RawDataMerged/CoBo0_AsAd0_2024-04-30T09:38:15.559_0000.root
Unix Timestamp: 1714469895
Total Number of Events: 115
bad t? 171446989500006228ns 1714469895s
bad t? 171446989500016307ns 1714469895s
bad t? 171446989500022225ns 1714469895s
bad t? 171446989500028932ns 1714469895s
bad t? 171446989500033242ns 1714469895s
bad t? 171446989500044548ns 1714469895s
bad t? 171446989500050626ns 1714469895s
bad t? 171446989500055751ns 1714469895s
bad t? 171446989500059615ns 1714469895s
bad t? 171446989500067225ns 1714469895s
bad t? 171446989500070920ns 1714469895s
bad t? 171446989500077304ns 1714469895s
bad t? 171446989500082452ns 1714469895s
bad t? 171446989500089177ns 1714469895s
bad t? 171446989500098438ns 1714469895s
bad t? 171446989500104867ns 1714469895s
bad t? 171446989500115775ns 1714469895s
bad t? 171446989500122157ns 1714469895s
bad t? 171446989500129875ns 1714469895s
bad t? 171446989500137618ns 1714469895s
bad t? 171446989500143562ns 1714469895s
bad t? 171446989500151664ns 1714469895s
bad t? 171446989500157182ns 1714469895s
bad t? 171446989500163687ns 1714469895s
bad t? 171446989500172677ns 1714469895s
bad t? 171446989500177694ns 1714469895s
bad t? 171446989500185356ns 1714469895s
bad t? 171446989500191031ns 1714469895s
bad t? 171446989500196444ns 1714469895s
bad t? 171446989500202223ns 1714469895s
bad t? 171446989500210043ns 1714469895s
bad t? 171446989500214605ns 1714469895s
bad t? 171446989500219569ns 1714469895s
bad t? 171446989500228414ns 1714469895s
bad t? 171446989500234627ns 1714469895s
bad t? 171446989500241601ns 1714469895s
bad t? 171446989500245957ns 1714469895s
bad t? 171446989500254894ns 1714469895s
bad t? 171446989500262528ns 1714469895s
bad t? 171446989500267449ns 1714469895s
bad t? 171446989500272360ns 1714469895s
bad t? 171446989500281217ns 1714469895s
bad t? 171446989500290792ns 1714469895s
bad t? 171446989500295476ns 1714469895s
bad t? 171446989500299358ns 1714469895s
bad t? 171446989500307748ns 1714469895s
bad t? 171446989500313233ns 1714469895s
bad t? 171446989500324182ns 1714469895s
bad t? 171446989500330073ns 1714469895s
bad t? 171446989500338296ns 1714469895s
bad t? 171446989500344065ns 1714469895s
bad t? 171446989500351514ns 1714469895s
bad t? 171446989500355759ns 1714469895s
bad t? 171446989500363030ns 1714469895s
bad t? 171446989500373129ns 1714469895s
bad t? 171446989500378856ns 1714469895s
bad t? 171446989500390871ns 1714469895s
bad t? 171446989500396697ns 1714469895s
bad t? 171446989500402401ns 1714469895s
bad t? 171446989500411905ns 1714469895s
bad t? 171446989500420466ns 1714469895s
bad t? 171446989500426398ns 1714469895s
bad t? 171446989500435799ns 1714469895s
bad t? 171446989500443087ns 1714469895s
bad t? 171446989500449091ns 1714469895s
bad t? 171446989500456047ns 1714469895s
bad t? 171446989500464087ns 1714469895s
bad t? 171446989500470456ns 1714469895s
bad t? 171446989500475712ns 1714469895s
bad t? 171446989500482485ns 1714469895s
bad t? 171446989500492159ns 1714469895s
bad t? 171446989500499045ns 1714469895s
bad t? 171446989500507541ns 1714469895s
bad t? 171446989500517490ns 1714469895s
bad t? 171446989500523580ns 1714469895s
bad t? 171446989500528976ns 1714469895s
bad t? 171446989500538118ns 1714469895s
bad t? 171446989500548535ns 1714469895s
bad t? 171446989500555395ns 1714469895s
bad t? 171446989500560500ns 1714469895s
bad t? 171446989500568146ns 1714469895s
bad t? 171446989500577023ns 1714469895s
bad t? 171446989500585806ns 1714469895s
bad t? 171446989500592874ns 1714469895s
bad t? 171446989500601348ns 1714469895s
bad t? 171446989500608903ns 1714469895s
bad t? 171446989500616064ns 1714469895s
bad t? 171446989500621230ns 1714469895s
bad t? 171446989500628385ns 1714469895s
bad t? 171446989500636569ns 1714469895s
bad t? 171446989500641795ns 1714469895s
bad t? 171446989500647075ns 1714469895s
bad t? 171446989500652823ns 1714469895s
bad t? 171446989500660035ns 1714469895s
bad t? 171446989500670226ns 1714469895s
bad t? 171446989500678758ns 1714469895s
bad t? 171446989500687766ns 1714469895s
bad t? 171446989500698689ns 1714469895s
bad t? 171446989500707836ns 1714469895s
bad t? 171446989500715474ns 1714469895s
bad t? 171446989500722245ns 1714469895s
bad t? 171446989500728960ns 1714469895s
bad t? 171446989500733977ns 1714469895s
bad t? 171446989500743480ns 1714469895s
bad t? 171446989500749796ns 1714469895s
bad t? 171446989500758728ns 1714469895s
bad t? 171446989500763832ns 1714469895s
bad t? 171446989500771822ns 1714469895s
bad t? 171446989500775991ns 1714469895s
bad t? 171446989500784830ns 1714469895s
bad t? 171446989500793666ns 1714469895s
bad t? 171446989500801697ns 1714469895s
bad t? 171446989500807107ns 1714469895s
bad t? 171446989500815403ns 1714469895s
bad t? 171446989500823993ns 1714469895s
Loading file: /storage/hive/project/phy-otte/shared/Trinity/Data/20240430/RawDataMerged/CoBo0_AsAd0_2024-04-30T05:55:38.143_0000.root
Unix Timestamp: 1714456538
Total Number of Events: 4
bad t? 171445653766875792ns 1714456537s
bad t? 171445655782528802ns 1714456557s
bad t? 171445657563532144ns 1714456575s
bad t? 171445661247854095ns 1714456612s
Loading file: /storage/hive/project/phy-otte/shared/Trinity/Data/20240430/RawDataMerged/CoBo0_AsAd0_2024-04-30T05:00:14.869_0000.root
Unix Timestamp: 1714453214
Total Number of Events: 1
bad t? 171445321403408210ns 1714453214s
Loading file: /storage/hive/project/phy-otte/shared/Trinity/Data/20240430/RawDataMerged/CoBo0_AsAd0_2024-04-30T05:08:56.668_0000.root
Unix Timestamp: 1714453736
Total Number of Events: 1
bad t? 171445373606440563ns 1714453736s
Loading file: /storage/hive/project/phy-otte/shared/Trinity/Data/20240430/RawDataMerged/CoBo0_AsAd0_2024-04-30T08:16:18.244_0000.root
Unix Timestamp: 1714464978
Total Number of Events: 47
bad t? 171446485891675829ns 1714464858s
bad t? 171446486056276106ns 1714464860s
bad t? 171446486293035365ns 1714464862s
bad t? 171446486364264059ns 1714464863s
bad t? 171446486648897454ns 1714464866s
bad t? 171446486888945494ns 1714464868s
bad t? 171446487026979268ns 1714464870s
bad t? 171446487194725065ns 1714464871s
bad t? 171446487363361752ns 1714464873s
bad t? 171446487475702074ns 1714464874s
bad t? 171446487633931067ns 1714464876s
bad t? 171446487789285096ns 1714464877s
bad t? 171446487967772751ns 1714464879s
bad t? 171446488125119606ns 1714464881s
bad t? 171446488216005000ns 1714464882s
bad t? 171446488552363405ns 1714464885s
bad t? 171446488718903527ns 1714464887s
bad t? 171446489032740862ns 1714464890s
bad t? 171446489349416684ns 1714464893s
bad t? 171446489829623373ns 1714464898s
bad t? 171446490101536903ns 1714464901s
bad t? 171446490702925780ns 1714464907s
bad t? 171446491013241239ns 1714464910s
bad t? 171446491176967853ns 1714464911s
bad t? 171446491344352835ns 1714464913s
bad t? 171446491620737710ns 1714464916s
bad t? 171446491879574293ns 1714464918s
bad t? 171446492018278800ns 1714464920s
bad t? 171446492130984067ns 1714464921s
bad t? 171446492398082102ns 1714464923s
bad t? 171446492584840772ns 1714464925s
bad t? 171446492797538608ns 1714464927s
bad t? 171446492979242077ns 1714464929s
bad t? 171446493103767400ns 1714464931s
bad t? 171446493221106524ns 1714464932s
bad t? 171446493387886666ns 1714464933s
bad t? 171446493794094460ns 1714464937s
bad t? 171446493911167244ns 1714464939s
bad t? 171446494222355276ns 1714464942s
bad t? 171446494467670249ns 1714464944s
bad t? 171446494826426418ns 1714464948s
bad t? 171446494954895060ns 1714464949s
bad t? 171446495233231293ns 1714464952s
bad t? 171446495438131766ns 1714464954s
bad t? 171446495608602262ns 1714464956s
bad t? 171446495673026826ns 1714464956s
bad t? 171446495859920713ns 1714464958s
Loading file: /storage/hive/project/phy-otte/shared/Trinity/Data/20240430/RawDataMerged/CoBo0_AsAd0_2024-04-30T08:08:18.304_0000.root
Unix Timestamp: 1714464498
Total Number of Events: 153
bad t? 171446438000000043ns 1714464380s
bad t? 171446438000000171ns 1714464380s
bad t? 171446438000000299ns 1714464380s
bad t? 171446438000000427ns 1714464380s
bad t? 171446438000000555ns 1714464380s
bad t? 171446438000000683ns 1714464380s
bad t? 171446438000000811ns 1714464380s
bad t? 171446438000000939ns 1714464380s
bad t? 171446438000001067ns 1714464380s
bad t? 171446438000001195ns 1714464380s
bad t? 171446438000001323ns 1714464380s
bad t? 171446438000001451ns 1714464380s
bad t? 171446438000001579ns 1714464380s
bad t? 171446438000001707ns 1714464380s
bad t? 171446438000001835ns 1714464380s
bad t? 171446438000001963ns 1714464380s
bad t? 171446438000002091ns 1714464380s
bad t? 171446438000002219ns 1714464380s
bad t? 171446438000002347ns 1714464380s
bad t? 171446438000002475ns 1714464380s
bad t? 171446438000002603ns 1714464380s
bad t? 171446438000002731ns 1714464380s
bad t? 171446438000002859ns 1714464380s
bad t? 171446438000002987ns 1714464380s
bad t? 171446438000003115ns 1714464380s
bad t? 171446438000003243ns 1714464380s
bad t? 171446438000003371ns 1714464380s
bad t? 171446438000003499ns 1714464380s
bad t? 171446438000003627ns 1714464380s
bad t? 171446438000003755ns 1714464380s
bad t? 171446438000003883ns 1714464380s
bad t? 171446438000004011ns 1714464380s
bad t? 171446438000004139ns 1714464380s
bad t? 171446438000004267ns 1714464380s
bad t? 171446438000004395ns 1714464380s
bad t? 171446438000004523ns 1714464380s
bad t? 171446438000004651ns 1714464380s
bad t? 171446438000004782ns 1714464380s
bad t? 171446438000004910ns 1714464380s
bad t? 171446438000005039ns 1714464380s
bad t? 171446438000005167ns 1714464380s
bad t? 171446438000005295ns 1714464380s
bad t? 171446438000005423ns 1714464380s
bad t? 171446438000005551ns 1714464380s
bad t? 171446438000005679ns 1714464380s
bad t? 171446438000005807ns 1714464380s
bad t? 171446438000005935ns 1714464380s
bad t? 171446438000006063ns 1714464380s
bad t? 171446438000006191ns 1714464380s
bad t? 171446438000006320ns 1714464380s
bad t? 171446438000006448ns 1714464380s
bad t? 171446438000006576ns 1714464380s
bad t? 171446438000006704ns 1714464380s
bad t? 171446438000006832ns 1714464380s
bad t? 171446438000006960ns 1714464380s
bad t? 171446438000007088ns 1714464380s
bad t? 171446438000007216ns 1714464380s
bad t? 171446438000007344ns 1714464380s
bad t? 171446438000007472ns 1714464380s
bad t? 171446438000007600ns 1714464380s
bad t? 171446438000007728ns 1714464380s
bad t? 171446438000007856ns 1714464380s
bad t? 171446438000007984ns 1714464380s
bad t? 171446438000008112ns 1714464380s
bad t? 171446438000008240ns 1714464380s
bad t? 171446438000008368ns 1714464380s
bad t? 171446438000008496ns 1714464380s
bad t? 171446438000008624ns 1714464380s
bad t? 171446438000008752ns 1714464380s
bad t? 171446438000008880ns 1714464380s
bad t? 171446438000009008ns 1714464380s
bad t? 171446438000009136ns 1714464380s
bad t? 171446438000009264ns 1714464380s
bad t? 171446438000009392ns 1714464380s
bad t? 171446438000009520ns 1714464380s
bad t? 171446438000009648ns 1714464380s
bad t? 171446438000009776ns 1714464380s
bad t? 171446438000009904ns 1714464380s
bad t? 171446438000010032ns 1714464380s
bad t? 171446438000010160ns 1714464380s
bad t? 171446438000010288ns 1714464380s
bad t? 171446438000010416ns 1714464380s
bad t? 171446438000010544ns 1714464380s
bad t? 171446438000010672ns 1714464380s
bad t? 171446438000010800ns 1714464380s
bad t? 171446438000010928ns 1714464380s
bad t? 171446438000011056ns 1714464380s
bad t? 171446438000011184ns 1714464380s
bad t? 171446438000011312ns 1714464380s
bad t? 171446438000011440ns 1714464380s
bad t? 171446438000011568ns 1714464380s
bad t? 171446438000011696ns 1714464380s
bad t? 171446438000011824ns 1714464380s
bad t? 171446438000011952ns 1714464380s
bad t? 171446438000012080ns 1714464380s
bad t? 171446438000012208ns 1714464380s
bad t? 171446438000012336ns 1714464380s
bad t? 171446438000012464ns 1714464380s
bad t? 171446438000012592ns 1714464380s
bad t? 171446438000012720ns 1714464380s
bad t? 171446438000012848ns 1714464380s
bad t? 171446438000012976ns 1714464380s
bad t? 171446438000013104ns 1714464380s
bad t? 171446438000013232ns 1714464380s
bad t? 171446438000013360ns 1714464380s
bad t? 171446438000013488ns 1714464380s
bad t? 171446438000013616ns 1714464380s
bad t? 171446438000013744ns 1714464380s
bad t? 171446438000013872ns 1714464380s
bad t? 171446438000014000ns 1714464380s
bad t? 171446438000014130ns 1714464380s
bad t? 171446438000014258ns 1714464380s
bad t? 171446438000014386ns 1714464380s
bad t? 171446438000014514ns 1714464380s
bad t? 171446438000014642ns 1714464380s
bad t? 171446438000014770ns 1714464380s
bad t? 171446438000014898ns 1714464380s
bad t? 171446438000015026ns 1714464380s
bad t? 171446438000015154ns 1714464380s
bad t? 171446438000015282ns 1714464380s
bad t? 171446438000015410ns 1714464380s
bad t? 171446438000015538ns 1714464380s
bad t? 171446438000015666ns 1714464380s
bad t? 171446438000015794ns 1714464380s
bad t? 171446438000015922ns 1714464380s
bad t? 171446438000016050ns 1714464380s
bad t? 171446438000016178ns 1714464380s
bad t? 171446438000016306ns 1714464380s
bad t? 171446438000016434ns 1714464380s
bad t? 171446438000016563ns 1714464380s
bad t? 171446438000016691ns 1714464380s
bad t? 171446438000016819ns 1714464380s
bad t? 171446438000016947ns 1714464380s
bad t? 171446438000017075ns 1714464380s
bad t? 171446438000017203ns 1714464380s
bad t? 171446438000017331ns 1714464380s
bad t? 171446438000017459ns 1714464380s
bad t? 171446438000017587ns 1714464380s
bad t? 171446438000017715ns 1714464380s
bad t? 171446438000017843ns 1714464380s
bad t? 171446438000017972ns 1714464380s
bad t? 171446438000018100ns 1714464380s
bad t? 171446438000018228ns 1714464380s
bad t? 171446438000018356ns 1714464380s
bad t? 171446438000018484ns 1714464380s
bad t? 171446438000018612ns 1714464380s
bad t? 171446438000018740ns 1714464380s
bad t? 171446438000018868ns 1714464380s
bad t? 171446438000018996ns 1714464380s
bad t? 171446438000019124ns 1714464380s
bad t? 171446438000019252ns 1714464380s
bad t? 171446438000019380ns 1714464380s
bad t? 171446438000019508ns 1714464380s
Loading file: /storage/hive/project/phy-otte/shared/Trinity/Data/20240430/RawDataMerged/CoBo0_AsAd0_2024-04-30T05:00:51.501_0000.root
Unix Timestamp: 1714453251
Total Number of Events: 5
bad t? 171445325083030859ns 1714453250s
bad t? 171445327441621124ns 1714453274s
bad t? 171445330096565962ns 1714453300s
bad t? 171445333133353817ns 1714453331s
bad t? 171445334397401250ns 1714453343s
Loading file: /storage/hive/project/phy-otte/shared/Trinity/Data/20240430/RawDataMerged/CoBo0_AsAd0_2024-04-30T08:18:18.244_0000.root
Unix Timestamp: 1714465098
Total Number of Events: 1
bad t? 171446498235860103ns 1714464982s
Loading file: /storage/hive/project/phy-otte/shared/Trinity/Data/20240430/RawDataMerged/CoBo0_AsAd0_2024-04-30T05:03:02.817_0000.root
Unix Timestamp: 1714453382
Total Number of Events: 3
bad t? 171445338221384679ns 1714453382s
bad t? 171445341801776979ns 1714453418s
bad t? 171445344414779238ns 1714453444s
Loading file: /storage/hive/project/phy-otte/shared/Trinity/Data/20240430/RawDataMerged/CoBo0_AsAd0_2024-04-30T08:12:18.223_0000.root
Unix Timestamp: 1714464738
Total Number of Events: 47
bad t? 171446461775062127ns 1714464617s
bad t? 171446462099211066ns 1714464620s
bad t? 171446462201957910ns 1714464622s
bad t? 171446462333239917ns 1714464623s
bad t? 171446462429250891ns 1714464624s
bad t? 171446462628377994ns 1714464626s
bad t? 171446462763503322ns 1714464627s
bad t? 171446462904851003ns 1714464629s
bad t? 171446463058067833ns 1714464630s
bad t? 171446463195076804ns 1714464631s
bad t? 171446463508168852ns 1714464635s
bad t? 171446463985208456ns 1714464639s
bad t? 171446464138791949ns 1714464641s
bad t? 171446464445303778ns 1714464644s
bad t? 171446464589592970ns 1714464645s
bad t? 171446464946530773ns 1714464649s
bad t? 171446465158929500ns 1714464651s
bad t? 171446465296189860ns 1714464652s
bad t? 171446465451151934ns 1714464654s
bad t? 171446465729031767ns 1714464657s
bad t? 171446465869211450ns 1714464658s
bad t? 171446466004658600ns 1714464660s
bad t? 171446466087243388ns 1714464660s
bad t? 171446466200018538ns 1714464662s
bad t? 171446466321114369ns 1714464663s
bad t? 171446466482192583ns 1714464664s
bad t? 171446466702461805ns 1714464667s
bad t? 171446467175828264ns 1714464671s
bad t? 171446467305129824ns 1714464673s
bad t? 171446467616007662ns 1714464676s
bad t? 171446467764392390ns 1714464677s
bad t? 171446467917152613ns 1714464679s
bad t? 171446468083387656ns 1714464680s
bad t? 171446468247051872ns 1714464682s
bad t? 171446468717205063ns 1714464687s
bad t? 171446468886699907ns 1714464688s
bad t? 171446469019261303ns 1714464690s
bad t? 171446469181379104ns 1714464691s
bad t? 171446469316390035ns 1714464693s
bad t? 171446469641162846ns 1714464696s
bad t? 171446469853413497ns 1714464698s
bad t? 171446470414885039ns 1714464704s
bad t? 171446470495883688ns 1714464704s
bad t? 171446470972866492ns 1714464709s
bad t? 171446471172560881ns 1714464711s
bad t? 171446471525568518ns 1714464715s
bad t? 171446471686427254ns 1714464716s
Loading file: /storage/hive/project/phy-otte/shared/Trinity/Data/20240430/RawDataMerged/CoBo0_AsAd0_2024-04-30T05:54:15.383_0000.root
Unix Timestamp: 1714456455
Total Number of Events: 3
bad t? 171445645424654710ns 1714456454s
bad t? 171445648107961181ns 1714456481s
bad t? 171445650492775216ns 1714456504s
Loading file: /storage/hive/project/phy-otte/shared/Trinity/Data/20240430/RawDataMerged/CoBo0_AsAd0_2024-04-30T09:36:09.615_0000.root
Unix Timestamp: 1714469769
Total Number of Events: 122
bad t? 171446976900000080ns 1714469769s
bad t? 171446976900003178ns 1714469769s
bad t? 171446976900009825ns 1714469769s
bad t? 171446976900015205ns 1714469769s
bad t? 171446976900018560ns 1714469769s
bad t? 171446976900025029ns 1714469769s
bad t? 171446976900032119ns 1714469769s
bad t? 171446976900036936ns 1714469769s
bad t? 171446976900042405ns 1714469769s
bad t? 171446976900046763ns 1714469769s
bad t? 171446976900052739ns 1714469769s
bad t? 171446976900058213ns 1714469769s
bad t? 171446976900063375ns 1714469769s
bad t? 171446976900069530ns 1714469769s
bad t? 171446976900073867ns 1714469769s
bad t? 171446976900080226ns 1714469769s
bad t? 171446976900085693ns 1714469769s
bad t? 171446976900091727ns 1714469769s
bad t? 171446976900097154ns 1714469769s
bad t? 171446976900102690ns 1714469769s
bad t? 171446976900107640ns 1714469769s
bad t? 171446976900111655ns 1714469769s
bad t? 171446976900116246ns 1714469769s
bad t? 171446976900120930ns 1714469769s
bad t? 171446976900125727ns 1714469769s
bad t? 171446976900132389ns 1714469769s
bad t? 171446976900137624ns 1714469769s
bad t? 171446976900141956ns 1714469769s
bad t? 171446976900147271ns 1714469769s
bad t? 171446976900152470ns 1714469769s
bad t? 171446976900157887ns 1714469769s
bad t? 171446976900162187ns 1714469769s
bad t? 171446976900166474ns 1714469769s
bad t? 171446976900170532ns 1714469769s
bad t? 171446976900176468ns 1714469769s
bad t? 171446976900181894ns 1714469769s
bad t? 171446976900187708ns 1714469769s
bad t? 171446976900192413ns 1714469769s
bad t? 171446976900198989ns 1714469769s
bad t? 171446976900205245ns 1714469769s
bad t? 171446976900207066ns 1714469769s
bad t? 171446976900210783ns 1714469769s
bad t? 171446976900215467ns 1714469769s
bad t? 171446976900220641ns 1714469769s
bad t? 171446976900228049ns 1714469769s
bad t? 171446976900232755ns 1714469769s
bad t? 171446976900235995ns 1714469769s
bad t? 171446976900241918ns 1714469769s
bad t? 171446976900247711ns 1714469769s
bad t? 171446976900251451ns 1714469769s
bad t? 171446976900257508ns 1714469769s
bad t? 171446976900264791ns 1714469769s
bad t? 171446976900272760ns 1714469769s
bad t? 171446976900278439ns 1714469769s
bad t? 171446976900281479ns 1714469769s
bad t? 171446976900285965ns 1714469769s
bad t? 171446976900292654ns 1714469769s
bad t? 171446976900299013ns 1714469769s
bad t? 171446976900302457ns 1714469769s
bad t? 171446976900304243ns 1714469769s
bad t? 171446976900310339ns 1714469769s
bad t? 171446976900314353ns 1714469769s
bad t? 171446976900321153ns 1714469769s
bad t? 171446976900328701ns 1714469769s
bad t? 171446976900332055ns 1714469769s
bad t? 171446976900338417ns 1714469769s
bad t? 171446976900341842ns 1714469769s
bad t? 171446976900347024ns 1714469769s
bad t? 171446976900350434ns 1714469769s
bad t? 171446976900358583ns 1714469769s
bad t? 171446976900365334ns 1714469769s
bad t? 171446976900373088ns 1714469769s
bad t? 171446976900383041ns 1714469769s
bad t? 171446976900388438ns 1714469769s
bad t? 171446976900394587ns 1714469769s
bad t? 171446976900397912ns 1714469769s
bad t? 171446976900402596ns 1714469769s
bad t? 171446976900409149ns 1714469769s
bad t? 171446976900413479ns 1714469769s
bad t? 171446976900418115ns 1714469769s
bad t? 171446976900422424ns 1714469769s
bad t? 171446976900425091ns 1714469769s
bad t? 171446976900428509ns 1714469769s
bad t? 171446976900433746ns 1714469769s
bad t? 171446976900441430ns 1714469769s
bad t? 171446976900446092ns 1714469769s
bad t? 171446976900449107ns 1714469769s
bad t? 171446976900453181ns 1714469769s
bad t? 171446976900457386ns 1714469769s
bad t? 171446976900462416ns 1714469769s
bad t? 171446976900468486ns 1714469769s
bad t? 171446976900473968ns 1714469769s
bad t? 171446976900479070ns 1714469769s
bad t? 171446976900483760ns 1714469769s
bad t? 171446976900487221ns 1714469769s
bad t? 171446976900493735ns 1714469769s
bad t? 171446976900498644ns 1714469769s
bad t? 171446976900502716ns 1714469769s
bad t? 171446976900512531ns 1714469769s
bad t? 171446976900518078ns 1714469769s
bad t? 171446976900521910ns 1714469769s
bad t? 171446976900528813ns 1714469769s
bad t? 171446976900533407ns 1714469769s
bad t? 171446976900540358ns 1714469769s
bad t? 171446976900544731ns 1714469769s
bad t? 171446976900550466ns 1714469769s
bad t? 171446976900556700ns 1714469769s
bad t? 171446976900562713ns 1714469769s
bad t? 171446976900569286ns 1714469769s
bad t? 171446976900575571ns 1714469769s
bad t? 171446976900581224ns 1714469769s
bad t? 171446976900585583ns 1714469769s
bad t? 171446976900592187ns 1714469769s
bad t? 171446976900600021ns 1714469769s
bad t? 171446976900603582ns 1714469769s
bad t? 171446976900606943ns 1714469769s
bad t? 171446976900610807ns 1714469769s
bad t? 171446976900615677ns 1714469769s
bad t? 171446976900622081ns 1714469769s
bad t? 171446976900627914ns 1714469769s
bad t? 171446976900630975ns 1714469769s
bad t? 171446976900637872ns 1714469769s
Loading file: /storage/hive/project/phy-otte/shared/Trinity/Data/20240430/RawDataMerged/CoBo0_AsAd0_2024-04-30T08:14:18.244_0000.root
Unix Timestamp: 1714464858
Total Number of Events: 54
bad t? 171446473762217023ns 1714464737s
bad t? 171446473858633558ns 1714464738s
bad t? 171446474028511058ns 1714464740s
bad t? 171446474185472702ns 1714464741s
bad t? 171446474332339055ns 1714464743s
bad t? 171446474501069500ns 1714464745s
bad t? 171446474740474067ns 1714464747s
bad t? 171446474998920420ns 1714464749s
bad t? 171446475162882134ns 1714464751s
bad t? 171446475302393569ns 1714464753s
bad t? 171446475396044188ns 1714464753s
bad t? 171446475537032396ns 1714464755s
bad t? 171446475679399862ns 1714464756s
bad t? 171446475799896304ns 1714464757s
bad t? 171446475941472663ns 1714464759s
bad t? 171446476117123085ns 1714464761s
bad t? 171446476249900559ns 1714464762s
bad t? 171446476396375990ns 1714464763s
bad t? 171446476550822910ns 1714464765s
bad t? 171446476821912813ns 1714464768s
bad t? 171446477101748439ns 1714464771s
bad t? 171446477300789618ns 1714464773s
bad t? 171446477451362888ns 1714464774s
bad t? 171446477605201660ns 1714464776s
bad t? 171446477884444248ns 1714464778s
bad t? 171446478050938059ns 1714464780s
bad t? 171446478173403188ns 1714464781s
bad t? 171446478298659608ns 1714464782s
bad t? 171446478470517169ns 1714464784s
bad t? 171446478648063372ns 1714464786s
bad t? 171446478770878961ns 1714464787s
bad t? 171446478901736465ns 1714464789s
bad t? 171446479248275205ns 1714464792s
bad t? 171446479556016879ns 1714464795s
bad t? 171446479678978058ns 1714464796s
bad t? 171446479919474922ns 1714464799s
bad t? 171446480125016989ns 1714464801s
bad t? 171446480256638457ns 1714464802s
bad t? 171446480344482214ns 1714464803s
bad t? 171446480467592304ns 1714464804s
bad t? 171446480649625511ns 1714464806s
bad t? 171446480749495978ns 1714464807s
bad t? 171446480888035797ns 1714464808s
bad t? 171446481049817813ns 1714464810s
bad t? 171446481315304544ns 1714464813s
bad t? 171446481581976525ns 1714464815s
bad t? 171446481675469599ns 1714464816s
bad t? 171446481843008336ns 1714464818s
bad t? 171446482003963851ns 1714464820s
bad t? 171446482079989606ns 1714464820s
bad t? 171446482224249612ns 1714464822s
bad t? 171446482729795972ns 1714464827s
bad t? 171446482865827418ns 1714464828s
bad t? 171446483044470532ns 1714464830s
Loading file: /storage/hive/project/phy-otte/shared/Trinity/Data/20240430/RawDataMerged/CoBo0_AsAd0_2024-04-30T07:42:17.727_0000.root
Unix Timestamp: 1714462937
Total Number of Events: 2
bad t? 171446296155001337ns 1714462961s
bad t? 171446297715874423ns 1714462977s
Loading file: /storage/hive/project/phy-otte/shared/Trinity/Data/20240430/RawDataMerged/CoBo0_AsAd0_2024-04-30T08:10:18.244_0000.root
Unix Timestamp: 1714464618
Total Number of Events: 51
bad t? 171446449763472436ns 1714464497s
bad t? 171446449857125719ns 1714464498s
bad t? 171446450110710145ns 1714464501s
bad t? 171446450206713210ns 1714464502s
bad t? 171446450554399607ns 1714464505s
bad t? 171446450664129306ns 1714464506s
bad t? 171446450893327636ns 1714464508s
bad t? 171446451008454246ns 1714464510s
bad t? 171446451138750293ns 1714464511s
bad t? 171446451236958706ns 1714464512s
bad t? 171446451364479341ns 1714464513s
bad t? 171446451490891676ns 1714464514s
bad t? 171446451660546941ns 1714464516s
bad t? 171446451979415044ns 1714464519s
bad t? 171446452154906924ns 1714464521s
bad t? 171446452289842479ns 1714464522s
bad t? 171446452392771997ns 1714464523s
bad t? 171446452651347415ns 1714464526s
bad t? 171446452834315761ns 1714464528s
bad t? 171446452957614861ns 1714464529s
bad t? 171446453138962302ns 1714464531s
bad t? 171446453302343072ns 1714464533s
bad t? 171446453449152812ns 1714464534s
bad t? 171446453624285971ns 1714464536s
bad t? 171446453752698500ns 1714464537s
bad t? 171446453940894269ns 1714464539s
bad t? 171446454384737549ns 1714464543s
bad t? 171446454845966824ns 1714464548s
bad t? 171446454979365400ns 1714464549s
bad t? 171446455363142420ns 1714464553s
bad t? 171446455489949330ns 1714464554s
bad t? 171446455819917835ns 1714464558s
bad t? 171446456003714120ns 1714464560s
bad t? 171446456137688832ns 1714464561s
bad t? 171446456298686727ns 1714464562s
bad t? 171446456439454295ns 1714464564s
bad t? 171446456602361458ns 1714464566s
bad t? 171446456764102062ns 1714464567s
bad t? 171446456916364504ns 1714464569s
bad t? 171446457049201127ns 1714464570s
bad t? 171446457362135774ns 1714464573s
bad t? 171446457487777915ns 1714464574s
bad t? 171446457654046449ns 1714464576s
bad t? 171446457802016494ns 1714464578s
bad t? 171446457927646331ns 1714464579s
bad t? 171446458080277109ns 1714464580s
bad t? 171446458271355070ns 1714464582s
bad t? 171446458596051991ns 1714464585s
bad t? 171446458734791974ns 1714464587s
bad t? 171446459061368560ns 1714464590s
bad t? 171446459332497746ns 1714464593s
Info in <TCanvas::Print>: pdf file /storage/hive/project/phy-otte/shared/Trinity/DataAnalysis/DataSummary/Output/20240430.pdf has been created
Info in <TCanvas::Print>: Current canvas added to pdf file /storage/hive/project/phy-otte/shared/Trinity/DataAnalysis/DataSummary/Output/20240430.pdf
Info in <TCanvas::Print>: Current canvas added to pdf file /storage/hive/project/phy-otte/shared/Trinity/DataAnalysis/DataSummary/Output/20240430.pdf
Info in <TCanvas::Print>: Current canvas added to pdf file /storage/hive/project/phy-otte/shared/Trinity/DataAnalysis/DataSummary/Output/20240430.pdf
Info in <TCanvas::Print>: Current canvas added to pdf file /storage/hive/project/phy-otte/shared/Trinity/DataAnalysis/DataSummary/Output/20240430.pdf
Info in <TCanvas::Print>: Current canvas added to pdf file /storage/hive/project/phy-otte/shared/Trinity/DataAnalysis/DataSummary/Output/20240430.pdf
Info in <TCanvas::Print>: Current canvas added to pdf file /storage/hive/project/phy-otte/shared/Trinity/DataAnalysis/DataSummary/Output/20240430.pdf
Info in <TCanvas::Print>: pdf file /storage/hive/project/phy-otte/shared/Trinity/DataAnalysis/DataSummary/Output/20240430.pdf has been closed
spawn ssh -i /home/sstepanoff3/.ssh/hive sstepanoff3@login-hive.pace.gatech.edu /storage/hive/project/phy-otte/shared/Trinity/DataAnalysis/DataSummary/sumDir/FolderDataSum 20240501

Inactive Modules:
  1) mvapich2

The following have been reloaded with a version change:
  1) gcc/10.3.0-o57x6h => gcc/8.3.0-rv4av7
  2) mpc/1.2.1-zoh6w2 => mpc/1.1.0-kyjl4f
  3) mpfr/4.1.0-32gcbv => mpfr/3.1.6-yuvsh4

/storage/hive/project/phy-otte/shared/Trinity/Data/20240501/RawDataMerged/
Error opening file
Loading file: /storage/hive/project/phy-otte/shared/Trinity/Data/20240501/RawDataMerged/CoBo0_AsAd0_2024-05-01T09:00:46.996_0000.root
Unix Timestamp: 1714554046
Warning in <TClass::Init>: no dictionary for class ROOT::TIOFeatures is available
Total Number of Events: 5
bad t? 171455405318514524ns 1714554053s
bad t? 171455407641912032ns 1714554076s
bad t? 171455409188598501ns 1714554091s
bad t? 171455412577930309ns 1714554125s
bad t? 171455413860428960ns 1714554138s
Loading file: /storage/hive/project/phy-otte/shared/Trinity/Data/20240501/RawDataMerged/CoBo0_AsAd0_2024-05-01T08:20:46.988_0000.root
Unix Timestamp: 1714551646
Total Number of Events: 2
bad t? 171455173743259844ns 1714551737s
bad t? 171455174312384395ns 1714551743s
Loading file: /storage/hive/project/phy-otte/shared/Trinity/Data/20240501/RawDataMerged/CoBo0_AsAd0_2024-05-01T06:32:46.990_0000.root
Unix Timestamp: 1714545166
Total Number of Events: 2
bad t? 171454517309802208ns 1714545173s
bad t? 171454518021807082ns 1714545180s
Loading file: /storage/hive/project/phy-otte/shared/Trinity/Data/20240501/RawDataMerged/CoBo0_AsAd0_2024-05-01T05:52:47.001_0000.root
Unix Timestamp: 1714542767
Total Number of Events: 2
bad t? 171454277252328452ns 1714542772s
bad t? 171454283356041196ns 1714542833s
Loading file: /storage/hive/project/phy-otte/shared/Trinity/Data/20240501/RawDataMerged/CoBo0_AsAd0_2024-05-01T04:16:47.010_0000.root
Unix Timestamp: 1714537007
Total Number of Events: 3
bad t? 171453703172540017ns 1714537031s
bad t? 171453703687008468ns 1714537036s
bad t? 171453709657076796ns 1714537096s
Loading file: /storage/hive/project/phy-otte/shared/Trinity/Data/20240501/RawDataMerged/CoBo0_AsAd0_2024-05-01T08:26:46.993_0000.root
Unix Timestamp: 1714552006
Total Number of Events: 2
bad t? 171455202019144545ns 1714552020s
bad t? 171455203065290243ns 1714552030s
Loading file: /storage/hive/project/phy-otte/shared/Trinity/Data/20240501/RawDataMerged/CoBo0_AsAd0_2024-05-01T04:38:47.007_0000.root
Unix Timestamp: 1714538327
Total Number of Events: 2
bad t? 171453834008140426ns 1714538340s
bad t? 171453840358870965ns 1714538403s
Loading file: /storage/hive/project/phy-otte/shared/Trinity/Data/20240501/RawDataMerged/CoBo0_AsAd0_2024-05-01T05:38:47.001_0000.root
Unix Timestamp: 1714541927
Total Number of Events: 1
bad t? 171454196455834470ns 1714541964s
Loading file: /storage/hive/project/phy-otte/shared/Trinity/Data/20240501/RawDataMerged/CoBo0_AsAd0_2024-05-01T07:56:46.984_0000.root
Unix Timestamp: 1714550206
Total Number of Events: 3
bad t? 171455023279256338ns 1714550232s
bad t? 171455025952133741ns 1714550259s
bad t? 171455027122370870ns 1714550271s
Loading file: /storage/hive/project/phy-otte/shared/Trinity/Data/20240501/RawDataMerged/CoBo0_AsAd0_2024-05-01T04:24:47.008_0000.root
Unix Timestamp: 1714537487
Total Number of Events: 3
bad t? 171453749349349617ns 1714537493s
bad t? 171453752088654804ns 1714537520s
bad t? 171453758510140051ns 1714537585s
Loading file: /storage/hive/project/phy-otte/shared/Trinity/Data/20240501/RawDataMerged/CoBo0_AsAd0_2024-05-01T04:42:47.008_0000.root
Unix Timestamp: 1714538567
Total Number of Events: 3
bad t? 171453860468739057ns 1714538604s
bad t? 171453862595820314ns 1714538625s
bad t? 171453863776342276ns 1714538637s
Loading file: /storage/hive/project/phy-otte/shared/Trinity/Data/20240501/RawDataMerged/CoBo0_AsAd0_2024-05-01T08:52:46.999_0000.root
Unix Timestamp: 1714553566
Total Number of Events: 4
bad t? 171455360326643140ns 1714553603s
bad t? 171455363813266108ns 1714553638s
bad t? 171455365485682257ns 1714553654s
bad t? 171455366021585325ns 1714553660s
Loading file: /storage/hive/project/phy-otte/shared/Trinity/Data/20240501/RawDataMerged/CoBo0_AsAd0_2024-05-01T05:50:47.001_0000.root
Unix Timestamp: 1714542647
Total Number of Events: 1
bad t? 171454272515390123ns 1714542725s
Loading file: /storage/hive/project/phy-otte/shared/Trinity/Data/20240501/RawDataMerged/CoBo0_AsAd0_2024-05-01T07:40:46.985_0000.root
Unix Timestamp: 1714549246
Total Number of Events: 3
bad t? 171454927915930279ns 1714549279s
bad t? 171454929115341810ns 1714549291s
bad t? 171454931661631568ns 1714549316s
Loading file: /storage/hive/project/phy-otte/shared/Trinity/Data/20240501/RawDataMerged/CoBo0_AsAd0_2024-05-01T08:46:47.000_0000.root
Unix Timestamp: 1714553207
Total Number of Events: 2
bad t? 171455321179845809ns 1714553211s
bad t? 171455325984515025ns 1714553259s
Loading file: /storage/hive/project/phy-otte/shared/Trinity/Data/20240501/RawDataMerged/CoBo0_AsAd0_2024-05-01T07:24:46.988_0000.root
Unix Timestamp: 1714548286
Total Number of Events: 4
bad t? 171454829043579128ns 1714548290s
bad t? 171454829645227502ns 1714548296s
bad t? 171454834025504895ns 1714548340s
bad t? 171454837282294041ns 1714548372s
Loading file: /storage/hive/project/phy-otte/shared/Trinity/Data/20240501/RawDataMerged/CoBo0_AsAd0_2024-05-01T05:44:47.001_0000.root
Unix Timestamp: 1714542287
Total Number of Events: 6
bad t? 171454229154368183ns 1714542291s
bad t? 171454230583666823ns 1714542305s
bad t? 171454231210115850ns 1714542312s
bad t? 171454232463746286ns 1714542324s
bad t? 171454233599320874ns 1714542335s
bad t? 171454235516717741ns 1714542355s
Loading file: /storage/hive/project/phy-otte/shared/Trinity/Data/20240501/RawDataMerged/CoBo0_AsAd0_2024-05-01T07:06:46.997_0000.root
Unix Timestamp: 1714547206
Total Number of Events: 1
bad t? 171454728072367869ns 1714547280s
Loading file: /storage/hive/project/phy-otte/shared/Trinity/Data/20240501/RawDataMerged/CoBo0_AsAd0_2024-05-01T08:04:46.983_0000.root
Unix Timestamp: 1714550686
Total Number of Events: 2
bad t? 171455071788064227ns 1714550717s
bad t? 171455078096738608ns 1714550780s
Loading file: /storage/hive/project/phy-otte/shared/Trinity/Data/20240501/RawDataMerged/CoBo0_AsAd0_2024-05-01T07:08:46.997_0000.root
Unix Timestamp: 1714547326
Total Number of Events: 3
bad t? 171454734195569172ns 1714547341s
bad t? 171454740922575603ns 1714547409s
bad t? 171454742215118902ns 1714547422s
Loading file: /storage/hive/project/phy-otte/shared/Trinity/Data/20240501/RawDataMerged/CoBo0_AsAd0_2024-05-01T05:36:47.001_0000.root
Unix Timestamp: 1714541807
Total Number of Events: 6
bad t? 171454182026581226ns 1714541820s
bad t? 171454182588859220ns 1714541825s
bad t? 171454185846660273ns 1714541858s
bad t? 171454187054750195ns 1714541870s
bad t? 171454188162964395ns 1714541881s
bad t? 171454189404049219ns 1714541894s
Loading file: /storage/hive/project/phy-otte/shared/Trinity/Data/20240501/RawDataMerged/CoBo0_AsAd0_2024-05-01T08:50:47.001_0000.root
Unix Timestamp: 1714553447
Total Number of Events: 101
bad t? 171455345510126664ns 1714553455s
bad t? 171455345519346274ns 1714553455s
bad t? 171455345519347120ns 1714553455s
bad t? 171455345519347242ns 1714553455s
bad t? 171455345519347347ns 1714553455s
bad t? 171455345519347449ns 1714553455s
bad t? 171455345519347654ns 1714553455s
bad t? 171455345519347757ns 1714553455s
bad t? 171455345519347867ns 1714553455s
bad t? 171455345519347969ns 1714553455s
bad t? 171455345519348172ns 1714553455s
bad t? 171455345519348373ns 1714553455s
bad t? 171455345519348476ns 1714553455s
bad t? 171455345519348676ns 1714553455s
bad t? 171455345519348876ns 1714553455s
bad t? 171455345519349076ns 1714553455s
bad t? 171455345519349276ns 1714553455s
bad t? 171455345519349476ns 1714553455s
bad t? 171455345519349676ns 1714553455s
bad t? 171455345519349876ns 1714553455s
bad t? 171455345519350076ns 1714553455s
bad t? 171455345519350276ns 1714553455s
bad t? 171455345519350476ns 1714553455s
bad t? 171455345519350676ns 1714553455s
bad t? 171455345519350876ns 1714553455s
bad t? 171455345519351076ns 1714553455s
bad t? 171455345519351276ns 1714553455s
bad t? 171455345519351476ns 1714553455s
bad t? 171455345519351676ns 1714553455s
bad t? 171455345519351876ns 1714553455s
bad t? 171455345519352076ns 1714553455s
bad t? 171455345519352276ns 1714553455s
bad t? 171455345519352476ns 1714553455s
bad t? 171455345519352676ns 1714553455s
bad t? 171455345519352877ns 1714553455s
bad t? 171455345519353077ns 1714553455s
bad t? 171455345519353277ns 1714553455s
bad t? 171455345519353477ns 1714553455s
bad t? 171455345519353677ns 1714553455s
bad t? 171455345519353877ns 1714553455s
bad t? 171455345519354077ns 1714553455s
bad t? 171455345519354277ns 1714553455s
bad t? 171455345519354477ns 1714553455s
bad t? 171455345519354677ns 1714553455s
bad t? 171455345519354877ns 1714553455s
bad t? 171455345519355077ns 1714553455s
bad t? 171455345519355277ns 1714553455s
bad t? 171455345519355477ns 1714553455s
bad t? 171455345519355678ns 1714553455s
bad t? 171455345519355878ns 1714553455s
bad t? 171455345519356078ns 1714553455s
bad t? 171455345519356278ns 1714553455s
bad t? 171455345519356478ns 1714553455s
bad t? 171455345519356678ns 1714553455s
bad t? 171455345519356878ns 1714553455s
bad t? 171455345519357079ns 1714553455s
bad t? 171455345519357279ns 1714553455s
bad t? 171455345519357479ns 1714553455s
bad t? 171455345519357679ns 1714553455s
bad t? 171455345519357879ns 1714553455s
bad t? 171455345519358079ns 1714553455s
bad t? 171455345519358279ns 1714553455s
bad t? 171455345519358479ns 1714553455s
bad t? 171455345519358679ns 1714553455s
bad t? 171455345519358880ns 1714553455s
bad t? 171455345519359080ns 1714553455s
bad t? 171455345519359280ns 1714553455s
bad t? 171455345519359480ns 1714553455s
bad t? 171455345519359680ns 1714553455s
bad t? 171455345519359880ns 1714553455s
bad t? 171455345519360083ns 1714553455s
bad t? 171455345519360283ns 1714553455s
bad t? 171455345519360483ns 1714553455s
bad t? 171455345519360683ns 1714553455s
bad t? 171455345519360883ns 1714553455s
bad t? 171455345519361083ns 1714553455s
bad t? 171455345519361283ns 1714553455s
bad t? 171455345519361483ns 1714553455s
bad t? 171455345519361683ns 1714553455s
bad t? 171455345519361883ns 1714553455s
bad t? 171455345519362083ns 1714553455s
bad t? 171455345519362283ns 1714553455s
bad t? 171455345519362483ns 1714553455s
bad t? 171455345519362683ns 1714553455s
bad t? 171455345519362884ns 1714553455s
bad t? 171455345519363084ns 1714553455s
bad t? 171455345519363284ns 1714553455s
bad t? 171455345519363484ns 1714553455s
bad t? 171455345519363684ns 1714553455s
bad t? 171455345519363884ns 1714553455s
bad t? 171455345519364084ns 1714553455s
bad t? 171455345519364284ns 1714553455s
bad t? 171455345519364484ns 1714553455s
bad t? 171455345519364684ns 1714553455s
bad t? 171455345519364884ns 1714553455s
bad t? 171455345519365084ns 1714553455s
bad t? 171455345519365285ns 1714553455s
bad t? 171455345519365485ns 1714553455s
bad t? 171455345519365685ns 1714553455s
bad t? 171455345519365885ns 1714553455s
bad t? 171455345519366085ns 1714553455s
Loading file: /storage/hive/project/phy-otte/shared/Trinity/Data/20240501/RawDataMerged/CoBo0_AsAd0_2024-05-01T05:00:47.004_0000.root
Unix Timestamp: 1714539647
Total Number of Events: 2
bad t? 171453968541093732ns 1714539685s
bad t? 171453971914021728ns 1714539719s
Loading file: /storage/hive/project/phy-otte/shared/Trinity/Data/20240501/RawDataMerged/CoBo0_AsAd0_2024-05-01T06:42:46.994_0000.root
Unix Timestamp: 1714545766
Total Number of Events: 2
bad t? 171454576983096888ns 1714545769s
bad t? 171454579095326545ns 1714545790s
Loading file: /storage/hive/project/phy-otte/shared/Trinity/Data/20240501/RawDataMerged/CoBo0_AsAd0_2024-05-01T08:14:47.026_0000.root
Unix Timestamp: 1714551287
Total Number of Events: 4
bad t? 171455130100413004ns 1714551301s
bad t? 171455136129473648ns 1714551361s
bad t? 171455137250281105ns 1714551372s
bad t? 171455137895850167ns 1714551378s
Loading file: /storage/hive/project/phy-otte/shared/Trinity/Data/20240501/RawDataMerged/CoBo0_AsAd0_2024-05-01T04:46:47.008_0000.root
Unix Timestamp: 1714538807
Total Number of Events: 2
bad t? 171453885329814699ns 1714538853s
bad t? 171453887184502606ns 1714538871s
Loading file: /storage/hive/project/phy-otte/shared/Trinity/Data/20240501/RawDataMerged/CoBo0_AsAd0_2024-05-01T06:26:46.990_0000.root
Unix Timestamp: 1714544806
Total Number of Events: 0
Loading file: /storage/hive/project/phy-otte/shared/Trinity/Data/20240501/RawDataMerged/CoBo0_AsAd0_2024-05-01T06:18:46.991_0000.root
Unix Timestamp: 1714544326
Total Number of Events: 2
bad t? 171454436137820611ns 1714544361s
bad t? 171454437511348122ns 1714544375s
Loading file: /storage/hive/project/phy-otte/shared/Trinity/Data/20240501/RawDataMerged/CoBo0_AsAd0_2024-05-01T05:34:47.001_0000.root
Unix Timestamp: 1714541687
Total Number of Events: 6
bad t? 171454171291439771ns 1714541712s
bad t? 171454171972890502ns 1714541719s
bad t? 171454173192876352ns 1714541731s
bad t? 171454173729742965ns 1714541737s
bad t? 171454174361307054ns 1714541743s
bad t? 171454176330835334ns 1714541763s
Loading file: /storage/hive/project/phy-otte/shared/Trinity/Data/20240501/RawDataMerged/CoBo0_AsAd0_2024-05-01T07:54:46.984_0000.root
Unix Timestamp: 1714550086
Total Number of Events: 3
bad t? 171455014238414699ns 1714550142s
bad t? 171455014935209375ns 1714550149s
bad t? 171455016241917815ns 1714550162s
Loading file: /storage/hive/project/phy-otte/shared/Trinity/Data/20240501/RawDataMerged/CoBo0_AsAd0_2024-05-01T03:18:46.510_0000.root
Unix Timestamp: 1714533526
Total Number of Events: 0
Loading file: /storage/hive/project/phy-otte/shared/Trinity/Data/20240501/RawDataMerged/CoBo0_AsAd0_2024-05-01T07:18:46.990_0000.root
Unix Timestamp: 1714547926
Total Number of Events: 2
bad t? 171454796314504172ns 1714547963s
bad t? 171454802498825710ns 1714548024s
Loading file: /storage/hive/project/phy-otte/shared/Trinity/Data/20240501/RawDataMerged/CoBo0_AsAd0_2024-05-01T07:50:46.984_0000.root
Unix Timestamp: 1714549846
Total Number of Events: 5
bad t? 171454988935063396ns 1714549889s
bad t? 171454990984397276ns 1714549909s
bad t? 171454993667884402ns 1714549936s
bad t? 171454994180680906ns 1714549941s
bad t? 171454994717010824ns 1714549947s
Loading file: /storage/hive/project/phy-otte/shared/Trinity/Data/20240501/RawDataMerged/CoBo0_AsAd0_2024-05-01T08:36:46.998_0000.root
Unix Timestamp: 1714552606
Total Number of Events: 4
bad t? 171455261322340959ns 1714552613s
bad t? 171455262376265680ns 1714552623s
bad t? 171455266952223183ns 1714552669s
bad t? 171455268524161171ns 1714552685s
Loading file: /storage/hive/project/phy-otte/shared/Trinity/Data/20240501/RawDataMerged/CoBo0_AsAd0_2024-05-01T06:08:46.995_0000.root
Unix Timestamp: 1714543726
Total Number of Events: 4
bad t? 171454373830244819ns 1714543738s
bad t? 171454374418924947ns 1714543744s
bad t? 171454375799401294ns 1714543757s
bad t? 171454378106044462ns 1714543781s
Loading file: /storage/hive/project/phy-otte/shared/Trinity/Data/20240501/RawDataMerged/CoBo0_AsAd0_2024-05-01T08:00:46.983_0000.root
Unix Timestamp: 1714550446
Total Number of Events: 4
bad t? 171455046447496603ns 1714550464s
bad t? 171455050045490722ns 1714550500s
bad t? 171455050702364304ns 1714550507s
bad t? 171455052470062384ns 1714550524s
Loading file: /storage/hive/project/phy-otte/shared/Trinity/Data/20240501/RawDataMerged/CoBo0_AsAd0_2024-05-01T04:32:47.008_0000.root
Unix Timestamp: 1714537967
Total Number of Events: 2
bad t? 171453799375534162ns 1714537993s
bad t? 171453806488663172ns 1714538064s
Loading file: /storage/hive/project/phy-otte/shared/Trinity/Data/20240501/RawDataMerged/CoBo0_AsAd0_2024-05-01T04:10:47.076_0000.root
Unix Timestamp: 1714536647
Total Number of Events: 2
bad t? 171453664999936272ns 1714536649s
bad t? 171453674700828886ns 1714536747s
Loading file: /storage/hive/project/phy-otte/shared/Trinity/Data/20240501/RawDataMerged/CoBo0_AsAd0_2024-05-01T05:08:47.003_0000.root
Unix Timestamp: 1714540127
Total Number of Events: 1
bad t? 171454021502117142ns 1714540215s
Loading file: /storage/hive/project/phy-otte/shared/Trinity/Data/20240501/RawDataMerged/CoBo0_AsAd0_2024-05-01T05:42:47.001_0000.root
Unix Timestamp: 1714542167
Total Number of Events: 5
bad t? 171454217157702362ns 1714542171s
bad t? 171454220216283729ns 1714542202s
bad t? 171454222094873023ns 1714542220s
bad t? 171454223891750826ns 1714542238s
bad t? 171454226389013772ns 1714542263s
Loading file: /storage/hive/project/phy-otte/shared/Trinity/Data/20240501/RawDataMerged/CoBo0_AsAd0_2024-05-01T06:12:46.993_0000.root
Unix Timestamp: 1714543966
Total Number of Events: 1
bad t? 171454400047861482ns 1714544000s
Loading file: /storage/hive/project/phy-otte/shared/Trinity/Data/20240501/RawDataMerged/CoBo0_AsAd0_2024-05-01T05:22:47.003_0000.root
Unix Timestamp: 1714540967
Total Number of Events: 1
bad t? 171454105701796260ns 1714541057s
Loading file: /storage/hive/project/phy-otte/shared/Trinity/Data/20240501/RawDataMerged/CoBo0_AsAd0_2024-05-01T06:50:46.996_0000.root
Unix Timestamp: 1714546246
Total Number of Events: 4
bad t? 171454624696414065ns 1714546246s
bad t? 171454625457887640ns 1714546254s
bad t? 171454627276509323ns 1714546272s
bad t? 171454634236421450ns 1714546342s
Loading file: /storage/hive/project/phy-otte/shared/Trinity/Data/20240501/RawDataMerged/CoBo0_AsAd0_2024-05-01T08:10:47.046_0000.root
Unix Timestamp: 1714551047
Total Number of Events: 2
bad t? 171455108375596615ns 1714551083s
bad t? 171455113449739346ns 1714551134s
Loading file: /storage/hive/project/phy-otte/shared/Trinity/Data/20240501/RawDataMerged/CoBo0_AsAd0_2024-05-01T04:56:47.006_0000.root
Unix Timestamp: 1714539407
Total Number of Events: 1
bad t? 171453949259194986ns 1714539492s
Loading file: /storage/hive/project/phy-otte/shared/Trinity/Data/20240501/RawDataMerged/CoBo0_AsAd0_2024-05-01T05:06:47.003_0000.root
Unix Timestamp: 1714540007
Total Number of Events: 4
bad t? 171454004041183732ns 1714540040s
bad t? 171454005897892485ns 1714540058s
bad t? 171454007936683260ns 1714540079s
bad t? 171454010387732335ns 1714540103s
Loading file: /storage/hive/project/phy-otte/shared/Trinity/Data/20240501/RawDataMerged/CoBo0_AsAd0_2024-05-01T06:30:46.990_0000.root
Unix Timestamp: 1714545046
Total Number of Events: 2
bad t? 171454506177574799ns 1714545061s
bad t? 171454507542502001ns 1714545075s
Loading file: /storage/hive/project/phy-otte/shared/Trinity/Data/20240501/RawDataMerged/CoBo0_AsAd0_2024-05-01T07:26:47.058_0000.root
Unix Timestamp: 1714548407
Total Number of Events: 2
bad t? 171454842618780137ns 1714548426s
bad t? 171454843093051339ns 1714548430s
Loading file: /storage/hive/project/phy-otte/shared/Trinity/Data/20240501/RawDataMerged/CoBo0_AsAd0_2024-05-01T08:08:46.982_0000.root
Unix Timestamp: 1714550926
Total Number of Events: 5
bad t? 171455092918647241ns 1714550929s
bad t? 171455096278234499ns 1714550962s
bad t? 171455099533111589ns 1714550995s
bad t? 171455100724557414ns 1714551007s
bad t? 171455101267537762ns 1714551012s
Loading file: /storage/hive/project/phy-otte/shared/Trinity/Data/20240501/RawDataMerged/CoBo0_AsAd0_2024-05-01T07:58:46.983_0000.root
Unix Timestamp: 1714550326
Total Number of Events: 7
bad t? 171455032792215712ns 1714550327s
bad t? 171455033537741064ns 1714550335s
bad t? 171455034109126976ns 1714550341s
bad t? 171455035195383952ns 1714550351s
bad t? 171455037176204555ns 1714550371s
bad t? 171455037865324578ns 1714550378s
bad t? 171455042370048420ns 1714550423s
Loading file: /storage/hive/project/phy-otte/shared/Trinity/Data/20240501/RawDataMerged/CoBo0_AsAd0_2024-05-01T04:08:47.147_0000.root
Unix Timestamp: 1714536527
Total Number of Events: 2
bad t? 171453655917877838ns 1714536559s
bad t? 171453658578460631ns 1714536585s
Loading file: /storage/hive/project/phy-otte/shared/Trinity/Data/20240501/RawDataMerged/CoBo0_AsAd0_2024-05-01T04:40:47.009_0000.root
Unix Timestamp: 1714538447
Total Number of Events: 4
bad t? 171453849750161922ns 1714538497s
bad t? 171453851259574844ns 1714538512s
bad t? 171453852479993249ns 1714538524s
bad t? 171453853667642614ns 1714538536s
Loading file: /storage/hive/project/phy-otte/shared/Trinity/Data/20240501/RawDataMerged/CoBo0_AsAd0_2024-05-01T06:40:46.993_0000.root
Unix Timestamp: 1714545646
Total Number of Events: 2
bad t? 171454568761517851ns 1714545687s
bad t? 171454571953929690ns 1714545719s
Loading file: /storage/hive/project/phy-otte/shared/Trinity/Data/20240501/RawDataMerged/CoBo0_AsAd0_2024-05-01T07:04:46.998_0000.root
Unix Timestamp: 1714547086
Total Number of Events: 2
bad t? 171454710061058448ns 1714547100s
bad t? 171454714672467736ns 1714547146s
Loading file: /storage/hive/project/phy-otte/shared/Trinity/Data/20240501/RawDataMerged/CoBo0_AsAd0_2024-05-01T07:30:46.986_0000.root
Unix Timestamp: 1714548646
Total Number of Events: 3
bad t? 171454865469281471ns 1714548654s
bad t? 171454870820451726ns 1714548708s
bad t? 171454874032730659ns 1714548740s
Loading file: /storage/hive/project/phy-otte/shared/Trinity/Data/20240501/RawDataMerged/CoBo0_AsAd0_2024-05-01T04:22:47.009_0000.root
Unix Timestamp: 1714537367
Total Number of Events: 2
bad t? 171453737564060479ns 1714537375s
bad t? 171453739614273099ns 1714537396s
Loading file: /storage/hive/project/phy-otte/shared/Trinity/Data/20240501/RawDataMerged/CoBo0_AsAd0_2024-05-01T05:54:47.001_0000.root
Unix Timestamp: 1714542887
Total Number of Events: 3
bad t? 171454295254354670ns 1714542952s
bad t? 171454295951250456ns 1714542959s
bad t? 171454296547913497ns 1714542965s
Loading file: /storage/hive/project/phy-otte/shared/Trinity/Data/20240501/RawDataMerged/CoBo0_AsAd0_2024-05-01T07:48:46.985_0000.root
Unix Timestamp: 1714549726
Total Number of Events: 1
bad t? 171454973598745689ns 1714549735s
Loading file: /storage/hive/project/phy-otte/shared/Trinity/Data/20240501/RawDataMerged/CoBo0_AsAd0_2024-05-01T07:46:46.984_0000.root
Unix Timestamp: 1714549606
Total Number of Events: 3
bad t? 171454966547587751ns 1714549665s
bad t? 171454967133162563ns 1714549671s
bad t? 171454968406990152ns 1714549684s
Loading file: /storage/hive/project/phy-otte/shared/Trinity/Data/20240501/RawDataMerged/CoBo0_AsAd0_2024-05-01T05:28:47.002_0000.root
Unix Timestamp: 1714541327
Total Number of Events: 5
bad t? 171454135178746500ns 1714541351s
bad t? 171454137889284616ns 1714541378s
bad t? 171454140982611386ns 1714541409s
bad t? 171454141752723563ns 1714541417s
bad t? 171454142165743809ns 1714541421s
Loading file: /storage/hive/project/phy-otte/shared/Trinity/Data/20240501/RawDataMerged/CoBo0_AsAd0_2024-05-01T05:48:47.001_0000.root
Unix Timestamp: 1714542527
Total Number of Events: 2
bad t? 171454255882572544ns 1714542558s
bad t? 171454258531810118ns 1714542585s
Loading file: /storage/hive/project/phy-otte/shared/Trinity/Data/20240501/RawDataMerged/CoBo0_AsAd0_2024-05-01T07:42:46.985_0000.root
Unix Timestamp: 1714549366
Total Number of Events: 3
bad t? 171454936898426962ns 1714549368s
bad t? 171454938902825462ns 1714549389s
bad t? 171454942009081154ns 1714549420s
Loading file: /storage/hive/project/phy-otte/shared/Trinity/Data/20240501/RawDataMerged/CoBo0_AsAd0_2024-05-01T06:38:46.992_0000.root
Unix Timestamp: 1714545526
Total Number of Events: 2
bad t? 171454554560433162ns 1714545545s
bad t? 171454555259524411ns 1714545552s
Loading file: /storage/hive/project/phy-otte/shared/Trinity/Data/20240501/RawDataMerged/CoBo0_AsAd0_2024-05-01T04:12:47.009_0000.root
Unix Timestamp: 1714536767
Total Number of Events: 3
bad t? 171453678803941408ns 1714536788s
bad t? 171453684636012499ns 1714536846s
bad t? 171453686041253379ns 1714536860s
Loading file: /storage/hive/project/phy-otte/shared/Trinity/Data/20240501/RawDataMerged/CoBo0_AsAd0_2024-05-01T06:00:46.999_0000.root
Unix Timestamp: 1714543246
Total Number of Events: 0
Loading file: /storage/hive/project/phy-otte/shared/Trinity/Data/20240501/RawDataMerged/CoBo0_AsAd0_2024-05-01T06:20:46.991_0000.root
Unix Timestamp: 1714544446
Total Number of Events: 1
bad t? 171454454704819383ns 1714544547s
Loading file: /storage/hive/project/phy-otte/shared/Trinity/Data/20240501/RawDataMerged/CoBo0_AsAd0_2024-05-01T06:28:46.990_0000.root
Unix Timestamp: 1714544926
Total Number of Events: 6
bad t? 171454495642126067ns 1714544956s
bad t? 171454496179475148ns 1714544961s
bad t? 171454498012634557ns 1714544980s
bad t? 171454498718824810ns 1714544987s
bad t? 171454500737708561ns 1714545007s
bad t? 171454501293363335ns 1714545012s
Loading file: /storage/hive/project/phy-otte/shared/Trinity/Data/20240501/RawDataMerged/CoBo0_AsAd0_2024-05-01T08:44:47.072_0000.root
Unix Timestamp: 1714553087
Total Number of Events: 6
bad t? 171455310863452913ns 1714553108s
bad t? 171455311783173969ns 1714553117s
bad t? 171455313049424099ns 1714553130s
bad t? 171455315514407080ns 1714553155s
bad t? 171455316732440931ns 1714553167s
bad t? 171455317282457330ns 1714553172s
Loading file: /storage/hive/project/phy-otte/shared/Trinity/Data/20240501/RawDataMerged/CoBo0_AsAd0_2024-05-01T08:32:46.996_0000.root
Unix Timestamp: 1714552366
Total Number of Events: 4
bad t? 171455238881732353ns 1714552388s
bad t? 171455240754045104ns 1714552407s
bad t? 171455242427785657ns 1714552424s
bad t? 171455243915408850ns 1714552439s
Loading file: /storage/hive/project/phy-otte/shared/Trinity/Data/20240501/RawDataMerged/CoBo0_AsAd0_2024-05-01T08:54:46.998_0000.root
Unix Timestamp: 1714553686
Total Number of Events: 3
bad t? 171455370125262646ns 1714553701s
bad t? 171455376710491398ns 1714553767s
bad t? 171455378406284518ns 1714553784s
Loading file: /storage/hive/project/phy-otte/shared/Trinity/Data/20240501/RawDataMerged/CoBo0_AsAd0_2024-05-01T05:30:47.002_0000.root
Unix Timestamp: 1714541447
Total Number of Events: 1
bad t? 171454150480721432ns 1714541504s
Loading file: /storage/hive/project/phy-otte/shared/Trinity/Data/20240501/RawDataMerged/CoBo0_AsAd0_2024-05-01T06:58:46.996_0000.root
Unix Timestamp: 1714546726
Total Number of Events: 5
bad t? 171454673259995558ns 1714546732s
bad t? 171454675258771132ns 1714546752s
bad t? 171454676642021592ns 1714546766s
bad t? 171454677078285921ns 1714546770s
bad t? 171454678887810344ns 1714546788s
Loading file: /storage/hive/project/phy-otte/shared/Trinity/Data/20240501/RawDataMerged/CoBo0_AsAd0_2024-05-01T08:56:46.997_0000.root
Unix Timestamp: 1714553806
Total Number of Events: 7
bad t? 171455381427483763ns 1714553814s
bad t? 171455382051213344ns 1714553820s
bad t? 171455382587102898ns 1714553825s
bad t? 171455383649779623ns 1714553836s
bad t? 171455386451505883ns 1714553864s
bad t? 171455389886175243ns 1714553898s
bad t? 171455390369035541ns 1714553903s
Loading file: /storage/hive/project/phy-otte/shared/Trinity/Data/20240501/RawDataMerged/CoBo0_AsAd0_2024-05-01T03:14:46.528_0000.root
Unix Timestamp: 1714533286
Total Number of Events: 0
Loading file: /storage/hive/project/phy-otte/shared/Trinity/Data/20240501/RawDataMerged/CoBo0_AsAd0_2024-05-01T08:02:47.051_0000.root
Unix Timestamp: 1714550567
Total Number of Events: 1
bad t? 171455062393285088ns 1714550623s
Loading file: /storage/hive/project/phy-otte/shared/Trinity/Data/20240501/RawDataMerged/CoBo0_AsAd0_2024-05-01T08:42:46.999_0000.root
Unix Timestamp: 1714552966
Total Number of Events: 6
bad t? 171455299318104015ns 1714552993s
bad t? 171455301969158859ns 1714553019s
bad t? 171455302590814851ns 1714553025s
bad t? 171455303077627134ns 1714553030s
bad t? 171455305459877381ns 1714553054s
bad t? 171455305931596053ns 1714553059s
Loading file: /storage/hive/project/phy-otte/shared/Trinity/Data/20240501/RawDataMerged/CoBo0_AsAd0_2024-05-01T09:04:46.995_0000.root
Unix Timestamp: 1714554286
Total Number of Events: 2
bad t? 171455429966738015ns 1714554299s
bad t? 171455431426349952ns 1714554314s
Loading file: /storage/hive/project/phy-otte/shared/Trinity/Data/20240501/RawDataMerged/CoBo0_AsAd0_2024-05-01T05:32:47.069_0000.root
Unix Timestamp: 1714541567
Total Number of Events: 6
bad t? 171454157664557792ns 1714541576s
bad t? 171454159655482499ns 1714541596s
bad t? 171454160414477106ns 1714541604s
bad t? 171454164151438101ns 1714541641s
bad t? 171454165453998336ns 1714541654s
bad t? 171454166672228661ns 1714541666s
Loading file: /storage/hive/project/phy-otte/shared/Trinity/Data/20240501/RawDataMerged/CoBo0_AsAd0_2024-05-01T06:56:46.997_0000.root
Unix Timestamp: 1714546606
Total Number of Events: 2
bad t? 171454662904632161ns 1714546629s
bad t? 171454664927940821ns 1714546649s
Loading file: /storage/hive/project/phy-otte/shared/Trinity/Data/20240501/RawDataMerged/CoBo0_AsAd0_2024-05-01T06:44:47.066_0000.root
Unix Timestamp: 1714545887
Total Number of Events: 1
bad t? 171454591769693380ns 1714545917s
Loading file: /storage/hive/project/phy-otte/shared/Trinity/Data/20240501/RawDataMerged/CoBo0_AsAd0_2024-05-01T04:44:47.008_0000.root
Unix Timestamp: 1714538687
Total Number of Events: 2
bad t? 171453874266881984ns 1714538742s
bad t? 171453877768722471ns 1714538777s
Loading file: /storage/hive/project/phy-otte/shared/Trinity/Data/20240501/RawDataMerged/CoBo0_AsAd0_2024-05-01T08:22:46.990_0000.root
Unix Timestamp: 1714551766
Total Number of Events: 3
bad t? 171455178438810461ns 1714551784s
bad t? 171455183782402524ns 1714551837s
bad t? 171455185656521779ns 1714551856s
Loading file: /storage/hive/project/phy-otte/shared/Trinity/Data/20240501/RawDataMerged/CoBo0_AsAd0_2024-05-01T06:06:46.996_0000.root
Unix Timestamp: 1714543606
Total Number of Events: 5
bad t? 171454361064713794ns 1714543610s
bad t? 171454361613815511ns 1714543616s
bad t? 171454363804971909ns 1714543638s
bad t? 171454366997166037ns 1714543669s
bad t? 171454368271718441ns 1714543682s
Loading file: /storage/hive/project/phy-otte/shared/Trinity/Data/20240501/RawDataMerged/CoBo0_AsAd0_2024-05-01T05:56:47.000_0000.root
Unix Timestamp: 1714543007
Total Number of Events: 3
bad t? 171454301988773868ns 1714543019s
bad t? 171454305696035061ns 1714543056s
bad t? 171454307995327112ns 1714543079s
Loading file: /storage/hive/project/phy-otte/shared/Trinity/Data/20240501/RawDataMerged/CoBo0_AsAd0_2024-05-01T04:28:47.007_0000.root
Unix Timestamp: 1714537727
Total Number of Events: 3
bad t? 171453772723291252ns 1714537727s
bad t? 171453773358932308ns 1714537733s
bad t? 171453782535659393ns 1714537825s
Loading file: /storage/hive/project/phy-otte/shared/Trinity/Data/20240501/RawDataMerged/CoBo0_AsAd0_2024-05-01T06:22:46.991_0000.root
Unix Timestamp: 1714544566
Total Number of Events: 4
bad t? 171454460062533428ns 1714544600s
bad t? 171454460466430324ns 1714544604s
bad t? 171454461728130490ns 1714544617s
bad t? 171454465889669920ns 1714544658s
Loading file: /storage/hive/project/phy-otte/shared/Trinity/Data/20240501/RawDataMerged/CoBo0_AsAd0_2024-05-01T04:48:47.009_0000.root
Unix Timestamp: 1714538927
Total Number of Events: 2
bad t? 171453896468584366ns 1714538964s
bad t? 171453899812333493ns 1714538998s
Loading file: /storage/hive/project/phy-otte/shared/Trinity/Data/20240501/RawDataMerged/CoBo0_AsAd0_2024-05-01T07:16:46.991_0000.root
Unix Timestamp: 1714547806
Total Number of Events: 1
bad t? 171454781540898875ns 1714547815s
Loading file: /storage/hive/project/phy-otte/shared/Trinity/Data/20240501/RawDataMerged/CoBo0_AsAd0_2024-05-01T04:52:47.008_0000.root
Unix Timestamp: 1714539167
Total Number of Events: 6
bad t? 171453918001679539ns 1714539180s
bad t? 171453919521437376ns 1714539195s
bad t? 171453920777133961ns 1714539207s
bad t? 171453922272964017ns 1714539222s
bad t? 171453923052112923ns 1714539230s
bad t? 171453926203091899ns 1714539262s
Loading file: /storage/hive/project/phy-otte/shared/Trinity/Data/20240501/RawDataMerged/CoBo0_AsAd0_2024-05-01T06:02:46.998_0000.root
Unix Timestamp: 1714543366
Total Number of Events: 4
bad t? 171454338670398623ns 1714543386s
bad t? 171454341938068317ns 1714543419s
bad t? 171454344854458220ns 1714543448s
bad t? 171454345542616331ns 1714543455s
Loading file: /storage/hive/project/phy-otte/shared/Trinity/Data/20240501/RawDataMerged/CoBo0_AsAd0_2024-05-01T03:20:46.486_0000.root
Unix Timestamp: 1714533646
Total Number of Events: 0
Loading file: /storage/hive/project/phy-otte/shared/Trinity/Data/20240501/RawDataMerged/CoBo0_AsAd0_2024-05-01T07:34:46.986_0000.root
Unix Timestamp: 1714548886
Total Number of Events: 2
bad t? 171454891153128407ns 1714548911s
bad t? 171454898240922124ns 1714548982s
Loading file: /storage/hive/project/phy-otte/shared/Trinity/Data/20240501/RawDataMerged/CoBo0_AsAd0_2024-05-01T04:30:47.007_0000.root
Unix Timestamp: 1714537847
Total Number of Events: 2
bad t? 171453788655162730ns 1714537886s
bad t? 171453793414988620ns 1714537934s
Loading file: /storage/hive/project/phy-otte/shared/Trinity/Data/20240501/RawDataMerged/CoBo0_AsAd0_2024-05-01T04:34:47.008_0000.root
Unix Timestamp: 1714538087
Total Number of Events: 4
bad t? 171453814182805363ns 1714538141s
bad t? 171453814779473324ns 1714538147s
bad t? 171453815422600487ns 1714538154s
bad t? 171453818797403286ns 1714538187s
Loading file: /storage/hive/project/phy-otte/shared/Trinity/Data/20240501/RawDataMerged/CoBo0_AsAd0_2024-05-01T07:52:46.983_0000.root
Unix Timestamp: 1714549966
Total Number of Events: 4
bad t? 171455001007433334ns 1714550010s
bad t? 171455001675878817ns 1714550016s
bad t? 171455003061473504ns 1714550030s
bad t? 171455005708725681ns 1714550057s
Loading file: /storage/hive/project/phy-otte/shared/Trinity/Data/20240501/RawDataMerged/CoBo0_AsAd0_2024-05-01T03:09:11.570_0000.root
Unix Timestamp: 1714532951
Total Number of Events: 0
Loading file: /storage/hive/project/phy-otte/shared/Trinity/Data/20240501/RawDataMerged/CoBo0_AsAd0_2024-05-01T04:36:47.007_0000.root
Unix Timestamp: 1714538207
Total Number of Events: 4
bad t? 171453823875917444ns 1714538238s
bad t? 171453825292871402ns 1714538252s
bad t? 171453825905642118ns 1714538259s
bad t? 171453830567682234ns 1714538305s
Loading file: /storage/hive/project/phy-otte/shared/Trinity/Data/20240501/RawDataMerged/CoBo0_AsAd0_2024-05-01T03:12:46.519_0000.root
Unix Timestamp: 1714533166
Total Number of Events: 0
Loading file: /storage/hive/project/phy-otte/shared/Trinity/Data/20240501/RawDataMerged/CoBo0_AsAd0_2024-05-01T08:24:46.991_0000.root
Unix Timestamp: 1714551886
Total Number of Events: 6
bad t? 171455189460456160ns 1714551894s
bad t? 171455190037619109ns 1714551900s
bad t? 171455191359414134ns 1714551913s
bad t? 171455192520492681ns 1714551925s
bad t? 171455194239908389ns 1714551942s
bad t? 171455198382820402ns 1714551983s
Loading file: /storage/hive/project/phy-otte/shared/Trinity/Data/20240501/RawDataMerged/CoBo0_AsAd0_2024-05-01T06:46:46.995_0000.root
Unix Timestamp: 1714546006
Total Number of Events: 1
bad t? 171454610269019174ns 1714546102s
Loading file: /storage/hive/project/phy-otte/shared/Trinity/Data/20240501/RawDataMerged/CoBo0_AsAd0_2024-05-01T05:40:47.109_0000.root
Unix Timestamp: 1714542047
Total Number of Events: 3
bad t? 171454206148506949ns 1714542061s
bad t? 171454208018452224ns 1714542080s
bad t? 171454208620301490ns 1714542086s
Loading file: /storage/hive/project/phy-otte/shared/Trinity/Data/20240501/RawDataMerged/CoBo0_AsAd0_2024-05-01T06:52:46.997_0000.root
Unix Timestamp: 1714546366
Total Number of Events: 4
bad t? 171454637060432816ns 1714546370s
bad t? 171454640445404797ns 1714546404s
bad t? 171454643183290495ns 1714546431s
bad t? 171454645893211639ns 1714546458s
Loading file: /storage/hive/project/phy-otte/shared/Trinity/Data/20240501/RawDataMerged/CoBo0_AsAd0_2024-05-01T07:32:46.986_0000.root
Unix Timestamp: 1714548766
Total Number of Events: 2
bad t? 171454881476488817ns 1714548814s
bad t? 171454884141913659ns 1714548841s
Loading file: /storage/hive/project/phy-otte/shared/Trinity/Data/20240501/RawDataMerged/CoBo0_AsAd0_2024-05-01T05:20:47.002_0000.root
Unix Timestamp: 1714540847
Total Number of Events: 2
bad t? 171454085224471288ns 1714540852s
bad t? 171454085926126539ns 1714540859s
Loading file: /storage/hive/project/phy-otte/shared/Trinity/Data/20240501/RawDataMerged/CoBo0_AsAd0_2024-05-01T06:54:46.996_0000.root
Unix Timestamp: 1714546486
Total Number of Events: 5
bad t? 171454648855743845ns 1714546488s
bad t? 171454649392078693ns 1714546493s
bad t? 171454650133614650ns 1714546501s
bad t? 171454650749260496ns 1714546507s
bad t? 171454657813384758ns 1714546578s
Loading file: /storage/hive/project/phy-otte/shared/Trinity/Data/20240501/RawDataMerged/CoBo0_AsAd0_2024-05-01T07:14:46.992_0000.root
Unix Timestamp: 1714547686
Total Number of Events: 4
bad t? 171454769951256349ns 1714547699s
bad t? 171454772804189045ns 1714547728s
bad t? 171454774294092082ns 1714547742s
bad t? 171454776949248584ns 1714547769s
Loading file: /storage/hive/project/phy-otte/shared/Trinity/Data/20240501/RawDataMerged/CoBo0_AsAd0_2024-05-01T04:18:47.009_0000.root
Unix Timestamp: 1714537127
Total Number of Events: 4
bad t? 171453713599868745ns 1714537135s
bad t? 171453714201856448ns 1714537142s
bad t? 171453715563380740ns 1714537155s
bad t? 171453718542244410ns 1714537185s
Loading file: /storage/hive/project/phy-otte/shared/Trinity/Data/20240501/RawDataMerged/CoBo0_AsAd0_2024-05-01T07:44:47.052_0000.root
Unix Timestamp: 1714549487
Total Number of Events: 1
bad t? 171454951248921143ns 1714549512s
Loading file: /storage/hive/project/phy-otte/shared/Trinity/Data/20240501/RawDataMerged/CoBo0_AsAd0_2024-05-01T05:58:47.001_0000.root
Unix Timestamp: 1714543127
Total Number of Events: 2
bad t? 171454313408780493ns 1714543134s
bad t? 171454321000557017ns 1714543210s
Loading file: /storage/hive/project/phy-otte/shared/Trinity/Data/20240501/RawDataMerged/CoBo0_AsAd0_2024-05-01T04:20:47.009_0000.root
Unix Timestamp: 1714537247
Total Number of Events: 1
bad t? 171453729766521885ns 1714537297s
Loading file: /storage/hive/project/phy-otte/shared/Trinity/Data/20240501/RawDataMerged/CoBo0_AsAd0_2024-05-01T05:14:47.003_0000.root
Unix Timestamp: 1714540487
Total Number of Events: 5
bad t? 171454050687705085ns 1714540506s
bad t? 171454051772438525ns 1714540517s
bad t? 171454055873614480ns 1714540558s
bad t? 171454057034402315ns 1714540570s
bad t? 171454058221585141ns 1714540582s
Loading file: /storage/hive/project/phy-otte/shared/Trinity/Data/20240501/RawDataMerged/CoBo0_AsAd0_2024-05-01T08:38:47.065_0000.root
Unix Timestamp: 1714552727
Total Number of Events: 3
bad t? 171455274153725199ns 1714552741s
bad t? 171455279333046708ns 1714552793s
bad t? 171455280683036764ns 1714552806s
Loading file: /storage/hive/project/phy-otte/shared/Trinity/Data/20240501/RawDataMerged/CoBo0_AsAd0_2024-05-01T03:24:46.475_0000.root
Unix Timestamp: 1714533886
Total Number of Events: 0
Loading file: /storage/hive/project/phy-otte/shared/Trinity/Data/20240501/RawDataMerged/CoBo0_AsAd0_2024-05-01T07:00:46.997_0000.root
Unix Timestamp: 1714546846
Total Number of Events: 3
bad t? 171454685193953191ns 1714546851s
bad t? 171454690789898318ns 1714546907s
bad t? 171454692961441272ns 1714546929s
Loading file: /storage/hive/project/phy-otte/shared/Trinity/Data/20240501/RawDataMerged/CoBo0_AsAd0_2024-05-01T03:28:46.472_0000.root
Unix Timestamp: 1714534126
Total Number of Events: 0
Loading file: /storage/hive/project/phy-otte/shared/Trinity/Data/20240501/RawDataMerged/CoBo0_AsAd0_2024-05-01T06:36:46.992_0000.root
Unix Timestamp: 1714545406
Total Number of Events: 5
bad t? 171454540853087693ns 1714545408s
bad t? 171454541508778258ns 1714545415s
bad t? 171454542788941256ns 1714545427s
bad t? 171454543463256511ns 1714545434s
bad t? 171454546147273255ns 1714545461s
Loading file: /storage/hive/project/phy-otte/shared/Trinity/Data/20240501/RawDataMerged/CoBo0_AsAd0_2024-05-01T03:22:46.477_0000.root
Unix Timestamp: 1714533766
Total Number of Events: 0
Loading file: /storage/hive/project/phy-otte/shared/Trinity/Data/20240501/RawDataMerged/CoBo0_AsAd0_2024-05-01T05:02:47.004_0000.root
Unix Timestamp: 1714539767
Total Number of Events: 5
bad t? 171453978637424175ns 1714539786s
bad t? 171453979827180032ns 1714539798s
bad t? 171453980500053937ns 1714539805s
bad t? 171453981955553144ns 1714539819s
bad t? 171453983945942745ns 1714539839s
Loading file: /storage/hive/project/phy-otte/shared/Trinity/Data/20240501/RawDataMerged/CoBo0_AsAd0_2024-05-01T06:16:46.992_0000.root
Unix Timestamp: 1714544206
Total Number of Events: 3
bad t? 171454424729228033ns 1714544247s
bad t? 171454425986377622ns 1714544259s
bad t? 171454430213649523ns 1714544302s
Loading file: /storage/hive/project/phy-otte/shared/Trinity/Data/20240501/RawDataMerged/CoBo0_AsAd0_2024-05-01T05:18:47.003_0000.root
Unix Timestamp: 1714540727
Total Number of Events: 2
bad t? 171454077689165495ns 1714540776s
bad t? 171454079559524548ns 1714540795s
Loading file: /storage/hive/project/phy-otte/shared/Trinity/Data/20240501/RawDataMerged/CoBo0_AsAd0_2024-05-01T08:16:46.981_0000.root
Unix Timestamp: 1714551406
Total Number of Events: 5
bad t? 171455141388261121ns 1714551413s
bad t? 171455141959189774ns 1714551419s
bad t? 171455144771619427ns 1714551447s
bad t? 171455146178274713ns 1714551461s
bad t? 171455148059756487ns 1714551480s
Loading file: /storage/hive/project/phy-otte/shared/Trinity/Data/20240501/RawDataMerged/CoBo0_AsAd0_2024-05-01T05:12:47.003_0000.root
Unix Timestamp: 1714540367
Total Number of Events: 3
bad t? 171454044097755534ns 1714540440s
bad t? 171454044785897151ns 1714540447s
bad t? 171454046173005205ns 1714540461s
Loading file: /storage/hive/project/phy-otte/shared/Trinity/Data/20240501/RawDataMerged/CoBo0_AsAd0_2024-05-01T08:34:46.996_0000.root
Unix Timestamp: 1714552486
Total Number of Events: 3
bad t? 171455250281010460ns 1714552502s
bad t? 171455253118313515ns 1714552531s
bad t? 171455258373517331ns 1714552583s
Loading file: /storage/hive/project/phy-otte/shared/Trinity/Data/20240501/RawDataMerged/CoBo0_AsAd0_2024-05-01T07:36:46.985_0000.root
Unix Timestamp: 1714549006
Total Number of Events: 2
bad t? 171454903946664446ns 1714549039s
bad t? 171454906314943358ns 1714549063s
Loading file: /storage/hive/project/phy-otte/shared/Trinity/Data/20240501/RawDataMerged/CoBo0_AsAd0_2024-05-01T07:38:46.985_0000.root
Unix Timestamp: 1714549126
Total Number of Events: 2
bad t? 171454917507843852ns 1714549175s
bad t? 171454922782948458ns 1714549227s
Loading file: /storage/hive/project/phy-otte/shared/Trinity/Data/20240501/RawDataMerged/CoBo0_AsAd0_2024-05-01T06:48:46.996_0000.root
Unix Timestamp: 1714546126
Total Number of Events: 3
bad t? 171454612938591907ns 1714546129s
bad t? 171454613583785707ns 1714546135s
bad t? 171454621908574194ns 1714546219s
Loading file: /storage/hive/project/phy-otte/shared/Trinity/Data/20240501/RawDataMerged/CoBo0_AsAd0_2024-05-01T08:40:46.999_0000.root
Unix Timestamp: 1714552846
Total Number of Events: 5
bad t? 171455288624236808ns 1714552886s
bad t? 171455291900817034ns 1714552919s
bad t? 171455293042686137ns 1714552930s
bad t? 171455293622876452ns 1714552936s
bad t? 171455294664127629ns 1714552946s
Loading file: /storage/hive/project/phy-otte/shared/Trinity/Data/20240501/RawDataMerged/CoBo0_AsAd0_2024-05-01T05:46:47.001_0000.root
Unix Timestamp: 1714542407
Total Number of Events: 5
bad t? 171454241762010775ns 1714542417s
bad t? 171454246398994935ns 1714542463s
bad t? 171454246886146853ns 1714542468s
bad t? 171454249410465489ns 1714542494s
bad t? 171454250130681744ns 1714542501s
Loading file: /storage/hive/project/phy-otte/shared/Trinity/Data/20240501/RawDataMerged/CoBo0_AsAd0_2024-05-01T04:58:47.068_0000.root
Unix Timestamp: 1714539527
Total Number of Events: 3
bad t? 171453956722431787ns 1714539567s
bad t? 171453960309707657ns 1714539603s
bad t? 171453962437362731ns 1714539624s
Loading file: /storage/hive/project/phy-otte/shared/Trinity/Data/20240501/RawDataMerged/CoBo0_AsAd0_2024-05-01T09:02:46.994_0000.root
Unix Timestamp: 1714554166
Total Number of Events: 4
bad t? 171455422101447838ns 1714554221s
bad t? 171455422596476724ns 1714554225s
bad t? 171455424170659480ns 1714554241s
bad t? 171455424826087534ns 1714554248s
Loading file: /storage/hive/project/phy-otte/shared/Trinity/Data/20240501/RawDataMerged/CoBo0_AsAd0_2024-05-01T05:24:47.002_0000.root
Unix Timestamp: 1714541087
Total Number of Events: 0
Loading file: /storage/hive/project/phy-otte/shared/Trinity/Data/20240501/RawDataMerged/CoBo0_AsAd0_2024-05-01T06:24:46.991_0000.root
Unix Timestamp: 1714544686
Total Number of Events: 2
bad t? 171454470827218408ns 1714544708s
bad t? 171454477059657041ns 1714544770s
Loading file: /storage/hive/project/phy-otte/shared/Trinity/Data/20240501/RawDataMerged/CoBo0_AsAd0_2024-05-01T03:16:46.537_0000.root
Unix Timestamp: 1714533406
Total Number of Events: 0
Loading file: /storage/hive/project/phy-otte/shared/Trinity/Data/20240501/RawDataMerged/CoBo0_AsAd0_2024-05-01T05:10:47.003_0000.root
Unix Timestamp: 1714540247
Total Number of Events: 1
bad t? 171454025739592707ns 1714540257s
Loading file: /storage/hive/project/phy-otte/shared/Trinity/Data/20240501/RawDataMerged/CoBo0_AsAd0_2024-05-01T03:10:46.509_0000.root
Unix Timestamp: 1714533046
Total Number of Events: 0
Loading file: /storage/hive/project/phy-otte/shared/Trinity/Data/20240501/RawDataMerged/CoBo0_AsAd0_2024-05-01T05:04:47.003_0000.root
Unix Timestamp: 1714539887
Total Number of Events: 4
bad t? 171453988821589079ns 1714539888s
bad t? 171453989422895225ns 1714539894s
bad t? 171453991738472783ns 1714539917s
bad t? 171453993078177585ns 1714539930s
Loading file: /storage/hive/project/phy-otte/shared/Trinity/Data/20240501/RawDataMerged/CoBo0_AsAd0_2024-05-01T06:10:46.994_0000.root
Unix Timestamp: 1714543846
Total Number of Events: 4
bad t? 171454386977945964ns 1714543869s
bad t? 171454387500654599ns 1714543875s
bad t? 171454389396398108ns 1714543893s
bad t? 171454393750126085ns 1714543937s
Loading file: /storage/hive/project/phy-otte/shared/Trinity/Data/20240501/RawDataMerged/CoBo0_AsAd0_2024-05-01T05:26:47.002_0000.root
Unix Timestamp: 1714541207
Total Number of Events: 2
bad t? 171454126986281943ns 1714541269s
bad t? 171454128220363561ns 1714541282s
Loading file: /storage/hive/project/phy-otte/shared/Trinity/Data/20240501/RawDataMerged/CoBo0_AsAd0_2024-05-01T06:34:46.990_0000.root
Unix Timestamp: 1714545286
Total Number of Events: 2
bad t? 171454529825465083ns 1714545298s
bad t? 171454535312048656ns 1714545353s
Loading file: /storage/hive/project/phy-otte/shared/Trinity/Data/20240501/RawDataMerged/CoBo0_AsAd0_2024-05-01T08:58:46.997_0000.root
Unix Timestamp: 1714553926
Total Number of Events: 7
bad t? 171455392922289876ns 1714553929s
bad t? 171455394002707154ns 1714553940s
bad t? 171455398734573652ns 1714553987s
bad t? 171455399318836891ns 1714553993s
bad t? 171455401124317595ns 1714554011s
bad t? 171455401620136223ns 1714554016s
bad t? 171455402678072231ns 1714554026s
Loading file: /storage/hive/project/phy-otte/shared/Trinity/Data/20240501/RawDataMerged/CoBo0_AsAd0_2024-05-01T04:54:47.007_0000.root
Unix Timestamp: 1714539287
Total Number of Events: 1
bad t? 171453937589723926ns 1714539375s
Loading file: /storage/hive/project/phy-otte/shared/Trinity/Data/20240501/RawDataMerged/CoBo0_AsAd0_2024-05-01T08:28:46.903_0000.root
Unix Timestamp: 1714552126
Total Number of Events: 5
bad t? 171455212654414596ns 1714552126s
bad t? 171455219066394569ns 1714552190s
bad t? 171455220435116794ns 1714552204s
bad t? 171455221620215774ns 1714552216s
bad t? 171455222261273109ns 1714552222s
Loading file: /storage/hive/project/phy-otte/shared/Trinity/Data/20240501/RawDataMerged/CoBo0_AsAd0_2024-05-01T06:14:46.993_0000.root
Unix Timestamp: 1714544086
Total Number of Events: 3
bad t? 171454411657894937ns 1714544116s
bad t? 171454412170230023ns 1714544121s
bad t? 171454416728542206ns 1714544167s
Loading file: /storage/hive/project/phy-otte/shared/Trinity/Data/20240501/RawDataMerged/CoBo0_AsAd0_2024-05-01T04:14:47.010_0000.root
Unix Timestamp: 1714536887
Total Number of Events: 7
bad t? 171453689456808956ns 1714536894s
bad t? 171453690154478558ns 1714536901s
bad t? 171453690770144869ns 1714536907s
bad t? 171453691413135292ns 1714536914s
bad t? 171453692259464305ns 1714536922s
bad t? 171453696212779923ns 1714536962s
bad t? 171453697655317504ns 1714536976s
Loading file: /storage/hive/project/phy-otte/shared/Trinity/Data/20240501/RawDataMerged/CoBo0_AsAd0_2024-05-01T07:28:46.987_0000.root
Unix Timestamp: 1714548526
Total Number of Events: 5
bad t? 171454856324425798ns 1714548563s
bad t? 171454856921942500ns 1714548569s
bad t? 171454857539200847ns 1714548575s
bad t? 171454859389550485ns 1714548593s
bad t? 171454861271665763ns 1714548612s
Loading file: /storage/hive/project/phy-otte/shared/Trinity/Data/20240501/RawDataMerged/CoBo0_AsAd0_2024-05-01T08:48:47.001_0000.root
Unix Timestamp: 1714553327
Total Number of Events: 6
bad t? 171455333802355932ns 1714553338s
bad t? 171455334399001066ns 1714553343s
bad t? 171455335656046803ns 1714553356s
bad t? 171455336837159619ns 1714553368s
bad t? 171455340875618542ns 1714553408s
bad t? 171455342730562543ns 1714553427s
Loading file: /storage/hive/project/phy-otte/shared/Trinity/Data/20240501/RawDataMerged/CoBo0_AsAd0_2024-05-01T07:10:46.995_0000.root
Unix Timestamp: 1714547446
Total Number of Events: 5
bad t? 171454744789496938ns 1714547447s
bad t? 171454748825204031ns 1714547488s
bad t? 171454750234451340ns 1714547502s
bad t? 171454752643878029ns 1714547526s
bad t? 171454754480756794ns 1714547544s
Loading file: /storage/hive/project/phy-otte/shared/Trinity/Data/20240501/RawDataMerged/CoBo0_AsAd0_2024-05-01T07:12:46.993_0000.root
Unix Timestamp: 1714547566
Total Number of Events: 8
bad t? 171454757811148314ns 1714547578s
bad t? 171454758441510142ns 1714547584s
bad t? 171454759074832800ns 1714547590s
bad t? 171454763136702188ns 1714547631s
bad t? 171454763689056655ns 1714547636s
bad t? 171454764283902409ns 1714547642s
bad t? 171454765053228820ns 1714547650s
bad t? 171454766367327912ns 1714547663s
Loading file: /storage/hive/project/phy-otte/shared/Trinity/Data/20240501/RawDataMerged/CoBo0_AsAd0_2024-05-01T07:02:46.997_0000.root
Unix Timestamp: 1714546966
Total Number of Events: 5
bad t? 171454698399606789ns 1714546983s
bad t? 171454702242492531ns 1714547022s
bad t? 171454703661867328ns 1714547036s
bad t? 171454704932222640ns 1714547049s
bad t? 171454706168736296ns 1714547061s
Loading file: /storage/hive/project/phy-otte/shared/Trinity/Data/20240501/RawDataMerged/CoBo0_AsAd0_2024-05-01T08:12:46.981_0000.root
Unix Timestamp: 1714551166
Total Number of Events: 3
bad t? 171455117565680092ns 1714551175s
bad t? 171455121753393934ns 1714551217s
bad t? 171455124092242646ns 1714551240s
Loading file: /storage/hive/project/phy-otte/shared/Trinity/Data/20240501/RawDataMerged/CoBo0_AsAd0_2024-05-01T03:26:46.473_0000.root
Unix Timestamp: 1714534006
Total Number of Events: 0
Loading file: /storage/hive/project/phy-otte/shared/Trinity/Data/20240501/RawDataMerged/CoBo0_AsAd0_2024-05-01T08:06:47.049_0000.root
Unix Timestamp: 1714550807
Total Number of Events: 6
bad t? 171455081393767184ns 1714550813s
bad t? 171455081876851904ns 1714550818s
bad t? 171455084364418565ns 1714550843s
bad t? 171455086227364472ns 1714550862s
bad t? 171455087773571861ns 1714550877s
bad t? 171455088459616298ns 1714550884s
Loading file: /storage/hive/project/phy-otte/shared/Trinity/Data/20240501/RawDataMerged/CoBo0_AsAd0_2024-05-01T04:26:47.008_0000.root
Unix Timestamp: 1714537607
Total Number of Events: 5
bad t? 171453760874322356ns 1714537608s
bad t? 171453764557240729ns 1714537645s
bad t? 171453766380616392ns 1714537663s
bad t? 171453768569355177ns 1714537685s
bad t? 171453770584793962ns 1714537705s
Loading file: /storage/hive/project/phy-otte/shared/Trinity/Data/20240501/RawDataMerged/CoBo0_AsAd0_2024-05-01T06:04:46.997_0000.root
Unix Timestamp: 1714543486
Total Number of Events: 0
Loading file: /storage/hive/project/phy-otte/shared/Trinity/Data/20240501/RawDataMerged/CoBo0_AsAd0_2024-05-01T07:22:46.988_0000.root
Unix Timestamp: 1714548166
Total Number of Events: 2
bad t? 171454820129291440ns 1714548201s
bad t? 171454825885794521ns 1714548258s
Loading file: /storage/hive/project/phy-otte/shared/Trinity/Data/20240501/RawDataMerged/CoBo0_AsAd0_2024-05-01T05:16:47.003_0000.root
Unix Timestamp: 1714540607
Total Number of Events: 4
bad t? 171454061253663901ns 1714540612s
bad t? 171454063336053434ns 1714540633s
bad t? 171454066287408019ns 1714540662s
bad t? 171454066892928606ns 1714540668s
Loading file: /storage/hive/project/phy-otte/shared/Trinity/Data/20240501/RawDataMerged/CoBo0_AsAd0_2024-05-01T04:50:47.009_0000.root
Unix Timestamp: 1714539047
Total Number of Events: 4
bad t? 171453906226018870ns 1714539062s
bad t? 171453906712746545ns 1714539067s
bad t? 171453910097775161ns 1714539100s
bad t? 171453913967389222ns 1714539139s
Loading file: /storage/hive/project/phy-otte/shared/Trinity/Data/20240501/RawDataMerged/CoBo0_AsAd0_2024-05-01T07:20:46.989_0000.root
Unix Timestamp: 1714548046
Total Number of Events: 4
bad t? 171454805160229242ns 1714548051s
bad t? 171454807004290546ns 1714548070s
bad t? 171454810922566416ns 1714548109s
bad t? 171454813482253069ns 1714548134s
Loading file: /storage/hive/project/phy-otte/shared/Trinity/Data/20240501/RawDataMerged/CoBo0_AsAd0_2024-05-01T08:30:46.995_0000.root
Unix Timestamp: 1714552246
Total Number of Events: 1
bad t? 171455232532948760ns 1714552325s
Loading file: /storage/hive/project/phy-otte/shared/Trinity/Data/20240501/RawDataMerged/CoBo0_AsAd0_2024-05-01T04:07:02.075_0000.root
Unix Timestamp: 1714536422
Total Number of Events: 2
bad t? 171453644275162786ns 1714536442s
bad t? 171453649638049723ns 1714536496s
Loading file: /storage/hive/project/phy-otte/shared/Trinity/Data/20240501/RawDataMerged/CoBo0_AsAd0_2024-05-01T08:18:46.985_0000.root
Unix Timestamp: 1714551526
Total Number of Events: 1
bad t? 171455160044953730ns 1714551600s
Info in <TCanvas::Print>: pdf file /storage/hive/project/phy-otte/shared/Trinity/DataAnalysis/DataSummary/Output/20240501.pdf has been created
Info in <TCanvas::Print>: Current canvas added to pdf file /storage/hive/project/phy-otte/shared/Trinity/DataAnalysis/DataSummary/Output/20240501.pdf
Info in <TCanvas::Print>: Current canvas added to pdf file /storage/hive/project/phy-otte/shared/Trinity/DataAnalysis/DataSummary/Output/20240501.pdf
Info in <TCanvas::Print>: Current canvas added to pdf file /storage/hive/project/phy-otte/shared/Trinity/DataAnalysis/DataSummary/Output/20240501.pdf
Info in <TCanvas::Print>: Current canvas added to pdf file /storage/hive/project/phy-otte/shared/Trinity/DataAnalysis/DataSummary/Output/20240501.pdf
Info in <TCanvas::Print>: Current canvas added to pdf file /storage/hive/project/phy-otte/shared/Trinity/DataAnalysis/DataSummary/Output/20240501.pdf
Info in <TCanvas::Print>: Current canvas added to pdf file /storage/hive/project/phy-otte/shared/Trinity/DataAnalysis/DataSummary/Output/20240501.pdf
Info in <TCanvas::Print>: pdf file /storage/hive/project/phy-otte/shared/Trinity/DataAnalysis/DataSummary/Output/20240501.pdf has been closed
spawn ssh -i /home/sstepanoff3/.ssh/hive sstepanoff3@login-hive.pace.gatech.edu /storage/hive/project/phy-otte/shared/Trinity/DataAnalysis/DataSummary/sumDir/FolderDataSum 20240502

Inactive Modules:
  1) mvapich2

The following have been reloaded with a version change:
  1) gcc/10.3.0-o57x6h => gcc/8.3.0-rv4av7
  2) mpc/1.2.1-zoh6w2 => mpc/1.1.0-kyjl4f
  3) mpfr/4.1.0-32gcbv => mpfr/3.1.6-yuvsh4

/storage/hive/project/phy-otte/shared/Trinity/Data/20240502/RawDataMerged/
Error opening file
Loading file: /storage/hive/project/phy-otte/shared/Trinity/Data/20240502/RawDataMerged/CoBo0_AsAd0_2024-05-02T06:22:37.707_0000.root
Unix Timestamp: 1714630957
Warning in <TClass::Init>: no dictionary for class ROOT::TIOFeatures is available
Total Number of Events: 97
Loading file: /storage/hive/project/phy-otte/shared/Trinity/Data/20240502/RawDataMerged/CoBo0_AsAd0_2024-05-02T08:26:39.054_0000.root
Unix Timestamp: 1714638399
Total Number of Events: 73
Loading file: /storage/hive/project/phy-otte/shared/Trinity/Data/20240502/RawDataMerged/CoBo0_AsAd0_2024-05-02T09:00:38.785_0000.root
Unix Timestamp: 1714640438
Total Number of Events: 85
Loading file: /storage/hive/project/phy-otte/shared/Trinity/Data/20240502/RawDataMerged/CoBo0_AsAd0_2024-05-02T08:48:39.168_0000.root
Unix Timestamp: 1714639719
Total Number of Events: 80
Loading file: /storage/hive/project/phy-otte/shared/Trinity/Data/20240502/RawDataMerged/CoBo0_AsAd0_2024-05-02T06:20:38.142_0000.root
Unix Timestamp: 1714630838
Total Number of Events: 96
Loading file: /storage/hive/project/phy-otte/shared/Trinity/Data/20240502/RawDataMerged/CoBo0_AsAd0_2024-05-02T07:36:37.751_0000.root
Unix Timestamp: 1714635397
Total Number of Events: 77
Loading file: /storage/hive/project/phy-otte/shared/Trinity/Data/20240502/RawDataMerged/CoBo0_AsAd0_2024-05-02T06:06:39.005_0000.root
Unix Timestamp: 1714629999
Total Number of Events: 99
Loading file: /storage/hive/project/phy-otte/shared/Trinity/Data/20240502/RawDataMerged/CoBo0_AsAd0_2024-05-02T07:38:37.984_0000.root
Unix Timestamp: 1714635517
Total Number of Events: 78
Loading file: /storage/hive/project/phy-otte/shared/Trinity/Data/20240502/RawDataMerged/CoBo0_AsAd0_2024-05-02T06:24:38.594_0000.root
Unix Timestamp: 1714631078
Total Number of Events: 90
Loading file: /storage/hive/project/phy-otte/shared/Trinity/Data/20240502/RawDataMerged/CoBo0_AsAd0_2024-05-02T05:22:38.957_0000.root
Unix Timestamp: 1714627358
Total Number of Events: 123
Loading file: /storage/hive/project/phy-otte/shared/Trinity/Data/20240502/RawDataMerged/CoBo0_AsAd0_2024-05-02T08:18:39.672_0000.root
Unix Timestamp: 1714637919
Total Number of Events: 76
Loading file: /storage/hive/project/phy-otte/shared/Trinity/Data/20240502/RawDataMerged/CoBo0_AsAd0_2024-05-02T06:10:37.525_0000.root
Unix Timestamp: 1714630237
Total Number of Events: 105
Loading file: /storage/hive/project/phy-otte/shared/Trinity/Data/20240502/RawDataMerged/CoBo0_AsAd0_2024-05-02T08:50:38.815_0000.root
Unix Timestamp: 1714639838
Total Number of Events: 85
Loading file: /storage/hive/project/phy-otte/shared/Trinity/Data/20240502/RawDataMerged/CoBo0_AsAd0_2024-05-02T05:44:38.083_0000.root
Unix Timestamp: 1714628678
Total Number of Events: 114
Loading file: /storage/hive/project/phy-otte/shared/Trinity/Data/20240502/RawDataMerged/CoBo0_AsAd0_2024-05-02T08:38:38.299_0000.root
Unix Timestamp: 1714639118
Total Number of Events: 80
Loading file: /storage/hive/project/phy-otte/shared/Trinity/Data/20240502/RawDataMerged/CoBo0_AsAd0_2024-05-02T06:54:38.620_0000.root
Unix Timestamp: 1714632878
Total Number of Events: 86
Loading file: /storage/hive/project/phy-otte/shared/Trinity/Data/20240502/RawDataMerged/CoBo0_AsAd0_2024-05-02T06:08:38.213_0000.root
Unix Timestamp: 1714630118
Total Number of Events: 107
Loading file: /storage/hive/project/phy-otte/shared/Trinity/Data/20240502/RawDataMerged/CoBo0_AsAd0_2024-05-02T09:06:38.331_0000.root
Unix Timestamp: 1714640798
Total Number of Events: 80
Loading file: /storage/hive/project/phy-otte/shared/Trinity/Data/20240502/RawDataMerged/CoBo0_AsAd0_2024-05-02T03:08:07.310_0000.root
Unix Timestamp: 1714619287
Total Number of Events: 0
Loading file: /storage/hive/project/phy-otte/shared/Trinity/Data/20240502/RawDataMerged/CoBo0_AsAd0_2024-05-02T07:46:38.698_0000.root
Unix Timestamp: 1714635998
Total Number of Events: 75
Loading file: /storage/hive/project/phy-otte/shared/Trinity/Data/20240502/RawDataMerged/CoBo0_AsAd0_2024-05-02T06:04:38.918_0000.root
Unix Timestamp: 1714629878
Total Number of Events: 103
Loading file: /storage/hive/project/phy-otte/shared/Trinity/Data/20240502/RawDataMerged/CoBo0_AsAd0_2024-05-02T07:52:38.310_0000.root
Unix Timestamp: 1714636358
Total Number of Events: 77
Loading file: /storage/hive/project/phy-otte/shared/Trinity/Data/20240502/RawDataMerged/CoBo0_AsAd0_2024-05-02T05:18:38.137_0000.root
Unix Timestamp: 1714627118
Total Number of Events: 118
Loading file: /storage/hive/project/phy-otte/shared/Trinity/Data/20240502/RawDataMerged/CoBo0_AsAd0_2024-05-02T06:28:38.093_0000.root
Unix Timestamp: 1714631318
Total Number of Events: 95
Loading file: /storage/hive/project/phy-otte/shared/Trinity/Data/20240502/RawDataMerged/CoBo0_AsAd0_2024-05-02T03:12:07.313_0000.root
Unix Timestamp: 1714619527
Total Number of Events: 0
Loading file: /storage/hive/project/phy-otte/shared/Trinity/Data/20240502/RawDataMerged/CoBo0_AsAd0_2024-05-02T08:46:38.318_0000.root
Unix Timestamp: 1714639598
Total Number of Events: 77
Loading file: /storage/hive/project/phy-otte/shared/Trinity/Data/20240502/RawDataMerged/CoBo0_AsAd0_2024-05-02T09:20:37.999_0000.root
Unix Timestamp: 1714641637
Total Number of Events: 86
Loading file: /storage/hive/project/phy-otte/shared/Trinity/Data/20240502/RawDataMerged/CoBo0_AsAd0_2024-05-02T09:14:38.940_0000.root
Unix Timestamp: 1714641278
Total Number of Events: 86
Loading file: /storage/hive/project/phy-otte/shared/Trinity/Data/20240502/RawDataMerged/CoBo0_AsAd0_2024-05-02T09:16:38.100_0000.root
Unix Timestamp: 1714641398
Total Number of Events: 87
Loading file: /storage/hive/project/phy-otte/shared/Trinity/Data/20240502/RawDataMerged/CoBo0_AsAd0_2024-05-02T06:42:38.155_0000.root
Unix Timestamp: 1714632158
Total Number of Events: 91
Loading file: /storage/hive/project/phy-otte/shared/Trinity/Data/20240502/RawDataMerged/CoBo0_AsAd0_2024-05-02T07:00:38.787_0000.root
Unix Timestamp: 1714633238
Total Number of Events: 80
Loading file: /storage/hive/project/phy-otte/shared/Trinity/Data/20240502/RawDataMerged/CoBo0_AsAd0_2024-05-02T05:24:38.933_0000.root
Unix Timestamp: 1714627478
Total Number of Events: 120
Loading file: /storage/hive/project/phy-otte/shared/Trinity/Data/20240502/RawDataMerged/CoBo0_AsAd0_2024-05-02T09:30:38.179_0000.root
Unix Timestamp: 1714642238
Total Number of Events: 89
Loading file: /storage/hive/project/phy-otte/shared/Trinity/Data/20240502/RawDataMerged/CoBo0_AsAd0_2024-05-02T08:02:38.183_0000.root
Unix Timestamp: 1714636958
Total Number of Events: 75
Loading file: /storage/hive/project/phy-otte/shared/Trinity/Data/20240502/RawDataMerged/CoBo0_AsAd0_2024-05-02T05:50:38.103_0000.root
Unix Timestamp: 1714629038
Total Number of Events: 114
Loading file: /storage/hive/project/phy-otte/shared/Trinity/Data/20240502/RawDataMerged/CoBo0_AsAd0_2024-05-02T03:03:16.380_0000.root
Unix Timestamp: 1714618996
Total Number of Events: 0
Loading file: /storage/hive/project/phy-otte/shared/Trinity/Data/20240502/RawDataMerged/CoBo0_AsAd0_2024-05-02T05:52:37.981_0000.root
Unix Timestamp: 1714629157
Total Number of Events: 118
Loading file: /storage/hive/project/phy-otte/shared/Trinity/Data/20240502/RawDataMerged/CoBo0_AsAd0_2024-05-02T03:20:07.312_0000.root
Unix Timestamp: 1714620007
Total Number of Events: 0
Loading file: /storage/hive/project/phy-otte/shared/Trinity/Data/20240502/RawDataMerged/CoBo0_AsAd0_2024-05-02T05:30:38.979_0000.root
Unix Timestamp: 1714627838
Total Number of Events: 127
Loading file: /storage/hive/project/phy-otte/shared/Trinity/Data/20240502/RawDataMerged/CoBo0_AsAd0_2024-05-02T09:22:38.965_0000.root
Unix Timestamp: 1714641758
Total Number of Events: 79
Loading file: /storage/hive/project/phy-otte/shared/Trinity/Data/20240502/RawDataMerged/CoBo0_AsAd0_2024-05-02T06:34:38.879_0000.root
Unix Timestamp: 1714631678
Total Number of Events: 91
Loading file: /storage/hive/project/phy-otte/shared/Trinity/Data/20240502/RawDataMerged/CoBo0_AsAd0_2024-05-02T09:38:37.806_0000.root
Unix Timestamp: 1714642717
Total Number of Events: 38
Loading file: /storage/hive/project/phy-otte/shared/Trinity/Data/20240502/RawDataMerged/CoBo0_AsAd0_2024-05-02T03:18:07.311_0000.root
Unix Timestamp: 1714619887
Total Number of Events: 0
Loading file: /storage/hive/project/phy-otte/shared/Trinity/Data/20240502/RawDataMerged/CoBo0_AsAd0_2024-05-02T08:24:38.306_0000.root
Unix Timestamp: 1714638278
Total Number of Events: 74
Loading file: /storage/hive/project/phy-otte/shared/Trinity/Data/20240502/RawDataMerged/CoBo0_AsAd0_2024-05-02T06:16:38.607_0000.root
Unix Timestamp: 1714630598
Total Number of Events: 100
Loading file: /storage/hive/project/phy-otte/shared/Trinity/Data/20240502/RawDataMerged/CoBo0_AsAd0_2024-05-02T05:32:38.378_0000.root
Unix Timestamp: 1714627958
Total Number of Events: 122
Loading file: /storage/hive/project/phy-otte/shared/Trinity/Data/20240502/RawDataMerged/CoBo0_AsAd0_2024-05-02T03:10:07.312_0000.root
Unix Timestamp: 1714619407
Total Number of Events: 0
Loading file: /storage/hive/project/phy-otte/shared/Trinity/Data/20240502/RawDataMerged/CoBo0_AsAd0_2024-05-02T06:36:38.059_0000.root
Unix Timestamp: 1714631798
Total Number of Events: 91
Loading file: /storage/hive/project/phy-otte/shared/Trinity/Data/20240502/RawDataMerged/CoBo0_AsAd0_2024-05-02T09:12:38.620_0000.root
Unix Timestamp: 1714641158
Total Number of Events: 80
Loading file: /storage/hive/project/phy-otte/shared/Trinity/Data/20240502/RawDataMerged/CoBo0_AsAd0_2024-05-02T03:22:07.313_0000.root
Unix Timestamp: 1714620127
Total Number of Events: 0
Loading file: /storage/hive/project/phy-otte/shared/Trinity/Data/20240502/RawDataMerged/CoBo0_AsAd0_2024-05-02T07:14:38.360_0000.root
Unix Timestamp: 1714634078
Total Number of Events: 74
Loading file: /storage/hive/project/phy-otte/shared/Trinity/Data/20240502/RawDataMerged/CoBo0_AsAd0_2024-05-02T06:40:38.060_0000.root
Unix Timestamp: 1714632038
Total Number of Events: 87
Loading file: /storage/hive/project/phy-otte/shared/Trinity/Data/20240502/RawDataMerged/CoBo0_AsAd0_2024-05-02T07:06:38.725_0000.root
Unix Timestamp: 1714633598
Total Number of Events: 78
Loading file: /storage/hive/project/phy-otte/shared/Trinity/Data/20240502/RawDataMerged/CoBo0_AsAd0_2024-05-02T07:02:39.215_0000.root
Unix Timestamp: 1714633359
Total Number of Events: 82
Loading file: /storage/hive/project/phy-otte/shared/Trinity/Data/20240502/RawDataMerged/CoBo0_AsAd0_2024-05-02T08:54:38.545_0000.root
Unix Timestamp: 1714640078
Total Number of Events: 80
Loading file: /storage/hive/project/phy-otte/shared/Trinity/Data/20240502/RawDataMerged/CoBo0_AsAd0_2024-05-02T06:48:37.774_0000.root
Unix Timestamp: 1714632517
Total Number of Events: 86
Loading file: /storage/hive/project/phy-otte/shared/Trinity/Data/20240502/RawDataMerged/CoBo0_AsAd0_2024-05-02T05:42:38.442_0000.root
Unix Timestamp: 1714628558
Total Number of Events: 114
Loading file: /storage/hive/project/phy-otte/shared/Trinity/Data/20240502/RawDataMerged/CoBo0_AsAd0_2024-05-02T09:34:38.420_0000.root
Unix Timestamp: 1714642478
Total Number of Events: 98
Loading file: /storage/hive/project/phy-otte/shared/Trinity/Data/20240502/RawDataMerged/CoBo0_AsAd0_2024-05-02T07:20:38.850_0000.root
Unix Timestamp: 1714634438
Total Number of Events: 79
Loading file: /storage/hive/project/phy-otte/shared/Trinity/Data/20240502/RawDataMerged/CoBo0_AsAd0_2024-05-02T08:58:38.137_0000.root
Unix Timestamp: 1714640318
Total Number of Events: 79
Loading file: /storage/hive/project/phy-otte/shared/Trinity/Data/20240502/RawDataMerged/CoBo0_AsAd0_2024-05-02T08:44:39.127_0000.root
Unix Timestamp: 1714639479
Total Number of Events: 80
Loading file: /storage/hive/project/phy-otte/shared/Trinity/Data/20240502/RawDataMerged/CoBo0_AsAd0_2024-05-02T07:40:38.409_0000.root
Unix Timestamp: 1714635638
Total Number of Events: 74
Loading file: /storage/hive/project/phy-otte/shared/Trinity/Data/20240502/RawDataMerged/CoBo0_AsAd0_2024-05-02T05:28:38.594_0000.root
Unix Timestamp: 1714627718
Total Number of Events: 121
Loading file: /storage/hive/project/phy-otte/shared/Trinity/Data/20240502/RawDataMerged/CoBo0_AsAd0_2024-05-02T08:20:38.539_0000.root
Unix Timestamp: 1714638038
Total Number of Events: 77
Loading file: /storage/hive/project/phy-otte/shared/Trinity/Data/20240502/RawDataMerged/CoBo0_AsAd0_2024-05-02T05:14:45.339_0000.root
Unix Timestamp: 1714626885
Total Number of Events: 0
Loading file: /storage/hive/project/phy-otte/shared/Trinity/Data/20240502/RawDataMerged/CoBo0_AsAd0_2024-05-02T08:12:38.589_0000.root
Unix Timestamp: 1714637558
Total Number of Events: 73
Loading file: /storage/hive/project/phy-otte/shared/Trinity/Data/20240502/RawDataMerged/CoBo0_AsAd0_2024-05-02T07:16:39.123_0000.root
Unix Timestamp: 1714634199
Total Number of Events: 77
Loading file: /storage/hive/project/phy-otte/shared/Trinity/Data/20240502/RawDataMerged/CoBo0_AsAd0_2024-05-02T09:28:38.983_0000.root
Unix Timestamp: 1714642118
Total Number of Events: 85
Loading file: /storage/hive/project/phy-otte/shared/Trinity/Data/20240502/RawDataMerged/CoBo0_AsAd0_2024-05-02T09:18:38.688_0000.root
Unix Timestamp: 1714641518
Total Number of Events: 84
Loading file: /storage/hive/project/phy-otte/shared/Trinity/Data/20240502/RawDataMerged/CoBo0_AsAd0_2024-05-02T06:38:39.391_0000.root
Unix Timestamp: 1714631919
Total Number of Events: 89
Loading file: /storage/hive/project/phy-otte/shared/Trinity/Data/20240502/RawDataMerged/CoBo0_AsAd0_2024-05-02T03:24:07.315_0000.root
Unix Timestamp: 1714620247
Total Number of Events: 82
Loading file: /storage/hive/project/phy-otte/shared/Trinity/Data/20240502/RawDataMerged/CoBo0_AsAd0_2024-05-02T05:56:37.779_0000.root
Unix Timestamp: 1714629397
Total Number of Events: 106
Loading file: /storage/hive/project/phy-otte/shared/Trinity/Data/20240502/RawDataMerged/CoBo0_AsAd0_2024-05-02T09:26:38.502_0000.root
Unix Timestamp: 1714641998
Total Number of Events: 84
Loading file: /storage/hive/project/phy-otte/shared/Trinity/Data/20240502/RawDataMerged/CoBo0_AsAd0_2024-05-02T05:40:38.562_0000.root
Unix Timestamp: 1714628438
Total Number of Events: 114
Loading file: /storage/hive/project/phy-otte/shared/Trinity/Data/20240502/RawDataMerged/CoBo0_AsAd0_2024-05-02T09:02:39.357_0000.root
Unix Timestamp: 1714640559
Total Number of Events: 76
Loading file: /storage/hive/project/phy-otte/shared/Trinity/Data/20240502/RawDataMerged/CoBo0_AsAd0_2024-05-02T07:32:39.615_0000.root
Unix Timestamp: 1714635159
Total Number of Events: 79
Loading file: /storage/hive/project/phy-otte/shared/Trinity/Data/20240502/RawDataMerged/CoBo0_AsAd0_2024-05-02T07:58:39.060_0000.root
Unix Timestamp: 1714636719
Total Number of Events: 77
Loading file: /storage/hive/project/phy-otte/shared/Trinity/Data/20240502/RawDataMerged/CoBo0_AsAd0_2024-05-02T03:06:07.310_0000.root
Unix Timestamp: 1714619167
Total Number of Events: 0
Loading file: /storage/hive/project/phy-otte/shared/Trinity/Data/20240502/RawDataMerged/CoBo0_AsAd0_2024-05-02T07:24:38.870_0000.root
Unix Timestamp: 1714634678
Total Number of Events: 83
Loading file: /storage/hive/project/phy-otte/shared/Trinity/Data/20240502/RawDataMerged/CoBo0_AsAd0_2024-05-02T08:14:38.948_0000.root
Unix Timestamp: 1714637678
Total Number of Events: 76
Loading file: /storage/hive/project/phy-otte/shared/Trinity/Data/20240502/RawDataMerged/CoBo0_AsAd0_2024-05-02T05:46:38.265_0000.root
Unix Timestamp: 1714628798
Total Number of Events: 111
Loading file: /storage/hive/project/phy-otte/shared/Trinity/Data/20240502/RawDataMerged/CoBo0_AsAd0_2024-05-02T06:02:37.696_0000.root
Unix Timestamp: 1714629757
Total Number of Events: 110
Loading file: /storage/hive/project/phy-otte/shared/Trinity/Data/20240502/RawDataMerged/CoBo0_AsAd0_2024-05-02T07:48:38.645_0000.root
Unix Timestamp: 1714636118
Total Number of Events: 77
Loading file: /storage/hive/project/phy-otte/shared/Trinity/Data/20240502/RawDataMerged/CoBo0_AsAd0_2024-05-02T08:30:38.640_0000.root
Unix Timestamp: 1714638638
Total Number of Events: 73
Loading file: /storage/hive/project/phy-otte/shared/Trinity/Data/20240502/RawDataMerged/CoBo0_AsAd0_2024-05-02T06:18:38.387_0000.root
Unix Timestamp: 1714630718
Total Number of Events: 100
Loading file: /storage/hive/project/phy-otte/shared/Trinity/Data/20240502/RawDataMerged/CoBo0_AsAd0_2024-05-02T07:26:39.025_0000.root
Unix Timestamp: 1714634799
Total Number of Events: 82
Loading file: /storage/hive/project/phy-otte/shared/Trinity/Data/20240502/RawDataMerged/CoBo0_AsAd0_2024-05-02T09:10:38.608_0000.root
Unix Timestamp: 1714641038
Total Number of Events: 85
Loading file: /storage/hive/project/phy-otte/shared/Trinity/Data/20240502/RawDataMerged/CoBo0_AsAd0_2024-05-02T05:58:38.623_0000.root
Unix Timestamp: 1714629518
Total Number of Events: 103
Loading file: /storage/hive/project/phy-otte/shared/Trinity/Data/20240502/RawDataMerged/CoBo0_AsAd0_2024-05-02T05:38:38.451_0000.root
Unix Timestamp: 1714628318
Total Number of Events: 117
Loading file: /storage/hive/project/phy-otte/shared/Trinity/Data/20240502/RawDataMerged/CoBo0_AsAd0_2024-05-02T05:54:38.247_0000.root
Unix Timestamp: 1714629278
Total Number of Events: 111
Loading file: /storage/hive/project/phy-otte/shared/Trinity/Data/20240502/RawDataMerged/CoBo0_AsAd0_2024-05-02T08:32:38.576_0000.root
Unix Timestamp: 1714638758
Total Number of Events: 74
Loading file: /storage/hive/project/phy-otte/shared/Trinity/Data/20240502/RawDataMerged/CoBo0_AsAd0_2024-05-02T05:26:37.870_0000.root
Unix Timestamp: 1714627597
Total Number of Events: 124
Loading file: /storage/hive/project/phy-otte/shared/Trinity/Data/20240502/RawDataMerged/CoBo0_AsAd0_2024-05-02T08:08:38.130_0000.root
Unix Timestamp: 1714637318
Total Number of Events: 73
Loading file: /storage/hive/project/phy-otte/shared/Trinity/Data/20240502/RawDataMerged/CoBo0_AsAd0_2024-05-02T08:00:38.334_0000.root
Unix Timestamp: 1714636838
Total Number of Events: 74
Loading file: /storage/hive/project/phy-otte/shared/Trinity/Data/20240502/RawDataMerged/CoBo0_AsAd0_2024-05-02T06:14:38.919_0000.root
Unix Timestamp: 1714630478
Total Number of Events: 102
Loading file: /storage/hive/project/phy-otte/shared/Trinity/Data/20240502/RawDataMerged/CoBo0_AsAd0_2024-05-02T03:16:07.312_0000.root
Unix Timestamp: 1714619767
Total Number of Events: 0
Loading file: /storage/hive/project/phy-otte/shared/Trinity/Data/20240502/RawDataMerged/CoBo0_AsAd0_2024-05-02T08:34:38.625_0000.root
Unix Timestamp: 1714638878
Total Number of Events: 75
Loading file: /storage/hive/project/phy-otte/shared/Trinity/Data/20240502/RawDataMerged/CoBo0_AsAd0_2024-05-02T08:36:38.077_0000.root
Unix Timestamp: 1714638998
Total Number of Events: 77
Loading file: /storage/hive/project/phy-otte/shared/Trinity/Data/20240502/RawDataMerged/CoBo0_AsAd0_2024-05-02T06:46:38.402_0000.root
Unix Timestamp: 1714632398
Total Number of Events: 86
Loading file: /storage/hive/project/phy-otte/shared/Trinity/Data/20240502/RawDataMerged/CoBo0_AsAd0_2024-05-02T07:44:37.631_0000.root
Unix Timestamp: 1714635877
Total Number of Events: 74
Loading file: /storage/hive/project/phy-otte/shared/Trinity/Data/20240502/RawDataMerged/CoBo0_AsAd0_2024-05-02T06:32:38.597_0000.root
Unix Timestamp: 1714631558
Total Number of Events: 88
Loading file: /storage/hive/project/phy-otte/shared/Trinity/Data/20240502/RawDataMerged/CoBo0_AsAd0_2024-05-02T08:56:39.205_0000.root
Unix Timestamp: 1714640199
Total Number of Events: 78
Loading file: /storage/hive/project/phy-otte/shared/Trinity/Data/20240502/RawDataMerged/CoBo0_AsAd0_2024-05-02T08:28:38.843_0000.root
Unix Timestamp: 1714638518
Total Number of Events: 73
Loading file: /storage/hive/project/phy-otte/shared/Trinity/Data/20240502/RawDataMerged/CoBo0_AsAd0_2024-05-02T08:16:38.706_0000.root
Unix Timestamp: 1714637798
Total Number of Events: 74
Loading file: /storage/hive/project/phy-otte/shared/Trinity/Data/20240502/RawDataMerged/CoBo0_AsAd0_2024-05-02T07:04:38.228_0000.root
Unix Timestamp: 1714633478
Total Number of Events: 83
Loading file: /storage/hive/project/phy-otte/shared/Trinity/Data/20240502/RawDataMerged/CoBo0_AsAd0_2024-05-02T07:54:38.441_0000.root
Unix Timestamp: 1714636478
Total Number of Events: 77
Loading file: /storage/hive/project/phy-otte/shared/Trinity/Data/20240502/RawDataMerged/CoBo0_AsAd0_2024-05-02T06:52:37.743_0000.root
Unix Timestamp: 1714632757
Total Number of Events: 88
Loading file: /storage/hive/project/phy-otte/shared/Trinity/Data/20240502/RawDataMerged/CoBo0_AsAd0_2024-05-02T08:10:38.083_0000.root
Unix Timestamp: 1714637438
Total Number of Events: 76
Loading file: /storage/hive/project/phy-otte/shared/Trinity/Data/20240502/RawDataMerged/CoBo0_AsAd0_2024-05-02T06:00:38.167_0000.root
Unix Timestamp: 1714629638
Total Number of Events: 101
Loading file: /storage/hive/project/phy-otte/shared/Trinity/Data/20240502/RawDataMerged/CoBo0_AsAd0_2024-05-02T09:36:37.863_0000.root
Unix Timestamp: 1714642597
Total Number of Events: 97
Loading file: /storage/hive/project/phy-otte/shared/Trinity/Data/20240502/RawDataMerged/CoBo0_AsAd0_2024-05-02T05:16:38.469_0000.root
Unix Timestamp: 1714626998
Total Number of Events: 124
Loading file: /storage/hive/project/phy-otte/shared/Trinity/Data/20240502/RawDataMerged/CoBo0_AsAd0_2024-05-02T06:56:37.992_0000.root
Unix Timestamp: 1714632997
Total Number of Events: 86
Loading file: /storage/hive/project/phy-otte/shared/Trinity/Data/20240502/RawDataMerged/CoBo0_AsAd0_2024-05-02T07:10:37.958_0000.root
Unix Timestamp: 1714633837
Total Number of Events: 80
Loading file: /storage/hive/project/phy-otte/shared/Trinity/Data/20240502/RawDataMerged/CoBo0_AsAd0_2024-05-02T06:44:38.111_0000.root
Unix Timestamp: 1714632278
Total Number of Events: 89
Loading file: /storage/hive/project/phy-otte/shared/Trinity/Data/20240502/RawDataMerged/CoBo0_AsAd0_2024-05-02T06:50:38.762_0000.root
Unix Timestamp: 1714632638
Total Number of Events: 87
Loading file: /storage/hive/project/phy-otte/shared/Trinity/Data/20240502/RawDataMerged/CoBo0_AsAd0_2024-05-02T08:52:38.214_0000.root
Unix Timestamp: 1714639958
Total Number of Events: 76
Loading file: /storage/hive/project/phy-otte/shared/Trinity/Data/20240502/RawDataMerged/CoBo0_AsAd0_2024-05-02T07:30:38.186_0000.root
Unix Timestamp: 1714635038
Total Number of Events: 80
Loading file: /storage/hive/project/phy-otte/shared/Trinity/Data/20240502/RawDataMerged/CoBo0_AsAd0_2024-05-02T03:14:07.313_0000.root
Unix Timestamp: 1714619647
Total Number of Events: 0
Loading file: /storage/hive/project/phy-otte/shared/Trinity/Data/20240502/RawDataMerged/CoBo0_AsAd0_2024-05-02T06:26:38.830_0000.root
Unix Timestamp: 1714631198
Total Number of Events: 93
Loading file: /storage/hive/project/phy-otte/shared/Trinity/Data/20240502/RawDataMerged/CoBo0_AsAd0_2024-05-02T07:12:37.839_0000.root
Unix Timestamp: 1714633957
Total Number of Events: 77
Loading file: /storage/hive/project/phy-otte/shared/Trinity/Data/20240502/RawDataMerged/CoBo0_AsAd0_2024-05-02T07:18:38.934_0000.root
Unix Timestamp: 1714634318
Total Number of Events: 75
Loading file: /storage/hive/project/phy-otte/shared/Trinity/Data/20240502/RawDataMerged/CoBo0_AsAd0_2024-05-02T09:04:38.912_0000.root
Unix Timestamp: 1714640678
Total Number of Events: 80
Loading file: /storage/hive/project/phy-otte/shared/Trinity/Data/20240502/RawDataMerged/CoBo0_AsAd0_2024-05-02T08:42:38.833_0000.root
Unix Timestamp: 1714639358
Total Number of Events: 74
Loading file: /storage/hive/project/phy-otte/shared/Trinity/Data/20240502/RawDataMerged/CoBo0_AsAd0_2024-05-02T05:36:37.770_0000.root
Unix Timestamp: 1714628197
Total Number of Events: 118
Loading file: /storage/hive/project/phy-otte/shared/Trinity/Data/20240502/RawDataMerged/CoBo0_AsAd0_2024-05-02T07:28:39.529_0000.root
Unix Timestamp: 1714634919
Total Number of Events: 77
Loading file: /storage/hive/project/phy-otte/shared/Trinity/Data/20240502/RawDataMerged/CoBo0_AsAd0_2024-05-02T07:22:38.787_0000.root
Unix Timestamp: 1714634558
Total Number of Events: 80
Loading file: /storage/hive/project/phy-otte/shared/Trinity/Data/20240502/RawDataMerged/CoBo0_AsAd0_2024-05-02T09:24:39.168_0000.root
Unix Timestamp: 1714641879
Total Number of Events: 83
Loading file: /storage/hive/project/phy-otte/shared/Trinity/Data/20240502/RawDataMerged/CoBo0_AsAd0_2024-05-02T08:04:39.185_0000.root
Unix Timestamp: 1714637079
Total Number of Events: 78
Loading file: /storage/hive/project/phy-otte/shared/Trinity/Data/20240502/RawDataMerged/CoBo0_AsAd0_2024-05-02T03:04:07.311_0000.root
Unix Timestamp: 1714619047
Total Number of Events: 0
Loading file: /storage/hive/project/phy-otte/shared/Trinity/Data/20240502/RawDataMerged/CoBo0_AsAd0_2024-05-02T05:20:38.310_0000.root
Unix Timestamp: 1714627238
Total Number of Events: 121
Loading file: /storage/hive/project/phy-otte/shared/Trinity/Data/20240502/RawDataMerged/CoBo0_AsAd0_2024-05-02T09:08:39.178_0000.root
Unix Timestamp: 1714640919
Total Number of Events: 81
Loading file: /storage/hive/project/phy-otte/shared/Trinity/Data/20240502/RawDataMerged/CoBo0_AsAd0_2024-05-02T09:32:37.696_0000.root
Unix Timestamp: 1714642357
Total Number of Events: 92
Loading file: /storage/hive/project/phy-otte/shared/Trinity/Data/20240502/RawDataMerged/CoBo0_AsAd0_2024-05-02T08:40:39.235_0000.root
Unix Timestamp: 1714639239
Total Number of Events: 77
Loading file: /storage/hive/project/phy-otte/shared/Trinity/Data/20240502/RawDataMerged/CoBo0_AsAd0_2024-05-02T07:50:39.953_0000.root
Unix Timestamp: 1714636239
Total Number of Events: 71
Loading file: /storage/hive/project/phy-otte/shared/Trinity/Data/20240502/RawDataMerged/CoBo0_AsAd0_2024-05-02T08:22:38.904_0000.root
Unix Timestamp: 1714638158
Total Number of Events: 78
Loading file: /storage/hive/project/phy-otte/shared/Trinity/Data/20240502/RawDataMerged/CoBo0_AsAd0_2024-05-02T06:30:37.888_0000.root
Unix Timestamp: 1714631437
Total Number of Events: 93
Loading file: /storage/hive/project/phy-otte/shared/Trinity/Data/20240502/RawDataMerged/CoBo0_AsAd0_2024-05-02T07:34:37.862_0000.root
Unix Timestamp: 1714635277
Total Number of Events: 78
Loading file: /storage/hive/project/phy-otte/shared/Trinity/Data/20240502/RawDataMerged/CoBo0_AsAd0_2024-05-02T07:56:39.154_0000.root
Unix Timestamp: 1714636599
Total Number of Events: 69
Loading file: /storage/hive/project/phy-otte/shared/Trinity/Data/20240502/RawDataMerged/CoBo0_AsAd0_2024-05-02T06:58:38.805_0000.root
Unix Timestamp: 1714633118
Total Number of Events: 87
Loading file: /storage/hive/project/phy-otte/shared/Trinity/Data/20240502/RawDataMerged/CoBo0_AsAd0_2024-05-02T06:12:38.076_0000.root
Unix Timestamp: 1714630358
Total Number of Events: 107
Loading file: /storage/hive/project/phy-otte/shared/Trinity/Data/20240502/RawDataMerged/CoBo0_AsAd0_2024-05-02T07:08:39.239_0000.root
Unix Timestamp: 1714633719
Total Number of Events: 81
Loading file: /storage/hive/project/phy-otte/shared/Trinity/Data/20240502/RawDataMerged/CoBo0_AsAd0_2024-05-02T05:34:37.846_0000.root
Unix Timestamp: 1714628077
Total Number of Events: 118
Loading file: /storage/hive/project/phy-otte/shared/Trinity/Data/20240502/RawDataMerged/CoBo0_AsAd0_2024-05-02T07:42:38.153_0000.root
Unix Timestamp: 1714635758
Total Number of Events: 75
Loading file: /storage/hive/project/phy-otte/shared/Trinity/Data/20240502/RawDataMerged/CoBo0_AsAd0_2024-05-02T08:06:39.887_0000.root
Unix Timestamp: 1714637199
Total Number of Events: 79
Loading file: /storage/hive/project/phy-otte/shared/Trinity/Data/20240502/RawDataMerged/CoBo0_AsAd0_2024-05-02T05:48:38.209_0000.root
Unix Timestamp: 1714628918
Total Number of Events: 118
Info in <TCanvas::Print>: pdf file /storage/hive/project/phy-otte/shared/Trinity/DataAnalysis/DataSummary/Output/20240502.pdf has been created
Info in <TCanvas::Print>: Current canvas added to pdf file /storage/hive/project/phy-otte/shared/Trinity/DataAnalysis/DataSummary/Output/20240502.pdf
Info in <TCanvas::Print>: Current canvas added to pdf file /storage/hive/project/phy-otte/shared/Trinity/DataAnalysis/DataSummary/Output/20240502.pdf
Info in <TCanvas::Print>: Current canvas added to pdf file /storage/hive/project/phy-otte/shared/Trinity/DataAnalysis/DataSummary/Output/20240502.pdf
Info in <TCanvas::Print>: Current canvas added to pdf file /storage/hive/project/phy-otte/shared/Trinity/DataAnalysis/DataSummary/Output/20240502.pdf
Info in <TCanvas::Print>: Current canvas added to pdf file /storage/hive/project/phy-otte/shared/Trinity/DataAnalysis/DataSummary/Output/20240502.pdf
Info in <TCanvas::Print>: Current canvas added to pdf file /storage/hive/project/phy-otte/shared/Trinity/DataAnalysis/DataSummary/Output/20240502.pdf
Info in <TCanvas::Print>: pdf file /storage/hive/project/phy-otte/shared/Trinity/DataAnalysis/DataSummary/Output/20240502.pdf has been closed
spawn ssh -i /home/sstepanoff3/.ssh/hive sstepanoff3@login-hive.pace.gatech.edu /storage/hive/project/phy-otte/shared/Trinity/DataAnalysis/DataSummary/sumDir/FolderDataSum 20240503

Inactive Modules:
  1) mvapich2

The following have been reloaded with a version change:
  1) gcc/10.3.0-o57x6h => gcc/8.3.0-rv4av7
  2) mpc/1.2.1-zoh6w2 => mpc/1.1.0-kyjl4f
  3) mpfr/4.1.0-32gcbv => mpfr/3.1.6-yuvsh4

/storage/hive/project/phy-otte/shared/Trinity/Data/20240503/RawDataMerged/
Error opening file
Loading file: /storage/hive/project/phy-otte/shared/Trinity/Data/20240503/RawDataMerged/CoBo0_AsAd0_2024-05-03T03:20:39.729_0000.root
Unix Timestamp: 1714706439
Warning in <TClass::Init>: no dictionary for class ROOT::TIOFeatures is available
Total Number of Events: 0
Loading file: /storage/hive/project/phy-otte/shared/Trinity/Data/20240503/RawDataMerged/CoBo0_AsAd0_2024-05-03T03:18:39.729_0000.root
Unix Timestamp: 1714706319
Total Number of Events: 0
Loading file: /storage/hive/project/phy-otte/shared/Trinity/Data/20240503/RawDataMerged/CoBo0_AsAd0_2024-05-03T03:28:39.729_0000.root
Unix Timestamp: 1714706919
Total Number of Events: 0
Loading file: /storage/hive/project/phy-otte/shared/Trinity/Data/20240503/RawDataMerged/CoBo0_AsAd0_2024-05-03T03:30:39.730_0000.root
Unix Timestamp: 1714707039
Total Number of Events: 0
Loading file: /storage/hive/project/phy-otte/shared/Trinity/Data/20240503/RawDataMerged/CoBo0_AsAd0_2024-05-03T03:12:39.729_0000.root
Unix Timestamp: 1714705959
Total Number of Events: 0
Loading file: /storage/hive/project/phy-otte/shared/Trinity/Data/20240503/RawDataMerged/CoBo0_AsAd0_2024-05-03T03:14:39.729_0000.root
Unix Timestamp: 1714706079
Total Number of Events: 0
Loading file: /storage/hive/project/phy-otte/shared/Trinity/Data/20240503/RawDataMerged/CoBo0_AsAd0_2024-05-03T03:22:39.728_0000.root
Unix Timestamp: 1714706559
Total Number of Events: 0
Loading file: /storage/hive/project/phy-otte/shared/Trinity/Data/20240503/RawDataMerged/CoBo0_AsAd0_2024-05-03T03:10:03.797_0000.root
Unix Timestamp: 1714705803
Total Number of Events: 0
Loading file: /storage/hive/project/phy-otte/shared/Trinity/Data/20240503/RawDataMerged/CoBo0_AsAd0_2024-05-03T03:26:39.729_0000.root
Unix Timestamp: 1714706799
Total Number of Events: 0
Loading file: /storage/hive/project/phy-otte/shared/Trinity/Data/20240503/RawDataMerged/CoBo0_AsAd0_2024-05-03T03:16:39.729_0000.root
Unix Timestamp: 1714706199
Total Number of Events: 0
Loading file: /storage/hive/project/phy-otte/shared/Trinity/Data/20240503/RawDataMerged/CoBo0_AsAd0_2024-05-03T03:10:39.730_0000.root
Unix Timestamp: 1714705839
Total Number of Events: 0
Loading file: /storage/hive/project/phy-otte/shared/Trinity/Data/20240503/RawDataMerged/CoBo0_AsAd0_2024-05-03T03:24:39.729_0000.root
Unix Timestamp: 1714706679
Total Number of Events: 0
Info in <TCanvas::Print>: pdf file /storage/hive/project/phy-otte/shared/Trinity/DataAnalysis/DataSummary/Output/20240503.pdf has been created
Info in <TCanvas::Print>: Current canvas added to pdf file /storage/hive/project/phy-otte/shared/Trinity/DataAnalysis/DataSummary/Output/20240503.pdf
Error in <TGraphPainter::PaintGraph>: illegal number of points (0)
Info in <TCanvas::Print>: Current canvas added to pdf file /storage/hive/project/phy-otte/shared/Trinity/DataAnalysis/DataSummary/Output/20240503.pdf
Error in <TGraphPainter::PaintGraph>: illegal number of points (0)
Info in <TCanvas::Print>: Current canvas added to pdf file /storage/hive/project/phy-otte/shared/Trinity/DataAnalysis/DataSummary/Output/20240503.pdf
Error in <TGraphPainter::PaintGraph>: illegal number of points (0)
Info in <TCanvas::Print>: Current canvas added to pdf file /storage/hive/project/phy-otte/shared/Trinity/DataAnalysis/DataSummary/Output/20240503.pdf
Error in <TGraphPainter::PaintGraph>: illegal number of points (0)
Info in <TCanvas::Print>: Current canvas added to pdf file /storage/hive/project/phy-otte/shared/Trinity/DataAnalysis/DataSummary/Output/20240503.pdf
Error in <TGraphPainter::PaintGraph>: illegal number of points (0)
Info in <TCanvas::Print>: Current canvas added to pdf file /storage/hive/project/phy-otte/shared/Trinity/DataAnalysis/DataSummary/Output/20240503.pdf
Info in <TCanvas::Print>: pdf file /storage/hive/project/phy-otte/shared/Trinity/DataAnalysis/DataSummary/Output/20240503.pdf has been closed
spawn ssh -i /home/sstepanoff3/.ssh/hive sstepanoff3@login-hive.pace.gatech.edu /storage/hive/project/phy-otte/shared/Trinity/DataAnalysis/DataSummary/sumDir/FolderDataSum 20240504

Inactive Modules:
  1) mvapich2

The following have been reloaded with a version change:
  1) gcc/10.3.0-o57x6h => gcc/8.3.0-rv4av7
  2) mpc/1.2.1-zoh6w2 => mpc/1.1.0-kyjl4f
  3) mpfr/4.1.0-32gcbv => mpfr/3.1.6-yuvsh4

/storage/hive/project/phy-otte/shared/Trinity/Data/20240504/RawDataMerged/
Error opening file
Loading file: /storage/hive/project/phy-otte/shared/Trinity/Data/20240504/RawDataMerged/CoBo0_AsAd0_2024-05-04T06:10:06.879_0000.root
Unix Timestamp: 1714803006
Warning in <TClass::Init>: no dictionary for class ROOT::TIOFeatures is available
Total Number of Events: 1
Loading file: /storage/hive/project/phy-otte/shared/Trinity/Data/20240504/RawDataMerged/CoBo0_AsAd0_2024-05-04T03:29:53.786_0000.root
Unix Timestamp: 1714793393
Total Number of Events: 0
Loading file: /storage/hive/project/phy-otte/shared/Trinity/Data/20240504/RawDataMerged/CoBo0_AsAd0_2024-05-04T05:18:45.377_0000.root
Unix Timestamp: 1714799925
Total Number of Events: 276
Loading file: /storage/hive/project/phy-otte/shared/Trinity/Data/20240504/RawDataMerged/CoBo0_AsAd0_2024-05-04T03:48:29.729_0000.root
Unix Timestamp: 1714794509
Total Number of Events: 0
Loading file: /storage/hive/project/phy-otte/shared/Trinity/Data/20240504/RawDataMerged/CoBo0_AsAd0_2024-05-04T04:34:29.271_0000.root
Unix Timestamp: 1714797269
Total Number of Events: 33
Loading file: /storage/hive/project/phy-otte/shared/Trinity/Data/20240504/RawDataMerged/CoBo0_AsAd0_2024-05-04T05:24:06.877_0000.root
Unix Timestamp: 1714800246
Total Number of Events: 0
Loading file: /storage/hive/project/phy-otte/shared/Trinity/Data/20240504/RawDataMerged/CoBo0_AsAd0_2024-05-04T04:52:29.270_0000.root
Unix Timestamp: 1714798349
Total Number of Events: 43
Loading file: /storage/hive/project/phy-otte/shared/Trinity/Data/20240504/RawDataMerged/CoBo0_AsAd0_2024-05-04T05:58:06.805_0000.root
Unix Timestamp: 1714802286
Total Number of Events: 0
Loading file: /storage/hive/project/phy-otte/shared/Trinity/Data/20240504/RawDataMerged/CoBo0_AsAd0_2024-05-04T06:02:06.666_0000.root
Unix Timestamp: 1714802526
Total Number of Events: 0
Loading file: /storage/hive/project/phy-otte/shared/Trinity/Data/20240504/RawDataMerged/CoBo0_AsAd0_2024-05-04T05:26:06.662_0000.root
Unix Timestamp: 1714800366
Total Number of Events: 0
Loading file: /storage/hive/project/phy-otte/shared/Trinity/Data/20240504/RawDataMerged/CoBo0_AsAd0_2024-05-04T04:52:29.270_0001.root
Unix Timestamp: 1714798349
Total Number of Events: 0
Loading file: /storage/hive/project/phy-otte/shared/Trinity/Data/20240504/RawDataMerged/CoBo0_AsAd0_2024-05-04T05:38:06.732_0000.root
Unix Timestamp: 1714801086
Total Number of Events: 0
Loading file: /storage/hive/project/phy-otte/shared/Trinity/Data/20240504/RawDataMerged/CoBo0_AsAd0_2024-05-04T05:54:06.952_0000.root
Unix Timestamp: 1714802046
Total Number of Events: 1
Loading file: /storage/hive/project/phy-otte/shared/Trinity/Data/20240504/RawDataMerged/CoBo0_AsAd0_2024-05-04T05:36:06.662_0000.root
Unix Timestamp: 1714800966
Total Number of Events: 1
Loading file: /storage/hive/project/phy-otte/shared/Trinity/Data/20240504/RawDataMerged/CoBo0_AsAd0_2024-05-04T05:34:06.597_0000.root
Unix Timestamp: 1714800846
Total Number of Events: 0
Loading file: /storage/hive/project/phy-otte/shared/Trinity/Data/20240504/RawDataMerged/CoBo0_AsAd0_2024-05-04T05:22:06.662_0000.root
Unix Timestamp: 1714800126
Total Number of Events: 1
Loading file: /storage/hive/project/phy-otte/shared/Trinity/Data/20240504/RawDataMerged/CoBo0_AsAd0_2024-05-04T04:46:29.272_0000.root
Unix Timestamp: 1714797989
Warning in <TFile::Init>: file /storage/hive/project/phy-otte/shared/Trinity/Data/20240504/RawDataMerged/CoBo0_AsAd0_2024-05-04T04:46:29.272_0000.root probably not closed, trying to recover
Info in <TFile::Recover>: /storage/hive/project/phy-otte/shared/Trinity/Data/20240504/RawDataMerged/CoBo0_AsAd0_2024-05-04T04:46:29.272_0000.root, recovered key TTree:Forced at address 182575811
Warning in <TFile::Init>: successfully recovered 1 keys

 *** Break *** segmentation violation



===========================================================
There was a crash.
This is the entire stack trace of all threads:
===========================================================
#0  0x00007ffff31ea60c in waitpid () from /lib64/libc.so.6
#1  0x00007ffff3167f62 in do_system () from /lib64/libc.so.6
#2  0x00007ffff74a5f97 in TUnixSystem::StackTrace() () from /usr/local/pace-apps/manual/packages/root/6.08.06/gcc-8.3.0/lib/libCore.so
#3  0x00007ffff74a8004 in TUnixSystem::DispatchSignals(ESignals) () from /usr/local/pace-apps/manual/packages/root/6.08.06/gcc-8.3.0/lib/libCore.so
#4  <signal handler called>
#5  0x0000000000407768 in SetBranchAddress<Event> (ptr=0x0, add=0x60c348 <ev>, bname=0x409728 "Events", this=0x0) at makeFolderDataSum.cpp:318
#6  SetBranches (evD=evD
entry=0x60c348 <ev>) at makeFolderDataSum.cpp:318
#7  0x0000000000405f1b in main () at makeFolderDataSum.cpp:158
#8  0x00007ffff3147555 in __libc_start_main () from /lib64/libc.so.6
#9  0x00000000004075d3 in _start () at /storage/pace-apps/spack/packages/linux-rhel7-x86_64/gcc-4.8.5/gcc-8.3.0-rv4av7fa4e6y7etttjocwyhsvatqhnsg/bin/../lib/gcc/x86_64-pc-linux-gnu/8.3.0/../../../../include/c++/8.3.0/bits/char_traits.h:352
===========================================================


The lines below might hint at the cause of the crash.
You may get help by asking at the ROOT forum http://root.cern.ch/forum.
Only if you are really convinced it is a bug in ROOT then please submit a
report at http://root.cern.ch/bugs. Please post the ENTIRE stack trace
from above as an attachment in addition to anything else
that might help us fixing this issue.
===========================================================
#5  0x0000000000407768 in SetBranchAddress<Event> (ptr=0x0, add=0x60c348 <ev>, bname=0x409728 "Events", this=0x0) at makeFolderDataSum.cpp:318
#6  SetBranches (evD=evD
entry=0x60c348 <ev>) at makeFolderDataSum.cpp:318
#7  0x0000000000405f1b in main () at makeFolderDataSum.cpp:158
#8  0x00007ffff3147555 in __libc_start_main () from /lib64/libc.so.6
#9  0x00000000004075d3 in _start () at /storage/pace-apps/spack/packages/linux-rhel7-x86_64/gcc-4.8.5/gcc-8.3.0-rv4av7fa4e6y7etttjocwyhsvatqhnsg/bin/../lib/gcc/x86_64-pc-linux-gnu/8.3.0/../../../../include/c++/8.3.0/bits/char_traits.h:352
===========================================================


spawn ssh -i /home/sstepanoff3/.ssh/hive sstepanoff3@login-hive.pace.gatech.edu /storage/hive/project/phy-otte/shared/Trinity/DataAnalysis/DataSummary/sumDir/FolderDataSum 20240507
sstepanoff3@login-hive.pace.gatech.edu's password: spawn ssh -i /home/sstepanoff3/.ssh/hive sstepanoff3@login-hive.pace.gatech.edu /storage/hive/project/phy-otte/shared/Trinity/DataAnalysis/DataSummary/sumDir/FolderDataSum 20240508
ssh: Could not resolve hostname login-hive.pace.gatech.edu: Temporary failure in name resolution
spawn ssh -i /home/sstepanoff3/.ssh/hive sstepanoff3@login-hive.pace.gatech.edu /storage/hive/project/phy-otte/shared/Trinity/DataAnalysis/DataSummary/sumDir/FolderDataSum 20240509
#####################

Hi PACE Users.  You are seeing this message because PACE is performing our
quarterly maintenance period scheduled to begin at 6:00am on Tuesday
May 7, 2024, and conclude by 11:59pm on Thursday May 9, 2024.
Access to the cluster is restricted.  After maintenance has finished, this
message will be updated for relevant users with further instructions on how
to log into PACE resources.

See our blog at:
https://blog.pace.gatech.edu/

#####################

Connection closed by 128.61.254.11 port 22
spawn ssh -i /home/sstepanoff3/.ssh/hive sstepanoff3@login-hive.pace.gatech.edu /storage/hive/project/phy-otte/shared/Trinity/DataAnalysis/DataSummary/sumDir/FolderDataSum 20240510

Inactive Modules:
  1) mvapich2

The following have been reloaded with a version change:
  1) gcc/10.3.0-o57x6h => gcc/8.3.0-rv4av7
  2) mpc/1.2.1-zoh6w2 => mpc/1.1.0-kyjl4f
  3) mpfr/4.1.0-32gcbv => mpfr/3.1.6-yuvsh4

/storage/hive/project/phy-otte/shared/Trinity/Data/20240510/RawDataMerged/
Error opening file
Loading file: /storage/hive/project/phy-otte/shared/Trinity/Data/20240510/RawDataMerged/CoBo0_AsAd0_2024-05-10T09:48:42.730_0000.root
Unix Timestamp: 1715334522
Warning in <TClass::Init>: no dictionary for class ROOT::TIOFeatures is available
Total Number of Events: 29
Loading file: /storage/hive/project/phy-otte/shared/Trinity/Data/20240510/RawDataMerged/CoBo0_AsAd0_2024-05-10T08:52:42.628_0000.root
Unix Timestamp: 1715331162
Total Number of Events: 28
Loading file: /storage/hive/project/phy-otte/shared/Trinity/Data/20240510/RawDataMerged/CoBo0_AsAd0_2024-05-10T06:12:51.657_0000.root
Unix Timestamp: 1715321571
Total Number of Events: 0
Loading file: /storage/hive/project/phy-otte/shared/Trinity/Data/20240510/RawDataMerged/CoBo0_AsAd0_2024-05-10T06:54:42.685_0000.root
Unix Timestamp: 1715324082
Total Number of Events: 45
Loading file: /storage/hive/project/phy-otte/shared/Trinity/Data/20240510/RawDataMerged/CoBo0_AsAd0_2024-05-10T07:00:42.684_0000.root
Unix Timestamp: 1715324442
Total Number of Events: 33
Loading file: /storage/hive/project/phy-otte/shared/Trinity/Data/20240510/RawDataMerged/CoBo0_AsAd0_2024-05-10T08:26:42.664_0000.root
Unix Timestamp: 1715329602
Total Number of Events: 29
Loading file: /storage/hive/project/phy-otte/shared/Trinity/Data/20240510/RawDataMerged/CoBo0_AsAd0_2024-05-10T08:46:42.663_0000.root
Unix Timestamp: 1715330802
Total Number of Events: 37
Loading file: /storage/hive/project/phy-otte/shared/Trinity/Data/20240510/RawDataMerged/CoBo0_AsAd0_2024-05-10T07:52:42.669_0000.root
Unix Timestamp: 1715327562
Total Number of Events: 34
Loading file: /storage/hive/project/phy-otte/shared/Trinity/Data/20240510/RawDataMerged/CoBo0_AsAd0_2024-05-10T09:18:42.661_0000.root
Unix Timestamp: 1715332722
Total Number of Events: 30
Loading file: /storage/hive/project/phy-otte/shared/Trinity/Data/20240510/RawDataMerged/CoBo0_AsAd0_2024-05-10T09:12:42.661_0000.root
Unix Timestamp: 1715332362
Total Number of Events: 27
Loading file: /storage/hive/project/phy-otte/shared/Trinity/Data/20240510/RawDataMerged/CoBo0_AsAd0_2024-05-10T07:40:42.671_0000.root
Unix Timestamp: 1715326842
Total Number of Events: 34
Loading file: /storage/hive/project/phy-otte/shared/Trinity/Data/20240510/RawDataMerged/CoBo0_AsAd0_2024-05-10T06:38:42.590_0000.root
Unix Timestamp: 1715323122
Total Number of Events: 0
Loading file: /storage/hive/project/phy-otte/shared/Trinity/Data/20240510/RawDataMerged/CoBo0_AsAd0_2024-05-10T10:54:42.653_0000.root
Unix Timestamp: 1715338482
Total Number of Events: 34
Loading file: /storage/hive/project/phy-otte/shared/Trinity/Data/20240510/RawDataMerged/CoBo0_AsAd0_2024-05-10T07:30:42.675_0000.root
Unix Timestamp: 1715326242
Total Number of Events: 29
Loading file: /storage/hive/project/phy-otte/shared/Trinity/Data/20240510/RawDataMerged/CoBo0_AsAd0_2024-05-10T08:12:42.666_0000.root
Unix Timestamp: 1715328762
Total Number of Events: 36
Loading file: /storage/hive/project/phy-otte/shared/Trinity/Data/20240510/RawDataMerged/CoBo0_AsAd0_2024-05-10T08:56:42.662_0000.root
Unix Timestamp: 1715331402
Total Number of Events: 83
Loading file: /storage/hive/project/phy-otte/shared/Trinity/Data/20240510/RawDataMerged/CoBo0_AsAd0_2024-05-10T08:50:42.662_0000.root
Unix Timestamp: 1715331042
Total Number of Events: 35
Loading file: /storage/hive/project/phy-otte/shared/Trinity/Data/20240510/RawDataMerged/CoBo0_AsAd0_2024-05-10T06:56:42.686_0000.root
Unix Timestamp: 1715324202
Total Number of Events: 43
Loading file: /storage/hive/project/phy-otte/shared/Trinity/Data/20240510/RawDataMerged/CoBo0_AsAd0_2024-05-10T07:54:42.669_0000.root
Unix Timestamp: 1715327682
Total Number of Events: 34
Loading file: /storage/hive/project/phy-otte/shared/Trinity/Data/20240510/RawDataMerged/CoBo0_AsAd0_2024-05-10T07:48:42.670_0000.root
Unix Timestamp: 1715327322
Total Number of Events: 33
Loading file: /storage/hive/project/phy-otte/shared/Trinity/Data/20240510/RawDataMerged/CoBo0_AsAd0_2024-05-10T08:38:42.663_0000.root
Unix Timestamp: 1715330322
Total Number of Events: 31
Loading file: /storage/hive/project/phy-otte/shared/Trinity/Data/20240510/RawDataMerged/CoBo0_AsAd0_2024-05-10T09:52:42.661_0000.root
Unix Timestamp: 1715334762
Total Number of Events: 30
Loading file: /storage/hive/project/phy-otte/shared/Trinity/Data/20240510/RawDataMerged/CoBo0_AsAd0_2024-05-10T09:16:42.727_0000.root
Unix Timestamp: 1715332602
Total Number of Events: 39
Loading file: /storage/hive/project/phy-otte/shared/Trinity/Data/20240510/RawDataMerged/CoBo0_AsAd0_2024-05-10T08:44:42.663_0000.root
Unix Timestamp: 1715330682
Total Number of Events: 127
Loading file: /storage/hive/project/phy-otte/shared/Trinity/Data/20240510/RawDataMerged/CoBo0_AsAd0_2024-05-10T10:30:42.656_0000.root
Unix Timestamp: 1715337042
Total Number of Events: 32
Loading file: /storage/hive/project/phy-otte/shared/Trinity/Data/20240510/RawDataMerged/CoBo0_AsAd0_2024-05-10T07:56:42.668_0000.root
Unix Timestamp: 1715327802
Total Number of Events: 36
Loading file: /storage/hive/project/phy-otte/shared/Trinity/Data/20240510/RawDataMerged/CoBo0_AsAd0_2024-05-10T08:14:42.666_0000.root
Unix Timestamp: 1715328882
Total Number of Events: 37
Loading file: /storage/hive/project/phy-otte/shared/Trinity/Data/20240510/RawDataMerged/CoBo0_AsAd0_2024-05-10T06:30:42.592_0000.root
Unix Timestamp: 1715322642
Total Number of Events: 0
Loading file: /storage/hive/project/phy-otte/shared/Trinity/Data/20240510/RawDataMerged/CoBo0_AsAd0_2024-05-10T06:52:42.684_0000.root
Unix Timestamp: 1715323962
Total Number of Events: 46
Loading file: /storage/hive/project/phy-otte/shared/Trinity/Data/20240510/RawDataMerged/CoBo0_AsAd0_2024-05-10T08:30:42.664_0000.root
Unix Timestamp: 1715329842
Total Number of Events: 25
Loading file: /storage/hive/project/phy-otte/shared/Trinity/Data/20240510/RawDataMerged/CoBo0_AsAd0_2024-05-10T08:22:42.664_0000.root
Unix Timestamp: 1715329362
Total Number of Events: 34
Loading file: /storage/hive/project/phy-otte/shared/Trinity/Data/20240510/RawDataMerged/CoBo0_AsAd0_2024-05-10T06:16:42.591_0000.root
Unix Timestamp: 1715321802
Total Number of Events: 0
Loading file: /storage/hive/project/phy-otte/shared/Trinity/Data/20240510/RawDataMerged/CoBo0_AsAd0_2024-05-10T08:02:42.668_0000.root
Unix Timestamp: 1715328162
Total Number of Events: 31
Loading file: /storage/hive/project/phy-otte/shared/Trinity/Data/20240510/RawDataMerged/CoBo0_AsAd0_2024-05-10T06:18:42.592_0000.root
Unix Timestamp: 1715321922
Total Number of Events: 0
Loading file: /storage/hive/project/phy-otte/shared/Trinity/Data/20240510/RawDataMerged/CoBo0_AsAd0_2024-05-10T08:20:42.664_0000.root
Unix Timestamp: 1715329242
Total Number of Events: 31
Loading file: /storage/hive/project/phy-otte/shared/Trinity/Data/20240510/RawDataMerged/CoBo0_AsAd0_2024-05-10T06:28:42.592_0000.root
Unix Timestamp: 1715322522
Total Number of Events: 0
Loading file: /storage/hive/project/phy-otte/shared/Trinity/Data/20240510/RawDataMerged/CoBo0_AsAd0_2024-05-10T10:36:42.725_0000.root
Unix Timestamp: 1715337402
Total Number of Events: 28
Loading file: /storage/hive/project/phy-otte/shared/Trinity/Data/20240510/RawDataMerged/CoBo0_AsAd0_2024-05-10T10:06:42.661_0000.root
Unix Timestamp: 1715335602
Total Number of Events: 45
Loading file: /storage/hive/project/phy-otte/shared/Trinity/Data/20240510/RawDataMerged/CoBo0_AsAd0_2024-05-10T09:38:42.661_0000.root
Unix Timestamp: 1715333922
Total Number of Events: 110
Loading file: /storage/hive/project/phy-otte/shared/Trinity/Data/20240510/RawDataMerged/CoBo0_AsAd0_2024-05-10T09:50:42.661_0000.root
Unix Timestamp: 1715334642
Total Number of Events: 26
Loading file: /storage/hive/project/phy-otte/shared/Trinity/Data/20240510/RawDataMerged/CoBo0_AsAd0_2024-05-10T10:00:42.661_0000.root
Unix Timestamp: 1715335242
Total Number of Events: 30
Loading file: /storage/hive/project/phy-otte/shared/Trinity/Data/20240510/RawDataMerged/CoBo0_AsAd0_2024-05-10T09:42:42.605_0000.root
Unix Timestamp: 1715334162
Total Number of Events: 23
Loading file: /storage/hive/project/phy-otte/shared/Trinity/Data/20240510/RawDataMerged/CoBo0_AsAd0_2024-05-10T09:30:42.660_0000.root
Unix Timestamp: 1715333442
Total Number of Events: 34
Loading file: /storage/hive/project/phy-otte/shared/Trinity/Data/20240510/RawDataMerged/CoBo0_AsAd0_2024-05-10T08:00:42.668_0000.root
Unix Timestamp: 1715328042
Total Number of Events: 35
Loading file: /storage/hive/project/phy-otte/shared/Trinity/Data/20240510/RawDataMerged/CoBo0_AsAd0_2024-05-10T09:02:42.706_0000.root
Unix Timestamp: 1715331762
Total Number of Events: 172
Loading file: /storage/hive/project/phy-otte/shared/Trinity/Data/20240510/RawDataMerged/CoBo0_AsAd0_2024-05-10T07:04:42.679_0000.root
Unix Timestamp: 1715324682
Total Number of Events: 38
Loading file: /storage/hive/project/phy-otte/shared/Trinity/Data/20240510/RawDataMerged/CoBo0_AsAd0_2024-05-10T07:08:42.677_0000.root
Unix Timestamp: 1715324922
Total Number of Events: 37
Loading file: /storage/hive/project/phy-otte/shared/Trinity/Data/20240510/RawDataMerged/CoBo0_AsAd0_2024-05-10T07:12:42.675_0000.root
Unix Timestamp: 1715325162
Total Number of Events: 29
Loading file: /storage/hive/project/phy-otte/shared/Trinity/Data/20240510/RawDataMerged/CoBo0_AsAd0_2024-05-10T10:22:42.657_0000.root
Unix Timestamp: 1715336562
Total Number of Events: 23
Loading file: /storage/hive/project/phy-otte/shared/Trinity/Data/20240510/RawDataMerged/CoBo0_AsAd0_2024-05-10T10:02:42.661_0000.root
Unix Timestamp: 1715335362
Total Number of Events: 45
Loading file: /storage/hive/project/phy-otte/shared/Trinity/Data/20240510/RawDataMerged/CoBo0_AsAd0_2024-05-10T10:42:42.655_0000.root
Unix Timestamp: 1715337762
Total Number of Events: 35
Loading file: /storage/hive/project/phy-otte/shared/Trinity/Data/20240510/RawDataMerged/CoBo0_AsAd0_2024-05-10T10:12:42.659_0000.root
Unix Timestamp: 1715335962
Total Number of Events: 26
Loading file: /storage/hive/project/phy-otte/shared/Trinity/Data/20240510/RawDataMerged/CoBo0_AsAd0_2024-05-10T10:04:42.661_0000.root
Unix Timestamp: 1715335482
Total Number of Events: 36
Loading file: /storage/hive/project/phy-otte/shared/Trinity/Data/20240510/RawDataMerged/CoBo0_AsAd0_2024-05-10T10:08:42.618_0000.root
Unix Timestamp: 1715335722
Total Number of Events: 25
Loading file: /storage/hive/project/phy-otte/shared/Trinity/Data/20240510/RawDataMerged/CoBo0_AsAd0_2024-05-10T06:58:42.687_0000.root
Unix Timestamp: 1715324322
Total Number of Events: 36
Loading file: /storage/hive/project/phy-otte/shared/Trinity/Data/20240510/RawDataMerged/CoBo0_AsAd0_2024-05-10T08:06:42.668_0000.root
Unix Timestamp: 1715328402
Total Number of Events: 38
Loading file: /storage/hive/project/phy-otte/shared/Trinity/Data/20240510/RawDataMerged/CoBo0_AsAd0_2024-05-10T09:56:42.661_0000.root
Unix Timestamp: 1715335002
Total Number of Events: 26
Loading file: /storage/hive/project/phy-otte/shared/Trinity/Data/20240510/RawDataMerged/CoBo0_AsAd0_2024-05-10T10:18:42.657_0000.root
Unix Timestamp: 1715336322
Total Number of Events: 26
Loading file: /storage/hive/project/phy-otte/shared/Trinity/Data/20240510/RawDataMerged/CoBo0_AsAd0_2024-05-10T08:16:42.666_0000.root
Unix Timestamp: 1715329002
Total Number of Events: 34
Loading file: /storage/hive/project/phy-otte/shared/Trinity/Data/20240510/RawDataMerged/CoBo0_AsAd0_2024-05-10T09:46:42.588_0000.root
Unix Timestamp: 1715334402
Total Number of Events: 25
Loading file: /storage/hive/project/phy-otte/shared/Trinity/Data/20240510/RawDataMerged/CoBo0_AsAd0_2024-05-10T09:26:42.661_0000.root
Unix Timestamp: 1715333202
Total Number of Events: 32
Loading file: /storage/hive/project/phy-otte/shared/Trinity/Data/20240510/RawDataMerged/CoBo0_AsAd0_2024-05-10T10:50:42.654_0000.root
Unix Timestamp: 1715338242
Total Number of Events: 62
Loading file: /storage/hive/project/phy-otte/shared/Trinity/Data/20240510/RawDataMerged/CoBo0_AsAd0_2024-05-10T10:48:42.654_0000.root
Unix Timestamp: 1715338122
Total Number of Events: 97
Loading file: /storage/hive/project/phy-otte/shared/Trinity/Data/20240510/RawDataMerged/CoBo0_AsAd0_2024-05-10T07:50:42.669_0000.root
Unix Timestamp: 1715327442
Total Number of Events: 31
Loading file: /storage/hive/project/phy-otte/shared/Trinity/Data/20240510/RawDataMerged/CoBo0_AsAd0_2024-05-10T09:54:42.661_0000.root
Unix Timestamp: 1715334882
Total Number of Events: 29
Loading file: /storage/hive/project/phy-otte/shared/Trinity/Data/20240510/RawDataMerged/CoBo0_AsAd0_2024-05-10T09:34:42.660_0000.root
Unix Timestamp: 1715333682
Total Number of Events: 71
Loading file: /storage/hive/project/phy-otte/shared/Trinity/Data/20240510/RawDataMerged/CoBo0_AsAd0_2024-05-10T06:24:42.594_0000.root
Unix Timestamp: 1715322282
Total Number of Events: 0
Loading file: /storage/hive/project/phy-otte/shared/Trinity/Data/20240510/RawDataMerged/CoBo0_AsAd0_2024-05-10T10:10:42.659_0000.root
Unix Timestamp: 1715335842
Total Number of Events: 22
Loading file: /storage/hive/project/phy-otte/shared/Trinity/Data/20240510/RawDataMerged/CoBo0_AsAd0_2024-05-10T09:40:42.661_0000.root
Unix Timestamp: 1715334042
Total Number of Events: 43
Loading file: /storage/hive/project/phy-otte/shared/Trinity/Data/20240510/RawDataMerged/CoBo0_AsAd0_2024-05-10T07:36:42.673_0000.root
Unix Timestamp: 1715326602
Total Number of Events: 34
Loading file: /storage/hive/project/phy-otte/shared/Trinity/Data/20240510/RawDataMerged/CoBo0_AsAd0_2024-05-10T08:54:42.662_0000.root
Unix Timestamp: 1715331282
Total Number of Events: 34
Loading file: /storage/hive/project/phy-otte/shared/Trinity/Data/20240510/RawDataMerged/CoBo0_AsAd0_2024-05-10T09:08:42.661_0000.root
Unix Timestamp: 1715332122
Total Number of Events: 72
Loading file: /storage/hive/project/phy-otte/shared/Trinity/Data/20240510/RawDataMerged/CoBo0_AsAd0_2024-05-10T08:04:42.668_0000.root
Unix Timestamp: 1715328282
Total Number of Events: 33
Loading file: /storage/hive/project/phy-otte/shared/Trinity/Data/20240510/RawDataMerged/CoBo0_AsAd0_2024-05-10T10:20:42.657_0000.root
Unix Timestamp: 1715336442
Total Number of Events: 30
Loading file: /storage/hive/project/phy-otte/shared/Trinity/Data/20240510/RawDataMerged/CoBo0_AsAd0_2024-05-10T07:18:42.674_0000.root
Unix Timestamp: 1715325522
Total Number of Events: 38
Loading file: /storage/hive/project/phy-otte/shared/Trinity/Data/20240510/RawDataMerged/CoBo0_AsAd0_2024-05-10T08:48:42.662_0000.root
Unix Timestamp: 1715330922
Total Number of Events: 29
Loading file: /storage/hive/project/phy-otte/shared/Trinity/Data/20240510/RawDataMerged/CoBo0_AsAd0_2024-05-10T08:42:42.663_0000.root
Unix Timestamp: 1715330562
Total Number of Events: 68
Loading file: /storage/hive/project/phy-otte/shared/Trinity/Data/20240510/RawDataMerged/CoBo0_AsAd0_2024-05-10T10:28:42.724_0000.root
Unix Timestamp: 1715336922
Total Number of Events: 32
Loading file: /storage/hive/project/phy-otte/shared/Trinity/Data/20240510/RawDataMerged/CoBo0_AsAd0_2024-05-10T09:24:42.661_0000.root
Unix Timestamp: 1715333082
Total Number of Events: 22
Loading file: /storage/hive/project/phy-otte/shared/Trinity/Data/20240510/RawDataMerged/CoBo0_AsAd0_2024-05-10T09:04:42.661_0000.root
Unix Timestamp: 1715331882
Total Number of Events: 40
Loading file: /storage/hive/project/phy-otte/shared/Trinity/Data/20240510/RawDataMerged/CoBo0_AsAd0_2024-05-10T07:10:42.676_0000.root
Unix Timestamp: 1715325042
Total Number of Events: 34
Loading file: /storage/hive/project/phy-otte/shared/Trinity/Data/20240510/RawDataMerged/CoBo0_AsAd0_2024-05-10T09:32:42.660_0000.root
Unix Timestamp: 1715333562
Total Number of Events: 47
Loading file: /storage/hive/project/phy-otte/shared/Trinity/Data/20240510/RawDataMerged/CoBo0_AsAd0_2024-05-10T06:36:42.591_0000.root
Unix Timestamp: 1715323002
Total Number of Events: 0
Loading file: /storage/hive/project/phy-otte/shared/Trinity/Data/20240510/RawDataMerged/CoBo0_AsAd0_2024-05-10T10:24:42.657_0000.root
Unix Timestamp: 1715336682
Total Number of Events: 24
Loading file: /storage/hive/project/phy-otte/shared/Trinity/Data/20240510/RawDataMerged/CoBo0_AsAd0_2024-05-10T07:58:42.668_0000.root
Unix Timestamp: 1715327922
Total Number of Events: 33
Loading file: /storage/hive/project/phy-otte/shared/Trinity/Data/20240510/RawDataMerged/CoBo0_AsAd0_2024-05-10T07:02:42.682_0000.root
Unix Timestamp: 1715324562
Total Number of Events: 35
Loading file: /storage/hive/project/phy-otte/shared/Trinity/Data/20240510/RawDataMerged/CoBo0_AsAd0_2024-05-10T09:06:42.661_0000.root
Unix Timestamp: 1715332002
Total Number of Events: 31
Loading file: /storage/hive/project/phy-otte/shared/Trinity/Data/20240510/RawDataMerged/CoBo0_AsAd0_2024-05-10T10:34:42.655_0000.root
Unix Timestamp: 1715337282
Total Number of Events: 24
Loading file: /storage/hive/project/phy-otte/shared/Trinity/Data/20240510/RawDataMerged/CoBo0_AsAd0_2024-05-10T10:38:42.796_0000.root
Unix Timestamp: 1715337522
Total Number of Events: 31
Loading file: /storage/hive/project/phy-otte/shared/Trinity/Data/20240510/RawDataMerged/CoBo0_AsAd0_2024-05-10T09:00:42.662_0000.root
Unix Timestamp: 1715331642
Total Number of Events: 155
Loading file: /storage/hive/project/phy-otte/shared/Trinity/Data/20240510/RawDataMerged/CoBo0_AsAd0_2024-05-10T08:10:42.667_0000.root
Unix Timestamp: 1715328642
Total Number of Events: 29
Loading file: /storage/hive/project/phy-otte/shared/Trinity/Data/20240510/RawDataMerged/CoBo0_AsAd0_2024-05-10T08:18:42.665_0000.root
Unix Timestamp: 1715329122
Total Number of Events: 37
Loading file: /storage/hive/project/phy-otte/shared/Trinity/Data/20240510/RawDataMerged/CoBo0_AsAd0_2024-05-10T10:26:42.656_0000.root
Unix Timestamp: 1715336802
Total Number of Events: 116
Loading file: /storage/hive/project/phy-otte/shared/Trinity/Data/20240510/RawDataMerged/CoBo0_AsAd0_2024-05-10T10:44:42.654_0000.root
Unix Timestamp: 1715337882
Total Number of Events: 41
Loading file: /storage/hive/project/phy-otte/shared/Trinity/Data/20240510/RawDataMerged/CoBo0_AsAd0_2024-05-10T10:40:42.656_0000.root
Unix Timestamp: 1715337642
Total Number of Events: 31
Loading file: /storage/hive/project/phy-otte/shared/Trinity/Data/20240510/RawDataMerged/CoBo0_AsAd0_2024-05-10T07:26:42.675_0000.root
Unix Timestamp: 1715326002
Total Number of Events: 33
Loading file: /storage/hive/project/phy-otte/shared/Trinity/Data/20240510/RawDataMerged/CoBo0_AsAd0_2024-05-10T10:52:42.653_0000.root
Unix Timestamp: 1715338362
Total Number of Events: 43
Loading file: /storage/hive/project/phy-otte/shared/Trinity/Data/20240510/RawDataMerged/CoBo0_AsAd0_2024-05-10T08:36:42.663_0000.root
Unix Timestamp: 1715330202
Total Number of Events: 30
Loading file: /storage/hive/project/phy-otte/shared/Trinity/Data/20240510/RawDataMerged/CoBo0_AsAd0_2024-05-10T07:42:42.671_0000.root
Unix Timestamp: 1715326962
Total Number of Events: 33
Loading file: /storage/hive/project/phy-otte/shared/Trinity/Data/20240510/RawDataMerged/CoBo0_AsAd0_2024-05-10T07:38:42.672_0000.root
Unix Timestamp: 1715326722
Total Number of Events: 31
Loading file: /storage/hive/project/phy-otte/shared/Trinity/Data/20240510/RawDataMerged/CoBo0_AsAd0_2024-05-10T06:26:42.593_0000.root
Unix Timestamp: 1715322402
Total Number of Events: 0
Loading file: /storage/hive/project/phy-otte/shared/Trinity/Data/20240510/RawDataMerged/CoBo0_AsAd0_2024-05-10T10:32:42.656_0000.root
Unix Timestamp: 1715337162
Total Number of Events: 23
Loading file: /storage/hive/project/phy-otte/shared/Trinity/Data/20240510/RawDataMerged/CoBo0_AsAd0_2024-05-10T07:22:42.674_0000.root
Unix Timestamp: 1715325762
Total Number of Events: 41
Loading file: /storage/hive/project/phy-otte/shared/Trinity/Data/20240510/RawDataMerged/CoBo0_AsAd0_2024-05-10T06:20:42.592_0000.root
Unix Timestamp: 1715322042
Total Number of Events: 0
Loading file: /storage/hive/project/phy-otte/shared/Trinity/Data/20240510/RawDataMerged/CoBo0_AsAd0_2024-05-10T06:34:42.590_0000.root
Unix Timestamp: 1715322882
Total Number of Events: 0
Loading file: /storage/hive/project/phy-otte/shared/Trinity/Data/20240510/RawDataMerged/CoBo0_AsAd0_2024-05-10T09:58:42.661_0000.root
Unix Timestamp: 1715335122
Total Number of Events: 22
Loading file: /storage/hive/project/phy-otte/shared/Trinity/Data/20240510/RawDataMerged/CoBo0_AsAd0_2024-05-10T07:06:42.678_0000.root
Unix Timestamp: 1715324802
Total Number of Events: 34
Loading file: /storage/hive/project/phy-otte/shared/Trinity/Data/20240510/RawDataMerged/CoBo0_AsAd0_2024-05-10T09:28:42.660_0000.root
Unix Timestamp: 1715333322
Total Number of Events: 32
Loading file: /storage/hive/project/phy-otte/shared/Trinity/Data/20240510/RawDataMerged/CoBo0_AsAd0_2024-05-10T09:22:42.660_0000.root
Unix Timestamp: 1715332962
Total Number of Events: 31
Loading file: /storage/hive/project/phy-otte/shared/Trinity/Data/20240510/RawDataMerged/CoBo0_AsAd0_2024-05-10T09:44:42.661_0000.root
Unix Timestamp: 1715334282
Total Number of Events: 26
Loading file: /storage/hive/project/phy-otte/shared/Trinity/Data/20240510/RawDataMerged/CoBo0_AsAd0_2024-05-10T09:14:42.661_0000.root
Unix Timestamp: 1715332482
Total Number of Events: 31
Loading file: /storage/hive/project/phy-otte/shared/Trinity/Data/20240510/RawDataMerged/CoBo0_AsAd0_2024-05-10T08:08:42.667_0000.root
Unix Timestamp: 1715328522
Total Number of Events: 39
Loading file: /storage/hive/project/phy-otte/shared/Trinity/Data/20240510/RawDataMerged/CoBo0_AsAd0_2024-05-10T08:40:42.663_0000.root
Unix Timestamp: 1715330442
Total Number of Events: 33
Loading file: /storage/hive/project/phy-otte/shared/Trinity/Data/20240510/RawDataMerged/CoBo0_AsAd0_2024-05-10T07:44:42.670_0000.root
Unix Timestamp: 1715327082
Total Number of Events: 32
Loading file: /storage/hive/project/phy-otte/shared/Trinity/Data/20240510/RawDataMerged/CoBo0_AsAd0_2024-05-10T09:10:42.661_0000.root
Unix Timestamp: 1715332242
Total Number of Events: 32
Loading file: /storage/hive/project/phy-otte/shared/Trinity/Data/20240510/RawDataMerged/CoBo0_AsAd0_2024-05-10T06:22:42.593_0000.root
Unix Timestamp: 1715322162
Total Number of Events: 0
Loading file: /storage/hive/project/phy-otte/shared/Trinity/Data/20240510/RawDataMerged/CoBo0_AsAd0_2024-05-10T10:46:42.654_0000.root
Unix Timestamp: 1715338002
Total Number of Events: 36
Loading file: /storage/hive/project/phy-otte/shared/Trinity/Data/20240510/RawDataMerged/CoBo0_AsAd0_2024-05-10T08:24:42.664_0000.root
Unix Timestamp: 1715329482
Total Number of Events: 96
Loading file: /storage/hive/project/phy-otte/shared/Trinity/Data/20240510/RawDataMerged/CoBo0_AsAd0_2024-05-10T06:32:42.591_0000.root
Unix Timestamp: 1715322762
Total Number of Events: 0
Loading file: /storage/hive/project/phy-otte/shared/Trinity/Data/20240510/RawDataMerged/CoBo0_AsAd0_2024-05-10T07:32:42.676_0000.root
Unix Timestamp: 1715326362
Total Number of Events: 34
Loading file: /storage/hive/project/phy-otte/shared/Trinity/Data/20240510/RawDataMerged/CoBo0_AsAd0_2024-05-10T09:36:42.660_0000.root
Unix Timestamp: 1715333802
Total Number of Events: 123
Loading file: /storage/hive/project/phy-otte/shared/Trinity/Data/20240510/RawDataMerged/CoBo0_AsAd0_2024-05-10T08:58:42.661_0000.root
Unix Timestamp: 1715331522
Total Number of Events: 31
Loading file: /storage/hive/project/phy-otte/shared/Trinity/Data/20240510/RawDataMerged/CoBo0_AsAd0_2024-05-10T06:51:59.684_0000.root
Unix Timestamp: 1715323919
Total Number of Events: 9
Loading file: /storage/hive/project/phy-otte/shared/Trinity/Data/20240510/RawDataMerged/CoBo0_AsAd0_2024-05-10T07:46:42.669_0000.root
Unix Timestamp: 1715327202
Total Number of Events: 30
Loading file: /storage/hive/project/phy-otte/shared/Trinity/Data/20240510/RawDataMerged/CoBo0_AsAd0_2024-05-10T07:28:42.675_0000.root
Unix Timestamp: 1715326122
Total Number of Events: 27
Loading file: /storage/hive/project/phy-otte/shared/Trinity/Data/20240510/RawDataMerged/CoBo0_AsAd0_2024-05-10T09:20:42.661_0000.root
Unix Timestamp: 1715332842
Total Number of Events: 25
Loading file: /storage/hive/project/phy-otte/shared/Trinity/Data/20240510/RawDataMerged/CoBo0_AsAd0_2024-05-10T07:20:42.674_0000.root
Unix Timestamp: 1715325642
Total Number of Events: 33
Loading file: /storage/hive/project/phy-otte/shared/Trinity/Data/20240510/RawDataMerged/CoBo0_AsAd0_2024-05-10T08:28:42.663_0000.root
Unix Timestamp: 1715329722
Total Number of Events: 32
Loading file: /storage/hive/project/phy-otte/shared/Trinity/Data/20240510/RawDataMerged/CoBo0_AsAd0_2024-05-10T10:14:42.658_0000.root
Unix Timestamp: 1715336082
Total Number of Events: 26
Loading file: /storage/hive/project/phy-otte/shared/Trinity/Data/20240510/RawDataMerged/CoBo0_AsAd0_2024-05-10T06:14:42.590_0000.root
Unix Timestamp: 1715321682
Total Number of Events: 0
Loading file: /storage/hive/project/phy-otte/shared/Trinity/Data/20240510/RawDataMerged/CoBo0_AsAd0_2024-05-10T07:34:42.674_0000.root
Unix Timestamp: 1715326482
Total Number of Events: 30
Loading file: /storage/hive/project/phy-otte/shared/Trinity/Data/20240510/RawDataMerged/CoBo0_AsAd0_2024-05-10T08:34:42.663_0000.root
Unix Timestamp: 1715330082
Total Number of Events: 26
Loading file: /storage/hive/project/phy-otte/shared/Trinity/Data/20240510/RawDataMerged/CoBo0_AsAd0_2024-05-10T08:32:42.664_0000.root
Unix Timestamp: 1715329962
Total Number of Events: 37
Loading file: /storage/hive/project/phy-otte/shared/Trinity/Data/20240510/RawDataMerged/CoBo0_AsAd0_2024-05-10T07:24:42.674_0000.root
Unix Timestamp: 1715325882
Total Number of Events: 32
Loading file: /storage/hive/project/phy-otte/shared/Trinity/Data/20240510/RawDataMerged/CoBo0_AsAd0_2024-05-10T10:16:42.657_0000.root
Unix Timestamp: 1715336202
Total Number of Events: 29
Loading file: /storage/hive/project/phy-otte/shared/Trinity/Data/20240510/RawDataMerged/CoBo0_AsAd0_2024-05-10T07:14:42.675_0000.root
Unix Timestamp: 1715325282
Total Number of Events: 25
Loading file: /storage/hive/project/phy-otte/shared/Trinity/Data/20240510/RawDataMerged/CoBo0_AsAd0_2024-05-10T07:16:42.620_0000.root
Unix Timestamp: 1715325402
Total Number of Events: 40
Info in <TCanvas::Print>: pdf file /storage/hive/project/phy-otte/shared/Trinity/DataAnalysis/DataSummary/Output/20240510.pdf has been created
Info in <TCanvas::Print>: Current canvas added to pdf file /storage/hive/project/phy-otte/shared/Trinity/DataAnalysis/DataSummary/Output/20240510.pdf
Info in <TCanvas::Print>: Current canvas added to pdf file /storage/hive/project/phy-otte/shared/Trinity/DataAnalysis/DataSummary/Output/20240510.pdf
Info in <TCanvas::Print>: Current canvas added to pdf file /storage/hive/project/phy-otte/shared/Trinity/DataAnalysis/DataSummary/Output/20240510.pdf
Info in <TCanvas::Print>: Current canvas added to pdf file /storage/hive/project/phy-otte/shared/Trinity/DataAnalysis/DataSummary/Output/20240510.pdf
Info in <TCanvas::Print>: Current canvas added to pdf file /storage/hive/project/phy-otte/shared/Trinity/DataAnalysis/DataSummary/Output/20240510.pdf
Info in <TCanvas::Print>: Current canvas added to pdf file /storage/hive/project/phy-otte/shared/Trinity/DataAnalysis/DataSummary/Output/20240510.pdf
Info in <TCanvas::Print>: pdf file /storage/hive/project/phy-otte/shared/Trinity/DataAnalysis/DataSummary/Output/20240510.pdf has been closed
