phys43199.physics.gatech.edu is reachable.Mon Nov 27 20:42:18 2023
phys43199.physics.gatech.edu is reachable. -Mon Nov 27 20:43:44 2023
phys43199.physics.gatech.edu is reachable. -Mon Nov 27 20:56:17 2023
Door Shut Mon Nov 27 20:56:33 2023
phys43199.physics.gatech.edu is reachable. -Mon Nov 27 21:01:42 2023
phys43199.physics.gatech.edu is reachable. -Mon Nov 27 21:03:46 2023
phys43199.physics.gatech.edu is reachable. -Mon Nov 27 21:04:24 2023
Door Shut Mon Nov 27 21:04:24 2023
phys43199.physics.gatech.edu is reachable. -Mon Nov 27 21:07:17 2023
Door shut FAILUREMon Nov 27 21:07:17 2023
Door Shut Mon Nov 27 21:07:17 2023
phys43199.physics.gatech.edu is reachable. -Mon Nov 27 21:09:29 2023
shut_doo FAILURE Mon Nov 27 21:09:29 2023
Door Shut Mon Nov 27 21:09:29 2023
phys43199.physics.gatech.edu is reachable. -Mon Nov 27 21:10:57 2023
shut_doo FAILURE Mon Nov 27 21:10:57 2023
phys43199.physics.gatech.edu is reachable. -Mon Nov 27 21:12:28 2023
shut_door SuccessfulMon Nov 27 21:12:43 2023
phys43199.physics.gatech.edu is reachable. -Mon Nov 27 21:18:40 2023
phys43199.physics.gatech.edu is reachable. -Mon Nov 27 21:19:23 2023
phys43199.physics.gatech.edu is reachable. -Wed Nov 29 17:59:14 2023
phys43199.physics.gatech.edu is reachable. -Wed Nov 29 18:50:04 2023
phys43199.physics.gatech.edu is reachable. -Wed Nov 29 18:55:05 2023
phys43199.physics.gatech.edu is reachable. -Wed Nov 29 19:00:04 2023
phys43199.physics.gatech.edu is reachable. -Wed Nov 29 19:05:04 2023
phys43199.physics.gatech.edu is reachable. -Wed Nov 29 19:10:05 2023
phys43199.physics.gatech.edu is reachable. -Wed Nov 29 19:15:04 2023
phys43199.physics.gatech.edu is reachable. -Wed Nov 29 19:20:04 2023
phys43199.physics.gatech.edu is reachable. -Wed Nov 29 19:25:04 2023
phys43199.physics.gatech.edu is reachable. -Wed Nov 29 19:30:04 2023
phys43199.physics.gatech.edu is reachable. -Wed Nov 29 19:35:05 2023
phys43199.physics.gatech.edu is reachable. -Wed Nov 29 19:40:04 2023
phys43199.physics.gatech.edu is reachable. -Wed Nov 29 19:45:04 2023
phys43199.physics.gatech.edu is reachable. -Wed Nov 29 19:50:05 2023
phys43199.physics.gatech.edu is reachable. -Wed Nov 29 19:55:04 2023
phys43199.physics.gatech.edu is reachable. -Wed Nov 29 20:00:04 2023
phys43199.physics.gatech.edu is reachable. -Wed Nov 29 20:05:05 2023
phys43199.physics.gatech.edu is reachable. -Wed Nov 29 20:10:04 2023
phys43199.physics.gatech.edu is reachable. -Wed Nov 29 20:15:04 2023
phys43199.physics.gatech.edu is reachable. -Wed Nov 29 20:20:05 2023
phys43199.physics.gatech.edu is reachable. -Wed Nov 29 20:25:04 2023
phys43199.physics.gatech.edu is reachable. -Wed Nov 29 20:30:05 2023
phys43199.physics.gatech.edu is reachable. -Wed Nov 29 20:35:04 2023
phys43199.physics.gatech.edu is reachable. -Wed Nov 29 20:40:04 2023
phys43199.physics.gatech.edu is reachable. -Wed Nov 29 20:45:05 2023
phys43199.physics.gatech.edu is reachable. -Wed Nov 29 20:50:04 2023
phys43199.physics.gatech.edu is reachable. -Wed Nov 29 20:55:04 2023
phys43199.physics.gatech.edu is reachable. -Wed Nov 29 21:00:05 2023
phys43199.physics.gatech.edu is reachable. -Wed Nov 29 21:05:04 2023
phys43199.physics.gatech.edu is reachable. -Wed Nov 29 21:10:04 2023
phys43199.physics.gatech.edu is reachable. -Wed Nov 29 21:15:05 2023
phys43199.physics.gatech.edu is reachable. -Wed Nov 29 21:20:04 2023
phys43199.physics.gatech.edu is reachable. -Wed Nov 29 21:25:05 2023
phys43199.physics.gatech.edu is reachable. -Wed Nov 29 21:30:04 2023
phys43199.physics.gatech.edu is reachable. -Wed Nov 29 21:35:04 2023
phys43199.physics.gatech.edu is reachable. -Wed Nov 29 21:40:05 2023
phys43199.physics.gatech.edu is reachable. -Wed Nov 29 21:45:04 2023
phys43199.physics.gatech.edu is reachable. -Wed Nov 29 21:50:04 2023
phys43199.physics.gatech.edu is reachable. -Wed Nov 29 21:55:05 2023
phys43199.physics.gatech.edu is reachable. -Wed Nov 29 22:00:04 2023
phys43199.physics.gatech.edu is reachable. -Wed Nov 29 22:05:04 2023
phys43199.physics.gatech.edu is reachable. -Wed Nov 29 22:10:05 2023
phys43199.physics.gatech.edu is reachable. -Wed Nov 29 22:15:04 2023
phys43199.physics.gatech.edu is reachable. -Wed Nov 29 22:20:05 2023
phys43199.physics.gatech.edu is reachable. -Wed Nov 29 22:25:04 2023
phys43199.physics.gatech.edu is reachable. -Wed Nov 29 22:30:04 2023
phys43199.physics.gatech.edu is reachable. -Wed Nov 29 22:35:05 2023
phys43199.physics.gatech.edu is reachable. -Wed Nov 29 22:40:04 2023
phys43199.physics.gatech.edu is reachable. -Wed Nov 29 22:45:04 2023
phys43199.physics.gatech.edu is reachable. -Wed Nov 29 22:50:05 2023
phys43199.physics.gatech.edu is reachable. -Wed Nov 29 22:55:04 2023
phys43199.physics.gatech.edu is reachable. -Wed Nov 29 23:00:05 2023
phys43199.physics.gatech.edu is reachable. -Wed Nov 29 23:05:04 2023
phys43199.physics.gatech.edu is reachable. -Wed Nov 29 23:10:04 2023
phys43199.physics.gatech.edu is reachable. -Wed Nov 29 23:15:05 2023
phys43199.physics.gatech.edu is reachable. -Wed Nov 29 23:20:04 2023
phys43199.physics.gatech.edu is reachable. -Wed Nov 29 23:25:04 2023
phys43199.physics.gatech.edu is reachable. -Wed Nov 29 23:30:05 2023
phys43199.physics.gatech.edu is reachable. -Wed Nov 29 23:35:04 2023
phys43199.physics.gatech.edu is reachable. -Wed Nov 29 23:40:04 2023
phys43199.physics.gatech.edu is reachable. -Wed Nov 29 23:45:05 2023
phys43199.physics.gatech.edu is reachable. -Wed Nov 29 23:50:04 2023
phys43199.physics.gatech.edu is reachable. -Wed Nov 29 23:55:05 2023
phys43199.physics.gatech.edu is reachable. -Thu Nov 30 00:00:04 2023
phys43199.physics.gatech.edu is reachable. -Thu Nov 30 00:05:04 2023
phys43199.physics.gatech.edu is reachable. -Thu Nov 30 00:10:05 2023
phys43199.physics.gatech.edu is reachable. -Thu Nov 30 00:15:04 2023
phys43199.physics.gatech.edu is reachable. -Thu Nov 30 00:20:04 2023
phys43199.physics.gatech.edu is reachable. -Thu Nov 30 00:25:05 2023
phys43199.physics.gatech.edu is reachable. -Thu Nov 30 00:30:04 2023
phys43199.physics.gatech.edu is reachable. -Thu Nov 30 00:35:04 2023
phys43199.physics.gatech.edu is reachable. -Thu Nov 30 00:40:04 2023
phys43199.physics.gatech.edu is reachable. -Thu Nov 30 00:45:04 2023
phys43199.physics.gatech.edu is reachable. -Thu Nov 30 00:50:05 2023
phys43199.physics.gatech.edu is reachable. -Thu Nov 30 00:55:04 2023
phys43199.physics.gatech.edu is reachable. -Thu Nov 30 01:00:04 2023
phys43199.physics.gatech.edu is reachable. -Thu Nov 30 01:05:05 2023
phys43199.physics.gatech.edu is reachable. -Thu Nov 30 01:10:04 2023
phys43199.physics.gatech.edu is reachable. -Thu Nov 30 01:15:04 2023
phys43199.physics.gatech.edu is reachable. -Thu Nov 30 01:20:05 2023
phys43199.physics.gatech.edu is reachable. -Thu Nov 30 01:25:04 2023
phys43199.physics.gatech.edu is reachable. -Thu Nov 30 01:30:05 2023
phys43199.physics.gatech.edu is reachable. -Thu Nov 30 01:35:04 2023
phys43199.physics.gatech.edu is reachable. -Thu Nov 30 01:40:04 2023
phys43199.physics.gatech.edu is reachable. -Thu Nov 30 01:45:05 2023
phys43199.physics.gatech.edu is reachable. -Thu Nov 30 01:50:04 2023
phys43199.physics.gatech.edu is reachable. -Thu Nov 30 01:55:04 2023
phys43199.physics.gatech.edu is reachable. -Thu Nov 30 02:00:05 2023
phys43199.physics.gatech.edu is reachable. -Thu Nov 30 02:05:04 2023
phys43199.physics.gatech.edu is reachable. -Thu Nov 30 02:10:04 2023
phys43199.physics.gatech.edu is reachable. -Thu Nov 30 02:15:05 2023
phys43199.physics.gatech.edu is reachable. -Thu Nov 30 02:20:04 2023
phys43199.physics.gatech.edu is reachable. -Thu Nov 30 02:25:05 2023
phys43199.physics.gatech.edu is reachable. -Thu Nov 30 02:30:04 2023
phys43199.physics.gatech.edu is reachable. -Thu Nov 30 02:35:04 2023
phys43199.physics.gatech.edu is reachable. -Thu Nov 30 02:40:05 2023
phys43199.physics.gatech.edu is reachable. -Thu Nov 30 02:45:04 2023
phys43199.physics.gatech.edu is reachable. -Thu Nov 30 02:50:04 2023
phys43199.physics.gatech.edu is reachable. -Thu Nov 30 02:55:05 2023
phys43199.physics.gatech.edu is reachable. -Thu Nov 30 03:00:04 2023
phys43199.physics.gatech.edu is reachable. -Thu Nov 30 03:05:05 2023
phys43199.physics.gatech.edu is reachable. -Thu Nov 30 03:10:04 2023
phys43199.physics.gatech.edu is reachable. -Thu Nov 30 03:15:04 2023
phys43199.physics.gatech.edu is reachable. -Thu Nov 30 03:20:05 2023
phys43199.physics.gatech.edu is reachable. -Thu Nov 30 03:25:04 2023
phys43199.physics.gatech.edu is reachable. -Thu Nov 30 03:30:04 2023
phys43199.physics.gatech.edu is reachable. -Thu Nov 30 03:35:05 2023
phys43199.physics.gatech.edu is reachable. -Thu Nov 30 03:40:04 2023
phys43199.physics.gatech.edu is reachable. -Thu Nov 30 03:45:04 2023
phys43199.physics.gatech.edu is reachable. -Thu Nov 30 03:50:04 2023
phys43199.physics.gatech.edu is reachable. -Thu Nov 30 03:55:04 2023
phys43199.physics.gatech.edu is reachable. -Thu Nov 30 04:00:05 2023
phys43199.physics.gatech.edu is reachable. -Thu Nov 30 04:05:04 2023
phys43199.physics.gatech.edu is reachable. -Thu Nov 30 04:10:04 2023
phys43199.physics.gatech.edu is reachable. -Thu Nov 30 04:15:06 2023
phys43199.physics.gatech.edu is reachable. -Thu Nov 30 04:20:04 2023
phys43199.physics.gatech.edu is reachable. -Thu Nov 30 04:25:04 2023
phys43199.physics.gatech.edu is reachable. -Thu Nov 30 04:30:05 2023
phys43199.physics.gatech.edu is reachable. -Thu Nov 30 04:35:04 2023
phys43199.physics.gatech.edu is reachable. -Thu Nov 30 04:40:04 2023
phys43199.physics.gatech.edu is reachable. -Thu Nov 30 04:45:05 2023
phys43199.physics.gatech.edu is reachable. -Thu Nov 30 04:50:04 2023
phys43199.physics.gatech.edu is reachable. -Thu Nov 30 04:55:05 2023
phys43199.physics.gatech.edu is reachable. -Thu Nov 30 05:00:04 2023
phys43199.physics.gatech.edu is reachable. -Thu Nov 30 05:05:04 2023
phys43199.physics.gatech.edu is reachable. -Thu Nov 30 05:10:05 2023
phys43199.physics.gatech.edu is reachable. -Thu Nov 30 05:15:04 2023
phys43199.physics.gatech.edu is reachable. -Thu Nov 30 05:20:04 2023
phys43199.physics.gatech.edu is reachable. -Thu Nov 30 05:25:05 2023
phys43199.physics.gatech.edu is reachable. -Thu Nov 30 05:30:04 2023
phys43199.physics.gatech.edu is reachable. -Thu Nov 30 05:35:04 2023
phys43199.physics.gatech.edu is reachable. -Thu Nov 30 05:40:05 2023
phys43199.physics.gatech.edu is reachable. -Thu Nov 30 05:45:04 2023
phys43199.physics.gatech.edu is reachable. -Thu Nov 30 05:50:04 2023
phys43199.physics.gatech.edu is reachable. -Thu Nov 30 05:55:04 2023
phys43199.physics.gatech.edu is reachable. -Thu Nov 30 06:00:04 2023
phys43199.physics.gatech.edu is reachable. -Thu Nov 30 06:05:05 2023
phys43199.physics.gatech.edu is reachable. -Thu Nov 30 06:10:04 2023
phys43199.physics.gatech.edu is reachable. -Thu Nov 30 06:15:04 2023
phys43199.physics.gatech.edu is reachable. -Thu Nov 30 06:20:05 2023
phys43199.physics.gatech.edu is reachable. -Thu Nov 30 06:25:04 2023
phys43199.physics.gatech.edu is reachable. -Thu Nov 30 06:30:04 2023
phys43199.physics.gatech.edu is reachable. -Thu Nov 30 06:35:04 2023
phys43199.physics.gatech.edu is reachable. -Thu Nov 30 06:40:04 2023
phys43199.physics.gatech.edu is reachable. -Thu Nov 30 06:45:05 2023
phys43199.physics.gatech.edu is reachable. -Thu Nov 30 06:50:04 2023
phys43199.physics.gatech.edu is reachable. -Thu Nov 30 06:55:04 2023
phys43199.physics.gatech.edu is reachable. -Thu Nov 30 07:00:05 2023
phys43199.physics.gatech.edu is reachable. -Thu Nov 30 07:05:04 2023
phys43199.physics.gatech.edu is reachable. -Thu Nov 30 07:10:04 2023
phys43199.physics.gatech.edu is reachable. -Thu Nov 30 07:15:05 2023
phys43199.physics.gatech.edu is reachable. -Thu Nov 30 07:20:04 2023
phys43199.physics.gatech.edu is reachable. -Thu Nov 30 07:25:04 2023
phys43199.physics.gatech.edu is reachable. -Thu Nov 30 07:30:05 2023
phys43199.physics.gatech.edu is reachable. -Thu Nov 30 07:35:04 2023
phys43199.physics.gatech.edu is reachable. -Thu Nov 30 07:40:04 2023
phys43199.physics.gatech.edu is reachable. -Thu Nov 30 07:45:04 2023
phys43199.physics.gatech.edu is reachable. -Thu Nov 30 07:50:04 2023
phys43199.physics.gatech.edu is reachable. -Thu Nov 30 07:55:05 2023
phys43199.physics.gatech.edu is reachable. -Thu Nov 30 08:00:04 2023
phys43199.physics.gatech.edu is reachable. -Thu Nov 30 08:05:04 2023
phys43199.physics.gatech.edu is reachable. -Thu Nov 30 08:10:05 2023
phys43199.physics.gatech.edu is reachable. -Thu Nov 30 08:15:04 2023
phys43199.physics.gatech.edu is reachable. -Thu Nov 30 08:20:04 2023
phys43199.physics.gatech.edu is reachable. -Thu Nov 30 08:25:05 2023
phys43199.physics.gatech.edu is reachable. -Thu Nov 30 08:30:04 2023
phys43199.physics.gatech.edu is reachable. -Thu Nov 30 08:35:05 2023
phys43199.physics.gatech.edu is reachable. -Thu Nov 30 08:40:04 2023
phys43199.physics.gatech.edu is reachable. -Thu Nov 30 08:45:04 2023
phys43199.physics.gatech.edu is reachable. -Thu Nov 30 08:50:05 2023
phys43199.physics.gatech.edu is reachable. -Thu Nov 30 08:55:04 2023
phys43199.physics.gatech.edu is reachable. -Thu Nov 30 09:00:04 2023
phys43199.physics.gatech.edu is reachable. -Thu Nov 30 09:05:05 2023
phys43199.physics.gatech.edu is reachable. -Thu Nov 30 09:10:04 2023
phys43199.physics.gatech.edu is reachable. -Thu Nov 30 09:15:04 2023
phys43199.physics.gatech.edu is reachable. -Thu Nov 30 09:20:04 2023
phys43199.physics.gatech.edu is reachable. -Thu Nov 30 09:25:04 2023
phys43199.physics.gatech.edu is reachable. -Thu Nov 30 09:30:05 2023
phys43199.physics.gatech.edu is reachable. -Thu Nov 30 09:35:04 2023
phys43199.physics.gatech.edu is reachable. -Thu Nov 30 09:40:04 2023
phys43199.physics.gatech.edu is reachable. -Thu Nov 30 09:45:05 2023
phys43199.physics.gatech.edu is reachable. -Thu Nov 30 09:50:04 2023
phys43199.physics.gatech.edu is reachable. -Thu Nov 30 09:55:04 2023
phys43199.physics.gatech.edu is reachable. -Thu Nov 30 10:00:05 2023
phys43199.physics.gatech.edu is reachable. -Thu Nov 30 10:05:04 2023
phys43199.physics.gatech.edu is reachable. -Thu Nov 30 10:10:05 2023
phys43199.physics.gatech.edu is reachable. -Thu Nov 30 10:15:04 2023
phys43199.physics.gatech.edu is reachable. -Thu Nov 30 10:20:04 2023
phys43199.physics.gatech.edu is reachable. -Thu Nov 30 10:25:05 2023
phys43199.physics.gatech.edu is reachable. -Thu Nov 30 10:30:04 2023
phys43199.physics.gatech.edu is reachable. -Thu Nov 30 10:35:04 2023
phys43199.physics.gatech.edu is reachable. -Thu Nov 30 10:40:05 2023
phys43199.physics.gatech.edu is reachable. -Thu Nov 30 10:45:04 2023
phys43199.physics.gatech.edu is reachable. -Thu Nov 30 10:50:04 2023
phys43199.physics.gatech.edu is reachable. -Thu Nov 30 10:55:05 2023
phys43199.physics.gatech.edu is reachable. -Thu Nov 30 11:00:04 2023
phys43199.physics.gatech.edu is reachable. -Thu Nov 30 11:05:05 2023
phys43199.physics.gatech.edu is reachable. -Thu Nov 30 11:10:04 2023
phys43199.physics.gatech.edu is reachable. -Thu Nov 30 11:15:04 2023
phys43199.physics.gatech.edu is reachable. -Thu Nov 30 11:20:05 2023
phys43199.physics.gatech.edu is reachable. -Thu Nov 30 11:25:04 2023
phys43199.physics.gatech.edu is reachable. -Thu Nov 30 11:30:04 2023
phys43199.physics.gatech.edu is reachable. -Thu Nov 30 11:35:05 2023
phys43199.physics.gatech.edu is reachable. -Thu Nov 30 11:40:04 2023
phys43199.physics.gatech.edu is reachable. -Thu Nov 30 11:45:04 2023
phys43199.physics.gatech.edu is reachable. -Thu Nov 30 11:50:04 2023
phys43199.physics.gatech.edu is reachable. -Thu Nov 30 11:55:04 2023
phys43199.physics.gatech.edu is reachable. -Thu Nov 30 12:00:05 2023
phys43199.physics.gatech.edu is reachable. -Thu Nov 30 12:05:04 2023
phys43199.physics.gatech.edu is reachable. -Thu Nov 30 12:10:04 2023
phys43199.physics.gatech.edu is reachable. -Thu Nov 30 12:15:05 2023
phys43199.physics.gatech.edu is reachable. -Thu Nov 30 12:20:04 2023
phys43199.physics.gatech.edu is reachable. -Thu Nov 30 12:25:04 2023
phys43199.physics.gatech.edu is reachable. -Thu Nov 30 12:30:05 2023
phys43199.physics.gatech.edu is reachable. -Thu Nov 30 12:35:04 2023
phys43199.physics.gatech.edu is reachable. -Thu Nov 30 12:40:04 2023
phys43199.physics.gatech.edu is reachable. -Thu Nov 30 12:45:04 2023
phys43199.physics.gatech.edu is reachable. -Thu Nov 30 12:50:04 2023
phys43199.physics.gatech.edu is reachable. -Thu Nov 30 12:55:05 2023
phys43199.physics.gatech.edu is reachable. -Thu Nov 30 13:00:04 2023
phys43199.physics.gatech.edu is reachable. -Thu Nov 30 13:05:04 2023
phys43199.physics.gatech.edu is reachable. -Thu Nov 30 13:10:05 2023
phys43199.physics.gatech.edu is reachable. -Thu Nov 30 13:15:04 2023
phys43199.physics.gatech.edu is reachable. -Thu Nov 30 13:20:04 2023
phys43199.physics.gatech.edu is reachable. -Thu Nov 30 13:25:05 2023
phys43199.physics.gatech.edu is reachable. -Thu Nov 30 13:30:04 2023
phys43199.physics.gatech.edu is reachable. -Thu Nov 30 13:35:04 2023
phys43199.physics.gatech.edu is reachable. -Thu Nov 30 13:40:04 2023
phys43199.physics.gatech.edu is reachable. -Thu Nov 30 13:45:04 2023
phys43199.physics.gatech.edu is reachable. -Thu Nov 30 13:50:05 2023
phys43199.physics.gatech.edu is reachable. -Thu Nov 30 13:55:04 2023
phys43199.physics.gatech.edu is reachable. -Thu Nov 30 14:00:04 2023
phys43199.physics.gatech.edu is reachable. -Thu Nov 30 14:05:05 2023
phys43199.physics.gatech.edu is reachable. -Thu Nov 30 14:10:04 2023
phys43199.physics.gatech.edu is reachable. -Thu Nov 30 14:15:04 2023
phys43199.physics.gatech.edu is reachable. -Thu Nov 30 14:20:05 2023
phys43199.physics.gatech.edu is reachable. -Thu Nov 30 14:25:04 2023
phys43199.physics.gatech.edu is reachable. -Thu Nov 30 14:30:05 2023
phys43199.physics.gatech.edu is reachable. -Thu Nov 30 14:35:04 2023
phys43199.physics.gatech.edu is reachable. -Thu Nov 30 14:40:04 2023
phys43199.physics.gatech.edu is reachable. -Thu Nov 30 14:45:05 2023
phys43199.physics.gatech.edu is reachable. -Thu Nov 30 14:50:04 2023
phys43199.physics.gatech.edu is reachable. -Thu Nov 30 14:55:04 2023
phys43199.physics.gatech.edu is reachable. -Thu Nov 30 15:00:05 2023
phys43199.physics.gatech.edu is reachable. -Thu Nov 30 15:05:04 2023
phys43199.physics.gatech.edu is reachable. -Thu Nov 30 15:10:05 2023
phys43199.physics.gatech.edu is reachable. -Thu Nov 30 15:15:04 2023
phys43199.physics.gatech.edu is reachable. -Thu Nov 30 15:20:04 2023
phys43199.physics.gatech.edu is reachable. -Thu Nov 30 15:25:05 2023
phys43199.physics.gatech.edu is reachable. -Thu Nov 30 15:30:04 2023
phys43199.physics.gatech.edu is reachable. -Thu Nov 30 15:35:04 2023
phys43199.physics.gatech.edu is reachable. -Thu Nov 30 15:40:05 2023
phys43199.physics.gatech.edu is reachable. -Thu Nov 30 15:45:04 2023
phys43199.physics.gatech.edu is reachable. -Thu Nov 30 15:50:04 2023
phys43199.physics.gatech.edu is reachable. -Thu Nov 30 15:55:05 2023
phys43199.physics.gatech.edu is reachable. -Thu Nov 30 16:00:04 2023
phys43199.physics.gatech.edu is reachable. -Thu Nov 30 16:05:04 2023
phys43199.physics.gatech.edu is reachable. -Thu Nov 30 16:10:05 2023
phys43199.physics.gatech.edu is reachable. -Thu Nov 30 16:15:04 2023
phys43199.physics.gatech.edu is reachable. -Thu Nov 30 16:20:04 2023
phys43199.physics.gatech.edu is reachable. -Thu Nov 30 16:25:05 2023
phys43199.physics.gatech.edu is reachable. -Thu Nov 30 16:30:04 2023
phys43199.physics.gatech.edu is reachable. -Thu Nov 30 16:35:05 2023
phys43199.physics.gatech.edu is reachable. -Thu Nov 30 16:40:04 2023
phys43199.physics.gatech.edu is reachable. -Thu Nov 30 16:45:04 2023
phys43199.physics.gatech.edu is reachable. -Thu Nov 30 16:50:05 2023
phys43199.physics.gatech.edu is reachable. -Thu Nov 30 16:55:04 2023
phys43199.physics.gatech.edu is reachable. -Thu Nov 30 17:00:04 2023
phys43199.physics.gatech.edu is reachable. -Thu Nov 30 17:05:05 2023
phys43199.physics.gatech.edu is reachable. -Thu Nov 30 17:10:04 2023
phys43199.physics.gatech.edu is reachable. -Thu Nov 30 17:15:04 2023
phys43199.physics.gatech.edu is reachable. -Thu Nov 30 17:20:05 2023
phys43199.physics.gatech.edu is reachable. -Thu Nov 30 17:25:04 2023
phys43199.physics.gatech.edu is reachable. -Thu Nov 30 17:30:04 2023
phys43199.physics.gatech.edu is reachable. -Thu Nov 30 17:35:04 2023
phys43199.physics.gatech.edu is reachable. -Thu Nov 30 17:40:04 2023
phys43199.physics.gatech.edu is reachable. -Thu Nov 30 17:45:05 2023
phys43199.physics.gatech.edu is reachable. -Thu Nov 30 17:50:04 2023
phys43199.physics.gatech.edu is reachable. -Thu Nov 30 17:55:04 2023
phys43199.physics.gatech.edu is reachable. -Thu Nov 30 18:00:05 2023
phys43199.physics.gatech.edu is reachable. -Thu Nov 30 18:05:04 2023
phys43199.physics.gatech.edu is reachable. -Thu Nov 30 18:10:04 2023
phys43199.physics.gatech.edu is reachable. -Thu Nov 30 18:15:05 2023
phys43199.physics.gatech.edu is reachable. -Thu Nov 30 18:20:04 2023
phys43199.physics.gatech.edu is reachable. -Thu Nov 30 18:25:04 2023
phys43199.physics.gatech.edu is reachable. -Thu Nov 30 18:30:05 2023
phys43199.physics.gatech.edu is reachable. -Thu Nov 30 18:35:04 2023
phys43199.physics.gatech.edu is reachable. -Thu Nov 30 18:40:04 2023
phys43199.physics.gatech.edu is reachable. -Thu Nov 30 18:45:05 2023
phys43199.physics.gatech.edu is reachable. -Thu Nov 30 18:50:04 2023
phys43199.physics.gatech.edu is reachable. -Thu Nov 30 18:55:04 2023
phys43199.physics.gatech.edu is reachable. -Thu Nov 30 19:00:05 2023
phys43199.physics.gatech.edu is reachable. -Thu Nov 30 19:05:04 2023
phys43199.physics.gatech.edu is reachable. -Thu Nov 30 19:10:04 2023
phys43199.physics.gatech.edu is reachable. -Thu Nov 30 19:15:05 2023
phys43199.physics.gatech.edu is reachable. -Thu Nov 30 19:20:04 2023
phys43199.physics.gatech.edu is reachable. -Thu Nov 30 19:25:05 2023
phys43199.physics.gatech.edu is reachable. -Thu Nov 30 19:30:04 2023
phys43199.physics.gatech.edu is reachable. -Thu Nov 30 19:35:04 2023
phys43199.physics.gatech.edu is reachable. -Thu Nov 30 19:40:05 2023
phys43199.physics.gatech.edu is reachable. -Thu Nov 30 19:45:04 2023
phys43199.physics.gatech.edu is reachable. -Thu Nov 30 19:50:04 2023
phys43199.physics.gatech.edu is reachable. -Thu Nov 30 19:55:05 2023
phys43199.physics.gatech.edu is reachable. -Thu Nov 30 20:00:04 2023
phys43199.physics.gatech.edu is reachable. -Thu Nov 30 20:05:04 2023
phys43199.physics.gatech.edu is reachable. -Thu Nov 30 20:10:04 2023
phys43199.physics.gatech.edu is reachable. -Thu Nov 30 20:15:04 2023
phys43199.physics.gatech.edu is reachable. -Thu Nov 30 20:20:05 2023
phys43199.physics.gatech.edu is reachable. -Thu Nov 30 20:25:04 2023
phys43199.physics.gatech.edu is reachable. -Thu Nov 30 20:30:04 2023
phys43199.physics.gatech.edu is reachable. -Thu Nov 30 20:35:05 2023
phys43199.physics.gatech.edu is reachable. -Thu Nov 30 20:40:04 2023
phys43199.physics.gatech.edu is reachable. -Thu Nov 30 20:45:04 2023
phys43199.physics.gatech.edu is reachable. -Thu Nov 30 20:50:05 2023
phys43199.physics.gatech.edu is reachable. -Thu Nov 30 20:55:04 2023
phys43199.physics.gatech.edu is reachable. -Thu Nov 30 21:00:05 2023
phys43199.physics.gatech.edu is reachable. -Thu Nov 30 21:05:04 2023
phys43199.physics.gatech.edu is reachable. -Thu Nov 30 21:10:04 2023
phys43199.physics.gatech.edu is reachable. -Thu Nov 30 21:15:05 2023
phys43199.physics.gatech.edu is reachable. -Thu Nov 30 21:20:04 2023
phys43199.physics.gatech.edu is reachable. -Thu Nov 30 21:25:04 2023
phys43199.physics.gatech.edu is reachable. -Thu Nov 30 21:30:05 2023
phys43199.physics.gatech.edu is reachable. -Thu Nov 30 21:35:04 2023
phys43199.physics.gatech.edu is reachable. -Thu Nov 30 21:40:04 2023
phys43199.physics.gatech.edu is reachable. -Thu Nov 30 21:45:05 2023
phys43199.physics.gatech.edu is reachable. -Thu Nov 30 21:50:04 2023
phys43199.physics.gatech.edu is reachable. -Thu Nov 30 21:55:05 2023
phys43199.physics.gatech.edu is reachable. -Thu Nov 30 22:00:04 2023
phys43199.physics.gatech.edu is reachable. -Thu Nov 30 22:05:04 2023
phys43199.physics.gatech.edu is reachable. -Thu Nov 30 22:10:05 2023
phys43199.physics.gatech.edu is reachable. -Thu Nov 30 22:15:04 2023
phys43199.physics.gatech.edu is reachable. -Thu Nov 30 22:20:04 2023
phys43199.physics.gatech.edu is reachable. -Thu Nov 30 22:25:05 2023
phys43199.physics.gatech.edu is reachable. -Thu Nov 30 22:30:04 2023
phys43199.physics.gatech.edu is reachable. -Thu Nov 30 22:35:04 2023
phys43199.physics.gatech.edu is reachable. -Thu Nov 30 22:40:05 2023
phys43199.physics.gatech.edu is reachable. -Thu Nov 30 22:45:04 2023
phys43199.physics.gatech.edu is reachable. -Thu Nov 30 22:50:05 2023
phys43199.physics.gatech.edu is reachable. -Thu Nov 30 22:55:04 2023
phys43199.physics.gatech.edu is reachable. -Thu Nov 30 23:00:04 2023
phys43199.physics.gatech.edu is reachable. -Thu Nov 30 23:05:05 2023
phys43199.physics.gatech.edu is reachable. -Thu Nov 30 23:10:04 2023
phys43199.physics.gatech.edu is reachable. -Thu Nov 30 23:15:04 2023
phys43199.physics.gatech.edu is reachable. -Thu Nov 30 23:20:05 2023
phys43199.physics.gatech.edu is reachable. -Thu Nov 30 23:25:04 2023
phys43199.physics.gatech.edu is reachable. -Thu Nov 30 23:30:04 2023
phys43199.physics.gatech.edu is reachable. -Thu Nov 30 23:35:04 2023
phys43199.physics.gatech.edu is reachable. -Thu Nov 30 23:40:04 2023
phys43199.physics.gatech.edu is reachable. -Thu Nov 30 23:45:05 2023
phys43199.physics.gatech.edu is reachable. -Thu Nov 30 23:50:04 2023
phys43199.physics.gatech.edu is reachable. -Thu Nov 30 23:55:04 2023
phys43199.physics.gatech.edu is reachable. -Fri Dec  1 00:00:05 2023
phys43199.physics.gatech.edu is reachable. -Fri Dec  1 00:05:04 2023
phys43199.physics.gatech.edu is reachable. -Fri Dec  1 00:10:04 2023
phys43199.physics.gatech.edu is reachable. -Fri Dec  1 00:15:05 2023
phys43199.physics.gatech.edu is reachable. -Fri Dec  1 00:20:04 2023
phys43199.physics.gatech.edu is reachable. -Fri Dec  1 00:25:04 2023
phys43199.physics.gatech.edu is reachable. -Fri Dec  1 00:30:04 2023
phys43199.physics.gatech.edu is reachable. -Fri Dec  1 00:35:04 2023
phys43199.physics.gatech.edu is reachable. -Fri Dec  1 00:40:05 2023
phys43199.physics.gatech.edu is reachable. -Fri Dec  1 00:45:04 2023
phys43199.physics.gatech.edu is reachable. -Fri Dec  1 00:50:04 2023
phys43199.physics.gatech.edu is reachable. -Fri Dec  1 00:55:05 2023
phys43199.physics.gatech.edu is reachable. -Fri Dec  1 01:00:04 2023
phys43199.physics.gatech.edu is reachable. -Fri Dec  1 01:05:04 2023
phys43199.physics.gatech.edu is reachable. -Fri Dec  1 01:10:05 2023
phys43199.physics.gatech.edu is reachable. -Fri Dec  1 01:15:04 2023
phys43199.physics.gatech.edu is reachable. -Fri Dec  1 01:20:04 2023
phys43199.physics.gatech.edu is reachable. -Fri Dec  1 01:25:04 2023
phys43199.physics.gatech.edu is reachable. -Fri Dec  1 01:30:04 2023
phys43199.physics.gatech.edu is reachable. -Fri Dec  1 01:35:05 2023
phys43199.physics.gatech.edu is reachable. -Fri Dec  1 01:40:04 2023
phys43199.physics.gatech.edu is reachable. -Fri Dec  1 01:45:04 2023
phys43199.physics.gatech.edu is reachable. -Fri Dec  1 01:50:05 2023
phys43199.physics.gatech.edu is reachable. -Fri Dec  1 01:55:04 2023
phys43199.physics.gatech.edu is reachable. -Fri Dec  1 02:00:04 2023
phys43199.physics.gatech.edu is reachable. -Fri Dec  1 02:05:05 2023
phys43199.physics.gatech.edu is reachable. -Fri Dec  1 02:10:04 2023
phys43199.physics.gatech.edu is reachable. -Fri Dec  1 02:15:04 2023
phys43199.physics.gatech.edu is reachable. -Fri Dec  1 02:20:05 2023
phys43199.physics.gatech.edu is reachable. -Fri Dec  1 02:25:04 2023
phys43199.physics.gatech.edu is reachable. -Fri Dec  1 02:30:04 2023
phys43199.physics.gatech.edu is reachable. -Fri Dec  1 02:35:05 2023
phys43199.physics.gatech.edu is reachable. -Fri Dec  1 02:40:04 2023
phys43199.physics.gatech.edu is reachable. -Fri Dec  1 02:45:05 2023
phys43199.physics.gatech.edu is reachable. -Fri Dec  1 02:50:04 2023
phys43199.physics.gatech.edu is reachable. -Fri Dec  1 02:55:04 2023
phys43199.physics.gatech.edu is reachable. -Fri Dec  1 03:00:05 2023
phys43199.physics.gatech.edu is reachable. -Fri Dec  1 03:05:04 2023
phys43199.physics.gatech.edu is reachable. -Fri Dec  1 03:10:04 2023
phys43199.physics.gatech.edu is reachable. -Fri Dec  1 03:15:05 2023
phys43199.physics.gatech.edu is reachable. -Fri Dec  1 03:20:04 2023
phys43199.physics.gatech.edu is reachable. -Fri Dec  1 03:25:04 2023
phys43199.physics.gatech.edu is reachable. -Fri Dec  1 03:30:05 2023
phys43199.physics.gatech.edu is reachable. -Fri Dec  1 03:35:04 2023
phys43199.physics.gatech.edu is reachable. -Fri Dec  1 03:40:05 2023
phys43199.physics.gatech.edu is reachable. -Fri Dec  1 03:45:04 2023
phys43199.physics.gatech.edu is reachable. -Fri Dec  1 03:50:04 2023
phys43199.physics.gatech.edu is reachable. -Fri Dec  1 03:55:05 2023
phys43199.physics.gatech.edu is reachable. -Fri Dec  1 04:00:04 2023
phys43199.physics.gatech.edu is reachable. -Fri Dec  1 04:05:04 2023
phys43199.physics.gatech.edu is reachable. -Fri Dec  1 04:10:05 2023
phys43199.physics.gatech.edu is reachable. -Fri Dec  1 04:15:04 2023
phys43199.physics.gatech.edu is reachable. -Fri Dec  1 04:20:05 2023
phys43199.physics.gatech.edu is reachable. -Fri Dec  1 04:25:04 2023
phys43199.physics.gatech.edu is reachable. -Fri Dec  1 04:30:04 2023
phys43199.physics.gatech.edu is reachable. -Fri Dec  1 04:35:05 2023
phys43199.physics.gatech.edu is reachable. -Fri Dec  1 04:40:04 2023
phys43199.physics.gatech.edu is reachable. -Fri Dec  1 04:45:04 2023
phys43199.physics.gatech.edu is reachable. -Fri Dec  1 04:50:05 2023
phys43199.physics.gatech.edu is reachable. -Fri Dec  1 04:55:04 2023
phys43199.physics.gatech.edu is reachable. -Fri Dec  1 05:00:05 2023
phys43199.physics.gatech.edu is reachable. -Fri Dec  1 05:05:04 2023
phys43199.physics.gatech.edu is reachable. -Fri Dec  1 05:10:04 2023
phys43199.physics.gatech.edu is reachable. -Fri Dec  1 05:15:05 2023
phys43199.physics.gatech.edu is reachable. -Fri Dec  1 05:20:04 2023
phys43199.physics.gatech.edu is reachable. -Fri Dec  1 05:25:04 2023
phys43199.physics.gatech.edu is reachable. -Fri Dec  1 05:30:05 2023
phys43199.physics.gatech.edu is reachable. -Fri Dec  1 05:35:04 2023
phys43199.physics.gatech.edu is reachable. -Fri Dec  1 05:40:05 2023
phys43199.physics.gatech.edu is reachable. -Fri Dec  1 05:45:04 2023
phys43199.physics.gatech.edu is reachable. -Fri Dec  1 05:50:04 2023
phys43199.physics.gatech.edu is reachable. -Fri Dec  1 05:55:05 2023
phys43199.physics.gatech.edu is reachable. -Fri Dec  1 06:00:04 2023
phys43199.physics.gatech.edu is reachable. -Fri Dec  1 06:05:04 2023
phys43199.physics.gatech.edu is reachable. -Fri Dec  1 06:10:05 2023
phys43199.physics.gatech.edu is reachable. -Fri Dec  1 06:15:04 2023
phys43199.physics.gatech.edu is reachable. -Fri Dec  1 06:20:04 2023
phys43199.physics.gatech.edu is reachable. -Fri Dec  1 06:25:05 2023
phys43199.physics.gatech.edu is reachable. -Fri Dec  1 06:30:04 2023
phys43199.physics.gatech.edu is reachable. -Fri Dec  1 06:35:05 2023
phys43199.physics.gatech.edu is reachable. -Fri Dec  1 06:40:04 2023
phys43199.physics.gatech.edu is reachable. -Fri Dec  1 06:45:04 2023
phys43199.physics.gatech.edu is reachable. -Fri Dec  1 06:50:05 2023
phys43199.physics.gatech.edu is reachable. -Fri Dec  1 06:55:04 2023
phys43199.physics.gatech.edu is reachable. -Fri Dec  1 07:00:04 2023
phys43199.physics.gatech.edu is reachable. -Fri Dec  1 07:05:05 2023
phys43199.physics.gatech.edu is reachable. -Fri Dec  1 07:10:04 2023
phys43199.physics.gatech.edu is reachable. -Fri Dec  1 07:15:04 2023
phys43199.physics.gatech.edu is reachable. -Fri Dec  1 07:20:05 2023
phys43199.physics.gatech.edu is reachable. -Fri Dec  1 07:25:04 2023
phys43199.physics.gatech.edu is reachable. -Fri Dec  1 07:30:04 2023
phys43199.physics.gatech.edu is reachable. -Fri Dec  1 07:35:05 2023
phys43199.physics.gatech.edu is reachable. -Fri Dec  1 07:40:04 2023
phys43199.physics.gatech.edu is reachable. -Fri Dec  1 07:45:05 2023
phys43199.physics.gatech.edu is reachable. -Fri Dec  1 07:50:04 2023
phys43199.physics.gatech.edu is reachable. -Fri Dec  1 07:55:04 2023
phys43199.physics.gatech.edu is reachable. -Fri Dec  1 08:00:05 2023
phys43199.physics.gatech.edu is reachable. -Fri Dec  1 08:05:04 2023
phys43199.physics.gatech.edu is reachable. -Fri Dec  1 08:10:04 2023
phys43199.physics.gatech.edu is reachable. -Fri Dec  1 08:15:05 2023
phys43199.physics.gatech.edu is reachable. -Fri Dec  1 08:20:04 2023
phys43199.physics.gatech.edu is reachable. -Fri Dec  1 08:25:04 2023
phys43199.physics.gatech.edu is reachable. -Fri Dec  1 08:30:05 2023
phys43199.physics.gatech.edu is reachable. -Fri Dec  1 08:35:04 2023
phys43199.physics.gatech.edu is reachable. -Fri Dec  1 08:40:04 2023
phys43199.physics.gatech.edu is reachable. -Fri Dec  1 08:45:04 2023
phys43199.physics.gatech.edu is reachable. -Fri Dec  1 08:50:04 2023
phys43199.physics.gatech.edu is reachable. -Fri Dec  1 08:55:05 2023
phys43199.physics.gatech.edu is reachable. -Fri Dec  1 09:00:04 2023
phys43199.physics.gatech.edu is reachable. -Fri Dec  1 09:05:04 2023
phys43199.physics.gatech.edu is reachable. -Fri Dec  1 09:10:05 2023
phys43199.physics.gatech.edu is reachable. -Fri Dec  1 09:15:04 2023
phys43199.physics.gatech.edu is reachable. -Fri Dec  1 09:20:04 2023
phys43199.physics.gatech.edu is reachable. -Fri Dec  1 09:25:04 2023
phys43199.physics.gatech.edu is reachable. -Fri Dec  1 09:30:04 2023
phys43199.physics.gatech.edu is reachable. -Fri Dec  1 09:35:05 2023
phys43199.physics.gatech.edu is reachable. -Fri Dec  1 09:40:04 2023
phys43199.physics.gatech.edu is reachable. -Fri Dec  1 09:45:04 2023
phys43199.physics.gatech.edu is reachable. -Fri Dec  1 09:50:05 2023
phys43199.physics.gatech.edu is reachable. -Fri Dec  1 09:55:04 2023
phys43199.physics.gatech.edu is reachable. -Fri Dec  1 10:00:04 2023
phys43199.physics.gatech.edu is reachable. -Fri Dec  1 10:05:05 2023
phys43199.physics.gatech.edu is reachable. -Fri Dec  1 10:10:04 2023
phys43199.physics.gatech.edu is reachable. -Fri Dec  1 10:15:05 2023
phys43199.physics.gatech.edu is reachable. -Fri Dec  1 10:20:04 2023
phys43199.physics.gatech.edu is reachable. -Fri Dec  1 10:25:04 2023
phys43199.physics.gatech.edu is reachable. -Fri Dec  1 10:30:05 2023
phys43199.physics.gatech.edu is reachable. -Fri Dec  1 10:35:04 2023
phys43199.physics.gatech.edu is reachable. -Fri Dec  1 10:40:04 2023
phys43199.physics.gatech.edu is reachable. -Fri Dec  1 10:45:05 2023
phys43199.physics.gatech.edu is reachable. -Fri Dec  1 10:50:04 2023
phys43199.physics.gatech.edu is reachable. -Fri Dec  1 10:55:04 2023
phys43199.physics.gatech.edu is reachable. -Fri Dec  1 11:00:04 2023
phys43199.physics.gatech.edu is reachable. -Fri Dec  1 11:05:04 2023
phys43199.physics.gatech.edu is reachable. -Fri Dec  1 11:10:05 2023
phys43199.physics.gatech.edu is reachable. -Fri Dec  1 11:15:04 2023
phys43199.physics.gatech.edu is reachable. -Fri Dec  1 11:20:04 2023
phys43199.physics.gatech.edu is reachable. -Fri Dec  1 11:25:05 2023
phys43199.physics.gatech.edu is reachable. -Fri Dec  1 11:30:04 2023
phys43199.physics.gatech.edu is reachable. -Fri Dec  1 11:35:04 2023
phys43199.physics.gatech.edu is reachable. -Fri Dec  1 11:40:05 2023
phys43199.physics.gatech.edu is reachable. -Fri Dec  1 11:45:04 2023
phys43199.physics.gatech.edu is reachable. -Fri Dec  1 11:50:04 2023
phys43199.physics.gatech.edu is reachable. -Fri Dec  1 11:55:04 2023
phys43199.physics.gatech.edu is reachable. -Fri Dec  1 12:00:04 2023
phys43199.physics.gatech.edu is reachable. -Fri Dec  1 12:05:05 2023
phys43199.physics.gatech.edu is reachable. -Fri Dec  1 12:10:04 2023
phys43199.physics.gatech.edu is reachable. -Fri Dec  1 12:15:04 2023
phys43199.physics.gatech.edu is reachable. -Fri Dec  1 12:20:05 2023
phys43199.physics.gatech.edu is reachable. -Fri Dec  1 12:25:04 2023
phys43199.physics.gatech.edu is reachable. -Fri Dec  1 12:30:04 2023
phys43199.physics.gatech.edu is reachable. -Fri Dec  1 12:35:05 2023
phys43199.physics.gatech.edu is reachable. -Fri Dec  1 12:40:04 2023
phys43199.physics.gatech.edu is reachable. -Fri Dec  1 12:45:04 2023
phys43199.physics.gatech.edu is reachable. -Fri Dec  1 12:50:05 2023
phys43199.physics.gatech.edu is reachable. -Fri Dec  1 12:55:04 2023
phys43199.physics.gatech.edu is reachable. -Fri Dec  1 13:00:04 2023
phys43199.physics.gatech.edu is reachable. -Fri Dec  1 13:05:04 2023
phys43199.physics.gatech.edu is reachable. -Fri Dec  1 13:10:04 2023
phys43199.physics.gatech.edu is reachable. -Fri Dec  1 13:15:05 2023
phys43199.physics.gatech.edu is reachable. -Fri Dec  1 13:20:04 2023
phys43199.physics.gatech.edu is reachable. -Fri Dec  1 13:25:04 2023
phys43199.physics.gatech.edu is reachable. -Fri Dec  1 13:30:05 2023
phys43199.physics.gatech.edu is reachable. -Fri Dec  1 13:35:04 2023
phys43199.physics.gatech.edu is reachable. -Fri Dec  1 13:40:04 2023
phys43199.physics.gatech.edu is reachable. -Fri Dec  1 13:45:05 2023
phys43199.physics.gatech.edu is reachable. -Fri Dec  1 13:50:04 2023
phys43199.physics.gatech.edu is reachable. -Fri Dec  1 13:55:04 2023
phys43199.physics.gatech.edu is reachable. -Fri Dec  1 14:00:04 2023
phys43199.physics.gatech.edu is reachable. -Fri Dec  1 14:05:04 2023
phys43199.physics.gatech.edu is reachable. -Fri Dec  1 14:10:05 2023
phys43199.physics.gatech.edu is reachable. -Fri Dec  1 14:15:05 2023
phys43199.physics.gatech.edu is reachable. -Fri Dec  1 14:20:04 2023
phys43199.physics.gatech.edu is reachable. -Fri Dec  1 14:25:05 2023
phys43199.physics.gatech.edu is reachable. -Fri Dec  1 14:30:04 2023
phys43199.physics.gatech.edu is reachable. -Fri Dec  1 14:35:04 2023
phys43199.physics.gatech.edu is reachable. -Fri Dec  1 14:40:05 2023
phys43199.physics.gatech.edu is reachable. -Fri Dec  1 14:45:04 2023
phys43199.physics.gatech.edu is reachable. -Fri Dec  1 14:50:04 2023
phys43199.physics.gatech.edu is reachable. -Fri Dec  1 14:55:05 2023
phys43199.physics.gatech.edu is reachable. -Fri Dec  1 15:00:04 2023
phys43199.physics.gatech.edu is reachable. -Fri Dec  1 15:05:04 2023
phys43199.physics.gatech.edu is reachable. -Fri Dec  1 15:10:04 2023
phys43199.physics.gatech.edu is reachable. -Fri Dec  1 15:15:04 2023
phys43199.physics.gatech.edu is reachable. -Fri Dec  1 15:20:05 2023
phys43199.physics.gatech.edu is reachable. -Fri Dec  1 15:25:04 2023
phys43199.physics.gatech.edu is reachable. -Fri Dec  1 15:30:04 2023
phys43199.physics.gatech.edu is reachable. -Fri Dec  1 15:35:05 2023
phys43199.physics.gatech.edu is reachable. -Fri Dec  1 15:40:04 2023
phys43199.physics.gatech.edu is reachable. -Fri Dec  1 15:45:04 2023
phys43199.physics.gatech.edu is reachable. -Fri Dec  1 15:50:05 2023
phys43199.physics.gatech.edu is reachable. -Fri Dec  1 15:55:04 2023
phys43199.physics.gatech.edu is reachable. -Fri Dec  1 16:00:04 2023
phys43199.physics.gatech.edu is reachable. -Fri Dec  1 16:05:05 2023
phys43199.physics.gatech.edu is reachable. -Fri Dec  1 16:10:04 2023
phys43199.physics.gatech.edu is reachable. -Fri Dec  1 16:15:04 2023
phys43199.physics.gatech.edu is reachable. -Fri Dec  1 16:20:05 2023
phys43199.physics.gatech.edu is reachable. -Fri Dec  1 16:25:04 2023
phys43199.physics.gatech.edu is reachable. -Fri Dec  1 16:30:04 2023
phys43199.physics.gatech.edu is reachable. -Fri Dec  1 16:35:04 2023
phys43199.physics.gatech.edu is reachable. -Fri Dec  1 16:40:04 2023
phys43199.physics.gatech.edu is reachable. -Fri Dec  1 16:45:05 2023
phys43199.physics.gatech.edu is reachable. -Fri Dec  1 16:50:04 2023
phys43199.physics.gatech.edu is reachable. -Fri Dec  1 16:55:04 2023
phys43199.physics.gatech.edu is reachable. -Fri Dec  1 17:00:05 2023
phys43199.physics.gatech.edu is reachable. -Fri Dec  1 17:05:04 2023
phys43199.physics.gatech.edu is reachable. -Fri Dec  1 17:10:04 2023
phys43199.physics.gatech.edu is reachable. -Fri Dec  1 17:15:05 2023
phys43199.physics.gatech.edu is reachable. -Fri Dec  1 17:20:04 2023
phys43199.physics.gatech.edu is reachable. -Fri Dec  1 17:25:04 2023
phys43199.physics.gatech.edu is reachable. -Fri Dec  1 17:30:05 2023
phys43199.physics.gatech.edu is reachable. -Fri Dec  1 17:35:04 2023
phys43199.physics.gatech.edu is reachable. -Fri Dec  1 17:40:04 2023
phys43199.physics.gatech.edu is reachable. -Fri Dec  1 17:45:04 2023
phys43199.physics.gatech.edu is reachable. -Fri Dec  1 17:50:04 2023
phys43199.physics.gatech.edu is reachable. -Fri Dec  1 17:55:05 2023
phys43199.physics.gatech.edu is reachable. -Fri Dec  1 18:00:04 2023
phys43199.physics.gatech.edu is reachable. -Fri Dec  1 18:05:04 2023
phys43199.physics.gatech.edu is reachable. -Fri Dec  1 18:10:05 2023
phys43199.physics.gatech.edu is reachable. -Fri Dec  1 18:15:04 2023
phys43199.physics.gatech.edu is reachable. -Fri Dec  1 18:20:04 2023
phys43199.physics.gatech.edu is reachable. -Fri Dec  1 18:25:05 2023
phys43199.physics.gatech.edu is reachable. -Fri Dec  1 18:30:04 2023
phys43199.physics.gatech.edu is reachable. -Fri Dec  1 18:35:04 2023
phys43199.physics.gatech.edu is reachable. -Fri Dec  1 18:40:04 2023
phys43199.physics.gatech.edu is reachable. -Fri Dec  1 18:45:04 2023
phys43199.physics.gatech.edu is reachable. -Fri Dec  1 18:50:05 2023
phys43199.physics.gatech.edu is reachable. -Fri Dec  1 18:55:04 2023
phys43199.physics.gatech.edu is reachable. -Fri Dec  1 19:00:04 2023
phys43199.physics.gatech.edu is reachable. -Fri Dec  1 19:05:05 2023
phys43199.physics.gatech.edu is reachable. -Fri Dec  1 19:10:04 2023
phys43199.physics.gatech.edu is reachable. -Fri Dec  1 19:15:04 2023
phys43199.physics.gatech.edu is reachable. -Fri Dec  1 19:20:05 2023
phys43199.physics.gatech.edu is reachable. -Fri Dec  1 19:25:04 2023
phys43199.physics.gatech.edu is reachable. -Fri Dec  1 19:30:04 2023
phys43199.physics.gatech.edu is reachable. -Fri Dec  1 19:35:05 2023
phys43199.physics.gatech.edu is reachable. -Fri Dec  1 19:40:04 2023
phys43199.physics.gatech.edu is reachable. -Fri Dec  1 19:45:05 2023
phys43199.physics.gatech.edu is reachable. -Fri Dec  1 19:50:04 2023
phys43199.physics.gatech.edu is reachable. -Fri Dec  1 19:55:04 2023
phys43199.physics.gatech.edu is reachable. -Fri Dec  1 20:00:05 2023
phys43199.physics.gatech.edu is reachable. -Fri Dec  1 20:05:04 2023
phys43199.physics.gatech.edu is reachable. -Fri Dec  1 20:10:04 2023
phys43199.physics.gatech.edu is reachable. -Fri Dec  1 20:15:05 2023
phys43199.physics.gatech.edu is reachable. -Fri Dec  1 20:20:04 2023
phys43199.physics.gatech.edu is reachable. -Fri Dec  1 20:25:05 2023
phys43199.physics.gatech.edu is reachable. -Fri Dec  1 20:30:04 2023
phys43199.physics.gatech.edu is reachable. -Fri Dec  1 20:35:04 2023
phys43199.physics.gatech.edu is reachable. -Fri Dec  1 20:40:04 2023
phys43199.physics.gatech.edu is reachable. -Fri Dec  1 20:45:05 2023
phys43199.physics.gatech.edu is reachable. -Fri Dec  1 20:50:04 2023
phys43199.physics.gatech.edu is reachable. -Fri Dec  1 20:55:05 2023
phys43199.physics.gatech.edu is reachable. -Fri Dec  1 21:00:04 2023
phys43199.physics.gatech.edu is reachable. -Fri Dec  1 21:05:04 2023
phys43199.physics.gatech.edu is reachable. -Fri Dec  1 21:10:05 2023
phys43199.physics.gatech.edu is reachable. -Fri Dec  1 21:15:04 2023
phys43199.physics.gatech.edu is reachable. -Fri Dec  1 21:20:04 2023
phys43199.physics.gatech.edu is reachable. -Fri Dec  1 21:25:05 2023
phys43199.physics.gatech.edu is reachable. -Fri Dec  1 21:30:04 2023
phys43199.physics.gatech.edu is reachable. -Fri Dec  1 21:35:04 2023
phys43199.physics.gatech.edu is reachable. -Fri Dec  1 21:40:04 2023
phys43199.physics.gatech.edu is reachable. -Fri Dec  1 21:45:04 2023
phys43199.physics.gatech.edu is reachable. -Fri Dec  1 21:50:05 2023
phys43199.physics.gatech.edu is reachable. -Fri Dec  1 21:55:04 2023
phys43199.physics.gatech.edu is reachable. -Fri Dec  1 22:00:04 2023
phys43199.physics.gatech.edu is reachable. -Fri Dec  1 22:05:05 2023
phys43199.physics.gatech.edu is reachable. -Fri Dec  1 22:10:04 2023
phys43199.physics.gatech.edu is reachable. -Fri Dec  1 22:15:04 2023
phys43199.physics.gatech.edu is reachable. -Fri Dec  1 22:20:05 2023
phys43199.physics.gatech.edu is reachable. -Fri Dec  1 22:25:04 2023
phys43199.physics.gatech.edu is reachable. -Fri Dec  1 22:30:04 2023
phys43199.physics.gatech.edu is reachable. -Fri Dec  1 22:35:04 2023
phys43199.physics.gatech.edu is reachable. -Fri Dec  1 22:40:04 2023
phys43199.physics.gatech.edu is reachable. -Fri Dec  1 22:45:05 2023
phys43199.physics.gatech.edu is reachable. -Fri Dec  1 22:50:04 2023
phys43199.physics.gatech.edu is reachable. -Fri Dec  1 22:55:04 2023
phys43199.physics.gatech.edu is reachable. -Fri Dec  1 23:00:05 2023
phys43199.physics.gatech.edu is reachable. -Fri Dec  1 23:05:04 2023
phys43199.physics.gatech.edu is reachable. -Fri Dec  1 23:10:04 2023
phys43199.physics.gatech.edu is reachable. -Fri Dec  1 23:15:05 2023
phys43199.physics.gatech.edu is reachable. -Fri Dec  1 23:20:04 2023
phys43199.physics.gatech.edu is reachable. -Fri Dec  1 23:25:04 2023
phys43199.physics.gatech.edu is reachable. -Fri Dec  1 23:30:04 2023
phys43199.physics.gatech.edu is reachable. -Fri Dec  1 23:35:04 2023
phys43199.physics.gatech.edu is reachable. -Fri Dec  1 23:40:05 2023
phys43199.physics.gatech.edu is reachable. -Fri Dec  1 23:45:04 2023
phys43199.physics.gatech.edu is reachable. -Fri Dec  1 23:50:04 2023
phys43199.physics.gatech.edu is reachable. -Fri Dec  1 23:55:05 2023
phys43199.physics.gatech.edu is reachable. -Sat Dec  2 00:00:04 2023
phys43199.physics.gatech.edu is reachable. -Sat Dec  2 00:05:04 2023
phys43199.physics.gatech.edu is reachable. -Sat Dec  2 00:10:05 2023
phys43199.physics.gatech.edu is reachable. -Sat Dec  2 00:15:04 2023
phys43199.physics.gatech.edu is reachable. -Sat Dec  2 00:20:05 2023
phys43199.physics.gatech.edu is reachable. -Sat Dec  2 00:25:04 2023
phys43199.physics.gatech.edu is reachable. -Sat Dec  2 00:30:04 2023
phys43199.physics.gatech.edu is reachable. -Sat Dec  2 00:35:05 2023
phys43199.physics.gatech.edu is reachable. -Sat Dec  2 00:40:04 2023
phys43199.physics.gatech.edu is reachable. -Sat Dec  2 00:45:04 2023
phys43199.physics.gatech.edu is reachable. -Sat Dec  2 00:50:05 2023
phys43199.physics.gatech.edu is reachable. -Sat Dec  2 00:55:04 2023
phys43199.physics.gatech.edu is reachable. -Sat Dec  2 01:00:04 2023
phys43199.physics.gatech.edu is reachable. -Sat Dec  2 01:05:05 2023
phys43199.physics.gatech.edu is reachable. -Sat Dec  2 01:10:04 2023
phys43199.physics.gatech.edu is reachable. -Sat Dec  2 01:15:04 2023
phys43199.physics.gatech.edu is reachable. -Sat Dec  2 01:20:04 2023
phys43199.physics.gatech.edu is reachable. -Sat Dec  2 01:25:04 2023
phys43199.physics.gatech.edu is reachable. -Sat Dec  2 01:30:05 2023
phys43199.physics.gatech.edu is reachable. -Sat Dec  2 01:35:04 2023
phys43199.physics.gatech.edu is reachable. -Sat Dec  2 01:40:04 2023
phys43199.physics.gatech.edu is reachable. -Sat Dec  2 01:45:05 2023
phys43199.physics.gatech.edu is reachable. -Sat Dec  2 01:50:04 2023
phys43199.physics.gatech.edu is reachable. -Sat Dec  2 01:55:04 2023
phys43199.physics.gatech.edu is reachable. -Sat Dec  2 02:00:05 2023
phys43199.physics.gatech.edu is reachable. -Sat Dec  2 02:05:04 2023
phys43199.physics.gatech.edu is reachable. -Sat Dec  2 02:10:05 2023
phys43199.physics.gatech.edu is reachable. -Sat Dec  2 02:15:04 2023
phys43199.physics.gatech.edu is reachable. -Sat Dec  2 02:20:04 2023
phys43199.physics.gatech.edu is reachable. -Sat Dec  2 02:25:05 2023
phys43199.physics.gatech.edu is reachable. -Sat Dec  2 02:30:04 2023
phys43199.physics.gatech.edu is reachable. -Sat Dec  2 02:35:04 2023
phys43199.physics.gatech.edu is reachable. -Sat Dec  2 02:40:05 2023
phys43199.physics.gatech.edu is reachable. -Sat Dec  2 02:45:04 2023
phys43199.physics.gatech.edu is reachable. -Sat Dec  2 02:50:04 2023
phys43199.physics.gatech.edu is reachable. -Sat Dec  2 02:55:05 2023
phys43199.physics.gatech.edu is reachable. -Sat Dec  2 03:00:04 2023
phys43199.physics.gatech.edu is reachable. -Sat Dec  2 03:05:04 2023
phys43199.physics.gatech.edu is reachable. -Sat Dec  2 03:10:05 2023
phys43199.physics.gatech.edu is reachable. -Sat Dec  2 03:15:04 2023
phys43199.physics.gatech.edu is reachable. -Sat Dec  2 03:20:04 2023
phys43199.physics.gatech.edu is reachable. -Sat Dec  2 03:25:05 2023
phys43199.physics.gatech.edu is reachable. -Sat Dec  2 03:30:04 2023
phys43199.physics.gatech.edu is reachable. -Sat Dec  2 03:35:04 2023
phys43199.physics.gatech.edu is reachable. -Sat Dec  2 03:40:05 2023
phys43199.physics.gatech.edu is reachable. -Sat Dec  2 03:45:04 2023
phys43199.physics.gatech.edu is reachable. -Sat Dec  2 03:50:04 2023
phys43199.physics.gatech.edu is reachable. -Sat Dec  2 03:55:04 2023
phys43199.physics.gatech.edu is reachable. -Sat Dec  2 04:00:04 2023
phys43199.physics.gatech.edu is reachable. -Sat Dec  2 04:05:05 2023
phys43199.physics.gatech.edu is reachable. -Sat Dec  2 04:10:04 2023
phys43199.physics.gatech.edu is reachable. -Sat Dec  2 04:15:04 2023
phys43199.physics.gatech.edu is reachable. -Sat Dec  2 04:20:05 2023
phys43199.physics.gatech.edu is reachable. -Sat Dec  2 04:25:04 2023
phys43199.physics.gatech.edu is reachable. -Sat Dec  2 04:30:04 2023
phys43199.physics.gatech.edu is reachable. -Sat Dec  2 04:35:05 2023
phys43199.physics.gatech.edu is reachable. -Sat Dec  2 04:40:04 2023
phys43199.physics.gatech.edu is reachable. -Sat Dec  2 04:45:04 2023
phys43199.physics.gatech.edu is reachable. -Sat Dec  2 04:50:05 2023
phys43199.physics.gatech.edu is reachable. -Sat Dec  2 04:55:04 2023
phys43199.physics.gatech.edu is reachable. -Sat Dec  2 05:00:04 2023
phys43199.physics.gatech.edu is reachable. -Sat Dec  2 05:05:04 2023
phys43199.physics.gatech.edu is reachable. -Sat Dec  2 05:10:04 2023
phys43199.physics.gatech.edu is reachable. -Sat Dec  2 05:15:05 2023
phys43199.physics.gatech.edu is reachable. -Sat Dec  2 05:20:04 2023
phys43199.physics.gatech.edu is reachable. -Sat Dec  2 05:25:04 2023
phys43199.physics.gatech.edu is reachable. -Sat Dec  2 05:30:05 2023
phys43199.physics.gatech.edu is reachable. -Sat Dec  2 05:35:04 2023
phys43199.physics.gatech.edu is reachable. -Sat Dec  2 05:40:04 2023
phys43199.physics.gatech.edu is reachable. -Sat Dec  2 05:45:05 2023
phys43199.physics.gatech.edu is reachable. -Sat Dec  2 05:50:04 2023
phys43199.physics.gatech.edu is reachable. -Sat Dec  2 05:55:05 2023
phys43199.physics.gatech.edu is reachable. -Sat Dec  2 06:00:04 2023
phys43199.physics.gatech.edu is reachable. -Sat Dec  2 06:05:04 2023
phys43199.physics.gatech.edu is reachable. -Sat Dec  2 06:10:05 2023
phys43199.physics.gatech.edu is reachable. -Sat Dec  2 06:15:04 2023
phys43199.physics.gatech.edu is reachable. -Sat Dec  2 06:20:04 2023
phys43199.physics.gatech.edu is reachable. -Sat Dec  2 06:25:05 2023
phys43199.physics.gatech.edu is reachable. -Sat Dec  2 06:30:04 2023
phys43199.physics.gatech.edu is reachable. -Sat Dec  2 06:35:05 2023
phys43199.physics.gatech.edu is reachable. -Sat Dec  2 06:40:04 2023
phys43199.physics.gatech.edu is reachable. -Sat Dec  2 06:45:04 2023
phys43199.physics.gatech.edu is reachable. -Sat Dec  2 06:50:05 2023
phys43199.physics.gatech.edu is reachable. -Sat Dec  2 06:55:04 2023
phys43199.physics.gatech.edu is reachable. -Sat Dec  2 07:00:04 2023
phys43199.physics.gatech.edu is reachable. -Sat Dec  2 07:05:05 2023
phys43199.physics.gatech.edu is reachable. -Sat Dec  2 07:10:04 2023
phys43199.physics.gatech.edu is reachable. -Sat Dec  2 07:15:04 2023
phys43199.physics.gatech.edu is reachable. -Sat Dec  2 07:20:05 2023
phys43199.physics.gatech.edu is reachable. -Sat Dec  2 07:25:04 2023
phys43199.physics.gatech.edu is reachable. -Sat Dec  2 07:30:04 2023
phys43199.physics.gatech.edu is reachable. -Sat Dec  2 07:35:05 2023
phys43199.physics.gatech.edu is reachable. -Sat Dec  2 07:40:04 2023
phys43199.physics.gatech.edu is reachable. -Sat Dec  2 07:45:05 2023
phys43199.physics.gatech.edu is reachable. -Sat Dec  2 07:50:04 2023
phys43199.physics.gatech.edu is reachable. -Sat Dec  2 07:55:04 2023
phys43199.physics.gatech.edu is reachable. -Sat Dec  2 08:00:05 2023
phys43199.physics.gatech.edu is reachable. -Sat Dec  2 08:05:08 2023
phys43199.physics.gatech.edu is reachable. -Sat Dec  2 08:10:04 2023
phys43199.physics.gatech.edu is reachable. -Sat Dec  2 08:15:05 2023
phys43199.physics.gatech.edu is reachable. -Sat Dec  2 08:20:04 2023
phys43199.physics.gatech.edu is reachable. -Sat Dec  2 08:25:05 2023
phys43199.physics.gatech.edu is reachable. -Sat Dec  2 08:30:04 2023
phys43199.physics.gatech.edu is reachable. -Sat Dec  2 08:35:04 2023
phys43199.physics.gatech.edu is reachable. -Sat Dec  2 08:40:05 2023
phys43199.physics.gatech.edu is reachable. -Sat Dec  2 08:45:04 2023
phys43199.physics.gatech.edu is reachable. -Sat Dec  2 08:50:04 2023
phys43199.physics.gatech.edu is reachable. -Sat Dec  2 08:55:05 2023
phys43199.physics.gatech.edu is reachable. -Sat Dec  2 09:00:04 2023
phys43199.physics.gatech.edu is reachable. -Sat Dec  2 09:05:04 2023
phys43199.physics.gatech.edu is reachable. -Sat Dec  2 09:10:04 2023
phys43199.physics.gatech.edu is reachable. -Sat Dec  2 09:15:04 2023
phys43199.physics.gatech.edu is reachable. -Sat Dec  2 09:20:05 2023
phys43199.physics.gatech.edu is reachable. -Sat Dec  2 09:25:04 2023
phys43199.physics.gatech.edu is reachable. -Sat Dec  2 09:30:04 2023
phys43199.physics.gatech.edu is reachable. -Sat Dec  2 09:35:05 2023
phys43199.physics.gatech.edu is reachable. -Sat Dec  2 09:40:04 2023
phys43199.physics.gatech.edu is reachable. -Sat Dec  2 09:45:04 2023
phys43199.physics.gatech.edu is reachable. -Sat Dec  2 09:50:05 2023
phys43199.physics.gatech.edu is reachable. -Sat Dec  2 09:55:04 2023
phys43199.physics.gatech.edu is reachable. -Sat Dec  2 10:00:04 2023
phys43199.physics.gatech.edu is reachable. -Sat Dec  2 10:05:05 2023
phys43199.physics.gatech.edu is reachable. -Sat Dec  2 10:10:04 2023
phys43199.physics.gatech.edu is reachable. -Sat Dec  2 10:15:05 2023
phys43199.physics.gatech.edu is reachable. -Sat Dec  2 10:20:04 2023
phys43199.physics.gatech.edu is reachable. -Sat Dec  2 10:25:04 2023
phys43199.physics.gatech.edu is reachable. -Sat Dec  2 10:30:05 2023
phys43199.physics.gatech.edu is reachable. -Sat Dec  2 10:35:04 2023
phys43199.physics.gatech.edu is reachable. -Sat Dec  2 10:40:04 2023
phys43199.physics.gatech.edu is reachable. -Sat Dec  2 10:45:05 2023
phys43199.physics.gatech.edu is reachable. -Sat Dec  2 10:50:04 2023
phys43199.physics.gatech.edu is reachable. -Sat Dec  2 10:55:05 2023
phys43199.physics.gatech.edu is reachable. -Sat Dec  2 11:00:04 2023
phys43199.physics.gatech.edu is reachable. -Sat Dec  2 11:05:04 2023
phys43199.physics.gatech.edu is reachable. -Sat Dec  2 11:10:05 2023
phys43199.physics.gatech.edu is reachable. -Sat Dec  2 11:15:04 2023
phys43199.physics.gatech.edu is reachable. -Sat Dec  2 11:20:04 2023
phys43199.physics.gatech.edu is reachable. -Sat Dec  2 11:25:05 2023
phys43199.physics.gatech.edu is reachable. -Sat Dec  2 11:30:04 2023
phys43199.physics.gatech.edu is reachable. -Sat Dec  2 11:35:04 2023
phys43199.physics.gatech.edu is reachable. -Sat Dec  2 11:40:05 2023
phys43199.physics.gatech.edu is reachable. -Sat Dec  2 11:45:04 2023
phys43199.physics.gatech.edu is reachable. -Sat Dec  2 11:50:05 2023
phys43199.physics.gatech.edu is reachable. -Sat Dec  2 11:55:04 2023
phys43199.physics.gatech.edu is reachable. -Sat Dec  2 12:00:04 2023
phys43199.physics.gatech.edu is reachable. -Sat Dec  2 12:05:05 2023
phys43199.physics.gatech.edu is reachable. -Sat Dec  2 12:10:04 2023
phys43199.physics.gatech.edu is reachable. -Sat Dec  2 12:15:04 2023
phys43199.physics.gatech.edu is reachable. -Sat Dec  2 12:20:05 2023
phys43199.physics.gatech.edu is reachable. -Sat Dec  2 12:25:04 2023
phys43199.physics.gatech.edu is reachable. -Sat Dec  2 12:30:04 2023
phys43199.physics.gatech.edu is reachable. -Sat Dec  2 12:35:04 2023
phys43199.physics.gatech.edu is reachable. -Sat Dec  2 12:40:04 2023
phys43199.physics.gatech.edu is reachable. -Sat Dec  2 12:45:05 2023
phys43199.physics.gatech.edu is reachable. -Sat Dec  2 12:50:04 2023
phys43199.physics.gatech.edu is reachable. -Sat Dec  2 12:55:04 2023
phys43199.physics.gatech.edu is reachable. -Sat Dec  2 13:00:05 2023
phys43199.physics.gatech.edu is reachable. -Sat Dec  2 13:05:04 2023
phys43199.physics.gatech.edu is reachable. -Sat Dec  2 13:10:04 2023
phys43199.physics.gatech.edu is reachable. -Sat Dec  2 13:15:05 2023
phys43199.physics.gatech.edu is reachable. -Sat Dec  2 13:20:04 2023
phys43199.physics.gatech.edu is reachable. -Sat Dec  2 13:25:04 2023
phys43199.physics.gatech.edu is reachable. -Sat Dec  2 13:30:05 2023
phys43199.physics.gatech.edu is reachable. -Sat Dec  2 13:35:04 2023
phys43199.physics.gatech.edu is reachable. -Sat Dec  2 13:40:04 2023
phys43199.physics.gatech.edu is reachable. -Sat Dec  2 13:45:05 2023
phys43199.physics.gatech.edu is reachable. -Sat Dec  2 13:50:04 2023
phys43199.physics.gatech.edu is reachable. -Sat Dec  2 13:55:04 2023
phys43199.physics.gatech.edu is reachable. -Sat Dec  2 14:00:05 2023
phys43199.physics.gatech.edu is reachable. -Sat Dec  2 14:05:04 2023
phys43199.physics.gatech.edu is reachable. -Sat Dec  2 14:10:05 2023
phys43199.physics.gatech.edu is reachable. -Sat Dec  2 14:15:04 2023
phys43199.physics.gatech.edu is reachable. -Sat Dec  2 14:20:04 2023
phys43199.physics.gatech.edu is reachable. -Sat Dec  2 14:25:04 2023
phys43199.physics.gatech.edu is reachable. -Sat Dec  2 14:30:04 2023
phys43199.physics.gatech.edu is reachable. -Sat Dec  2 14:35:04 2023
phys43199.physics.gatech.edu is reachable. -Sat Dec  2 14:40:05 2023
phys43199.physics.gatech.edu is reachable. -Sat Dec  2 14:45:04 2023
phys43199.physics.gatech.edu is reachable. -Sat Dec  2 14:50:04 2023
phys43199.physics.gatech.edu is reachable. -Sat Dec  2 14:55:05 2023
phys43199.physics.gatech.edu is reachable. -Sat Dec  2 15:00:04 2023
phys43199.physics.gatech.edu is reachable. -Sat Dec  2 15:05:04 2023
phys43199.physics.gatech.edu is reachable. -Sat Dec  2 15:10:05 2023
phys43199.physics.gatech.edu is reachable. -Sat Dec  2 15:15:04 2023
phys43199.physics.gatech.edu is reachable. -Sat Dec  2 15:20:04 2023
phys43199.physics.gatech.edu is reachable. -Sat Dec  2 15:25:04 2023
phys43199.physics.gatech.edu is reachable. -Sat Dec  2 15:30:04 2023
phys43199.physics.gatech.edu is reachable. -Sat Dec  2 15:35:05 2023
phys43199.physics.gatech.edu is reachable. -Sat Dec  2 15:40:04 2023
phys43199.physics.gatech.edu is reachable. -Sat Dec  2 15:45:04 2023
phys43199.physics.gatech.edu is reachable. -Sat Dec  2 15:50:04 2023
phys43199.physics.gatech.edu is reachable. -Sat Dec  2 15:55:04 2023
phys43199.physics.gatech.edu is reachable. -Sat Dec  2 16:00:04 2023
phys43199.physics.gatech.edu is reachable. -Sat Dec  2 16:05:05 2023
phys43199.physics.gatech.edu is reachable. -Sat Dec  2 16:10:04 2023
phys43199.physics.gatech.edu is reachable. -Sat Dec  2 16:15:04 2023
phys43199.physics.gatech.edu is reachable. -Sat Dec  2 16:20:05 2023
phys43199.physics.gatech.edu is reachable. -Sat Dec  2 16:25:04 2023
phys43199.physics.gatech.edu is reachable. -Sat Dec  2 16:30:04 2023
phys43199.physics.gatech.edu is reachable. -Sat Dec  2 16:35:04 2023
phys43199.physics.gatech.edu is reachable. -Sat Dec  2 16:40:04 2023
phys43199.physics.gatech.edu is reachable. -Sat Dec  2 16:45:05 2023
phys43199.physics.gatech.edu is reachable. -Sat Dec  2 16:50:04 2023
phys43199.physics.gatech.edu is reachable. -Sat Dec  2 16:55:04 2023
phys43199.physics.gatech.edu is reachable. -Sat Dec  2 17:00:05 2023
phys43199.physics.gatech.edu is reachable. -Sat Dec  2 17:05:04 2023
phys43199.physics.gatech.edu is reachable. -Sat Dec  2 17:10:04 2023
phys43199.physics.gatech.edu is reachable. -Sat Dec  2 17:15:05 2023
phys43199.physics.gatech.edu is reachable. -Sat Dec  2 17:20:04 2023
phys43199.physics.gatech.edu is reachable. -Sat Dec  2 17:25:04 2023
phys43199.physics.gatech.edu is reachable. -Sat Dec  2 17:30:04 2023
phys43199.physics.gatech.edu is reachable. -Sat Dec  2 17:35:04 2023
phys43199.physics.gatech.edu is reachable. -Sat Dec  2 17:40:05 2023
phys43199.physics.gatech.edu is reachable. -Sat Dec  2 17:45:04 2023
phys43199.physics.gatech.edu is reachable. -Sat Dec  2 17:50:04 2023
phys43199.physics.gatech.edu is reachable. -Sat Dec  2 17:55:05 2023
phys43199.physics.gatech.edu is reachable. -Sat Dec  2 18:00:04 2023
phys43199.physics.gatech.edu is reachable. -Sat Dec  2 18:05:04 2023
phys43199.physics.gatech.edu is reachable. -Sat Dec  2 18:10:05 2023
phys43199.physics.gatech.edu is reachable. -Sat Dec  2 18:15:04 2023
phys43199.physics.gatech.edu is reachable. -Sat Dec  2 18:20:04 2023
phys43199.physics.gatech.edu is reachable. -Sat Dec  2 18:25:04 2023
phys43199.physics.gatech.edu is reachable. -Sat Dec  2 18:30:04 2023
phys43199.physics.gatech.edu is reachable. -Sat Dec  2 18:35:05 2023
phys43199.physics.gatech.edu is reachable. -Sat Dec  2 18:40:04 2023
phys43199.physics.gatech.edu is reachable. -Sat Dec  2 18:45:04 2023
phys43199.physics.gatech.edu is reachable. -Sat Dec  2 18:50:05 2023
phys43199.physics.gatech.edu is reachable. -Sat Dec  2 18:55:04 2023
phys43199.physics.gatech.edu is reachable. -Sat Dec  2 19:00:04 2023
phys43199.physics.gatech.edu is reachable. -Sat Dec  2 19:05:05 2023
phys43199.physics.gatech.edu is reachable. -Sat Dec  2 19:10:04 2023
phys43199.physics.gatech.edu is reachable. -Sat Dec  2 19:15:04 2023
phys43199.physics.gatech.edu is reachable. -Sat Dec  2 19:20:04 2023
phys43199.physics.gatech.edu is reachable. -Sat Dec  2 19:25:04 2023
phys43199.physics.gatech.edu is reachable. -Sat Dec  2 19:30:05 2023
phys43199.physics.gatech.edu is reachable. -Sat Dec  2 19:35:04 2023
phys43199.physics.gatech.edu is reachable. -Sat Dec  2 19:40:04 2023
phys43199.physics.gatech.edu is reachable. -Sat Dec  2 19:45:05 2023
phys43199.physics.gatech.edu is reachable. -Sat Dec  2 19:50:04 2023
phys43199.physics.gatech.edu is reachable. -Sat Dec  2 19:55:04 2023
phys43199.physics.gatech.edu is reachable. -Sat Dec  2 20:00:05 2023
phys43199.physics.gatech.edu is reachable. -Sat Dec  2 20:05:04 2023
phys43199.physics.gatech.edu is reachable. -Sat Dec  2 20:10:05 2023
phys43199.physics.gatech.edu is reachable. -Sat Dec  2 20:15:04 2023
phys43199.physics.gatech.edu is reachable. -Sat Dec  2 20:20:04 2023
phys43199.physics.gatech.edu is reachable. -Sat Dec  2 20:25:05 2023
phys43199.physics.gatech.edu is reachable. -Sat Dec  2 20:30:04 2023
phys43199.physics.gatech.edu is reachable. -Sat Dec  2 20:35:04 2023
phys43199.physics.gatech.edu is reachable. -Sat Dec  2 20:40:05 2023
phys43199.physics.gatech.edu is reachable. -Sat Dec  2 20:45:04 2023
phys43199.physics.gatech.edu is reachable. -Sat Dec  2 20:50:04 2023
phys43199.physics.gatech.edu is reachable. -Sat Dec  2 20:55:04 2023
phys43199.physics.gatech.edu is reachable. -Sat Dec  2 21:00:04 2023
phys43199.physics.gatech.edu is reachable. -Sat Dec  2 21:05:05 2023
phys43199.physics.gatech.edu is reachable. -Sat Dec  2 21:10:04 2023
phys43199.physics.gatech.edu is reachable. -Sat Dec  2 21:15:04 2023
phys43199.physics.gatech.edu is reachable. -Sat Dec  2 21:20:04 2023
phys43199.physics.gatech.edu is reachable. -Sat Dec  2 21:25:05 2023
phys43199.physics.gatech.edu is reachable. -Sat Dec  2 21:30:04 2023
phys43199.physics.gatech.edu is reachable. -Sat Dec  2 21:35:04 2023
phys43199.physics.gatech.edu is reachable. -Sat Dec  2 21:40:05 2023
phys43199.physics.gatech.edu is reachable. -Sat Dec  2 21:45:04 2023
phys43199.physics.gatech.edu is reachable. -Sat Dec  2 21:50:04 2023
phys43199.physics.gatech.edu is reachable. -Sat Dec  2 21:55:05 2023
phys43199.physics.gatech.edu is reachable. -Sat Dec  2 22:00:04 2023
phys43199.physics.gatech.edu is reachable. -Sat Dec  2 22:05:04 2023
phys43199.physics.gatech.edu is reachable. -Sat Dec  2 22:10:05 2023
phys43199.physics.gatech.edu is reachable. -Sat Dec  2 22:15:04 2023
phys43199.physics.gatech.edu is reachable. -Sat Dec  2 22:20:04 2023
phys43199.physics.gatech.edu is reachable. -Sat Dec  2 22:25:04 2023
phys43199.physics.gatech.edu is reachable. -Sat Dec  2 22:30:04 2023
phys43199.physics.gatech.edu is reachable. -Sat Dec  2 22:35:05 2023
phys43199.physics.gatech.edu is reachable. -Sat Dec  2 22:40:04 2023
phys43199.physics.gatech.edu is reachable. -Sat Dec  2 22:45:04 2023
phys43199.physics.gatech.edu is reachable. -Sat Dec  2 22:50:05 2023
phys43199.physics.gatech.edu is reachable. -Sat Dec  2 22:55:04 2023
phys43199.physics.gatech.edu is reachable. -Sat Dec  2 23:00:04 2023
phys43199.physics.gatech.edu is reachable. -Sat Dec  2 23:05:05 2023
phys43199.physics.gatech.edu is reachable. -Sat Dec  2 23:10:04 2023
phys43199.physics.gatech.edu is reachable. -Sat Dec  2 23:15:04 2023
phys43199.physics.gatech.edu is reachable. -Sat Dec  2 23:20:04 2023
phys43199.physics.gatech.edu is reachable. -Sat Dec  2 23:25:04 2023
phys43199.physics.gatech.edu is reachable. -Sat Dec  2 23:30:05 2023
phys43199.physics.gatech.edu is reachable. -Sat Dec  2 23:35:04 2023
phys43199.physics.gatech.edu is reachable. -Sat Dec  2 23:40:04 2023
phys43199.physics.gatech.edu is reachable. -Sat Dec  2 23:45:05 2023
phys43199.physics.gatech.edu is reachable. -Sat Dec  2 23:50:04 2023
phys43199.physics.gatech.edu is reachable. -Sat Dec  2 23:55:05 2023
phys43199.physics.gatech.edu is reachable. -Sun Dec  3 00:00:04 2023
phys43199.physics.gatech.edu is reachable. -Sun Dec  3 00:05:04 2023
phys43199.physics.gatech.edu is reachable. -Sun Dec  3 00:10:05 2023
phys43199.physics.gatech.edu is reachable. -Sun Dec  3 00:15:04 2023
phys43199.physics.gatech.edu is reachable. -Sun Dec  3 00:20:04 2023
phys43199.physics.gatech.edu is reachable. -Sun Dec  3 00:25:05 2023
phys43199.physics.gatech.edu is reachable. -Sun Dec  3 00:30:04 2023
phys43199.physics.gatech.edu is reachable. -Sun Dec  3 00:35:04 2023
phys43199.physics.gatech.edu is reachable. -Sun Dec  3 00:40:04 2023
phys43199.physics.gatech.edu is reachable. -Sun Dec  3 00:45:04 2023
phys43199.physics.gatech.edu is reachable. -Sun Dec  3 00:50:04 2023
phys43199.physics.gatech.edu is reachable. -Sun Dec  3 00:55:05 2023
phys43199.physics.gatech.edu is reachable. -Sun Dec  3 01:00:04 2023
phys43199.physics.gatech.edu is reachable. -Sun Dec  3 01:05:04 2023
phys43199.physics.gatech.edu is reachable. -Sun Dec  3 01:10:04 2023
phys43199.physics.gatech.edu is reachable. -Sun Dec  3 01:15:04 2023
phys43199.physics.gatech.edu is reachable. -Sun Dec  3 01:20:05 2023
phys43199.physics.gatech.edu is reachable. -Sun Dec  3 01:25:04 2023
phys43199.physics.gatech.edu is reachable. -Sun Dec  3 01:30:04 2023
phys43199.physics.gatech.edu is reachable. -Sun Dec  3 01:35:05 2023
phys43199.physics.gatech.edu is reachable. -Sun Dec  3 01:40:04 2023
phys43199.physics.gatech.edu is reachable. -Sun Dec  3 01:45:04 2023
phys43199.physics.gatech.edu is reachable. -Sun Dec  3 01:50:05 2023
phys43199.physics.gatech.edu is reachable. -Sun Dec  3 01:55:04 2023
phys43199.physics.gatech.edu is reachable. -Sun Dec  3 02:00:05 2023
phys43199.physics.gatech.edu is reachable. -Sun Dec  3 02:05:04 2023
phys43199.physics.gatech.edu is reachable. -Sun Dec  3 02:10:04 2023
phys43199.physics.gatech.edu is reachable. -Sun Dec  3 02:15:04 2023
phys43199.physics.gatech.edu is reachable. -Sun Dec  3 02:20:05 2023
phys43199.physics.gatech.edu is reachable. -Sun Dec  3 02:25:04 2023
phys43199.physics.gatech.edu is reachable. -Sun Dec  3 02:30:05 2023
phys43199.physics.gatech.edu is reachable. -Sun Dec  3 02:35:04 2023
phys43199.physics.gatech.edu is reachable. -Sun Dec  3 02:40:04 2023
phys43199.physics.gatech.edu is reachable. -Sun Dec  3 02:45:05 2023
phys43199.physics.gatech.edu is reachable. -Sun Dec  3 02:50:04 2023
phys43199.physics.gatech.edu is reachable. -Sun Dec  3 02:55:04 2023
phys43199.physics.gatech.edu is reachable. -Sun Dec  3 03:00:05 2023
phys43199.physics.gatech.edu is reachable. -Sun Dec  3 03:05:04 2023
phys43199.physics.gatech.edu is reachable. -Sun Dec  3 03:10:04 2023
phys43199.physics.gatech.edu is reachable. -Sun Dec  3 03:15:05 2023
phys43199.physics.gatech.edu is reachable. -Sun Dec  3 03:20:04 2023
phys43199.physics.gatech.edu is reachable. -Sun Dec  3 03:25:05 2023
phys43199.physics.gatech.edu is reachable. -Sun Dec  3 03:30:04 2023
phys43199.physics.gatech.edu is reachable. -Sun Dec  3 03:35:04 2023
phys43199.physics.gatech.edu is reachable. -Sun Dec  3 03:40:05 2023
phys43199.physics.gatech.edu is reachable. -Sun Dec  3 03:45:04 2023
phys43199.physics.gatech.edu is reachable. -Sun Dec  3 03:50:04 2023
phys43199.physics.gatech.edu is reachable. -Sun Dec  3 03:55:05 2023
phys43199.physics.gatech.edu is reachable. -Sun Dec  3 04:00:04 2023
phys43199.physics.gatech.edu is reachable. -Sun Dec  3 04:05:04 2023
phys43199.physics.gatech.edu is reachable. -Sun Dec  3 04:10:05 2023
phys43199.physics.gatech.edu is reachable. -Sun Dec  3 04:15:04 2023
phys43199.physics.gatech.edu is reachable. -Sun Dec  3 04:20:04 2023
phys43199.physics.gatech.edu is reachable. -Sun Dec  3 04:25:04 2023
phys43199.physics.gatech.edu is reachable. -Sun Dec  3 04:30:04 2023
phys43199.physics.gatech.edu is reachable. -Sun Dec  3 04:35:05 2023
phys43199.physics.gatech.edu is reachable. -Sun Dec  3 04:40:04 2023
phys43199.physics.gatech.edu is reachable. -Sun Dec  3 04:45:04 2023
phys43199.physics.gatech.edu is reachable. -Sun Dec  3 04:50:05 2023
phys43199.physics.gatech.edu is reachable. -Sun Dec  3 04:55:04 2023
phys43199.physics.gatech.edu is reachable. -Sun Dec  3 05:00:04 2023
phys43199.physics.gatech.edu is reachable. -Sun Dec  3 05:05:05 2023
phys43199.physics.gatech.edu is reachable. -Sun Dec  3 05:10:04 2023
phys43199.physics.gatech.edu is reachable. -Sun Dec  3 05:15:04 2023
phys43199.physics.gatech.edu is reachable. -Sun Dec  3 05:20:04 2023
phys43199.physics.gatech.edu is reachable. -Sun Dec  3 05:25:04 2023
phys43199.physics.gatech.edu is reachable. -Sun Dec  3 05:30:05 2023
phys43199.physics.gatech.edu is reachable. -Sun Dec  3 05:35:04 2023
phys43199.physics.gatech.edu is reachable. -Sun Dec  3 05:40:04 2023
phys43199.physics.gatech.edu is reachable. -Sun Dec  3 05:45:05 2023
phys43199.physics.gatech.edu is reachable. -Sun Dec  3 05:50:04 2023
phys43199.physics.gatech.edu is reachable. -Sun Dec  3 05:55:04 2023
phys43199.physics.gatech.edu is reachable. -Sun Dec  3 06:00:05 2023
phys43199.physics.gatech.edu is reachable. -Sun Dec  3 06:05:04 2023
phys43199.physics.gatech.edu is reachable. -Sun Dec  3 06:10:05 2023
phys43199.physics.gatech.edu is reachable. -Sun Dec  3 06:15:04 2023
phys43199.physics.gatech.edu is reachable. -Sun Dec  3 06:20:04 2023
phys43199.physics.gatech.edu is reachable. -Sun Dec  3 06:25:05 2023
phys43199.physics.gatech.edu is reachable. -Sun Dec  3 06:30:04 2023
phys43199.physics.gatech.edu is reachable. -Sun Dec  3 06:35:04 2023
phys43199.physics.gatech.edu is reachable. -Sun Dec  3 06:40:05 2023
phys43199.physics.gatech.edu is reachable. -Sun Dec  3 06:45:04 2023
phys43199.physics.gatech.edu is reachable. -Sun Dec  3 06:50:05 2023
phys43199.physics.gatech.edu is reachable. -Sun Dec  3 06:55:04 2023
phys43199.physics.gatech.edu is reachable. -Sun Dec  3 07:00:04 2023
phys43199.physics.gatech.edu is reachable. -Sun Dec  3 07:05:05 2023
phys43199.physics.gatech.edu is reachable. -Sun Dec  3 07:10:04 2023
phys43199.physics.gatech.edu is reachable. -Sun Dec  3 07:15:04 2023
phys43199.physics.gatech.edu is reachable. -Sun Dec  3 07:20:05 2023
phys43199.physics.gatech.edu is reachable. -Sun Dec  3 07:25:04 2023
phys43199.physics.gatech.edu is reachable. -Sun Dec  3 07:30:04 2023
phys43199.physics.gatech.edu is reachable. -Sun Dec  3 07:35:05 2023
phys43199.physics.gatech.edu is reachable. -Sun Dec  3 07:40:04 2023
phys43199.physics.gatech.edu is reachable. -Sun Dec  3 07:45:05 2023
phys43199.physics.gatech.edu is reachable. -Sun Dec  3 07:50:04 2023
phys43199.physics.gatech.edu is reachable. -Sun Dec  3 07:55:04 2023
phys43199.physics.gatech.edu is reachable. -Sun Dec  3 08:00:05 2023
phys43199.physics.gatech.edu is reachable. -Sun Dec  3 08:05:04 2023
phys43199.physics.gatech.edu is reachable. -Sun Dec  3 08:10:04 2023
phys43199.physics.gatech.edu is reachable. -Sun Dec  3 08:15:05 2023
phys43199.physics.gatech.edu is reachable. -Sun Dec  3 08:20:04 2023
phys43199.physics.gatech.edu is reachable. -Sun Dec  3 08:25:05 2023
phys43199.physics.gatech.edu is reachable. -Sun Dec  3 08:30:04 2023
phys43199.physics.gatech.edu is reachable. -Sun Dec  3 08:35:04 2023
phys43199.physics.gatech.edu is reachable. -Sun Dec  3 08:40:05 2023
phys43199.physics.gatech.edu is reachable. -Sun Dec  3 08:45:04 2023
phys43199.physics.gatech.edu is reachable. -Sun Dec  3 08:50:04 2023
phys43199.physics.gatech.edu is reachable. -Sun Dec  3 08:55:05 2023
phys43199.physics.gatech.edu is reachable. -Sun Dec  3 09:00:04 2023
phys43199.physics.gatech.edu is reachable. -Sun Dec  3 09:05:04 2023
phys43199.physics.gatech.edu is reachable. -Sun Dec  3 09:10:05 2023
phys43199.physics.gatech.edu is reachable. -Sun Dec  3 09:15:04 2023
phys43199.physics.gatech.edu is reachable. -Sun Dec  3 09:20:04 2023
phys43199.physics.gatech.edu is reachable. -Sun Dec  3 09:25:05 2023
phys43199.physics.gatech.edu is reachable. -Sun Dec  3 09:30:04 2023
phys43199.physics.gatech.edu is reachable. -Sun Dec  3 09:35:04 2023
phys43199.physics.gatech.edu is reachable. -Sun Dec  3 09:40:05 2023
phys43199.physics.gatech.edu is reachable. -Sun Dec  3 09:45:04 2023
phys43199.physics.gatech.edu is reachable. -Sun Dec  3 09:50:05 2023
phys43199.physics.gatech.edu is reachable. -Sun Dec  3 09:55:04 2023
phys43199.physics.gatech.edu is reachable. -Sun Dec  3 10:00:04 2023
phys43199.physics.gatech.edu is reachable. -Sun Dec  3 10:05:05 2023
phys43199.physics.gatech.edu is reachable. -Sun Dec  3 10:10:04 2023
phys43199.physics.gatech.edu is reachable. -Sun Dec  3 10:15:04 2023
phys43199.physics.gatech.edu is reachable. -Sun Dec  3 10:20:05 2023
phys43199.physics.gatech.edu is reachable. -Sun Dec  3 10:25:04 2023
phys43199.physics.gatech.edu is reachable. -Sun Dec  3 10:30:04 2023
phys43199.physics.gatech.edu is reachable. -Sun Dec  3 10:35:05 2023
phys43199.physics.gatech.edu is reachable. -Sun Dec  3 10:40:04 2023
phys43199.physics.gatech.edu is reachable. -Sun Dec  3 10:45:05 2023
phys43199.physics.gatech.edu is reachable. -Sun Dec  3 10:50:04 2023
phys43199.physics.gatech.edu is reachable. -Sun Dec  3 10:55:04 2023
phys43199.physics.gatech.edu is reachable. -Sun Dec  3 11:00:05 2023
phys43199.physics.gatech.edu is reachable. -Sun Dec  3 11:05:04 2023
phys43199.physics.gatech.edu is reachable. -Sun Dec  3 11:10:04 2023
phys43199.physics.gatech.edu is reachable. -Sun Dec  3 11:15:05 2023
phys43199.physics.gatech.edu is reachable. -Sun Dec  3 11:20:04 2023
phys43199.physics.gatech.edu is reachable. -Sun Dec  3 11:25:04 2023
phys43199.physics.gatech.edu is reachable. -Sun Dec  3 11:30:04 2023
phys43199.physics.gatech.edu is reachable. -Sun Dec  3 11:35:04 2023
phys43199.physics.gatech.edu is reachable. -Sun Dec  3 11:40:05 2023
phys43199.physics.gatech.edu is reachable. -Sun Dec  3 11:45:04 2023
phys43199.physics.gatech.edu is reachable. -Sun Dec  3 11:50:04 2023
phys43199.physics.gatech.edu is reachable. -Sun Dec  3 11:55:05 2023
phys43199.physics.gatech.edu is reachable. -Sun Dec  3 12:00:04 2023
phys43199.physics.gatech.edu is reachable. -Sun Dec  3 12:05:04 2023
phys43199.physics.gatech.edu is reachable. -Sun Dec  3 12:10:05 2023
phys43199.physics.gatech.edu is reachable. -Sun Dec  3 12:15:04 2023
phys43199.physics.gatech.edu is reachable. -Sun Dec  3 12:20:04 2023
phys43199.physics.gatech.edu is reachable. -Sun Dec  3 12:25:05 2023
phys43199.physics.gatech.edu is reachable. -Sun Dec  3 12:30:04 2023
phys43199.physics.gatech.edu is reachable. -Sun Dec  3 12:35:05 2023
phys43199.physics.gatech.edu is reachable. -Sun Dec  3 12:40:04 2023
phys43199.physics.gatech.edu is reachable. -Sun Dec  3 12:45:04 2023
phys43199.physics.gatech.edu is reachable. -Sun Dec  3 12:50:05 2023
phys43199.physics.gatech.edu is reachable. -Sun Dec  3 12:55:04 2023
phys43199.physics.gatech.edu is reachable. -Sun Dec  3 13:00:04 2023
phys43199.physics.gatech.edu is reachable. -Sun Dec  3 13:05:05 2023
phys43199.physics.gatech.edu is reachable. -Sun Dec  3 13:10:04 2023
phys43199.physics.gatech.edu is reachable. -Sun Dec  3 13:15:04 2023
phys43199.physics.gatech.edu is reachable. -Sun Dec  3 13:20:04 2023
phys43199.physics.gatech.edu is reachable. -Sun Dec  3 13:25:04 2023
phys43199.physics.gatech.edu is reachable. -Sun Dec  3 13:30:05 2023
phys43199.physics.gatech.edu is reachable. -Sun Dec  3 13:35:04 2023
phys43199.physics.gatech.edu is reachable. -Sun Dec  3 13:40:04 2023
phys43199.physics.gatech.edu is reachable. -Sun Dec  3 13:45:05 2023
phys43199.physics.gatech.edu is reachable. -Sun Dec  3 13:50:04 2023
phys43199.physics.gatech.edu is reachable. -Sun Dec  3 13:55:04 2023
phys43199.physics.gatech.edu is reachable. -Sun Dec  3 14:00:05 2023
phys43199.physics.gatech.edu is reachable. -Sun Dec  3 14:05:04 2023
phys43199.physics.gatech.edu is reachable. -Sun Dec  3 14:10:04 2023
phys43199.physics.gatech.edu is reachable. -Sun Dec  3 14:15:05 2023
phys43199.physics.gatech.edu is reachable. -Sun Dec  3 14:20:04 2023
phys43199.physics.gatech.edu is reachable. -Sun Dec  3 14:25:05 2023
phys43199.physics.gatech.edu is reachable. -Sun Dec  3 14:30:04 2023
phys43199.physics.gatech.edu is reachable. -Sun Dec  3 14:35:04 2023
phys43199.physics.gatech.edu is reachable. -Sun Dec  3 14:40:05 2023
phys43199.physics.gatech.edu is reachable. -Sun Dec  3 14:45:04 2023
phys43199.physics.gatech.edu is reachable. -Sun Dec  3 14:50:04 2023
phys43199.physics.gatech.edu is reachable. -Sun Dec  3 14:55:05 2023
phys43199.physics.gatech.edu is reachable. -Sun Dec  3 15:00:04 2023
phys43199.physics.gatech.edu is reachable. -Sun Dec  3 15:05:04 2023
phys43199.physics.gatech.edu is reachable. -Sun Dec  3 15:10:04 2023
phys43199.physics.gatech.edu is reachable. -Sun Dec  3 15:15:04 2023
phys43199.physics.gatech.edu is reachable. -Sun Dec  3 15:20:05 2023
phys43199.physics.gatech.edu is reachable. -Sun Dec  3 15:25:04 2023
phys43199.physics.gatech.edu is reachable. -Sun Dec  3 15:30:09 2023
phys43199.physics.gatech.edu is reachable. -Sun Dec  3 15:35:05 2023
phys43199.physics.gatech.edu is reachable. -Sun Dec  3 15:40:04 2023
phys43199.physics.gatech.edu is reachable. -Sun Dec  3 15:45:05 2023
phys43199.physics.gatech.edu is reachable. -Sun Dec  3 15:50:05 2023
phys43199.physics.gatech.edu is reachable. -Sun Dec  3 15:55:04 2023
phys43199.physics.gatech.edu is reachable. -Sun Dec  3 16:00:04 2023
phys43199.physics.gatech.edu is reachable. -Sun Dec  3 16:05:04 2023
phys43199.physics.gatech.edu is reachable. -Sun Dec  3 16:10:04 2023
phys43199.physics.gatech.edu is reachable. -Sun Dec  3 16:15:05 2023
phys43199.physics.gatech.edu is reachable. -Sun Dec  3 16:20:04 2023
phys43199.physics.gatech.edu is reachable. -Sun Dec  3 16:25:04 2023
phys43199.physics.gatech.edu is reachable. -Sun Dec  3 16:30:05 2023
phys43199.physics.gatech.edu is reachable. -Sun Dec  3 16:35:04 2023
phys43199.physics.gatech.edu is reachable. -Sun Dec  3 16:40:04 2023
phys43199.physics.gatech.edu is reachable. -Sun Dec  3 16:45:05 2023
phys43199.physics.gatech.edu is reachable. -Sun Dec  3 16:50:04 2023
phys43199.physics.gatech.edu is reachable. -Sun Dec  3 16:55:04 2023
phys43199.physics.gatech.edu is reachable. -Sun Dec  3 17:00:05 2023
phys43199.physics.gatech.edu is reachable. -Sun Dec  3 17:05:04 2023
phys43199.physics.gatech.edu is reachable. -Sun Dec  3 17:10:04 2023
phys43199.physics.gatech.edu is reachable. -Sun Dec  3 17:15:05 2023
phys43199.physics.gatech.edu is reachable. -Sun Dec  3 17:20:04 2023
phys43199.physics.gatech.edu is reachable. -Sun Dec  3 17:25:05 2023
phys43199.physics.gatech.edu is reachable. -Sun Dec  3 17:30:04 2023
phys43199.physics.gatech.edu is reachable. -Sun Dec  3 17:35:04 2023
phys43199.physics.gatech.edu is reachable. -Sun Dec  3 17:40:05 2023
phys43199.physics.gatech.edu is reachable. -Sun Dec  3 17:45:04 2023
phys43199.physics.gatech.edu is reachable. -Sun Dec  3 17:50:04 2023
phys43199.physics.gatech.edu is reachable. -Sun Dec  3 17:55:05 2023
phys43199.physics.gatech.edu is reachable. -Sun Dec  3 18:00:04 2023
phys43199.physics.gatech.edu is reachable. -Sun Dec  3 18:05:04 2023
phys43199.physics.gatech.edu is reachable. -Sun Dec  3 18:10:04 2023
phys43199.physics.gatech.edu is reachable. -Sun Dec  3 18:15:04 2023
phys43199.physics.gatech.edu is reachable. -Sun Dec  3 18:20:04 2023
phys43199.physics.gatech.edu is reachable. -Sun Dec  3 18:25:05 2023
phys43199.physics.gatech.edu is reachable. -Sun Dec  3 18:30:04 2023
phys43199.physics.gatech.edu is reachable. -Sun Dec  3 18:35:04 2023
phys43199.physics.gatech.edu is reachable. -Sun Dec  3 18:40:04 2023
phys43199.physics.gatech.edu is reachable. -Sun Dec  3 18:45:04 2023
phys43199.physics.gatech.edu is reachable. -Sun Dec  3 18:50:05 2023
phys43199.physics.gatech.edu is reachable. -Sun Dec  3 18:55:04 2023
phys43199.physics.gatech.edu is reachable. -Sun Dec  3 19:00:04 2023
phys43199.physics.gatech.edu is reachable. -Sun Dec  3 19:05:05 2023
phys43199.physics.gatech.edu is reachable. -Sun Dec  3 19:10:04 2023
phys43199.physics.gatech.edu is reachable. -Sun Dec  3 19:15:04 2023
phys43199.physics.gatech.edu is reachable. -Sun Dec  3 19:20:05 2023
phys43199.physics.gatech.edu is reachable. -Sun Dec  3 19:25:04 2023
phys43199.physics.gatech.edu is reachable. -Sun Dec  3 19:30:05 2023
phys43199.physics.gatech.edu is reachable. -Sun Dec  3 19:35:04 2023
phys43199.physics.gatech.edu is reachable. -Sun Dec  3 19:40:04 2023
phys43199.physics.gatech.edu is reachable. -Sun Dec  3 19:45:05 2023
phys43199.physics.gatech.edu is reachable. -Sun Dec  3 19:50:04 2023
phys43199.physics.gatech.edu is reachable. -Sun Dec  3 19:55:04 2023
phys43199.physics.gatech.edu is reachable. -Sun Dec  3 20:00:05 2023
phys43199.physics.gatech.edu is reachable. -Sun Dec  3 20:05:04 2023
phys43199.physics.gatech.edu is reachable. -Sun Dec  3 20:10:04 2023
phys43199.physics.gatech.edu is reachable. -Sun Dec  3 20:15:05 2023
phys43199.physics.gatech.edu is reachable. -Sun Dec  3 20:20:04 2023
phys43199.physics.gatech.edu is reachable. -Sun Dec  3 20:25:04 2023
phys43199.physics.gatech.edu is reachable. -Sun Dec  3 20:30:05 2023
phys43199.physics.gatech.edu is reachable. -Sun Dec  3 20:35:04 2023
phys43199.physics.gatech.edu is reachable. -Sun Dec  3 20:40:05 2023
phys43199.physics.gatech.edu is reachable. -Sun Dec  3 20:45:04 2023
phys43199.physics.gatech.edu is reachable. -Sun Dec  3 20:50:04 2023
phys43199.physics.gatech.edu is reachable. -Sun Dec  3 20:55:05 2023
phys43199.physics.gatech.edu is reachable. -Sun Dec  3 21:00:04 2023
phys43199.physics.gatech.edu is reachable. -Sun Dec  3 21:05:04 2023
phys43199.physics.gatech.edu is reachable. -Sun Dec  3 21:10:05 2023
phys43199.physics.gatech.edu is reachable. -Sun Dec  3 21:15:04 2023
phys43199.physics.gatech.edu is reachable. -Sun Dec  3 21:20:04 2023
phys43199.physics.gatech.edu is reachable. -Sun Dec  3 21:25:05 2023
phys43199.physics.gatech.edu is reachable. -Sun Dec  3 21:30:04 2023
phys43199.physics.gatech.edu is reachable. -Sun Dec  3 21:35:04 2023
phys43199.physics.gatech.edu is reachable. -Sun Dec  3 21:40:05 2023
phys43199.physics.gatech.edu is reachable. -Sun Dec  3 21:45:04 2023
phys43199.physics.gatech.edu is reachable. -Sun Dec  3 21:50:04 2023
phys43199.physics.gatech.edu is reachable. -Sun Dec  3 21:55:05 2023
phys43199.physics.gatech.edu is reachable. -Sun Dec  3 22:00:04 2023
phys43199.physics.gatech.edu is reachable. -Sun Dec  3 22:05:05 2023
phys43199.physics.gatech.edu is reachable. -Sun Dec  3 22:10:04 2023
phys43199.physics.gatech.edu is reachable. -Sun Dec  3 22:15:04 2023
phys43199.physics.gatech.edu is reachable. -Sun Dec  3 22:20:05 2023
phys43199.physics.gatech.edu is reachable. -Sun Dec  3 22:25:04 2023
phys43199.physics.gatech.edu is reachable. -Sun Dec  3 22:30:04 2023
phys43199.physics.gatech.edu is reachable. -Sun Dec  3 22:35:05 2023
phys43199.physics.gatech.edu is reachable. -Sun Dec  3 22:40:04 2023
phys43199.physics.gatech.edu is reachable. -Sun Dec  3 22:45:04 2023
phys43199.physics.gatech.edu is reachable. -Sun Dec  3 22:50:05 2023
phys43199.physics.gatech.edu is reachable. -Sun Dec  3 22:55:04 2023
phys43199.physics.gatech.edu is reachable. -Sun Dec  3 23:00:04 2023
phys43199.physics.gatech.edu is reachable. -Sun Dec  3 23:05:04 2023
phys43199.physics.gatech.edu is reachable. -Sun Dec  3 23:10:04 2023
phys43199.physics.gatech.edu is reachable. -Sun Dec  3 23:15:05 2023
phys43199.physics.gatech.edu is reachable. -Sun Dec  3 23:20:04 2023
phys43199.physics.gatech.edu is reachable. -Sun Dec  3 23:25:04 2023
phys43199.physics.gatech.edu is reachable. -Sun Dec  3 23:30:05 2023
phys43199.physics.gatech.edu is reachable. -Sun Dec  3 23:35:04 2023
phys43199.physics.gatech.edu is reachable. -Sun Dec  3 23:40:04 2023
phys43199.physics.gatech.edu is reachable. -Sun Dec  3 23:45:04 2023
phys43199.physics.gatech.edu is reachable. -Sun Dec  3 23:50:04 2023
phys43199.physics.gatech.edu is reachable. -Sun Dec  3 23:55:05 2023
phys43199.physics.gatech.edu is reachable. -Mon Dec  4 00:00:04 2023
phys43199.physics.gatech.edu is reachable. -Mon Dec  4 00:05:04 2023
phys43199.physics.gatech.edu is reachable. -Mon Dec  4 00:10:05 2023
phys43199.physics.gatech.edu is reachable. -Mon Dec  4 00:15:04 2023
phys43199.physics.gatech.edu is reachable. -Mon Dec  4 00:20:04 2023
phys43199.physics.gatech.edu is reachable. -Mon Dec  4 00:25:05 2023
phys43199.physics.gatech.edu is reachable. -Mon Dec  4 00:30:04 2023
phys43199.physics.gatech.edu is reachable. -Mon Dec  4 00:35:04 2023
phys43199.physics.gatech.edu is reachable. -Mon Dec  4 00:40:04 2023
phys43199.physics.gatech.edu is reachable. -Mon Dec  4 00:45:04 2023
phys43199.physics.gatech.edu is reachable. -Mon Dec  4 00:50:05 2023
phys43199.physics.gatech.edu is reachable. -Mon Dec  4 00:55:04 2023
phys43199.physics.gatech.edu is reachable. -Mon Dec  4 01:00:04 2023
phys43199.physics.gatech.edu is reachable. -Mon Dec  4 01:05:05 2023
phys43199.physics.gatech.edu is reachable. -Mon Dec  4 01:10:04 2023
phys43199.physics.gatech.edu is reachable. -Mon Dec  4 01:15:04 2023
phys43199.physics.gatech.edu is reachable. -Mon Dec  4 01:20:05 2023
phys43199.physics.gatech.edu is reachable. -Mon Dec  4 01:25:04 2023
phys43199.physics.gatech.edu is reachable. -Mon Dec  4 01:30:04 2023
phys43199.physics.gatech.edu is reachable. -Mon Dec  4 01:35:05 2023
phys43199.physics.gatech.edu is reachable. -Mon Dec  4 01:40:04 2023
phys43199.physics.gatech.edu is reachable. -Mon Dec  4 01:45:05 2023
phys43199.physics.gatech.edu is reachable. -Mon Dec  4 01:50:04 2023
phys43199.physics.gatech.edu is reachable. -Mon Dec  4 01:55:04 2023
phys43199.physics.gatech.edu is reachable. -Mon Dec  4 02:00:05 2023
phys43199.physics.gatech.edu is reachable. -Mon Dec  4 02:05:04 2023
phys43199.physics.gatech.edu is reachable. -Mon Dec  4 02:10:04 2023
phys43199.physics.gatech.edu is reachable. -Mon Dec  4 02:15:05 2023
phys43199.physics.gatech.edu is reachable. -Mon Dec  4 02:20:04 2023
phys43199.physics.gatech.edu is reachable. -Mon Dec  4 02:25:04 2023
phys43199.physics.gatech.edu is reachable. -Mon Dec  4 02:30:05 2023
phys43199.physics.gatech.edu is reachable. -Mon Dec  4 02:35:04 2023
phys43199.physics.gatech.edu is reachable. -Mon Dec  4 02:40:04 2023
phys43199.physics.gatech.edu is reachable. -Mon Dec  4 02:45:05 2023
phys43199.physics.gatech.edu is reachable. -Mon Dec  4 02:50:04 2023
phys43199.physics.gatech.edu is reachable. -Mon Dec  4 02:55:04 2023
phys43199.physics.gatech.edu is reachable. -Mon Dec  4 03:00:04 2023
phys43199.physics.gatech.edu is reachable. -Mon Dec  4 03:05:04 2023
phys43199.physics.gatech.edu is reachable. -Mon Dec  4 03:10:05 2023
phys43199.physics.gatech.edu is reachable. -Mon Dec  4 03:15:04 2023
phys43199.physics.gatech.edu is reachable. -Mon Dec  4 03:20:04 2023
phys43199.physics.gatech.edu is reachable. -Mon Dec  4 03:25:05 2023
phys43199.physics.gatech.edu is reachable. -Mon Dec  4 03:30:04 2023
phys43199.physics.gatech.edu is reachable. -Mon Dec  4 03:35:04 2023
phys43199.physics.gatech.edu is reachable. -Mon Dec  4 03:40:05 2023
phys43199.physics.gatech.edu is reachable. -Mon Dec  4 03:45:04 2023
phys43199.physics.gatech.edu is reachable. -Mon Dec  4 03:50:05 2023
phys43199.physics.gatech.edu is reachable. -Mon Dec  4 03:55:04 2023
phys43199.physics.gatech.edu is reachable. -Mon Dec  4 04:00:04 2023
phys43199.physics.gatech.edu is reachable. -Mon Dec  4 04:05:05 2023
phys43199.physics.gatech.edu is reachable. -Mon Dec  4 04:10:04 2023
phys43199.physics.gatech.edu is reachable. -Mon Dec  4 04:15:04 2023
phys43199.physics.gatech.edu is reachable. -Mon Dec  4 04:20:05 2023
phys43199.physics.gatech.edu is reachable. -Mon Dec  4 04:25:04 2023
phys43199.physics.gatech.edu is reachable. -Mon Dec  4 04:30:04 2023
phys43199.physics.gatech.edu is reachable. -Mon Dec  4 04:35:05 2023
phys43199.physics.gatech.edu is reachable. -Mon Dec  4 04:40:04 2023
phys43199.physics.gatech.edu is reachable. -Mon Dec  4 04:45:05 2023
phys43199.physics.gatech.edu is reachable. -Mon Dec  4 04:50:04 2023
phys43199.physics.gatech.edu is reachable. -Mon Dec  4 04:55:04 2023
phys43199.physics.gatech.edu is reachable. -Mon Dec  4 05:00:05 2023
phys43199.physics.gatech.edu is reachable. -Mon Dec  4 05:05:04 2023
phys43199.physics.gatech.edu is reachable. -Mon Dec  4 05:10:04 2023
phys43199.physics.gatech.edu is reachable. -Mon Dec  4 05:15:05 2023
phys43199.physics.gatech.edu is reachable. -Mon Dec  4 05:20:04 2023
phys43199.physics.gatech.edu is reachable. -Mon Dec  4 05:25:04 2023
phys43199.physics.gatech.edu is reachable. -Mon Dec  4 05:30:05 2023
phys43199.physics.gatech.edu is reachable. -Mon Dec  4 05:35:04 2023
phys43199.physics.gatech.edu is reachable. -Mon Dec  4 05:40:04 2023
phys43199.physics.gatech.edu is reachable. -Mon Dec  4 05:45:04 2023
phys43199.physics.gatech.edu is reachable. -Mon Dec  4 05:50:04 2023
phys43199.physics.gatech.edu is reachable. -Mon Dec  4 05:55:05 2023
phys43199.physics.gatech.edu is reachable. -Mon Dec  4 06:00:04 2023
phys43199.physics.gatech.edu is reachable. -Mon Dec  4 06:05:04 2023
phys43199.physics.gatech.edu is reachable. -Mon Dec  4 06:10:05 2023
phys43199.physics.gatech.edu is reachable. -Mon Dec  4 06:15:04 2023
phys43199.physics.gatech.edu is reachable. -Mon Dec  4 06:20:04 2023
phys43199.physics.gatech.edu is reachable. -Mon Dec  4 06:25:05 2023
phys43199.physics.gatech.edu is reachable. -Mon Dec  4 06:30:04 2023
phys43199.physics.gatech.edu is reachable. -Mon Dec  4 06:35:04 2023
phys43199.physics.gatech.edu is reachable. -Mon Dec  4 06:40:04 2023
phys43199.physics.gatech.edu is reachable. -Mon Dec  4 06:45:04 2023
phys43199.physics.gatech.edu is reachable. -Mon Dec  4 06:50:05 2023
phys43199.physics.gatech.edu is reachable. -Mon Dec  4 06:55:04 2023
phys43199.physics.gatech.edu is reachable. -Mon Dec  4 07:00:04 2023
phys43199.physics.gatech.edu is reachable. -Mon Dec  4 07:05:05 2023
phys43199.physics.gatech.edu is reachable. -Mon Dec  4 07:10:04 2023
phys43199.physics.gatech.edu is reachable. -Mon Dec  4 07:15:04 2023
phys43199.physics.gatech.edu is reachable. -Mon Dec  4 07:20:05 2023
phys43199.physics.gatech.edu is reachable. -Mon Dec  4 07:25:04 2023
phys43199.physics.gatech.edu is reachable. -Mon Dec  4 07:30:05 2023
phys43199.physics.gatech.edu is reachable. -Mon Dec  4 07:35:04 2023
phys43199.physics.gatech.edu is reachable. -Mon Dec  4 07:40:04 2023
phys43199.physics.gatech.edu is reachable. -Mon Dec  4 07:45:05 2023
phys43199.physics.gatech.edu is reachable. -Mon Dec  4 07:50:04 2023
phys43199.physics.gatech.edu is reachable. -Mon Dec  4 07:55:04 2023
phys43199.physics.gatech.edu is reachable. -Mon Dec  4 08:00:05 2023
phys43199.physics.gatech.edu is reachable. -Mon Dec  4 08:05:04 2023
phys43199.physics.gatech.edu is reachable. -Mon Dec  4 08:10:04 2023
phys43199.physics.gatech.edu is reachable. -Mon Dec  4 08:15:05 2023
phys43199.physics.gatech.edu is reachable. -Mon Dec  4 08:20:04 2023
phys43199.physics.gatech.edu is reachable. -Mon Dec  4 08:25:05 2023
phys43199.physics.gatech.edu is reachable. -Mon Dec  4 08:30:04 2023
phys43199.physics.gatech.edu is reachable. -Mon Dec  4 08:35:04 2023
phys43199.physics.gatech.edu is reachable. -Mon Dec  4 08:40:05 2023
phys43199.physics.gatech.edu is reachable. -Mon Dec  4 08:45:04 2023
phys43199.physics.gatech.edu is reachable. -Mon Dec  4 08:50:04 2023
phys43199.physics.gatech.edu is reachable. -Mon Dec  4 08:55:05 2023
phys43199.physics.gatech.edu is reachable. -Mon Dec  4 09:00:04 2023
phys43199.physics.gatech.edu is reachable. -Mon Dec  4 09:05:04 2023
phys43199.physics.gatech.edu is reachable. -Mon Dec  4 09:10:05 2023
phys43199.physics.gatech.edu is reachable. -Mon Dec  4 09:15:04 2023
phys43199.physics.gatech.edu is reachable. -Mon Dec  4 09:20:04 2023
phys43199.physics.gatech.edu is reachable. -Mon Dec  4 09:25:04 2023
phys43199.physics.gatech.edu is reachable. -Mon Dec  4 09:30:04 2023
phys43199.physics.gatech.edu is reachable. -Mon Dec  4 09:35:05 2023
phys43199.physics.gatech.edu is reachable. -Mon Dec  4 09:40:04 2023
phys43199.physics.gatech.edu is reachable. -Mon Dec  4 09:45:04 2023
phys43199.physics.gatech.edu is reachable. -Mon Dec  4 09:50:05 2023
phys43199.physics.gatech.edu is reachable. -Mon Dec  4 09:55:04 2023
phys43199.physics.gatech.edu is reachable. -Mon Dec  4 10:00:04 2023
phys43199.physics.gatech.edu is reachable. -Mon Dec  4 10:05:05 2023
phys43199.physics.gatech.edu is reachable. -Mon Dec  4 10:10:04 2023
phys43199.physics.gatech.edu is reachable. -Mon Dec  4 10:15:04 2023
phys43199.physics.gatech.edu is reachable. -Mon Dec  4 10:20:04 2023
phys43199.physics.gatech.edu is reachable. -Mon Dec  4 10:25:04 2023
phys43199.physics.gatech.edu is reachable. -Mon Dec  4 10:30:05 2023
phys43199.physics.gatech.edu is reachable. -Mon Dec  4 10:35:04 2023
phys43199.physics.gatech.edu is reachable. -Mon Dec  4 10:40:04 2023
phys43199.physics.gatech.edu is reachable. -Mon Dec  4 10:45:05 2023
phys43199.physics.gatech.edu is reachable. -Mon Dec  4 10:50:04 2023
phys43199.physics.gatech.edu is reachable. -Mon Dec  4 10:55:04 2023
phys43199.physics.gatech.edu is reachable. -Mon Dec  4 11:00:05 2023
phys43199.physics.gatech.edu is reachable. -Mon Dec  4 11:05:04 2023
phys43199.physics.gatech.edu is reachable. -Mon Dec  4 11:10:04 2023
phys43199.physics.gatech.edu is reachable. -Mon Dec  4 11:15:05 2023
phys43199.physics.gatech.edu is reachable. -Mon Dec  4 11:20:04 2023
phys43199.physics.gatech.edu is reachable. -Mon Dec  4 11:25:05 2023
phys43199.physics.gatech.edu is reachable. -Mon Dec  4 11:30:04 2023
phys43199.physics.gatech.edu is reachable. -Mon Dec  4 11:35:04 2023
phys43199.physics.gatech.edu is reachable. -Mon Dec  4 11:40:05 2023
phys43199.physics.gatech.edu is reachable. -Mon Dec  4 11:45:04 2023
phys43199.physics.gatech.edu is reachable. -Mon Dec  4 11:50:04 2023
phys43199.physics.gatech.edu is reachable. -Mon Dec  4 11:55:05 2023
phys43199.physics.gatech.edu is reachable. -Mon Dec  4 12:00:04 2023
phys43199.physics.gatech.edu is reachable. -Mon Dec  4 12:05:04 2023
phys43199.physics.gatech.edu is reachable. -Mon Dec  4 12:10:05 2023
phys43199.physics.gatech.edu is reachable. -Mon Dec  4 12:15:04 2023
phys43199.physics.gatech.edu is reachable. -Mon Dec  4 12:20:05 2023
phys43199.physics.gatech.edu is reachable. -Mon Dec  4 12:25:04 2023
phys43199.physics.gatech.edu is reachable. -Mon Dec  4 12:30:04 2023
phys43199.physics.gatech.edu is reachable. -Mon Dec  4 12:35:05 2023
phys43199.physics.gatech.edu is reachable. -Mon Dec  4 12:40:04 2023
phys43199.physics.gatech.edu is reachable. -Mon Dec  4 12:45:04 2023
phys43199.physics.gatech.edu is reachable. -Mon Dec  4 12:50:05 2023
phys43199.physics.gatech.edu is reachable. -Mon Dec  4 12:55:04 2023
phys43199.physics.gatech.edu is reachable. -Mon Dec  4 13:00:04 2023
phys43199.physics.gatech.edu is reachable. -Mon Dec  4 13:05:05 2023
phys43199.physics.gatech.edu is reachable. -Mon Dec  4 13:10:04 2023
phys43199.physics.gatech.edu is reachable. -Mon Dec  4 13:15:04 2023
phys43199.physics.gatech.edu is reachable. -Mon Dec  4 13:20:04 2023
phys43199.physics.gatech.edu is reachable. -Mon Dec  4 13:25:04 2023
phys43199.physics.gatech.edu is reachable. -Mon Dec  4 13:30:05 2023
phys43199.physics.gatech.edu is reachable. -Mon Dec  4 13:35:04 2023
phys43199.physics.gatech.edu is reachable. -Mon Dec  4 13:40:04 2023
phys43199.physics.gatech.edu is reachable. -Mon Dec  4 13:45:05 2023
phys43199.physics.gatech.edu is reachable. -Mon Dec  4 13:50:04 2023
phys43199.physics.gatech.edu is reachable. -Mon Dec  4 13:55:04 2023
phys43199.physics.gatech.edu is reachable. -Mon Dec  4 14:00:05 2023
phys43199.physics.gatech.edu is reachable. -Mon Dec  4 14:05:04 2023
phys43199.physics.gatech.edu is reachable. -Mon Dec  4 14:10:05 2023
phys43199.physics.gatech.edu is reachable. -Mon Dec  4 14:15:04 2023
phys43199.physics.gatech.edu is reachable. -Mon Dec  4 14:20:04 2023
phys43199.physics.gatech.edu is reachable. -Mon Dec  4 14:25:05 2023
phys43199.physics.gatech.edu is reachable. -Mon Dec  4 14:30:04 2023
phys43199.physics.gatech.edu is reachable. -Mon Dec  4 14:35:04 2023
phys43199.physics.gatech.edu is reachable. -Mon Dec  4 14:40:05 2023
phys43199.physics.gatech.edu is reachable. -Mon Dec  4 14:45:04 2023
phys43199.physics.gatech.edu is reachable. -Mon Dec  4 14:50:04 2023
phys43199.physics.gatech.edu is reachable. -Mon Dec  4 14:55:04 2023
phys43199.physics.gatech.edu is reachable. -Mon Dec  4 15:00:04 2023
phys43199.physics.gatech.edu is reachable. -Mon Dec  4 15:05:05 2023
phys43199.physics.gatech.edu is reachable. -Mon Dec  4 15:10:04 2023
phys43199.physics.gatech.edu is reachable. -Mon Dec  4 15:15:04 2023
phys43199.physics.gatech.edu is reachable. -Mon Dec  4 15:20:05 2023
phys43199.physics.gatech.edu is reachable. -Mon Dec  4 15:25:04 2023
phys43199.physics.gatech.edu is reachable. -Mon Dec  4 15:30:04 2023
phys43199.physics.gatech.edu is reachable. -Mon Dec  4 15:35:05 2023
phys43199.physics.gatech.edu is reachable. -Mon Dec  4 15:40:04 2023
phys43199.physics.gatech.edu is reachable. -Mon Dec  4 15:45:04 2023
phys43199.physics.gatech.edu is reachable. -Mon Dec  4 15:50:05 2023
phys43199.physics.gatech.edu is reachable. -Mon Dec  4 15:55:04 2023
phys43199.physics.gatech.edu is reachable. -Mon Dec  4 16:00:04 2023
phys43199.physics.gatech.edu is reachable. -Mon Dec  4 16:05:05 2023
phys43199.physics.gatech.edu is reachable. -Mon Dec  4 16:10:04 2023
phys43199.physics.gatech.edu is reachable. -Mon Dec  4 16:15:04 2023
phys43199.physics.gatech.edu is reachable. -Mon Dec  4 16:20:05 2023
phys43199.physics.gatech.edu is reachable. -Mon Dec  4 16:25:04 2023
phys43199.physics.gatech.edu is reachable. -Mon Dec  4 16:30:05 2023
phys43199.physics.gatech.edu is reachable. -Mon Dec  4 16:35:04 2023
phys43199.physics.gatech.edu is reachable. -Mon Dec  4 16:40:04 2023
phys43199.physics.gatech.edu is reachable. -Mon Dec  4 16:45:05 2023
phys43199.physics.gatech.edu is reachable. -Mon Dec  4 16:50:04 2023
phys43199.physics.gatech.edu is reachable. -Mon Dec  4 16:55:04 2023
phys43199.physics.gatech.edu is reachable. -Mon Dec  4 17:00:05 2023
phys43199.physics.gatech.edu is reachable. -Mon Dec  4 17:05:04 2023
phys43199.physics.gatech.edu is reachable. -Mon Dec  4 17:10:04 2023
phys43199.physics.gatech.edu is reachable. -Mon Dec  4 17:15:05 2023
phys43199.physics.gatech.edu is reachable. -Mon Dec  4 17:20:04 2023
phys43199.physics.gatech.edu is reachable. -Mon Dec  4 17:25:04 2023
phys43199.physics.gatech.edu is reachable. -Mon Dec  4 17:30:04 2023
phys43199.physics.gatech.edu is reachable. -Mon Dec  4 17:35:04 2023
phys43199.physics.gatech.edu is reachable. -Mon Dec  4 17:40:05 2023
phys43199.physics.gatech.edu is reachable. -Mon Dec  4 17:45:04 2023
phys43199.physics.gatech.edu is reachable. -Mon Dec  4 17:50:04 2023
phys43199.physics.gatech.edu is reachable. -Mon Dec  4 17:55:05 2023
phys43199.physics.gatech.edu is reachable. -Mon Dec  4 18:00:04 2023
phys43199.physics.gatech.edu is reachable. -Mon Dec  4 18:05:04 2023
phys43199.physics.gatech.edu is reachable. -Mon Dec  4 18:10:05 2023
phys43199.physics.gatech.edu is reachable. -Mon Dec  4 18:15:04 2023
phys43199.physics.gatech.edu is reachable. -Mon Dec  4 18:20:04 2023
phys43199.physics.gatech.edu is reachable. -Mon Dec  4 18:25:05 2023
phys43199.physics.gatech.edu is reachable. -Mon Dec  4 18:30:04 2023
phys43199.physics.gatech.edu is reachable. -Mon Dec  4 18:35:05 2023
phys43199.physics.gatech.edu is reachable. -Mon Dec  4 18:40:04 2023
phys43199.physics.gatech.edu is reachable. -Mon Dec  4 18:45:04 2023
phys43199.physics.gatech.edu is reachable. -Mon Dec  4 18:50:05 2023
phys43199.physics.gatech.edu is reachable. -Mon Dec  4 18:55:04 2023
phys43199.physics.gatech.edu is reachable. -Mon Dec  4 19:00:04 2023
phys43199.physics.gatech.edu is reachable. -Mon Dec  4 19:05:05 2023
phys43199.physics.gatech.edu is reachable. -Mon Dec  4 19:10:04 2023
phys43199.physics.gatech.edu is reachable. -Mon Dec  4 19:15:05 2023
phys43199.physics.gatech.edu is reachable. -Mon Dec  4 19:20:04 2023
phys43199.physics.gatech.edu is reachable. -Mon Dec  4 19:25:04 2023
phys43199.physics.gatech.edu is reachable. -Mon Dec  4 19:30:05 2023
phys43199.physics.gatech.edu is reachable. -Mon Dec  4 19:35:04 2023
phys43199.physics.gatech.edu is reachable. -Mon Dec  4 19:40:04 2023
phys43199.physics.gatech.edu is reachable. -Mon Dec  4 19:45:05 2023
phys43199.physics.gatech.edu is reachable. -Mon Dec  4 19:50:04 2023
phys43199.physics.gatech.edu is reachable. -Mon Dec  4 19:55:04 2023
phys43199.physics.gatech.edu is reachable. -Mon Dec  4 20:00:05 2023
phys43199.physics.gatech.edu is reachable. -Mon Dec  4 20:05:04 2023
phys43199.physics.gatech.edu is reachable. -Mon Dec  4 20:10:04 2023
phys43199.physics.gatech.edu is reachable. -Mon Dec  4 20:15:05 2023
phys43199.physics.gatech.edu is reachable. -Mon Dec  4 20:20:04 2023
phys43199.physics.gatech.edu is reachable. -Mon Dec  4 20:25:04 2023
phys43199.physics.gatech.edu is reachable. -Mon Dec  4 20:30:05 2023
phys43199.physics.gatech.edu is reachable. -Mon Dec  4 20:35:04 2023
phys43199.physics.gatech.edu is reachable. -Mon Dec  4 20:40:05 2023
phys43199.physics.gatech.edu is reachable. -Mon Dec  4 20:45:04 2023
phys43199.physics.gatech.edu is reachable. -Mon Dec  4 20:50:04 2023
phys43199.physics.gatech.edu is reachable. -Mon Dec  4 20:55:05 2023
phys43199.physics.gatech.edu is reachable. -Mon Dec  4 21:00:04 2023
phys43199.physics.gatech.edu is reachable. -Mon Dec  4 21:05:04 2023
phys43199.physics.gatech.edu is reachable. -Mon Dec  4 21:10:05 2023
phys43199.physics.gatech.edu is reachable. -Mon Dec  4 21:15:04 2023
phys43199.physics.gatech.edu is reachable. -Mon Dec  4 21:20:04 2023
phys43199.physics.gatech.edu is reachable. -Mon Dec  4 21:25:05 2023
phys43199.physics.gatech.edu is reachable. -Mon Dec  4 21:30:04 2023
phys43199.physics.gatech.edu is reachable. -Mon Dec  4 21:35:05 2023
phys43199.physics.gatech.edu is reachable. -Mon Dec  4 21:40:04 2023
phys43199.physics.gatech.edu is reachable. -Mon Dec  4 21:45:04 2023
phys43199.physics.gatech.edu is reachable. -Mon Dec  4 21:50:05 2023
phys43199.physics.gatech.edu is reachable. -Mon Dec  4 21:55:04 2023
phys43199.physics.gatech.edu is reachable. -Mon Dec  4 22:00:04 2023
phys43199.physics.gatech.edu is reachable. -Mon Dec  4 22:05:05 2023
phys43199.physics.gatech.edu is reachable. -Mon Dec  4 22:10:04 2023
phys43199.physics.gatech.edu is reachable. -Mon Dec  4 22:15:04 2023
phys43199.physics.gatech.edu is reachable. -Mon Dec  4 22:20:05 2023
phys43199.physics.gatech.edu is reachable. -Mon Dec  4 22:25:04 2023
phys43199.physics.gatech.edu is reachable. -Mon Dec  4 22:30:04 2023
phys43199.physics.gatech.edu is reachable. -Mon Dec  4 22:35:05 2023
phys43199.physics.gatech.edu is reachable. -Mon Dec  4 22:40:04 2023
phys43199.physics.gatech.edu is reachable. -Mon Dec  4 22:45:05 2023
phys43199.physics.gatech.edu is reachable. -Mon Dec  4 22:50:04 2023
phys43199.physics.gatech.edu is reachable. -Mon Dec  4 22:55:04 2023
phys43199.physics.gatech.edu is reachable. -Mon Dec  4 23:00:05 2023
phys43199.physics.gatech.edu is reachable. -Mon Dec  4 23:05:04 2023
phys43199.physics.gatech.edu is reachable. -Mon Dec  4 23:10:04 2023
phys43199.physics.gatech.edu is reachable. -Mon Dec  4 23:15:05 2023
phys43199.physics.gatech.edu is reachable. -Mon Dec  4 23:20:04 2023
phys43199.physics.gatech.edu is reachable. -Mon Dec  4 23:25:04 2023
phys43199.physics.gatech.edu is reachable. -Mon Dec  4 23:30:05 2023
phys43199.physics.gatech.edu is reachable. -Mon Dec  4 23:35:04 2023
phys43199.physics.gatech.edu is reachable. -Mon Dec  4 23:40:04 2023
phys43199.physics.gatech.edu is reachable. -Mon Dec  4 23:45:04 2023
phys43199.physics.gatech.edu is reachable. -Mon Dec  4 23:50:04 2023
phys43199.physics.gatech.edu is reachable. -Mon Dec  4 23:55:05 2023
phys43199.physics.gatech.edu is reachable. -Tue Dec  5 00:00:04 2023
phys43199.physics.gatech.edu is reachable. -Tue Dec  5 00:05:04 2023
phys43199.physics.gatech.edu is reachable. -Tue Dec  5 00:10:05 2023
phys43199.physics.gatech.edu is reachable. -Tue Dec  5 00:15:04 2023
phys43199.physics.gatech.edu is reachable. -Tue Dec  5 00:20:04 2023
phys43199.physics.gatech.edu is reachable. -Tue Dec  5 00:25:05 2023
phys43199.physics.gatech.edu is reachable. -Tue Dec  5 00:30:04 2023
phys43199.physics.gatech.edu is reachable. -Tue Dec  5 00:35:05 2023
phys43199.physics.gatech.edu is reachable. -Tue Dec  5 00:40:04 2023
phys43199.physics.gatech.edu is reachable. -Tue Dec  5 00:45:04 2023
phys43199.physics.gatech.edu is reachable. -Tue Dec  5 00:50:05 2023
phys43199.physics.gatech.edu is reachable. -Tue Dec  5 00:55:04 2023
phys43199.physics.gatech.edu is reachable. -Tue Dec  5 01:00:04 2023
phys43199.physics.gatech.edu is reachable. -Tue Dec  5 01:05:05 2023
phys43199.physics.gatech.edu is reachable. -Tue Dec  5 01:10:04 2023
phys43199.physics.gatech.edu is reachable. -Tue Dec  5 01:15:04 2023
phys43199.physics.gatech.edu is reachable. -Tue Dec  5 01:20:05 2023
phys43199.physics.gatech.edu is reachable. -Tue Dec  5 01:25:04 2023
phys43199.physics.gatech.edu is reachable. -Tue Dec  5 01:30:04 2023
phys43199.physics.gatech.edu is reachable. -Tue Dec  5 01:35:04 2023
phys43199.physics.gatech.edu is reachable. -Tue Dec  5 01:40:04 2023
phys43199.physics.gatech.edu is reachable. -Tue Dec  5 01:45:05 2023
phys43199.physics.gatech.edu is reachable. -Tue Dec  5 01:50:04 2023
phys43199.physics.gatech.edu is reachable. -Tue Dec  5 01:55:04 2023
phys43199.physics.gatech.edu is reachable. -Tue Dec  5 02:00:05 2023
phys43199.physics.gatech.edu is reachable. -Tue Dec  5 02:05:04 2023
phys43199.physics.gatech.edu is reachable. -Tue Dec  5 02:10:04 2023
phys43199.physics.gatech.edu is reachable. -Tue Dec  5 02:15:05 2023
phys43199.physics.gatech.edu is reachable. -Tue Dec  5 02:20:04 2023
phys43199.physics.gatech.edu is reachable. -Tue Dec  5 02:25:04 2023
phys43199.physics.gatech.edu is reachable. -Tue Dec  5 02:30:04 2023
phys43199.physics.gatech.edu is reachable. -Tue Dec  5 02:35:04 2023
phys43199.physics.gatech.edu is reachable. -Tue Dec  5 02:40:05 2023
phys43199.physics.gatech.edu is reachable. -Tue Dec  5 02:45:04 2023
phys43199.physics.gatech.edu is reachable. -Tue Dec  5 02:50:04 2023
phys43199.physics.gatech.edu is reachable. -Tue Dec  5 02:55:05 2023
phys43199.physics.gatech.edu is reachable. -Tue Dec  5 03:00:04 2023
phys43199.physics.gatech.edu is reachable. -Tue Dec  5 03:05:04 2023
phys43199.physics.gatech.edu is reachable. -Tue Dec  5 03:10:05 2023
phys43199.physics.gatech.edu is reachable. -Tue Dec  5 03:15:04 2023
phys43199.physics.gatech.edu is reachable. -Tue Dec  5 03:20:04 2023
phys43199.physics.gatech.edu is reachable. -Tue Dec  5 03:25:04 2023
phys43199.physics.gatech.edu is reachable. -Tue Dec  5 03:30:04 2023
phys43199.physics.gatech.edu is reachable. -Tue Dec  5 03:35:05 2023
phys43199.physics.gatech.edu is reachable. -Tue Dec  5 03:40:04 2023
phys43199.physics.gatech.edu is reachable. -Tue Dec  5 03:45:04 2023
phys43199.physics.gatech.edu is reachable. -Tue Dec  5 03:50:05 2023
phys43199.physics.gatech.edu is reachable. -Tue Dec  5 03:55:04 2023
phys43199.physics.gatech.edu is reachable. -Tue Dec  5 04:00:04 2023
phys43199.physics.gatech.edu is reachable. -Tue Dec  5 04:05:05 2023
phys43199.physics.gatech.edu is reachable. -Tue Dec  5 04:10:04 2023
phys43199.physics.gatech.edu is reachable. -Tue Dec  5 04:15:04 2023
phys43199.physics.gatech.edu is reachable. -Tue Dec  5 04:20:05 2023
phys43199.physics.gatech.edu is reachable. -Tue Dec  5 04:25:04 2023
phys43199.physics.gatech.edu is reachable. -Tue Dec  5 04:30:05 2023
phys43199.physics.gatech.edu is reachable. -Tue Dec  5 04:35:04 2023
phys43199.physics.gatech.edu is reachable. -Tue Dec  5 04:40:04 2023
phys43199.physics.gatech.edu is reachable. -Tue Dec  5 04:45:05 2023
phys43199.physics.gatech.edu is reachable. -Tue Dec  5 04:50:04 2023
phys43199.physics.gatech.edu is reachable. -Tue Dec  5 04:55:04 2023
phys43199.physics.gatech.edu is reachable. -Tue Dec  5 05:00:05 2023
phys43199.physics.gatech.edu is reachable. -Tue Dec  5 05:05:04 2023
phys43199.physics.gatech.edu is reachable. -Tue Dec  5 05:10:04 2023
phys43199.physics.gatech.edu is reachable. -Tue Dec  5 05:15:05 2023
phys43199.physics.gatech.edu is reachable. -Tue Dec  5 05:20:04 2023
phys43199.physics.gatech.edu is reachable. -Tue Dec  5 05:25:04 2023
phys43199.physics.gatech.edu is reachable. -Tue Dec  5 05:30:05 2023
phys43199.physics.gatech.edu is reachable. -Tue Dec  5 05:35:04 2023
phys43199.physics.gatech.edu is reachable. -Tue Dec  5 05:40:04 2023
phys43199.physics.gatech.edu is reachable. -Tue Dec  5 05:45:04 2023
phys43199.physics.gatech.edu is reachable. -Tue Dec  5 05:50:05 2023
phys43199.physics.gatech.edu is reachable. -Tue Dec  5 05:55:04 2023
phys43199.physics.gatech.edu is reachable. -Tue Dec  5 06:00:04 2023
phys43199.physics.gatech.edu is reachable. -Tue Dec  5 06:05:05 2023
phys43199.physics.gatech.edu is reachable. -Tue Dec  5 06:10:04 2023
phys43199.physics.gatech.edu is reachable. -Tue Dec  5 06:15:04 2023
phys43199.physics.gatech.edu is reachable. -Tue Dec  5 06:20:04 2023
phys43199.physics.gatech.edu is reachable. -Tue Dec  5 06:25:04 2023
phys43199.physics.gatech.edu is reachable. -Tue Dec  5 06:30:05 2023
phys43199.physics.gatech.edu is reachable. -Tue Dec  5 06:35:04 2023
phys43199.physics.gatech.edu is reachable. -Tue Dec  5 06:40:04 2023
phys43199.physics.gatech.edu is reachable. -Tue Dec  5 06:45:05 2023
phys43199.physics.gatech.edu is reachable. -Tue Dec  5 06:50:04 2023
phys43199.physics.gatech.edu is reachable. -Tue Dec  5 06:55:04 2023
phys43199.physics.gatech.edu is reachable. -Tue Dec  5 07:00:05 2023
phys43199.physics.gatech.edu is reachable. -Tue Dec  5 07:05:04 2023
phys43199.physics.gatech.edu is reachable. -Tue Dec  5 07:10:04 2023
phys43199.physics.gatech.edu is reachable. -Tue Dec  5 07:15:04 2023
phys43199.physics.gatech.edu is reachable. -Tue Dec  5 07:20:04 2023
phys43199.physics.gatech.edu is reachable. -Tue Dec  5 07:25:05 2023
phys43199.physics.gatech.edu is reachable. -Tue Dec  5 07:30:04 2023
phys43199.physics.gatech.edu is reachable. -Tue Dec  5 07:35:04 2023
phys43199.physics.gatech.edu is reachable. -Tue Dec  5 07:40:05 2023
phys43199.physics.gatech.edu is reachable. -Tue Dec  5 07:45:04 2023
phys43199.physics.gatech.edu is reachable. -Tue Dec  5 07:50:05 2023
phys43199.physics.gatech.edu is reachable. -Tue Dec  5 07:55:04 2023
phys43199.physics.gatech.edu is reachable. -Tue Dec  5 08:00:04 2023
phys43199.physics.gatech.edu is reachable. -Tue Dec  5 08:05:05 2023
phys43199.physics.gatech.edu is reachable. -Tue Dec  5 08:10:04 2023
phys43199.physics.gatech.edu is reachable. -Tue Dec  5 08:15:04 2023
phys43199.physics.gatech.edu is reachable. -Tue Dec  5 08:20:05 2023
phys43199.physics.gatech.edu is reachable. -Tue Dec  5 08:25:04 2023
phys43199.physics.gatech.edu is reachable. -Tue Dec  5 08:30:04 2023
phys43199.physics.gatech.edu is reachable. -Tue Dec  5 08:35:05 2023
phys43199.physics.gatech.edu is reachable. -Tue Dec  5 08:40:04 2023
phys43199.physics.gatech.edu is reachable. -Tue Dec  5 08:45:05 2023
phys43199.physics.gatech.edu is reachable. -Tue Dec  5 08:50:04 2023
phys43199.physics.gatech.edu is reachable. -Tue Dec  5 08:55:04 2023
phys43199.physics.gatech.edu is reachable. -Tue Dec  5 09:00:05 2023
phys43199.physics.gatech.edu is reachable. -Tue Dec  5 09:05:04 2023
phys43199.physics.gatech.edu is reachable. -Tue Dec  5 09:10:04 2023
phys43199.physics.gatech.edu is reachable. -Tue Dec  5 09:15:05 2023
phys43199.physics.gatech.edu is reachable. -Tue Dec  5 09:20:04 2023
phys43199.physics.gatech.edu is reachable. -Tue Dec  5 09:25:04 2023
phys43199.physics.gatech.edu is reachable. -Tue Dec  5 09:30:05 2023
phys43199.physics.gatech.edu is reachable. -Tue Dec  5 09:35:04 2023
phys43199.physics.gatech.edu is reachable. -Tue Dec  5 09:40:05 2023
phys43199.physics.gatech.edu is reachable. -Tue Dec  5 09:45:04 2023
phys43199.physics.gatech.edu is reachable. -Tue Dec  5 09:50:04 2023
phys43199.physics.gatech.edu is reachable. -Tue Dec  5 09:55:05 2023
phys43199.physics.gatech.edu is reachable. -Tue Dec  5 10:00:04 2023
phys43199.physics.gatech.edu is reachable. -Tue Dec  5 10:05:04 2023
phys43199.physics.gatech.edu is reachable. -Tue Dec  5 10:10:05 2023
phys43199.physics.gatech.edu is reachable. -Tue Dec  5 10:15:04 2023
phys43199.physics.gatech.edu is reachable. -Tue Dec  5 10:20:04 2023
phys43199.physics.gatech.edu is reachable. -Tue Dec  5 10:25:05 2023
phys43199.physics.gatech.edu is reachable. -Tue Dec  5 10:30:04 2023
phys43199.physics.gatech.edu is reachable. -Tue Dec  5 10:35:04 2023
phys43199.physics.gatech.edu is reachable. -Tue Dec  5 10:40:04 2023
phys43199.physics.gatech.edu is reachable. -Tue Dec  5 10:45:04 2023
phys43199.physics.gatech.edu is reachable. -Tue Dec  5 10:50:05 2023
phys43199.physics.gatech.edu is reachable. -Tue Dec  5 10:55:04 2023
phys43199.physics.gatech.edu is reachable. -Tue Dec  5 11:00:04 2023
phys43199.physics.gatech.edu is reachable. -Tue Dec  5 11:05:05 2023
phys43199.physics.gatech.edu is reachable. -Tue Dec  5 11:10:04 2023
phys43199.physics.gatech.edu is reachable. -Tue Dec  5 11:15:04 2023
phys43199.physics.gatech.edu is reachable. -Tue Dec  5 11:20:05 2023
phys43199.physics.gatech.edu is reachable. -Tue Dec  5 11:25:04 2023
phys43199.physics.gatech.edu is reachable. -Tue Dec  5 11:30:04 2023
phys43199.physics.gatech.edu is reachable. -Tue Dec  5 11:35:05 2023
phys43199.physics.gatech.edu is reachable. -Tue Dec  5 11:40:04 2023
phys43199.physics.gatech.edu is reachable. -Tue Dec  5 11:45:05 2023
phys43199.physics.gatech.edu is reachable. -Tue Dec  5 11:50:04 2023
phys43199.physics.gatech.edu is reachable. -Tue Dec  5 11:55:04 2023
phys43199.physics.gatech.edu is reachable. -Tue Dec  5 12:00:05 2023
phys43199.physics.gatech.edu is reachable. -Tue Dec  5 12:05:04 2023
phys43199.physics.gatech.edu is reachable. -Tue Dec  5 12:10:04 2023
phys43199.physics.gatech.edu is reachable. -Tue Dec  5 12:15:05 2023
phys43199.physics.gatech.edu is reachable. -Tue Dec  5 12:20:04 2023
phys43199.physics.gatech.edu is reachable. -Tue Dec  5 12:25:04 2023
phys43199.physics.gatech.edu is reachable. -Tue Dec  5 12:30:05 2023
phys43199.physics.gatech.edu is reachable. -Tue Dec  5 12:35:04 2023
phys43199.physics.gatech.edu is reachable. -Tue Dec  5 12:40:04 2023
phys43199.physics.gatech.edu is reachable. -Tue Dec  5 12:45:05 2023
phys43199.physics.gatech.edu is reachable. -Tue Dec  5 12:50:04 2023
phys43199.physics.gatech.edu is reachable. -Tue Dec  5 12:55:05 2023
phys43199.physics.gatech.edu is reachable. -Tue Dec  5 13:00:04 2023
phys43199.physics.gatech.edu is reachable. -Tue Dec  5 13:05:04 2023
phys43199.physics.gatech.edu is reachable. -Tue Dec  5 13:10:05 2023
phys43199.physics.gatech.edu is reachable. -Tue Dec  5 13:15:04 2023
phys43199.physics.gatech.edu is reachable. -Tue Dec  5 13:20:04 2023
phys43199.physics.gatech.edu is reachable. -Tue Dec  5 13:25:05 2023
phys43199.physics.gatech.edu is reachable. -Tue Dec  5 13:30:04 2023
phys43199.physics.gatech.edu is reachable. -Tue Dec  5 13:35:05 2023
phys43199.physics.gatech.edu is reachable. -Tue Dec  5 13:40:04 2023
phys43199.physics.gatech.edu is reachable. -Tue Dec  5 13:45:04 2023
phys43199.physics.gatech.edu is reachable. -Tue Dec  5 13:50:05 2023
phys43199.physics.gatech.edu is reachable. -Tue Dec  5 13:55:04 2023
phys43199.physics.gatech.edu is reachable. -Tue Dec  5 14:00:04 2023
phys43199.physics.gatech.edu is reachable. -Tue Dec  5 14:05:05 2023
phys43199.physics.gatech.edu is reachable. -Tue Dec  5 14:10:04 2023
phys43199.physics.gatech.edu is reachable. -Tue Dec  5 14:15:04 2023
phys43199.physics.gatech.edu is reachable. -Tue Dec  5 14:20:04 2023
phys43199.physics.gatech.edu is reachable. -Tue Dec  5 14:25:04 2023
phys43199.physics.gatech.edu is reachable. -Tue Dec  5 14:30:05 2023
phys43199.physics.gatech.edu is reachable. -Tue Dec  5 14:35:04 2023
phys43199.physics.gatech.edu is reachable. -Tue Dec  5 14:40:04 2023
phys43199.physics.gatech.edu is reachable. -Tue Dec  5 14:45:05 2023
phys43199.physics.gatech.edu is reachable. -Tue Dec  5 14:50:04 2023
phys43199.physics.gatech.edu is reachable. -Tue Dec  5 14:55:04 2023
phys43199.physics.gatech.edu is reachable. -Tue Dec  5 15:00:05 2023
phys43199.physics.gatech.edu is reachable. -Tue Dec  5 15:05:04 2023
phys43199.physics.gatech.edu is reachable. -Tue Dec  5 15:10:04 2023
phys43199.physics.gatech.edu is reachable. -Tue Dec  5 15:15:05 2023
phys43199.physics.gatech.edu is reachable. -Tue Dec  5 15:20:04 2023
phys43199.physics.gatech.edu is reachable. -Tue Dec  5 15:25:05 2023
phys43199.physics.gatech.edu is reachable. -Tue Dec  5 15:30:04 2023
phys43199.physics.gatech.edu is reachable. -Tue Dec  5 15:35:04 2023
phys43199.physics.gatech.edu is reachable. -Tue Dec  5 15:40:05 2023
phys43199.physics.gatech.edu is reachable. -Tue Dec  5 15:45:04 2023
phys43199.physics.gatech.edu is reachable. -Tue Dec  5 15:50:04 2023
phys43199.physics.gatech.edu is reachable. -Tue Dec  5 15:55:05 2023
phys43199.physics.gatech.edu is reachable. -Tue Dec  5 16:00:04 2023
phys43199.physics.gatech.edu is reachable. -Tue Dec  5 16:05:04 2023
phys43199.physics.gatech.edu is reachable. -Tue Dec  5 16:10:05 2023
phys43199.physics.gatech.edu is reachable. -Tue Dec  5 16:15:04 2023
phys43199.physics.gatech.edu is reachable. -Tue Dec  5 16:20:04 2023
phys43199.physics.gatech.edu is reachable. -Tue Dec  5 16:25:05 2023
phys43199.physics.gatech.edu is reachable. -Tue Dec  5 16:30:04 2023
phys43199.physics.gatech.edu is reachable. -Tue Dec  5 16:35:04 2023
phys43199.physics.gatech.edu is reachable. -Tue Dec  5 16:40:05 2023
phys43199.physics.gatech.edu is reachable. -Tue Dec  5 16:45:04 2023
phys43199.physics.gatech.edu is reachable. -Tue Dec  5 16:50:05 2023
phys43199.physics.gatech.edu is reachable. -Tue Dec  5 16:55:04 2023
phys43199.physics.gatech.edu is reachable. -Tue Dec  5 17:00:04 2023
phys43199.physics.gatech.edu is reachable. -Tue Dec  5 17:05:05 2023
phys43199.physics.gatech.edu is reachable. -Tue Dec  5 17:10:04 2023
phys43199.physics.gatech.edu is reachable. -Tue Dec  5 17:15:04 2023
phys43199.physics.gatech.edu is reachable. -Tue Dec  5 17:20:05 2023
phys43199.physics.gatech.edu is reachable. -Tue Dec  5 17:25:04 2023
phys43199.physics.gatech.edu is reachable. -Tue Dec  5 17:30:04 2023
phys43199.physics.gatech.edu is reachable. -Tue Dec  5 17:35:05 2023
phys43199.physics.gatech.edu is reachable. -Tue Dec  5 17:40:04 2023
phys43199.physics.gatech.edu is reachable. -Tue Dec  5 17:45:05 2023
phys43199.physics.gatech.edu is reachable. -Tue Dec  5 17:50:04 2023
phys43199.physics.gatech.edu is reachable. -Tue Dec  5 17:55:04 2023
phys43199.physics.gatech.edu is reachable. -Tue Dec  5 18:00:05 2023
phys43199.physics.gatech.edu is reachable. -Tue Dec  5 18:05:04 2023
phys43199.physics.gatech.edu is reachable. -Tue Dec  5 18:10:04 2023
phys43199.physics.gatech.edu is reachable. -Tue Dec  5 18:15:05 2023
phys43199.physics.gatech.edu is reachable. -Tue Dec  5 18:20:04 2023
phys43199.physics.gatech.edu is reachable. -Tue Dec  5 18:25:04 2023
phys43199.physics.gatech.edu is reachable. -Tue Dec  5 18:30:04 2023
phys43199.physics.gatech.edu is reachable. -Tue Dec  5 18:35:04 2023
phys43199.physics.gatech.edu is reachable. -Tue Dec  5 18:40:05 2023
phys43199.physics.gatech.edu is reachable. -Tue Dec  5 18:45:04 2023
phys43199.physics.gatech.edu is reachable. -Tue Dec  5 18:50:04 2023
phys43199.physics.gatech.edu is reachable. -Tue Dec  5 18:55:05 2023
phys43199.physics.gatech.edu is reachable. -Tue Dec  5 19:00:04 2023
phys43199.physics.gatech.edu is reachable. -Tue Dec  5 19:05:04 2023
phys43199.physics.gatech.edu is reachable. -Tue Dec  5 19:10:05 2023
phys43199.physics.gatech.edu is reachable. -Tue Dec  5 19:15:04 2023
phys43199.physics.gatech.edu is reachable. -Tue Dec  5 19:20:04 2023
phys43199.physics.gatech.edu is reachable. -Tue Dec  5 19:25:04 2023
phys43199.physics.gatech.edu is reachable. -Tue Dec  5 19:30:04 2023
phys43199.physics.gatech.edu is reachable. -Tue Dec  5 19:35:05 2023
phys43199.physics.gatech.edu is reachable. -Tue Dec  5 19:40:04 2023
phys43199.physics.gatech.edu is reachable. -Tue Dec  5 19:45:04 2023
phys43199.physics.gatech.edu is reachable. -Tue Dec  5 19:50:05 2023
phys43199.physics.gatech.edu is reachable. -Tue Dec  5 19:55:04 2023
phys43199.physics.gatech.edu is reachable. -Tue Dec  5 20:00:04 2023
phys43199.physics.gatech.edu is reachable. -Tue Dec  5 20:05:05 2023
phys43199.physics.gatech.edu is reachable. -Tue Dec  5 20:10:04 2023
phys43199.physics.gatech.edu is reachable. -Tue Dec  5 20:15:04 2023
phys43199.physics.gatech.edu is reachable. -Tue Dec  5 20:20:04 2023
phys43199.physics.gatech.edu is reachable. -Tue Dec  5 20:30:04 2023
phys43199.physics.gatech.edu is reachable. -Tue Dec  5 20:45:04 2023
phys43199.physics.gatech.edu is reachable. -Tue Dec  5 21:00:04 2023
phys43199.physics.gatech.edu is reachable. -Tue Dec  5 21:15:04 2023
phys43199.physics.gatech.edu is reachable. -Tue Dec  5 21:30:05 2023
phys43199.physics.gatech.edu is reachable. -Tue Dec  5 21:45:04 2023
phys43199.physics.gatech.edu is reachable. -Tue Dec  5 22:00:05 2023
phys43199.physics.gatech.edu is reachable. -Tue Dec  5 22:15:04 2023
phys43199.physics.gatech.edu is reachable. -Tue Dec  5 22:30:05 2023
phys43199.physics.gatech.edu is reachable. -Tue Dec  5 22:45:04 2023
phys43199.physics.gatech.edu is reachable. -Tue Dec  5 23:00:05 2023
phys43199.physics.gatech.edu is reachable. -Tue Dec  5 23:15:04 2023
phys43199.physics.gatech.edu is reachable. -Tue Dec  5 23:30:04 2023
phys43199.physics.gatech.edu is reachable. -Tue Dec  5 23:45:04 2023
phys43199.physics.gatech.edu is reachable. -Wed Dec  6 00:00:04 2023
phys43199.physics.gatech.edu is reachable. -Wed Dec  6 00:15:05 2023
phys43199.physics.gatech.edu is reachable. -Wed Dec  6 00:30:04 2023
phys43199.physics.gatech.edu is reachable. -Wed Dec  6 00:45:05 2023
phys43199.physics.gatech.edu is reachable. -Wed Dec  6 01:00:04 2023
phys43199.physics.gatech.edu is reachable. -Wed Dec  6 01:15:04 2023
phys43199.physics.gatech.edu is reachable. -Wed Dec  6 01:30:04 2023
phys43199.physics.gatech.edu is reachable. -Wed Dec  6 01:45:04 2023
phys43199.physics.gatech.edu is reachable. -Wed Dec  6 02:00:04 2023
phys43199.physics.gatech.edu is reachable. -Wed Dec  6 02:15:04 2023
phys43199.physics.gatech.edu is reachable. -Wed Dec  6 02:30:04 2023
phys43199.physics.gatech.edu is reachable. -Wed Dec  6 02:45:04 2023
phys43199.physics.gatech.edu is reachable. -Wed Dec  6 03:00:05 2023
phys43199.physics.gatech.edu is reachable. -Wed Dec  6 03:15:04 2023
phys43199.physics.gatech.edu is reachable. -Wed Dec  6 03:30:05 2023
phys43199.physics.gatech.edu is reachable. -Wed Dec  6 03:45:04 2023
phys43199.physics.gatech.edu is reachable. -Wed Dec  6 04:00:05 2023
phys43199.physics.gatech.edu is reachable. -Wed Dec  6 04:15:04 2023
phys43199.physics.gatech.edu is reachable. -Wed Dec  6 04:30:05 2023
phys43199.physics.gatech.edu is reachable. -Wed Dec  6 04:45:04 2023
phys43199.physics.gatech.edu is reachable. -Wed Dec  6 05:00:05 2023
phys43199.physics.gatech.edu is reachable. -Wed Dec  6 05:15:04 2023
phys43199.physics.gatech.edu is reachable. -Wed Dec  6 05:30:04 2023
phys43199.physics.gatech.edu is reachable. -Wed Dec  6 05:45:04 2023
phys43199.physics.gatech.edu is reachable. -Wed Dec  6 06:00:04 2023
phys43199.physics.gatech.edu is reachable. -Wed Dec  6 06:15:04 2023
phys43199.physics.gatech.edu is reachable. -Wed Dec  6 06:30:04 2023
phys43199.physics.gatech.edu is reachable. -Wed Dec  6 06:45:04 2023
phys43199.physics.gatech.edu is reachable. -Wed Dec  6 07:00:04 2023
phys43199.physics.gatech.edu is reachable. -Wed Dec  6 07:15:04 2023
phys43199.physics.gatech.edu is reachable. -Wed Dec  6 07:30:04 2023
phys43199.physics.gatech.edu is reachable. -Wed Dec  6 07:45:04 2023
phys43199.physics.gatech.edu is reachable. -Wed Dec  6 08:00:04 2023
phys43199.physics.gatech.edu is reachable. -Wed Dec  6 08:15:05 2023
phys43199.physics.gatech.edu is reachable. -Wed Dec  6 08:30:04 2023
phys43199.physics.gatech.edu is reachable. -Wed Dec  6 08:45:05 2023
phys43199.physics.gatech.edu is reachable. -Wed Dec  6 09:00:04 2023
phys43199.physics.gatech.edu is reachable. -Wed Dec  6 09:15:05 2023
phys43199.physics.gatech.edu is reachable. -Wed Dec  6 09:30:04 2023
phys43199.physics.gatech.edu is reachable. -Wed Dec  6 09:45:04 2023
phys43199.physics.gatech.edu is reachable. -Wed Dec  6 10:00:04 2023
phys43199.physics.gatech.edu is reachable. -Wed Dec  6 10:15:04 2023
phys43199.physics.gatech.edu is reachable. -Wed Dec  6 10:30:04 2023
phys43199.physics.gatech.edu is reachable. -Wed Dec  6 10:45:04 2023
phys43199.physics.gatech.edu is reachable. -Wed Dec  6 11:00:05 2023
phys43199.physics.gatech.edu is reachable. -Wed Dec  6 11:15:04 2023
phys43199.physics.gatech.edu is reachable. -Wed Dec  6 11:30:05 2023
phys43199.physics.gatech.edu is reachable. -Wed Dec  6 11:45:04 2023
phys43199.physics.gatech.edu is reachable. -Wed Dec  6 12:00:05 2023
phys43199.physics.gatech.edu is reachable. -Wed Dec  6 12:15:04 2023
phys43199.physics.gatech.edu is reachable. -Wed Dec  6 12:30:04 2023
phys43199.physics.gatech.edu is reachable. -Wed Dec  6 12:45:04 2023
phys43199.physics.gatech.edu is reachable. -Wed Dec  6 13:00:04 2023
phys43199.physics.gatech.edu is reachable. -Wed Dec  6 13:15:05 2023
phys43199.physics.gatech.edu is reachable. -Wed Dec  6 13:30:04 2023
phys43199.physics.gatech.edu is reachable. -Wed Dec  6 13:45:05 2023
phys43199.physics.gatech.edu is reachable. -Wed Dec  6 14:00:04 2023
phys43199.physics.gatech.edu is reachable. -Wed Dec  6 14:15:05 2023
phys43199.physics.gatech.edu is reachable. -Wed Dec  6 14:30:04 2023
phys43199.physics.gatech.edu is reachable. -Wed Dec  6 14:45:04 2023
phys43199.physics.gatech.edu is reachable. -Wed Dec  6 15:00:04 2023
phys43199.physics.gatech.edu is reachable. -Wed Dec  6 15:15:04 2023
phys43199.physics.gatech.edu is reachable. -Wed Dec  6 15:30:05 2023
phys43199.physics.gatech.edu is reachable. -Wed Dec  6 15:45:04 2023
phys43199.physics.gatech.edu is reachable. -Wed Dec  6 16:00:05 2023
phys43199.physics.gatech.edu is reachable. -Wed Dec  6 16:15:04 2023
phys43199.physics.gatech.edu is reachable. -Wed Dec  6 16:30:04 2023
phys43199.physics.gatech.edu is reachable. -Wed Dec  6 16:45:04 2023
phys43199.physics.gatech.edu is reachable. -Wed Dec  6 17:00:05 2023
phys43199.physics.gatech.edu is reachable. -Wed Dec  6 17:15:04 2023
phys43199.physics.gatech.edu is reachable. -Wed Dec  6 17:30:05 2023
phys43199.physics.gatech.edu is reachable. -Wed Dec  6 17:45:04 2023
phys43199.physics.gatech.edu is reachable. -Wed Dec  6 18:00:05 2023
phys43199.physics.gatech.edu is reachable. -Wed Dec  6 18:15:04 2023
phys43199.physics.gatech.edu is reachable. -Wed Dec  6 18:30:05 2023
phys43199.physics.gatech.edu is reachable. -Wed Dec  6 18:45:04 2023
phys43199.physics.gatech.edu is reachable. -Wed Dec  6 19:00:04 2023
phys43199.physics.gatech.edu is reachable. -Wed Dec  6 19:15:04 2023
phys43199.physics.gatech.edu is reachable. -Wed Dec  6 19:30:04 2023
phys43199.physics.gatech.edu is reachable. -Wed Dec  6 19:45:04 2023
phys43199.physics.gatech.edu is reachable. -Wed Dec  6 20:00:04 2023
phys43199.physics.gatech.edu is reachable. -Wed Dec  6 20:15:05 2023
phys43199.physics.gatech.edu is reachable. -Wed Dec  6 20:30:04 2023
phys43199.physics.gatech.edu is reachable. -Wed Dec  6 20:45:05 2023
phys43199.physics.gatech.edu is reachable. -Wed Dec  6 21:00:04 2023
phys43199.physics.gatech.edu is reachable. -Wed Dec  6 21:15:05 2023
phys43199.physics.gatech.edu is reachable. -Wed Dec  6 21:30:04 2023
phys43199.physics.gatech.edu is reachable. -Wed Dec  6 21:45:05 2023
phys43199.physics.gatech.edu is reachable. -Wed Dec  6 22:00:04 2023
phys43199.physics.gatech.edu is reachable. -Wed Dec  6 22:15:05 2023
phys43199.physics.gatech.edu is reachable. -Wed Dec  6 22:30:04 2023
phys43199.physics.gatech.edu is reachable. -Wed Dec  6 22:45:04 2023
phys43199.physics.gatech.edu is reachable. -Wed Dec  6 23:00:04 2023
phys43199.physics.gatech.edu is reachable. -Wed Dec  6 23:15:04 2023
phys43199.physics.gatech.edu is reachable. -Wed Dec  6 23:30:05 2023
phys43199.physics.gatech.edu is reachable. -Wed Dec  6 23:45:04 2023
phys43199.physics.gatech.edu is reachable. -Thu Dec  7 00:00:05 2023
phys43199.physics.gatech.edu is reachable. -Thu Dec  7 00:15:04 2023
phys43199.physics.gatech.edu is reachable. -Thu Dec  7 00:30:05 2023
phys43199.physics.gatech.edu is reachable. -Thu Dec  7 00:45:04 2023
phys43199.physics.gatech.edu is reachable. -Thu Dec  7 01:00:05 2023
phys43199.physics.gatech.edu is reachable. -Thu Dec  7 01:15:04 2023
phys43199.physics.gatech.edu is reachable. -Thu Dec  7 01:30:05 2023
phys43199.physics.gatech.edu is reachable. -Thu Dec  7 01:45:04 2023
phys43199.physics.gatech.edu is reachable. -Thu Dec  7 02:00:05 2023
phys43199.physics.gatech.edu is reachable. -Thu Dec  7 02:15:04 2023
phys43199.physics.gatech.edu is reachable. -Thu Dec  7 02:30:04 2023
phys43199.physics.gatech.edu is reachable. -Thu Dec  7 02:45:04 2023
phys43199.physics.gatech.edu is reachable. -Thu Dec  7 03:00:04 2023
phys43199.physics.gatech.edu is reachable. -Thu Dec  7 03:15:04 2023
phys43199.physics.gatech.edu is reachable. -Thu Dec  7 03:30:04 2023
phys43199.physics.gatech.edu is reachable. -Thu Dec  7 03:45:04 2023
phys43199.physics.gatech.edu is reachable. -Thu Dec  7 04:00:04 2023
phys43199.physics.gatech.edu is reachable. -Thu Dec  7 04:15:05 2023
phys43199.physics.gatech.edu is reachable. -Thu Dec  7 04:30:04 2023
phys43199.physics.gatech.edu is reachable. -Thu Dec  7 04:45:05 2023
phys43199.physics.gatech.edu is reachable. -Thu Dec  7 05:00:04 2023
phys43199.physics.gatech.edu is reachable. -Thu Dec  7 05:15:05 2023
phys43199.physics.gatech.edu is reachable. -Thu Dec  7 05:30:04 2023
phys43199.physics.gatech.edu is reachable. -Thu Dec  7 05:45:04 2023
phys43199.physics.gatech.edu is reachable. -Thu Dec  7 06:00:04 2023
phys43199.physics.gatech.edu is reachable. -Thu Dec  7 06:15:04 2023
phys43199.physics.gatech.edu is reachable. -Thu Dec  7 06:30:05 2023
phys43199.physics.gatech.edu is reachable. -Thu Dec  7 06:45:04 2023
phys43199.physics.gatech.edu is reachable. -Thu Dec  7 07:00:05 2023
phys43199.physics.gatech.edu is reachable. -Thu Dec  7 07:15:04 2023
phys43199.physics.gatech.edu is reachable. -Thu Dec  7 07:30:05 2023
phys43199.physics.gatech.edu is reachable. -Thu Dec  7 07:45:04 2023
phys43199.physics.gatech.edu is reachable. -Thu Dec  7 08:00:05 2023
phys43199.physics.gatech.edu is reachable. -Thu Dec  7 08:15:04 2023
phys43199.physics.gatech.edu is reachable. -Thu Dec  7 08:30:05 2023
phys43199.physics.gatech.edu is reachable. -Thu Dec  7 08:45:04 2023
phys43199.physics.gatech.edu is reachable. -Thu Dec  7 09:00:04 2023
phys43199.physics.gatech.edu is reachable. -Thu Dec  7 09:15:04 2023
phys43199.physics.gatech.edu is reachable. -Thu Dec  7 09:30:04 2023
phys43199.physics.gatech.edu is reachable. -Thu Dec  7 09:45:04 2023
phys43199.physics.gatech.edu is reachable. -Thu Dec  7 10:00:04 2023
phys43199.physics.gatech.edu is reachable. -Thu Dec  7 10:15:05 2023
phys43199.physics.gatech.edu is reachable. -Thu Dec  7 10:30:04 2023
phys43199.physics.gatech.edu is reachable. -Thu Dec  7 10:45:05 2023
phys43199.physics.gatech.edu is reachable. -Thu Dec  7 11:00:04 2023
phys43199.physics.gatech.edu is reachable. -Thu Dec  7 11:15:04 2023
phys43199.physics.gatech.edu is reachable. -Thu Dec  7 11:30:05 2023
phys43199.physics.gatech.edu is reachable. -Thu Dec  7 11:45:05 2023
phys43199.physics.gatech.edu is reachable. -Thu Dec  7 12:00:04 2023
phys43199.physics.gatech.edu is reachable. -Thu Dec  7 12:15:04 2023
phys43199.physics.gatech.edu is reachable. -Thu Dec  7 12:30:04 2023
phys43199.physics.gatech.edu is reachable. -Thu Dec  7 12:45:05 2023
phys43199.physics.gatech.edu is reachable. -Thu Dec  7 13:00:04 2023
phys43199.physics.gatech.edu is reachable. -Thu Dec  7 13:15:05 2023
phys43199.physics.gatech.edu is reachable. -Thu Dec  7 13:30:04 2023
phys43199.physics.gatech.edu is reachable. -Thu Dec  7 13:45:04 2023
phys43199.physics.gatech.edu is reachable. -Thu Dec  7 14:00:04 2023
phys43199.physics.gatech.edu is reachable. -Thu Dec  7 14:15:04 2023
phys43199.physics.gatech.edu is reachable. -Thu Dec  7 14:30:04 2023
phys43199.physics.gatech.edu is reachable. -Thu Dec  7 14:45:04 2023
phys43199.physics.gatech.edu is reachable. -Thu Dec  7 15:00:04 2023
phys43199.physics.gatech.edu is reachable. -Thu Dec  7 15:15:04 2023
phys43199.physics.gatech.edu is reachable. -Thu Dec  7 15:30:05 2023
phys43199.physics.gatech.edu is reachable. -Thu Dec  7 15:45:04 2023
phys43199.physics.gatech.edu is reachable. -Thu Dec  7 16:00:05 2023
phys43199.physics.gatech.edu is reachable. -Thu Dec  7 16:15:04 2023
phys43199.physics.gatech.edu is reachable. -Thu Dec  7 16:30:05 2023
phys43199.physics.gatech.edu is reachable. -Thu Dec  7 16:45:04 2023
phys43199.physics.gatech.edu is reachable. -Thu Dec  7 17:00:04 2023
phys43199.physics.gatech.edu is reachable. -Thu Dec  7 17:15:04 2023
phys43199.physics.gatech.edu is reachable. -Thu Dec  7 17:30:04 2023
phys43199.physics.gatech.edu is reachable. -Thu Dec  7 17:45:05 2023
phys43199.physics.gatech.edu is reachable. -Thu Dec  7 18:00:04 2023
phys43199.physics.gatech.edu is reachable. -Thu Dec  7 18:15:05 2023
phys43199.physics.gatech.edu is reachable. -Thu Dec  7 18:30:04 2023
phys43199.physics.gatech.edu is reachable. -Thu Dec  7 18:45:05 2023
phys43199.physics.gatech.edu is reachable. -Thu Dec  7 19:00:04 2023
phys43199.physics.gatech.edu is reachable. -Thu Dec  7 19:15:04 2023
phys43199.physics.gatech.edu is reachable. -Thu Dec  7 19:30:04 2023
phys43199.physics.gatech.edu is reachable. -Thu Dec  7 19:45:04 2023
phys43199.physics.gatech.edu is reachable. -Thu Dec  7 20:00:05 2023
phys43199.physics.gatech.edu is reachable. -Thu Dec  7 20:15:04 2023
phys43199.physics.gatech.edu is reachable. -Thu Dec  7 20:30:05 2023
phys43199.physics.gatech.edu is reachable. -Thu Dec  7 20:45:04 2023
phys43199.physics.gatech.edu is reachable. -Thu Dec  7 21:00:04 2023
phys43199.physics.gatech.edu is reachable. -Thu Dec  7 21:15:05 2023
phys43199.physics.gatech.edu is reachable. -Thu Dec  7 21:30:04 2023
phys43199.physics.gatech.edu is reachable. -Thu Dec  7 21:45:05 2023
phys43199.physics.gatech.edu is reachable. -Thu Dec  7 22:00:04 2023
phys43199.physics.gatech.edu is reachable. -Thu Dec  7 22:15:05 2023
phys43199.physics.gatech.edu is reachable. -Thu Dec  7 22:30:04 2023
phys43199.physics.gatech.edu is reachable. -Thu Dec  7 22:45:05 2023
phys43199.physics.gatech.edu is reachable. -Thu Dec  7 23:00:04 2023
phys43199.physics.gatech.edu is reachable. -Thu Dec  7 23:15:04 2023
phys43199.physics.gatech.edu is reachable. -Thu Dec  7 23:30:05 2023
phys43199.physics.gatech.edu is reachable. -Thu Dec  7 23:45:04 2023
phys43199.physics.gatech.edu is reachable. -Fri Dec  8 00:00:05 2023
phys43199.physics.gatech.edu is reachable. -Fri Dec  8 00:15:04 2023
phys43199.physics.gatech.edu is reachable. -Fri Dec  8 00:30:05 2023
phys43199.physics.gatech.edu is reachable. -Fri Dec  8 00:45:04 2023
phys43199.physics.gatech.edu is reachable. -Fri Dec  8 01:00:04 2023
phys43199.physics.gatech.edu is reachable. -Fri Dec  8 01:15:05 2023
phys43199.physics.gatech.edu is reachable. -Fri Dec  8 01:30:04 2023
phys43199.physics.gatech.edu is reachable. -Fri Dec  8 01:45:05 2023
phys43199.physics.gatech.edu is reachable. -Fri Dec  8 02:00:04 2023
phys43199.physics.gatech.edu is reachable. -Fri Dec  8 02:15:04 2023
phys43199.physics.gatech.edu is reachable. -Fri Dec  8 02:30:04 2023
phys43199.physics.gatech.edu is reachable. -Fri Dec  8 02:45:04 2023
phys43199.physics.gatech.edu is reachable. -Fri Dec  8 03:00:04 2023
phys43199.physics.gatech.edu is reachable. -Fri Dec  8 03:15:04 2023
phys43199.physics.gatech.edu is reachable. -Fri Dec  8 03:30:05 2023
phys43199.physics.gatech.edu is reachable. -Fri Dec  8 03:45:04 2023
phys43199.physics.gatech.edu is reachable. -Fri Dec  8 04:00:04 2023
phys43199.physics.gatech.edu is reachable. -Fri Dec  8 04:15:04 2023
phys43199.physics.gatech.edu is reachable. -Fri Dec  8 04:30:04 2023
phys43199.physics.gatech.edu is reachable. -Fri Dec  8 04:45:05 2023
phys43199.physics.gatech.edu is reachable. -Fri Dec  8 05:00:04 2023
phys43199.physics.gatech.edu is reachable. -Fri Dec  8 05:15:05 2023
phys43199.physics.gatech.edu is reachable. -Fri Dec  8 05:30:04 2023
phys43199.physics.gatech.edu is reachable. -Fri Dec  8 05:45:05 2023
phys43199.physics.gatech.edu is reachable. -Fri Dec  8 06:00:04 2023
phys43199.physics.gatech.edu is reachable. -Fri Dec  8 06:15:05 2023
phys43199.physics.gatech.edu is reachable. -Fri Dec  8 06:30:04 2023
phys43199.physics.gatech.edu is reachable. -Fri Dec  8 06:45:04 2023
phys43199.physics.gatech.edu is reachable. -Fri Dec  8 07:00:05 2023
phys43199.physics.gatech.edu is reachable. -Fri Dec  8 07:15:04 2023
phys43199.physics.gatech.edu is reachable. -Fri Dec  8 07:30:05 2023
phys43199.physics.gatech.edu is reachable. -Fri Dec  8 07:45:04 2023
phys43199.physics.gatech.edu is reachable. -Fri Dec  8 08:00:05 2023
phys43199.physics.gatech.edu is reachable. -Fri Dec  8 08:15:04 2023
phys43199.physics.gatech.edu is reachable. -Fri Dec  8 08:30:04 2023
phys43199.physics.gatech.edu is reachable. -Fri Dec  8 08:45:05 2023
phys43199.physics.gatech.edu is reachable. -Fri Dec  8 09:00:04 2023
phys43199.physics.gatech.edu is reachable. -Fri Dec  8 09:15:05 2023
phys43199.physics.gatech.edu is reachable. -Fri Dec  8 09:30:04 2023
phys43199.physics.gatech.edu is reachable. -Fri Dec  8 09:45:05 2023
phys43199.physics.gatech.edu is reachable. -Fri Dec  8 10:00:04 2023
phys43199.physics.gatech.edu is reachable. -Fri Dec  8 10:15:04 2023
phys43199.physics.gatech.edu is reachable. -Fri Dec  8 10:30:04 2023
phys43199.physics.gatech.edu is reachable. -Fri Dec  8 10:45:04 2023
phys43199.physics.gatech.edu is reachable. -Fri Dec  8 11:00:05 2023
phys43199.physics.gatech.edu is reachable. -Fri Dec  8 11:15:04 2023
phys43199.physics.gatech.edu is reachable. -Fri Dec  8 11:30:05 2023
phys43199.physics.gatech.edu is reachable. -Fri Dec  8 11:45:04 2023
phys43199.physics.gatech.edu is reachable. -Fri Dec  8 12:00:04 2023
phys43199.physics.gatech.edu is reachable. -Fri Dec  8 12:15:04 2023
phys43199.physics.gatech.edu is reachable. -Fri Dec  8 12:30:04 2023
phys43199.physics.gatech.edu is reachable. -Fri Dec  8 12:45:04 2023
phys43199.physics.gatech.edu is reachable. -Fri Dec  8 13:00:04 2023
phys43199.physics.gatech.edu is reachable. -Fri Dec  8 13:15:05 2023
phys43199.physics.gatech.edu is reachable. -Fri Dec  8 13:30:04 2023
phys43199.physics.gatech.edu is reachable. -Fri Dec  8 13:45:05 2023
phys43199.physics.gatech.edu is reachable. -Fri Dec  8 14:00:04 2023
phys43199.physics.gatech.edu is reachable. -Fri Dec  8 14:15:05 2023
phys43199.physics.gatech.edu is reachable. -Fri Dec  8 14:30:04 2023
phys43199.physics.gatech.edu is reachable. -Fri Dec  8 14:45:04 2023
phys43199.physics.gatech.edu is reachable. -Fri Dec  8 15:00:04 2023
phys43199.physics.gatech.edu is reachable. -Fri Dec  8 15:15:04 2023
phys43199.physics.gatech.edu is reachable. -Fri Dec  8 15:30:04 2023
phys43199.physics.gatech.edu is reachable. -Fri Dec  8 15:45:04 2023
phys43199.physics.gatech.edu is reachable. -Fri Dec  8 16:00:05 2023
phys43199.physics.gatech.edu is reachable. -Fri Dec  8 16:15:04 2023
phys43199.physics.gatech.edu is reachable. -Fri Dec  8 16:30:05 2023
phys43199.physics.gatech.edu is reachable. -Fri Dec  8 16:45:04 2023
phys43199.physics.gatech.edu is reachable. -Fri Dec  8 17:00:05 2023
phys43199.physics.gatech.edu is reachable. -Fri Dec  8 17:15:04 2023
phys43199.physics.gatech.edu is reachable. -Fri Dec  8 17:30:05 2023
phys43199.physics.gatech.edu is reachable. -Fri Dec  8 17:45:04 2023
phys43199.physics.gatech.edu is reachable. -Fri Dec  8 18:00:04 2023
phys43199.physics.gatech.edu is reachable. -Fri Dec  8 18:15:05 2023
phys43199.physics.gatech.edu is reachable. -Fri Dec  8 18:30:04 2023
phys43199.physics.gatech.edu is reachable. -Fri Dec  8 18:45:04 2023
phys43199.physics.gatech.edu is reachable. -Fri Dec  8 19:00:04 2023
phys43199.physics.gatech.edu is reachable. -Fri Dec  8 19:15:04 2023
phys43199.physics.gatech.edu is reachable. -Fri Dec  8 19:30:04 2023
phys43199.physics.gatech.edu is reachable. -Fri Dec  8 19:45:04 2023
phys43199.physics.gatech.edu is reachable. -Fri Dec  8 20:00:04 2023
phys43199.physics.gatech.edu is reachable. -Fri Dec  8 20:15:04 2023
phys43199.physics.gatech.edu is reachable. -Fri Dec  8 20:30:05 2023
phys43199.physics.gatech.edu is reachable. -Fri Dec  8 20:45:04 2023
phys43199.physics.gatech.edu is reachable. -Fri Dec  8 21:00:04 2023
phys43199.physics.gatech.edu is reachable. -Fri Dec  8 21:15:04 2023
phys43199.physics.gatech.edu is reachable. -Fri Dec  8 21:30:05 2023
phys43199.physics.gatech.edu is reachable. -Fri Dec  8 21:45:04 2023
phys43199.physics.gatech.edu is reachable. -Fri Dec  8 22:00:05 2023
phys43199.physics.gatech.edu is reachable. -Fri Dec  8 22:15:04 2023
phys43199.physics.gatech.edu is reachable. -Fri Dec  8 22:30:04 2023
phys43199.physics.gatech.edu is reachable. -Fri Dec  8 22:45:04 2023
phys43199.physics.gatech.edu is reachable. -Fri Dec  8 23:00:04 2023
phys43199.physics.gatech.edu is reachable. -Fri Dec  8 23:15:04 2023
phys43199.physics.gatech.edu is reachable. -Fri Dec  8 23:30:04 2023
phys43199.physics.gatech.edu is reachable. -Fri Dec  8 23:45:05 2023
phys43199.physics.gatech.edu is reachable. -Sat Dec  9 00:00:04 2023
phys43199.physics.gatech.edu is reachable. -Sat Dec  9 00:15:05 2023
phys43199.physics.gatech.edu is reachable. -Sat Dec  9 00:30:04 2023
phys43199.physics.gatech.edu is reachable. -Sat Dec  9 00:45:04 2023
phys43199.physics.gatech.edu is reachable. -Sat Dec  9 01:00:04 2023
phys43199.physics.gatech.edu is reachable. -Sat Dec  9 01:15:04 2023
phys43199.physics.gatech.edu is reachable. -Sat Dec  9 01:30:05 2023
phys43199.physics.gatech.edu is reachable. -Sat Dec  9 01:45:04 2023
phys43199.physics.gatech.edu is reachable. -Sat Dec  9 02:00:05 2023
phys43199.physics.gatech.edu is reachable. -Sat Dec  9 02:15:04 2023
phys43199.physics.gatech.edu is reachable. -Sat Dec  9 02:30:05 2023
phys43199.physics.gatech.edu is reachable. -Sat Dec  9 02:45:05 2023
phys43199.physics.gatech.edu is reachable. -Sat Dec  9 03:00:05 2023
phys43199.physics.gatech.edu is reachable. -Sat Dec  9 03:15:04 2023
phys43199.physics.gatech.edu is reachable. -Sat Dec  9 03:30:05 2023
phys43199.physics.gatech.edu is reachable. -Sat Dec  9 03:45:04 2023
phys43199.physics.gatech.edu is reachable. -Sat Dec  9 04:00:04 2023
phys43199.physics.gatech.edu is reachable. -Sat Dec  9 04:15:05 2023
phys43199.physics.gatech.edu is reachable. -Sat Dec  9 04:30:04 2023
phys43199.physics.gatech.edu is reachable. -Sat Dec  9 04:45:05 2023
phys43199.physics.gatech.edu is reachable. -Sat Dec  9 05:00:04 2023
phys43199.physics.gatech.edu is reachable. -Sat Dec  9 05:15:05 2023
phys43199.physics.gatech.edu is reachable. -Sat Dec  9 05:30:04 2023
phys43199.physics.gatech.edu is reachable. -Sat Dec  9 05:45:04 2023
phys43199.physics.gatech.edu is reachable. -Sat Dec  9 06:00:04 2023
phys43199.physics.gatech.edu is reachable. -Sat Dec  9 06:15:04 2023
phys43199.physics.gatech.edu is reachable. -Sat Dec  9 06:30:04 2023
phys43199.physics.gatech.edu is reachable. -Sat Dec  9 06:45:04 2023
phys43199.physics.gatech.edu is reachable. -Sat Dec  9 07:00:04 2023
phys43199.physics.gatech.edu is reachable. -Sat Dec  9 07:15:04 2023
phys43199.physics.gatech.edu is reachable. -Sat Dec  9 07:30:04 2023
phys43199.physics.gatech.edu is reachable. -Sat Dec  9 07:45:04 2023
phys43199.physics.gatech.edu is reachable. -Sat Dec  9 08:00:05 2023
phys43199.physics.gatech.edu is reachable. -Sat Dec  9 08:15:04 2023
phys43199.physics.gatech.edu is reachable. -Sat Dec  9 08:30:05 2023
phys43199.physics.gatech.edu is reachable. -Sat Dec  9 08:45:04 2023
phys43199.physics.gatech.edu is reachable. -Sat Dec  9 09:00:05 2023
phys43199.physics.gatech.edu is reachable. -Sat Dec  9 09:15:04 2023
phys43199.physics.gatech.edu is reachable. -Sat Dec  9 09:30:04 2023
phys43199.physics.gatech.edu is reachable. -Sat Dec  9 09:45:04 2023
phys43199.physics.gatech.edu is reachable. -Sat Dec  9 10:00:04 2023
phys43199.physics.gatech.edu is reachable. -Sat Dec  9 10:15:05 2023
phys43199.physics.gatech.edu is reachable. -Sat Dec  9 10:30:04 2023
phys43199.physics.gatech.edu is reachable. -Sat Dec  9 10:45:05 2023
phys43199.physics.gatech.edu is reachable. -Sat Dec  9 11:00:04 2023
phys43199.physics.gatech.edu is reachable. -Sat Dec  9 11:15:05 2023
phys43199.physics.gatech.edu is reachable. -Sat Dec  9 11:30:04 2023
phys43199.physics.gatech.edu is reachable. -Sat Dec  9 11:45:05 2023
phys43199.physics.gatech.edu is reachable. -Sat Dec  9 12:00:04 2023
phys43199.physics.gatech.edu is reachable. -Sat Dec  9 12:15:05 2023
phys43199.physics.gatech.edu is reachable. -Sat Dec  9 12:30:04 2023
phys43199.physics.gatech.edu is reachable. -Sat Dec  9 12:45:05 2023
phys43199.physics.gatech.edu is reachable. -Sat Dec  9 13:00:04 2023
phys43199.physics.gatech.edu is reachable. -Sat Dec  9 13:15:05 2023
phys43199.physics.gatech.edu is reachable. -Sat Dec  9 13:30:04 2023
phys43199.physics.gatech.edu is reachable. -Sat Dec  9 13:45:05 2023
phys43199.physics.gatech.edu is reachable. -Sat Dec  9 14:00:04 2023
phys43199.physics.gatech.edu is reachable. -Sat Dec  9 14:15:05 2023
phys43199.physics.gatech.edu is reachable. -Sat Dec  9 14:30:04 2023
phys43199.physics.gatech.edu is reachable. -Sat Dec  9 14:45:04 2023
phys43199.physics.gatech.edu is reachable. -Sat Dec  9 15:00:05 2023
phys43199.physics.gatech.edu is reachable. -Sat Dec  9 15:15:04 2023
phys43199.physics.gatech.edu is reachable. -Sat Dec  9 15:30:04 2023
phys43199.physics.gatech.edu is reachable. -Sat Dec  9 15:45:04 2023
phys43199.physics.gatech.edu is reachable. -Sat Dec  9 16:00:04 2023
phys43199.physics.gatech.edu is reachable. -Sat Dec  9 16:15:04 2023
phys43199.physics.gatech.edu is reachable. -Sat Dec  9 16:30:04 2023
phys43199.physics.gatech.edu is reachable. -Sat Dec  9 16:45:04 2023
phys43199.physics.gatech.edu is reachable. -Sat Dec  9 17:00:04 2023
phys43199.physics.gatech.edu is reachable. -Sat Dec  9 17:15:04 2023
phys43199.physics.gatech.edu is reachable. -Sat Dec  9 17:30:05 2023
phys43199.physics.gatech.edu is reachable. -Sat Dec  9 17:45:04 2023
phys43199.physics.gatech.edu is reachable. -Sat Dec  9 18:00:05 2023
phys43199.physics.gatech.edu is reachable. -Sat Dec  9 18:15:04 2023
phys43199.physics.gatech.edu is reachable. -Sat Dec  9 18:30:04 2023
phys43199.physics.gatech.edu is reachable. -Sat Dec  9 18:45:05 2023
phys43199.physics.gatech.edu is reachable. -Sat Dec  9 19:00:04 2023
phys43199.physics.gatech.edu is reachable. -Sat Dec  9 19:15:05 2023
phys43199.physics.gatech.edu is reachable. -Sat Dec  9 19:30:04 2023
phys43199.physics.gatech.edu is reachable. -Sat Dec  9 19:45:05 2023
phys43199.physics.gatech.edu is reachable. -Sat Dec  9 20:00:04 2023
phys43199.physics.gatech.edu is reachable. -Sat Dec  9 20:15:05 2023
phys43199.physics.gatech.edu is reachable. -Sat Dec  9 20:30:04 2023
phys43199.physics.gatech.edu is reachable. -Sat Dec  9 20:45:04 2023
phys43199.physics.gatech.edu is reachable. -Sat Dec  9 21:00:04 2023
phys43199.physics.gatech.edu is reachable. -Sat Dec  9 21:15:04 2023
phys43199.physics.gatech.edu is reachable. -Sat Dec  9 21:30:04 2023
phys43199.physics.gatech.edu is reachable. -Sat Dec  9 21:45:04 2023
phys43199.physics.gatech.edu is reachable. -Sat Dec  9 22:00:05 2023
phys43199.physics.gatech.edu is reachable. -Sat Dec  9 22:15:04 2023
phys43199.physics.gatech.edu is reachable. -Sat Dec  9 22:30:04 2023
phys43199.physics.gatech.edu is reachable. -Sat Dec  9 22:45:04 2023
phys43199.physics.gatech.edu is reachable. -Sat Dec  9 23:00:04 2023
phys43199.physics.gatech.edu is reachable. -Sat Dec  9 23:15:04 2023
phys43199.physics.gatech.edu is reachable. -Sat Dec  9 23:30:04 2023
phys43199.physics.gatech.edu is reachable. -Sat Dec  9 23:45:04 2023
phys43199.physics.gatech.edu is reachable. -Sun Dec 10 00:00:04 2023
phys43199.physics.gatech.edu is reachable. -Sun Dec 10 00:15:05 2023
phys43199.physics.gatech.edu is reachable. -Sun Dec 10 00:30:04 2023
phys43199.physics.gatech.edu is reachable. -Sun Dec 10 00:45:05 2023
phys43199.physics.gatech.edu is reachable. -Sun Dec 10 01:00:04 2023
phys43199.physics.gatech.edu is reachable. -Sun Dec 10 01:15:05 2023
phys43199.physics.gatech.edu is reachable. -Sun Dec 10 01:30:04 2023
phys43199.physics.gatech.edu is reachable. -Sun Dec 10 01:45:04 2023
phys43199.physics.gatech.edu is reachable. -Sun Dec 10 02:00:04 2023
phys43199.physics.gatech.edu is reachable. -Sun Dec 10 02:15:04 2023
phys43199.physics.gatech.edu is reachable. -Sun Dec 10 02:30:05 2023
phys43199.physics.gatech.edu is reachable. -Sun Dec 10 02:45:04 2023
phys43199.physics.gatech.edu is reachable. -Sun Dec 10 03:00:05 2023
phys43199.physics.gatech.edu is reachable. -Sun Dec 10 03:15:04 2023
phys43199.physics.gatech.edu is reachable. -Sun Dec 10 03:30:05 2023
phys43199.physics.gatech.edu is reachable. -Sun Dec 10 03:45:04 2023
phys43199.physics.gatech.edu is reachable. -Sun Dec 10 04:00:05 2023
phys43199.physics.gatech.edu is reachable. -Sun Dec 10 04:15:04 2023
phys43199.physics.gatech.edu is reachable. -Sun Dec 10 04:30:05 2023
phys43199.physics.gatech.edu is reachable. -Sun Dec 10 04:45:04 2023
phys43199.physics.gatech.edu is reachable. -Sun Dec 10 05:00:04 2023
phys43199.physics.gatech.edu is reachable. -Sun Dec 10 05:15:04 2023
phys43199.physics.gatech.edu is reachable. -Sun Dec 10 05:30:04 2023
phys43199.physics.gatech.edu is reachable. -Sun Dec 10 05:45:04 2023
phys43199.physics.gatech.edu is reachable. -Sun Dec 10 06:00:04 2023
phys43199.physics.gatech.edu is reachable. -Sun Dec 10 06:15:05 2023
phys43199.physics.gatech.edu is reachable. -Sun Dec 10 06:30:04 2023
phys43199.physics.gatech.edu is reachable. -Sun Dec 10 06:45:05 2023
phys43199.physics.gatech.edu is reachable. -Sun Dec 10 07:00:04 2023
phys43199.physics.gatech.edu is reachable. -Sun Dec 10 07:15:04 2023
phys43199.physics.gatech.edu is reachable. -Sun Dec 10 07:30:04 2023
phys43199.physics.gatech.edu is reachable. -Sun Dec 10 07:45:04 2023
phys43199.physics.gatech.edu is reachable. -Sun Dec 10 08:00:05 2023
phys43199.physics.gatech.edu is reachable. -Sun Dec 10 08:15:04 2023
phys43199.physics.gatech.edu is reachable. -Sun Dec 10 08:30:05 2023
phys43199.physics.gatech.edu is reachable. -Sun Dec 10 08:45:04 2023
phys43199.physics.gatech.edu is reachable. -Sun Dec 10 09:00:05 2023
phys43199.physics.gatech.edu is reachable. -Sun Dec 10 09:15:04 2023
phys43199.physics.gatech.edu is reachable. -Sun Dec 10 09:30:04 2023
phys43199.physics.gatech.edu is reachable. -Sun Dec 10 09:45:05 2023
phys43199.physics.gatech.edu is reachable. -Sun Dec 10 10:00:04 2023
phys43199.physics.gatech.edu is reachable. -Sun Dec 10 10:15:05 2023
phys43199.physics.gatech.edu is reachable. -Sun Dec 10 10:30:04 2023
phys43199.physics.gatech.edu is reachable. -Sun Dec 10 10:45:05 2023
phys43199.physics.gatech.edu is reachable. -Sun Dec 10 11:00:04 2023
phys43199.physics.gatech.edu is reachable. -Sun Dec 10 11:15:04 2023
phys43199.physics.gatech.edu is reachable. -Sun Dec 10 11:30:04 2023
phys43199.physics.gatech.edu is reachable. -Sun Dec 10 11:45:04 2023
phys43199.physics.gatech.edu is reachable. -Sun Dec 10 12:00:04 2023
phys43199.physics.gatech.edu is reachable. -Sun Dec 10 12:15:04 2023
phys43199.physics.gatech.edu is reachable. -Sun Dec 10 12:30:05 2023
phys43199.physics.gatech.edu is reachable. -Sun Dec 10 12:45:04 2023
phys43199.physics.gatech.edu is reachable. -Sun Dec 10 13:00:05 2023
phys43199.physics.gatech.edu is reachable. -Sun Dec 10 13:15:04 2023
phys43199.physics.gatech.edu is reachable. -Sun Dec 10 13:30:05 2023
phys43199.physics.gatech.edu is reachable. -Sun Dec 10 13:45:04 2023
phys43199.physics.gatech.edu is reachable. -Sun Dec 10 14:00:04 2023
phys43199.physics.gatech.edu is reachable. -Sun Dec 10 14:15:04 2023
phys43199.physics.gatech.edu is reachable. -Sun Dec 10 14:30:04 2023
phys43199.physics.gatech.edu is reachable. -Sun Dec 10 14:45:04 2023
phys43199.physics.gatech.edu is reachable. -Sun Dec 10 15:00:04 2023
phys43199.physics.gatech.edu is reachable. -Sun Dec 10 15:15:04 2023
phys43199.physics.gatech.edu is reachable. -Sun Dec 10 15:30:04 2023
phys43199.physics.gatech.edu is reachable. -Sun Dec 10 15:45:05 2023
phys43199.physics.gatech.edu is reachable. -Sun Dec 10 16:00:04 2023
phys43199.physics.gatech.edu is reachable. -Sun Dec 10 16:15:05 2023
phys43199.physics.gatech.edu is reachable. -Sun Dec 10 16:30:04 2023
phys43199.physics.gatech.edu is reachable. -Sun Dec 10 16:45:05 2023
phys43199.physics.gatech.edu is reachable. -Sun Dec 10 17:00:04 2023
phys43199.physics.gatech.edu is reachable. -Sun Dec 10 17:15:05 2023
phys43199.physics.gatech.edu is reachable. -Sun Dec 10 17:30:04 2023
phys43199.physics.gatech.edu is reachable. -Sun Dec 10 17:45:05 2023
phys43199.physics.gatech.edu is reachable. -Sun Dec 10 18:00:04 2023
phys43199.physics.gatech.edu is reachable. -Sun Dec 10 18:15:05 2023
phys43199.physics.gatech.edu is reachable. -Sun Dec 10 18:30:04 2023
phys43199.physics.gatech.edu is reachable. -Sun Dec 10 18:45:05 2023
phys43199.physics.gatech.edu is reachable. -Sun Dec 10 19:00:04 2023
phys43199.physics.gatech.edu is reachable. -Sun Dec 10 19:15:04 2023
phys43199.physics.gatech.edu is reachable. -Sun Dec 10 19:30:04 2023
phys43199.physics.gatech.edu is reachable. -Sun Dec 10 19:45:04 2023
phys43199.physics.gatech.edu is reachable. -Sun Dec 10 20:00:05 2023
phys43199.physics.gatech.edu is reachable. -Sun Dec 10 20:15:04 2023
phys43199.physics.gatech.edu is reachable. -Sun Dec 10 20:30:05 2023
phys43199.physics.gatech.edu is reachable. -Sun Dec 10 20:45:04 2023
phys43199.physics.gatech.edu is reachable. -Sun Dec 10 21:00:05 2023
phys43199.physics.gatech.edu is reachable. -Sun Dec 10 21:15:04 2023
phys43199.physics.gatech.edu is reachable. -Sun Dec 10 21:30:05 2023
phys43199.physics.gatech.edu is reachable. -Sun Dec 10 21:45:04 2023
phys43199.physics.gatech.edu is reachable. -Sun Dec 10 22:00:05 2023
phys43199.physics.gatech.edu is reachable. -Sun Dec 10 22:15:04 2023
phys43199.physics.gatech.edu is reachable. -Sun Dec 10 22:30:05 2023
phys43199.physics.gatech.edu is reachable. -Sun Dec 10 22:45:04 2023
phys43199.physics.gatech.edu is reachable. -Sun Dec 10 23:00:04 2023
phys43199.physics.gatech.edu is reachable. -Sun Dec 10 23:15:05 2023
phys43199.physics.gatech.edu is reachable. -Sun Dec 10 23:30:04 2023
phys43199.physics.gatech.edu is reachable. -Sun Dec 10 23:45:04 2023
phys43199.physics.gatech.edu is reachable. -Mon Dec 11 00:00:05 2023
phys43199.physics.gatech.edu is reachable. -Mon Dec 11 00:15:04 2023
phys43199.physics.gatech.edu is reachable. -Mon Dec 11 00:30:05 2023
phys43199.physics.gatech.edu is reachable. -Mon Dec 11 00:45:04 2023
phys43199.physics.gatech.edu is reachable. -Mon Dec 11 01:00:05 2023
phys43199.physics.gatech.edu is reachable. -Mon Dec 11 01:15:04 2023
phys43199.physics.gatech.edu is reachable. -Mon Dec 11 01:30:04 2023
phys43199.physics.gatech.edu is reachable. -Mon Dec 11 01:45:04 2023
phys43199.physics.gatech.edu is reachable. -Mon Dec 11 02:00:04 2023
phys43199.physics.gatech.edu is reachable. -Mon Dec 11 02:15:04 2023
phys43199.physics.gatech.edu is reachable. -Mon Dec 11 02:30:04 2023
phys43199.physics.gatech.edu is reachable. -Mon Dec 11 02:45:05 2023
phys43199.physics.gatech.edu is reachable. -Mon Dec 11 03:00:04 2023
phys43199.physics.gatech.edu is reachable. -Mon Dec 11 03:15:05 2023
phys43199.physics.gatech.edu is reachable. -Mon Dec 11 03:30:04 2023
phys43199.physics.gatech.edu is reachable. -Mon Dec 11 03:45:04 2023
phys43199.physics.gatech.edu is reachable. -Mon Dec 11 04:00:04 2023
phys43199.physics.gatech.edu is reachable. -Mon Dec 11 04:15:04 2023
phys43199.physics.gatech.edu is reachable. -Mon Dec 11 04:30:05 2023
phys43199.physics.gatech.edu is reachable. -Mon Dec 11 04:45:04 2023
phys43199.physics.gatech.edu is reachable. -Mon Dec 11 05:00:05 2023
phys43199.physics.gatech.edu is reachable. -Mon Dec 11 05:15:04 2023
phys43199.physics.gatech.edu is reachable. -Mon Dec 11 05:30:05 2023
phys43199.physics.gatech.edu is reachable. -Mon Dec 11 05:45:04 2023
phys43199.physics.gatech.edu is reachable. -Mon Dec 11 06:00:05 2023
phys43199.physics.gatech.edu is reachable. -Mon Dec 11 06:15:04 2023
phys43199.physics.gatech.edu is reachable. -Mon Dec 11 06:30:05 2023
phys43199.physics.gatech.edu is reachable. -Mon Dec 11 06:45:04 2023
phys43199.physics.gatech.edu is reachable. -Mon Dec 11 07:00:04 2023
phys43199.physics.gatech.edu is reachable. -Mon Dec 11 07:15:05 2023
phys43199.physics.gatech.edu is reachable. -Mon Dec 11 07:30:04 2023
phys43199.physics.gatech.edu is reachable. -Mon Dec 11 07:45:05 2023
phys43199.physics.gatech.edu is reachable. -Mon Dec 11 08:00:04 2023
phys43199.physics.gatech.edu is reachable. -Mon Dec 11 08:15:05 2023
phys43199.physics.gatech.edu is reachable. -Mon Dec 11 08:30:04 2023
phys43199.physics.gatech.edu is reachable. -Mon Dec 11 08:45:04 2023
phys43199.physics.gatech.edu is reachable. -Mon Dec 11 09:00:04 2023
phys43199.physics.gatech.edu is reachable. -Mon Dec 11 09:15:04 2023
phys43199.physics.gatech.edu is reachable. -Mon Dec 11 09:30:05 2023
phys43199.physics.gatech.edu is reachable. -Mon Dec 11 09:45:04 2023
phys43199.physics.gatech.edu is reachable. -Mon Dec 11 10:00:05 2023
phys43199.physics.gatech.edu is reachable. -Mon Dec 11 10:15:04 2023
phys43199.physics.gatech.edu is reachable. -Mon Dec 11 10:30:04 2023
phys43199.physics.gatech.edu is reachable. -Mon Dec 11 10:45:04 2023
phys43199.physics.gatech.edu is reachable. -Mon Dec 11 11:00:04 2023
phys43199.physics.gatech.edu is reachable. -Mon Dec 11 11:15:04 2023
phys43199.physics.gatech.edu is reachable. -Mon Dec 11 11:30:04 2023
phys43199.physics.gatech.edu is reachable. -Mon Dec 11 11:45:05 2023
phys43199.physics.gatech.edu is reachable. -Mon Dec 11 12:00:04 2023
phys43199.physics.gatech.edu is reachable. -Mon Dec 11 12:15:05 2023
phys43199.physics.gatech.edu is reachable. -Mon Dec 11 12:30:04 2023
phys43199.physics.gatech.edu is reachable. -Mon Dec 11 12:45:05 2023
phys43199.physics.gatech.edu is reachable. -Mon Dec 11 13:00:04 2023
phys43199.physics.gatech.edu is reachable. -Mon Dec 11 13:15:04 2023
phys43199.physics.gatech.edu is reachable. -Mon Dec 11 13:30:04 2023
phys43199.physics.gatech.edu is reachable. -Mon Dec 11 13:45:04 2023
phys43199.physics.gatech.edu is reachable. -Mon Dec 11 14:00:04 2023
phys43199.physics.gatech.edu is reachable. -Mon Dec 11 14:15:04 2023
phys43199.physics.gatech.edu is reachable. -Mon Dec 11 14:30:05 2023
phys43199.physics.gatech.edu is reachable. -Mon Dec 11 14:45:04 2023
phys43199.physics.gatech.edu is reachable. -Mon Dec 11 15:00:05 2023
phys43199.physics.gatech.edu is reachable. -Mon Dec 11 15:15:04 2023
phys43199.physics.gatech.edu is reachable. -Mon Dec 11 15:30:04 2023
phys43199.physics.gatech.edu is reachable. -Mon Dec 11 15:45:05 2023
phys43199.physics.gatech.edu is reachable. -Mon Dec 11 16:00:04 2023
phys43199.physics.gatech.edu is reachable. -Mon Dec 11 16:15:05 2023
phys43199.physics.gatech.edu is reachable. -Mon Dec 11 16:30:04 2023
phys43199.physics.gatech.edu is reachable. -Mon Dec 11 16:45:05 2023
phys43199.physics.gatech.edu is reachable. -Mon Dec 11 17:00:04 2023
phys43199.physics.gatech.edu is reachable. -Mon Dec 11 17:15:04 2023
phys43199.physics.gatech.edu is reachable. -Mon Dec 11 17:30:05 2023
phys43199.physics.gatech.edu is reachable. -Mon Dec 11 17:45:04 2023
phys43199.physics.gatech.edu is reachable. -Mon Dec 11 18:00:05 2023
phys43199.physics.gatech.edu is reachable. -Mon Dec 11 18:15:04 2023
phys43199.physics.gatech.edu is reachable. -Mon Dec 11 18:30:05 2023
phys43199.physics.gatech.edu is reachable. -Mon Dec 11 18:45:04 2023
phys43199.physics.gatech.edu is reachable. -Mon Dec 11 19:00:04 2023
phys43199.physics.gatech.edu is reachable. -Mon Dec 11 19:15:04 2023
phys43199.physics.gatech.edu is reachable. -Mon Dec 11 19:30:04 2023
phys43199.physics.gatech.edu is reachable. -Mon Dec 11 19:45:05 2023
phys43199.physics.gatech.edu is reachable. -Mon Dec 11 20:00:04 2023
phys43199.physics.gatech.edu is reachable. -Mon Dec 11 20:15:05 2023
phys43199.physics.gatech.edu is reachable. -Mon Dec 11 20:30:04 2023
phys43199.physics.gatech.edu is reachable. -Mon Dec 11 20:45:05 2023
phys43199.physics.gatech.edu is reachable. -Mon Dec 11 21:00:04 2023
phys43199.physics.gatech.edu is reachable. -Mon Dec 11 21:15:05 2023
phys43199.physics.gatech.edu is reachable. -Mon Dec 11 21:30:04 2023
phys43199.physics.gatech.edu is reachable. -Mon Dec 11 21:45:04 2023
phys43199.physics.gatech.edu is reachable. -Mon Dec 11 22:00:04 2023
phys43199.physics.gatech.edu is reachable. -Mon Dec 11 22:15:04 2023
phys43199.physics.gatech.edu is reachable. -Mon Dec 11 22:30:05 2023
phys43199.physics.gatech.edu is reachable. -Mon Dec 11 22:45:04 2023
phys43199.physics.gatech.edu is reachable. -Mon Dec 11 23:00:05 2023
phys43199.physics.gatech.edu is reachable. -Mon Dec 11 23:15:04 2023
phys43199.physics.gatech.edu is reachable. -Mon Dec 11 23:30:05 2023
phys43199.physics.gatech.edu is reachable. -Mon Dec 11 23:45:04 2023
phys43199.physics.gatech.edu is reachable. -Tue Dec 12 00:00:04 2023
phys43199.physics.gatech.edu is reachable. -Tue Dec 12 00:15:04 2023
phys43199.physics.gatech.edu is reachable. -Tue Dec 12 00:30:04 2023
phys43199.physics.gatech.edu is reachable. -Tue Dec 12 00:45:04 2023
phys43199.physics.gatech.edu is reachable. -Tue Dec 12 01:00:04 2023
phys43199.physics.gatech.edu is reachable. -Tue Dec 12 01:15:05 2023
phys43199.physics.gatech.edu is reachable. -Tue Dec 12 01:30:04 2023
phys43199.physics.gatech.edu is reachable. -Tue Dec 12 01:45:05 2023
phys43199.physics.gatech.edu is reachable. -Tue Dec 12 02:00:04 2023
phys43199.physics.gatech.edu is reachable. -Tue Dec 12 02:15:04 2023
phys43199.physics.gatech.edu is reachable. -Tue Dec 12 02:30:05 2023
phys43199.physics.gatech.edu is reachable. -Tue Dec 12 02:45:04 2023
phys43199.physics.gatech.edu is reachable. -Tue Dec 12 03:00:04 2023
phys43199.physics.gatech.edu is reachable. -Tue Dec 12 03:15:04 2023
phys43199.physics.gatech.edu is reachable. -Tue Dec 12 03:30:04 2023
phys43199.physics.gatech.edu is reachable. -Tue Dec 12 03:45:05 2023
phys43199.physics.gatech.edu is reachable. -Tue Dec 12 04:00:04 2023
phys43199.physics.gatech.edu is reachable. -Tue Dec 12 04:15:05 2023
phys43199.physics.gatech.edu is reachable. -Tue Dec 12 04:30:04 2023
phys43199.physics.gatech.edu is reachable. -Tue Dec 12 04:45:05 2023
phys43199.physics.gatech.edu is reachable. -Tue Dec 12 05:00:04 2023
phys43199.physics.gatech.edu is reachable. -Tue Dec 12 05:15:04 2023
phys43199.physics.gatech.edu is reachable. -Tue Dec 12 05:30:04 2023
phys43199.physics.gatech.edu is reachable. -Tue Dec 12 05:45:04 2023
phys43199.physics.gatech.edu is reachable. -Tue Dec 12 06:00:04 2023
phys43199.physics.gatech.edu is reachable. -Tue Dec 12 06:15:04 2023
phys43199.physics.gatech.edu is reachable. -Tue Dec 12 06:30:05 2023
phys43199.physics.gatech.edu is reachable. -Tue Dec 12 06:45:04 2023
phys43199.physics.gatech.edu is reachable. -Tue Dec 12 07:00:05 2023
phys43199.physics.gatech.edu is reachable. -Tue Dec 12 07:15:04 2023
phys43199.physics.gatech.edu is reachable. -Tue Dec 12 07:30:04 2023
phys43199.physics.gatech.edu is reachable. -Tue Dec 12 07:45:04 2023
phys43199.physics.gatech.edu is reachable. -Tue Dec 12 08:00:04 2023
phys43199.physics.gatech.edu is reachable. -Tue Dec 12 08:15:05 2023
phys43199.physics.gatech.edu is reachable. -Tue Dec 12 08:30:04 2023
phys43199.physics.gatech.edu is reachable. -Tue Dec 12 08:45:05 2023
phys43199.physics.gatech.edu is reachable. -Tue Dec 12 09:00:04 2023
phys43199.physics.gatech.edu is reachable. -Tue Dec 12 09:15:04 2023
phys43199.physics.gatech.edu is reachable. -Tue Dec 12 09:30:04 2023
phys43199.physics.gatech.edu is reachable. -Tue Dec 12 09:45:04 2023
phys43199.physics.gatech.edu is reachable. -Tue Dec 12 10:00:05 2023
phys43199.physics.gatech.edu is reachable. -Tue Dec 12 10:15:04 2023
phys43199.physics.gatech.edu is reachable. -Tue Dec 12 10:30:05 2023
phys43199.physics.gatech.edu is reachable. -Tue Dec 12 10:45:04 2023
phys43199.physics.gatech.edu is reachable. -Tue Dec 12 11:00:05 2023
phys43199.physics.gatech.edu is reachable. -Tue Dec 12 11:15:04 2023
phys43199.physics.gatech.edu is reachable. -Tue Dec 12 11:30:04 2023
phys43199.physics.gatech.edu is reachable. -Tue Dec 12 11:45:04 2023
phys43199.physics.gatech.edu is reachable. -Tue Dec 12 12:00:04 2023
phys43199.physics.gatech.edu is reachable. -Tue Dec 12 12:15:05 2023
phys43199.physics.gatech.edu is reachable. -Tue Dec 12 12:30:04 2023
phys43199.physics.gatech.edu is reachable. -Tue Dec 12 12:45:05 2023
phys43199.physics.gatech.edu is reachable. -Tue Dec 12 13:00:04 2023
phys43199.physics.gatech.edu is reachable. -Tue Dec 12 13:15:05 2023
phys43199.physics.gatech.edu is reachable. -Tue Dec 12 13:30:04 2023
phys43199.physics.gatech.edu is reachable. -Tue Dec 12 13:45:04 2023
phys43199.physics.gatech.edu is reachable. -Tue Dec 12 14:00:05 2023
phys43199.physics.gatech.edu is reachable. -Tue Dec 12 14:15:04 2023
phys43199.physics.gatech.edu is reachable. -Tue Dec 12 14:30:05 2023
phys43199.physics.gatech.edu is reachable. -Tue Dec 12 14:45:04 2023
phys43199.physics.gatech.edu is reachable. -Tue Dec 12 15:00:05 2023
phys43199.physics.gatech.edu is reachable. -Tue Dec 12 15:15:04 2023
phys43199.physics.gatech.edu is reachable. -Tue Dec 12 15:30:05 2023
phys43199.physics.gatech.edu is reachable. -Tue Dec 12 15:45:04 2023
phys43199.physics.gatech.edu is reachable. -Tue Dec 12 16:00:05 2023
phys43199.physics.gatech.edu is reachable. -Tue Dec 12 16:15:04 2023
phys43199.physics.gatech.edu is reachable. -Tue Dec 12 16:30:04 2023
phys43199.physics.gatech.edu is reachable. -Tue Dec 12 16:45:05 2023
phys43199.physics.gatech.edu is reachable. -Tue Dec 12 17:00:04 2023
phys43199.physics.gatech.edu is reachable. -Tue Dec 12 17:15:05 2023
phys43199.physics.gatech.edu is reachable. -Tue Dec 12 17:30:04 2023
phys43199.physics.gatech.edu is reachable. -Tue Dec 12 17:45:04 2023
phys43199.physics.gatech.edu is reachable. -Tue Dec 12 18:00:04 2023
phys43199.physics.gatech.edu is reachable. -Tue Dec 12 18:15:04 2023
phys43199.physics.gatech.edu is reachable. -Tue Dec 12 18:30:04 2023
phys43199.physics.gatech.edu is reachable. -Tue Dec 12 18:45:04 2023
phys43199.physics.gatech.edu is reachable. -Tue Dec 12 19:00:05 2023
phys43199.physics.gatech.edu is reachable. -Tue Dec 12 19:15:04 2023
phys43199.physics.gatech.edu is reachable. -Tue Dec 12 19:30:05 2023
phys43199.physics.gatech.edu is reachable. -Tue Dec 12 19:45:04 2023
phys43199.physics.gatech.edu is reachable. -Tue Dec 12 20:00:05 2023
phys43199.physics.gatech.edu is reachable. -Tue Dec 12 20:15:04 2023
phys43199.physics.gatech.edu is reachable. -Tue Dec 12 20:30:05 2023
phys43199.physics.gatech.edu is reachable. -Tue Dec 12 20:45:04 2023
phys43199.physics.gatech.edu is reachable. -Tue Dec 12 21:00:05 2023
phys43199.physics.gatech.edu is reachable. -Tue Dec 12 21:15:04 2023
phys43199.physics.gatech.edu is reachable. -Tue Dec 12 21:30:05 2023
phys43199.physics.gatech.edu is reachable. -Tue Dec 12 21:45:04 2023
phys43199.physics.gatech.edu is reachable. -Tue Dec 12 22:00:04 2023
phys43199.physics.gatech.edu is reachable. -Tue Dec 12 22:15:04 2023
phys43199.physics.gatech.edu is reachable. -Tue Dec 12 22:30:04 2023
phys43199.physics.gatech.edu is reachable. -Tue Dec 12 22:45:05 2023
phys43199.physics.gatech.edu is reachable. -Tue Dec 12 23:00:04 2023
phys43199.physics.gatech.edu is reachable. -Tue Dec 12 23:15:04 2023
phys43199.physics.gatech.edu is reachable. -Tue Dec 12 23:30:04 2023
phys43199.physics.gatech.edu is reachable. -Tue Dec 12 23:45:04 2023
phys43199.physics.gatech.edu is reachable. -Wed Dec 13 00:00:05 2023
phys43199.physics.gatech.edu is reachable. -Wed Dec 13 00:15:04 2023
phys43199.physics.gatech.edu is reachable. -Wed Dec 13 00:30:05 2023
phys43199.physics.gatech.edu is reachable. -Wed Dec 13 00:45:04 2023
phys43199.physics.gatech.edu is reachable. -Wed Dec 13 01:00:05 2023
phys43199.physics.gatech.edu is reachable. -Wed Dec 13 01:15:04 2023
phys43199.physics.gatech.edu is reachable. -Wed Dec 13 01:30:05 2023
phys43199.physics.gatech.edu is reachable. -Wed Dec 13 01:45:04 2023
phys43199.physics.gatech.edu is reachable. -Wed Dec 13 02:00:05 2023
phys43199.physics.gatech.edu is reachable. -Wed Dec 13 02:15:04 2023
phys43199.physics.gatech.edu is reachable. -Wed Dec 13 02:30:04 2023
phys43199.physics.gatech.edu is reachable. -Wed Dec 13 02:45:04 2023
phys43199.physics.gatech.edu is reachable. -Wed Dec 13 03:00:04 2023
phys43199.physics.gatech.edu is reachable. -Wed Dec 13 03:15:04 2023
phys43199.physics.gatech.edu is reachable. -Wed Dec 13 03:30:04 2023
phys43199.physics.gatech.edu is reachable. -Wed Dec 13 03:45:05 2023
phys43199.physics.gatech.edu is reachable. -Wed Dec 13 04:00:04 2023
phys43199.physics.gatech.edu is reachable. -Wed Dec 13 04:15:05 2023
phys43199.physics.gatech.edu is reachable. -Wed Dec 13 04:30:04 2023
phys43199.physics.gatech.edu is reachable. -Wed Dec 13 04:45:05 2023
phys43199.physics.gatech.edu is reachable. -Wed Dec 13 05:00:04 2023
phys43199.physics.gatech.edu is reachable. -Wed Dec 13 05:15:05 2023
phys43199.physics.gatech.edu is reachable. -Wed Dec 13 05:30:04 2023
phys43199.physics.gatech.edu is reachable. -Wed Dec 13 05:45:04 2023
phys43199.physics.gatech.edu is reachable. -Wed Dec 13 06:00:04 2023
phys43199.physics.gatech.edu is reachable. -Wed Dec 13 06:15:04 2023
phys43199.physics.gatech.edu is reachable. -Wed Dec 13 06:30:05 2023
phys43199.physics.gatech.edu is reachable. -Wed Dec 13 06:45:04 2023
phys43199.physics.gatech.edu is reachable. -Wed Dec 13 07:00:05 2023
phys43199.physics.gatech.edu is reachable. -Wed Dec 13 07:15:04 2023
phys43199.physics.gatech.edu is reachable. -Wed Dec 13 07:30:05 2023
phys43199.physics.gatech.edu is reachable. -Wed Dec 13 07:45:04 2023
phys43199.physics.gatech.edu is reachable. -Wed Dec 13 08:00:05 2023
phys43199.physics.gatech.edu is reachable. -Wed Dec 13 08:15:04 2023
phys43199.physics.gatech.edu is reachable. -Wed Dec 13 08:30:05 2023
phys43199.physics.gatech.edu is reachable. -Wed Dec 13 08:45:04 2023
phys43199.physics.gatech.edu is reachable. -Wed Dec 13 09:00:05 2023
phys43199.physics.gatech.edu is reachable. -Wed Dec 13 09:15:04 2023
phys43199.physics.gatech.edu is reachable. -Wed Dec 13 09:30:04 2023
phys43199.physics.gatech.edu is reachable. -Wed Dec 13 09:45:05 2023
phys43199.physics.gatech.edu is reachable. -Wed Dec 13 10:00:04 2023
phys43199.physics.gatech.edu is reachable. -Wed Dec 13 10:15:05 2023
phys43199.physics.gatech.edu is reachable. -Wed Dec 13 10:30:04 2023
phys43199.physics.gatech.edu is reachable. -Wed Dec 13 10:45:05 2023
phys43199.physics.gatech.edu is reachable. -Wed Dec 13 11:00:04 2023
phys43199.physics.gatech.edu is reachable. -Wed Dec 13 11:15:05 2023
phys43199.physics.gatech.edu is reachable. -Wed Dec 13 11:30:04 2023
phys43199.physics.gatech.edu is reachable. -Wed Dec 13 11:45:05 2023
phys43199.physics.gatech.edu is reachable. -Wed Dec 13 12:00:04 2023
phys43199.physics.gatech.edu is reachable. -Wed Dec 13 12:15:04 2023
phys43199.physics.gatech.edu is reachable. -Wed Dec 13 12:30:04 2023
phys43199.physics.gatech.edu is reachable. -Wed Dec 13 12:45:04 2023
phys43199.physics.gatech.edu is reachable. -Wed Dec 13 13:00:04 2023
phys43199.physics.gatech.edu is reachable. -Wed Dec 13 13:15:04 2023
phys43199.physics.gatech.edu is reachable. -Wed Dec 13 13:30:05 2023
phys43199.physics.gatech.edu is reachable. -Wed Dec 13 13:45:04 2023
phys43199.physics.gatech.edu is reachable. -Wed Dec 13 14:00:05 2023
phys43199.physics.gatech.edu is reachable. -Wed Dec 13 14:15:04 2023
phys43199.physics.gatech.edu is reachable. -Wed Dec 13 14:30:04 2023
phys43199.physics.gatech.edu is reachable. -Wed Dec 13 14:45:04 2023
phys43199.physics.gatech.edu is reachable. -Wed Dec 13 15:00:05 2023
phys43199.physics.gatech.edu is reachable. -Wed Dec 13 15:15:04 2023
phys43199.physics.gatech.edu is reachable. -Wed Dec 13 15:30:05 2023
phys43199.physics.gatech.edu is reachable. -Wed Dec 13 15:45:04 2023
phys43199.physics.gatech.edu is reachable. -Wed Dec 13 16:00:05 2023
phys43199.physics.gatech.edu is reachable. -Wed Dec 13 16:15:04 2023
phys43199.physics.gatech.edu is reachable. -Wed Dec 13 16:30:04 2023
phys43199.physics.gatech.edu is reachable. -Wed Dec 13 16:45:04 2023
phys43199.physics.gatech.edu is reachable. -Wed Dec 13 17:00:04 2023
phys43199.physics.gatech.edu is reachable. -Wed Dec 13 17:15:05 2023
phys43199.physics.gatech.edu is reachable. -Wed Dec 13 17:30:04 2023
phys43199.physics.gatech.edu is reachable. -Wed Dec 13 17:45:05 2023
phys43199.physics.gatech.edu is reachable. -Wed Dec 13 18:00:04 2023
phys43199.physics.gatech.edu is reachable. -Wed Dec 13 18:15:04 2023
phys43199.physics.gatech.edu is reachable. -Wed Dec 13 18:30:04 2023
phys43199.physics.gatech.edu is reachable. -Wed Dec 13 18:45:04 2023
phys43199.physics.gatech.edu is reachable. -Wed Dec 13 19:00:04 2023
phys43199.physics.gatech.edu is reachable. -Wed Dec 13 19:15:04 2023
phys43199.physics.gatech.edu is reachable. -Wed Dec 13 19:30:05 2023
phys43199.physics.gatech.edu is reachable. -Wed Dec 13 19:45:04 2023
phys43199.physics.gatech.edu is reachable. -Wed Dec 13 20:00:05 2023
phys43199.physics.gatech.edu is reachable. -Wed Dec 13 20:15:04 2023
phys43199.physics.gatech.edu is reachable. -Wed Dec 13 20:30:04 2023
phys43199.physics.gatech.edu is reachable. -Wed Dec 13 20:45:04 2023
phys43199.physics.gatech.edu is reachable. -Wed Dec 13 21:00:05 2023
phys43199.physics.gatech.edu is reachable. -Wed Dec 13 21:15:04 2023
phys43199.physics.gatech.edu is reachable. -Wed Dec 13 21:30:05 2023
phys43199.physics.gatech.edu is reachable. -Wed Dec 13 21:45:04 2023
phys43199.physics.gatech.edu is reachable. -Wed Dec 13 22:00:05 2023
phys43199.physics.gatech.edu is reachable. -Wed Dec 13 22:15:04 2023
phys43199.physics.gatech.edu is reachable. -Wed Dec 13 22:30:05 2023
phys43199.physics.gatech.edu is reachable. -Wed Dec 13 22:45:04 2023
phys43199.physics.gatech.edu is reachable. -Wed Dec 13 23:00:04 2023
phys43199.physics.gatech.edu is reachable. -Wed Dec 13 23:15:05 2023
phys43199.physics.gatech.edu is reachable. -Wed Dec 13 23:30:04 2023
phys43199.physics.gatech.edu is reachable. -Wed Dec 13 23:45:05 2023
phys43199.physics.gatech.edu is reachable. -Thu Dec 14 00:00:04 2023
phys43199.physics.gatech.edu is reachable. -Thu Dec 14 00:15:05 2023
phys43199.physics.gatech.edu is reachable. -Thu Dec 14 00:30:04 2023
phys43199.physics.gatech.edu is reachable. -Thu Dec 14 00:45:04 2023
phys43199.physics.gatech.edu is reachable. -Thu Dec 14 01:00:04 2023
phys43199.physics.gatech.edu is reachable. -Thu Dec 14 01:15:04 2023
phys43199.physics.gatech.edu is reachable. -Thu Dec 14 01:30:05 2023
phys43199.physics.gatech.edu is reachable. -Thu Dec 14 01:45:04 2023
phys43199.physics.gatech.edu is reachable. -Thu Dec 14 02:00:05 2023
phys43199.physics.gatech.edu is reachable. -Thu Dec 14 02:15:04 2023
phys43199.physics.gatech.edu is reachable. -Thu Dec 14 02:30:05 2023
phys43199.physics.gatech.edu is reachable. -Thu Dec 14 02:45:04 2023
phys43199.physics.gatech.edu is reachable. -Thu Dec 14 03:00:05 2023
phys43199.physics.gatech.edu is reachable. -Thu Dec 14 03:15:04 2023
phys43199.physics.gatech.edu is reachable. -Thu Dec 14 03:30:04 2023
phys43199.physics.gatech.edu is reachable. -Thu Dec 14 03:45:04 2023
phys43199.physics.gatech.edu is reachable. -Thu Dec 14 04:00:04 2023
phys43199.physics.gatech.edu is reachable. -Thu Dec 14 04:15:04 2023
phys43199.physics.gatech.edu is reachable. -Thu Dec 14 04:30:04 2023
phys43199.physics.gatech.edu is reachable. -Thu Dec 14 04:45:05 2023
phys43199.physics.gatech.edu is reachable. -Thu Dec 14 05:00:04 2023
phys43199.physics.gatech.edu is reachable. -Thu Dec 14 05:15:05 2023
phys43199.physics.gatech.edu is reachable. -Thu Dec 14 05:30:04 2023
phys43199.physics.gatech.edu is reachable. -Thu Dec 14 05:45:05 2023
phys43199.physics.gatech.edu is reachable. -Thu Dec 14 06:00:04 2023
phys43199.physics.gatech.edu is reachable. -Thu Dec 14 06:15:05 2023
phys43199.physics.gatech.edu is reachable. -Thu Dec 14 06:30:04 2023
phys43199.physics.gatech.edu is reachable. -Thu Dec 14 06:45:04 2023
phys43199.physics.gatech.edu is reachable. -Thu Dec 14 07:00:04 2023
phys43199.physics.gatech.edu is reachable. -Thu Dec 14 07:15:04 2023
phys43199.physics.gatech.edu is reachable. -Thu Dec 14 07:30:05 2023
phys43199.physics.gatech.edu is reachable. -Thu Dec 14 07:45:04 2023
phys43199.physics.gatech.edu is reachable. -Thu Dec 14 08:00:05 2023
phys43199.physics.gatech.edu is reachable. -Thu Dec 14 08:15:04 2023
phys43199.physics.gatech.edu is reachable. -Thu Dec 14 08:30:05 2023
phys43199.physics.gatech.edu is reachable. -Thu Dec 14 08:45:04 2023
phys43199.physics.gatech.edu is reachable. -Thu Dec 14 09:00:04 2023
phys43199.physics.gatech.edu is reachable. -Thu Dec 14 09:15:04 2023
phys43199.physics.gatech.edu is reachable. -Thu Dec 14 09:30:04 2023
phys43199.physics.gatech.edu is reachable. -Thu Dec 14 09:45:05 2023
phys43199.physics.gatech.edu is reachable. -Thu Dec 14 10:00:04 2023
phys43199.physics.gatech.edu is reachable. -Thu Dec 14 10:15:05 2023
phys43199.physics.gatech.edu is reachable. -Thu Dec 14 10:30:04 2023
phys43199.physics.gatech.edu is reachable. -Thu Dec 14 10:45:05 2023
phys43199.physics.gatech.edu is reachable. -Thu Dec 14 11:00:04 2023
phys43199.physics.gatech.edu is reachable. -Thu Dec 14 11:15:04 2023
phys43199.physics.gatech.edu is reachable. -Thu Dec 14 11:30:05 2023
phys43199.physics.gatech.edu is reachable. -Thu Dec 14 11:45:04 2023
phys43199.physics.gatech.edu is reachable. -Thu Dec 14 12:00:05 2023
phys43199.physics.gatech.edu is reachable. -Thu Dec 14 12:15:04 2023
phys43199.physics.gatech.edu is reachable. -Thu Dec 14 12:30:05 2023
phys43199.physics.gatech.edu is reachable. -Thu Dec 14 12:45:04 2023
phys43199.physics.gatech.edu is reachable. -Thu Dec 14 13:00:04 2023
phys43199.physics.gatech.edu is reachable. -Thu Dec 14 13:15:05 2023
phys43199.physics.gatech.edu is reachable. -Thu Dec 14 13:30:04 2023
phys43199.physics.gatech.edu is reachable. -Thu Dec 14 13:45:05 2023
phys43199.physics.gatech.edu is reachable. -Thu Dec 14 14:00:04 2023
phys43199.physics.gatech.edu is reachable. -Thu Dec 14 14:15:05 2023
phys43199.physics.gatech.edu is reachable. -Thu Dec 14 14:30:04 2023
phys43199.physics.gatech.edu is reachable. -Thu Dec 14 14:45:05 2023
phys43199.physics.gatech.edu is reachable. -Thu Dec 14 15:00:04 2023
phys43199.physics.gatech.edu is reachable. -Thu Dec 14 15:15:04 2023
phys43199.physics.gatech.edu is reachable. -Thu Dec 14 15:30:04 2023
phys43199.physics.gatech.edu is reachable. -Thu Dec 14 15:45:04 2023
phys43199.physics.gatech.edu is reachable. -Thu Dec 14 16:00:04 2023
phys43199.physics.gatech.edu is reachable. -Thu Dec 14 16:15:04 2023
phys43199.physics.gatech.edu is reachable. -Thu Dec 14 16:30:05 2023
phys43199.physics.gatech.edu is reachable. -Thu Dec 14 16:45:04 2023
phys43199.physics.gatech.edu is reachable. -Thu Dec 14 17:00:05 2023
phys43199.physics.gatech.edu is reachable. -Thu Dec 14 17:15:04 2023
phys43199.physics.gatech.edu is reachable. -Thu Dec 14 17:30:04 2023
phys43199.physics.gatech.edu is reachable. -Thu Dec 14 17:45:04 2023
phys43199.physics.gatech.edu is reachable. -Thu Dec 14 18:00:04 2023
phys43199.physics.gatech.edu is reachable. -Thu Dec 14 18:15:04 2023
phys43199.physics.gatech.edu is reachable. -Thu Dec 14 18:30:04 2023
phys43199.physics.gatech.edu is reachable. -Thu Dec 14 18:45:05 2023
phys43199.physics.gatech.edu is reachable. -Thu Dec 14 19:00:04 2023
phys43199.physics.gatech.edu is reachable. -Thu Dec 14 19:15:05 2023
phys43199.physics.gatech.edu is reachable. -Thu Dec 14 19:30:04 2023
phys43199.physics.gatech.edu is reachable. -Thu Dec 14 19:45:05 2023
phys43199.physics.gatech.edu is reachable. -Thu Dec 14 20:00:04 2023
phys43199.physics.gatech.edu is reachable. -Thu Dec 14 20:15:04 2023
phys43199.physics.gatech.edu is reachable. -Thu Dec 14 20:30:05 2023
phys43199.physics.gatech.edu is reachable. -Thu Dec 14 20:45:04 2023
phys43199.physics.gatech.edu is reachable. -Thu Dec 14 21:00:04 2023
phys43199.physics.gatech.edu is reachable. -Thu Dec 14 21:15:04 2023
phys43199.physics.gatech.edu is reachable. -Thu Dec 14 21:30:04 2023
phys43199.physics.gatech.edu is reachable. -Thu Dec 14 21:45:04 2023
phys43199.physics.gatech.edu is reachable. -Thu Dec 14 22:00:05 2023
phys43199.physics.gatech.edu is reachable. -Thu Dec 14 22:15:04 2023
phys43199.physics.gatech.edu is reachable. -Thu Dec 14 22:30:05 2023
phys43199.physics.gatech.edu is reachable. -Thu Dec 14 22:45:04 2023
phys43199.physics.gatech.edu is reachable. -Thu Dec 14 23:00:04 2023
phys43199.physics.gatech.edu is reachable. -Thu Dec 14 23:15:04 2023
phys43199.physics.gatech.edu is reachable. -Thu Dec 14 23:30:04 2023
phys43199.physics.gatech.edu is reachable. -Thu Dec 14 23:45:04 2023
phys43199.physics.gatech.edu is reachable. -Fri Dec 15 00:00:04 2023
phys43199.physics.gatech.edu is reachable. -Fri Dec 15 00:15:05 2023
phys43199.physics.gatech.edu is reachable. -Fri Dec 15 00:30:04 2023
phys43199.physics.gatech.edu is reachable. -Fri Dec 15 00:45:05 2023
phys43199.physics.gatech.edu is reachable. -Fri Dec 15 01:00:04 2023
phys43199.physics.gatech.edu is reachable. -Fri Dec 15 01:15:05 2023
phys43199.physics.gatech.edu is reachable. -Fri Dec 15 01:30:04 2023
phys43199.physics.gatech.edu is reachable. -Fri Dec 15 01:45:04 2023
phys43199.physics.gatech.edu is reachable. -Fri Dec 15 02:00:04 2023
phys43199.physics.gatech.edu is reachable. -Fri Dec 15 02:15:04 2023
phys43199.physics.gatech.edu is reachable. -Fri Dec 15 02:30:04 2023
phys43199.physics.gatech.edu is reachable. -Fri Dec 15 02:45:04 2023
phys43199.physics.gatech.edu is reachable. -Fri Dec 15 03:00:05 2023
phys43199.physics.gatech.edu is reachable. -Fri Dec 15 03:15:04 2023
phys43199.physics.gatech.edu is reachable. -Fri Dec 15 03:30:04 2023
phys43199.physics.gatech.edu is reachable. -Fri Dec 15 03:45:04 2023
phys43199.physics.gatech.edu is reachable. -Fri Dec 15 04:00:05 2023
phys43199.physics.gatech.edu is reachable. -Fri Dec 15 04:15:04 2023
phys43199.physics.gatech.edu is reachable. -Fri Dec 15 04:30:05 2023
phys43199.physics.gatech.edu is reachable. -Fri Dec 15 04:45:04 2023
phys43199.physics.gatech.edu is reachable. -Fri Dec 15 05:00:05 2023
phys43199.physics.gatech.edu is reachable. -Fri Dec 15 05:15:04 2023
phys43199.physics.gatech.edu is reachable. -Fri Dec 15 05:30:04 2023
phys43199.physics.gatech.edu is reachable. -Fri Dec 15 05:45:04 2023
phys43199.physics.gatech.edu is reachable. -Fri Dec 15 06:00:04 2023
phys43199.physics.gatech.edu is reachable. -Fri Dec 15 06:15:05 2023
phys43199.physics.gatech.edu is reachable. -Fri Dec 15 06:30:04 2023
phys43199.physics.gatech.edu is reachable. -Fri Dec 15 06:45:05 2023
phys43199.physics.gatech.edu is reachable. -Fri Dec 15 07:00:04 2023
phys43199.physics.gatech.edu is reachable. -Fri Dec 15 07:15:05 2023
phys43199.physics.gatech.edu is reachable. -Fri Dec 15 07:30:04 2023
phys43199.physics.gatech.edu is reachable. -Fri Dec 15 07:45:05 2023
phys43199.physics.gatech.edu is reachable. -Fri Dec 15 08:00:04 2023
phys43199.physics.gatech.edu is reachable. -Fri Dec 15 08:15:04 2023
phys43199.physics.gatech.edu is reachable. -Fri Dec 15 08:30:04 2023
phys43199.physics.gatech.edu is reachable. -Fri Dec 15 08:45:04 2023
phys43199.physics.gatech.edu is reachable. -Fri Dec 15 09:00:04 2023
phys43199.physics.gatech.edu is reachable. -Fri Dec 15 09:15:04 2023
phys43199.physics.gatech.edu is reachable. -Fri Dec 15 09:30:04 2023
phys43199.physics.gatech.edu is reachable. -Fri Dec 15 09:45:04 2023
phys43199.physics.gatech.edu is reachable. -Fri Dec 15 10:00:04 2023
phys43199.physics.gatech.edu is reachable. -Fri Dec 15 10:15:04 2023
phys43199.physics.gatech.edu is reachable. -Fri Dec 15 10:30:04 2023
phys43199.physics.gatech.edu is reachable. -Fri Dec 15 10:45:04 2023
phys43199.physics.gatech.edu is reachable. -Fri Dec 15 11:00:04 2023
phys43199.physics.gatech.edu is reachable. -Fri Dec 15 11:15:05 2023
phys43199.physics.gatech.edu is reachable. -Fri Dec 15 11:30:04 2023
phys43199.physics.gatech.edu is reachable. -Fri Dec 15 11:45:05 2023
phys43199.physics.gatech.edu is reachable. -Fri Dec 15 12:00:04 2023
phys43199.physics.gatech.edu is reachable. -Fri Dec 15 12:15:05 2023
phys43199.physics.gatech.edu is reachable. -Fri Dec 15 12:30:04 2023
phys43199.physics.gatech.edu is reachable. -Fri Dec 15 12:45:04 2023
phys43199.physics.gatech.edu is reachable. -Fri Dec 15 13:00:05 2023
phys43199.physics.gatech.edu is reachable. -Fri Dec 15 13:15:04 2023
phys43199.physics.gatech.edu is reachable. -Fri Dec 15 13:30:05 2023
phys43199.physics.gatech.edu is reachable. -Fri Dec 15 13:45:04 2023
phys43199.physics.gatech.edu is reachable. -Fri Dec 15 14:00:05 2023
phys43199.physics.gatech.edu is reachable. -Fri Dec 15 14:15:04 2023
phys43199.physics.gatech.edu is reachable. -Fri Dec 15 14:30:04 2023
phys43199.physics.gatech.edu is reachable. -Fri Dec 15 14:45:05 2023
phys43199.physics.gatech.edu is reachable. -Fri Dec 15 15:00:04 2023
phys43199.physics.gatech.edu is reachable. -Fri Dec 15 15:15:05 2023
phys43199.physics.gatech.edu is reachable. -Fri Dec 15 15:30:04 2023
phys43199.physics.gatech.edu is reachable. -Fri Dec 15 15:45:04 2023
phys43199.physics.gatech.edu is reachable. -Fri Dec 15 16:00:04 2023
phys43199.physics.gatech.edu is reachable. -Fri Dec 15 16:15:04 2023
phys43199.physics.gatech.edu is reachable. -Fri Dec 15 16:30:05 2023
phys43199.physics.gatech.edu is reachable. -Fri Dec 15 16:45:04 2023
phys43199.physics.gatech.edu is reachable. -Fri Dec 15 17:00:05 2023
phys43199.physics.gatech.edu is reachable. -Fri Dec 15 17:15:04 2023
phys43199.physics.gatech.edu is reachable. -Fri Dec 15 17:30:05 2023
phys43199.physics.gatech.edu is reachable. -Fri Dec 15 17:45:04 2023
phys43199.physics.gatech.edu is reachable. -Fri Dec 15 18:00:04 2023
phys43199.physics.gatech.edu is reachable. -Fri Dec 15 18:15:05 2023
phys43199.physics.gatech.edu is reachable. -Fri Dec 15 18:30:04 2023
phys43199.physics.gatech.edu is reachable. -Fri Dec 15 18:45:05 2023
phys43199.physics.gatech.edu is reachable. -Fri Dec 15 19:00:04 2023
phys43199.physics.gatech.edu is reachable. -Fri Dec 15 19:15:05 2023
phys43199.physics.gatech.edu is reachable. -Fri Dec 15 19:30:04 2023
phys43199.physics.gatech.edu is reachable. -Fri Dec 15 19:45:04 2023
phys43199.physics.gatech.edu is reachable. -Fri Dec 15 20:00:04 2023
phys43199.physics.gatech.edu is reachable. -Fri Dec 15 20:15:04 2023
phys43199.physics.gatech.edu is not reachable. -Fri Dec 15 20:30:14 2023
shut_door FAILURE Fri Dec 15 20:30:15 2023
Turning off outlets Fri Dec 15 20:38:35 2023
outlets_off FAILURE Fri Dec 15 20:38:35 2023
phys43199.physics.gatech.edu is not reachable. -Fri Dec 15 20:45:14 2023
shut_door FAILURE Fri Dec 15 20:45:14 2023
Turning off outlets Fri Dec 15 20:53:34 2023
outlets_off FAILURE Fri Dec 15 20:53:34 2023
phys43199.physics.gatech.edu is not reachable. -Fri Dec 15 21:00:15 2023
shut_door FAILURE Fri Dec 15 21:00:15 2023
Turning off outlets Fri Dec 15 21:08:35 2023
outlets_off FAILURE Fri Dec 15 21:08:35 2023
phys43199.physics.gatech.edu is not reachable. -Fri Dec 15 21:15:14 2023
shut_door FAILURE Fri Dec 15 21:15:15 2023
Turning off outlets Fri Dec 15 21:23:35 2023
outlets_off FAILURE Fri Dec 15 21:23:35 2023
phys43199.physics.gatech.edu is not reachable. -Fri Dec 15 21:30:14 2023
shut_door FAILURE Fri Dec 15 21:30:14 2023
Turning off outlets Fri Dec 15 21:38:34 2023
outlets_off FAILURE Fri Dec 15 21:38:34 2023
phys43199.physics.gatech.edu is not reachable. -Fri Dec 15 21:45:15 2023
shut_door FAILURE Fri Dec 15 21:45:15 2023
Turning off outlets Fri Dec 15 21:53:35 2023
outlets_off FAILURE Fri Dec 15 21:53:35 2023
phys43199.physics.gatech.edu is not reachable. -Fri Dec 15 22:00:14 2023
shut_door FAILURE Fri Dec 15 22:00:14 2023
Turning off outlets Fri Dec 15 22:08:34 2023
outlets_off FAILURE Fri Dec 15 22:08:34 2023
phys43199.physics.gatech.edu is not reachable. -Fri Dec 15 22:15:14 2023
shut_door FAILURE Fri Dec 15 22:15:14 2023
Turning off outlets Fri Dec 15 22:23:34 2023
outlets_off FAILURE Fri Dec 15 22:23:34 2023
phys43199.physics.gatech.edu is not reachable. -Fri Dec 15 22:30:15 2023
shut_door FAILURE Fri Dec 15 22:30:15 2023
Turning off outlets Fri Dec 15 22:38:35 2023
outlets_off FAILURE Fri Dec 15 22:38:35 2023
phys43199.physics.gatech.edu is not reachable. -Fri Dec 15 22:45:14 2023
shut_door FAILURE Fri Dec 15 22:45:14 2023
Turning off outlets Fri Dec 15 22:53:35 2023
outlets_off FAILURE Fri Dec 15 22:53:35 2023
phys43199.physics.gatech.edu is not reachable. -Fri Dec 15 23:00:15 2023
shut_door FAILURE Fri Dec 15 23:00:15 2023
Turning off outlets Fri Dec 15 23:08:35 2023
outlets_off FAILURE Fri Dec 15 23:08:35 2023
phys43199.physics.gatech.edu is not reachable. -Fri Dec 15 23:15:14 2023
shut_door FAILURE Fri Dec 15 23:15:14 2023
Turning off outlets Fri Dec 15 23:23:34 2023
outlets_off FAILURE Fri Dec 15 23:23:34 2023
phys43199.physics.gatech.edu is not reachable. -Fri Dec 15 23:30:14 2023
shut_door FAILURE Fri Dec 15 23:30:14 2023
Turning off outlets Fri Dec 15 23:38:34 2023
outlets_off FAILURE Fri Dec 15 23:38:34 2023
phys43199.physics.gatech.edu is not reachable. -Fri Dec 15 23:45:14 2023
shut_door FAILURE Fri Dec 15 23:45:14 2023
Turning off outlets Fri Dec 15 23:53:35 2023
outlets_off FAILURE Fri Dec 15 23:53:35 2023
phys43199.physics.gatech.edu is not reachable. -Sat Dec 16 00:00:14 2023
shut_door FAILURE Sat Dec 16 00:00:14 2023
Turning off outlets Sat Dec 16 00:08:34 2023
outlets_off FAILURE Sat Dec 16 00:08:34 2023
phys43199.physics.gatech.edu is not reachable. -Sat Dec 16 00:15:15 2023
shut_door FAILURE Sat Dec 16 00:15:15 2023
Turning off outlets Sat Dec 16 00:23:35 2023
outlets_off FAILURE Sat Dec 16 00:23:35 2023
phys43199.physics.gatech.edu is not reachable. -Sat Dec 16 00:30:14 2023
shut_door FAILURE Sat Dec 16 00:30:14 2023
Turning off outlets Sat Dec 16 00:38:35 2023
outlets_off FAILURE Sat Dec 16 00:38:35 2023
phys43199.physics.gatech.edu is not reachable. -Sat Dec 16 00:45:14 2023
shut_door FAILURE Sat Dec 16 00:45:14 2023
Turning off outlets Sat Dec 16 00:53:34 2023
outlets_off FAILURE Sat Dec 16 00:53:34 2023
phys43199.physics.gatech.edu is not reachable. -Sat Dec 16 01:00:14 2023
shut_door FAILURE Sat Dec 16 01:00:14 2023
Turning off outlets Sat Dec 16 01:08:34 2023
outlets_off FAILURE Sat Dec 16 01:08:34 2023
phys43199.physics.gatech.edu is not reachable. -Sat Dec 16 01:15:15 2023
shut_door FAILURE Sat Dec 16 01:15:15 2023
Turning off outlets Sat Dec 16 01:23:35 2023
outlets_off FAILURE Sat Dec 16 01:23:35 2023
phys43199.physics.gatech.edu is not reachable. -Sat Dec 16 01:30:14 2023
shut_door FAILURE Sat Dec 16 01:30:14 2023
Turning off outlets Sat Dec 16 01:38:34 2023
outlets_off FAILURE Sat Dec 16 01:38:35 2023
phys43199.physics.gatech.edu is not reachable. -Sat Dec 16 01:45:14 2023
shut_door FAILURE Sat Dec 16 01:45:14 2023
Turning off outlets Sat Dec 16 01:53:34 2023
outlets_off FAILURE Sat Dec 16 01:53:34 2023
phys43199.physics.gatech.edu is not reachable. -Sat Dec 16 02:00:14 2023
shut_door FAILURE Sat Dec 16 02:00:14 2023
Turning off outlets Sat Dec 16 02:08:34 2023
outlets_off FAILURE Sat Dec 16 02:08:34 2023
phys43199.physics.gatech.edu is not reachable. -Sat Dec 16 02:15:14 2023
shut_door FAILURE Sat Dec 16 02:15:14 2023
Turning off outlets Sat Dec 16 02:23:34 2023
outlets_off FAILURE Sat Dec 16 02:23:34 2023
phys43199.physics.gatech.edu is not reachable. -Sat Dec 16 02:30:15 2023
shut_door FAILURE Sat Dec 16 02:30:15 2023
Turning off outlets Sat Dec 16 02:38:35 2023
outlets_off FAILURE Sat Dec 16 02:38:35 2023
phys43199.physics.gatech.edu is not reachable. -Sat Dec 16 02:45:14 2023
shut_door FAILURE Sat Dec 16 02:45:14 2023
Turning off outlets Sat Dec 16 02:53:34 2023
outlets_off FAILURE Sat Dec 16 02:53:34 2023
phys43199.physics.gatech.edu is not reachable. -Sat Dec 16 03:00:14 2023
shut_door FAILURE Sat Dec 16 03:00:14 2023
Turning off outlets Sat Dec 16 03:08:34 2023
outlets_off FAILURE Sat Dec 16 03:08:34 2023
phys43199.physics.gatech.edu is not reachable. -Sat Dec 16 03:15:15 2023
shut_door FAILURE Sat Dec 16 03:15:15 2023
Turning off outlets Sat Dec 16 03:23:35 2023
outlets_off FAILURE Sat Dec 16 03:23:35 2023
phys43199.physics.gatech.edu is not reachable. -Sat Dec 16 03:30:15 2023
shut_door FAILURE Sat Dec 16 03:30:15 2023
Turning off outlets Sat Dec 16 03:38:35 2023
outlets_off FAILURE Sat Dec 16 03:38:35 2023
phys43199.physics.gatech.edu is not reachable. -Sat Dec 16 03:45:14 2023
shut_door FAILURE Sat Dec 16 03:45:14 2023
Turning off outlets Sat Dec 16 03:53:34 2023
outlets_off FAILURE Sat Dec 16 03:53:34 2023
phys43199.physics.gatech.edu is not reachable. -Sat Dec 16 04:00:14 2023
shut_door FAILURE Sat Dec 16 04:00:14 2023
Turning off outlets Sat Dec 16 04:08:34 2023
outlets_off FAILURE Sat Dec 16 04:08:34 2023
phys43199.physics.gatech.edu is not reachable. -Sat Dec 16 04:15:15 2023
shut_door FAILURE Sat Dec 16 04:15:15 2023
Turning off outlets Sat Dec 16 04:23:35 2023
outlets_off FAILURE Sat Dec 16 04:23:35 2023
phys43199.physics.gatech.edu is not reachable. -Sat Dec 16 04:30:14 2023
shut_door FAILURE Sat Dec 16 04:30:14 2023
Turning off outlets Sat Dec 16 04:38:34 2023
outlets_off FAILURE Sat Dec 16 04:38:34 2023
phys43199.physics.gatech.edu is not reachable. -Sat Dec 16 04:45:14 2023
shut_door FAILURE Sat Dec 16 04:45:14 2023
Turning off outlets Sat Dec 16 04:53:34 2023
outlets_off FAILURE Sat Dec 16 04:53:34 2023
phys43199.physics.gatech.edu is not reachable. -Sat Dec 16 05:00:15 2023
shut_door FAILURE Sat Dec 16 05:00:15 2023
Turning off outlets Sat Dec 16 05:08:35 2023
outlets_off FAILURE Sat Dec 16 05:08:35 2023
phys43199.physics.gatech.edu is not reachable. -Sat Dec 16 05:15:14 2023
shut_door FAILURE Sat Dec 16 05:15:14 2023
Turning off outlets Sat Dec 16 05:23:35 2023
outlets_off FAILURE Sat Dec 16 05:23:35 2023
phys43199.physics.gatech.edu is not reachable. -Sat Dec 16 05:30:14 2023
shut_door FAILURE Sat Dec 16 05:30:14 2023
Turning off outlets Sat Dec 16 05:38:34 2023
outlets_off FAILURE Sat Dec 16 05:38:34 2023
phys43199.physics.gatech.edu is not reachable. -Sat Dec 16 05:45:15 2023
shut_door FAILURE Sat Dec 16 05:45:15 2023
Turning off outlets Sat Dec 16 05:53:35 2023
outlets_off FAILURE Sat Dec 16 05:53:35 2023
phys43199.physics.gatech.edu is not reachable. -Sat Dec 16 06:00:15 2023
shut_door FAILURE Sat Dec 16 06:00:15 2023
Turning off outlets Sat Dec 16 06:08:35 2023
outlets_off FAILURE Sat Dec 16 06:08:35 2023
phys43199.physics.gatech.edu is not reachable. -Sat Dec 16 06:15:14 2023
shut_door FAILURE Sat Dec 16 06:15:14 2023
Turning off outlets Sat Dec 16 06:23:34 2023
outlets_off FAILURE Sat Dec 16 06:23:34 2023
phys43199.physics.gatech.edu is not reachable. -Sat Dec 16 06:30:14 2023
shut_door FAILURE Sat Dec 16 06:30:14 2023
Turning off outlets Sat Dec 16 06:38:34 2023
outlets_off FAILURE Sat Dec 16 06:38:34 2023
phys43199.physics.gatech.edu is not reachable. -Sat Dec 16 06:45:14 2023
shut_door FAILURE Sat Dec 16 06:45:14 2023
Turning off outlets Sat Dec 16 06:53:34 2023
outlets_off FAILURE Sat Dec 16 06:53:34 2023
phys43199.physics.gatech.edu is not reachable. -Sat Dec 16 07:00:15 2023
shut_door FAILURE Sat Dec 16 07:00:15 2023
Turning off outlets Sat Dec 16 07:08:35 2023
outlets_off FAILURE Sat Dec 16 07:08:35 2023
phys43199.physics.gatech.edu is not reachable. -Sat Dec 16 07:15:14 2023
shut_door FAILURE Sat Dec 16 07:15:14 2023
Turning off outlets Sat Dec 16 07:23:34 2023
outlets_off FAILURE Sat Dec 16 07:23:34 2023
phys43199.physics.gatech.edu is not reachable. -Sat Dec 16 07:30:14 2023
shut_door FAILURE Sat Dec 16 07:30:14 2023
Turning off outlets Sat Dec 16 07:38:34 2023
outlets_off FAILURE Sat Dec 16 07:38:34 2023
phys43199.physics.gatech.edu is not reachable. -Sat Dec 16 07:45:14 2023
shut_door FAILURE Sat Dec 16 07:45:14 2023
Turning off outlets Sat Dec 16 07:53:34 2023
outlets_off FAILURE Sat Dec 16 07:53:34 2023
phys43199.physics.gatech.edu is not reachable. -Sat Dec 16 08:00:15 2023
shut_door FAILURE Sat Dec 16 08:00:15 2023
Turning off outlets Sat Dec 16 08:08:35 2023
outlets_off FAILURE Sat Dec 16 08:08:35 2023
phys43199.physics.gatech.edu is not reachable. -Sat Dec 16 08:15:14 2023
shut_door FAILURE Sat Dec 16 08:15:14 2023
Turning off outlets Sat Dec 16 08:23:34 2023
outlets_off FAILURE Sat Dec 16 08:23:35 2023
phys43199.physics.gatech.edu is not reachable. -Sat Dec 16 08:30:14 2023
shut_door FAILURE Sat Dec 16 08:30:14 2023
Turning off outlets Sat Dec 16 08:38:34 2023
outlets_off FAILURE Sat Dec 16 08:38:34 2023
phys43199.physics.gatech.edu is not reachable. -Sat Dec 16 08:45:15 2023
shut_door FAILURE Sat Dec 16 08:45:15 2023
Turning off outlets Sat Dec 16 08:53:35 2023
outlets_off FAILURE Sat Dec 16 08:53:35 2023
phys43199.physics.gatech.edu is not reachable. -Sat Dec 16 09:00:14 2023
shut_door FAILURE Sat Dec 16 09:00:14 2023
Turning off outlets Sat Dec 16 09:08:34 2023
outlets_off FAILURE Sat Dec 16 09:08:34 2023
phys43199.physics.gatech.edu is not reachable. -Sat Dec 16 09:15:15 2023
shut_door FAILURE Sat Dec 16 09:15:15 2023
Turning off outlets Sat Dec 16 09:23:35 2023
outlets_off FAILURE Sat Dec 16 09:23:35 2023
phys43199.physics.gatech.edu is not reachable. -Sat Dec 16 09:30:14 2023
shut_door FAILURE Sat Dec 16 09:30:14 2023
Turning off outlets Sat Dec 16 09:38:34 2023
outlets_off FAILURE Sat Dec 16 09:38:34 2023
phys43199.physics.gatech.edu is not reachable. -Sat Dec 16 09:45:15 2023
shut_door FAILURE Sat Dec 16 09:45:15 2023
Turning off outlets Sat Dec 16 09:53:35 2023
outlets_off FAILURE Sat Dec 16 09:53:35 2023
phys43199.physics.gatech.edu is not reachable. -Sat Dec 16 10:00:14 2023
shut_door FAILURE Sat Dec 16 10:00:14 2023
Turning off outlets Sat Dec 16 10:08:34 2023
outlets_off FAILURE Sat Dec 16 10:08:34 2023
phys43199.physics.gatech.edu is not reachable. -Sat Dec 16 10:15:14 2023
shut_door FAILURE Sat Dec 16 10:15:14 2023
Turning off outlets Sat Dec 16 10:23:34 2023
outlets_off FAILURE Sat Dec 16 10:23:34 2023
phys43199.physics.gatech.edu is not reachable. -Sat Dec 16 10:30:15 2023
shut_door FAILURE Sat Dec 16 10:30:15 2023
Turning off outlets Sat Dec 16 10:38:35 2023
outlets_off FAILURE Sat Dec 16 10:38:35 2023
phys43199.physics.gatech.edu is not reachable. -Sat Dec 16 10:45:14 2023
shut_door FAILURE Sat Dec 16 10:45:14 2023
Turning off outlets Sat Dec 16 10:53:34 2023
outlets_off FAILURE Sat Dec 16 10:53:34 2023
phys43199.physics.gatech.edu is not reachable. -Sat Dec 16 11:00:14 2023
shut_door FAILURE Sat Dec 16 11:00:14 2023
Turning off outlets Sat Dec 16 11:08:34 2023
outlets_off FAILURE Sat Dec 16 11:08:34 2023
phys43199.physics.gatech.edu is not reachable. -Sat Dec 16 11:15:15 2023
shut_door FAILURE Sat Dec 16 11:15:15 2023
Turning off outlets Sat Dec 16 11:23:35 2023
outlets_off FAILURE Sat Dec 16 11:23:35 2023
phys43199.physics.gatech.edu is not reachable. -Sat Dec 16 11:30:14 2023
shut_door FAILURE Sat Dec 16 11:30:14 2023
Turning off outlets Sat Dec 16 11:38:34 2023
outlets_off FAILURE Sat Dec 16 11:38:34 2023
phys43199.physics.gatech.edu is not reachable. -Sat Dec 16 11:45:15 2023
shut_door FAILURE Sat Dec 16 11:45:15 2023
Turning off outlets Sat Dec 16 11:53:35 2023
outlets_off FAILURE Sat Dec 16 11:53:35 2023
phys43199.physics.gatech.edu is not reachable. -Sat Dec 16 12:00:14 2023
shut_door FAILURE Sat Dec 16 12:00:14 2023
Turning off outlets Sat Dec 16 12:08:34 2023
outlets_off FAILURE Sat Dec 16 12:08:34 2023
phys43199.physics.gatech.edu is not reachable. -Sat Dec 16 12:15:14 2023
shut_door FAILURE Sat Dec 16 12:15:14 2023
Turning off outlets Sat Dec 16 12:23:34 2023
outlets_off FAILURE Sat Dec 16 12:23:34 2023
phys43199.physics.gatech.edu is not reachable. -Sat Dec 16 12:30:15 2023
shut_door FAILURE Sat Dec 16 12:30:15 2023
Turning off outlets Sat Dec 16 12:38:35 2023
outlets_off FAILURE Sat Dec 16 12:38:35 2023
phys43199.physics.gatech.edu is not reachable. -Sat Dec 16 12:45:14 2023
shut_door FAILURE Sat Dec 16 12:45:14 2023
Turning off outlets Sat Dec 16 12:53:34 2023
outlets_off FAILURE Sat Dec 16 12:53:34 2023
phys43199.physics.gatech.edu is not reachable. -Sat Dec 16 13:00:14 2023
shut_door FAILURE Sat Dec 16 13:00:14 2023
Turning off outlets Sat Dec 16 13:08:34 2023
outlets_off FAILURE Sat Dec 16 13:08:34 2023
phys43199.physics.gatech.edu is not reachable. -Sat Dec 16 13:15:15 2023
shut_door FAILURE Sat Dec 16 13:15:15 2023
Turning off outlets Sat Dec 16 13:23:35 2023
outlets_off FAILURE Sat Dec 16 13:23:35 2023
phys43199.physics.gatech.edu is not reachable. -Sat Dec 16 13:30:14 2023
shut_door FAILURE Sat Dec 16 13:30:14 2023
Turning off outlets Sat Dec 16 13:38:34 2023
outlets_off FAILURE Sat Dec 16 13:38:34 2023
phys43199.physics.gatech.edu is not reachable. -Sat Dec 16 13:45:14 2023
shut_door FAILURE Sat Dec 16 13:45:14 2023
Turning off outlets Sat Dec 16 13:53:34 2023
outlets_off FAILURE Sat Dec 16 13:53:34 2023
phys43199.physics.gatech.edu is not reachable. -Sat Dec 16 14:00:15 2023
shut_door FAILURE Sat Dec 16 14:00:15 2023
Turning off outlets Sat Dec 16 14:08:35 2023
outlets_off FAILURE Sat Dec 16 14:08:35 2023
phys43199.physics.gatech.edu is not reachable. -Sat Dec 16 14:15:14 2023
shut_door FAILURE Sat Dec 16 14:15:14 2023
Turning off outlets Sat Dec 16 14:23:34 2023
outlets_off FAILURE Sat Dec 16 14:23:34 2023
phys43199.physics.gatech.edu is not reachable. -Sat Dec 16 14:30:14 2023
shut_door FAILURE Sat Dec 16 14:30:14 2023
Turning off outlets Sat Dec 16 14:38:34 2023
outlets_off FAILURE Sat Dec 16 14:38:34 2023
phys43199.physics.gatech.edu is not reachable. -Sat Dec 16 14:45:15 2023
shut_door FAILURE Sat Dec 16 14:45:15 2023
Turning off outlets Sat Dec 16 14:53:35 2023
outlets_off FAILURE Sat Dec 16 14:53:35 2023
phys43199.physics.gatech.edu is not reachable. -Sat Dec 16 15:00:15 2023
shut_door FAILURE Sat Dec 16 15:00:15 2023
Turning off outlets Sat Dec 16 15:08:35 2023
outlets_off FAILURE Sat Dec 16 15:08:35 2023
phys43199.physics.gatech.edu is not reachable. -Sat Dec 16 15:15:14 2023
shut_door FAILURE Sat Dec 16 15:15:15 2023
Turning off outlets Sat Dec 16 15:23:35 2023
outlets_off FAILURE Sat Dec 16 15:23:35 2023
phys43199.physics.gatech.edu is not reachable. -Sat Dec 16 15:30:14 2023
shut_door FAILURE Sat Dec 16 15:30:14 2023
Turning off outlets Sat Dec 16 15:38:34 2023
outlets_off FAILURE Sat Dec 16 15:38:34 2023
phys43199.physics.gatech.edu is not reachable. -Sat Dec 16 15:45:15 2023
shut_door FAILURE Sat Dec 16 15:45:15 2023
Turning off outlets Sat Dec 16 15:53:35 2023
outlets_off FAILURE Sat Dec 16 15:53:35 2023
phys43199.physics.gatech.edu is not reachable. -Sat Dec 16 16:00:14 2023
shut_door FAILURE Sat Dec 16 16:00:14 2023
Turning off outlets Sat Dec 16 16:08:34 2023
outlets_off FAILURE Sat Dec 16 16:08:34 2023
phys43199.physics.gatech.edu is not reachable. -Sat Dec 16 16:15:15 2023
shut_door FAILURE Sat Dec 16 16:15:15 2023
Turning off outlets Sat Dec 16 16:23:35 2023
outlets_off FAILURE Sat Dec 16 16:23:35 2023
phys43199.physics.gatech.edu is not reachable. -Sat Dec 16 16:30:14 2023
shut_door FAILURE Sat Dec 16 16:30:14 2023
Turning off outlets Sat Dec 16 16:38:34 2023
outlets_off FAILURE Sat Dec 16 16:38:34 2023
phys43199.physics.gatech.edu is not reachable. -Sat Dec 16 16:45:14 2023
shut_door FAILURE Sat Dec 16 16:45:14 2023
Turning off outlets Sat Dec 16 16:53:34 2023
outlets_off FAILURE Sat Dec 16 16:53:34 2023
phys43199.physics.gatech.edu is not reachable. -Sat Dec 16 17:00:15 2023
shut_door FAILURE Sat Dec 16 17:00:15 2023
Turning off outlets Sat Dec 16 17:08:35 2023
outlets_off FAILURE Sat Dec 16 17:08:35 2023
phys43199.physics.gatech.edu is not reachable. -Sat Dec 16 17:15:14 2023
shut_door FAILURE Sat Dec 16 17:15:14 2023
Turning off outlets Sat Dec 16 17:23:34 2023
outlets_off FAILURE Sat Dec 16 17:23:34 2023
phys43199.physics.gatech.edu is not reachable. -Sat Dec 16 17:30:14 2023
shut_door FAILURE Sat Dec 16 17:30:14 2023
Turning off outlets Sat Dec 16 17:38:34 2023
outlets_off FAILURE Sat Dec 16 17:38:34 2023
phys43199.physics.gatech.edu is not reachable. -Sat Dec 16 17:45:15 2023
shut_door FAILURE Sat Dec 16 17:45:15 2023
Turning off outlets Sat Dec 16 17:53:35 2023
outlets_off FAILURE Sat Dec 16 17:53:35 2023
phys43199.physics.gatech.edu is not reachable. -Sat Dec 16 18:00:14 2023
shut_door FAILURE Sat Dec 16 18:00:14 2023
Turning off outlets Sat Dec 16 18:08:34 2023
outlets_off FAILURE Sat Dec 16 18:08:34 2023
phys43199.physics.gatech.edu is not reachable. -Sat Dec 16 18:15:15 2023
shut_door FAILURE Sat Dec 16 18:15:15 2023
Turning off outlets Sat Dec 16 18:23:35 2023
outlets_off FAILURE Sat Dec 16 18:23:35 2023
phys43199.physics.gatech.edu is not reachable. -Sat Dec 16 18:30:14 2023
shut_door FAILURE Sat Dec 16 18:30:14 2023
Turning off outlets Sat Dec 16 18:38:35 2023
outlets_off FAILURE Sat Dec 16 18:38:35 2023
phys43199.physics.gatech.edu is not reachable. -Sat Dec 16 18:45:14 2023
shut_door FAILURE Sat Dec 16 18:45:14 2023
Turning off outlets Sat Dec 16 18:53:34 2023
outlets_off FAILURE Sat Dec 16 18:53:34 2023
phys43199.physics.gatech.edu is not reachable. -Sat Dec 16 19:00:15 2023
shut_door FAILURE Sat Dec 16 19:00:15 2023
Turning off outlets Sat Dec 16 19:08:35 2023
outlets_off FAILURE Sat Dec 16 19:08:35 2023
phys43199.physics.gatech.edu is not reachable. -Sat Dec 16 19:15:14 2023
shut_door FAILURE Sat Dec 16 19:15:14 2023
Turning off outlets Sat Dec 16 19:23:34 2023
outlets_off FAILURE Sat Dec 16 19:23:34 2023
phys43199.physics.gatech.edu is not reachable. -Sat Dec 16 19:30:14 2023
shut_door FAILURE Sat Dec 16 19:30:14 2023
Turning off outlets Sat Dec 16 19:38:34 2023
outlets_off FAILURE Sat Dec 16 19:38:34 2023
phys43199.physics.gatech.edu is not reachable. -Sat Dec 16 19:45:15 2023
shut_door FAILURE Sat Dec 16 19:45:15 2023
Turning off outlets Sat Dec 16 19:53:35 2023
outlets_off FAILURE Sat Dec 16 19:53:35 2023
phys43199.physics.gatech.edu is not reachable. -Sat Dec 16 20:00:14 2023
shut_door FAILURE Sat Dec 16 20:00:14 2023
Turning off outlets Sat Dec 16 20:08:35 2023
outlets_off FAILURE Sat Dec 16 20:08:35 2023
phys43199.physics.gatech.edu is not reachable. -Sat Dec 16 20:15:14 2023
shut_door FAILURE Sat Dec 16 20:15:14 2023
Turning off outlets Sat Dec 16 20:23:34 2023
outlets_off FAILURE Sat Dec 16 20:23:34 2023
phys43199.physics.gatech.edu is not reachable. -Sat Dec 16 20:30:14 2023
shut_door FAILURE Sat Dec 16 20:30:14 2023
Turning off outlets Sat Dec 16 20:38:34 2023
outlets_off FAILURE Sat Dec 16 20:38:34 2023
phys43199.physics.gatech.edu is not reachable. -Sat Dec 16 20:45:15 2023
shut_door FAILURE Sat Dec 16 20:45:15 2023
Turning off outlets Sat Dec 16 20:53:35 2023
outlets_off FAILURE Sat Dec 16 20:53:35 2023
phys43199.physics.gatech.edu is not reachable. -Sat Dec 16 21:00:14 2023
shut_door FAILURE Sat Dec 16 21:00:14 2023
Turning off outlets Sat Dec 16 21:08:34 2023
outlets_off FAILURE Sat Dec 16 21:08:34 2023
phys43199.physics.gatech.edu is not reachable. -Sat Dec 16 21:15:14 2023
shut_door FAILURE Sat Dec 16 21:15:14 2023
Turning off outlets Sat Dec 16 21:23:34 2023
outlets_off FAILURE Sat Dec 16 21:23:34 2023
phys43199.physics.gatech.edu is not reachable. -Sat Dec 16 21:30:15 2023
shut_door FAILURE Sat Dec 16 21:30:15 2023
Turning off outlets Sat Dec 16 21:38:35 2023
outlets_off FAILURE Sat Dec 16 21:38:35 2023
phys43199.physics.gatech.edu is not reachable. -Sat Dec 16 21:45:14 2023
shut_door FAILURE Sat Dec 16 21:45:14 2023
Turning off outlets Sat Dec 16 21:53:34 2023
outlets_off FAILURE Sat Dec 16 21:53:34 2023
phys43199.physics.gatech.edu is not reachable. -Sat Dec 16 22:00:14 2023
shut_door FAILURE Sat Dec 16 22:00:14 2023
Turning off outlets Sat Dec 16 22:08:34 2023
outlets_off FAILURE Sat Dec 16 22:08:34 2023
phys43199.physics.gatech.edu is not reachable. -Sat Dec 16 22:15:15 2023
shut_door FAILURE Sat Dec 16 22:15:15 2023
Turning off outlets Sat Dec 16 22:23:35 2023
outlets_off FAILURE Sat Dec 16 22:23:35 2023
phys43199.physics.gatech.edu is not reachable. -Sat Dec 16 22:30:14 2023
shut_door FAILURE Sat Dec 16 22:30:14 2023
Turning off outlets Sat Dec 16 22:38:34 2023
outlets_off FAILURE Sat Dec 16 22:38:34 2023
phys43199.physics.gatech.edu is not reachable. -Sat Dec 16 22:45:15 2023
shut_door FAILURE Sat Dec 16 22:45:15 2023
Turning off outlets Sat Dec 16 22:53:35 2023
outlets_off FAILURE Sat Dec 16 22:53:35 2023
phys43199.physics.gatech.edu is not reachable. -Sat Dec 16 23:00:14 2023
shut_door FAILURE Sat Dec 16 23:00:14 2023
Turning off outlets Sat Dec 16 23:08:34 2023
outlets_off FAILURE Sat Dec 16 23:08:34 2023
phys43199.physics.gatech.edu is not reachable. -Sat Dec 16 23:15:14 2023
shut_door FAILURE Sat Dec 16 23:15:14 2023
Turning off outlets Sat Dec 16 23:23:34 2023
outlets_off FAILURE Sat Dec 16 23:23:34 2023
phys43199.physics.gatech.edu is not reachable. -Sat Dec 16 23:30:14 2023
shut_door FAILURE Sat Dec 16 23:30:14 2023
Turning off outlets Sat Dec 16 23:38:34 2023
outlets_off FAILURE Sat Dec 16 23:38:34 2023
phys43199.physics.gatech.edu is not reachable. -Sat Dec 16 23:45:15 2023
shut_door FAILURE Sat Dec 16 23:45:15 2023
Turning off outlets Sat Dec 16 23:53:35 2023
outlets_off FAILURE Sat Dec 16 23:53:35 2023
phys43199.physics.gatech.edu is not reachable. -Sun Dec 17 00:00:14 2023
shut_door FAILURE Sun Dec 17 00:00:14 2023
Turning off outlets Sun Dec 17 00:08:34 2023
outlets_off FAILURE Sun Dec 17 00:08:35 2023
phys43199.physics.gatech.edu is not reachable. -Sun Dec 17 00:15:14 2023
shut_door FAILURE Sun Dec 17 00:15:14 2023
Turning off outlets Sun Dec 17 00:23:34 2023
outlets_off FAILURE Sun Dec 17 00:23:34 2023
phys43199.physics.gatech.edu is not reachable. -Sun Dec 17 00:30:14 2023
shut_door FAILURE Sun Dec 17 00:30:14 2023
Turning off outlets Sun Dec 17 00:38:34 2023
outlets_off FAILURE Sun Dec 17 00:38:34 2023
phys43199.physics.gatech.edu is not reachable. -Sun Dec 17 00:45:14 2023
shut_door FAILURE Sun Dec 17 00:45:14 2023
Turning off outlets Sun Dec 17 00:53:35 2023
outlets_off FAILURE Sun Dec 17 00:53:35 2023
phys43199.physics.gatech.edu is not reachable. -Sun Dec 17 01:00:14 2023
shut_door FAILURE Sun Dec 17 01:00:14 2023
Turning off outlets Sun Dec 17 01:08:34 2023
outlets_off FAILURE Sun Dec 17 01:08:34 2023
phys43199.physics.gatech.edu is not reachable. -Sun Dec 17 01:15:14 2023
shut_door FAILURE Sun Dec 17 01:15:14 2023
Turning off outlets Sun Dec 17 01:23:34 2023
outlets_off FAILURE Sun Dec 17 01:23:34 2023
phys43199.physics.gatech.edu is not reachable. -Sun Dec 17 01:30:14 2023
shut_door FAILURE Sun Dec 17 01:30:14 2023
Turning off outlets Sun Dec 17 01:38:34 2023
outlets_off FAILURE Sun Dec 17 01:38:34 2023
phys43199.physics.gatech.edu is not reachable. -Sun Dec 17 01:45:14 2023
shut_door FAILURE Sun Dec 17 01:45:14 2023
Turning off outlets Sun Dec 17 01:53:35 2023
outlets_off FAILURE Sun Dec 17 01:53:35 2023
phys43199.physics.gatech.edu is not reachable. -Sun Dec 17 02:00:14 2023
shut_door FAILURE Sun Dec 17 02:00:14 2023
Turning off outlets Sun Dec 17 02:08:35 2023
outlets_off FAILURE Sun Dec 17 02:08:35 2023
phys43199.physics.gatech.edu is not reachable. -Sun Dec 17 02:15:14 2023
shut_door FAILURE Sun Dec 17 02:15:14 2023
Turning off outlets Sun Dec 17 02:23:34 2023
outlets_off FAILURE Sun Dec 17 02:23:34 2023
phys43199.physics.gatech.edu is not reachable. -Sun Dec 17 02:30:14 2023
shut_door FAILURE Sun Dec 17 02:30:14 2023
Turning off outlets Sun Dec 17 02:38:34 2023
outlets_off FAILURE Sun Dec 17 02:38:34 2023
phys43199.physics.gatech.edu is not reachable. -Sun Dec 17 02:45:15 2023
shut_door FAILURE Sun Dec 17 02:45:15 2023
Turning off outlets Sun Dec 17 02:53:35 2023
outlets_off FAILURE Sun Dec 17 02:53:35 2023
phys43199.physics.gatech.edu is not reachable. -Sun Dec 17 03:00:15 2023
shut_door FAILURE Sun Dec 17 03:00:15 2023
Turning off outlets Sun Dec 17 03:08:35 2023
outlets_off FAILURE Sun Dec 17 03:08:35 2023
phys43199.physics.gatech.edu is not reachable. -Sun Dec 17 03:15:15 2023
shut_door FAILURE Sun Dec 17 03:15:15 2023
Turning off outlets Sun Dec 17 03:23:35 2023
outlets_off FAILURE Sun Dec 17 03:23:35 2023
phys43199.physics.gatech.edu is not reachable. -Sun Dec 17 03:30:14 2023
shut_door FAILURE Sun Dec 17 03:30:14 2023
Turning off outlets Sun Dec 17 03:38:34 2023
outlets_off FAILURE Sun Dec 17 03:38:34 2023
phys43199.physics.gatech.edu is not reachable. -Sun Dec 17 03:45:14 2023
shut_door FAILURE Sun Dec 17 03:45:14 2023
Turning off outlets Sun Dec 17 03:53:34 2023
outlets_off FAILURE Sun Dec 17 03:53:34 2023
phys43199.physics.gatech.edu is not reachable. -Sun Dec 17 04:00:15 2023
shut_door FAILURE Sun Dec 17 04:00:15 2023
Turning off outlets Sun Dec 17 04:08:35 2023
outlets_off FAILURE Sun Dec 17 04:08:35 2023
phys43199.physics.gatech.edu is not reachable. -Sun Dec 17 04:15:14 2023
shut_door FAILURE Sun Dec 17 04:15:14 2023
Turning off outlets Sun Dec 17 04:23:34 2023
outlets_off FAILURE Sun Dec 17 04:23:34 2023
phys43199.physics.gatech.edu is not reachable. -Sun Dec 17 04:30:14 2023
shut_door FAILURE Sun Dec 17 04:30:14 2023
Turning off outlets Sun Dec 17 04:38:34 2023
outlets_off FAILURE Sun Dec 17 04:38:34 2023
phys43199.physics.gatech.edu is not reachable. -Sun Dec 17 04:45:15 2023
shut_door FAILURE Sun Dec 17 04:45:15 2023
Turning off outlets Sun Dec 17 04:53:35 2023
outlets_off FAILURE Sun Dec 17 04:53:35 2023
phys43199.physics.gatech.edu is not reachable. -Sun Dec 17 05:00:15 2023
shut_door FAILURE Sun Dec 17 05:00:15 2023
Turning off outlets Sun Dec 17 05:08:35 2023
outlets_off FAILURE Sun Dec 17 05:08:35 2023
phys43199.physics.gatech.edu is not reachable. -Sun Dec 17 05:15:14 2023
shut_door FAILURE Sun Dec 17 05:15:14 2023
Turning off outlets Sun Dec 17 05:23:34 2023
outlets_off FAILURE Sun Dec 17 05:23:35 2023
phys43199.physics.gatech.edu is not reachable. -Sun Dec 17 05:30:14 2023
shut_door FAILURE Sun Dec 17 05:30:14 2023
Turning off outlets Sun Dec 17 05:38:34 2023
outlets_off FAILURE Sun Dec 17 05:38:34 2023
phys43199.physics.gatech.edu is not reachable. -Sun Dec 17 05:45:15 2023
shut_door FAILURE Sun Dec 17 05:45:15 2023
Turning off outlets Sun Dec 17 05:53:35 2023
outlets_off FAILURE Sun Dec 17 05:53:35 2023
phys43199.physics.gatech.edu is not reachable. -Sun Dec 17 06:00:14 2023
shut_door FAILURE Sun Dec 17 06:00:14 2023
Turning off outlets Sun Dec 17 06:08:34 2023
outlets_off FAILURE Sun Dec 17 06:08:34 2023
phys43199.physics.gatech.edu is not reachable. -Sun Dec 17 06:15:15 2023
shut_door FAILURE Sun Dec 17 06:15:15 2023
Turning off outlets Sun Dec 17 06:23:35 2023
outlets_off FAILURE Sun Dec 17 06:23:35 2023
phys43199.physics.gatech.edu is not reachable. -Sun Dec 17 06:30:14 2023
shut_door FAILURE Sun Dec 17 06:30:14 2023
Turning off outlets Sun Dec 17 06:38:35 2023
outlets_off FAILURE Sun Dec 17 06:38:35 2023
phys43199.physics.gatech.edu is not reachable. -Sun Dec 17 06:45:14 2023
shut_door FAILURE Sun Dec 17 06:45:14 2023
Turning off outlets Sun Dec 17 06:53:34 2023
outlets_off FAILURE Sun Dec 17 06:53:34 2023
phys43199.physics.gatech.edu is not reachable. -Sun Dec 17 07:00:14 2023
shut_door FAILURE Sun Dec 17 07:00:14 2023
Turning off outlets Sun Dec 17 07:08:34 2023
outlets_off FAILURE Sun Dec 17 07:08:34 2023
phys43199.physics.gatech.edu is not reachable. -Sun Dec 17 07:15:14 2023
shut_door FAILURE Sun Dec 17 07:15:14 2023
Turning off outlets Sun Dec 17 07:23:34 2023
outlets_off FAILURE Sun Dec 17 07:23:34 2023
phys43199.physics.gatech.edu is not reachable. -Sun Dec 17 07:30:15 2023
shut_door FAILURE Sun Dec 17 07:30:15 2023
Turning off outlets Sun Dec 17 07:38:35 2023
outlets_off FAILURE Sun Dec 17 07:38:35 2023
phys43199.physics.gatech.edu is not reachable. -Sun Dec 17 07:45:14 2023
shut_door FAILURE Sun Dec 17 07:45:14 2023
Turning off outlets Sun Dec 17 07:53:34 2023
outlets_off FAILURE Sun Dec 17 07:53:34 2023
phys43199.physics.gatech.edu is not reachable. -Sun Dec 17 08:00:14 2023
shut_door FAILURE Sun Dec 17 08:00:14 2023
Turning off outlets Sun Dec 17 08:08:35 2023
outlets_off FAILURE Sun Dec 17 08:08:35 2023
phys43199.physics.gatech.edu is not reachable. -Sun Dec 17 08:15:14 2023
shut_door FAILURE Sun Dec 17 08:15:14 2023
Turning off outlets Sun Dec 17 08:23:34 2023
outlets_off FAILURE Sun Dec 17 08:23:34 2023
phys43199.physics.gatech.edu is not reachable. -Sun Dec 17 08:30:15 2023
shut_door FAILURE Sun Dec 17 08:30:15 2023
Turning off outlets Sun Dec 17 08:38:35 2023
outlets_off FAILURE Sun Dec 17 08:38:35 2023
phys43199.physics.gatech.edu is not reachable. -Sun Dec 17 08:45:14 2023
shut_door FAILURE Sun Dec 17 08:45:14 2023
Turning off outlets Sun Dec 17 08:53:35 2023
outlets_off FAILURE Sun Dec 17 08:53:35 2023
phys43199.physics.gatech.edu is not reachable. -Sun Dec 17 09:00:14 2023
shut_door FAILURE Sun Dec 17 09:00:14 2023
Turning off outlets Sun Dec 17 09:08:34 2023
outlets_off FAILURE Sun Dec 17 09:08:34 2023
phys43199.physics.gatech.edu is not reachable. -Sun Dec 17 09:15:15 2023
shut_door FAILURE Sun Dec 17 09:15:15 2023
Turning off outlets Sun Dec 17 09:23:35 2023
outlets_off FAILURE Sun Dec 17 09:23:35 2023
phys43199.physics.gatech.edu is not reachable. -Sun Dec 17 09:30:14 2023
shut_door FAILURE Sun Dec 17 09:30:14 2023
Turning off outlets Sun Dec 17 09:38:34 2023
outlets_off FAILURE Sun Dec 17 09:38:34 2023
phys43199.physics.gatech.edu is not reachable. -Sun Dec 17 09:45:14 2023
shut_door FAILURE Sun Dec 17 09:45:14 2023
Turning off outlets Sun Dec 17 09:53:34 2023
outlets_off FAILURE Sun Dec 17 09:53:34 2023
phys43199.physics.gatech.edu is not reachable. -Sun Dec 17 10:00:15 2023
shut_door FAILURE Sun Dec 17 10:00:15 2023
Turning off outlets Sun Dec 17 10:08:35 2023
outlets_off FAILURE Sun Dec 17 10:08:35 2023
phys43199.physics.gatech.edu is not reachable. -Sun Dec 17 10:15:15 2023
shut_door FAILURE Sun Dec 17 10:15:15 2023
Turning off outlets Sun Dec 17 10:23:35 2023
outlets_off FAILURE Sun Dec 17 10:23:35 2023
phys43199.physics.gatech.edu is not reachable. -Sun Dec 17 10:30:14 2023
shut_door FAILURE Sun Dec 17 10:30:14 2023
Turning off outlets Sun Dec 17 10:38:34 2023
outlets_off FAILURE Sun Dec 17 10:38:34 2023
phys43199.physics.gatech.edu is not reachable. -Sun Dec 17 10:45:14 2023
shut_door FAILURE Sun Dec 17 10:45:14 2023
Turning off outlets Sun Dec 17 10:53:34 2023
outlets_off FAILURE Sun Dec 17 10:53:34 2023
phys43199.physics.gatech.edu is not reachable. -Sun Dec 17 11:00:15 2023
shut_door FAILURE Sun Dec 17 11:00:15 2023
Turning off outlets Sun Dec 17 11:08:35 2023
outlets_off FAILURE Sun Dec 17 11:08:35 2023
phys43199.physics.gatech.edu is not reachable. -Sun Dec 17 11:15:14 2023
shut_door FAILURE Sun Dec 17 11:15:14 2023
Turning off outlets Sun Dec 17 11:23:34 2023
outlets_off FAILURE Sun Dec 17 11:23:34 2023
phys43199.physics.gatech.edu is not reachable. -Sun Dec 17 11:30:14 2023
shut_door FAILURE Sun Dec 17 11:30:14 2023
Turning off outlets Sun Dec 17 11:38:34 2023
outlets_off FAILURE Sun Dec 17 11:38:34 2023
phys43199.physics.gatech.edu is not reachable. -Sun Dec 17 11:45:15 2023
shut_door FAILURE Sun Dec 17 11:45:15 2023
Turning off outlets Sun Dec 17 11:53:35 2023
outlets_off FAILURE Sun Dec 17 11:53:35 2023
phys43199.physics.gatech.edu is not reachable. -Sun Dec 17 12:00:14 2023
shut_door FAILURE Sun Dec 17 12:00:14 2023
Turning off outlets Sun Dec 17 12:08:34 2023
outlets_off FAILURE Sun Dec 17 12:08:34 2023
phys43199.physics.gatech.edu is not reachable. -Sun Dec 17 12:15:14 2023
shut_door FAILURE Sun Dec 17 12:15:14 2023
Turning off outlets Sun Dec 17 12:23:34 2023
outlets_off FAILURE Sun Dec 17 12:23:34 2023
phys43199.physics.gatech.edu is not reachable. -Sun Dec 17 12:30:15 2023
shut_door FAILURE Sun Dec 17 12:30:15 2023
Turning off outlets Sun Dec 17 12:38:35 2023
outlets_off FAILURE Sun Dec 17 12:38:35 2023
phys43199.physics.gatech.edu is not reachable. -Sun Dec 17 12:45:14 2023
shut_door FAILURE Sun Dec 17 12:45:14 2023
Turning off outlets Sun Dec 17 12:53:34 2023
outlets_off FAILURE Sun Dec 17 12:53:34 2023
phys43199.physics.gatech.edu is not reachable. -Sun Dec 17 13:00:14 2023
shut_door FAILURE Sun Dec 17 13:00:14 2023
Turning off outlets Sun Dec 17 13:08:34 2023
outlets_off FAILURE Sun Dec 17 13:08:34 2023
phys43199.physics.gatech.edu is not reachable. -Sun Dec 17 13:15:15 2023
shut_door FAILURE Sun Dec 17 13:15:15 2023
Turning off outlets Sun Dec 17 13:23:35 2023
outlets_off FAILURE Sun Dec 17 13:23:35 2023
phys43199.physics.gatech.edu is not reachable. -Sun Dec 17 13:30:14 2023
shut_door FAILURE Sun Dec 17 13:30:14 2023
Turning off outlets Sun Dec 17 13:38:34 2023
outlets_off FAILURE Sun Dec 17 13:38:34 2023
phys43199.physics.gatech.edu is not reachable. -Sun Dec 17 13:45:14 2023
shut_door FAILURE Sun Dec 17 13:45:14 2023
Turning off outlets Sun Dec 17 13:53:34 2023
outlets_off FAILURE Sun Dec 17 13:53:34 2023
phys43199.physics.gatech.edu is not reachable. -Sun Dec 17 14:00:15 2023
shut_door FAILURE Sun Dec 17 14:00:15 2023
Turning off outlets Sun Dec 17 14:08:35 2023
outlets_off FAILURE Sun Dec 17 14:08:35 2023
phys43199.physics.gatech.edu is not reachable. -Sun Dec 17 14:15:14 2023
shut_door FAILURE Sun Dec 17 14:15:14 2023
Turning off outlets Sun Dec 17 14:23:34 2023
outlets_off FAILURE Sun Dec 17 14:23:34 2023
phys43199.physics.gatech.edu is not reachable. -Sun Dec 17 14:30:15 2023
shut_door FAILURE Sun Dec 17 14:30:15 2023
Turning off outlets Sun Dec 17 14:38:35 2023
outlets_off FAILURE Sun Dec 17 14:38:35 2023
phys43199.physics.gatech.edu is not reachable. -Sun Dec 17 14:45:15 2023
shut_door FAILURE Sun Dec 17 14:45:15 2023
Turning off outlets Sun Dec 17 14:53:35 2023
outlets_off FAILURE Sun Dec 17 14:53:35 2023
phys43199.physics.gatech.edu is not reachable. -Sun Dec 17 15:00:14 2023
shut_door FAILURE Sun Dec 17 15:00:14 2023
Turning off outlets Sun Dec 17 15:08:34 2023
outlets_off FAILURE Sun Dec 17 15:08:34 2023
phys43199.physics.gatech.edu is not reachable. -Sun Dec 17 15:15:15 2023
shut_door FAILURE Sun Dec 17 15:15:15 2023
Turning off outlets Sun Dec 17 15:23:35 2023
outlets_off FAILURE Sun Dec 17 15:23:35 2023
phys43199.physics.gatech.edu is not reachable. -Sun Dec 17 15:30:14 2023
shut_door FAILURE Sun Dec 17 15:30:14 2023
Turning off outlets Sun Dec 17 15:38:35 2023
outlets_off FAILURE Sun Dec 17 15:38:35 2023
phys43199.physics.gatech.edu is not reachable. -Sun Dec 17 15:45:14 2023
shut_door FAILURE Sun Dec 17 15:45:14 2023
Turning off outlets Sun Dec 17 15:53:34 2023
outlets_off FAILURE Sun Dec 17 15:53:34 2023
phys43199.physics.gatech.edu is not reachable. -Sun Dec 17 16:00:15 2023
shut_door FAILURE Sun Dec 17 16:00:15 2023
Turning off outlets Sun Dec 17 16:08:35 2023
outlets_off FAILURE Sun Dec 17 16:08:35 2023
phys43199.physics.gatech.edu is not reachable. -Sun Dec 17 16:15:14 2023
shut_door FAILURE Sun Dec 17 16:15:14 2023
Turning off outlets Sun Dec 17 16:23:34 2023
outlets_off FAILURE Sun Dec 17 16:23:34 2023
phys43199.physics.gatech.edu is not reachable. -Sun Dec 17 16:30:14 2023
shut_door FAILURE Sun Dec 17 16:30:14 2023
Turning off outlets Sun Dec 17 16:38:34 2023
outlets_off FAILURE Sun Dec 17 16:38:34 2023
phys43199.physics.gatech.edu is not reachable. -Sun Dec 17 16:45:15 2023
shut_door FAILURE Sun Dec 17 16:45:15 2023
Turning off outlets Sun Dec 17 16:53:35 2023
outlets_off FAILURE Sun Dec 17 16:53:35 2023
phys43199.physics.gatech.edu is not reachable. -Sun Dec 17 17:00:14 2023
shut_door FAILURE Sun Dec 17 17:00:14 2023
Turning off outlets Sun Dec 17 17:08:35 2023
outlets_off FAILURE Sun Dec 17 17:08:35 2023
phys43199.physics.gatech.edu is not reachable. -Sun Dec 17 17:15:15 2023
shut_door FAILURE Sun Dec 17 17:15:15 2023
Turning off outlets Sun Dec 17 17:23:35 2023
outlets_off FAILURE Sun Dec 17 17:23:35 2023
phys43199.physics.gatech.edu is not reachable. -Sun Dec 17 17:30:14 2023
shut_door FAILURE Sun Dec 17 17:30:14 2023
Turning off outlets Sun Dec 17 17:38:34 2023
outlets_off FAILURE Sun Dec 17 17:38:34 2023
phys43199.physics.gatech.edu is not reachable. -Sun Dec 17 17:45:14 2023
shut_door FAILURE Sun Dec 17 17:45:14 2023
Turning off outlets Sun Dec 17 17:53:34 2023
outlets_off FAILURE Sun Dec 17 17:53:34 2023
phys43199.physics.gatech.edu is not reachable. -Sun Dec 17 18:00:14 2023
shut_door FAILURE Sun Dec 17 18:00:14 2023
Turning off outlets Sun Dec 17 18:08:34 2023
outlets_off FAILURE Sun Dec 17 18:08:34 2023
phys43199.physics.gatech.edu is not reachable. -Sun Dec 17 18:15:15 2023
shut_door FAILURE Sun Dec 17 18:15:15 2023
Turning off outlets Sun Dec 17 18:23:35 2023
outlets_off FAILURE Sun Dec 17 18:23:35 2023
phys43199.physics.gatech.edu is not reachable. -Sun Dec 17 18:30:14 2023
shut_door FAILURE Sun Dec 17 18:30:14 2023
Turning off outlets Sun Dec 17 18:38:34 2023
outlets_off FAILURE Sun Dec 17 18:38:34 2023
phys43199.physics.gatech.edu is not reachable. -Sun Dec 17 18:45:14 2023
shut_door FAILURE Sun Dec 17 18:45:15 2023
Turning off outlets Sun Dec 17 18:53:35 2023
outlets_off FAILURE Sun Dec 17 18:53:35 2023
phys43199.physics.gatech.edu is not reachable. -Sun Dec 17 19:00:14 2023
shut_door FAILURE Sun Dec 17 19:00:14 2023
Turning off outlets Sun Dec 17 19:08:34 2023
outlets_off FAILURE Sun Dec 17 19:08:34 2023
phys43199.physics.gatech.edu is not reachable. -Sun Dec 17 19:15:15 2023
shut_door FAILURE Sun Dec 17 19:15:15 2023
Turning off outlets Sun Dec 17 19:23:35 2023
outlets_off FAILURE Sun Dec 17 19:23:35 2023
phys43199.physics.gatech.edu is not reachable. -Sun Dec 17 19:30:15 2023
shut_door FAILURE Sun Dec 17 19:30:15 2023
Turning off outlets Sun Dec 17 19:38:35 2023
outlets_off FAILURE Sun Dec 17 19:38:35 2023
phys43199.physics.gatech.edu is not reachable. -Sun Dec 17 19:45:14 2023
shut_door FAILURE Sun Dec 17 19:45:14 2023
Turning off outlets Sun Dec 17 19:53:34 2023
outlets_off FAILURE Sun Dec 17 19:53:34 2023
phys43199.physics.gatech.edu is not reachable. -Sun Dec 17 20:00:14 2023
shut_door FAILURE Sun Dec 17 20:00:14 2023
Turning off outlets Sun Dec 17 20:08:34 2023
outlets_off FAILURE Sun Dec 17 20:08:34 2023
phys43199.physics.gatech.edu is not reachable. -Sun Dec 17 20:15:14 2023
shut_door FAILURE Sun Dec 17 20:15:14 2023
Turning off outlets Sun Dec 17 20:23:35 2023
outlets_off FAILURE Sun Dec 17 20:23:35 2023
phys43199.physics.gatech.edu is not reachable. -Sun Dec 17 20:30:14 2023
shut_door FAILURE Sun Dec 17 20:30:14 2023
Turning off outlets Sun Dec 17 20:38:34 2023
outlets_off FAILURE Sun Dec 17 20:38:34 2023
phys43199.physics.gatech.edu is not reachable. -Sun Dec 17 20:45:15 2023
shut_door FAILURE Sun Dec 17 20:45:15 2023
Turning off outlets Sun Dec 17 20:53:35 2023
outlets_off FAILURE Sun Dec 17 20:53:35 2023
phys43199.physics.gatech.edu is not reachable. -Sun Dec 17 21:00:14 2023
shut_door FAILURE Sun Dec 17 21:00:14 2023
Turning off outlets Sun Dec 17 21:08:34 2023
outlets_off FAILURE Sun Dec 17 21:08:34 2023
phys43199.physics.gatech.edu is not reachable. -Sun Dec 17 21:15:14 2023
shut_door FAILURE Sun Dec 17 21:15:14 2023
Turning off outlets Sun Dec 17 21:23:34 2023
outlets_off FAILURE Sun Dec 17 21:23:34 2023
phys43199.physics.gatech.edu is not reachable. -Sun Dec 17 21:30:15 2023
shut_door FAILURE Sun Dec 17 21:30:15 2023
Turning off outlets Sun Dec 17 21:38:35 2023
outlets_off FAILURE Sun Dec 17 21:38:35 2023
phys43199.physics.gatech.edu is not reachable. -Sun Dec 17 21:45:14 2023
shut_door FAILURE Sun Dec 17 21:45:14 2023
Turning off outlets Sun Dec 17 21:53:34 2023
outlets_off FAILURE Sun Dec 17 21:53:34 2023
phys43199.physics.gatech.edu is not reachable. -Sun Dec 17 22:00:14 2023
shut_door FAILURE Sun Dec 17 22:00:14 2023
Turning off outlets Sun Dec 17 22:08:34 2023
outlets_off FAILURE Sun Dec 17 22:08:34 2023
phys43199.physics.gatech.edu is not reachable. -Sun Dec 17 22:15:15 2023
shut_door FAILURE Sun Dec 17 22:15:15 2023
Turning off outlets Sun Dec 17 22:23:35 2023
outlets_off FAILURE Sun Dec 17 22:23:35 2023
phys43199.physics.gatech.edu is not reachable. -Sun Dec 17 22:30:15 2023
shut_door FAILURE Sun Dec 17 22:30:15 2023
Turning off outlets Sun Dec 17 22:38:35 2023
outlets_off FAILURE Sun Dec 17 22:38:35 2023
phys43199.physics.gatech.edu is not reachable. -Sun Dec 17 22:45:14 2023
shut_door FAILURE Sun Dec 17 22:45:14 2023
Turning off outlets Sun Dec 17 22:53:34 2023
outlets_off FAILURE Sun Dec 17 22:53:34 2023
phys43199.physics.gatech.edu is not reachable. -Sun Dec 17 23:00:14 2023
shut_door FAILURE Sun Dec 17 23:00:14 2023
Turning off outlets Sun Dec 17 23:08:34 2023
outlets_off FAILURE Sun Dec 17 23:08:34 2023
phys43199.physics.gatech.edu is not reachable. -Sun Dec 17 23:15:14 2023
shut_door FAILURE Sun Dec 17 23:15:14 2023
Turning off outlets Sun Dec 17 23:23:34 2023
outlets_off FAILURE Sun Dec 17 23:23:34 2023
phys43199.physics.gatech.edu is not reachable. -Sun Dec 17 23:30:15 2023
shut_door FAILURE Sun Dec 17 23:30:15 2023
Turning off outlets Sun Dec 17 23:38:35 2023
outlets_off FAILURE Sun Dec 17 23:38:35 2023
phys43199.physics.gatech.edu is not reachable. -Sun Dec 17 23:45:14 2023
shut_door FAILURE Sun Dec 17 23:45:14 2023
Turning off outlets Sun Dec 17 23:53:34 2023
outlets_off FAILURE Sun Dec 17 23:53:35 2023
phys43199.physics.gatech.edu is not reachable. -Mon Dec 18 00:00:14 2023
shut_door FAILURE Mon Dec 18 00:00:14 2023
Turning off outlets Mon Dec 18 00:08:35 2023
outlets_off FAILURE Mon Dec 18 00:08:35 2023
phys43199.physics.gatech.edu is not reachable. -Mon Dec 18 00:15:14 2023
shut_door FAILURE Mon Dec 18 00:15:14 2023
Turning off outlets Mon Dec 18 00:23:34 2023
outlets_off FAILURE Mon Dec 18 00:23:34 2023
phys43199.physics.gatech.edu is not reachable. -Mon Dec 18 00:30:15 2023
shut_door FAILURE Mon Dec 18 00:30:15 2023
Turning off outlets Mon Dec 18 00:38:35 2023
outlets_off FAILURE Mon Dec 18 00:38:35 2023
phys43199.physics.gatech.edu is not reachable. -Mon Dec 18 00:45:14 2023
shut_door FAILURE Mon Dec 18 00:45:14 2023
Turning off outlets Mon Dec 18 00:53:34 2023
outlets_off FAILURE Mon Dec 18 00:53:34 2023
phys43199.physics.gatech.edu is not reachable. -Mon Dec 18 01:00:14 2023
shut_door FAILURE Mon Dec 18 01:00:14 2023
Turning off outlets Mon Dec 18 01:08:34 2023
outlets_off FAILURE Mon Dec 18 01:08:34 2023
phys43199.physics.gatech.edu is not reachable. -Mon Dec 18 01:15:15 2023
shut_door FAILURE Mon Dec 18 01:15:15 2023
Turning off outlets Mon Dec 18 01:23:35 2023
outlets_off FAILURE Mon Dec 18 01:23:35 2023
phys43199.physics.gatech.edu is not reachable. -Mon Dec 18 01:30:15 2023
shut_door FAILURE Mon Dec 18 01:30:15 2023
Turning off outlets Mon Dec 18 01:38:35 2023
outlets_off FAILURE Mon Dec 18 01:38:35 2023
phys43199.physics.gatech.edu is not reachable. -Mon Dec 18 01:45:14 2023
shut_door FAILURE Mon Dec 18 01:45:14 2023
Turning off outlets Mon Dec 18 01:53:34 2023
outlets_off FAILURE Mon Dec 18 01:53:34 2023
phys43199.physics.gatech.edu is not reachable. -Mon Dec 18 02:00:14 2023
shut_door FAILURE Mon Dec 18 02:00:14 2023
Turning off outlets Mon Dec 18 02:08:34 2023
outlets_off FAILURE Mon Dec 18 02:08:34 2023
phys43199.physics.gatech.edu is not reachable. -Mon Dec 18 02:15:14 2023
shut_door FAILURE Mon Dec 18 02:15:14 2023
Turning off outlets Mon Dec 18 02:23:34 2023
outlets_off FAILURE Mon Dec 18 02:23:34 2023
phys43199.physics.gatech.edu is not reachable. -Mon Dec 18 02:30:15 2023
shut_door FAILURE Mon Dec 18 02:30:15 2023
Turning off outlets Mon Dec 18 02:38:35 2023
outlets_off FAILURE Mon Dec 18 02:38:35 2023
phys43199.physics.gatech.edu is not reachable. -Mon Dec 18 02:45:14 2023
shut_door FAILURE Mon Dec 18 02:45:14 2023
Turning off outlets Mon Dec 18 02:53:34 2023
outlets_off FAILURE Mon Dec 18 02:53:34 2023
phys43199.physics.gatech.edu is not reachable. -Mon Dec 18 03:00:14 2023
shut_door FAILURE Mon Dec 18 03:00:14 2023
Turning off outlets Mon Dec 18 03:08:34 2023
outlets_off FAILURE Mon Dec 18 03:08:34 2023
phys43199.physics.gatech.edu is not reachable. -Mon Dec 18 03:15:15 2023
shut_door FAILURE Mon Dec 18 03:15:15 2023
Turning off outlets Mon Dec 18 03:23:35 2023
outlets_off FAILURE Mon Dec 18 03:23:35 2023
phys43199.physics.gatech.edu is not reachable. -Mon Dec 18 03:30:15 2023
shut_door FAILURE Mon Dec 18 03:30:15 2023
Turning off outlets Mon Dec 18 03:38:35 2023
outlets_off FAILURE Mon Dec 18 03:38:35 2023
phys43199.physics.gatech.edu is not reachable. -Mon Dec 18 03:45:14 2023
shut_door FAILURE Mon Dec 18 03:45:14 2023
Turning off outlets Mon Dec 18 03:53:34 2023
outlets_off FAILURE Mon Dec 18 03:53:34 2023
phys43199.physics.gatech.edu is not reachable. -Mon Dec 18 04:00:15 2023
shut_door FAILURE Mon Dec 18 04:00:15 2023
Turning off outlets Mon Dec 18 04:08:35 2023
outlets_off FAILURE Mon Dec 18 04:08:35 2023
phys43199.physics.gatech.edu is not reachable. -Mon Dec 18 04:15:14 2023
shut_door FAILURE Mon Dec 18 04:15:14 2023
Turning off outlets Mon Dec 18 04:23:34 2023
outlets_off FAILURE Mon Dec 18 04:23:34 2023
phys43199.physics.gatech.edu is not reachable. -Mon Dec 18 04:30:14 2023
shut_door FAILURE Mon Dec 18 04:30:14 2023
Turning off outlets Mon Dec 18 04:38:34 2023
outlets_off FAILURE Mon Dec 18 04:38:34 2023
phys43199.physics.gatech.edu is not reachable. -Mon Dec 18 04:45:15 2023
shut_door FAILURE Mon Dec 18 04:45:15 2023
Turning off outlets Mon Dec 18 04:53:35 2023
outlets_off FAILURE Mon Dec 18 04:53:35 2023
phys43199.physics.gatech.edu is not reachable. -Mon Dec 18 05:00:15 2023
shut_door FAILURE Mon Dec 18 05:00:15 2023
Turning off outlets Mon Dec 18 05:08:35 2023
outlets_off FAILURE Mon Dec 18 05:08:35 2023
phys43199.physics.gatech.edu is not reachable. -Mon Dec 18 05:15:14 2023
shut_door FAILURE Mon Dec 18 05:15:14 2023
Turning off outlets Mon Dec 18 05:23:34 2023
outlets_off FAILURE Mon Dec 18 05:23:34 2023
phys43199.physics.gatech.edu is not reachable. -Mon Dec 18 05:30:14 2023
shut_door FAILURE Mon Dec 18 05:30:14 2023
Turning off outlets Mon Dec 18 05:38:34 2023
outlets_off FAILURE Mon Dec 18 05:38:34 2023
phys43199.physics.gatech.edu is not reachable. -Mon Dec 18 05:45:15 2023
shut_door FAILURE Mon Dec 18 05:45:15 2023
Turning off outlets Mon Dec 18 05:53:35 2023
outlets_off FAILURE Mon Dec 18 05:53:35 2023
phys43199.physics.gatech.edu is not reachable. -Mon Dec 18 06:00:14 2023
shut_door FAILURE Mon Dec 18 06:00:14 2023
Turning off outlets Mon Dec 18 06:08:35 2023
outlets_off FAILURE Mon Dec 18 06:08:35 2023
phys43199.physics.gatech.edu is not reachable. -Mon Dec 18 06:15:14 2023
shut_door FAILURE Mon Dec 18 06:15:14 2023
Turning off outlets Mon Dec 18 06:23:34 2023
outlets_off FAILURE Mon Dec 18 06:23:35 2023
phys43199.physics.gatech.edu is not reachable. -Mon Dec 18 06:30:19 2023
shut_door FAILURE Mon Dec 18 06:30:19 2023
Turning off outlets Mon Dec 18 06:38:39 2023
outlets_off FAILURE Mon Dec 18 06:38:39 2023
phys43199.physics.gatech.edu is not reachable. -Mon Dec 18 06:45:15 2023
shut_door FAILURE Mon Dec 18 06:45:15 2023
Turning off outlets Mon Dec 18 06:53:35 2023
outlets_off FAILURE Mon Dec 18 06:53:35 2023
phys43199.physics.gatech.edu is not reachable. -Mon Dec 18 07:00:14 2023
shut_door FAILURE Mon Dec 18 07:00:15 2023
Turning off outlets Mon Dec 18 07:08:35 2023
outlets_off FAILURE Mon Dec 18 07:08:35 2023
phys43199.physics.gatech.edu is not reachable. -Mon Dec 18 07:15:14 2023
shut_door FAILURE Mon Dec 18 07:15:14 2023
Turning off outlets Mon Dec 18 07:23:34 2023
outlets_off FAILURE Mon Dec 18 07:23:34 2023
phys43199.physics.gatech.edu is not reachable. -Mon Dec 18 07:30:15 2023
shut_door FAILURE Mon Dec 18 07:30:15 2023
Turning off outlets Mon Dec 18 07:38:35 2023
outlets_off FAILURE Mon Dec 18 07:38:35 2023
phys43199.physics.gatech.edu is not reachable. -Mon Dec 18 07:45:14 2023
shut_door FAILURE Mon Dec 18 07:45:14 2023
Turning off outlets Mon Dec 18 07:53:34 2023
outlets_off FAILURE Mon Dec 18 07:53:34 2023
phys43199.physics.gatech.edu is not reachable. -Mon Dec 18 08:00:14 2023
shut_door FAILURE Mon Dec 18 08:00:14 2023
Turning off outlets Mon Dec 18 08:08:34 2023
outlets_off FAILURE Mon Dec 18 08:08:34 2023
phys43199.physics.gatech.edu is not reachable. -Mon Dec 18 08:15:14 2023
shut_door FAILURE Mon Dec 18 08:15:14 2023
Turning off outlets Mon Dec 18 08:23:34 2023
outlets_off FAILURE Mon Dec 18 08:23:34 2023
phys43199.physics.gatech.edu is not reachable. -Mon Dec 18 08:30:14 2023
shut_door FAILURE Mon Dec 18 08:30:14 2023
Turning off outlets Mon Dec 18 08:38:34 2023
outlets_off FAILURE Mon Dec 18 08:38:34 2023
phys43199.physics.gatech.edu is not reachable. -Mon Dec 18 08:45:15 2023
shut_door FAILURE Mon Dec 18 08:45:15 2023
Turning off outlets Mon Dec 18 08:53:35 2023
outlets_off FAILURE Mon Dec 18 08:53:35 2023
phys43199.physics.gatech.edu is not reachable. -Mon Dec 18 09:00:14 2023
shut_door FAILURE Mon Dec 18 09:00:14 2023
Turning off outlets Mon Dec 18 09:08:34 2023
outlets_off FAILURE Mon Dec 18 09:08:34 2023
phys43199.physics.gatech.edu is not reachable. -Mon Dec 18 09:15:14 2023
shut_door FAILURE Mon Dec 18 09:15:14 2023
Turning off outlets Mon Dec 18 09:23:34 2023
outlets_off FAILURE Mon Dec 18 09:23:34 2023
phys43199.physics.gatech.edu is not reachable. -Mon Dec 18 09:30:14 2023
shut_door FAILURE Mon Dec 18 09:30:15 2023
Turning off outlets Mon Dec 18 09:38:35 2023
outlets_off FAILURE Mon Dec 18 09:38:35 2023
phys43199.physics.gatech.edu is not reachable. -Mon Dec 18 09:45:14 2023
shut_door FAILURE Mon Dec 18 09:45:14 2023
Turning off outlets Mon Dec 18 09:53:34 2023
outlets_off FAILURE Mon Dec 18 09:53:34 2023
phys43199.physics.gatech.edu is not reachable. -Mon Dec 18 10:00:15 2023
shut_door FAILURE Mon Dec 18 10:00:15 2023
Turning off outlets Mon Dec 18 10:08:35 2023
outlets_off FAILURE Mon Dec 18 10:08:35 2023
phys43199.physics.gatech.edu is not reachable. -Mon Dec 18 10:15:14 2023
shut_door FAILURE Mon Dec 18 10:15:14 2023
Turning off outlets Mon Dec 18 10:23:34 2023
outlets_off FAILURE Mon Dec 18 10:23:34 2023
phys43199.physics.gatech.edu is not reachable. -Mon Dec 18 10:30:15 2023
shut_door FAILURE Mon Dec 18 10:30:15 2023
Turning off outlets Mon Dec 18 10:38:35 2023
outlets_off FAILURE Mon Dec 18 10:38:35 2023
phys43199.physics.gatech.edu is not reachable. -Mon Dec 18 10:45:14 2023
shut_door FAILURE Mon Dec 18 10:45:14 2023
Turning off outlets Mon Dec 18 10:53:34 2023
outlets_off FAILURE Mon Dec 18 10:53:34 2023
phys43199.physics.gatech.edu is not reachable. -Mon Dec 18 11:00:14 2023
shut_door FAILURE Mon Dec 18 11:00:14 2023
Turning off outlets Mon Dec 18 11:08:34 2023
outlets_off FAILURE Mon Dec 18 11:08:34 2023
phys43199.physics.gatech.edu is not reachable. -Mon Dec 18 11:15:14 2023
shut_door FAILURE Mon Dec 18 11:15:14 2023
Turning off outlets Mon Dec 18 11:23:34 2023
outlets_off FAILURE Mon Dec 18 11:23:34 2023
phys43199.physics.gatech.edu is not reachable. -Mon Dec 18 11:30:14 2023
shut_door FAILURE Mon Dec 18 11:30:15 2023
Turning off outlets Mon Dec 18 11:38:35 2023
outlets_off FAILURE Mon Dec 18 11:38:35 2023
phys43199.physics.gatech.edu is not reachable. -Mon Dec 18 11:45:14 2023
shut_door FAILURE Mon Dec 18 11:45:14 2023
Turning off outlets Mon Dec 18 11:53:34 2023
outlets_off FAILURE Mon Dec 18 11:53:34 2023
phys43199.physics.gatech.edu is not reachable. -Mon Dec 18 12:00:14 2023
shut_door FAILURE Mon Dec 18 12:00:14 2023
Turning off outlets Mon Dec 18 12:08:34 2023
outlets_off FAILURE Mon Dec 18 12:08:34 2023
phys43199.physics.gatech.edu is not reachable. -Mon Dec 18 12:15:14 2023
shut_door FAILURE Mon Dec 18 12:15:14 2023
Turning off outlets Mon Dec 18 12:23:34 2023
outlets_off FAILURE Mon Dec 18 12:23:34 2023
phys43199.physics.gatech.edu is not reachable. -Mon Dec 18 12:30:15 2023
shut_door FAILURE Mon Dec 18 12:30:15 2023
Turning off outlets Mon Dec 18 12:38:35 2023
outlets_off FAILURE Mon Dec 18 12:38:35 2023
phys43199.physics.gatech.edu is not reachable. -Mon Dec 18 12:45:14 2023
shut_door FAILURE Mon Dec 18 12:45:14 2023
Turning off outlets Mon Dec 18 12:53:34 2023
outlets_off FAILURE Mon Dec 18 12:53:34 2023
phys43199.physics.gatech.edu is not reachable. -Mon Dec 18 13:00:14 2023
shut_door FAILURE Mon Dec 18 13:00:14 2023
Turning off outlets Mon Dec 18 13:08:34 2023
outlets_off FAILURE Mon Dec 18 13:08:34 2023
phys43199.physics.gatech.edu is not reachable. -Mon Dec 18 13:15:15 2023
shut_door FAILURE Mon Dec 18 13:15:15 2023
Turning off outlets Mon Dec 18 13:23:35 2023
outlets_off FAILURE Mon Dec 18 13:23:35 2023
phys43199.physics.gatech.edu is not reachable. -Mon Dec 18 13:30:14 2023
shut_door FAILURE Mon Dec 18 13:30:14 2023
Turning off outlets Mon Dec 18 13:38:34 2023
outlets_off FAILURE Mon Dec 18 13:38:34 2023
phys43199.physics.gatech.edu is not reachable. -Mon Dec 18 13:45:14 2023
shut_door FAILURE Mon Dec 18 13:45:14 2023
Turning off outlets Mon Dec 18 13:53:34 2023
outlets_off FAILURE Mon Dec 18 13:53:34 2023
phys43199.physics.gatech.edu is not reachable. -Mon Dec 18 14:00:15 2023
shut_door FAILURE Mon Dec 18 14:00:15 2023
Turning off outlets Mon Dec 18 14:08:35 2023
outlets_off FAILURE Mon Dec 18 14:08:35 2023
phys43199.physics.gatech.edu is not reachable. -Mon Dec 18 14:15:15 2023
shut_door FAILURE Mon Dec 18 14:15:15 2023
Turning off outlets Mon Dec 18 14:23:35 2023
outlets_off FAILURE Mon Dec 18 14:23:35 2023
phys43199.physics.gatech.edu is not reachable. -Mon Dec 18 14:30:14 2023
shut_door FAILURE Mon Dec 18 14:30:14 2023
Turning off outlets Mon Dec 18 14:38:34 2023
outlets_off FAILURE Mon Dec 18 14:38:34 2023
phys43199.physics.gatech.edu is not reachable. -Mon Dec 18 14:45:14 2023
shut_door FAILURE Mon Dec 18 14:45:14 2023
Turning off outlets Mon Dec 18 14:53:34 2023
outlets_off FAILURE Mon Dec 18 14:53:34 2023
phys43199.physics.gatech.edu is not reachable. -Mon Dec 18 15:00:15 2023
shut_door FAILURE Mon Dec 18 15:00:15 2023
Turning off outlets Mon Dec 18 15:08:35 2023
outlets_off FAILURE Mon Dec 18 15:08:35 2023
phys43199.physics.gatech.edu is not reachable. -Mon Dec 18 15:15:14 2023
shut_door FAILURE Mon Dec 18 15:15:14 2023
Turning off outlets Mon Dec 18 15:23:34 2023
outlets_off FAILURE Mon Dec 18 15:23:34 2023
phys43199.physics.gatech.edu is not reachable. -Mon Dec 18 15:30:14 2023
shut_door FAILURE Mon Dec 18 15:30:14 2023
Turning off outlets Mon Dec 18 15:38:34 2023
outlets_off FAILURE Mon Dec 18 15:38:34 2023
phys43199.physics.gatech.edu is not reachable. -Mon Dec 18 15:45:15 2023
shut_door FAILURE Mon Dec 18 15:45:15 2023
Turning off outlets Mon Dec 18 15:53:35 2023
outlets_off FAILURE Mon Dec 18 15:53:35 2023
phys43199.physics.gatech.edu is not reachable. -Mon Dec 18 16:00:14 2023
shut_door FAILURE Mon Dec 18 16:00:14 2023
Turning off outlets Mon Dec 18 16:08:34 2023
outlets_off FAILURE Mon Dec 18 16:08:34 2023
phys43199.physics.gatech.edu is not reachable. -Mon Dec 18 16:15:14 2023
shut_door FAILURE Mon Dec 18 16:15:14 2023
Turning off outlets Mon Dec 18 16:23:34 2023
outlets_off FAILURE Mon Dec 18 16:23:34 2023
phys43199.physics.gatech.edu is not reachable. -Mon Dec 18 16:30:15 2023
shut_door FAILURE Mon Dec 18 16:30:15 2023
Turning off outlets Mon Dec 18 16:38:35 2023
outlets_off FAILURE Mon Dec 18 16:38:35 2023
phys43199.physics.gatech.edu is not reachable. -Mon Dec 18 16:45:14 2023
shut_door FAILURE Mon Dec 18 16:45:14 2023
Turning off outlets Mon Dec 18 16:53:34 2023
outlets_off FAILURE Mon Dec 18 16:53:34 2023
phys43199.physics.gatech.edu is not reachable. -Mon Dec 18 17:00:14 2023
shut_door FAILURE Mon Dec 18 17:00:14 2023
Turning off outlets Mon Dec 18 17:08:34 2023
outlets_off FAILURE Mon Dec 18 17:08:34 2023
phys43199.physics.gatech.edu is not reachable. -Mon Dec 18 17:15:14 2023
shut_door FAILURE Mon Dec 18 17:15:15 2023
Turning off outlets Mon Dec 18 17:23:35 2023
outlets_off FAILURE Mon Dec 18 17:23:35 2023
phys43199.physics.gatech.edu is not reachable. -Mon Dec 18 17:30:14 2023
shut_door FAILURE Mon Dec 18 17:30:14 2023
Turning off outlets Mon Dec 18 17:38:34 2023
outlets_off FAILURE Mon Dec 18 17:38:34 2023
phys43199.physics.gatech.edu is not reachable. -Mon Dec 18 17:45:15 2023
shut_door FAILURE Mon Dec 18 17:45:15 2023
Turning off outlets Mon Dec 18 17:53:35 2023
outlets_off FAILURE Mon Dec 18 17:53:35 2023
phys43199.physics.gatech.edu is not reachable. -Mon Dec 18 18:00:14 2023
shut_door FAILURE Mon Dec 18 18:00:14 2023
Turning off outlets Mon Dec 18 18:08:34 2023
outlets_off FAILURE Mon Dec 18 18:08:35 2023
phys43199.physics.gatech.edu is not reachable. -Mon Dec 18 18:15:15 2023
shut_door FAILURE Mon Dec 18 18:15:15 2023
Turning off outlets Mon Dec 18 18:23:35 2023
outlets_off FAILURE Mon Dec 18 18:23:35 2023
phys43199.physics.gatech.edu is reachable. -Mon Dec 18 18:30:04 2023
phys43199.physics.gatech.edu is reachable. -Mon Dec 18 18:45:04 2023
phys43199.physics.gatech.edu is reachable. -Mon Dec 18 19:00:05 2023
phys43199.physics.gatech.edu is reachable. -Mon Dec 18 19:15:04 2023
phys43199.physics.gatech.edu is reachable. -Mon Dec 18 19:30:04 2023
phys43199.physics.gatech.edu is reachable. -Mon Dec 18 19:45:04 2023
phys43199.physics.gatech.edu is reachable. -Mon Dec 18 20:00:04 2023
phys43199.physics.gatech.edu is reachable. -Mon Dec 18 20:15:04 2023
phys43199.physics.gatech.edu is reachable. -Mon Dec 18 20:30:04 2023
phys43199.physics.gatech.edu is reachable. -Mon Dec 18 20:45:05 2023
phys43199.physics.gatech.edu is reachable. -Mon Dec 18 21:00:04 2023
phys43199.physics.gatech.edu is reachable. -Mon Dec 18 21:15:05 2023
phys43199.physics.gatech.edu is reachable. -Mon Dec 18 21:30:04 2023
phys43199.physics.gatech.edu is reachable. -Mon Dec 18 21:45:05 2023
phys43199.physics.gatech.edu is reachable. -Mon Dec 18 22:00:04 2023
phys43199.physics.gatech.edu is reachable. -Mon Dec 18 22:15:05 2023
phys43199.physics.gatech.edu is reachable. -Mon Dec 18 22:30:04 2023
phys43199.physics.gatech.edu is reachable. -Mon Dec 18 22:45:05 2023
phys43199.physics.gatech.edu is reachable. -Mon Dec 18 23:00:04 2023
phys43199.physics.gatech.edu is reachable. -Mon Dec 18 23:15:05 2023
phys43199.physics.gatech.edu is reachable. -Mon Dec 18 23:30:04 2023
phys43199.physics.gatech.edu is reachable. -Mon Dec 18 23:45:04 2023
phys43199.physics.gatech.edu is reachable. -Tue Dec 19 00:00:05 2023
phys43199.physics.gatech.edu is reachable. -Tue Dec 19 00:15:04 2023
phys43199.physics.gatech.edu is reachable. -Tue Dec 19 00:30:05 2023
phys43199.physics.gatech.edu is reachable. -Tue Dec 19 00:45:04 2023
phys43199.physics.gatech.edu is reachable. -Tue Dec 19 01:00:05 2023
phys43199.physics.gatech.edu is reachable. -Tue Dec 19 01:15:04 2023
phys43199.physics.gatech.edu is reachable. -Tue Dec 19 01:30:05 2023
phys43199.physics.gatech.edu is reachable. -Tue Dec 19 01:45:04 2023
phys43199.physics.gatech.edu is reachable. -Tue Dec 19 02:00:04 2023
phys43199.physics.gatech.edu is reachable. -Tue Dec 19 02:15:04 2023
phys43199.physics.gatech.edu is reachable. -Tue Dec 19 02:30:04 2023
phys43199.physics.gatech.edu is reachable. -Tue Dec 19 02:45:05 2023
phys43199.physics.gatech.edu is reachable. -Tue Dec 19 03:00:04 2023
phys43199.physics.gatech.edu is reachable. -Tue Dec 19 03:15:05 2023
phys43199.physics.gatech.edu is reachable. -Tue Dec 19 03:30:04 2023
phys43199.physics.gatech.edu is reachable. -Tue Dec 19 03:45:05 2023
phys43199.physics.gatech.edu is reachable. -Tue Dec 19 04:00:04 2023
phys43199.physics.gatech.edu is reachable. -Tue Dec 19 04:15:04 2023
phys43199.physics.gatech.edu is reachable. -Tue Dec 19 04:30:05 2023
phys43199.physics.gatech.edu is reachable. -Tue Dec 19 04:45:04 2023
phys43199.physics.gatech.edu is reachable. -Tue Dec 19 05:00:05 2023
phys43199.physics.gatech.edu is reachable. -Tue Dec 19 05:15:04 2023
phys43199.physics.gatech.edu is reachable. -Tue Dec 19 05:30:04 2023
phys43199.physics.gatech.edu is reachable. -Tue Dec 19 05:45:04 2023
phys43199.physics.gatech.edu is reachable. -Tue Dec 19 06:00:04 2023
phys43199.physics.gatech.edu is reachable. -Tue Dec 19 06:15:04 2023
phys43199.physics.gatech.edu is reachable. -Tue Dec 19 06:30:04 2023
phys43199.physics.gatech.edu is reachable. -Tue Dec 19 06:45:05 2023
phys43199.physics.gatech.edu is reachable. -Tue Dec 19 07:00:04 2023
phys43199.physics.gatech.edu is reachable. -Tue Dec 19 07:15:05 2023
phys43199.physics.gatech.edu is reachable. -Tue Dec 19 07:30:04 2023
phys43199.physics.gatech.edu is reachable. -Tue Dec 19 07:45:05 2023
phys43199.physics.gatech.edu is reachable. -Tue Dec 19 08:00:04 2023
phys43199.physics.gatech.edu is reachable. -Tue Dec 19 08:15:04 2023
phys43199.physics.gatech.edu is reachable. -Tue Dec 19 08:30:04 2023
phys43199.physics.gatech.edu is reachable. -Tue Dec 19 08:45:04 2023
phys43199.physics.gatech.edu is reachable. -Tue Dec 19 09:00:04 2023
phys43199.physics.gatech.edu is reachable. -Tue Dec 19 09:15:04 2023
phys43199.physics.gatech.edu is reachable. -Tue Dec 19 09:30:05 2023
phys43199.physics.gatech.edu is reachable. -Tue Dec 19 09:45:04 2023
phys43199.physics.gatech.edu is reachable. -Tue Dec 19 10:00:05 2023
phys43199.physics.gatech.edu is reachable. -Tue Dec 19 10:15:04 2023
phys43199.physics.gatech.edu is reachable. -Tue Dec 19 10:30:05 2023
phys43199.physics.gatech.edu is reachable. -Tue Dec 19 10:45:04 2023
phys43199.physics.gatech.edu is reachable. -Tue Dec 19 11:00:04 2023
phys43199.physics.gatech.edu is reachable. -Tue Dec 19 11:15:04 2023
phys43199.physics.gatech.edu is reachable. -Tue Dec 19 11:30:04 2023
phys43199.physics.gatech.edu is reachable. -Tue Dec 19 11:45:04 2023
phys43199.physics.gatech.edu is reachable. -Tue Dec 19 12:00:04 2023
phys43199.physics.gatech.edu is reachable. -Tue Dec 19 12:15:05 2023
phys43199.physics.gatech.edu is reachable. -Tue Dec 19 12:30:04 2023
phys43199.physics.gatech.edu is reachable. -Tue Dec 19 12:45:05 2023
phys43199.physics.gatech.edu is reachable. -Tue Dec 19 13:00:04 2023
phys43199.physics.gatech.edu is reachable. -Tue Dec 19 13:15:04 2023
phys43199.physics.gatech.edu is reachable. -Tue Dec 19 13:30:05 2023
phys43199.physics.gatech.edu is reachable. -Tue Dec 19 13:45:04 2023
phys43199.physics.gatech.edu is reachable. -Tue Dec 19 14:00:05 2023
phys43199.physics.gatech.edu is reachable. -Tue Dec 19 14:15:04 2023
phys43199.physics.gatech.edu is reachable. -Tue Dec 19 14:30:05 2023
phys43199.physics.gatech.edu is reachable. -Tue Dec 19 14:45:04 2023
phys43199.physics.gatech.edu is reachable. -Tue Dec 19 15:00:04 2023
phys43199.physics.gatech.edu is reachable. -Tue Dec 19 15:15:05 2023
phys43199.physics.gatech.edu is reachable. -Tue Dec 19 15:30:04 2023
phys43199.physics.gatech.edu is reachable. -Tue Dec 19 15:45:05 2023
phys43199.physics.gatech.edu is reachable. -Tue Dec 19 16:00:04 2023
phys43199.physics.gatech.edu is reachable. -Tue Dec 19 16:15:04 2023
phys43199.physics.gatech.edu is reachable. -Tue Dec 19 16:30:05 2023
phys43199.physics.gatech.edu is reachable. -Tue Dec 19 16:45:04 2023
phys43199.physics.gatech.edu is reachable. -Tue Dec 19 17:00:05 2023
phys43199.physics.gatech.edu is reachable. -Tue Dec 19 17:15:04 2023
phys43199.physics.gatech.edu is reachable. -Tue Dec 19 17:30:05 2023
phys43199.physics.gatech.edu is reachable. -Tue Dec 19 17:45:04 2023
phys43199.physics.gatech.edu is reachable. -Tue Dec 19 18:00:04 2023
phys43199.physics.gatech.edu is reachable. -Tue Dec 19 18:15:05 2023
phys43199.physics.gatech.edu is reachable. -Tue Dec 19 18:30:04 2023
phys43199.physics.gatech.edu is reachable. -Tue Dec 19 18:45:05 2023
phys43199.physics.gatech.edu is reachable. -Tue Dec 19 19:00:04 2023
phys43199.physics.gatech.edu is reachable. -Tue Dec 19 19:15:05 2023
phys43199.physics.gatech.edu is reachable. -Tue Dec 19 19:30:04 2023
phys43199.physics.gatech.edu is reachable. -Tue Dec 19 19:45:04 2023
phys43199.physics.gatech.edu is reachable. -Tue Dec 19 20:00:04 2023
phys43199.physics.gatech.edu is reachable. -Tue Dec 19 20:15:05 2023
phys43199.physics.gatech.edu is reachable. -Tue Dec 19 20:30:04 2023
phys43199.physics.gatech.edu is reachable. -Tue Dec 19 20:45:05 2023
phys43199.physics.gatech.edu is reachable. -Tue Dec 19 21:00:04 2023
phys43199.physics.gatech.edu is reachable. -Tue Dec 19 21:15:04 2023
phys43199.physics.gatech.edu is reachable. -Tue Dec 19 21:30:04 2023
phys43199.physics.gatech.edu is reachable. -Tue Dec 19 21:45:04 2023
phys43199.physics.gatech.edu is reachable. -Tue Dec 19 22:00:05 2023
phys43199.physics.gatech.edu is reachable. -Tue Dec 19 22:15:04 2023
phys43199.physics.gatech.edu is reachable. -Tue Dec 19 22:30:04 2023
phys43199.physics.gatech.edu is reachable. -Tue Dec 19 22:45:04 2023
phys43199.physics.gatech.edu is reachable. -Tue Dec 19 23:00:04 2023
phys43199.physics.gatech.edu is reachable. -Tue Dec 19 23:15:05 2023
phys43199.physics.gatech.edu is reachable. -Tue Dec 19 23:30:04 2023
phys43199.physics.gatech.edu is reachable. -Tue Dec 19 23:45:05 2023
phys43199.physics.gatech.edu is reachable. -Wed Dec 20 00:00:04 2023
phys43199.physics.gatech.edu is reachable. -Wed Dec 20 00:15:04 2023
phys43199.physics.gatech.edu is reachable. -Wed Dec 20 00:30:05 2023
phys43199.physics.gatech.edu is reachable. -Wed Dec 20 00:45:04 2023
phys43199.physics.gatech.edu is reachable. -Wed Dec 20 01:00:05 2023
phys43199.physics.gatech.edu is reachable. -Wed Dec 20 01:15:04 2023
phys43199.physics.gatech.edu is reachable. -Wed Dec 20 01:30:05 2023
phys43199.physics.gatech.edu is reachable. -Wed Dec 20 01:45:04 2023
phys43199.physics.gatech.edu is reachable. -Wed Dec 20 02:00:04 2023
phys43199.physics.gatech.edu is reachable. -Wed Dec 20 02:15:04 2023
phys43199.physics.gatech.edu is reachable. -Wed Dec 20 02:30:04 2023
phys43199.physics.gatech.edu is reachable. -Wed Dec 20 02:45:05 2023
phys43199.physics.gatech.edu is reachable. -Wed Dec 20 03:00:04 2023
phys43199.physics.gatech.edu is reachable. -Wed Dec 20 03:15:05 2023
phys43199.physics.gatech.edu is reachable. -Wed Dec 20 03:30:04 2023
phys43199.physics.gatech.edu is reachable. -Wed Dec 20 03:45:04 2023
phys43199.physics.gatech.edu is reachable. -Wed Dec 20 04:00:04 2023
phys43199.physics.gatech.edu is reachable. -Wed Dec 20 04:15:04 2023
phys43199.physics.gatech.edu is reachable. -Wed Dec 20 04:30:05 2023
phys43199.physics.gatech.edu is reachable. -Wed Dec 20 04:45:04 2023
phys43199.physics.gatech.edu is reachable. -Wed Dec 20 05:00:05 2023
phys43199.physics.gatech.edu is reachable. -Wed Dec 20 05:15:04 2023
phys43199.physics.gatech.edu is reachable. -Wed Dec 20 05:30:04 2023
phys43199.physics.gatech.edu is reachable. -Wed Dec 20 05:45:04 2023
phys43199.physics.gatech.edu is reachable. -Wed Dec 20 06:00:04 2023
phys43199.physics.gatech.edu is reachable. -Wed Dec 20 06:15:04 2023
phys43199.physics.gatech.edu is reachable. -Wed Dec 20 06:30:04 2023
phys43199.physics.gatech.edu is reachable. -Wed Dec 20 06:45:05 2023
phys43199.physics.gatech.edu is reachable. -Wed Dec 20 07:00:04 2023
phys43199.physics.gatech.edu is reachable. -Wed Dec 20 07:15:05 2023
phys43199.physics.gatech.edu is reachable. -Wed Dec 20 07:30:04 2023
phys43199.physics.gatech.edu is reachable. -Wed Dec 20 07:45:05 2023
phys43199.physics.gatech.edu is reachable. -Wed Dec 20 08:00:04 2023
phys43199.physics.gatech.edu is reachable. -Wed Dec 20 08:15:04 2023
phys43199.physics.gatech.edu is reachable. -Wed Dec 20 08:30:05 2023
phys43199.physics.gatech.edu is reachable. -Wed Dec 20 08:45:04 2023
phys43199.physics.gatech.edu is reachable. -Wed Dec 20 09:00:05 2023
phys43199.physics.gatech.edu is reachable. -Wed Dec 20 09:15:04 2023
phys43199.physics.gatech.edu is reachable. -Wed Dec 20 09:30:04 2023
phys43199.physics.gatech.edu is reachable. -Wed Dec 20 09:45:04 2023
phys43199.physics.gatech.edu is reachable. -Wed Dec 20 10:00:04 2023
phys43199.physics.gatech.edu is reachable. -Wed Dec 20 10:15:05 2023
phys43199.physics.gatech.edu is reachable. -Wed Dec 20 10:30:04 2023
phys43199.physics.gatech.edu is reachable. -Wed Dec 20 10:45:04 2023
phys43199.physics.gatech.edu is reachable. -Wed Dec 20 11:00:04 2023
phys43199.physics.gatech.edu is reachable. -Wed Dec 20 11:15:04 2023
phys43199.physics.gatech.edu is reachable. -Wed Dec 20 11:30:05 2023
phys43199.physics.gatech.edu is reachable. -Wed Dec 20 11:45:04 2023
phys43199.physics.gatech.edu is reachable. -Wed Dec 20 12:00:05 2023
phys43199.physics.gatech.edu is reachable. -Wed Dec 20 12:15:04 2023
phys43199.physics.gatech.edu is reachable. -Wed Dec 20 12:30:05 2023
phys43199.physics.gatech.edu is reachable. -Wed Dec 20 12:45:04 2023
phys43199.physics.gatech.edu is reachable. -Wed Dec 20 13:00:05 2023
phys43199.physics.gatech.edu is reachable. -Wed Dec 20 13:15:04 2023
phys43199.physics.gatech.edu is reachable. -Wed Dec 20 13:30:04 2023
phys43199.physics.gatech.edu is reachable. -Wed Dec 20 13:45:04 2023
phys43199.physics.gatech.edu is reachable. -Wed Dec 20 14:00:04 2023
phys43199.physics.gatech.edu is reachable. -Wed Dec 20 14:15:05 2023
phys43199.physics.gatech.edu is reachable. -Wed Dec 20 14:30:04 2023
phys43199.physics.gatech.edu is reachable. -Wed Dec 20 14:45:04 2023
phys43199.physics.gatech.edu is reachable. -Wed Dec 20 15:00:04 2023
phys43199.physics.gatech.edu is reachable. -Wed Dec 20 15:15:04 2023
phys43199.physics.gatech.edu is reachable. -Wed Dec 20 15:30:04 2023
phys43199.physics.gatech.edu is reachable. -Wed Dec 20 15:45:04 2023
phys43199.physics.gatech.edu is reachable. -Wed Dec 20 16:00:05 2023
phys43199.physics.gatech.edu is reachable. -Wed Dec 20 16:15:04 2023
phys43199.physics.gatech.edu is reachable. -Wed Dec 20 16:30:05 2023
phys43199.physics.gatech.edu is reachable. -Wed Dec 20 16:45:04 2023
phys43199.physics.gatech.edu is reachable. -Wed Dec 20 18:45:04 2023
phys43199.physics.gatech.edu is reachable. -Wed Dec 20 19:00:05 2023
phys43199.physics.gatech.edu is reachable. -Wed Dec 20 19:15:04 2023
phys43199.physics.gatech.edu is reachable. -Wed Dec 20 19:30:04 2023
phys43199.physics.gatech.edu is reachable. -Wed Dec 20 19:45:04 2023
phys43199.physics.gatech.edu is reachable. -Wed Dec 20 20:00:04 2023
phys43199.physics.gatech.edu is reachable. -Wed Dec 20 20:15:04 2023
phys43199.physics.gatech.edu is reachable. -Wed Dec 20 20:30:04 2023
phys43199.physics.gatech.edu is reachable. -Wed Dec 20 20:45:05 2023
phys43199.physics.gatech.edu is reachable. -Wed Dec 20 21:00:04 2023
phys43199.physics.gatech.edu is reachable. -Wed Dec 20 21:15:05 2023
phys43199.physics.gatech.edu is reachable. -Wed Dec 20 21:30:04 2023
phys43199.physics.gatech.edu is reachable. -Wed Dec 20 21:45:05 2023
phys43199.physics.gatech.edu is reachable. -Wed Dec 20 22:00:04 2023
phys43199.physics.gatech.edu is reachable. -Wed Dec 20 22:15:05 2023
phys43199.physics.gatech.edu is reachable. -Wed Dec 20 22:30:04 2023
phys43199.physics.gatech.edu is reachable. -Wed Dec 20 22:45:05 2023
phys43199.physics.gatech.edu is reachable. -Wed Dec 20 23:00:04 2023
phys43199.physics.gatech.edu is reachable. -Wed Dec 20 23:15:04 2023
phys43199.physics.gatech.edu is reachable. -Wed Dec 20 23:30:04 2023
phys43199.physics.gatech.edu is reachable. -Wed Dec 20 23:45:04 2023
phys43199.physics.gatech.edu is reachable. -Thu Dec 21 00:00:04 2023
phys43199.physics.gatech.edu is reachable. -Thu Dec 21 00:15:04 2023
phys43199.physics.gatech.edu is reachable. -Thu Dec 21 00:30:05 2023
phys43199.physics.gatech.edu is reachable. -Thu Dec 21 00:45:04 2023
phys43199.physics.gatech.edu is reachable. -Thu Dec 21 01:00:05 2023
phys43199.physics.gatech.edu is reachable. -Thu Dec 21 01:15:04 2023
phys43199.physics.gatech.edu is reachable. -Thu Dec 21 01:30:05 2023
phys43199.physics.gatech.edu is reachable. -Thu Dec 21 01:45:04 2023
phys43199.physics.gatech.edu is reachable. -Thu Dec 21 02:00:05 2023
phys43199.physics.gatech.edu is reachable. -Thu Dec 21 02:15:04 2023
phys43199.physics.gatech.edu is reachable. -Thu Dec 21 02:30:05 2023
phys43199.physics.gatech.edu is reachable. -Thu Dec 21 02:45:04 2023
phys43199.physics.gatech.edu is reachable. -Thu Dec 21 03:00:05 2023
phys43199.physics.gatech.edu is reachable. -Thu Dec 21 03:15:04 2023
phys43199.physics.gatech.edu is reachable. -Thu Dec 21 03:30:04 2023
phys43199.physics.gatech.edu is reachable. -Thu Dec 21 03:45:05 2023
phys43199.physics.gatech.edu is reachable. -Thu Dec 21 04:00:04 2023
phys43199.physics.gatech.edu is reachable. -Thu Dec 21 04:15:05 2023
phys43199.physics.gatech.edu is reachable. -Thu Dec 21 04:30:04 2023
phys43199.physics.gatech.edu is reachable. -Thu Dec 21 04:45:05 2023
phys43199.physics.gatech.edu is reachable. -Thu Dec 21 05:00:04 2023
phys43199.physics.gatech.edu is reachable. -Thu Dec 21 05:15:05 2023
phys43199.physics.gatech.edu is reachable. -Thu Dec 21 05:30:04 2023
phys43199.physics.gatech.edu is reachable. -Thu Dec 21 05:45:05 2023
phys43199.physics.gatech.edu is reachable. -Thu Dec 21 06:00:04 2023
phys43199.physics.gatech.edu is reachable. -Thu Dec 21 06:15:05 2023
phys43199.physics.gatech.edu is reachable. -Thu Dec 21 06:30:04 2023
phys43199.physics.gatech.edu is reachable. -Thu Dec 21 06:45:05 2023
phys43199.physics.gatech.edu is reachable. -Thu Dec 21 07:00:04 2023
phys43199.physics.gatech.edu is reachable. -Thu Dec 21 07:15:04 2023
phys43199.physics.gatech.edu is reachable. -Thu Dec 21 07:30:04 2023
phys43199.physics.gatech.edu is reachable. -Thu Dec 21 07:45:04 2023
phys43199.physics.gatech.edu is reachable. -Thu Dec 21 08:00:04 2023
phys43199.physics.gatech.edu is reachable. -Thu Dec 21 08:15:04 2023
phys43199.physics.gatech.edu is reachable. -Thu Dec 21 08:30:05 2023
phys43199.physics.gatech.edu is reachable. -Thu Dec 21 08:45:04 2023
phys43199.physics.gatech.edu is reachable. -Thu Dec 21 09:00:05 2023
phys43199.physics.gatech.edu is reachable. -Thu Dec 21 09:15:04 2023
phys43199.physics.gatech.edu is reachable. -Thu Dec 21 09:30:05 2023
phys43199.physics.gatech.edu is reachable. -Thu Dec 21 09:45:04 2023
phys43199.physics.gatech.edu is reachable. -Thu Dec 21 10:00:05 2023
phys43199.physics.gatech.edu is reachable. -Thu Dec 21 10:15:04 2023
phys43199.physics.gatech.edu is reachable. -Thu Dec 21 10:30:05 2023
phys43199.physics.gatech.edu is reachable. -Thu Dec 21 10:45:04 2023
phys43199.physics.gatech.edu is reachable. -Thu Dec 21 11:00:05 2023
phys43199.physics.gatech.edu is reachable. -Thu Dec 21 11:15:04 2023
phys43199.physics.gatech.edu is reachable. -Thu Dec 21 11:30:05 2023
phys43199.physics.gatech.edu is reachable. -Thu Dec 21 11:45:04 2023
phys43199.physics.gatech.edu is reachable. -Thu Dec 21 12:00:05 2023
phys43199.physics.gatech.edu is reachable. -Thu Dec 21 12:15:04 2023
phys43199.physics.gatech.edu is reachable. -Thu Dec 21 12:30:04 2023
phys43199.physics.gatech.edu is reachable. -Thu Dec 21 12:45:04 2023
phys43199.physics.gatech.edu is reachable. -Thu Dec 21 13:00:04 2023
phys43199.physics.gatech.edu is reachable. -Thu Dec 21 13:15:05 2023
phys43199.physics.gatech.edu is reachable. -Thu Dec 21 13:30:04 2023
phys43199.physics.gatech.edu is reachable. -Thu Dec 21 13:45:05 2023
phys43199.physics.gatech.edu is reachable. -Thu Dec 21 14:00:04 2023
phys43199.physics.gatech.edu is reachable. -Thu Dec 21 14:15:04 2023
phys43199.physics.gatech.edu is reachable. -Thu Dec 21 14:30:05 2023
phys43199.physics.gatech.edu is reachable. -Thu Dec 21 14:45:04 2023
phys43199.physics.gatech.edu is reachable. -Thu Dec 21 15:00:05 2023
phys43199.physics.gatech.edu is reachable. -Thu Dec 21 15:15:04 2023
phys43199.physics.gatech.edu is reachable. -Thu Dec 21 15:30:04 2023
phys43199.physics.gatech.edu is reachable. -Thu Dec 21 15:45:04 2023
phys43199.physics.gatech.edu is reachable. -Thu Dec 21 16:00:04 2023
phys43199.physics.gatech.edu is reachable. -Thu Dec 21 16:15:04 2023
phys43199.physics.gatech.edu is reachable. -Thu Dec 21 16:30:04 2023
phys43199.physics.gatech.edu is reachable. -Thu Dec 21 16:45:04 2023
phys43199.physics.gatech.edu is reachable. -Thu Dec 21 17:00:04 2023
phys43199.physics.gatech.edu is reachable. -Thu Dec 21 17:15:04 2023
phys43199.physics.gatech.edu is reachable. -Thu Dec 21 17:30:04 2023
phys43199.physics.gatech.edu is reachable. -Thu Dec 21 17:45:04 2023
phys43199.physics.gatech.edu is reachable. -Thu Dec 21 18:00:04 2023
phys43199.physics.gatech.edu is reachable. -Thu Dec 21 18:15:04 2023
phys43199.physics.gatech.edu is reachable. -Thu Dec 21 18:30:04 2023
phys43199.physics.gatech.edu is reachable. -Thu Dec 21 18:45:05 2023
phys43199.physics.gatech.edu is reachable. -Thu Dec 21 19:00:04 2023
phys43199.physics.gatech.edu is reachable. -Thu Dec 21 19:15:05 2023
phys43199.physics.gatech.edu is reachable. -Thu Dec 21 19:30:04 2023
phys43199.physics.gatech.edu is reachable. -Thu Dec 21 19:45:05 2023
phys43199.physics.gatech.edu is reachable. -Thu Dec 21 20:00:04 2023
phys43199.physics.gatech.edu is reachable. -Thu Dec 21 20:15:05 2023
phys43199.physics.gatech.edu is reachable. -Thu Dec 21 20:30:04 2023
phys43199.physics.gatech.edu is reachable. -Thu Dec 21 20:45:04 2023
phys43199.physics.gatech.edu is reachable. -Thu Dec 21 21:00:04 2023
phys43199.physics.gatech.edu is reachable. -Thu Dec 21 21:15:04 2023
phys43199.physics.gatech.edu is reachable. -Thu Dec 21 21:30:04 2023
phys43199.physics.gatech.edu is reachable. -Thu Dec 21 21:45:04 2023
phys43199.physics.gatech.edu is reachable. -Thu Dec 21 22:00:05 2023
phys43199.physics.gatech.edu is reachable. -Thu Dec 21 22:15:04 2023
phys43199.physics.gatech.edu is reachable. -Thu Dec 21 22:30:05 2023
phys43199.physics.gatech.edu is reachable. -Thu Dec 21 22:45:04 2023
phys43199.physics.gatech.edu is reachable. -Thu Dec 21 23:00:04 2023
phys43199.physics.gatech.edu is reachable. -Thu Dec 21 23:15:05 2023
phys43199.physics.gatech.edu is reachable. -Thu Dec 21 23:30:04 2023
phys43199.physics.gatech.edu is reachable. -Thu Dec 21 23:45:05 2023
phys43199.physics.gatech.edu is reachable. -Fri Dec 22 00:00:04 2023
phys43199.physics.gatech.edu is reachable. -Fri Dec 22 00:15:04 2023
phys43199.physics.gatech.edu is reachable. -Fri Dec 22 00:30:05 2023
phys43199.physics.gatech.edu is reachable. -Fri Dec 22 00:45:04 2023
phys43199.physics.gatech.edu is reachable. -Fri Dec 22 01:00:05 2023
phys43199.physics.gatech.edu is reachable. -Fri Dec 22 01:15:04 2023
phys43199.physics.gatech.edu is reachable. -Fri Dec 22 01:30:05 2023
phys43199.physics.gatech.edu is reachable. -Fri Dec 22 01:45:04 2023
phys43199.physics.gatech.edu is reachable. -Fri Dec 22 02:00:04 2023
phys43199.physics.gatech.edu is reachable. -Fri Dec 22 02:15:04 2023
phys43199.physics.gatech.edu is reachable. -Fri Dec 22 02:30:04 2023
phys43199.physics.gatech.edu is reachable. -Fri Dec 22 02:45:04 2023
phys43199.physics.gatech.edu is reachable. -Fri Dec 22 03:00:04 2023
phys43199.physics.gatech.edu is reachable. -Fri Dec 22 03:15:04 2023
phys43199.physics.gatech.edu is reachable. -Fri Dec 22 03:30:04 2023
phys43199.physics.gatech.edu is reachable. -Fri Dec 22 03:45:05 2023
phys43199.physics.gatech.edu is reachable. -Fri Dec 22 04:00:04 2023
phys43199.physics.gatech.edu is reachable. -Fri Dec 22 04:15:05 2023
phys43199.physics.gatech.edu is reachable. -Fri Dec 22 04:30:04 2023
phys43199.physics.gatech.edu is reachable. -Fri Dec 22 04:45:04 2023
phys43199.physics.gatech.edu is reachable. -Fri Dec 22 05:00:05 2023
phys43199.physics.gatech.edu is reachable. -Fri Dec 22 05:15:04 2023
phys43199.physics.gatech.edu is reachable. -Fri Dec 22 05:30:05 2023
phys43199.physics.gatech.edu is reachable. -Fri Dec 22 05:45:04 2023
phys43199.physics.gatech.edu is reachable. -Fri Dec 22 06:00:05 2023
phys43199.physics.gatech.edu is reachable. -Fri Dec 22 06:15:04 2023
phys43199.physics.gatech.edu is reachable. -Fri Dec 22 06:30:04 2023
phys43199.physics.gatech.edu is reachable. -Fri Dec 22 06:45:04 2023
phys43199.physics.gatech.edu is reachable. -Fri Dec 22 07:00:04 2023
phys43199.physics.gatech.edu is reachable. -Fri Dec 22 07:15:05 2023
phys43199.physics.gatech.edu is reachable. -Fri Dec 22 07:30:04 2023
phys43199.physics.gatech.edu is reachable. -Fri Dec 22 07:45:05 2023
phys43199.physics.gatech.edu is reachable. -Fri Dec 22 08:00:04 2023
phys43199.physics.gatech.edu is reachable. -Fri Dec 22 08:15:05 2023
phys43199.physics.gatech.edu is reachable. -Fri Dec 22 08:30:04 2023
phys43199.physics.gatech.edu is reachable. -Fri Dec 22 08:45:05 2023
phys43199.physics.gatech.edu is reachable. -Fri Dec 22 09:00:04 2023
phys43199.physics.gatech.edu is reachable. -Fri Dec 22 09:15:05 2023
phys43199.physics.gatech.edu is reachable. -Fri Dec 22 09:30:04 2023
phys43199.physics.gatech.edu is reachable. -Fri Dec 22 09:45:04 2023
phys43199.physics.gatech.edu is reachable. -Fri Dec 22 10:00:05 2023
phys43199.physics.gatech.edu is reachable. -Fri Dec 22 10:15:04 2023
phys43199.physics.gatech.edu is reachable. -Fri Dec 22 10:30:05 2023
phys43199.physics.gatech.edu is reachable. -Fri Dec 22 10:45:04 2023
phys43199.physics.gatech.edu is reachable. -Fri Dec 22 11:00:04 2023
phys43199.physics.gatech.edu is reachable. -Fri Dec 22 11:15:05 2023
phys43199.physics.gatech.edu is reachable. -Fri Dec 22 11:30:04 2023
phys43199.physics.gatech.edu is reachable. -Fri Dec 22 11:45:05 2023
phys43199.physics.gatech.edu is reachable. -Fri Dec 22 12:00:04 2023
phys43199.physics.gatech.edu is reachable. -Fri Dec 22 12:15:04 2023
phys43199.physics.gatech.edu is reachable. -Fri Dec 22 12:30:04 2023
phys43199.physics.gatech.edu is reachable. -Fri Dec 22 12:45:04 2023
phys43199.physics.gatech.edu is reachable. -Fri Dec 22 13:00:04 2023
phys43199.physics.gatech.edu is reachable. -Fri Dec 22 13:15:04 2023
phys43199.physics.gatech.edu is reachable. -Fri Dec 22 13:30:05 2023
phys43199.physics.gatech.edu is reachable. -Fri Dec 22 13:45:04 2023
phys43199.physics.gatech.edu is reachable. -Fri Dec 22 14:00:05 2023
phys43199.physics.gatech.edu is reachable. -Fri Dec 22 14:15:04 2023
phys43199.physics.gatech.edu is reachable. -Fri Dec 22 14:30:05 2023
phys43199.physics.gatech.edu is reachable. -Fri Dec 22 14:45:04 2023
phys43199.physics.gatech.edu is reachable. -Fri Dec 22 15:00:05 2023
phys43199.physics.gatech.edu is reachable. -Fri Dec 22 15:15:04 2023
phys43199.physics.gatech.edu is reachable. -Fri Dec 22 15:30:04 2023
phys43199.physics.gatech.edu is reachable. -Fri Dec 22 15:45:05 2023
phys43199.physics.gatech.edu is reachable. -Fri Dec 22 16:00:04 2023
phys43199.physics.gatech.edu is reachable. -Fri Dec 22 16:15:05 2023
phys43199.physics.gatech.edu is reachable. -Fri Dec 22 16:30:04 2023
phys43199.physics.gatech.edu is reachable. -Fri Dec 22 16:45:04 2023
phys43199.physics.gatech.edu is reachable. -Fri Dec 22 17:00:04 2023
phys43199.physics.gatech.edu is reachable. -Fri Dec 22 17:15:04 2023
phys43199.physics.gatech.edu is reachable. -Fri Dec 22 17:30:04 2023
phys43199.physics.gatech.edu is reachable. -Fri Dec 22 17:45:04 2023
phys43199.physics.gatech.edu is reachable. -Fri Dec 22 18:00:04 2023
phys43199.physics.gatech.edu is reachable. -Fri Dec 22 18:15:04 2023
phys43199.physics.gatech.edu is reachable. -Fri Dec 22 18:30:05 2023
phys43199.physics.gatech.edu is reachable. -Fri Dec 22 18:45:04 2023
phys43199.physics.gatech.edu is reachable. -Fri Dec 22 19:00:05 2023
phys43199.physics.gatech.edu is reachable. -Fri Dec 22 19:15:04 2023
phys43199.physics.gatech.edu is reachable. -Fri Dec 22 19:30:04 2023
phys43199.physics.gatech.edu is reachable. -Fri Dec 22 19:45:04 2023
phys43199.physics.gatech.edu is reachable. -Fri Dec 22 20:00:04 2023
phys43199.physics.gatech.edu is reachable. -Fri Dec 22 20:15:05 2023
phys43199.physics.gatech.edu is reachable. -Fri Dec 22 20:30:04 2023
phys43199.physics.gatech.edu is reachable. -Fri Dec 22 20:45:05 2023
phys43199.physics.gatech.edu is reachable. -Fri Dec 22 21:00:04 2023
phys43199.physics.gatech.edu is reachable. -Fri Dec 22 21:15:05 2023
phys43199.physics.gatech.edu is reachable. -Fri Dec 22 21:30:04 2023
phys43199.physics.gatech.edu is reachable. -Fri Dec 22 21:45:05 2023
phys43199.physics.gatech.edu is reachable. -Fri Dec 22 22:00:04 2023
phys43199.physics.gatech.edu is reachable. -Fri Dec 22 22:15:04 2023
phys43199.physics.gatech.edu is reachable. -Fri Dec 22 22:30:04 2023
phys43199.physics.gatech.edu is reachable. -Fri Dec 22 22:45:04 2023
phys43199.physics.gatech.edu is reachable. -Fri Dec 22 23:00:05 2023
phys43199.physics.gatech.edu is reachable. -Fri Dec 22 23:15:04 2023
phys43199.physics.gatech.edu is reachable. -Fri Dec 22 23:30:05 2023
phys43199.physics.gatech.edu is reachable. -Fri Dec 22 23:45:04 2023
phys43199.physics.gatech.edu is reachable. -Sat Dec 23 00:00:05 2023
phys43199.physics.gatech.edu is reachable. -Sat Dec 23 00:15:04 2023
phys43199.physics.gatech.edu is reachable. -Sat Dec 23 00:30:05 2023
phys43199.physics.gatech.edu is reachable. -Sat Dec 23 00:45:05 2023
phys43199.physics.gatech.edu is reachable. -Sat Dec 23 01:00:04 2023
phys43199.physics.gatech.edu is reachable. -Sat Dec 23 01:15:05 2023
phys43199.physics.gatech.edu is reachable. -Sat Dec 23 01:30:04 2023
phys43199.physics.gatech.edu is reachable. -Sat Dec 23 01:45:05 2023
phys43199.physics.gatech.edu is reachable. -Sat Dec 23 02:00:04 2023
phys43199.physics.gatech.edu is reachable. -Sat Dec 23 02:15:04 2023
phys43199.physics.gatech.edu is reachable. -Sat Dec 23 02:30:05 2023
phys43199.physics.gatech.edu is reachable. -Sat Dec 23 02:45:04 2023
phys43199.physics.gatech.edu is reachable. -Sat Dec 23 03:00:05 2023
phys43199.physics.gatech.edu is reachable. -Sat Dec 23 03:15:04 2023
phys43199.physics.gatech.edu is reachable. -Sat Dec 23 03:30:05 2023
phys43199.physics.gatech.edu is reachable. -Sat Dec 23 03:45:04 2023
phys43199.physics.gatech.edu is reachable. -Sat Dec 23 04:00:05 2023
phys43199.physics.gatech.edu is reachable. -Sat Dec 23 04:15:04 2023
phys43199.physics.gatech.edu is reachable. -Sat Dec 23 04:30:05 2023
phys43199.physics.gatech.edu is reachable. -Sat Dec 23 04:45:04 2023
phys43199.physics.gatech.edu is reachable. -Sat Dec 23 05:00:05 2023
phys43199.physics.gatech.edu is reachable. -Sat Dec 23 05:15:04 2023
phys43199.physics.gatech.edu is reachable. -Sat Dec 23 05:30:04 2023
phys43199.physics.gatech.edu is reachable. -Sat Dec 23 05:45:04 2023
phys43199.physics.gatech.edu is reachable. -Sat Dec 23 06:00:04 2023
phys43199.physics.gatech.edu is reachable. -Sat Dec 23 06:15:05 2023
phys43199.physics.gatech.edu is reachable. -Sat Dec 23 06:30:04 2023
phys43199.physics.gatech.edu is reachable. -Sat Dec 23 06:45:05 2023
phys43199.physics.gatech.edu is reachable. -Sat Dec 23 07:00:04 2023
phys43199.physics.gatech.edu is reachable. -Sat Dec 23 07:15:05 2023
phys43199.physics.gatech.edu is reachable. -Sat Dec 23 07:30:04 2023
phys43199.physics.gatech.edu is reachable. -Sat Dec 23 07:45:04 2023
phys43199.physics.gatech.edu is reachable. -Sat Dec 23 08:00:04 2023
phys43199.physics.gatech.edu is reachable. -Sat Dec 23 08:15:04 2023
phys43199.physics.gatech.edu is reachable. -Sat Dec 23 08:30:05 2023
phys43199.physics.gatech.edu is reachable. -Sat Dec 23 08:45:04 2023
phys43199.physics.gatech.edu is reachable. -Sat Dec 23 09:00:05 2023
phys43199.physics.gatech.edu is reachable. -Sat Dec 23 09:15:04 2023
phys43199.physics.gatech.edu is reachable. -Sat Dec 23 09:30:05 2023
phys43199.physics.gatech.edu is reachable. -Sat Dec 23 09:45:04 2023
phys43199.physics.gatech.edu is reachable. -Sat Dec 23 10:00:05 2023
phys43199.physics.gatech.edu is reachable. -Sat Dec 23 10:15:04 2023
phys43199.physics.gatech.edu is reachable. -Sat Dec 23 10:30:04 2023
phys43199.physics.gatech.edu is reachable. -Sat Dec 23 10:45:05 2023
phys43199.physics.gatech.edu is reachable. -Sat Dec 23 11:00:04 2023
phys43199.physics.gatech.edu is reachable. -Sat Dec 23 11:15:05 2023
phys43199.physics.gatech.edu is reachable. -Sat Dec 23 11:30:04 2023
phys43199.physics.gatech.edu is reachable. -Sat Dec 23 11:45:05 2023
phys43199.physics.gatech.edu is reachable. -Sat Dec 23 12:00:04 2023
phys43199.physics.gatech.edu is reachable. -Sat Dec 23 12:15:05 2023
phys43199.physics.gatech.edu is reachable. -Sat Dec 23 12:30:04 2023
phys43199.physics.gatech.edu is reachable. -Sat Dec 23 12:45:04 2023
phys43199.physics.gatech.edu is reachable. -Sat Dec 23 13:00:05 2023
phys43199.physics.gatech.edu is reachable. -Sat Dec 23 13:15:04 2023
phys43199.physics.gatech.edu is reachable. -Sat Dec 23 13:30:05 2023
phys43199.physics.gatech.edu is reachable. -Sat Dec 23 13:45:04 2023
phys43199.physics.gatech.edu is reachable. -Sat Dec 23 14:00:05 2023
phys43199.physics.gatech.edu is reachable. -Sat Dec 23 14:15:04 2023
phys43199.physics.gatech.edu is reachable. -Sat Dec 23 14:30:04 2023
phys43199.physics.gatech.edu is reachable. -Sat Dec 23 14:45:04 2023
phys43199.physics.gatech.edu is reachable. -Sat Dec 23 15:00:04 2023
phys43199.physics.gatech.edu is reachable. -Sat Dec 23 15:15:04 2023
phys43199.physics.gatech.edu is reachable. -Sat Dec 23 15:30:04 2023
phys43199.physics.gatech.edu is reachable. -Sat Dec 23 15:45:04 2023
phys43199.physics.gatech.edu is reachable. -Sat Dec 23 16:00:04 2023
phys43199.physics.gatech.edu is reachable. -Sat Dec 23 16:15:05 2023
phys43199.physics.gatech.edu is reachable. -Sat Dec 23 16:30:04 2023
phys43199.physics.gatech.edu is reachable. -Sat Dec 23 16:45:05 2023
phys43199.physics.gatech.edu is reachable. -Sat Dec 23 17:00:04 2023
phys43199.physics.gatech.edu is reachable. -Sat Dec 23 17:15:05 2023
phys43199.physics.gatech.edu is reachable. -Sat Dec 23 17:30:04 2023
phys43199.physics.gatech.edu is reachable. -Sat Dec 23 17:45:04 2023
phys43199.physics.gatech.edu is reachable. -Sat Dec 23 18:00:04 2023
phys43199.physics.gatech.edu is reachable. -Sat Dec 23 18:15:04 2023
phys43199.physics.gatech.edu is reachable. -Sat Dec 23 18:30:05 2023
phys43199.physics.gatech.edu is reachable. -Sat Dec 23 18:45:04 2023
phys43199.physics.gatech.edu is reachable. -Sat Dec 23 19:00:04 2023
phys43199.physics.gatech.edu is reachable. -Sat Dec 23 19:15:04 2023
phys43199.physics.gatech.edu is reachable. -Sat Dec 23 19:30:04 2023
phys43199.physics.gatech.edu is reachable. -Sat Dec 23 19:45:04 2023
phys43199.physics.gatech.edu is reachable. -Sat Dec 23 20:00:04 2023
phys43199.physics.gatech.edu is reachable. -Sat Dec 23 20:15:04 2023
phys43199.physics.gatech.edu is reachable. -Sat Dec 23 20:30:04 2023
phys43199.physics.gatech.edu is reachable. -Sat Dec 23 20:45:04 2023
phys43199.physics.gatech.edu is reachable. -Sat Dec 23 21:00:05 2023
phys43199.physics.gatech.edu is reachable. -Sat Dec 23 21:15:04 2023
phys43199.physics.gatech.edu is reachable. -Sat Dec 23 21:30:05 2023
phys43199.physics.gatech.edu is reachable. -Sat Dec 23 21:45:04 2023
phys43199.physics.gatech.edu is reachable. -Sat Dec 23 22:00:05 2023
phys43199.physics.gatech.edu is reachable. -Sat Dec 23 22:15:04 2023
phys43199.physics.gatech.edu is reachable. -Sat Dec 23 22:30:05 2023
phys43199.physics.gatech.edu is reachable. -Sat Dec 23 22:45:04 2023
phys43199.physics.gatech.edu is reachable. -Sat Dec 23 23:00:04 2023
phys43199.physics.gatech.edu is reachable. -Sat Dec 23 23:15:04 2023
phys43199.physics.gatech.edu is reachable. -Sat Dec 23 23:30:04 2023
phys43199.physics.gatech.edu is reachable. -Sat Dec 23 23:45:05 2023
phys43199.physics.gatech.edu is reachable. -Sun Dec 24 00:00:04 2023
phys43199.physics.gatech.edu is reachable. -Sun Dec 24 00:15:05 2023
phys43199.physics.gatech.edu is reachable. -Sun Dec 24 00:30:04 2023
phys43199.physics.gatech.edu is reachable. -Sun Dec 24 00:45:05 2023
phys43199.physics.gatech.edu is reachable. -Sun Dec 24 01:00:04 2023
phys43199.physics.gatech.edu is reachable. -Sun Dec 24 01:15:05 2023
phys43199.physics.gatech.edu is reachable. -Sun Dec 24 01:30:04 2023
phys43199.physics.gatech.edu is reachable. -Sun Dec 24 01:45:04 2023
phys43199.physics.gatech.edu is reachable. -Sun Dec 24 02:00:04 2023
phys43199.physics.gatech.edu is reachable. -Sun Dec 24 02:15:04 2023
phys43199.physics.gatech.edu is reachable. -Sun Dec 24 02:30:05 2023
phys43199.physics.gatech.edu is reachable. -Sun Dec 24 02:45:04 2023
phys43199.physics.gatech.edu is reachable. -Sun Dec 24 03:00:04 2023
phys43199.physics.gatech.edu is reachable. -Sun Dec 24 03:15:04 2023
phys43199.physics.gatech.edu is reachable. -Sun Dec 24 03:30:04 2023
phys43199.physics.gatech.edu is reachable. -Sun Dec 24 03:45:04 2023
phys43199.physics.gatech.edu is reachable. -Sun Dec 24 04:00:04 2023
phys43199.physics.gatech.edu is reachable. -Sun Dec 24 04:15:04 2023
phys43199.physics.gatech.edu is reachable. -Sun Dec 24 04:30:04 2023
phys43199.physics.gatech.edu is reachable. -Sun Dec 24 04:45:04 2023
phys43199.physics.gatech.edu is reachable. -Sun Dec 24 05:00:04 2023
phys43199.physics.gatech.edu is reachable. -Sun Dec 24 05:15:04 2023
phys43199.physics.gatech.edu is reachable. -Sun Dec 24 05:30:04 2023
phys43199.physics.gatech.edu is reachable. -Sun Dec 24 05:45:05 2023
phys43199.physics.gatech.edu is reachable. -Sun Dec 24 06:00:04 2023
phys43199.physics.gatech.edu is reachable. -Sun Dec 24 06:15:05 2023
phys43199.physics.gatech.edu is reachable. -Sun Dec 24 06:30:04 2023
phys43199.physics.gatech.edu is reachable. -Sun Dec 24 06:45:04 2023
phys43199.physics.gatech.edu is reachable. -Sun Dec 24 07:00:05 2023
phys43199.physics.gatech.edu is reachable. -Sun Dec 24 07:15:04 2023
phys43199.physics.gatech.edu is reachable. -Sun Dec 24 07:30:05 2023
phys43199.physics.gatech.edu is reachable. -Sun Dec 24 07:45:04 2023
phys43199.physics.gatech.edu is reachable. -Sun Dec 24 08:00:05 2023
phys43199.physics.gatech.edu is reachable. -Sun Dec 24 08:15:04 2023
phys43199.physics.gatech.edu is reachable. -Sun Dec 24 08:30:05 2023
phys43199.physics.gatech.edu is reachable. -Sun Dec 24 08:45:04 2023
phys43199.physics.gatech.edu is reachable. -Sun Dec 24 09:00:05 2023
phys43199.physics.gatech.edu is reachable. -Sun Dec 24 09:15:04 2023
phys43199.physics.gatech.edu is reachable. -Sun Dec 24 09:30:05 2023
phys43199.physics.gatech.edu is reachable. -Sun Dec 24 09:45:04 2023
phys43199.physics.gatech.edu is reachable. -Sun Dec 24 10:00:04 2023
phys43199.physics.gatech.edu is reachable. -Sun Dec 24 10:15:04 2023
phys43199.physics.gatech.edu is reachable. -Sun Dec 24 10:30:04 2023
phys43199.physics.gatech.edu is reachable. -Sun Dec 24 10:45:04 2023
phys43199.physics.gatech.edu is reachable. -Sun Dec 24 11:00:04 2023
phys43199.physics.gatech.edu is reachable. -Sun Dec 24 11:15:05 2023
phys43199.physics.gatech.edu is reachable. -Sun Dec 24 11:30:04 2023
phys43199.physics.gatech.edu is reachable. -Sun Dec 24 11:45:05 2023
phys43199.physics.gatech.edu is reachable. -Sun Dec 24 12:00:04 2023
phys43199.physics.gatech.edu is reachable. -Sun Dec 24 12:15:05 2023
phys43199.physics.gatech.edu is reachable. -Sun Dec 24 12:30:04 2023
phys43199.physics.gatech.edu is reachable. -Sun Dec 24 12:45:05 2023
phys43199.physics.gatech.edu is reachable. -Sun Dec 24 13:00:04 2023
phys43199.physics.gatech.edu is reachable. -Sun Dec 24 13:15:04 2023
phys43199.physics.gatech.edu is reachable. -Sun Dec 24 13:30:04 2023
phys43199.physics.gatech.edu is reachable. -Sun Dec 24 13:45:04 2023
phys43199.physics.gatech.edu is reachable. -Sun Dec 24 14:00:05 2023
phys43199.physics.gatech.edu is reachable. -Sun Dec 24 14:15:04 2023
phys43199.physics.gatech.edu is reachable. -Sun Dec 24 14:30:05 2023
phys43199.physics.gatech.edu is reachable. -Sun Dec 24 14:45:04 2023
phys43199.physics.gatech.edu is reachable. -Sun Dec 24 15:00:04 2023
phys43199.physics.gatech.edu is reachable. -Sun Dec 24 15:15:04 2023
phys43199.physics.gatech.edu is reachable. -Sun Dec 24 15:30:04 2023
phys43199.physics.gatech.edu is reachable. -Sun Dec 24 15:45:04 2023
phys43199.physics.gatech.edu is reachable. -Sun Dec 24 16:00:04 2023
phys43199.physics.gatech.edu is reachable. -Sun Dec 24 16:15:05 2023
phys43199.physics.gatech.edu is reachable. -Sun Dec 24 16:30:04 2023
phys43199.physics.gatech.edu is reachable. -Sun Dec 24 16:45:05 2023
phys43199.physics.gatech.edu is reachable. -Sun Dec 24 17:00:04 2023
phys43199.physics.gatech.edu is reachable. -Sun Dec 24 17:15:05 2023
phys43199.physics.gatech.edu is reachable. -Sun Dec 24 17:30:04 2023
phys43199.physics.gatech.edu is reachable. -Sun Dec 24 17:45:04 2023
phys43199.physics.gatech.edu is reachable. -Sun Dec 24 18:00:04 2023
phys43199.physics.gatech.edu is reachable. -Sun Dec 24 18:15:05 2023
phys43199.physics.gatech.edu is reachable. -Sun Dec 24 18:30:04 2023
phys43199.physics.gatech.edu is reachable. -Sun Dec 24 18:45:05 2023
phys43199.physics.gatech.edu is reachable. -Sun Dec 24 19:00:04 2023
phys43199.physics.gatech.edu is reachable. -Sun Dec 24 19:15:04 2023
phys43199.physics.gatech.edu is reachable. -Sun Dec 24 19:30:05 2023
phys43199.physics.gatech.edu is reachable. -Sun Dec 24 19:45:04 2023
phys43199.physics.gatech.edu is reachable. -Sun Dec 24 20:00:04 2023
phys43199.physics.gatech.edu is reachable. -Sun Dec 24 20:15:04 2023
phys43199.physics.gatech.edu is reachable. -Sun Dec 24 20:30:04 2023
phys43199.physics.gatech.edu is reachable. -Sun Dec 24 20:45:05 2023
phys43199.physics.gatech.edu is reachable. -Sun Dec 24 21:00:04 2023
phys43199.physics.gatech.edu is reachable. -Sun Dec 24 21:15:04 2023
phys43199.physics.gatech.edu is reachable. -Sun Dec 24 21:30:04 2023
phys43199.physics.gatech.edu is reachable. -Sun Dec 24 21:45:04 2023
phys43199.physics.gatech.edu is reachable. -Sun Dec 24 22:00:05 2023
phys43199.physics.gatech.edu is reachable. -Sun Dec 24 22:15:05 2023
phys43199.physics.gatech.edu is reachable. -Sun Dec 24 22:30:04 2023
phys43199.physics.gatech.edu is reachable. -Sun Dec 24 22:45:05 2023
phys43199.physics.gatech.edu is reachable. -Sun Dec 24 23:00:04 2023
phys43199.physics.gatech.edu is reachable. -Sun Dec 24 23:15:04 2023
phys43199.physics.gatech.edu is reachable. -Sun Dec 24 23:30:05 2023
phys43199.physics.gatech.edu is reachable. -Sun Dec 24 23:45:04 2023
phys43199.physics.gatech.edu is reachable. -Mon Dec 25 00:00:05 2023
phys43199.physics.gatech.edu is reachable. -Mon Dec 25 00:15:04 2023
phys43199.physics.gatech.edu is reachable. -Mon Dec 25 00:30:04 2023
phys43199.physics.gatech.edu is reachable. -Mon Dec 25 00:45:04 2023
phys43199.physics.gatech.edu is reachable. -Mon Dec 25 01:00:04 2023
phys43199.physics.gatech.edu is reachable. -Mon Dec 25 01:15:05 2023
phys43199.physics.gatech.edu is reachable. -Mon Dec 25 01:30:04 2023
phys43199.physics.gatech.edu is reachable. -Mon Dec 25 01:45:04 2023
phys43199.physics.gatech.edu is reachable. -Mon Dec 25 02:00:04 2023
phys43199.physics.gatech.edu is reachable. -Mon Dec 25 02:15:04 2023
phys43199.physics.gatech.edu is reachable. -Mon Dec 25 02:30:04 2023
phys43199.physics.gatech.edu is reachable. -Mon Dec 25 02:45:05 2023
phys43199.physics.gatech.edu is reachable. -Mon Dec 25 03:00:04 2023
phys43199.physics.gatech.edu is reachable. -Mon Dec 25 03:15:05 2023
phys43199.physics.gatech.edu is reachable. -Mon Dec 25 03:30:04 2023
phys43199.physics.gatech.edu is reachable. -Mon Dec 25 03:45:05 2023
phys43199.physics.gatech.edu is reachable. -Mon Dec 25 04:00:04 2023
phys43199.physics.gatech.edu is reachable. -Mon Dec 25 04:15:05 2023
phys43199.physics.gatech.edu is reachable. -Mon Dec 25 04:30:04 2023
phys43199.physics.gatech.edu is reachable. -Mon Dec 25 04:45:04 2023
phys43199.physics.gatech.edu is reachable. -Mon Dec 25 05:00:04 2023
phys43199.physics.gatech.edu is reachable. -Mon Dec 25 05:15:04 2023
phys43199.physics.gatech.edu is reachable. -Mon Dec 25 05:30:04 2023
phys43199.physics.gatech.edu is reachable. -Mon Dec 25 05:45:04 2023
phys43199.physics.gatech.edu is reachable. -Mon Dec 25 06:00:05 2023
phys43199.physics.gatech.edu is reachable. -Mon Dec 25 06:15:04 2023
phys43199.physics.gatech.edu is reachable. -Mon Dec 25 06:30:05 2023
phys43199.physics.gatech.edu is reachable. -Mon Dec 25 06:45:04 2023
phys43199.physics.gatech.edu is reachable. -Mon Dec 25 07:00:04 2023
phys43199.physics.gatech.edu is reachable. -Mon Dec 25 07:15:04 2023
phys43199.physics.gatech.edu is reachable. -Mon Dec 25 07:30:04 2023
phys43199.physics.gatech.edu is reachable. -Mon Dec 25 07:45:04 2023
phys43199.physics.gatech.edu is reachable. -Mon Dec 25 08:00:04 2023
phys43199.physics.gatech.edu is reachable. -Mon Dec 25 08:15:05 2023
phys43199.physics.gatech.edu is reachable. -Mon Dec 25 08:30:04 2023
phys43199.physics.gatech.edu is reachable. -Mon Dec 25 08:45:05 2023
phys43199.physics.gatech.edu is reachable. -Mon Dec 25 09:00:04 2023
phys43199.physics.gatech.edu is reachable. -Mon Dec 25 09:15:04 2023
phys43199.physics.gatech.edu is reachable. -Mon Dec 25 09:30:04 2023
phys43199.physics.gatech.edu is reachable. -Mon Dec 25 09:45:04 2023
phys43199.physics.gatech.edu is reachable. -Mon Dec 25 10:00:05 2023
phys43199.physics.gatech.edu is reachable. -Mon Dec 25 10:15:04 2023
phys43199.physics.gatech.edu is reachable. -Mon Dec 25 10:30:05 2023
phys43199.physics.gatech.edu is reachable. -Mon Dec 25 10:45:04 2023
phys43199.physics.gatech.edu is reachable. -Mon Dec 25 11:00:04 2023
phys43199.physics.gatech.edu is reachable. -Mon Dec 25 11:15:05 2023
phys43199.physics.gatech.edu is reachable. -Mon Dec 25 11:30:04 2023
phys43199.physics.gatech.edu is reachable. -Mon Dec 25 11:45:05 2023
phys43199.physics.gatech.edu is reachable. -Mon Dec 25 12:00:04 2023
phys43199.physics.gatech.edu is reachable. -Mon Dec 25 12:15:04 2023
phys43199.physics.gatech.edu is reachable. -Mon Dec 25 12:30:05 2023
phys43199.physics.gatech.edu is reachable. -Mon Dec 25 12:45:04 2023
phys43199.physics.gatech.edu is reachable. -Mon Dec 25 13:00:04 2023
phys43199.physics.gatech.edu is reachable. -Mon Dec 25 13:15:05 2023
phys43199.physics.gatech.edu is reachable. -Mon Dec 25 13:30:04 2023
phys43199.physics.gatech.edu is reachable. -Mon Dec 25 13:45:05 2023
phys43199.physics.gatech.edu is reachable. -Mon Dec 25 14:00:04 2023
phys43199.physics.gatech.edu is reachable. -Mon Dec 25 14:15:04 2023
phys43199.physics.gatech.edu is reachable. -Mon Dec 25 14:30:05 2023
phys43199.physics.gatech.edu is reachable. -Mon Dec 25 14:45:04 2023
phys43199.physics.gatech.edu is reachable. -Mon Dec 25 15:00:05 2023
phys43199.physics.gatech.edu is reachable. -Mon Dec 25 15:15:04 2023
phys43199.physics.gatech.edu is reachable. -Mon Dec 25 15:30:04 2023
phys43199.physics.gatech.edu is reachable. -Mon Dec 25 15:45:05 2023
phys43199.physics.gatech.edu is reachable. -Mon Dec 25 16:00:04 2023
phys43199.physics.gatech.edu is reachable. -Mon Dec 25 16:15:05 2023
phys43199.physics.gatech.edu is reachable. -Mon Dec 25 16:30:04 2023
phys43199.physics.gatech.edu is reachable. -Mon Dec 25 16:45:04 2023
phys43199.physics.gatech.edu is reachable. -Mon Dec 25 17:00:05 2023
phys43199.physics.gatech.edu is reachable. -Mon Dec 25 17:15:04 2023
phys43199.physics.gatech.edu is reachable. -Mon Dec 25 17:30:05 2023
phys43199.physics.gatech.edu is reachable. -Mon Dec 25 17:45:04 2023
phys43199.physics.gatech.edu is reachable. -Mon Dec 25 18:00:05 2023
phys43199.physics.gatech.edu is reachable. -Mon Dec 25 18:15:04 2023
phys43199.physics.gatech.edu is reachable. -Mon Dec 25 18:30:04 2023
phys43199.physics.gatech.edu is reachable. -Mon Dec 25 18:45:04 2023
phys43199.physics.gatech.edu is reachable. -Mon Dec 25 19:00:04 2023
phys43199.physics.gatech.edu is reachable. -Mon Dec 25 19:15:04 2023
phys43199.physics.gatech.edu is reachable. -Mon Dec 25 19:30:04 2023
phys43199.physics.gatech.edu is reachable. -Mon Dec 25 19:45:04 2023
phys43199.physics.gatech.edu is reachable. -Mon Dec 25 20:00:04 2023
phys43199.physics.gatech.edu is reachable. -Mon Dec 25 20:15:04 2023
phys43199.physics.gatech.edu is reachable. -Mon Dec 25 20:30:04 2023
phys43199.physics.gatech.edu is reachable. -Mon Dec 25 20:45:05 2023
phys43199.physics.gatech.edu is reachable. -Mon Dec 25 21:00:04 2023
phys43199.physics.gatech.edu is reachable. -Mon Dec 25 21:15:05 2023
phys43199.physics.gatech.edu is reachable. -Mon Dec 25 21:30:04 2023
phys43199.physics.gatech.edu is reachable. -Mon Dec 25 21:45:05 2023
phys43199.physics.gatech.edu is reachable. -Mon Dec 25 22:00:04 2023
phys43199.physics.gatech.edu is reachable. -Mon Dec 25 22:15:05 2023
phys43199.physics.gatech.edu is reachable. -Mon Dec 25 22:30:04 2023
phys43199.physics.gatech.edu is reachable. -Mon Dec 25 22:45:05 2023
phys43199.physics.gatech.edu is reachable. -Mon Dec 25 23:00:04 2023
phys43199.physics.gatech.edu is reachable. -Mon Dec 25 23:15:04 2023
phys43199.physics.gatech.edu is reachable. -Mon Dec 25 23:30:05 2023
phys43199.physics.gatech.edu is reachable. -Mon Dec 25 23:45:04 2023
phys43199.physics.gatech.edu is reachable. -Tue Dec 26 00:00:05 2023
phys43199.physics.gatech.edu is reachable. -Tue Dec 26 00:15:04 2023
phys43199.physics.gatech.edu is reachable. -Tue Dec 26 00:30:04 2023
phys43199.physics.gatech.edu is reachable. -Tue Dec 26 00:45:05 2023
phys43199.physics.gatech.edu is reachable. -Tue Dec 26 01:00:04 2023
phys43199.physics.gatech.edu is reachable. -Tue Dec 26 01:15:05 2023
phys43199.physics.gatech.edu is reachable. -Tue Dec 26 01:30:04 2023
phys43199.physics.gatech.edu is reachable. -Tue Dec 26 01:45:05 2023
phys43199.physics.gatech.edu is reachable. -Tue Dec 26 02:00:04 2023
phys43199.physics.gatech.edu is reachable. -Tue Dec 26 02:15:05 2023
phys43199.physics.gatech.edu is reachable. -Tue Dec 26 02:30:04 2023
phys43199.physics.gatech.edu is reachable. -Tue Dec 26 02:45:04 2023
phys43199.physics.gatech.edu is reachable. -Tue Dec 26 03:00:05 2023
phys43199.physics.gatech.edu is reachable. -Tue Dec 26 03:15:04 2023
phys43199.physics.gatech.edu is reachable. -Tue Dec 26 03:30:05 2023
phys43199.physics.gatech.edu is reachable. -Tue Dec 26 03:45:04 2023
phys43199.physics.gatech.edu is reachable. -Tue Dec 26 04:00:05 2023
phys43199.physics.gatech.edu is reachable. -Tue Dec 26 04:15:04 2023
phys43199.physics.gatech.edu is reachable. -Tue Dec 26 04:30:05 2023
phys43199.physics.gatech.edu is reachable. -Tue Dec 26 04:45:04 2023
phys43199.physics.gatech.edu is reachable. -Tue Dec 26 05:00:04 2023
phys43199.physics.gatech.edu is reachable. -Tue Dec 26 05:15:04 2023
phys43199.physics.gatech.edu is reachable. -Tue Dec 26 05:30:04 2023
phys43199.physics.gatech.edu is reachable. -Tue Dec 26 05:45:05 2023
phys43199.physics.gatech.edu is reachable. -Tue Dec 26 06:00:04 2023
phys43199.physics.gatech.edu is reachable. -Tue Dec 26 06:15:04 2023
phys43199.physics.gatech.edu is reachable. -Tue Dec 26 06:30:04 2023
phys43199.physics.gatech.edu is reachable. -Tue Dec 26 06:45:04 2023
phys43199.physics.gatech.edu is reachable. -Tue Dec 26 07:00:04 2023
phys43199.physics.gatech.edu is reachable. -Tue Dec 26 07:15:04 2023
phys43199.physics.gatech.edu is reachable. -Tue Dec 26 07:30:05 2023
phys43199.physics.gatech.edu is reachable. -Tue Dec 26 07:45:04 2023
phys43199.physics.gatech.edu is reachable. -Tue Dec 26 08:00:05 2023
phys43199.physics.gatech.edu is reachable. -Tue Dec 26 08:15:04 2023
phys43199.physics.gatech.edu is reachable. -Tue Dec 26 08:30:05 2023
phys43199.physics.gatech.edu is reachable. -Tue Dec 26 08:45:04 2023
phys43199.physics.gatech.edu is reachable. -Tue Dec 26 09:00:04 2023
phys43199.physics.gatech.edu is reachable. -Tue Dec 26 09:15:05 2023
phys43199.physics.gatech.edu is reachable. -Tue Dec 26 09:30:04 2023
phys43199.physics.gatech.edu is reachable. -Tue Dec 26 09:45:05 2023
phys43199.physics.gatech.edu is reachable. -Tue Dec 26 10:00:04 2023
phys43199.physics.gatech.edu is reachable. -Tue Dec 26 10:15:05 2023
phys43199.physics.gatech.edu is reachable. -Tue Dec 26 10:30:04 2023
phys43199.physics.gatech.edu is reachable. -Tue Dec 26 10:45:05 2023
phys43199.physics.gatech.edu is reachable. -Tue Dec 26 11:00:04 2023
phys43199.physics.gatech.edu is reachable. -Tue Dec 26 11:15:04 2023
phys43199.physics.gatech.edu is reachable. -Tue Dec 26 11:30:04 2023
phys43199.physics.gatech.edu is reachable. -Tue Dec 26 11:45:04 2023
phys43199.physics.gatech.edu is reachable. -Tue Dec 26 12:00:04 2023
phys43199.physics.gatech.edu is reachable. -Tue Dec 26 12:15:04 2023
phys43199.physics.gatech.edu is reachable. -Tue Dec 26 12:30:04 2023
phys43199.physics.gatech.edu is reachable. -Tue Dec 26 12:45:04 2023
phys43199.physics.gatech.edu is reachable. -Tue Dec 26 13:00:05 2023
phys43199.physics.gatech.edu is reachable. -Tue Dec 26 13:15:04 2023
phys43199.physics.gatech.edu is reachable. -Tue Dec 26 13:30:05 2023
phys43199.physics.gatech.edu is reachable. -Tue Dec 26 13:45:04 2023
phys43199.physics.gatech.edu is reachable. -Tue Dec 26 14:00:05 2023
phys43199.physics.gatech.edu is reachable. -Tue Dec 26 14:15:04 2023
phys43199.physics.gatech.edu is reachable. -Tue Dec 26 14:30:04 2023
phys43199.physics.gatech.edu is reachable. -Tue Dec 26 14:45:05 2023
phys43199.physics.gatech.edu is reachable. -Tue Dec 26 15:00:04 2023
phys43199.physics.gatech.edu is reachable. -Tue Dec 26 15:15:05 2023
phys43199.physics.gatech.edu is reachable. -Tue Dec 26 15:30:04 2023
phys43199.physics.gatech.edu is reachable. -Tue Dec 26 15:45:05 2023
phys43199.physics.gatech.edu is reachable. -Tue Dec 26 16:00:04 2023
phys43199.physics.gatech.edu is reachable. -Tue Dec 26 16:15:05 2023
phys43199.physics.gatech.edu is reachable. -Tue Dec 26 16:30:04 2023
phys43199.physics.gatech.edu is reachable. -Tue Dec 26 16:45:05 2023
phys43199.physics.gatech.edu is reachable. -Tue Dec 26 17:00:04 2023
phys43199.physics.gatech.edu is reachable. -Tue Dec 26 17:15:05 2023
phys43199.physics.gatech.edu is reachable. -Tue Dec 26 17:30:04 2023
phys43199.physics.gatech.edu is reachable. -Tue Dec 26 17:45:04 2023
phys43199.physics.gatech.edu is reachable. -Tue Dec 26 18:00:04 2023
phys43199.physics.gatech.edu is reachable. -Tue Dec 26 18:15:04 2023
phys43199.physics.gatech.edu is reachable. -Tue Dec 26 18:30:04 2023
phys43199.physics.gatech.edu is reachable. -Tue Dec 26 18:45:04 2023
phys43199.physics.gatech.edu is reachable. -Tue Dec 26 19:00:05 2023
phys43199.physics.gatech.edu is reachable. -Tue Dec 26 19:15:04 2023
phys43199.physics.gatech.edu is reachable. -Tue Dec 26 19:30:05 2023
phys43199.physics.gatech.edu is reachable. -Tue Dec 26 19:45:04 2023
phys43199.physics.gatech.edu is reachable. -Tue Dec 26 20:00:05 2023
phys43199.physics.gatech.edu is reachable. -Tue Dec 26 20:15:04 2023
phys43199.physics.gatech.edu is reachable. -Tue Dec 26 20:30:04 2023
phys43199.physics.gatech.edu is reachable. -Tue Dec 26 20:45:05 2023
phys43199.physics.gatech.edu is reachable. -Tue Dec 26 21:00:04 2023
phys43199.physics.gatech.edu is reachable. -Tue Dec 26 21:15:05 2023
phys43199.physics.gatech.edu is reachable. -Tue Dec 26 21:30:04 2023
phys43199.physics.gatech.edu is reachable. -Tue Dec 26 21:45:04 2023
phys43199.physics.gatech.edu is reachable. -Tue Dec 26 22:00:05 2023
phys43199.physics.gatech.edu is reachable. -Tue Dec 26 22:15:04 2023
phys43199.physics.gatech.edu is reachable. -Tue Dec 26 22:30:05 2023
phys43199.physics.gatech.edu is reachable. -Tue Dec 26 22:45:04 2023
phys43199.physics.gatech.edu is reachable. -Tue Dec 26 23:00:04 2023
phys43199.physics.gatech.edu is reachable. -Tue Dec 26 23:15:04 2023
phys43199.physics.gatech.edu is reachable. -Tue Dec 26 23:30:04 2023
phys43199.physics.gatech.edu is reachable. -Tue Dec 26 23:45:04 2023
phys43199.physics.gatech.edu is reachable. -Wed Dec 27 00:00:04 2023
phys43199.physics.gatech.edu is reachable. -Wed Dec 27 00:15:05 2023
phys43199.physics.gatech.edu is reachable. -Wed Dec 27 00:30:04 2023
phys43199.physics.gatech.edu is reachable. -Wed Dec 27 00:45:05 2023
phys43199.physics.gatech.edu is reachable. -Wed Dec 27 01:00:04 2023
phys43199.physics.gatech.edu is reachable. -Wed Dec 27 01:15:05 2023
phys43199.physics.gatech.edu is reachable. -Wed Dec 27 01:30:04 2023
phys43199.physics.gatech.edu is reachable. -Wed Dec 27 01:45:04 2023
phys43199.physics.gatech.edu is reachable. -Wed Dec 27 02:00:04 2023
phys43199.physics.gatech.edu is reachable. -Wed Dec 27 02:15:04 2023
phys43199.physics.gatech.edu is reachable. -Wed Dec 27 02:30:04 2023
phys43199.physics.gatech.edu is reachable. -Wed Dec 27 02:45:04 2023
phys43199.physics.gatech.edu is reachable. -Wed Dec 27 03:00:05 2023
phys43199.physics.gatech.edu is reachable. -Wed Dec 27 03:15:04 2023
phys43199.physics.gatech.edu is reachable. -Wed Dec 27 03:30:05 2023
phys43199.physics.gatech.edu is reachable. -Wed Dec 27 03:45:04 2023
phys43199.physics.gatech.edu is reachable. -Wed Dec 27 04:00:05 2023
phys43199.physics.gatech.edu is reachable. -Wed Dec 27 04:15:04 2023
phys43199.physics.gatech.edu is reachable. -Wed Dec 27 04:30:04 2023
phys43199.physics.gatech.edu is reachable. -Wed Dec 27 04:45:04 2023
phys43199.physics.gatech.edu is reachable. -Wed Dec 27 05:00:04 2023
phys43199.physics.gatech.edu is reachable. -Wed Dec 27 05:15:05 2023
phys43199.physics.gatech.edu is reachable. -Wed Dec 27 05:30:04 2023
phys43199.physics.gatech.edu is reachable. -Wed Dec 27 05:45:05 2023
phys43199.physics.gatech.edu is reachable. -Wed Dec 27 06:00:04 2023
phys43199.physics.gatech.edu is reachable. -Wed Dec 27 06:15:05 2023
phys43199.physics.gatech.edu is reachable. -Wed Dec 27 06:30:05 2023
phys43199.physics.gatech.edu is reachable. -Wed Dec 27 06:45:04 2023
phys43199.physics.gatech.edu is reachable. -Wed Dec 27 07:00:05 2023
phys43199.physics.gatech.edu is reachable. -Wed Dec 27 07:15:04 2023
phys43199.physics.gatech.edu is reachable. -Wed Dec 27 07:30:05 2023
phys43199.physics.gatech.edu is reachable. -Wed Dec 27 07:45:04 2023
phys43199.physics.gatech.edu is reachable. -Wed Dec 27 08:00:05 2023
phys43199.physics.gatech.edu is reachable. -Wed Dec 27 08:15:04 2023
phys43199.physics.gatech.edu is reachable. -Wed Dec 27 08:30:05 2023
phys43199.physics.gatech.edu is reachable. -Wed Dec 27 08:45:04 2023
phys43199.physics.gatech.edu is reachable. -Wed Dec 27 09:00:05 2023
phys43199.physics.gatech.edu is reachable. -Wed Dec 27 09:15:04 2023
phys43199.physics.gatech.edu is reachable. -Wed Dec 27 09:30:04 2023
phys43199.physics.gatech.edu is reachable. -Wed Dec 27 09:45:04 2023
phys43199.physics.gatech.edu is reachable. -Wed Dec 27 10:00:04 2023
phys43199.physics.gatech.edu is reachable. -Wed Dec 27 10:15:04 2023
phys43199.physics.gatech.edu is reachable. -Wed Dec 27 10:30:04 2023
phys43199.physics.gatech.edu is reachable. -Wed Dec 27 10:45:05 2023
phys43199.physics.gatech.edu is reachable. -Wed Dec 27 11:00:04 2023
phys43199.physics.gatech.edu is reachable. -Wed Dec 27 11:15:05 2023
phys43199.physics.gatech.edu is reachable. -Wed Dec 27 11:30:04 2023
phys43199.physics.gatech.edu is reachable. -Wed Dec 27 11:45:05 2023
phys43199.physics.gatech.edu is reachable. -Wed Dec 27 12:00:04 2023
phys43199.physics.gatech.edu is reachable. -Wed Dec 27 12:15:04 2023
phys43199.physics.gatech.edu is reachable. -Wed Dec 27 12:30:04 2023
phys43199.physics.gatech.edu is reachable. -Wed Dec 27 12:45:04 2023
phys43199.physics.gatech.edu is reachable. -Wed Dec 27 13:00:04 2023
phys43199.physics.gatech.edu is reachable. -Wed Dec 27 13:15:04 2023
phys43199.physics.gatech.edu is reachable. -Wed Dec 27 13:30:04 2023
phys43199.physics.gatech.edu is reachable. -Wed Dec 27 13:45:04 2023
phys43199.physics.gatech.edu is reachable. -Wed Dec 27 14:00:05 2023
phys43199.physics.gatech.edu is reachable. -Wed Dec 27 14:15:04 2023
phys43199.physics.gatech.edu is reachable. -Wed Dec 27 14:30:05 2023
phys43199.physics.gatech.edu is reachable. -Wed Dec 27 14:45:04 2023
phys43199.physics.gatech.edu is reachable. -Wed Dec 27 15:00:05 2023
phys43199.physics.gatech.edu is reachable. -Wed Dec 27 15:15:04 2023
phys43199.physics.gatech.edu is reachable. -Wed Dec 27 15:30:04 2023
phys43199.physics.gatech.edu is reachable. -Wed Dec 27 15:45:04 2023
phys43199.physics.gatech.edu is reachable. -Wed Dec 27 16:00:04 2023
phys43199.physics.gatech.edu is reachable. -Wed Dec 27 16:15:04 2023
phys43199.physics.gatech.edu is reachable. -Wed Dec 27 16:30:04 2023
phys43199.physics.gatech.edu is reachable. -Wed Dec 27 16:45:05 2023
phys43199.physics.gatech.edu is reachable. -Wed Dec 27 17:00:04 2023
phys43199.physics.gatech.edu is reachable. -Wed Dec 27 17:15:05 2023
phys43199.physics.gatech.edu is reachable. -Wed Dec 27 17:30:04 2023
phys43199.physics.gatech.edu is reachable. -Wed Dec 27 17:45:04 2023
phys43199.physics.gatech.edu is reachable. -Wed Dec 27 18:00:04 2023
phys43199.physics.gatech.edu is reachable. -Wed Dec 27 18:15:04 2023
phys43199.physics.gatech.edu is reachable. -Wed Dec 27 18:30:05 2023
phys43199.physics.gatech.edu is reachable. -Wed Dec 27 18:45:04 2023
phys43199.physics.gatech.edu is reachable. -Wed Dec 27 19:00:05 2023
phys43199.physics.gatech.edu is reachable. -Wed Dec 27 19:15:04 2023
phys43199.physics.gatech.edu is reachable. -Wed Dec 27 19:30:04 2023
phys43199.physics.gatech.edu is reachable. -Wed Dec 27 19:45:04 2023
phys43199.physics.gatech.edu is reachable. -Wed Dec 27 20:00:04 2023
phys43199.physics.gatech.edu is reachable. -Wed Dec 27 20:15:05 2023
phys43199.physics.gatech.edu is reachable. -Wed Dec 27 20:30:04 2023
phys43199.physics.gatech.edu is reachable. -Wed Dec 27 20:45:05 2023
phys43199.physics.gatech.edu is reachable. -Wed Dec 27 21:00:04 2023
phys43199.physics.gatech.edu is reachable. -Wed Dec 27 21:15:05 2023
phys43199.physics.gatech.edu is reachable. -Wed Dec 27 21:30:04 2023
phys43199.physics.gatech.edu is reachable. -Wed Dec 27 21:45:04 2023
phys43199.physics.gatech.edu is reachable. -Wed Dec 27 22:00:04 2023
phys43199.physics.gatech.edu is reachable. -Wed Dec 27 22:15:04 2023
phys43199.physics.gatech.edu is reachable. -Wed Dec 27 22:30:04 2023
phys43199.physics.gatech.edu is reachable. -Wed Dec 27 22:45:04 2023
phys43199.physics.gatech.edu is reachable. -Wed Dec 27 23:00:04 2023
phys43199.physics.gatech.edu is reachable. -Wed Dec 27 23:15:04 2023
phys43199.physics.gatech.edu is reachable. -Wed Dec 27 23:30:05 2023
phys43199.physics.gatech.edu is reachable. -Wed Dec 27 23:45:04 2023
phys43199.physics.gatech.edu is reachable. -Thu Dec 28 00:00:05 2023
phys43199.physics.gatech.edu is reachable. -Thu Dec 28 00:15:04 2023
phys43199.physics.gatech.edu is reachable. -Thu Dec 28 00:30:04 2023
phys43199.physics.gatech.edu is reachable. -Thu Dec 28 00:45:05 2023
phys43199.physics.gatech.edu is reachable. -Thu Dec 28 01:00:04 2023
phys43199.physics.gatech.edu is reachable. -Thu Dec 28 01:15:05 2023
phys43199.physics.gatech.edu is reachable. -Thu Dec 28 01:30:04 2023
phys43199.physics.gatech.edu is reachable. -Thu Dec 28 01:45:04 2023
phys43199.physics.gatech.edu is reachable. -Thu Dec 28 02:00:04 2023
phys43199.physics.gatech.edu is reachable. -Thu Dec 28 02:15:04 2023
phys43199.physics.gatech.edu is reachable. -Thu Dec 28 02:30:04 2023
phys43199.physics.gatech.edu is reachable. -Thu Dec 28 02:45:05 2023
phys43199.physics.gatech.edu is reachable. -Thu Dec 28 03:00:04 2023
phys43199.physics.gatech.edu is reachable. -Thu Dec 28 03:15:05 2023
phys43199.physics.gatech.edu is reachable. -Thu Dec 28 03:30:04 2023
phys43199.physics.gatech.edu is reachable. -Thu Dec 28 03:45:04 2023
phys43199.physics.gatech.edu is reachable. -Thu Dec 28 04:00:05 2023
phys43199.physics.gatech.edu is reachable. -Thu Dec 28 04:15:04 2023
phys43199.physics.gatech.edu is reachable. -Thu Dec 28 04:30:05 2023
phys43199.physics.gatech.edu is reachable. -Thu Dec 28 04:45:04 2023
phys43199.physics.gatech.edu is reachable. -Thu Dec 28 05:00:04 2023
phys43199.physics.gatech.edu is reachable. -Thu Dec 28 05:15:04 2023
phys43199.physics.gatech.edu is reachable. -Thu Dec 28 05:30:04 2023
phys43199.physics.gatech.edu is reachable. -Thu Dec 28 05:45:04 2023
phys43199.physics.gatech.edu is reachable. -Thu Dec 28 06:00:04 2023
phys43199.physics.gatech.edu is reachable. -Thu Dec 28 06:15:05 2023
phys43199.physics.gatech.edu is reachable. -Thu Dec 28 06:30:04 2023
phys43199.physics.gatech.edu is reachable. -Thu Dec 28 06:45:04 2023
phys43199.physics.gatech.edu is reachable. -Thu Dec 28 07:00:05 2023
phys43199.physics.gatech.edu is reachable. -Thu Dec 28 07:15:04 2023
phys43199.physics.gatech.edu is reachable. -Thu Dec 28 07:30:04 2023
phys43199.physics.gatech.edu is reachable. -Thu Dec 28 07:45:05 2023
phys43199.physics.gatech.edu is reachable. -Thu Dec 28 08:00:04 2023
phys43199.physics.gatech.edu is reachable. -Thu Dec 28 08:15:05 2023
phys43199.physics.gatech.edu is reachable. -Thu Dec 28 08:30:04 2023
phys43199.physics.gatech.edu is reachable. -Thu Dec 28 08:45:04 2023
phys43199.physics.gatech.edu is reachable. -Thu Dec 28 09:00:04 2023
phys43199.physics.gatech.edu is reachable. -Thu Dec 28 09:15:05 2023
phys43199.physics.gatech.edu is reachable. -Thu Dec 28 09:30:04 2023
phys43199.physics.gatech.edu is reachable. -Thu Dec 28 09:45:04 2023
phys43199.physics.gatech.edu is reachable. -Thu Dec 28 10:00:05 2023
phys43199.physics.gatech.edu is reachable. -Thu Dec 28 10:15:04 2023
phys43199.physics.gatech.edu is reachable. -Thu Dec 28 10:30:05 2023
phys43199.physics.gatech.edu is reachable. -Thu Dec 28 10:45:04 2023
phys43199.physics.gatech.edu is reachable. -Thu Dec 28 11:00:05 2023
phys43199.physics.gatech.edu is reachable. -Thu Dec 28 11:15:04 2023
phys43199.physics.gatech.edu is reachable. -Thu Dec 28 11:30:04 2023
phys43199.physics.gatech.edu is reachable. -Thu Dec 28 11:45:04 2023
phys43199.physics.gatech.edu is reachable. -Thu Dec 28 12:00:04 2023
phys43199.physics.gatech.edu is reachable. -Thu Dec 28 12:15:04 2023
phys43199.physics.gatech.edu is reachable. -Thu Dec 28 12:30:04 2023
phys43199.physics.gatech.edu is reachable. -Thu Dec 28 12:45:04 2023
phys43199.physics.gatech.edu is reachable. -Thu Dec 28 13:00:04 2023
phys43199.physics.gatech.edu is reachable. -Thu Dec 28 13:15:05 2023
phys43199.physics.gatech.edu is reachable. -Thu Dec 28 13:30:04 2023
phys43199.physics.gatech.edu is reachable. -Thu Dec 28 13:45:05 2023
phys43199.physics.gatech.edu is reachable. -Thu Dec 28 14:00:04 2023
phys43199.physics.gatech.edu is reachable. -Thu Dec 28 14:15:05 2023
phys43199.physics.gatech.edu is reachable. -Thu Dec 28 14:30:05 2023
phys43199.physics.gatech.edu is reachable. -Thu Dec 28 14:45:04 2023
phys43199.physics.gatech.edu is reachable. -Thu Dec 28 15:00:05 2023
phys43199.physics.gatech.edu is reachable. -Thu Dec 28 15:15:04 2023
phys43199.physics.gatech.edu is reachable. -Thu Dec 28 15:30:04 2023
phys43199.physics.gatech.edu is reachable. -Thu Dec 28 15:45:04 2023
phys43199.physics.gatech.edu is reachable. -Thu Dec 28 16:00:05 2023
phys43199.physics.gatech.edu is reachable. -Thu Dec 28 16:15:04 2023
phys43199.physics.gatech.edu is reachable. -Thu Dec 28 16:30:04 2023
phys43199.physics.gatech.edu is reachable. -Thu Dec 28 16:45:05 2023
phys43199.physics.gatech.edu is reachable. -Thu Dec 28 17:00:04 2023
phys43199.physics.gatech.edu is reachable. -Thu Dec 28 17:15:05 2023
phys43199.physics.gatech.edu is reachable. -Thu Dec 28 17:30:04 2023
phys43199.physics.gatech.edu is reachable. -Thu Dec 28 17:45:05 2023
phys43199.physics.gatech.edu is reachable. -Thu Dec 28 18:00:04 2023
phys43199.physics.gatech.edu is reachable. -Thu Dec 28 18:15:04 2023
phys43199.physics.gatech.edu is reachable. -Thu Dec 28 18:30:04 2023
phys43199.physics.gatech.edu is reachable. -Thu Dec 28 18:45:04 2023
phys43199.physics.gatech.edu is reachable. -Thu Dec 28 19:00:05 2023
phys43199.physics.gatech.edu is reachable. -Thu Dec 28 19:15:04 2023
phys43199.physics.gatech.edu is reachable. -Thu Dec 28 19:30:05 2023
phys43199.physics.gatech.edu is reachable. -Thu Dec 28 19:45:04 2023
phys43199.physics.gatech.edu is reachable. -Thu Dec 28 20:00:05 2023
phys43199.physics.gatech.edu is reachable. -Thu Dec 28 20:15:04 2023
phys43199.physics.gatech.edu is reachable. -Thu Dec 28 20:30:04 2023
phys43199.physics.gatech.edu is reachable. -Thu Dec 28 20:45:05 2023
phys43199.physics.gatech.edu is reachable. -Thu Dec 28 21:00:04 2023
phys43199.physics.gatech.edu is reachable. -Thu Dec 28 21:15:05 2023
phys43199.physics.gatech.edu is reachable. -Thu Dec 28 21:30:04 2023
phys43199.physics.gatech.edu is reachable. -Thu Dec 28 21:45:05 2023
phys43199.physics.gatech.edu is reachable. -Thu Dec 28 22:00:04 2023
phys43199.physics.gatech.edu is reachable. -Thu Dec 28 22:15:04 2023
phys43199.physics.gatech.edu is reachable. -Thu Dec 28 22:30:04 2023
phys43199.physics.gatech.edu is reachable. -Thu Dec 28 22:45:04 2023
phys43199.physics.gatech.edu is reachable. -Thu Dec 28 23:00:04 2023
phys43199.physics.gatech.edu is reachable. -Thu Dec 28 23:15:04 2023
phys43199.physics.gatech.edu is reachable. -Thu Dec 28 23:30:04 2023
phys43199.physics.gatech.edu is reachable. -Thu Dec 28 23:45:04 2023
phys43199.physics.gatech.edu is reachable. -Fri Dec 29 00:00:05 2023
phys43199.physics.gatech.edu is reachable. -Fri Dec 29 00:15:04 2023
phys43199.physics.gatech.edu is reachable. -Fri Dec 29 00:30:04 2023
phys43199.physics.gatech.edu is reachable. -Fri Dec 29 00:45:04 2023
phys43199.physics.gatech.edu is reachable. -Fri Dec 29 01:00:04 2023
phys43199.physics.gatech.edu is reachable. -Fri Dec 29 01:15:04 2023
phys43199.physics.gatech.edu is reachable. -Fri Dec 29 01:30:04 2023
phys43199.physics.gatech.edu is reachable. -Fri Dec 29 01:45:05 2023
phys43199.physics.gatech.edu is reachable. -Fri Dec 29 02:00:04 2023
phys43199.physics.gatech.edu is reachable. -Fri Dec 29 02:15:05 2023
phys43199.physics.gatech.edu is reachable. -Fri Dec 29 02:30:04 2023
phys43199.physics.gatech.edu is reachable. -Fri Dec 29 02:45:05 2023
phys43199.physics.gatech.edu is reachable. -Fri Dec 29 03:00:04 2023
phys43199.physics.gatech.edu is reachable. -Fri Dec 29 03:15:05 2023
phys43199.physics.gatech.edu is reachable. -Fri Dec 29 03:30:04 2023
phys43199.physics.gatech.edu is reachable. -Fri Dec 29 03:45:04 2023
phys43199.physics.gatech.edu is reachable. -Fri Dec 29 04:00:04 2023
phys43199.physics.gatech.edu is reachable. -Fri Dec 29 04:15:04 2023
phys43199.physics.gatech.edu is reachable. -Fri Dec 29 04:30:04 2023
phys43199.physics.gatech.edu is reachable. -Fri Dec 29 04:45:04 2023
phys43199.physics.gatech.edu is reachable. -Fri Dec 29 05:00:04 2023
phys43199.physics.gatech.edu is reachable. -Fri Dec 29 05:15:04 2023
phys43199.physics.gatech.edu is reachable. -Fri Dec 29 05:30:04 2023
phys43199.physics.gatech.edu is reachable. -Fri Dec 29 05:45:04 2023
phys43199.physics.gatech.edu is reachable. -Fri Dec 29 06:00:05 2023
phys43199.physics.gatech.edu is reachable. -Fri Dec 29 06:15:04 2023
phys43199.physics.gatech.edu is reachable. -Fri Dec 29 06:30:05 2023
phys43199.physics.gatech.edu is reachable. -Fri Dec 29 06:45:04 2023
phys43199.physics.gatech.edu is reachable. -Fri Dec 29 07:00:05 2023
phys43199.physics.gatech.edu is reachable. -Fri Dec 29 07:15:04 2023
phys43199.physics.gatech.edu is reachable. -Fri Dec 29 07:30:05 2023
phys43199.physics.gatech.edu is reachable. -Fri Dec 29 07:45:04 2023
phys43199.physics.gatech.edu is reachable. -Fri Dec 29 08:00:04 2023
phys43199.physics.gatech.edu is reachable. -Fri Dec 29 08:15:04 2023
phys43199.physics.gatech.edu is reachable. -Fri Dec 29 08:30:04 2023
phys43199.physics.gatech.edu is reachable. -Fri Dec 29 08:45:04 2023
phys43199.physics.gatech.edu is reachable. -Fri Dec 29 09:00:04 2023
phys43199.physics.gatech.edu is reachable. -Fri Dec 29 09:15:04 2023
phys43199.physics.gatech.edu is reachable. -Fri Dec 29 09:30:04 2023
phys43199.physics.gatech.edu is reachable. -Fri Dec 29 09:45:05 2023
phys43199.physics.gatech.edu is reachable. -Fri Dec 29 10:00:04 2023
phys43199.physics.gatech.edu is reachable. -Fri Dec 29 10:15:05 2023
phys43199.physics.gatech.edu is reachable. -Fri Dec 29 10:30:04 2023
phys43199.physics.gatech.edu is reachable. -Fri Dec 29 10:45:05 2023
phys43199.physics.gatech.edu is reachable. -Fri Dec 29 11:00:04 2023
phys43199.physics.gatech.edu is reachable. -Fri Dec 29 11:15:05 2023
phys43199.physics.gatech.edu is reachable. -Fri Dec 29 11:30:04 2023
phys43199.physics.gatech.edu is reachable. -Fri Dec 29 11:45:05 2023
phys43199.physics.gatech.edu is reachable. -Fri Dec 29 12:00:04 2023
phys43199.physics.gatech.edu is reachable. -Fri Dec 29 12:15:04 2023
phys43199.physics.gatech.edu is reachable. -Fri Dec 29 12:30:05 2023
phys43199.physics.gatech.edu is reachable. -Fri Dec 29 12:45:04 2023
phys43199.physics.gatech.edu is reachable. -Fri Dec 29 13:00:05 2023
phys43199.physics.gatech.edu is reachable. -Fri Dec 29 13:15:04 2023
phys43199.physics.gatech.edu is reachable. -Fri Dec 29 13:30:05 2023
phys43199.physics.gatech.edu is reachable. -Fri Dec 29 13:45:04 2023
phys43199.physics.gatech.edu is reachable. -Fri Dec 29 14:00:05 2023
phys43199.physics.gatech.edu is reachable. -Fri Dec 29 14:15:04 2023
phys43199.physics.gatech.edu is reachable. -Fri Dec 29 14:30:05 2023
phys43199.physics.gatech.edu is reachable. -Fri Dec 29 14:45:04 2023
phys43199.physics.gatech.edu is reachable. -Fri Dec 29 15:00:05 2023
phys43199.physics.gatech.edu is reachable. -Fri Dec 29 15:15:04 2023
phys43199.physics.gatech.edu is reachable. -Fri Dec 29 15:30:04 2023
phys43199.physics.gatech.edu is reachable. -Fri Dec 29 15:45:04 2023
phys43199.physics.gatech.edu is reachable. -Fri Dec 29 16:00:04 2023
phys43199.physics.gatech.edu is reachable. -Fri Dec 29 16:15:05 2023
phys43199.physics.gatech.edu is reachable. -Fri Dec 29 16:30:04 2023
phys43199.physics.gatech.edu is reachable. -Fri Dec 29 16:45:04 2023
phys43199.physics.gatech.edu is reachable. -Fri Dec 29 17:00:04 2023
phys43199.physics.gatech.edu is reachable. -Fri Dec 29 17:15:04 2023
phys43199.physics.gatech.edu is reachable. -Fri Dec 29 17:30:05 2023
phys43199.physics.gatech.edu is reachable. -Fri Dec 29 17:45:04 2023
phys43199.physics.gatech.edu is reachable. -Fri Dec 29 18:00:05 2023
phys43199.physics.gatech.edu is reachable. -Fri Dec 29 18:15:04 2023
phys43199.physics.gatech.edu is reachable. -Fri Dec 29 18:30:04 2023
phys43199.physics.gatech.edu is reachable. -Fri Dec 29 18:45:04 2023
phys43199.physics.gatech.edu is reachable. -Fri Dec 29 19:00:04 2023
phys43199.physics.gatech.edu is reachable. -Fri Dec 29 19:15:04 2023
phys43199.physics.gatech.edu is reachable. -Fri Dec 29 19:30:04 2023
phys43199.physics.gatech.edu is reachable. -Fri Dec 29 19:45:04 2023
phys43199.physics.gatech.edu is reachable. -Fri Dec 29 20:00:04 2023
phys43199.physics.gatech.edu is reachable. -Fri Dec 29 20:15:05 2023
phys43199.physics.gatech.edu is reachable. -Fri Dec 29 20:30:04 2023
phys43199.physics.gatech.edu is reachable. -Fri Dec 29 20:45:05 2023
phys43199.physics.gatech.edu is reachable. -Fri Dec 29 21:00:04 2023
phys43199.physics.gatech.edu is reachable. -Fri Dec 29 21:15:05 2023
phys43199.physics.gatech.edu is reachable. -Fri Dec 29 21:30:04 2023
phys43199.physics.gatech.edu is reachable. -Fri Dec 29 21:45:04 2023
phys43199.physics.gatech.edu is reachable. -Fri Dec 29 22:00:04 2023
phys43199.physics.gatech.edu is reachable. -Fri Dec 29 22:15:04 2023
phys43199.physics.gatech.edu is reachable. -Fri Dec 29 22:30:05 2023
phys43199.physics.gatech.edu is reachable. -Fri Dec 29 22:45:04 2023
phys43199.physics.gatech.edu is reachable. -Fri Dec 29 23:00:05 2023
phys43199.physics.gatech.edu is reachable. -Fri Dec 29 23:15:04 2023
phys43199.physics.gatech.edu is reachable. -Fri Dec 29 23:30:04 2023
phys43199.physics.gatech.edu is reachable. -Fri Dec 29 23:45:04 2023
phys43199.physics.gatech.edu is reachable. -Sat Dec 30 00:00:04 2023
phys43199.physics.gatech.edu is reachable. -Sat Dec 30 00:15:05 2023
phys43199.physics.gatech.edu is reachable. -Sat Dec 30 00:30:04 2023
phys43199.physics.gatech.edu is reachable. -Sat Dec 30 00:45:05 2023
phys43199.physics.gatech.edu is reachable. -Sat Dec 30 01:00:04 2023
phys43199.physics.gatech.edu is reachable. -Sat Dec 30 01:15:05 2023
phys43199.physics.gatech.edu is reachable. -Sat Dec 30 01:30:04 2023
phys43199.physics.gatech.edu is reachable. -Sat Dec 30 01:45:04 2023
phys43199.physics.gatech.edu is reachable. -Sat Dec 30 02:00:05 2023
phys43199.physics.gatech.edu is reachable. -Sat Dec 30 02:15:04 2023
phys43199.physics.gatech.edu is reachable. -Sat Dec 30 02:30:05 2023
phys43199.physics.gatech.edu is reachable. -Sat Dec 30 02:45:04 2023
phys43199.physics.gatech.edu is reachable. -Sat Dec 30 03:00:05 2023
phys43199.physics.gatech.edu is reachable. -Sat Dec 30 03:15:04 2023
phys43199.physics.gatech.edu is reachable. -Sat Dec 30 03:30:04 2023
phys43199.physics.gatech.edu is reachable. -Sat Dec 30 03:45:05 2023
phys43199.physics.gatech.edu is reachable. -Sat Dec 30 04:00:04 2023
phys43199.physics.gatech.edu is reachable. -Sat Dec 30 04:15:05 2023
phys43199.physics.gatech.edu is reachable. -Sat Dec 30 04:30:04 2023
phys43199.physics.gatech.edu is reachable. -Sat Dec 30 04:45:06 2023
phys43199.physics.gatech.edu is reachable. -Sat Dec 30 05:00:04 2023
phys43199.physics.gatech.edu is reachable. -Sat Dec 30 05:15:05 2023
phys43199.physics.gatech.edu is reachable. -Sat Dec 30 05:30:04 2023
phys43199.physics.gatech.edu is reachable. -Sat Dec 30 05:45:04 2023
phys43199.physics.gatech.edu is reachable. -Sat Dec 30 06:00:04 2023
phys43199.physics.gatech.edu is reachable. -Sat Dec 30 06:15:04 2023
phys43199.physics.gatech.edu is reachable. -Sat Dec 30 06:30:05 2023
phys43199.physics.gatech.edu is reachable. -Sat Dec 30 06:45:04 2023
phys43199.physics.gatech.edu is reachable. -Sat Dec 30 07:00:05 2023
phys43199.physics.gatech.edu is reachable. -Sat Dec 30 07:15:04 2023
phys43199.physics.gatech.edu is reachable. -Sat Dec 30 07:30:05 2023
phys43199.physics.gatech.edu is reachable. -Sat Dec 30 07:45:04 2023
phys43199.physics.gatech.edu is reachable. -Sat Dec 30 08:00:04 2023
phys43199.physics.gatech.edu is reachable. -Sat Dec 30 08:15:04 2023
phys43199.physics.gatech.edu is reachable. -Sat Dec 30 08:30:04 2023
phys43199.physics.gatech.edu is reachable. -Sat Dec 30 08:45:05 2023
phys43199.physics.gatech.edu is reachable. -Sat Dec 30 09:00:04 2023
phys43199.physics.gatech.edu is reachable. -Sat Dec 30 09:15:05 2023
phys43199.physics.gatech.edu is reachable. -Sat Dec 30 09:30:04 2023
phys43199.physics.gatech.edu is reachable. -Sat Dec 30 09:45:05 2023
phys43199.physics.gatech.edu is reachable. -Sat Dec 30 10:00:04 2023
phys43199.physics.gatech.edu is reachable. -Sat Dec 30 10:15:05 2023
phys43199.physics.gatech.edu is reachable. -Sat Dec 30 10:30:04 2023
phys43199.physics.gatech.edu is reachable. -Sat Dec 30 10:45:04 2023
phys43199.physics.gatech.edu is reachable. -Sat Dec 30 11:00:04 2023
phys43199.physics.gatech.edu is reachable. -Sat Dec 30 11:15:04 2023
phys43199.physics.gatech.edu is reachable. -Sat Dec 30 11:30:04 2023
phys43199.physics.gatech.edu is reachable. -Sat Dec 30 11:45:05 2023
phys43199.physics.gatech.edu is reachable. -Sat Dec 30 12:00:04 2023
phys43199.physics.gatech.edu is reachable. -Sat Dec 30 12:15:05 2023
phys43199.physics.gatech.edu is reachable. -Sat Dec 30 12:30:04 2023
phys43199.physics.gatech.edu is reachable. -Sat Dec 30 12:45:05 2023
phys43199.physics.gatech.edu is reachable. -Sat Dec 30 13:00:04 2023
phys43199.physics.gatech.edu is reachable. -Sat Dec 30 13:15:05 2023
phys43199.physics.gatech.edu is reachable. -Sat Dec 30 13:30:04 2023
phys43199.physics.gatech.edu is reachable. -Sat Dec 30 13:45:04 2023
phys43199.physics.gatech.edu is reachable. -Sat Dec 30 14:00:04 2023
phys43199.physics.gatech.edu is reachable. -Sat Dec 30 14:15:04 2023
phys43199.physics.gatech.edu is reachable. -Sat Dec 30 14:30:04 2023
phys43199.physics.gatech.edu is reachable. -Sat Dec 30 14:45:04 2023
phys43199.physics.gatech.edu is reachable. -Sat Dec 30 15:00:05 2023
phys43199.physics.gatech.edu is reachable. -Sat Dec 30 15:15:04 2023
phys43199.physics.gatech.edu is reachable. -Sat Dec 30 15:30:05 2023
phys43199.physics.gatech.edu is reachable. -Sat Dec 30 15:45:05 2023
phys43199.physics.gatech.edu is reachable. -Sat Dec 30 16:00:04 2023
phys43199.physics.gatech.edu is reachable. -Sat Dec 30 16:15:05 2023
phys43199.physics.gatech.edu is reachable. -Sat Dec 30 16:30:04 2023
phys43199.physics.gatech.edu is reachable. -Sat Dec 30 16:45:04 2023
phys43199.physics.gatech.edu is reachable. -Sat Dec 30 17:00:04 2023
phys43199.physics.gatech.edu is reachable. -Sat Dec 30 17:15:04 2023
phys43199.physics.gatech.edu is reachable. -Sat Dec 30 17:30:04 2023
phys43199.physics.gatech.edu is reachable. -Sat Dec 30 17:45:04 2023
phys43199.physics.gatech.edu is reachable. -Sat Dec 30 18:00:04 2023
phys43199.physics.gatech.edu is reachable. -Sat Dec 30 18:15:04 2023
phys43199.physics.gatech.edu is reachable. -Sat Dec 30 18:30:04 2023
phys43199.physics.gatech.edu is reachable. -Sat Dec 30 18:45:05 2023
phys43199.physics.gatech.edu is reachable. -Sat Dec 30 19:00:04 2023
phys43199.physics.gatech.edu is reachable. -Sat Dec 30 19:15:04 2023
phys43199.physics.gatech.edu is reachable. -Sat Dec 30 19:30:04 2023
phys43199.physics.gatech.edu is reachable. -Sat Dec 30 19:45:04 2023
phys43199.physics.gatech.edu is reachable. -Sat Dec 30 20:00:04 2023
phys43199.physics.gatech.edu is reachable. -Sat Dec 30 20:15:04 2023
phys43199.physics.gatech.edu is reachable. -Sat Dec 30 20:30:04 2023
phys43199.physics.gatech.edu is reachable. -Sat Dec 30 20:45:05 2023
phys43199.physics.gatech.edu is reachable. -Sat Dec 30 21:00:05 2023
phys43199.physics.gatech.edu is reachable. -Sat Dec 30 21:15:04 2023
phys43199.physics.gatech.edu is reachable. -Sat Dec 30 21:30:04 2023
phys43199.physics.gatech.edu is reachable. -Sat Dec 30 21:45:04 2023
phys43199.physics.gatech.edu is reachable. -Sat Dec 30 22:00:05 2023
phys43199.physics.gatech.edu is reachable. -Sat Dec 30 22:15:04 2023
phys43199.physics.gatech.edu is reachable. -Sat Dec 30 22:30:04 2023
phys43199.physics.gatech.edu is reachable. -Sat Dec 30 22:45:05 2023
phys43199.physics.gatech.edu is reachable. -Sat Dec 30 23:00:04 2023
phys43199.physics.gatech.edu is reachable. -Sat Dec 30 23:15:05 2023
phys43199.physics.gatech.edu is reachable. -Sat Dec 30 23:30:04 2023
phys43199.physics.gatech.edu is reachable. -Sat Dec 30 23:45:05 2023
phys43199.physics.gatech.edu is reachable. -Sun Dec 31 00:00:04 2023
phys43199.physics.gatech.edu is reachable. -Sun Dec 31 00:15:05 2023
phys43199.physics.gatech.edu is reachable. -Sun Dec 31 00:30:04 2023
phys43199.physics.gatech.edu is reachable. -Sun Dec 31 00:45:05 2023
phys43199.physics.gatech.edu is reachable. -Sun Dec 31 01:00:04 2023
phys43199.physics.gatech.edu is reachable. -Sun Dec 31 01:15:04 2023
phys43199.physics.gatech.edu is reachable. -Sun Dec 31 01:30:04 2023
phys43199.physics.gatech.edu is reachable. -Sun Dec 31 01:45:04 2023
phys43199.physics.gatech.edu is reachable. -Sun Dec 31 02:00:04 2023
phys43199.physics.gatech.edu is reachable. -Sun Dec 31 02:15:04 2023
phys43199.physics.gatech.edu is reachable. -Sun Dec 31 02:30:05 2023
phys43199.physics.gatech.edu is reachable. -Sun Dec 31 02:45:04 2023
phys43199.physics.gatech.edu is reachable. -Sun Dec 31 03:00:05 2023
phys43199.physics.gatech.edu is reachable. -Sun Dec 31 03:15:04 2023
phys43199.physics.gatech.edu is reachable. -Sun Dec 31 03:30:05 2023
phys43199.physics.gatech.edu is reachable. -Sun Dec 31 03:45:04 2023
phys43199.physics.gatech.edu is reachable. -Sun Dec 31 04:00:05 2023
phys43199.physics.gatech.edu is reachable. -Sun Dec 31 04:15:04 2023
phys43199.physics.gatech.edu is reachable. -Sun Dec 31 04:30:04 2023
phys43199.physics.gatech.edu is reachable. -Sun Dec 31 04:45:04 2023
phys43199.physics.gatech.edu is reachable. -Sun Dec 31 05:00:04 2023
phys43199.physics.gatech.edu is reachable. -Sun Dec 31 05:15:04 2023
phys43199.physics.gatech.edu is reachable. -Sun Dec 31 05:30:04 2023
phys43199.physics.gatech.edu is reachable. -Sun Dec 31 05:45:04 2023
phys43199.physics.gatech.edu is reachable. -Sun Dec 31 06:00:04 2023
phys43199.physics.gatech.edu is reachable. -Sun Dec 31 06:15:04 2023
phys43199.physics.gatech.edu is reachable. -Sun Dec 31 06:30:04 2023
phys43199.physics.gatech.edu is reachable. -Sun Dec 31 06:45:05 2023
phys43199.physics.gatech.edu is reachable. -Sun Dec 31 07:00:04 2023
phys43199.physics.gatech.edu is reachable. -Sun Dec 31 07:15:05 2023
phys43199.physics.gatech.edu is reachable. -Sun Dec 31 07:30:04 2023
phys43199.physics.gatech.edu is reachable. -Sun Dec 31 07:45:04 2023
phys43199.physics.gatech.edu is reachable. -Sun Dec 31 08:00:04 2023
phys43199.physics.gatech.edu is reachable. -Sun Dec 31 08:15:04 2023
phys43199.physics.gatech.edu is reachable. -Sun Dec 31 08:30:04 2023
phys43199.physics.gatech.edu is reachable. -Sun Dec 31 08:45:04 2023
phys43199.physics.gatech.edu is reachable. -Sun Dec 31 09:00:05 2023
phys43199.physics.gatech.edu is reachable. -Sun Dec 31 09:15:04 2023
phys43199.physics.gatech.edu is reachable. -Sun Dec 31 09:30:05 2023
phys43199.physics.gatech.edu is reachable. -Sun Dec 31 09:45:04 2023
phys43199.physics.gatech.edu is reachable. -Sun Dec 31 10:00:05 2023
phys43199.physics.gatech.edu is reachable. -Sun Dec 31 10:15:04 2023
phys43199.physics.gatech.edu is reachable. -Sun Dec 31 10:30:05 2023
phys43199.physics.gatech.edu is reachable. -Sun Dec 31 10:45:04 2023
phys43199.physics.gatech.edu is reachable. -Sun Dec 31 11:00:04 2023
phys43199.physics.gatech.edu is reachable. -Sun Dec 31 11:15:04 2023
phys43199.physics.gatech.edu is reachable. -Sun Dec 31 11:30:04 2023
phys43199.physics.gatech.edu is reachable. -Sun Dec 31 11:45:05 2023
phys43199.physics.gatech.edu is reachable. -Sun Dec 31 12:00:04 2023
phys43199.physics.gatech.edu is reachable. -Sun Dec 31 12:15:05 2023
phys43199.physics.gatech.edu is reachable. -Sun Dec 31 12:30:04 2023
phys43199.physics.gatech.edu is reachable. -Sun Dec 31 12:45:05 2023
phys43199.physics.gatech.edu is reachable. -Sun Dec 31 13:00:04 2023
phys43199.physics.gatech.edu is reachable. -Sun Dec 31 13:15:04 2023
phys43199.physics.gatech.edu is reachable. -Sun Dec 31 13:30:04 2023
phys43199.physics.gatech.edu is reachable. -Sun Dec 31 13:45:04 2023
phys43199.physics.gatech.edu is reachable. -Sun Dec 31 14:00:05 2023
phys43199.physics.gatech.edu is reachable. -Sun Dec 31 14:15:04 2023
phys43199.physics.gatech.edu is reachable. -Sun Dec 31 14:30:05 2023
phys43199.physics.gatech.edu is reachable. -Sun Dec 31 14:45:05 2023
phys43199.physics.gatech.edu is reachable. -Sun Dec 31 15:00:04 2023
phys43199.physics.gatech.edu is reachable. -Sun Dec 31 15:15:05 2023
phys43199.physics.gatech.edu is reachable. -Sun Dec 31 15:30:04 2023
phys43199.physics.gatech.edu is reachable. -Sun Dec 31 15:45:04 2023
phys43199.physics.gatech.edu is reachable. -Sun Dec 31 16:00:05 2023
phys43199.physics.gatech.edu is reachable. -Sun Dec 31 16:15:04 2023
phys43199.physics.gatech.edu is reachable. -Sun Dec 31 16:30:05 2023
phys43199.physics.gatech.edu is reachable. -Sun Dec 31 16:45:04 2023
phys43199.physics.gatech.edu is reachable. -Sun Dec 31 17:00:05 2023
phys43199.physics.gatech.edu is reachable. -Sun Dec 31 17:15:04 2023
phys43199.physics.gatech.edu is reachable. -Sun Dec 31 17:30:05 2023
phys43199.physics.gatech.edu is reachable. -Sun Dec 31 17:45:04 2023
phys43199.physics.gatech.edu is reachable. -Sun Dec 31 18:00:05 2023
phys43199.physics.gatech.edu is reachable. -Sun Dec 31 18:15:04 2023
phys43199.physics.gatech.edu is reachable. -Sun Dec 31 18:30:04 2023
phys43199.physics.gatech.edu is reachable. -Sun Dec 31 18:45:05 2023
phys43199.physics.gatech.edu is reachable. -Sun Dec 31 19:00:04 2023
phys43199.physics.gatech.edu is reachable. -Sun Dec 31 19:15:05 2023
phys43199.physics.gatech.edu is reachable. -Sun Dec 31 19:30:04 2023
phys43199.physics.gatech.edu is reachable. -Sun Dec 31 19:45:05 2023
phys43199.physics.gatech.edu is reachable. -Sun Dec 31 20:00:04 2023
phys43199.physics.gatech.edu is reachable. -Sun Dec 31 20:15:05 2023
phys43199.physics.gatech.edu is reachable. -Sun Dec 31 20:30:04 2023
phys43199.physics.gatech.edu is reachable. -Sun Dec 31 20:45:04 2023
phys43199.physics.gatech.edu is reachable. -Sun Dec 31 21:00:05 2023
phys43199.physics.gatech.edu is reachable. -Sun Dec 31 21:15:04 2023
phys43199.physics.gatech.edu is reachable. -Sun Dec 31 21:30:05 2023
phys43199.physics.gatech.edu is reachable. -Sun Dec 31 21:45:04 2023
phys43199.physics.gatech.edu is reachable. -Sun Dec 31 22:00:05 2023
phys43199.physics.gatech.edu is reachable. -Sun Dec 31 22:15:04 2023
phys43199.physics.gatech.edu is reachable. -Sun Dec 31 22:30:04 2023
phys43199.physics.gatech.edu is reachable. -Sun Dec 31 22:45:04 2023
phys43199.physics.gatech.edu is reachable. -Sun Dec 31 23:00:04 2023
phys43199.physics.gatech.edu is reachable. -Sun Dec 31 23:15:05 2023
phys43199.physics.gatech.edu is reachable. -Sun Dec 31 23:30:04 2023
phys43199.physics.gatech.edu is reachable. -Sun Dec 31 23:45:05 2023
phys43199.physics.gatech.edu is reachable. -Mon Jan  1 00:00:04 2024
phys43199.physics.gatech.edu is reachable. -Mon Jan  1 00:15:05 2024
phys43199.physics.gatech.edu is reachable. -Mon Jan  1 00:30:04 2024
phys43199.physics.gatech.edu is reachable. -Mon Jan  1 00:45:05 2024
phys43199.physics.gatech.edu is reachable. -Mon Jan  1 01:00:04 2024
phys43199.physics.gatech.edu is reachable. -Mon Jan  1 01:15:05 2024
phys43199.physics.gatech.edu is reachable. -Mon Jan  1 01:30:04 2024
phys43199.physics.gatech.edu is reachable. -Mon Jan  1 01:45:04 2024
phys43199.physics.gatech.edu is reachable. -Mon Jan  1 02:00:04 2024
phys43199.physics.gatech.edu is reachable. -Mon Jan  1 02:15:04 2024
phys43199.physics.gatech.edu is reachable. -Mon Jan  1 02:30:04 2024
phys43199.physics.gatech.edu is reachable. -Mon Jan  1 02:45:04 2024
phys43199.physics.gatech.edu is reachable. -Mon Jan  1 03:00:05 2024
phys43199.physics.gatech.edu is reachable. -Mon Jan  1 03:15:04 2024
phys43199.physics.gatech.edu is reachable. -Mon Jan  1 03:30:05 2024
phys43199.physics.gatech.edu is reachable. -Mon Jan  1 03:45:04 2024
phys43199.physics.gatech.edu is reachable. -Mon Jan  1 04:00:05 2024
phys43199.physics.gatech.edu is reachable. -Mon Jan  1 04:15:04 2024
phys43199.physics.gatech.edu is reachable. -Mon Jan  1 04:30:04 2024
phys43199.physics.gatech.edu is reachable. -Mon Jan  1 04:45:04 2024
phys43199.physics.gatech.edu is reachable. -Mon Jan  1 05:00:04 2024
phys43199.physics.gatech.edu is reachable. -Mon Jan  1 05:15:05 2024
phys43199.physics.gatech.edu is reachable. -Mon Jan  1 05:30:04 2024
phys43199.physics.gatech.edu is reachable. -Mon Jan  1 05:45:05 2024
phys43199.physics.gatech.edu is reachable. -Mon Jan  1 06:00:04 2024
phys43199.physics.gatech.edu is reachable. -Mon Jan  1 06:15:05 2024
phys43199.physics.gatech.edu is reachable. -Mon Jan  1 06:30:04 2024
phys43199.physics.gatech.edu is reachable. -Mon Jan  1 06:45:05 2024
phys43199.physics.gatech.edu is reachable. -Mon Jan  1 07:00:04 2024
phys43199.physics.gatech.edu is reachable. -Mon Jan  1 07:15:05 2024
phys43199.physics.gatech.edu is reachable. -Mon Jan  1 07:30:04 2024
phys43199.physics.gatech.edu is reachable. -Mon Jan  1 07:45:04 2024
phys43199.physics.gatech.edu is reachable. -Mon Jan  1 08:00:04 2024
phys43199.physics.gatech.edu is reachable. -Mon Jan  1 08:15:04 2024
phys43199.physics.gatech.edu is reachable. -Mon Jan  1 08:30:05 2024
phys43199.physics.gatech.edu is reachable. -Mon Jan  1 08:45:04 2024
phys43199.physics.gatech.edu is reachable. -Mon Jan  1 09:00:05 2024
phys43199.physics.gatech.edu is reachable. -Mon Jan  1 09:15:04 2024
phys43199.physics.gatech.edu is reachable. -Mon Jan  1 09:30:04 2024
phys43199.physics.gatech.edu is reachable. -Mon Jan  1 09:45:05 2024
phys43199.physics.gatech.edu is reachable. -Mon Jan  1 10:00:04 2024
phys43199.physics.gatech.edu is reachable. -Mon Jan  1 10:15:05 2024
phys43199.physics.gatech.edu is reachable. -Mon Jan  1 10:30:04 2024
phys43199.physics.gatech.edu is reachable. -Mon Jan  1 10:45:05 2024
phys43199.physics.gatech.edu is reachable. -Mon Jan  1 11:00:04 2024
phys43199.physics.gatech.edu is reachable. -Mon Jan  1 11:15:04 2024
phys43199.physics.gatech.edu is reachable. -Mon Jan  1 11:30:04 2024
phys43199.physics.gatech.edu is reachable. -Mon Jan  1 11:45:04 2024
phys43199.physics.gatech.edu is reachable. -Mon Jan  1 12:00:05 2024
phys43199.physics.gatech.edu is reachable. -Mon Jan  1 12:15:04 2024
phys43199.physics.gatech.edu is reachable. -Mon Jan  1 12:30:05 2024
phys43199.physics.gatech.edu is reachable. -Mon Jan  1 12:45:04 2024
phys43199.physics.gatech.edu is reachable. -Mon Jan  1 13:00:05 2024
phys43199.physics.gatech.edu is reachable. -Mon Jan  1 13:15:04 2024
phys43199.physics.gatech.edu is reachable. -Mon Jan  1 13:30:04 2024
phys43199.physics.gatech.edu is reachable. -Mon Jan  1 13:45:04 2024
phys43199.physics.gatech.edu is reachable. -Mon Jan  1 14:00:04 2024
phys43199.physics.gatech.edu is reachable. -Mon Jan  1 14:15:04 2024
phys43199.physics.gatech.edu is reachable. -Mon Jan  1 14:30:04 2024
phys43199.physics.gatech.edu is reachable. -Mon Jan  1 14:45:05 2024
phys43199.physics.gatech.edu is reachable. -Mon Jan  1 15:00:04 2024
phys43199.physics.gatech.edu is reachable. -Mon Jan  1 15:15:05 2024
phys43199.physics.gatech.edu is reachable. -Mon Jan  1 15:30:04 2024
phys43199.physics.gatech.edu is reachable. -Mon Jan  1 15:45:05 2024
phys43199.physics.gatech.edu is reachable. -Mon Jan  1 16:00:04 2024
phys43199.physics.gatech.edu is reachable. -Mon Jan  1 16:15:05 2024
phys43199.physics.gatech.edu is reachable. -Mon Jan  1 16:30:04 2024
phys43199.physics.gatech.edu is reachable. -Mon Jan  1 16:45:04 2024
phys43199.physics.gatech.edu is reachable. -Mon Jan  1 17:00:05 2024
phys43199.physics.gatech.edu is reachable. -Mon Jan  1 17:15:04 2024
phys43199.physics.gatech.edu is reachable. -Mon Jan  1 17:30:05 2024
phys43199.physics.gatech.edu is reachable. -Mon Jan  1 17:45:04 2024
phys43199.physics.gatech.edu is reachable. -Mon Jan  1 18:00:04 2024
phys43199.physics.gatech.edu is reachable. -Mon Jan  1 18:15:05 2024
phys43199.physics.gatech.edu is reachable. -Mon Jan  1 18:30:04 2024
phys43199.physics.gatech.edu is reachable. -Mon Jan  1 18:45:05 2024
phys43199.physics.gatech.edu is reachable. -Mon Jan  1 19:00:04 2024
phys43199.physics.gatech.edu is reachable. -Mon Jan  1 19:15:05 2024
phys43199.physics.gatech.edu is reachable. -Mon Jan  1 19:30:04 2024
phys43199.physics.gatech.edu is reachable. -Mon Jan  1 19:45:05 2024
phys43199.physics.gatech.edu is reachable. -Mon Jan  1 20:00:04 2024
phys43199.physics.gatech.edu is reachable. -Mon Jan  1 20:15:04 2024
phys43199.physics.gatech.edu is reachable. -Mon Jan  1 20:30:04 2024
phys43199.physics.gatech.edu is reachable. -Mon Jan  1 20:45:04 2024
phys43199.physics.gatech.edu is reachable. -Mon Jan  1 21:00:05 2024
phys43199.physics.gatech.edu is reachable. -Mon Jan  1 21:15:04 2024
phys43199.physics.gatech.edu is reachable. -Mon Jan  1 21:30:05 2024
phys43199.physics.gatech.edu is reachable. -Mon Jan  1 21:45:04 2024
phys43199.physics.gatech.edu is reachable. -Mon Jan  1 22:00:05 2024
phys43199.physics.gatech.edu is reachable. -Mon Jan  1 22:15:04 2024
phys43199.physics.gatech.edu is reachable. -Mon Jan  1 22:30:04 2024
phys43199.physics.gatech.edu is reachable. -Mon Jan  1 22:45:04 2024
phys43199.physics.gatech.edu is reachable. -Mon Jan  1 23:00:04 2024
phys43199.physics.gatech.edu is reachable. -Mon Jan  1 23:15:05 2024
phys43199.physics.gatech.edu is reachable. -Mon Jan  1 23:30:04 2024
phys43199.physics.gatech.edu is reachable. -Mon Jan  1 23:45:05 2024
phys43199.physics.gatech.edu is reachable. -Tue Jan  2 00:00:04 2024
phys43199.physics.gatech.edu is reachable. -Tue Jan  2 00:15:04 2024
phys43199.physics.gatech.edu is reachable. -Tue Jan  2 00:30:05 2024
phys43199.physics.gatech.edu is reachable. -Tue Jan  2 00:45:04 2024
phys43199.physics.gatech.edu is reachable. -Tue Jan  2 01:00:05 2024
phys43199.physics.gatech.edu is reachable. -Tue Jan  2 01:15:05 2024
phys43199.physics.gatech.edu is reachable. -Tue Jan  2 01:30:04 2024
phys43199.physics.gatech.edu is reachable. -Tue Jan  2 01:45:04 2024
phys43199.physics.gatech.edu is reachable. -Tue Jan  2 02:00:04 2024
phys43199.physics.gatech.edu is reachable. -Tue Jan  2 02:15:05 2024
phys43199.physics.gatech.edu is reachable. -Tue Jan  2 02:30:04 2024
phys43199.physics.gatech.edu is reachable. -Tue Jan  2 02:45:04 2024
phys43199.physics.gatech.edu is reachable. -Tue Jan  2 03:00:04 2024
phys43199.physics.gatech.edu is reachable. -Tue Jan  2 03:15:05 2024
phys43199.physics.gatech.edu is reachable. -Tue Jan  2 03:30:04 2024
phys43199.physics.gatech.edu is reachable. -Tue Jan  2 03:45:04 2024
phys43199.physics.gatech.edu is reachable. -Tue Jan  2 04:00:04 2024
phys43199.physics.gatech.edu is reachable. -Tue Jan  2 04:15:04 2024
phys43199.physics.gatech.edu is reachable. -Tue Jan  2 04:30:04 2024
phys43199.physics.gatech.edu is reachable. -Tue Jan  2 04:45:04 2024
phys43199.physics.gatech.edu is reachable. -Tue Jan  2 05:00:04 2024
phys43199.physics.gatech.edu is reachable. -Tue Jan  2 05:15:04 2024
phys43199.physics.gatech.edu is reachable. -Tue Jan  2 05:30:04 2024
phys43199.physics.gatech.edu is reachable. -Tue Jan  2 05:45:04 2024
phys43199.physics.gatech.edu is reachable. -Tue Jan  2 06:00:04 2024
phys43199.physics.gatech.edu is reachable. -Tue Jan  2 06:15:04 2024
phys43199.physics.gatech.edu is reachable. -Tue Jan  2 06:30:05 2024
phys43199.physics.gatech.edu is reachable. -Tue Jan  2 06:45:04 2024
phys43199.physics.gatech.edu is reachable. -Tue Jan  2 07:00:05 2024
phys43199.physics.gatech.edu is reachable. -Tue Jan  2 07:15:04 2024
phys43199.physics.gatech.edu is reachable. -Tue Jan  2 07:30:04 2024
phys43199.physics.gatech.edu is reachable. -Tue Jan  2 07:45:04 2024
phys43199.physics.gatech.edu is reachable. -Tue Jan  2 08:00:04 2024
phys43199.physics.gatech.edu is reachable. -Tue Jan  2 08:15:05 2024
phys43199.physics.gatech.edu is reachable. -Tue Jan  2 08:30:04 2024
phys43199.physics.gatech.edu is reachable. -Tue Jan  2 08:45:05 2024
phys43199.physics.gatech.edu is reachable. -Tue Jan  2 09:00:04 2024
phys43199.physics.gatech.edu is reachable. -Tue Jan  2 09:15:05 2024
phys43199.physics.gatech.edu is reachable. -Tue Jan  2 09:30:04 2024
phys43199.physics.gatech.edu is reachable. -Tue Jan  2 09:45:05 2024
phys43199.physics.gatech.edu is reachable. -Tue Jan  2 10:00:04 2024
phys43199.physics.gatech.edu is reachable. -Tue Jan  2 10:15:05 2024
phys43199.physics.gatech.edu is reachable. -Tue Jan  2 10:30:04 2024
phys43199.physics.gatech.edu is reachable. -Tue Jan  2 10:45:04 2024
phys43199.physics.gatech.edu is reachable. -Tue Jan  2 11:00:04 2024
phys43199.physics.gatech.edu is reachable. -Tue Jan  2 11:15:04 2024
phys43199.physics.gatech.edu is reachable. -Tue Jan  2 11:30:04 2024
phys43199.physics.gatech.edu is reachable. -Tue Jan  2 11:45:04 2024
phys43199.physics.gatech.edu is reachable. -Tue Jan  2 12:00:05 2024
phys43199.physics.gatech.edu is reachable. -Tue Jan  2 12:15:04 2024
phys43199.physics.gatech.edu is reachable. -Tue Jan  2 12:30:05 2024
phys43199.physics.gatech.edu is reachable. -Tue Jan  2 12:45:04 2024
phys43199.physics.gatech.edu is reachable. -Tue Jan  2 13:00:04 2024
phys43199.physics.gatech.edu is reachable. -Tue Jan  2 13:15:04 2024
phys43199.physics.gatech.edu is reachable. -Tue Jan  2 13:30:04 2024
phys43199.physics.gatech.edu is reachable. -Tue Jan  2 13:45:05 2024
phys43199.physics.gatech.edu is reachable. -Tue Jan  2 14:00:04 2024
phys43199.physics.gatech.edu is reachable. -Tue Jan  2 14:15:05 2024
phys43199.physics.gatech.edu is reachable. -Tue Jan  2 14:30:04 2024
phys43199.physics.gatech.edu is reachable. -Tue Jan  2 14:45:04 2024
phys43199.physics.gatech.edu is reachable. -Tue Jan  2 15:00:04 2024
phys43199.physics.gatech.edu is reachable. -Tue Jan  2 15:15:04 2024
phys43199.physics.gatech.edu is reachable. -Tue Jan  2 15:30:05 2024
phys43199.physics.gatech.edu is reachable. -Tue Jan  2 15:45:04 2024
phys43199.physics.gatech.edu is reachable. -Tue Jan  2 16:00:05 2024
phys43199.physics.gatech.edu is reachable. -Tue Jan  2 16:15:04 2024
phys43199.physics.gatech.edu is reachable. -Tue Jan  2 16:30:05 2024
phys43199.physics.gatech.edu is reachable. -Tue Jan  2 16:45:04 2024
phys43199.physics.gatech.edu is reachable. -Tue Jan  2 17:00:04 2024
phys43199.physics.gatech.edu is reachable. -Tue Jan  2 17:15:04 2024
phys43199.physics.gatech.edu is reachable. -Tue Jan  2 17:30:04 2024
phys43199.physics.gatech.edu is reachable. -Tue Jan  2 17:45:04 2024
phys43199.physics.gatech.edu is reachable. -Tue Jan  2 18:00:04 2024
phys43199.physics.gatech.edu is reachable. -Tue Jan  2 18:15:05 2024
phys43199.physics.gatech.edu is reachable. -Tue Jan  2 18:30:04 2024
phys43199.physics.gatech.edu is reachable. -Tue Jan  2 18:45:04 2024
phys43199.physics.gatech.edu is reachable. -Tue Jan  2 19:00:04 2024
phys43199.physics.gatech.edu is reachable. -Tue Jan  2 19:15:04 2024
phys43199.physics.gatech.edu is reachable. -Tue Jan  2 19:30:05 2024
phys43199.physics.gatech.edu is reachable. -Tue Jan  2 19:45:04 2024
phys43199.physics.gatech.edu is reachable. -Tue Jan  2 20:00:05 2024
phys43199.physics.gatech.edu is reachable. -Tue Jan  2 20:15:04 2024
phys43199.physics.gatech.edu is reachable. -Tue Jan  2 20:30:05 2024
phys43199.physics.gatech.edu is reachable. -Tue Jan  2 20:45:04 2024
phys43199.physics.gatech.edu is reachable. -Tue Jan  2 21:00:04 2024
phys43199.physics.gatech.edu is reachable. -Tue Jan  2 21:15:04 2024
phys43199.physics.gatech.edu is reachable. -Tue Jan  2 21:30:04 2024
phys43199.physics.gatech.edu is reachable. -Tue Jan  2 21:45:04 2024
phys43199.physics.gatech.edu is reachable. -Tue Jan  2 22:00:04 2024
phys43199.physics.gatech.edu is reachable. -Tue Jan  2 22:15:05 2024
phys43199.physics.gatech.edu is reachable. -Tue Jan  2 22:30:04 2024
phys43199.physics.gatech.edu is reachable. -Tue Jan  2 22:45:05 2024
phys43199.physics.gatech.edu is reachable. -Tue Jan  2 23:00:04 2024
phys43199.physics.gatech.edu is reachable. -Tue Jan  2 23:15:05 2024
phys43199.physics.gatech.edu is reachable. -Tue Jan  2 23:30:04 2024
phys43199.physics.gatech.edu is reachable. -Tue Jan  2 23:45:05 2024
phys43199.physics.gatech.edu is reachable. -Wed Jan  3 00:00:04 2024
phys43199.physics.gatech.edu is reachable. -Wed Jan  3 00:15:04 2024
phys43199.physics.gatech.edu is reachable. -Wed Jan  3 00:30:05 2024
phys43199.physics.gatech.edu is reachable. -Wed Jan  3 00:45:04 2024
phys43199.physics.gatech.edu is reachable. -Wed Jan  3 01:00:05 2024
phys43199.physics.gatech.edu is reachable. -Wed Jan  3 01:15:04 2024
phys43199.physics.gatech.edu is reachable. -Wed Jan  3 01:30:04 2024
phys43199.physics.gatech.edu is reachable. -Wed Jan  3 01:45:04 2024
phys43199.physics.gatech.edu is reachable. -Wed Jan  3 02:00:04 2024
phys43199.physics.gatech.edu is reachable. -Wed Jan  3 02:15:05 2024
phys43199.physics.gatech.edu is reachable. -Wed Jan  3 02:30:04 2024
phys43199.physics.gatech.edu is reachable. -Wed Jan  3 02:45:05 2024
phys43199.physics.gatech.edu is reachable. -Wed Jan  3 03:00:04 2024
phys43199.physics.gatech.edu is reachable. -Wed Jan  3 03:15:05 2024
phys43199.physics.gatech.edu is reachable. -Wed Jan  3 03:30:04 2024
phys43199.physics.gatech.edu is reachable. -Wed Jan  3 03:45:04 2024
phys43199.physics.gatech.edu is reachable. -Wed Jan  3 04:00:04 2024
phys43199.physics.gatech.edu is reachable. -Wed Jan  3 04:15:04 2024
phys43199.physics.gatech.edu is reachable. -Wed Jan  3 04:30:05 2024
phys43199.physics.gatech.edu is reachable. -Wed Jan  3 04:45:04 2024
phys43199.physics.gatech.edu is reachable. -Wed Jan  3 05:00:05 2024
phys43199.physics.gatech.edu is reachable. -Wed Jan  3 05:15:04 2024
phys43199.physics.gatech.edu is reachable. -Wed Jan  3 05:30:05 2024
phys43199.physics.gatech.edu is reachable. -Wed Jan  3 05:45:04 2024
phys43199.physics.gatech.edu is reachable. -Wed Jan  3 06:00:05 2024
phys43199.physics.gatech.edu is reachable. -Wed Jan  3 06:15:04 2024
phys43199.physics.gatech.edu is reachable. -Wed Jan  3 06:30:04 2024
phys43199.physics.gatech.edu is reachable. -Wed Jan  3 06:45:05 2024
phys43199.physics.gatech.edu is reachable. -Wed Jan  3 07:00:04 2024
phys43199.physics.gatech.edu is reachable. -Wed Jan  3 07:15:05 2024
phys43199.physics.gatech.edu is reachable. -Wed Jan  3 07:30:04 2024
phys43199.physics.gatech.edu is reachable. -Wed Jan  3 07:45:05 2024
phys43199.physics.gatech.edu is reachable. -Wed Jan  3 08:00:04 2024
phys43199.physics.gatech.edu is reachable. -Wed Jan  3 08:15:05 2024
phys43199.physics.gatech.edu is reachable. -Wed Jan  3 08:30:04 2024
phys43199.physics.gatech.edu is reachable. -Wed Jan  3 08:45:05 2024
phys43199.physics.gatech.edu is reachable. -Wed Jan  3 09:00:04 2024
phys43199.physics.gatech.edu is reachable. -Wed Jan  3 09:15:05 2024
phys43199.physics.gatech.edu is reachable. -Wed Jan  3 09:30:04 2024
phys43199.physics.gatech.edu is reachable. -Wed Jan  3 09:45:04 2024
phys43199.physics.gatech.edu is reachable. -Wed Jan  3 10:00:04 2024
phys43199.physics.gatech.edu is reachable. -Wed Jan  3 10:15:04 2024
phys43199.physics.gatech.edu is reachable. -Wed Jan  3 10:30:05 2024
phys43199.physics.gatech.edu is reachable. -Wed Jan  3 10:45:04 2024
phys43199.physics.gatech.edu is reachable. -Wed Jan  3 11:00:05 2024
phys43199.physics.gatech.edu is reachable. -Wed Jan  3 11:15:04 2024
phys43199.physics.gatech.edu is reachable. -Wed Jan  3 11:30:05 2024
phys43199.physics.gatech.edu is reachable. -Wed Jan  3 11:45:04 2024
phys43199.physics.gatech.edu is reachable. -Wed Jan  3 12:00:04 2024
phys43199.physics.gatech.edu is reachable. -Wed Jan  3 12:15:04 2024
phys43199.physics.gatech.edu is reachable. -Wed Jan  3 12:30:04 2024
phys43199.physics.gatech.edu is reachable. -Wed Jan  3 12:45:04 2024
phys43199.physics.gatech.edu is reachable. -Wed Jan  3 13:00:04 2024
phys43199.physics.gatech.edu is reachable. -Wed Jan  3 13:15:04 2024
phys43199.physics.gatech.edu is reachable. -Wed Jan  3 13:30:04 2024
phys43199.physics.gatech.edu is reachable. -Wed Jan  3 13:45:05 2024
phys43199.physics.gatech.edu is reachable. -Wed Jan  3 14:00:04 2024
phys43199.physics.gatech.edu is reachable. -Wed Jan  3 14:15:04 2024
phys43199.physics.gatech.edu is reachable. -Wed Jan  3 14:30:04 2024
phys43199.physics.gatech.edu is reachable. -Wed Jan  3 14:45:04 2024
phys43199.physics.gatech.edu is reachable. -Wed Jan  3 15:00:04 2024
phys43199.physics.gatech.edu is reachable. -Wed Jan  3 15:15:05 2024
phys43199.physics.gatech.edu is reachable. -Wed Jan  3 15:30:05 2024
phys43199.physics.gatech.edu is reachable. -Wed Jan  3 15:45:04 2024
phys43199.physics.gatech.edu is reachable. -Wed Jan  3 16:00:04 2024
phys43199.physics.gatech.edu is reachable. -Wed Jan  3 16:15:04 2024
phys43199.physics.gatech.edu is reachable. -Wed Jan  3 16:30:04 2024
phys43199.physics.gatech.edu is reachable. -Wed Jan  3 16:45:05 2024
phys43199.physics.gatech.edu is reachable. -Wed Jan  3 17:00:04 2024
phys43199.physics.gatech.edu is reachable. -Wed Jan  3 17:15:05 2024
phys43199.physics.gatech.edu is reachable. -Wed Jan  3 17:30:04 2024
phys43199.physics.gatech.edu is reachable. -Wed Jan  3 17:45:05 2024
phys43199.physics.gatech.edu is reachable. -Wed Jan  3 18:00:04 2024
phys43199.physics.gatech.edu is reachable. -Wed Jan  3 18:15:05 2024
phys43199.physics.gatech.edu is reachable. -Wed Jan  3 18:30:04 2024
phys43199.physics.gatech.edu is reachable. -Wed Jan  3 18:45:05 2024
phys43199.physics.gatech.edu is reachable. -Wed Jan  3 19:00:04 2024
phys43199.physics.gatech.edu is reachable. -Wed Jan  3 19:15:05 2024
phys43199.physics.gatech.edu is reachable. -Wed Jan  3 19:30:04 2024
phys43199.physics.gatech.edu is reachable. -Wed Jan  3 19:45:04 2024
phys43199.physics.gatech.edu is reachable. -Wed Jan  3 20:00:05 2024
phys43199.physics.gatech.edu is reachable. -Wed Jan  3 20:15:04 2024
phys43199.physics.gatech.edu is reachable. -Wed Jan  3 20:30:05 2024
phys43199.physics.gatech.edu is reachable. -Wed Jan  3 20:45:05 2024
phys43199.physics.gatech.edu is reachable. -Wed Jan  3 21:00:04 2024
phys43199.physics.gatech.edu is reachable. -Wed Jan  3 21:15:05 2024
phys43199.physics.gatech.edu is reachable. -Wed Jan  3 21:30:04 2024
phys43199.physics.gatech.edu is reachable. -Wed Jan  3 21:45:04 2024
phys43199.physics.gatech.edu is reachable. -Wed Jan  3 22:00:04 2024
phys43199.physics.gatech.edu is reachable. -Wed Jan  3 22:15:04 2024
phys43199.physics.gatech.edu is reachable. -Wed Jan  3 22:30:05 2024
phys43199.physics.gatech.edu is reachable. -Wed Jan  3 22:45:04 2024
phys43199.physics.gatech.edu is reachable. -Wed Jan  3 23:00:05 2024
phys43199.physics.gatech.edu is reachable. -Wed Jan  3 23:15:04 2024
phys43199.physics.gatech.edu is reachable. -Wed Jan  3 23:30:04 2024
phys43199.physics.gatech.edu is reachable. -Wed Jan  3 23:45:05 2024
phys43199.physics.gatech.edu is reachable. -Thu Jan  4 00:00:04 2024
phys43199.physics.gatech.edu is reachable. -Thu Jan  4 00:15:05 2024
phys43199.physics.gatech.edu is reachable. -Thu Jan  4 00:30:04 2024
phys43199.physics.gatech.edu is reachable. -Thu Jan  4 00:45:05 2024
phys43199.physics.gatech.edu is reachable. -Thu Jan  4 01:00:04 2024
phys43199.physics.gatech.edu is reachable. -Thu Jan  4 01:15:05 2024
phys43199.physics.gatech.edu is reachable. -Thu Jan  4 01:30:04 2024
phys43199.physics.gatech.edu is reachable. -Thu Jan  4 01:45:05 2024
phys43199.physics.gatech.edu is reachable. -Thu Jan  4 02:00:04 2024
phys43199.physics.gatech.edu is reachable. -Thu Jan  4 02:15:05 2024
phys43199.physics.gatech.edu is reachable. -Thu Jan  4 02:30:04 2024
phys43199.physics.gatech.edu is reachable. -Thu Jan  4 02:45:05 2024
phys43199.physics.gatech.edu is reachable. -Thu Jan  4 03:00:04 2024
phys43199.physics.gatech.edu is reachable. -Thu Jan  4 03:15:04 2024
phys43199.physics.gatech.edu is reachable. -Thu Jan  4 03:30:04 2024
phys43199.physics.gatech.edu is reachable. -Thu Jan  4 03:45:04 2024
phys43199.physics.gatech.edu is reachable. -Thu Jan  4 04:00:05 2024
phys43199.physics.gatech.edu is reachable. -Thu Jan  4 04:15:04 2024
phys43199.physics.gatech.edu is reachable. -Thu Jan  4 04:30:05 2024
phys43199.physics.gatech.edu is reachable. -Thu Jan  4 04:45:04 2024
phys43199.physics.gatech.edu is reachable. -Thu Jan  4 05:00:05 2024
phys43199.physics.gatech.edu is reachable. -Thu Jan  4 05:15:04 2024
phys43199.physics.gatech.edu is reachable. -Thu Jan  4 05:30:04 2024
phys43199.physics.gatech.edu is reachable. -Thu Jan  4 05:45:05 2024
phys43199.physics.gatech.edu is reachable. -Thu Jan  4 06:00:04 2024
phys43199.physics.gatech.edu is reachable. -Thu Jan  4 06:15:05 2024
phys43199.physics.gatech.edu is reachable. -Thu Jan  4 06:30:04 2024
phys43199.physics.gatech.edu is reachable. -Thu Jan  4 06:45:05 2024
phys43199.physics.gatech.edu is reachable. -Thu Jan  4 07:00:04 2024
phys43199.physics.gatech.edu is reachable. -Thu Jan  4 07:15:05 2024
phys43199.physics.gatech.edu is reachable. -Thu Jan  4 07:30:04 2024
phys43199.physics.gatech.edu is reachable. -Thu Jan  4 07:45:04 2024
phys43199.physics.gatech.edu is reachable. -Thu Jan  4 08:00:04 2024
phys43199.physics.gatech.edu is reachable. -Thu Jan  4 08:15:04 2024
phys43199.physics.gatech.edu is reachable. -Thu Jan  4 08:30:05 2024
phys43199.physics.gatech.edu is reachable. -Thu Jan  4 08:45:04 2024
phys43199.physics.gatech.edu is reachable. -Thu Jan  4 09:00:05 2024
phys43199.physics.gatech.edu is reachable. -Thu Jan  4 09:15:04 2024
phys43199.physics.gatech.edu is reachable. -Thu Jan  4 09:30:05 2024
phys43199.physics.gatech.edu is reachable. -Thu Jan  4 09:45:04 2024
phys43199.physics.gatech.edu is reachable. -Thu Jan  4 10:00:05 2024
phys43199.physics.gatech.edu is reachable. -Thu Jan  4 10:15:04 2024
phys43199.physics.gatech.edu is reachable. -Thu Jan  4 10:30:05 2024
phys43199.physics.gatech.edu is reachable. -Thu Jan  4 10:45:04 2024
phys43199.physics.gatech.edu is reachable. -Thu Jan  4 11:00:04 2024
phys43199.physics.gatech.edu is reachable. -Thu Jan  4 11:15:04 2024
phys43199.physics.gatech.edu is reachable. -Thu Jan  4 11:30:04 2024
phys43199.physics.gatech.edu is reachable. -Thu Jan  4 11:45:05 2024
phys43199.physics.gatech.edu is reachable. -Thu Jan  4 12:00:04 2024
phys43199.physics.gatech.edu is reachable. -Thu Jan  4 12:15:05 2024
phys43199.physics.gatech.edu is reachable. -Thu Jan  4 12:30:04 2024
phys43199.physics.gatech.edu is reachable. -Thu Jan  4 12:45:05 2024
phys43199.physics.gatech.edu is reachable. -Thu Jan  4 13:00:04 2024
phys43199.physics.gatech.edu is reachable. -Thu Jan  4 13:15:04 2024
phys43199.physics.gatech.edu is reachable. -Thu Jan  4 13:30:04 2024
phys43199.physics.gatech.edu is reachable. -Thu Jan  4 13:45:04 2024
phys43199.physics.gatech.edu is reachable. -Thu Jan  4 14:00:04 2024
phys43199.physics.gatech.edu is reachable. -Thu Jan  4 14:15:04 2024
phys43199.physics.gatech.edu is reachable. -Thu Jan  4 14:30:04 2024
phys43199.physics.gatech.edu is reachable. -Thu Jan  4 14:45:04 2024
phys43199.physics.gatech.edu is reachable. -Thu Jan  4 15:00:04 2024
phys43199.physics.gatech.edu is reachable. -Thu Jan  4 15:15:04 2024
phys43199.physics.gatech.edu is reachable. -Thu Jan  4 15:30:05 2024
phys43199.physics.gatech.edu is reachable. -Thu Jan  4 15:45:04 2024
phys43199.physics.gatech.edu is reachable. -Thu Jan  4 16:00:05 2024
phys43199.physics.gatech.edu is reachable. -Thu Jan  4 16:15:04 2024
phys43199.physics.gatech.edu is reachable. -Thu Jan  4 16:30:05 2024
phys43199.physics.gatech.edu is reachable. -Thu Jan  4 16:45:04 2024
phys43199.physics.gatech.edu is reachable. -Thu Jan  4 17:00:05 2024
phys43199.physics.gatech.edu is reachable. -Thu Jan  4 17:15:04 2024
phys43199.physics.gatech.edu is reachable. -Thu Jan  4 17:30:05 2024
phys43199.physics.gatech.edu is reachable. -Thu Jan  4 17:45:04 2024
phys43199.physics.gatech.edu is reachable. -Thu Jan  4 18:00:05 2024
phys43199.physics.gatech.edu is reachable. -Thu Jan  4 18:15:04 2024
phys43199.physics.gatech.edu is reachable. -Thu Jan  4 18:30:05 2024
phys43199.physics.gatech.edu is reachable. -Thu Jan  4 18:45:04 2024
phys43199.physics.gatech.edu is reachable. -Thu Jan  4 19:00:05 2024
phys43199.physics.gatech.edu is reachable. -Thu Jan  4 19:15:04 2024
phys43199.physics.gatech.edu is reachable. -Thu Jan  4 19:30:04 2024
phys43199.physics.gatech.edu is reachable. -Thu Jan  4 19:45:05 2024
phys43199.physics.gatech.edu is reachable. -Thu Jan  4 20:00:04 2024
phys43199.physics.gatech.edu is reachable. -Thu Jan  4 20:15:05 2024
phys43199.physics.gatech.edu is reachable. -Thu Jan  4 20:30:04 2024
phys43199.physics.gatech.edu is reachable. -Thu Jan  4 20:45:04 2024
phys43199.physics.gatech.edu is reachable. -Thu Jan  4 21:00:04 2024
phys43199.physics.gatech.edu is reachable. -Thu Jan  4 21:15:04 2024
phys43199.physics.gatech.edu is reachable. -Thu Jan  4 21:30:04 2024
phys43199.physics.gatech.edu is reachable. -Thu Jan  4 21:45:04 2024
phys43199.physics.gatech.edu is reachable. -Thu Jan  4 22:00:04 2024
phys43199.physics.gatech.edu is reachable. -Thu Jan  4 22:15:04 2024
phys43199.physics.gatech.edu is reachable. -Thu Jan  4 22:30:04 2024
phys43199.physics.gatech.edu is reachable. -Thu Jan  4 22:45:04 2024
phys43199.physics.gatech.edu is reachable. -Thu Jan  4 23:00:05 2024
phys43199.physics.gatech.edu is reachable. -Thu Jan  4 23:15:04 2024
phys43199.physics.gatech.edu is reachable. -Thu Jan  4 23:30:05 2024
phys43199.physics.gatech.edu is reachable. -Thu Jan  4 23:45:04 2024
phys43199.physics.gatech.edu is reachable. -Fri Jan  5 00:00:05 2024
phys43199.physics.gatech.edu is reachable. -Fri Jan  5 00:15:04 2024
phys43199.physics.gatech.edu is reachable. -Fri Jan  5 00:30:04 2024
phys43199.physics.gatech.edu is not reachable. -Fri Jan  5 00:00:31 2024
shut_door FAILURE Fri Jan  5 00:00:31 2024
Turning off outlets Fri Jan  5 00:43:43 2024
outlets_off FAILURE Fri Jan  5 00:43:43 2024
phys43199.physics.gatech.edu is reachable. -Fri Jan  5 00:45:04 2024
phys43199.physics.gatech.edu is reachable. -Fri Jan  5 01:00:05 2024
phys43199.physics.gatech.edu is reachable. -Fri Jan  5 01:15:04 2024
phys43199.physics.gatech.edu is reachable. -Fri Jan  5 01:30:05 2024
phys43199.physics.gatech.edu is reachable. -Fri Jan  5 01:45:04 2024
phys43199.physics.gatech.edu is reachable. -Fri Jan  5 02:00:04 2024
phys43199.physics.gatech.edu is reachable. -Fri Jan  5 02:15:04 2024
phys43199.physics.gatech.edu is reachable. -Fri Jan  5 02:30:04 2024
phys43199.physics.gatech.edu is reachable. -Fri Jan  5 02:45:04 2024
phys43199.physics.gatech.edu is reachable. -Fri Jan  5 03:00:04 2024
phys43199.physics.gatech.edu is reachable. -Fri Jan  5 03:15:05 2024
phys43199.physics.gatech.edu is reachable. -Fri Jan  5 03:30:04 2024
phys43199.physics.gatech.edu is reachable. -Fri Jan  5 03:45:05 2024
phys43199.physics.gatech.edu is reachable. -Fri Jan  5 04:00:04 2024
phys43199.physics.gatech.edu is reachable. -Fri Jan  5 04:15:04 2024
phys43199.physics.gatech.edu is reachable. -Fri Jan  5 04:30:05 2024
phys43199.physics.gatech.edu is reachable. -Fri Jan  5 04:45:04 2024
phys43199.physics.gatech.edu is reachable. -Fri Jan  5 05:00:05 2024
phys43199.physics.gatech.edu is reachable. -Fri Jan  5 05:15:04 2024
phys43199.physics.gatech.edu is reachable. -Fri Jan  5 05:30:05 2024
phys43199.physics.gatech.edu is reachable. -Fri Jan  5 05:45:04 2024
phys43199.physics.gatech.edu is reachable. -Fri Jan  5 06:00:05 2024
phys43199.physics.gatech.edu is reachable. -Fri Jan  5 06:15:04 2024
phys43199.physics.gatech.edu is reachable. -Fri Jan  5 06:30:04 2024
phys43199.physics.gatech.edu is reachable. -Fri Jan  5 06:45:05 2024
phys43199.physics.gatech.edu is reachable. -Fri Jan  5 07:00:04 2024
phys43199.physics.gatech.edu is reachable. -Fri Jan  5 07:15:05 2024
phys43199.physics.gatech.edu is reachable. -Fri Jan  5 07:30:04 2024
phys43199.physics.gatech.edu is reachable. -Fri Jan  5 07:45:04 2024
phys43199.physics.gatech.edu is reachable. -Fri Jan  5 08:00:05 2024
phys43199.physics.gatech.edu is reachable. -Fri Jan  5 08:15:04 2024
phys43199.physics.gatech.edu is reachable. -Fri Jan  5 08:30:05 2024
phys43199.physics.gatech.edu is reachable. -Fri Jan  5 08:45:04 2024
phys43199.physics.gatech.edu is reachable. -Fri Jan  5 09:00:04 2024
phys43199.physics.gatech.edu is reachable. -Fri Jan  5 09:15:04 2024
phys43199.physics.gatech.edu is reachable. -Fri Jan  5 09:30:04 2024
phys43199.physics.gatech.edu is reachable. -Fri Jan  5 09:45:05 2024
phys43199.physics.gatech.edu is reachable. -Fri Jan  5 10:00:04 2024
phys43199.physics.gatech.edu is reachable. -Fri Jan  5 10:15:05 2024
phys43199.physics.gatech.edu is reachable. -Fri Jan  5 10:30:04 2024
phys43199.physics.gatech.edu is reachable. -Fri Jan  5 10:45:04 2024
phys43199.physics.gatech.edu is reachable. -Fri Jan  5 11:00:04 2024
phys43199.physics.gatech.edu is reachable. -Fri Jan  5 11:15:04 2024
phys43199.physics.gatech.edu is reachable. -Fri Jan  5 11:30:05 2024
phys43199.physics.gatech.edu is reachable. -Fri Jan  5 11:45:04 2024
phys43199.physics.gatech.edu is reachable. -Fri Jan  5 12:00:05 2024
phys43199.physics.gatech.edu is reachable. -Fri Jan  5 12:15:04 2024
phys43199.physics.gatech.edu is reachable. -Fri Jan  5 12:30:05 2024
phys43199.physics.gatech.edu is reachable. -Fri Jan  5 12:45:04 2024
phys43199.physics.gatech.edu is reachable. -Fri Jan  5 13:00:05 2024
phys43199.physics.gatech.edu is reachable. -Fri Jan  5 13:15:04 2024
phys43199.physics.gatech.edu is reachable. -Fri Jan  5 13:30:05 2024
phys43199.physics.gatech.edu is reachable. -Fri Jan  5 13:45:04 2024
phys43199.physics.gatech.edu is reachable. -Fri Jan  5 14:00:05 2024
phys43199.physics.gatech.edu is reachable. -Fri Jan  5 14:15:04 2024
phys43199.physics.gatech.edu is reachable. -Fri Jan  5 14:30:05 2024
phys43199.physics.gatech.edu is reachable. -Fri Jan  5 14:45:04 2024
phys43199.physics.gatech.edu is reachable. -Fri Jan  5 15:00:04 2024
phys43199.physics.gatech.edu is reachable. -Fri Jan  5 15:15:04 2024
phys43199.physics.gatech.edu is reachable. -Fri Jan  5 15:30:04 2024
phys43199.physics.gatech.edu is reachable. -Fri Jan  5 15:45:04 2024
phys43199.physics.gatech.edu is reachable. -Fri Jan  5 16:00:04 2024
phys43199.physics.gatech.edu is reachable. -Fri Jan  5 16:15:05 2024
phys43199.physics.gatech.edu is reachable. -Fri Jan  5 16:30:04 2024
phys43199.physics.gatech.edu is reachable. -Fri Jan  5 16:45:05 2024
phys43199.physics.gatech.edu is reachable. -Fri Jan  5 17:00:04 2024
phys43199.physics.gatech.edu is reachable. -Fri Jan  5 17:15:05 2024
phys43199.physics.gatech.edu is reachable. -Fri Jan  5 17:30:04 2024
phys43199.physics.gatech.edu is reachable. -Fri Jan  5 17:45:05 2024
phys43199.physics.gatech.edu is reachable. -Fri Jan  5 18:00:04 2024
phys43199.physics.gatech.edu is reachable. -Fri Jan  5 18:15:05 2024
phys43199.physics.gatech.edu is reachable. -Fri Jan  5 18:30:04 2024
phys43199.physics.gatech.edu is reachable. -Fri Jan  5 18:45:05 2024
phys43199.physics.gatech.edu is reachable. -Fri Jan  5 19:00:04 2024
phys43199.physics.gatech.edu is reachable. -Fri Jan  5 19:15:05 2024
phys43199.physics.gatech.edu is reachable. -Fri Jan  5 19:30:04 2024
phys43199.physics.gatech.edu is reachable. -Fri Jan  5 19:45:05 2024
phys43199.physics.gatech.edu is reachable. -Fri Jan  5 20:00:04 2024
phys43199.physics.gatech.edu is reachable. -Fri Jan  5 20:15:04 2024
phys43199.physics.gatech.edu is reachable. -Fri Jan  5 20:30:04 2024
phys43199.physics.gatech.edu is reachable. -Fri Jan  5 20:45:04 2024
phys43199.physics.gatech.edu is reachable. -Fri Jan  5 21:00:05 2024
phys43199.physics.gatech.edu is reachable. -Fri Jan  5 21:15:04 2024
phys43199.physics.gatech.edu is reachable. -Fri Jan  5 21:30:04 2024
phys43199.physics.gatech.edu is reachable. -Fri Jan  5 21:45:04 2024
phys43199.physics.gatech.edu is reachable. -Fri Jan  5 22:00:04 2024
phys43199.physics.gatech.edu is reachable. -Fri Jan  5 22:15:04 2024
phys43199.physics.gatech.edu is reachable. -Fri Jan  5 22:30:05 2024
phys43199.physics.gatech.edu is reachable. -Fri Jan  5 22:45:04 2024
phys43199.physics.gatech.edu is reachable. -Fri Jan  5 23:00:05 2024
phys43199.physics.gatech.edu is reachable. -Fri Jan  5 23:15:04 2024
phys43199.physics.gatech.edu is reachable. -Fri Jan  5 23:30:05 2024
phys43199.physics.gatech.edu is reachable. -Fri Jan  5 23:45:04 2024
phys43199.physics.gatech.edu is reachable. -Sat Jan  6 00:00:05 2024
phys43199.physics.gatech.edu is reachable. -Sat Jan  6 00:15:04 2024
phys43199.physics.gatech.edu is reachable. -Sat Jan  6 00:30:05 2024
phys43199.physics.gatech.edu is reachable. -Sat Jan  6 00:45:04 2024
phys43199.physics.gatech.edu is reachable. -Sat Jan  6 01:00:05 2024
phys43199.physics.gatech.edu is reachable. -Sat Jan  6 01:15:04 2024
phys43199.physics.gatech.edu is reachable. -Sat Jan  6 01:30:05 2024
phys43199.physics.gatech.edu is reachable. -Sat Jan  6 01:45:04 2024
phys43199.physics.gatech.edu is reachable. -Sat Jan  6 02:00:05 2024
phys43199.physics.gatech.edu is reachable. -Sat Jan  6 02:15:04 2024
phys43199.physics.gatech.edu is reachable. -Sat Jan  6 02:30:04 2024
phys43199.physics.gatech.edu is reachable. -Sat Jan  6 02:45:04 2024
phys43199.physics.gatech.edu is reachable. -Sat Jan  6 03:00:04 2024
phys43199.physics.gatech.edu is reachable. -Sat Jan  6 03:15:05 2024
phys43199.physics.gatech.edu is reachable. -Sat Jan  6 03:30:04 2024
phys43199.physics.gatech.edu is reachable. -Sat Jan  6 03:45:05 2024
phys43199.physics.gatech.edu is reachable. -Sat Jan  6 04:00:04 2024
phys43199.physics.gatech.edu is reachable. -Sat Jan  6 04:15:05 2024
phys43199.physics.gatech.edu is reachable. -Sat Jan  6 04:30:04 2024
phys43199.physics.gatech.edu is reachable. -Sat Jan  6 04:45:04 2024
phys43199.physics.gatech.edu is reachable. -Sat Jan  6 05:00:05 2024
phys43199.physics.gatech.edu is reachable. -Sat Jan  6 05:15:04 2024
phys43199.physics.gatech.edu is reachable. -Sat Jan  6 05:30:05 2024
phys43199.physics.gatech.edu is reachable. -Sat Jan  6 05:45:04 2024
phys43199.physics.gatech.edu is reachable. -Sat Jan  6 06:00:05 2024
phys43199.physics.gatech.edu is reachable. -Sat Jan  6 06:15:04 2024
phys43199.physics.gatech.edu is reachable. -Sat Jan  6 06:30:05 2024
phys43199.physics.gatech.edu is reachable. -Sat Jan  6 06:45:04 2024
phys43199.physics.gatech.edu is reachable. -Sat Jan  6 07:00:05 2024
phys43199.physics.gatech.edu is reachable. -Sat Jan  6 07:15:04 2024
phys43199.physics.gatech.edu is reachable. -Sat Jan  6 07:30:05 2024
phys43199.physics.gatech.edu is reachable. -Sat Jan  6 07:45:04 2024
phys43199.physics.gatech.edu is reachable. -Sat Jan  6 08:00:04 2024
phys43199.physics.gatech.edu is reachable. -Sat Jan  6 08:15:04 2024
phys43199.physics.gatech.edu is reachable. -Sat Jan  6 08:30:04 2024
phys43199.physics.gatech.edu is reachable. -Sat Jan  6 08:45:05 2024
phys43199.physics.gatech.edu is reachable. -Sat Jan  6 09:00:04 2024
phys43199.physics.gatech.edu is reachable. -Sat Jan  6 09:15:05 2024
phys43199.physics.gatech.edu is reachable. -Sat Jan  6 09:30:04 2024
phys43199.physics.gatech.edu is reachable. -Sat Jan  6 09:45:05 2024
phys43199.physics.gatech.edu is reachable. -Sat Jan  6 10:00:04 2024
phys43199.physics.gatech.edu is reachable. -Sat Jan  6 10:15:04 2024
phys43199.physics.gatech.edu is reachable. -Sat Jan  6 10:30:04 2024
phys43199.physics.gatech.edu is reachable. -Sat Jan  6 10:45:04 2024
phys43199.physics.gatech.edu is reachable. -Sat Jan  6 11:00:05 2024
phys43199.physics.gatech.edu is reachable. -Sat Jan  6 11:15:04 2024
phys43199.physics.gatech.edu is reachable. -Sat Jan  6 11:30:05 2024
phys43199.physics.gatech.edu is reachable. -Sat Jan  6 11:45:04 2024
phys43199.physics.gatech.edu is reachable. -Sat Jan  6 12:00:04 2024
phys43199.physics.gatech.edu is reachable. -Sat Jan  6 12:15:05 2024
phys43199.physics.gatech.edu is reachable. -Sat Jan  6 12:30:04 2024
phys43199.physics.gatech.edu is reachable. -Sat Jan  6 12:45:05 2024
phys43199.physics.gatech.edu is reachable. -Sat Jan  6 13:00:04 2024
phys43199.physics.gatech.edu is reachable. -Sat Jan  6 13:15:05 2024
phys43199.physics.gatech.edu is reachable. -Sat Jan  6 13:30:04 2024
phys43199.physics.gatech.edu is reachable. -Sat Jan  6 13:45:04 2024
phys43199.physics.gatech.edu is reachable. -Sat Jan  6 14:00:04 2024
phys43199.physics.gatech.edu is reachable. -Sat Jan  6 14:15:04 2024
phys43199.physics.gatech.edu is reachable. -Sat Jan  6 14:30:05 2024
phys43199.physics.gatech.edu is reachable. -Sat Jan  6 14:45:04 2024
phys43199.physics.gatech.edu is reachable. -Sat Jan  6 15:00:04 2024
phys43199.physics.gatech.edu is reachable. -Sat Jan  6 15:15:04 2024
phys43199.physics.gatech.edu is reachable. -Sat Jan  6 15:30:04 2024
phys43199.physics.gatech.edu is reachable. -Sat Jan  6 15:45:05 2024
phys43199.physics.gatech.edu is reachable. -Sat Jan  6 16:00:04 2024
phys43199.physics.gatech.edu is reachable. -Sat Jan  6 16:15:05 2024
phys43199.physics.gatech.edu is reachable. -Sat Jan  6 16:30:04 2024
phys43199.physics.gatech.edu is reachable. -Sat Jan  6 16:45:05 2024
phys43199.physics.gatech.edu is reachable. -Sat Jan  6 17:00:04 2024
phys43199.physics.gatech.edu is reachable. -Sat Jan  6 17:15:05 2024
phys43199.physics.gatech.edu is reachable. -Sat Jan  6 17:30:04 2024
phys43199.physics.gatech.edu is reachable. -Sat Jan  6 17:45:05 2024
phys43199.physics.gatech.edu is reachable. -Sat Jan  6 18:00:04 2024
phys43199.physics.gatech.edu is reachable. -Sat Jan  6 18:15:05 2024
phys43199.physics.gatech.edu is reachable. -Sat Jan  6 18:30:04 2024
phys43199.physics.gatech.edu is reachable. -Sat Jan  6 18:45:04 2024
phys43199.physics.gatech.edu is reachable. -Sat Jan  6 19:00:04 2024
phys43199.physics.gatech.edu is reachable. -Sat Jan  6 19:15:04 2024
phys43199.physics.gatech.edu is reachable. -Sat Jan  6 19:30:04 2024
phys43199.physics.gatech.edu is reachable. -Sat Jan  6 19:45:04 2024
phys43199.physics.gatech.edu is reachable. -Sat Jan  6 20:00:04 2024
phys43199.physics.gatech.edu is reachable. -Sat Jan  6 20:15:04 2024
phys43199.physics.gatech.edu is reachable. -Sat Jan  6 20:30:04 2024
phys43199.physics.gatech.edu is reachable. -Sat Jan  6 20:45:04 2024
phys43199.physics.gatech.edu is reachable. -Sat Jan  6 21:00:04 2024
phys43199.physics.gatech.edu is reachable. -Sat Jan  6 21:15:04 2024
phys43199.physics.gatech.edu is reachable. -Sat Jan  6 21:30:04 2024
phys43199.physics.gatech.edu is reachable. -Sat Jan  6 21:45:04 2024
phys43199.physics.gatech.edu is reachable. -Sat Jan  6 22:00:05 2024
phys43199.physics.gatech.edu is reachable. -Sat Jan  6 22:15:04 2024
phys43199.physics.gatech.edu is reachable. -Sat Jan  6 22:30:05 2024
phys43199.physics.gatech.edu is reachable. -Sat Jan  6 22:45:04 2024
phys43199.physics.gatech.edu is reachable. -Sat Jan  6 23:00:04 2024
phys43199.physics.gatech.edu is reachable. -Sat Jan  6 23:15:04 2024
phys43199.physics.gatech.edu is reachable. -Sat Jan  6 23:30:04 2024
phys43199.physics.gatech.edu is reachable. -Sat Jan  6 23:45:05 2024
phys43199.physics.gatech.edu is reachable. -Sun Jan  7 00:00:04 2024
phys43199.physics.gatech.edu is reachable. -Sun Jan  7 00:15:04 2024
phys43199.physics.gatech.edu is reachable. -Sun Jan  7 00:30:04 2024
phys43199.physics.gatech.edu is reachable. -Sun Jan  7 00:45:04 2024
phys43199.physics.gatech.edu is reachable. -Sun Jan  7 01:00:05 2024
phys43199.physics.gatech.edu is reachable. -Sun Jan  7 01:15:04 2024
phys43199.physics.gatech.edu is reachable. -Sun Jan  7 01:30:05 2024
phys43199.physics.gatech.edu is reachable. -Sun Jan  7 01:45:04 2024
phys43199.physics.gatech.edu is reachable. -Sun Jan  7 02:00:04 2024
phys43199.physics.gatech.edu is reachable. -Sun Jan  7 02:15:04 2024
phys43199.physics.gatech.edu is reachable. -Sun Jan  7 02:30:04 2024
phys43199.physics.gatech.edu is reachable. -Sun Jan  7 02:45:04 2024
phys43199.physics.gatech.edu is reachable. -Sun Jan  7 03:00:04 2024
phys43199.physics.gatech.edu is reachable. -Sun Jan  7 03:15:04 2024
phys43199.physics.gatech.edu is reachable. -Sun Jan  7 03:30:04 2024
phys43199.physics.gatech.edu is reachable. -Sun Jan  7 03:45:05 2024
phys43199.physics.gatech.edu is reachable. -Sun Jan  7 04:00:04 2024
phys43199.physics.gatech.edu is reachable. -Sun Jan  7 04:15:05 2024
phys43199.physics.gatech.edu is reachable. -Sun Jan  7 04:30:04 2024
phys43199.physics.gatech.edu is reachable. -Sun Jan  7 04:45:05 2024
phys43199.physics.gatech.edu is reachable. -Sun Jan  7 05:00:04 2024
phys43199.physics.gatech.edu is reachable. -Sun Jan  7 05:15:05 2024
phys43199.physics.gatech.edu is reachable. -Sun Jan  7 05:30:04 2024
phys43199.physics.gatech.edu is reachable. -Sun Jan  7 05:45:04 2024
phys43199.physics.gatech.edu is reachable. -Sun Jan  7 06:00:04 2024
phys43199.physics.gatech.edu is reachable. -Sun Jan  7 06:15:04 2024
phys43199.physics.gatech.edu is reachable. -Sun Jan  7 06:30:04 2024
phys43199.physics.gatech.edu is reachable. -Sun Jan  7 06:45:04 2024
phys43199.physics.gatech.edu is reachable. -Sun Jan  7 07:00:04 2024
phys43199.physics.gatech.edu is reachable. -Sun Jan  7 07:15:04 2024
phys43199.physics.gatech.edu is reachable. -Sun Jan  7 07:30:04 2024
phys43199.physics.gatech.edu is reachable. -Sun Jan  7 07:45:04 2024
phys43199.physics.gatech.edu is reachable. -Sun Jan  7 08:00:05 2024
phys43199.physics.gatech.edu is reachable. -Sun Jan  7 08:15:04 2024
phys43199.physics.gatech.edu is reachable. -Sun Jan  7 08:30:05 2024
phys43199.physics.gatech.edu is reachable. -Sun Jan  7 08:45:04 2024
phys43199.physics.gatech.edu is reachable. -Sun Jan  7 09:00:05 2024
phys43199.physics.gatech.edu is reachable. -Sun Jan  7 09:15:04 2024
phys43199.physics.gatech.edu is reachable. -Sun Jan  7 09:30:04 2024
phys43199.physics.gatech.edu is reachable. -Sun Jan  7 09:45:04 2024
phys43199.physics.gatech.edu is reachable. -Sun Jan  7 10:00:04 2024
phys43199.physics.gatech.edu is reachable. -Sun Jan  7 10:15:05 2024
phys43199.physics.gatech.edu is reachable. -Sun Jan  7 10:30:04 2024
phys43199.physics.gatech.edu is reachable. -Sun Jan  7 10:45:05 2024
phys43199.physics.gatech.edu is reachable. -Sun Jan  7 11:00:04 2024
phys43199.physics.gatech.edu is reachable. -Sun Jan  7 11:15:05 2024
phys43199.physics.gatech.edu is reachable. -Sun Jan  7 11:30:04 2024
phys43199.physics.gatech.edu is reachable. -Sun Jan  7 11:45:05 2024
phys43199.physics.gatech.edu is reachable. -Sun Jan  7 12:00:04 2024
phys43199.physics.gatech.edu is reachable. -Sun Jan  7 12:15:04 2024
phys43199.physics.gatech.edu is reachable. -Sun Jan  7 12:30:04 2024
phys43199.physics.gatech.edu is reachable. -Sun Jan  7 12:45:04 2024
phys43199.physics.gatech.edu is reachable. -Sun Jan  7 13:00:04 2024
phys43199.physics.gatech.edu is reachable. -Sun Jan  7 13:15:04 2024
phys43199.physics.gatech.edu is reachable. -Sun Jan  7 13:30:05 2024
phys43199.physics.gatech.edu is reachable. -Sun Jan  7 13:45:04 2024
phys43199.physics.gatech.edu is reachable. -Sun Jan  7 14:00:05 2024
phys43199.physics.gatech.edu is reachable. -Sun Jan  7 14:15:04 2024
phys43199.physics.gatech.edu is reachable. -Sun Jan  7 14:30:05 2024
phys43199.physics.gatech.edu is reachable. -Sun Jan  7 14:45:04 2024
phys43199.physics.gatech.edu is reachable. -Sun Jan  7 15:00:05 2024
phys43199.physics.gatech.edu is reachable. -Sun Jan  7 15:15:04 2024
phys43199.physics.gatech.edu is reachable. -Sun Jan  7 15:30:04 2024
phys43199.physics.gatech.edu is reachable. -Sun Jan  7 15:45:04 2024
phys43199.physics.gatech.edu is reachable. -Sun Jan  7 16:00:04 2024
phys43199.physics.gatech.edu is reachable. -Sun Jan  7 16:15:04 2024
phys43199.physics.gatech.edu is reachable. -Sun Jan  7 16:30:04 2024
phys43199.physics.gatech.edu is reachable. -Sun Jan  7 16:45:04 2024
phys43199.physics.gatech.edu is reachable. -Sun Jan  7 17:00:04 2024
phys43199.physics.gatech.edu is reachable. -Sun Jan  7 17:15:04 2024
phys43199.physics.gatech.edu is reachable. -Sun Jan  7 17:30:04 2024
phys43199.physics.gatech.edu is reachable. -Sun Jan  7 17:45:04 2024
phys43199.physics.gatech.edu is reachable. -Sun Jan  7 18:00:04 2024
phys43199.physics.gatech.edu is reachable. -Sun Jan  7 18:15:04 2024
phys43199.physics.gatech.edu is reachable. -Sun Jan  7 18:30:05 2024
phys43199.physics.gatech.edu is reachable. -Sun Jan  7 18:45:04 2024
phys43199.physics.gatech.edu is reachable. -Sun Jan  7 19:00:05 2024
phys43199.physics.gatech.edu is reachable. -Sun Jan  7 19:15:04 2024
phys43199.physics.gatech.edu is reachable. -Sun Jan  7 19:30:05 2024
phys43199.physics.gatech.edu is reachable. -Sun Jan  7 19:45:04 2024
phys43199.physics.gatech.edu is reachable. -Sun Jan  7 20:00:05 2024
phys43199.physics.gatech.edu is reachable. -Sun Jan  7 20:15:04 2024
phys43199.physics.gatech.edu is reachable. -Sun Jan  7 20:30:04 2024
phys43199.physics.gatech.edu is reachable. -Sun Jan  7 20:45:05 2024
phys43199.physics.gatech.edu is reachable. -Sun Jan  7 21:00:04 2024
phys43199.physics.gatech.edu is reachable. -Sun Jan  7 21:15:05 2024
phys43199.physics.gatech.edu is reachable. -Sun Jan  7 21:30:04 2024
phys43199.physics.gatech.edu is reachable. -Sun Jan  7 21:45:05 2024
phys43199.physics.gatech.edu is reachable. -Sun Jan  7 22:00:04 2024
phys43199.physics.gatech.edu is reachable. -Sun Jan  7 22:15:04 2024
phys43199.physics.gatech.edu is reachable. -Sun Jan  7 22:30:04 2024
phys43199.physics.gatech.edu is reachable. -Sun Jan  7 22:45:04 2024
phys43199.physics.gatech.edu is reachable. -Sun Jan  7 23:00:04 2024
phys43199.physics.gatech.edu is reachable. -Sun Jan  7 23:15:04 2024
phys43199.physics.gatech.edu is reachable. -Sun Jan  7 23:30:04 2024
phys43199.physics.gatech.edu is reachable. -Sun Jan  7 23:45:04 2024
phys43199.physics.gatech.edu is reachable. -Mon Jan  8 00:00:04 2024
phys43199.physics.gatech.edu is reachable. -Mon Jan  8 00:15:04 2024
phys43199.physics.gatech.edu is reachable. -Mon Jan  8 00:30:04 2024
phys43199.physics.gatech.edu is reachable. -Mon Jan  8 00:45:04 2024
phys43199.physics.gatech.edu is reachable. -Mon Jan  8 01:00:05 2024
phys43199.physics.gatech.edu is reachable. -Mon Jan  8 01:15:04 2024
phys43199.physics.gatech.edu is reachable. -Mon Jan  8 01:30:05 2024
phys43199.physics.gatech.edu is reachable. -Mon Jan  8 01:45:04 2024
phys43199.physics.gatech.edu is reachable. -Mon Jan  8 02:00:04 2024
phys43199.physics.gatech.edu is reachable. -Mon Jan  8 02:15:04 2024
phys43199.physics.gatech.edu is reachable. -Mon Jan  8 02:30:05 2024
phys43199.physics.gatech.edu is reachable. -Mon Jan  8 02:45:04 2024
phys43199.physics.gatech.edu is reachable. -Mon Jan  8 03:00:05 2024
phys43199.physics.gatech.edu is reachable. -Mon Jan  8 03:15:04 2024
phys43199.physics.gatech.edu is reachable. -Mon Jan  8 03:30:04 2024
phys43199.physics.gatech.edu is reachable. -Mon Jan  8 03:45:04 2024
phys43199.physics.gatech.edu is reachable. -Mon Jan  8 04:00:04 2024
phys43199.physics.gatech.edu is reachable. -Mon Jan  8 04:15:04 2024
phys43199.physics.gatech.edu is reachable. -Mon Jan  8 04:30:04 2024
phys43199.physics.gatech.edu is reachable. -Mon Jan  8 04:45:04 2024
phys43199.physics.gatech.edu is reachable. -Mon Jan  8 05:00:04 2024
phys43199.physics.gatech.edu is reachable. -Mon Jan  8 05:15:04 2024
phys43199.physics.gatech.edu is reachable. -Mon Jan  8 05:30:04 2024
phys43199.physics.gatech.edu is reachable. -Mon Jan  8 05:45:05 2024
phys43199.physics.gatech.edu is reachable. -Mon Jan  8 06:00:04 2024
phys43199.physics.gatech.edu is reachable. -Mon Jan  8 06:15:04 2024
phys43199.physics.gatech.edu is reachable. -Mon Jan  8 06:30:05 2024
phys43199.physics.gatech.edu is reachable. -Mon Jan  8 06:45:04 2024
phys43199.physics.gatech.edu is reachable. -Mon Jan  8 07:00:05 2024
phys43199.physics.gatech.edu is reachable. -Mon Jan  8 07:15:04 2024
phys43199.physics.gatech.edu is reachable. -Mon Jan  8 07:30:05 2024
phys43199.physics.gatech.edu is reachable. -Mon Jan  8 07:45:04 2024
phys43199.physics.gatech.edu is reachable. -Mon Jan  8 08:00:05 2024
phys43199.physics.gatech.edu is reachable. -Mon Jan  8 08:15:04 2024
phys43199.physics.gatech.edu is reachable. -Mon Jan  8 08:30:04 2024
phys43199.physics.gatech.edu is reachable. -Mon Jan  8 08:45:04 2024
phys43199.physics.gatech.edu is reachable. -Mon Jan  8 09:00:04 2024
phys43199.physics.gatech.edu is reachable. -Mon Jan  8 09:15:04 2024
phys43199.physics.gatech.edu is reachable. -Mon Jan  8 09:30:04 2024
phys43199.physics.gatech.edu is reachable. -Mon Jan  8 09:45:05 2024
phys43199.physics.gatech.edu is reachable. -Mon Jan  8 10:00:04 2024
phys43199.physics.gatech.edu is reachable. -Mon Jan  8 10:15:05 2024
phys43199.physics.gatech.edu is reachable. -Mon Jan  8 10:30:04 2024
phys43199.physics.gatech.edu is reachable. -Mon Jan  8 10:45:05 2024
phys43199.physics.gatech.edu is reachable. -Mon Jan  8 11:00:04 2024
phys43199.physics.gatech.edu is reachable. -Mon Jan  8 11:15:05 2024
phys43199.physics.gatech.edu is reachable. -Mon Jan  8 11:30:04 2024
phys43199.physics.gatech.edu is reachable. -Mon Jan  8 11:45:04 2024
phys43199.physics.gatech.edu is reachable. -Mon Jan  8 12:00:04 2024
phys43199.physics.gatech.edu is reachable. -Mon Jan  8 12:15:04 2024
phys43199.physics.gatech.edu is reachable. -Mon Jan  8 12:30:04 2024
phys43199.physics.gatech.edu is reachable. -Mon Jan  8 12:45:04 2024
phys43199.physics.gatech.edu is reachable. -Mon Jan  8 13:00:04 2024
phys43199.physics.gatech.edu is reachable. -Mon Jan  8 13:15:04 2024
phys43199.physics.gatech.edu is reachable. -Mon Jan  8 13:30:05 2024
phys43199.physics.gatech.edu is reachable. -Mon Jan  8 13:45:04 2024
phys43199.physics.gatech.edu is reachable. -Mon Jan  8 14:00:05 2024
phys43199.physics.gatech.edu is reachable. -Mon Jan  8 14:15:04 2024
phys43199.physics.gatech.edu is reachable. -Mon Jan  8 14:30:04 2024
phys43199.physics.gatech.edu is reachable. -Mon Jan  8 14:45:04 2024
phys43199.physics.gatech.edu is reachable. -Mon Jan  8 15:00:04 2024
phys43199.physics.gatech.edu is reachable. -Mon Jan  8 15:15:05 2024
phys43199.physics.gatech.edu is reachable. -Mon Jan  8 15:30:04 2024
phys43199.physics.gatech.edu is reachable. -Mon Jan  8 15:45:05 2024
phys43199.physics.gatech.edu is reachable. -Mon Jan  8 16:00:04 2024
phys43199.physics.gatech.edu is reachable. -Mon Jan  8 16:15:05 2024
phys43199.physics.gatech.edu is reachable. -Mon Jan  8 16:30:04 2024
phys43199.physics.gatech.edu is reachable. -Mon Jan  8 16:45:05 2024
phys43199.physics.gatech.edu is reachable. -Mon Jan  8 17:00:04 2024
phys43199.physics.gatech.edu is reachable. -Mon Jan  8 17:15:05 2024
phys43199.physics.gatech.edu is reachable. -Mon Jan  8 17:30:04 2024
phys43199.physics.gatech.edu is reachable. -Mon Jan  8 17:45:04 2024
phys43199.physics.gatech.edu is reachable. -Mon Jan  8 18:00:04 2024
phys43199.physics.gatech.edu is reachable. -Mon Jan  8 18:15:04 2024
phys43199.physics.gatech.edu is reachable. -Mon Jan  8 18:30:04 2024
phys43199.physics.gatech.edu is reachable. -Mon Jan  8 18:45:04 2024
phys43199.physics.gatech.edu is reachable. -Mon Jan  8 19:00:04 2024
phys43199.physics.gatech.edu is reachable. -Mon Jan  8 19:15:04 2024
phys43199.physics.gatech.edu is reachable. -Mon Jan  8 19:30:05 2024
phys43199.physics.gatech.edu is reachable. -Mon Jan  8 19:45:04 2024
phys43199.physics.gatech.edu is reachable. -Mon Jan  8 20:00:05 2024
phys43199.physics.gatech.edu is reachable. -Mon Jan  8 20:15:04 2024
phys43199.physics.gatech.edu is reachable. -Mon Jan  8 20:30:05 2024
phys43199.physics.gatech.edu is reachable. -Mon Jan  8 20:45:04 2024
phys43199.physics.gatech.edu is reachable. -Mon Jan  8 21:00:04 2024
phys43199.physics.gatech.edu is reachable. -Mon Jan  8 21:15:04 2024
phys43199.physics.gatech.edu is reachable. -Mon Jan  8 21:30:04 2024
phys43199.physics.gatech.edu is reachable. -Mon Jan  8 21:45:05 2024
phys43199.physics.gatech.edu is reachable. -Mon Jan  8 22:00:04 2024
phys43199.physics.gatech.edu is reachable. -Mon Jan  8 22:15:04 2024
phys43199.physics.gatech.edu is reachable. -Mon Jan  8 22:30:04 2024
phys43199.physics.gatech.edu is reachable. -Mon Jan  8 22:45:04 2024
phys43199.physics.gatech.edu is reachable. -Mon Jan  8 23:00:05 2024
phys43199.physics.gatech.edu is reachable. -Mon Jan  8 23:15:04 2024
phys43199.physics.gatech.edu is reachable. -Mon Jan  8 23:30:05 2024
phys43199.physics.gatech.edu is reachable. -Mon Jan  8 23:45:04 2024
phys43199.physics.gatech.edu is reachable. -Tue Jan  9 00:00:05 2024
phys43199.physics.gatech.edu is reachable. -Tue Jan  9 00:15:04 2024
phys43199.physics.gatech.edu is reachable. -Tue Jan  9 00:30:05 2024
phys43199.physics.gatech.edu is reachable. -Tue Jan  9 00:45:04 2024
phys43199.physics.gatech.edu is reachable. -Tue Jan  9 01:00:04 2024
phys43199.physics.gatech.edu is reachable. -Tue Jan  9 01:15:04 2024
phys43199.physics.gatech.edu is reachable. -Tue Jan  9 01:30:04 2024
phys43199.physics.gatech.edu is reachable. -Tue Jan  9 01:45:05 2024
phys43199.physics.gatech.edu is reachable. -Tue Jan  9 02:00:04 2024
phys43199.physics.gatech.edu is reachable. -Tue Jan  9 02:15:05 2024
phys43199.physics.gatech.edu is reachable. -Tue Jan  9 02:30:04 2024
phys43199.physics.gatech.edu is reachable. -Tue Jan  9 02:45:05 2024
phys43199.physics.gatech.edu is reachable. -Tue Jan  9 03:00:04 2024
phys43199.physics.gatech.edu is reachable. -Tue Jan  9 03:15:05 2024
phys43199.physics.gatech.edu is reachable. -Tue Jan  9 03:30:04 2024
phys43199.physics.gatech.edu is reachable. -Tue Jan  9 03:45:05 2024
phys43199.physics.gatech.edu is reachable. -Tue Jan  9 04:00:04 2024
phys43199.physics.gatech.edu is reachable. -Tue Jan  9 04:15:05 2024
phys43199.physics.gatech.edu is reachable. -Tue Jan  9 04:30:04 2024
phys43199.physics.gatech.edu is reachable. -Tue Jan  9 04:45:05 2024
phys43199.physics.gatech.edu is reachable. -Tue Jan  9 05:00:04 2024
phys43199.physics.gatech.edu is reachable. -Tue Jan  9 05:15:05 2024
phys43199.physics.gatech.edu is reachable. -Tue Jan  9 05:30:04 2024
phys43199.physics.gatech.edu is reachable. -Tue Jan  9 05:45:04 2024
phys43199.physics.gatech.edu is reachable. -Tue Jan  9 06:00:04 2024
phys43199.physics.gatech.edu is reachable. -Tue Jan  9 06:15:04 2024
phys43199.physics.gatech.edu is reachable. -Tue Jan  9 06:30:05 2024
phys43199.physics.gatech.edu is reachable. -Tue Jan  9 06:45:04 2024
phys43199.physics.gatech.edu is reachable. -Tue Jan  9 07:00:05 2024
phys43199.physics.gatech.edu is reachable. -Tue Jan  9 07:15:04 2024
phys43199.physics.gatech.edu is reachable. -Tue Jan  9 07:30:04 2024
phys43199.physics.gatech.edu is reachable. -Tue Jan  9 07:45:05 2024
phys43199.physics.gatech.edu is reachable. -Tue Jan  9 08:00:04 2024
phys43199.physics.gatech.edu is reachable. -Tue Jan  9 08:15:05 2024
phys43199.physics.gatech.edu is reachable. -Tue Jan  9 08:30:04 2024
phys43199.physics.gatech.edu is reachable. -Tue Jan  9 08:45:05 2024
phys43199.physics.gatech.edu is reachable. -Tue Jan  9 09:00:04 2024
phys43199.physics.gatech.edu is reachable. -Tue Jan  9 09:15:04 2024
phys43199.physics.gatech.edu is reachable. -Tue Jan  9 09:30:05 2024
phys43199.physics.gatech.edu is reachable. -Tue Jan  9 09:45:04 2024
phys43199.physics.gatech.edu is reachable. -Tue Jan  9 10:00:05 2024
phys43199.physics.gatech.edu is reachable. -Tue Jan  9 10:15:04 2024
phys43199.physics.gatech.edu is reachable. -Tue Jan  9 10:30:05 2024
phys43199.physics.gatech.edu is reachable. -Tue Jan  9 10:45:04 2024
phys43199.physics.gatech.edu is reachable. -Tue Jan  9 11:00:04 2024
phys43199.physics.gatech.edu is reachable. -Tue Jan  9 11:15:04 2024
phys43199.physics.gatech.edu is reachable. -Tue Jan  9 11:30:04 2024
phys43199.physics.gatech.edu is reachable. -Tue Jan  9 11:45:04 2024
phys43199.physics.gatech.edu is reachable. -Tue Jan  9 12:00:04 2024
phys43199.physics.gatech.edu is reachable. -Tue Jan  9 12:15:05 2024
phys43199.physics.gatech.edu is reachable. -Tue Jan  9 12:30:04 2024
phys43199.physics.gatech.edu is reachable. -Tue Jan  9 12:45:05 2024
phys43199.physics.gatech.edu is reachable. -Tue Jan  9 13:00:04 2024
phys43199.physics.gatech.edu is reachable. -Tue Jan  9 13:15:05 2024
phys43199.physics.gatech.edu is reachable. -Tue Jan  9 13:30:04 2024
phys43199.physics.gatech.edu is reachable. -Tue Jan  9 13:45:05 2024
phys43199.physics.gatech.edu is reachable. -Tue Jan  9 14:00:04 2024
phys43199.physics.gatech.edu is reachable. -Tue Jan  9 14:15:05 2024
phys43199.physics.gatech.edu is reachable. -Tue Jan  9 14:30:04 2024
phys43199.physics.gatech.edu is reachable. -Tue Jan  9 14:45:05 2024
phys43199.physics.gatech.edu is reachable. -Tue Jan  9 15:00:04 2024
phys43199.physics.gatech.edu is reachable. -Tue Jan  9 15:15:04 2024
phys43199.physics.gatech.edu is reachable. -Tue Jan  9 15:30:05 2024
phys43199.physics.gatech.edu is reachable. -Tue Jan  9 15:45:04 2024
phys43199.physics.gatech.edu is reachable. -Tue Jan  9 16:00:05 2024
phys43199.physics.gatech.edu is reachable. -Tue Jan  9 16:15:04 2024
phys43199.physics.gatech.edu is reachable. -Tue Jan  9 16:30:05 2024
phys43199.physics.gatech.edu is reachable. -Tue Jan  9 16:45:04 2024
phys43199.physics.gatech.edu is reachable. -Tue Jan  9 17:00:05 2024
phys43199.physics.gatech.edu is reachable. -Tue Jan  9 17:15:04 2024
phys43199.physics.gatech.edu is reachable. -Tue Jan  9 17:30:05 2024
phys43199.physics.gatech.edu is reachable. -Tue Jan  9 17:45:04 2024
phys43199.physics.gatech.edu is reachable. -Tue Jan  9 18:00:05 2024
phys43199.physics.gatech.edu is reachable. -Tue Jan  9 18:15:04 2024
phys43199.physics.gatech.edu is reachable. -Tue Jan  9 18:30:04 2024
phys43199.physics.gatech.edu is reachable. -Tue Jan  9 18:45:04 2024
phys43199.physics.gatech.edu is reachable. -Tue Jan  9 19:00:04 2024
phys43199.physics.gatech.edu is reachable. -Tue Jan  9 19:15:05 2024
phys43199.physics.gatech.edu is reachable. -Tue Jan  9 19:30:04 2024
phys43199.physics.gatech.edu is reachable. -Tue Jan  9 19:45:05 2024
phys43199.physics.gatech.edu is reachable. -Tue Jan  9 20:00:04 2024
phys43199.physics.gatech.edu is reachable. -Tue Jan  9 20:15:05 2024
phys43199.physics.gatech.edu is reachable. -Tue Jan  9 20:30:04 2024
phys43199.physics.gatech.edu is reachable. -Tue Jan  9 20:45:05 2024
phys43199.physics.gatech.edu is reachable. -Tue Jan  9 21:00:04 2024
phys43199.physics.gatech.edu is reachable. -Tue Jan  9 21:15:04 2024
phys43199.physics.gatech.edu is reachable. -Tue Jan  9 21:30:04 2024
phys43199.physics.gatech.edu is reachable. -Tue Jan  9 21:45:04 2024
phys43199.physics.gatech.edu is reachable. -Tue Jan  9 22:00:04 2024
phys43199.physics.gatech.edu is reachable. -Tue Jan  9 22:15:04 2024
phys43199.physics.gatech.edu is reachable. -Tue Jan  9 22:30:05 2024
phys43199.physics.gatech.edu is reachable. -Tue Jan  9 22:45:04 2024
phys43199.physics.gatech.edu is reachable. -Tue Jan  9 23:00:05 2024
phys43199.physics.gatech.edu is reachable. -Tue Jan  9 23:15:04 2024
phys43199.physics.gatech.edu is reachable. -Tue Jan  9 23:30:05 2024
phys43199.physics.gatech.edu is reachable. -Tue Jan  9 23:45:04 2024
phys43199.physics.gatech.edu is reachable. -Wed Jan 10 00:00:05 2024
phys43199.physics.gatech.edu is reachable. -Wed Jan 10 00:15:04 2024
phys43199.physics.gatech.edu is reachable. -Wed Jan 10 00:30:04 2024
phys43199.physics.gatech.edu is reachable. -Wed Jan 10 00:45:04 2024
phys43199.physics.gatech.edu is reachable. -Wed Jan 10 01:00:04 2024
phys43199.physics.gatech.edu is reachable. -Wed Jan 10 01:15:05 2024
phys43199.physics.gatech.edu is reachable. -Wed Jan 10 01:30:04 2024
phys43199.physics.gatech.edu is reachable. -Wed Jan 10 01:45:05 2024
phys43199.physics.gatech.edu is reachable. -Wed Jan 10 02:00:04 2024
phys43199.physics.gatech.edu is reachable. -Wed Jan 10 02:15:05 2024
phys43199.physics.gatech.edu is reachable. -Wed Jan 10 02:30:04 2024
phys43199.physics.gatech.edu is reachable. -Wed Jan 10 02:45:05 2024
phys43199.physics.gatech.edu is reachable. -Wed Jan 10 03:00:04 2024
phys43199.physics.gatech.edu is reachable. -Wed Jan 10 03:15:05 2024
phys43199.physics.gatech.edu is reachable. -Wed Jan 10 03:30:04 2024
phys43199.physics.gatech.edu is reachable. -Wed Jan 10 03:45:04 2024
phys43199.physics.gatech.edu is reachable. -Wed Jan 10 04:00:04 2024
phys43199.physics.gatech.edu is reachable. -Wed Jan 10 04:15:04 2024
phys43199.physics.gatech.edu is reachable. -Wed Jan 10 04:30:05 2024
phys43199.physics.gatech.edu is reachable. -Wed Jan 10 04:45:04 2024
phys43199.physics.gatech.edu is reachable. -Wed Jan 10 05:00:05 2024
phys43199.physics.gatech.edu is reachable. -Wed Jan 10 05:15:04 2024
phys43199.physics.gatech.edu is reachable. -Wed Jan 10 05:30:05 2024
phys43199.physics.gatech.edu is reachable. -Wed Jan 10 05:45:04 2024
phys43199.physics.gatech.edu is reachable. -Wed Jan 10 06:00:05 2024
phys43199.physics.gatech.edu is reachable. -Wed Jan 10 06:15:04 2024
phys43199.physics.gatech.edu is reachable. -Wed Jan 10 06:30:05 2024
phys43199.physics.gatech.edu is reachable. -Wed Jan 10 06:45:04 2024
phys43199.physics.gatech.edu is reachable. -Wed Jan 10 07:00:04 2024
phys43199.physics.gatech.edu is reachable. -Wed Jan 10 07:15:05 2024
phys43199.physics.gatech.edu is reachable. -Wed Jan 10 07:30:04 2024
phys43199.physics.gatech.edu is reachable. -Wed Jan 10 07:45:05 2024
phys43199.physics.gatech.edu is reachable. -Wed Jan 10 08:00:04 2024
phys43199.physics.gatech.edu is reachable. -Wed Jan 10 08:15:05 2024
phys43199.physics.gatech.edu is reachable. -Wed Jan 10 08:30:04 2024
phys43199.physics.gatech.edu is reachable. -Wed Jan 10 08:45:04 2024
phys43199.physics.gatech.edu is reachable. -Wed Jan 10 09:00:05 2024
phys43199.physics.gatech.edu is reachable. -Wed Jan 10 09:15:04 2024
phys43199.physics.gatech.edu is reachable. -Wed Jan 10 09:30:05 2024
phys43199.physics.gatech.edu is reachable. -Wed Jan 10 09:45:04 2024
phys43199.physics.gatech.edu is reachable. -Wed Jan 10 10:00:05 2024
phys43199.physics.gatech.edu is reachable. -Wed Jan 10 10:15:04 2024
phys43199.physics.gatech.edu is reachable. -Wed Jan 10 10:30:04 2024
phys43199.physics.gatech.edu is reachable. -Wed Jan 10 10:45:04 2024
phys43199.physics.gatech.edu is reachable. -Wed Jan 10 11:00:04 2024
phys43199.physics.gatech.edu is reachable. -Wed Jan 10 11:15:05 2024
phys43199.physics.gatech.edu is reachable. -Wed Jan 10 11:30:04 2024
phys43199.physics.gatech.edu is reachable. -Wed Jan 10 11:45:05 2024
phys43199.physics.gatech.edu is reachable. -Wed Jan 10 12:00:04 2024
phys43199.physics.gatech.edu is reachable. -Wed Jan 10 12:15:05 2024
phys43199.physics.gatech.edu is reachable. -Wed Jan 10 12:30:04 2024
phys43199.physics.gatech.edu is reachable. -Wed Jan 10 12:45:05 2024
phys43199.physics.gatech.edu is reachable. -Wed Jan 10 13:00:04 2024
phys43199.physics.gatech.edu is reachable. -Wed Jan 10 13:15:04 2024
phys43199.physics.gatech.edu is reachable. -Wed Jan 10 13:30:04 2024
phys43199.physics.gatech.edu is reachable. -Wed Jan 10 13:45:04 2024
phys43199.physics.gatech.edu is reachable. -Wed Jan 10 14:00:04 2024
phys43199.physics.gatech.edu is reachable. -Wed Jan 10 14:15:04 2024
phys43199.physics.gatech.edu is reachable. -Wed Jan 10 14:30:05 2024
phys43199.physics.gatech.edu is reachable. -Wed Jan 10 14:45:04 2024
phys43199.physics.gatech.edu is reachable. -Wed Jan 10 15:00:05 2024
phys43199.physics.gatech.edu is reachable. -Wed Jan 10 15:15:04 2024
phys43199.physics.gatech.edu is reachable. -Wed Jan 10 15:30:04 2024
phys43199.physics.gatech.edu is reachable. -Wed Jan 10 15:45:04 2024
phys43199.physics.gatech.edu is reachable. -Wed Jan 10 16:00:04 2024
phys43199.physics.gatech.edu is reachable. -Wed Jan 10 16:15:05 2024
phys43199.physics.gatech.edu is reachable. -Wed Jan 10 16:30:04 2024
phys43199.physics.gatech.edu is reachable. -Wed Jan 10 16:45:05 2024
phys43199.physics.gatech.edu is reachable. -Wed Jan 10 17:00:04 2024
phys43199.physics.gatech.edu is reachable. -Wed Jan 10 17:15:05 2024
phys43199.physics.gatech.edu is reachable. -Wed Jan 10 17:30:04 2024
phys43199.physics.gatech.edu is reachable. -Wed Jan 10 17:45:04 2024
phys43199.physics.gatech.edu is reachable. -Wed Jan 10 18:00:04 2024
phys43199.physics.gatech.edu is reachable. -Wed Jan 10 18:15:04 2024
phys43199.physics.gatech.edu is reachable. -Wed Jan 10 18:30:04 2024
phys43199.physics.gatech.edu is reachable. -Wed Jan 10 18:45:04 2024
phys43199.physics.gatech.edu is reachable. -Wed Jan 10 19:00:04 2024
phys43199.physics.gatech.edu is reachable. -Wed Jan 10 19:15:04 2024
phys43199.physics.gatech.edu is reachable. -Wed Jan 10 19:30:05 2024
phys43199.physics.gatech.edu is reachable. -Wed Jan 10 19:45:04 2024
phys43199.physics.gatech.edu is reachable. -Wed Jan 10 20:00:05 2024
phys43199.physics.gatech.edu is reachable. -Wed Jan 10 20:15:04 2024
phys43199.physics.gatech.edu is reachable. -Wed Jan 10 20:30:05 2024
phys43199.physics.gatech.edu is reachable. -Wed Jan 10 20:45:04 2024
phys43199.physics.gatech.edu is reachable. -Wed Jan 10 21:00:05 2024
phys43199.physics.gatech.edu is reachable. -Wed Jan 10 21:15:04 2024
phys43199.physics.gatech.edu is reachable. -Wed Jan 10 21:30:04 2024
phys43199.physics.gatech.edu is reachable. -Wed Jan 10 21:45:05 2024
phys43199.physics.gatech.edu is reachable. -Wed Jan 10 22:00:04 2024
phys43199.physics.gatech.edu is reachable. -Wed Jan 10 22:15:05 2024
phys43199.physics.gatech.edu is reachable. -Wed Jan 10 22:30:04 2024
phys43199.physics.gatech.edu is reachable. -Wed Jan 10 22:45:04 2024
phys43199.physics.gatech.edu is reachable. -Wed Jan 10 23:00:04 2024
phys43199.physics.gatech.edu is reachable. -Wed Jan 10 23:15:04 2024
phys43199.physics.gatech.edu is reachable. -Wed Jan 10 23:30:04 2024
phys43199.physics.gatech.edu is reachable. -Wed Jan 10 23:45:04 2024
phys43199.physics.gatech.edu is reachable. -Thu Jan 11 00:00:04 2024
phys43199.physics.gatech.edu is reachable. -Thu Jan 11 00:15:04 2024
phys43199.physics.gatech.edu is reachable. -Thu Jan 11 00:30:05 2024
phys43199.physics.gatech.edu is reachable. -Thu Jan 11 00:45:04 2024
phys43199.physics.gatech.edu is reachable. -Thu Jan 11 01:00:05 2024
phys43199.physics.gatech.edu is reachable. -Thu Jan 11 01:15:04 2024
phys43199.physics.gatech.edu is reachable. -Thu Jan 11 01:30:05 2024
phys43199.physics.gatech.edu is reachable. -Thu Jan 11 01:45:04 2024
phys43199.physics.gatech.edu is reachable. -Thu Jan 11 02:00:05 2024
phys43199.physics.gatech.edu is reachable. -Thu Jan 11 02:15:04 2024
phys43199.physics.gatech.edu is reachable. -Thu Jan 11 02:30:04 2024
phys43199.physics.gatech.edu is reachable. -Thu Jan 11 02:45:05 2024
phys43199.physics.gatech.edu is reachable. -Thu Jan 11 03:00:04 2024
phys43199.physics.gatech.edu is reachable. -Thu Jan 11 03:15:05 2024
phys43199.physics.gatech.edu is reachable. -Thu Jan 11 03:30:04 2024
phys43199.physics.gatech.edu is reachable. -Thu Jan 11 03:45:05 2024
phys43199.physics.gatech.edu is reachable. -Thu Jan 11 04:00:04 2024
phys43199.physics.gatech.edu is reachable. -Thu Jan 11 04:15:04 2024
phys43199.physics.gatech.edu is reachable. -Thu Jan 11 04:30:05 2024
phys43199.physics.gatech.edu is reachable. -Thu Jan 11 04:45:04 2024
phys43199.physics.gatech.edu is reachable. -Thu Jan 11 05:00:05 2024
phys43199.physics.gatech.edu is reachable. -Thu Jan 11 05:15:04 2024
phys43199.physics.gatech.edu is reachable. -Thu Jan 11 05:30:05 2024
phys43199.physics.gatech.edu is reachable. -Thu Jan 11 05:45:04 2024
phys43199.physics.gatech.edu is reachable. -Thu Jan 11 06:00:05 2024
phys43199.physics.gatech.edu is reachable. -Thu Jan 11 06:15:04 2024
phys43199.physics.gatech.edu is reachable. -Thu Jan 11 06:30:04 2024
phys43199.physics.gatech.edu is reachable. -Thu Jan 11 06:45:05 2024
phys43199.physics.gatech.edu is reachable. -Thu Jan 11 07:00:04 2024
phys43199.physics.gatech.edu is reachable. -Thu Jan 11 07:15:04 2024
phys43199.physics.gatech.edu is reachable. -Thu Jan 11 07:30:05 2024
phys43199.physics.gatech.edu is reachable. -Thu Jan 11 07:45:04 2024
phys43199.physics.gatech.edu is reachable. -Thu Jan 11 08:00:05 2024
phys43199.physics.gatech.edu is reachable. -Thu Jan 11 08:15:04 2024
phys43199.physics.gatech.edu is reachable. -Thu Jan 11 08:30:05 2024
phys43199.physics.gatech.edu is reachable. -Thu Jan 11 08:45:04 2024
phys43199.physics.gatech.edu is reachable. -Thu Jan 11 09:00:05 2024
phys43199.physics.gatech.edu is reachable. -Thu Jan 11 09:15:04 2024
phys43199.physics.gatech.edu is reachable. -Thu Jan 11 09:30:04 2024
phys43199.physics.gatech.edu is reachable. -Thu Jan 11 09:45:04 2024
phys43199.physics.gatech.edu is reachable. -Thu Jan 11 10:00:04 2024
phys43199.physics.gatech.edu is reachable. -Thu Jan 11 10:15:04 2024
phys43199.physics.gatech.edu is reachable. -Thu Jan 11 10:30:04 2024
phys43199.physics.gatech.edu is reachable. -Thu Jan 11 10:45:04 2024
phys43199.physics.gatech.edu is reachable. -Thu Jan 11 11:00:04 2024
phys43199.physics.gatech.edu is reachable. -Thu Jan 11 11:15:05 2024
phys43199.physics.gatech.edu is reachable. -Thu Jan 11 11:30:04 2024
phys43199.physics.gatech.edu is reachable. -Thu Jan 11 11:45:05 2024
phys43199.physics.gatech.edu is reachable. -Thu Jan 11 12:00:04 2024
phys43199.physics.gatech.edu is reachable. -Thu Jan 11 12:15:05 2024
phys43199.physics.gatech.edu is reachable. -Thu Jan 11 12:30:04 2024
phys43199.physics.gatech.edu is reachable. -Thu Jan 11 12:45:05 2024
phys43199.physics.gatech.edu is reachable. -Thu Jan 11 13:00:04 2024
phys43199.physics.gatech.edu is reachable. -Thu Jan 11 13:15:04 2024
phys43199.physics.gatech.edu is reachable. -Thu Jan 11 13:30:05 2024
phys43199.physics.gatech.edu is reachable. -Thu Jan 11 13:45:04 2024
phys43199.physics.gatech.edu is reachable. -Thu Jan 11 14:00:05 2024
phys43199.physics.gatech.edu is reachable. -Thu Jan 11 14:15:04 2024
phys43199.physics.gatech.edu is reachable. -Thu Jan 11 14:30:04 2024
phys43199.physics.gatech.edu is reachable. -Thu Jan 11 14:45:05 2024
phys43199.physics.gatech.edu is reachable. -Thu Jan 11 15:00:04 2024
phys43199.physics.gatech.edu is reachable. -Thu Jan 11 15:15:05 2024
phys43199.physics.gatech.edu is reachable. -Thu Jan 11 15:30:04 2024
phys43199.physics.gatech.edu is reachable. -Thu Jan 11 15:45:04 2024
phys43199.physics.gatech.edu is reachable. -Thu Jan 11 16:00:05 2024
phys43199.physics.gatech.edu is reachable. -Thu Jan 11 16:15:04 2024
phys43199.physics.gatech.edu is reachable. -Thu Jan 11 16:30:05 2024
phys43199.physics.gatech.edu is reachable. -Thu Jan 11 16:45:04 2024
phys43199.physics.gatech.edu is reachable. -Thu Jan 11 17:00:05 2024
phys43199.physics.gatech.edu is reachable. -Thu Jan 11 17:15:04 2024
phys43199.physics.gatech.edu is reachable. -Thu Jan 11 17:30:05 2024
phys43199.physics.gatech.edu is reachable. -Thu Jan 11 17:45:04 2024
phys43199.physics.gatech.edu is reachable. -Thu Jan 11 18:00:04 2024
phys43199.physics.gatech.edu is reachable. -Thu Jan 11 18:15:04 2024
phys43199.physics.gatech.edu is reachable. -Thu Jan 11 18:30:04 2024
phys43199.physics.gatech.edu is reachable. -Thu Jan 11 18:45:10 2024
phys43199.physics.gatech.edu is reachable. -Thu Jan 11 19:00:10 2024
phys43199.physics.gatech.edu is reachable. -Thu Jan 11 19:15:10 2024
phys43199.physics.gatech.edu is reachable. -Thu Jan 11 19:30:09 2024
phys43199.physics.gatech.edu is reachable. -Thu Jan 11 19:45:09 2024
phys43199.physics.gatech.edu is reachable. -Thu Jan 11 20:00:09 2024
phys43199.physics.gatech.edu is reachable. -Thu Jan 11 20:15:04 2024
phys43199.physics.gatech.edu is reachable. -Thu Jan 11 20:30:09 2024
phys43199.physics.gatech.edu is reachable. -Thu Jan 11 20:45:09 2024
phys43199.physics.gatech.edu is reachable. -Thu Jan 11 21:00:09 2024
phys43199.physics.gatech.edu is reachable. -Thu Jan 11 21:15:09 2024
phys43199.physics.gatech.edu is reachable. -Thu Jan 11 21:30:09 2024
phys43199.physics.gatech.edu is reachable. -Thu Jan 11 21:45:09 2024
phys43199.physics.gatech.edu is reachable. -Thu Jan 11 22:00:09 2024
phys43199.physics.gatech.edu is reachable. -Thu Jan 11 22:15:10 2024
phys43199.physics.gatech.edu is reachable. -Thu Jan 11 22:30:04 2024
phys43199.physics.gatech.edu is reachable. -Thu Jan 11 22:45:09 2024
phys43199.physics.gatech.edu is reachable. -Thu Jan 11 23:00:09 2024
phys43199.physics.gatech.edu is reachable. -Thu Jan 11 23:15:10 2024
phys43199.physics.gatech.edu is reachable. -Thu Jan 11 23:30:04 2024
phys43199.physics.gatech.edu is reachable. -Thu Jan 11 23:45:10 2024
phys43199.physics.gatech.edu is reachable. -Fri Jan 12 00:00:10 2024
phys43199.physics.gatech.edu is reachable. -Fri Jan 12 00:15:09 2024
phys43199.physics.gatech.edu is reachable. -Fri Jan 12 00:30:09 2024
phys43199.physics.gatech.edu is reachable. -Fri Jan 12 00:45:09 2024
phys43199.physics.gatech.edu is reachable. -Fri Jan 12 01:00:04 2024
phys43199.physics.gatech.edu is reachable. -Fri Jan 12 01:15:09 2024
phys43199.physics.gatech.edu is reachable. -Fri Jan 12 01:30:10 2024
phys43199.physics.gatech.edu is reachable. -Fri Jan 12 01:45:09 2024
phys43199.physics.gatech.edu is reachable. -Fri Jan 12 02:00:09 2024
phys43199.physics.gatech.edu is reachable. -Fri Jan 12 02:15:09 2024
phys43199.physics.gatech.edu is reachable. -Fri Jan 12 02:30:09 2024
phys43199.physics.gatech.edu is reachable. -Fri Jan 12 02:45:09 2024
phys43199.physics.gatech.edu is reachable. -Fri Jan 12 03:00:09 2024
phys43199.physics.gatech.edu is reachable. -Fri Jan 12 03:15:10 2024
phys43199.physics.gatech.edu is reachable. -Fri Jan 12 03:30:10 2024
phys43199.physics.gatech.edu is reachable. -Fri Jan 12 03:45:09 2024
phys43199.physics.gatech.edu is reachable. -Fri Jan 12 04:00:09 2024
phys43199.physics.gatech.edu is reachable. -Fri Jan 12 04:15:09 2024
phys43199.physics.gatech.edu is reachable. -Fri Jan 12 04:30:10 2024
phys43199.physics.gatech.edu is reachable. -Fri Jan 12 04:45:10 2024
phys43199.physics.gatech.edu is reachable. -Fri Jan 12 05:00:04 2024
phys43199.physics.gatech.edu is reachable. -Fri Jan 12 05:15:09 2024
phys43199.physics.gatech.edu is reachable. -Fri Jan 12 05:30:10 2024
phys43199.physics.gatech.edu is reachable. -Fri Jan 12 05:45:05 2024
phys43199.physics.gatech.edu is reachable. -Fri Jan 12 06:00:04 2024
phys43199.physics.gatech.edu is reachable. -Fri Jan 12 06:15:10 2024
phys43199.physics.gatech.edu is reachable. -Fri Jan 12 06:30:10 2024
phys43199.physics.gatech.edu is reachable. -Fri Jan 12 06:45:10 2024
phys43199.physics.gatech.edu is reachable. -Fri Jan 12 07:00:10 2024
phys43199.physics.gatech.edu is reachable. -Fri Jan 12 07:15:10 2024
phys43199.physics.gatech.edu is reachable. -Fri Jan 12 07:30:09 2024
phys43199.physics.gatech.edu is reachable. -Fri Jan 12 07:45:09 2024
phys43199.physics.gatech.edu is reachable. -Fri Jan 12 08:00:09 2024
phys43199.physics.gatech.edu is reachable. -Fri Jan 12 08:15:09 2024
phys43199.physics.gatech.edu is reachable. -Fri Jan 12 08:30:09 2024
phys43199.physics.gatech.edu is reachable. -Fri Jan 12 08:45:09 2024
phys43199.physics.gatech.edu is reachable. -Fri Jan 12 09:00:10 2024
phys43199.physics.gatech.edu is reachable. -Fri Jan 12 09:15:04 2024
phys43199.physics.gatech.edu is reachable. -Fri Jan 12 09:30:05 2024
phys43199.physics.gatech.edu is reachable. -Fri Jan 12 09:45:04 2024
phys43199.physics.gatech.edu is reachable. -Fri Jan 12 10:00:05 2024
phys43199.physics.gatech.edu is reachable. -Fri Jan 12 10:15:04 2024
phys43199.physics.gatech.edu is reachable. -Fri Jan 12 10:30:05 2024
phys43199.physics.gatech.edu is reachable. -Fri Jan 12 10:45:04 2024
phys43199.physics.gatech.edu is reachable. -Fri Jan 12 11:00:05 2024
phys43199.physics.gatech.edu is reachable. -Fri Jan 12 11:15:04 2024
phys43199.physics.gatech.edu is reachable. -Fri Jan 12 11:30:05 2024
phys43199.physics.gatech.edu is reachable. -Fri Jan 12 11:45:04 2024
phys43199.physics.gatech.edu is reachable. -Fri Jan 12 12:00:05 2024
phys43199.physics.gatech.edu is reachable. -Fri Jan 12 12:15:04 2024
phys43199.physics.gatech.edu is reachable. -Fri Jan 12 12:30:05 2024
phys43199.physics.gatech.edu is reachable. -Fri Jan 12 12:45:04 2024
phys43199.physics.gatech.edu is reachable. -Fri Jan 12 13:00:04 2024
phys43199.physics.gatech.edu is reachable. -Fri Jan 12 13:15:05 2024
phys43199.physics.gatech.edu is reachable. -Fri Jan 12 13:30:04 2024
phys43199.physics.gatech.edu is reachable. -Fri Jan 12 13:45:05 2024
phys43199.physics.gatech.edu is reachable. -Fri Jan 12 14:00:04 2024
phys43199.physics.gatech.edu is reachable. -Fri Jan 12 14:15:05 2024
phys43199.physics.gatech.edu is reachable. -Fri Jan 12 14:30:04 2024
phys43199.physics.gatech.edu is reachable. -Fri Jan 12 14:45:05 2024
phys43199.physics.gatech.edu is reachable. -Fri Jan 12 15:00:04 2024
phys43199.physics.gatech.edu is reachable. -Fri Jan 12 15:15:05 2024
phys43199.physics.gatech.edu is reachable. -Fri Jan 12 15:30:04 2024
phys43199.physics.gatech.edu is reachable. -Fri Jan 12 15:45:04 2024
phys43199.physics.gatech.edu is reachable. -Fri Jan 12 16:00:05 2024
phys43199.physics.gatech.edu is reachable. -Fri Jan 12 16:15:04 2024
phys43199.physics.gatech.edu is reachable. -Fri Jan 12 16:30:05 2024
phys43199.physics.gatech.edu is reachable. -Fri Jan 12 16:45:04 2024
phys43199.physics.gatech.edu is reachable. -Fri Jan 12 17:00:05 2024
phys43199.physics.gatech.edu is reachable. -Fri Jan 12 17:15:04 2024
phys43199.physics.gatech.edu is reachable. -Fri Jan 12 17:30:05 2024
phys43199.physics.gatech.edu is reachable. -Fri Jan 12 17:45:04 2024
phys43199.physics.gatech.edu is reachable. -Fri Jan 12 18:00:04 2024
phys43199.physics.gatech.edu is reachable. -Fri Jan 12 18:15:04 2024
phys43199.physics.gatech.edu is reachable. -Fri Jan 12 18:30:04 2024
phys43199.physics.gatech.edu is reachable. -Fri Jan 12 18:45:05 2024
phys43199.physics.gatech.edu is reachable. -Fri Jan 12 19:00:04 2024
phys43199.physics.gatech.edu is reachable. -Fri Jan 12 19:15:05 2024
phys43199.physics.gatech.edu is reachable. -Fri Jan 12 19:30:04 2024
phys43199.physics.gatech.edu is reachable. -Fri Jan 12 19:45:05 2024
phys43199.physics.gatech.edu is reachable. -Fri Jan 12 20:00:04 2024
phys43199.physics.gatech.edu is reachable. -Fri Jan 12 20:15:04 2024
phys43199.physics.gatech.edu is reachable. -Fri Jan 12 20:30:04 2024
phys43199.physics.gatech.edu is reachable. -Fri Jan 12 20:45:04 2024
phys43199.physics.gatech.edu is reachable. -Fri Jan 12 21:00:04 2024
phys43199.physics.gatech.edu is reachable. -Fri Jan 12 21:15:04 2024
phys43199.physics.gatech.edu is reachable. -Fri Jan 12 21:30:05 2024
phys43199.physics.gatech.edu is reachable. -Fri Jan 12 21:45:04 2024
phys43199.physics.gatech.edu is reachable. -Fri Jan 12 22:00:05 2024
phys43199.physics.gatech.edu is reachable. -Fri Jan 12 22:15:04 2024
phys43199.physics.gatech.edu is reachable. -Fri Jan 12 22:30:04 2024
phys43199.physics.gatech.edu is reachable. -Fri Jan 12 22:45:04 2024
phys43199.physics.gatech.edu is reachable. -Fri Jan 12 23:00:04 2024
phys43199.physics.gatech.edu is reachable. -Fri Jan 12 23:15:04 2024
phys43199.physics.gatech.edu is reachable. -Fri Jan 12 23:30:04 2024
phys43199.physics.gatech.edu is reachable. -Fri Jan 12 23:45:05 2024
phys43199.physics.gatech.edu is reachable. -Sat Jan 13 00:00:04 2024
phys43199.physics.gatech.edu is reachable. -Sat Jan 13 00:15:04 2024
phys43199.physics.gatech.edu is reachable. -Sat Jan 13 00:30:05 2024
phys43199.physics.gatech.edu is reachable. -Sat Jan 13 00:45:04 2024
phys43199.physics.gatech.edu is reachable. -Sat Jan 13 01:00:04 2024
phys43199.physics.gatech.edu is reachable. -Sat Jan 13 01:15:04 2024
phys43199.physics.gatech.edu is reachable. -Sat Jan 13 01:30:04 2024
phys43199.physics.gatech.edu is reachable. -Sat Jan 13 01:45:05 2024
phys43199.physics.gatech.edu is reachable. -Sat Jan 13 02:00:04 2024
phys43199.physics.gatech.edu is reachable. -Sat Jan 13 02:15:05 2024
phys43199.physics.gatech.edu is reachable. -Sat Jan 13 02:30:04 2024
phys43199.physics.gatech.edu is reachable. -Sat Jan 13 02:45:05 2024
phys43199.physics.gatech.edu is reachable. -Sat Jan 13 03:00:04 2024
phys43199.physics.gatech.edu is reachable. -Sat Jan 13 03:15:05 2024
phys43199.physics.gatech.edu is reachable. -Sat Jan 13 03:30:04 2024
phys43199.physics.gatech.edu is reachable. -Sat Jan 13 03:45:05 2024
phys43199.physics.gatech.edu is reachable. -Sat Jan 13 04:00:04 2024
phys43199.physics.gatech.edu is reachable. -Sat Jan 13 04:15:05 2024
phys43199.physics.gatech.edu is reachable. -Sat Jan 13 04:30:04 2024
phys43199.physics.gatech.edu is reachable. -Sat Jan 13 04:45:04 2024
phys43199.physics.gatech.edu is reachable. -Sat Jan 13 05:00:04 2024
phys43199.physics.gatech.edu is reachable. -Sat Jan 13 05:15:04 2024
phys43199.physics.gatech.edu is reachable. -Sat Jan 13 05:30:04 2024
phys43199.physics.gatech.edu is reachable. -Sat Jan 13 05:45:04 2024
phys43199.physics.gatech.edu is reachable. -Sat Jan 13 06:00:04 2024
phys43199.physics.gatech.edu is reachable. -Sat Jan 13 06:15:04 2024
phys43199.physics.gatech.edu is reachable. -Sat Jan 13 06:30:05 2024
phys43199.physics.gatech.edu is reachable. -Sat Jan 13 06:45:04 2024
phys43199.physics.gatech.edu is reachable. -Sat Jan 13 07:00:04 2024
phys43199.physics.gatech.edu is reachable. -Sat Jan 13 07:15:04 2024
phys43199.physics.gatech.edu is reachable. -Sat Jan 13 07:30:04 2024
phys43199.physics.gatech.edu is reachable. -Sat Jan 13 07:45:05 2024
phys43199.physics.gatech.edu is reachable. -Sat Jan 13 08:00:04 2024
phys43199.physics.gatech.edu is reachable. -Sat Jan 13 08:15:05 2024
phys43199.physics.gatech.edu is reachable. -Sat Jan 13 08:30:04 2024
phys43199.physics.gatech.edu is reachable. -Sat Jan 13 08:45:04 2024
phys43199.physics.gatech.edu is reachable. -Sat Jan 13 09:00:04 2024
phys43199.physics.gatech.edu is reachable. -Sat Jan 13 09:15:04 2024
phys43199.physics.gatech.edu is reachable. -Sat Jan 13 09:30:05 2024
phys43199.physics.gatech.edu is reachable. -Sat Jan 13 09:45:04 2024
phys43199.physics.gatech.edu is reachable. -Sat Jan 13 10:00:05 2024
phys43199.physics.gatech.edu is reachable. -Sat Jan 13 10:15:04 2024
phys43199.physics.gatech.edu is reachable. -Sat Jan 13 10:30:05 2024
phys43199.physics.gatech.edu is reachable. -Sat Jan 13 10:45:04 2024
phys43199.physics.gatech.edu is reachable. -Sat Jan 13 11:00:04 2024
phys43199.physics.gatech.edu is reachable. -Sat Jan 13 11:15:04 2024
phys43199.physics.gatech.edu is reachable. -Sat Jan 13 11:30:04 2024
phys43199.physics.gatech.edu is reachable. -Sat Jan 13 11:45:05 2024
phys43199.physics.gatech.edu is reachable. -Sat Jan 13 12:00:04 2024
phys43199.physics.gatech.edu is reachable. -Sat Jan 13 12:15:04 2024
phys43199.physics.gatech.edu is reachable. -Sat Jan 13 12:30:04 2024
phys43199.physics.gatech.edu is reachable. -Sat Jan 13 12:45:05 2024
phys43199.physics.gatech.edu is reachable. -Sat Jan 13 13:00:04 2024
phys43199.physics.gatech.edu is reachable. -Sat Jan 13 13:15:05 2024
phys43199.physics.gatech.edu is reachable. -Sat Jan 13 13:30:04 2024
phys43199.physics.gatech.edu is reachable. -Sat Jan 13 13:45:05 2024
phys43199.physics.gatech.edu is reachable. -Sat Jan 13 14:00:04 2024
phys43199.physics.gatech.edu is reachable. -Sat Jan 13 14:15:05 2024
phys43199.physics.gatech.edu is reachable. -Sat Jan 13 14:30:04 2024
phys43199.physics.gatech.edu is reachable. -Sat Jan 13 14:45:05 2024
phys43199.physics.gatech.edu is reachable. -Sat Jan 13 15:00:04 2024
phys43199.physics.gatech.edu is reachable. -Sat Jan 13 15:15:05 2024
phys43199.physics.gatech.edu is reachable. -Sat Jan 13 15:30:04 2024
phys43199.physics.gatech.edu is reachable. -Sat Jan 13 15:45:05 2024
phys43199.physics.gatech.edu is reachable. -Sat Jan 13 16:00:04 2024
phys43199.physics.gatech.edu is reachable. -Sat Jan 13 16:15:04 2024
phys43199.physics.gatech.edu is reachable. -Sat Jan 13 16:30:04 2024
phys43199.physics.gatech.edu is reachable. -Sat Jan 13 16:45:04 2024
phys43199.physics.gatech.edu is reachable. -Sat Jan 13 17:00:04 2024
phys43199.physics.gatech.edu is reachable. -Sat Jan 13 17:15:04 2024
phys43199.physics.gatech.edu is reachable. -Sat Jan 13 17:30:04 2024
phys43199.physics.gatech.edu is reachable. -Sat Jan 13 17:45:04 2024
phys43199.physics.gatech.edu is reachable. -Sat Jan 13 18:00:05 2024
phys43199.physics.gatech.edu is reachable. -Sat Jan 13 18:15:04 2024
phys43199.physics.gatech.edu is reachable. -Sat Jan 13 18:30:05 2024
phys43199.physics.gatech.edu is reachable. -Sat Jan 13 18:45:04 2024
phys43199.physics.gatech.edu is reachable. -Sat Jan 13 19:00:05 2024
phys43199.physics.gatech.edu is reachable. -Sat Jan 13 19:15:04 2024
phys43199.physics.gatech.edu is reachable. -Sat Jan 13 19:30:05 2024
phys43199.physics.gatech.edu is reachable. -Sat Jan 13 19:45:04 2024
phys43199.physics.gatech.edu is reachable. -Sat Jan 13 20:00:04 2024
phys43199.physics.gatech.edu is reachable. -Sat Jan 13 20:15:04 2024
phys43199.physics.gatech.edu is reachable. -Sat Jan 13 20:30:04 2024
phys43199.physics.gatech.edu is reachable. -Sat Jan 13 20:45:05 2024
phys43199.physics.gatech.edu is reachable. -Sat Jan 13 21:00:04 2024
phys43199.physics.gatech.edu is reachable. -Sat Jan 13 21:15:05 2024
phys43199.physics.gatech.edu is reachable. -Sat Jan 13 21:30:04 2024
phys43199.physics.gatech.edu is reachable. -Sat Jan 13 21:45:05 2024
phys43199.physics.gatech.edu is reachable. -Sat Jan 13 22:00:04 2024
phys43199.physics.gatech.edu is reachable. -Sat Jan 13 22:15:05 2024
phys43199.physics.gatech.edu is reachable. -Sat Jan 13 22:30:04 2024
phys43199.physics.gatech.edu is reachable. -Sat Jan 13 22:45:05 2024
phys43199.physics.gatech.edu is reachable. -Sat Jan 13 23:00:04 2024
phys43199.physics.gatech.edu is reachable. -Sat Jan 13 23:15:04 2024
phys43199.physics.gatech.edu is reachable. -Sat Jan 13 23:30:04 2024
phys43199.physics.gatech.edu is reachable. -Sat Jan 13 23:45:04 2024
phys43199.physics.gatech.edu is reachable. -Sun Jan 14 00:00:05 2024
phys43199.physics.gatech.edu is reachable. -Sun Jan 14 00:15:04 2024
phys43199.physics.gatech.edu is reachable. -Sun Jan 14 00:30:05 2024
phys43199.physics.gatech.edu is reachable. -Sun Jan 14 00:45:04 2024
phys43199.physics.gatech.edu is reachable. -Sun Jan 14 01:00:05 2024
phys43199.physics.gatech.edu is reachable. -Sun Jan 14 01:15:04 2024
phys43199.physics.gatech.edu is reachable. -Sun Jan 14 01:30:05 2024
phys43199.physics.gatech.edu is reachable. -Sun Jan 14 01:45:04 2024
phys43199.physics.gatech.edu is reachable. -Sun Jan 14 02:00:04 2024
phys43199.physics.gatech.edu is reachable. -Sun Jan 14 02:15:04 2024
phys43199.physics.gatech.edu is reachable. -Sun Jan 14 02:30:04 2024
phys43199.physics.gatech.edu is reachable. -Sun Jan 14 02:45:05 2024
phys43199.physics.gatech.edu is reachable. -Sun Jan 14 03:00:04 2024
phys43199.physics.gatech.edu is reachable. -Sun Jan 14 03:15:05 2024
phys43199.physics.gatech.edu is reachable. -Sun Jan 14 03:30:04 2024
phys43199.physics.gatech.edu is reachable. -Sun Jan 14 03:45:05 2024
phys43199.physics.gatech.edu is reachable. -Sun Jan 14 04:00:04 2024
phys43199.physics.gatech.edu is reachable. -Sun Jan 14 04:15:05 2024
phys43199.physics.gatech.edu is reachable. -Sun Jan 14 04:30:04 2024
phys43199.physics.gatech.edu is reachable. -Sun Jan 14 04:45:05 2024
phys43199.physics.gatech.edu is reachable. -Sun Jan 14 05:00:04 2024
phys43199.physics.gatech.edu is reachable. -Sun Jan 14 05:15:05 2024
phys43199.physics.gatech.edu is reachable. -Sun Jan 14 05:30:04 2024
phys43199.physics.gatech.edu is reachable. -Sun Jan 14 05:45:05 2024
phys43199.physics.gatech.edu is reachable. -Sun Jan 14 06:00:04 2024
phys43199.physics.gatech.edu is reachable. -Sun Jan 14 06:15:05 2024
phys43199.physics.gatech.edu is reachable. -Sun Jan 14 06:30:04 2024
phys43199.physics.gatech.edu is reachable. -Sun Jan 14 06:45:05 2024
phys43199.physics.gatech.edu is reachable. -Sun Jan 14 07:00:04 2024
phys43199.physics.gatech.edu is reachable. -Sun Jan 14 07:15:04 2024
phys43199.physics.gatech.edu is reachable. -Sun Jan 14 07:30:04 2024
phys43199.physics.gatech.edu is reachable. -Sun Jan 14 07:45:04 2024
phys43199.physics.gatech.edu is reachable. -Sun Jan 14 08:00:05 2024
phys43199.physics.gatech.edu is reachable. -Sun Jan 14 08:15:04 2024
phys43199.physics.gatech.edu is reachable. -Sun Jan 14 08:30:05 2024
phys43199.physics.gatech.edu is reachable. -Sun Jan 14 08:45:04 2024
phys43199.physics.gatech.edu is reachable. -Sun Jan 14 09:00:05 2024
phys43199.physics.gatech.edu is reachable. -Sun Jan 14 09:15:04 2024
phys43199.physics.gatech.edu is reachable. -Sun Jan 14 09:30:04 2024
phys43199.physics.gatech.edu is reachable. -Sun Jan 14 09:45:04 2024
phys43199.physics.gatech.edu is reachable. -Sun Jan 14 10:00:04 2024
phys43199.physics.gatech.edu is reachable. -Sun Jan 14 10:15:04 2024
phys43199.physics.gatech.edu is reachable. -Sun Jan 14 10:30:04 2024
phys43199.physics.gatech.edu is reachable. -Sun Jan 14 10:45:05 2024
phys43199.physics.gatech.edu is reachable. -Sun Jan 14 11:00:04 2024
phys43199.physics.gatech.edu is reachable. -Sun Jan 14 11:15:05 2024
phys43199.physics.gatech.edu is reachable. -Sun Jan 14 11:30:04 2024
phys43199.physics.gatech.edu is reachable. -Sun Jan 14 11:45:05 2024
phys43199.physics.gatech.edu is reachable. -Sun Jan 14 12:00:04 2024
phys43199.physics.gatech.edu is reachable. -Sun Jan 14 12:15:05 2024
phys43199.physics.gatech.edu is reachable. -Sun Jan 14 12:30:04 2024
phys43199.physics.gatech.edu is reachable. -Sun Jan 14 12:45:04 2024
phys43199.physics.gatech.edu is reachable. -Sun Jan 14 13:00:04 2024
phys43199.physics.gatech.edu is reachable. -Sun Jan 14 13:15:04 2024
phys43199.physics.gatech.edu is reachable. -Sun Jan 14 13:30:04 2024
phys43199.physics.gatech.edu is reachable. -Sun Jan 14 13:45:04 2024
phys43199.physics.gatech.edu is reachable. -Sun Jan 14 14:00:05 2024
phys43199.physics.gatech.edu is reachable. -Sun Jan 14 14:15:04 2024
phys43199.physics.gatech.edu is reachable. -Sun Jan 14 14:30:05 2024
phys43199.physics.gatech.edu is reachable. -Sun Jan 14 14:45:04 2024
phys43199.physics.gatech.edu is reachable. -Sun Jan 14 15:00:05 2024
phys43199.physics.gatech.edu is reachable. -Sun Jan 14 15:15:04 2024
phys43199.physics.gatech.edu is reachable. -Sun Jan 14 15:30:04 2024
phys43199.physics.gatech.edu is reachable. -Sun Jan 14 15:45:04 2024
phys43199.physics.gatech.edu is reachable. -Sun Jan 14 16:00:04 2024
phys43199.physics.gatech.edu is reachable. -Sun Jan 14 16:15:05 2024
phys43199.physics.gatech.edu is reachable. -Sun Jan 14 16:30:04 2024
phys43199.physics.gatech.edu is reachable. -Sun Jan 14 16:45:05 2024
phys43199.physics.gatech.edu is reachable. -Sun Jan 14 17:00:04 2024
phys43199.physics.gatech.edu is reachable. -Sun Jan 14 17:15:04 2024
phys43199.physics.gatech.edu is reachable. -Sun Jan 14 17:30:04 2024
phys43199.physics.gatech.edu is reachable. -Sun Jan 14 17:45:04 2024
phys43199.physics.gatech.edu is reachable. -Sun Jan 14 18:00:05 2024
phys43199.physics.gatech.edu is reachable. -Sun Jan 14 18:15:04 2024
phys43199.physics.gatech.edu is reachable. -Sun Jan 14 18:30:05 2024
phys43199.physics.gatech.edu is reachable. -Sun Jan 14 18:45:04 2024
phys43199.physics.gatech.edu is reachable. -Sun Jan 14 19:00:05 2024
phys43199.physics.gatech.edu is reachable. -Sun Jan 14 19:15:04 2024
phys43199.physics.gatech.edu is reachable. -Sun Jan 14 19:30:05 2024
phys43199.physics.gatech.edu is reachable. -Sun Jan 14 19:45:04 2024
phys43199.physics.gatech.edu is reachable. -Sun Jan 14 20:00:05 2024
phys43199.physics.gatech.edu is reachable. -Sun Jan 14 20:15:04 2024
phys43199.physics.gatech.edu is reachable. -Sun Jan 14 20:30:05 2024
phys43199.physics.gatech.edu is reachable. -Sun Jan 14 20:45:04 2024
phys43199.physics.gatech.edu is reachable. -Sun Jan 14 21:00:04 2024
phys43199.physics.gatech.edu is reachable. -Sun Jan 14 21:15:04 2024
phys43199.physics.gatech.edu is reachable. -Sun Jan 14 21:30:04 2024
phys43199.physics.gatech.edu is reachable. -Sun Jan 14 21:45:05 2024
phys43199.physics.gatech.edu is reachable. -Sun Jan 14 22:00:04 2024
phys43199.physics.gatech.edu is reachable. -Sun Jan 14 22:15:05 2024
phys43199.physics.gatech.edu is reachable. -Sun Jan 14 22:30:04 2024
phys43199.physics.gatech.edu is reachable. -Sun Jan 14 22:45:04 2024
phys43199.physics.gatech.edu is reachable. -Sun Jan 14 23:00:04 2024
phys43199.physics.gatech.edu is reachable. -Sun Jan 14 23:15:04 2024
phys43199.physics.gatech.edu is reachable. -Sun Jan 14 23:30:04 2024
phys43199.physics.gatech.edu is reachable. -Sun Jan 14 23:45:04 2024
phys43199.physics.gatech.edu is reachable. -Mon Jan 15 00:00:05 2024
phys43199.physics.gatech.edu is reachable. -Mon Jan 15 00:15:04 2024
phys43199.physics.gatech.edu is reachable. -Mon Jan 15 00:30:05 2024
phys43199.physics.gatech.edu is reachable. -Mon Jan 15 00:45:04 2024
phys43199.physics.gatech.edu is reachable. -Mon Jan 15 01:00:05 2024
phys43199.physics.gatech.edu is reachable. -Mon Jan 15 01:15:04 2024
phys43199.physics.gatech.edu is reachable. -Mon Jan 15 01:30:05 2024
phys43199.physics.gatech.edu is reachable. -Mon Jan 15 01:45:04 2024
phys43199.physics.gatech.edu is reachable. -Mon Jan 15 02:00:04 2024
phys43199.physics.gatech.edu is reachable. -Mon Jan 15 02:15:04 2024
phys43199.physics.gatech.edu is reachable. -Mon Jan 15 02:30:04 2024
phys43199.physics.gatech.edu is reachable. -Mon Jan 15 02:45:04 2024
phys43199.physics.gatech.edu is reachable. -Mon Jan 15 03:00:04 2024
phys43199.physics.gatech.edu is reachable. -Mon Jan 15 03:15:04 2024
phys43199.physics.gatech.edu is reachable. -Mon Jan 15 03:30:04 2024
phys43199.physics.gatech.edu is reachable. -Mon Jan 15 03:45:04 2024
phys43199.physics.gatech.edu is reachable. -Mon Jan 15 04:00:04 2024
phys43199.physics.gatech.edu is reachable. -Mon Jan 15 04:15:05 2024
phys43199.physics.gatech.edu is reachable. -Mon Jan 15 04:30:04 2024
phys43199.physics.gatech.edu is reachable. -Mon Jan 15 04:45:05 2024
phys43199.physics.gatech.edu is reachable. -Mon Jan 15 05:00:04 2024
phys43199.physics.gatech.edu is reachable. -Mon Jan 15 05:15:05 2024
phys43199.physics.gatech.edu is reachable. -Mon Jan 15 05:30:04 2024
phys43199.physics.gatech.edu is reachable. -Mon Jan 15 05:45:04 2024
phys43199.physics.gatech.edu is reachable. -Mon Jan 15 06:00:04 2024
phys43199.physics.gatech.edu is reachable. -Mon Jan 15 06:15:04 2024
phys43199.physics.gatech.edu is reachable. -Mon Jan 15 06:30:05 2024
phys43199.physics.gatech.edu is reachable. -Mon Jan 15 06:45:04 2024
phys43199.physics.gatech.edu is reachable. -Mon Jan 15 07:00:05 2024
phys43199.physics.gatech.edu is reachable. -Mon Jan 15 07:15:04 2024
phys43199.physics.gatech.edu is reachable. -Mon Jan 15 07:30:05 2024
phys43199.physics.gatech.edu is reachable. -Mon Jan 15 07:45:04 2024
phys43199.physics.gatech.edu is reachable. -Mon Jan 15 08:00:05 2024
phys43199.physics.gatech.edu is reachable. -Mon Jan 15 08:15:04 2024
phys43199.physics.gatech.edu is reachable. -Mon Jan 15 08:30:04 2024
phys43199.physics.gatech.edu is reachable. -Mon Jan 15 08:45:04 2024
phys43199.physics.gatech.edu is reachable. -Mon Jan 15 09:00:04 2024
phys43199.physics.gatech.edu is reachable. -Mon Jan 15 09:15:04 2024
phys43199.physics.gatech.edu is reachable. -Mon Jan 15 09:30:04 2024
phys43199.physics.gatech.edu is reachable. -Mon Jan 15 09:45:04 2024
phys43199.physics.gatech.edu is reachable. -Mon Jan 15 10:00:04 2024
phys43199.physics.gatech.edu is reachable. -Mon Jan 15 10:15:04 2024
phys43199.physics.gatech.edu is reachable. -Mon Jan 15 10:30:04 2024
phys43199.physics.gatech.edu is reachable. -Mon Jan 15 10:45:04 2024
phys43199.physics.gatech.edu is reachable. -Mon Jan 15 11:00:04 2024
phys43199.physics.gatech.edu is reachable. -Mon Jan 15 11:15:05 2024
phys43199.physics.gatech.edu is reachable. -Mon Jan 15 11:30:04 2024
phys43199.physics.gatech.edu is reachable. -Mon Jan 15 11:45:05 2024
phys43199.physics.gatech.edu is reachable. -Mon Jan 15 12:00:04 2024
phys43199.physics.gatech.edu is reachable. -Mon Jan 15 12:15:05 2024
phys43199.physics.gatech.edu is reachable. -Mon Jan 15 12:30:04 2024
phys43199.physics.gatech.edu is reachable. -Mon Jan 15 12:45:04 2024
phys43199.physics.gatech.edu is reachable. -Mon Jan 15 13:00:04 2024
phys43199.physics.gatech.edu is reachable. -Mon Jan 15 13:15:04 2024
phys43199.physics.gatech.edu is reachable. -Mon Jan 15 13:30:04 2024
phys43199.physics.gatech.edu is reachable. -Mon Jan 15 13:45:04 2024
phys43199.physics.gatech.edu is reachable. -Mon Jan 15 14:00:04 2024
phys43199.physics.gatech.edu is reachable. -Mon Jan 15 14:15:04 2024
phys43199.physics.gatech.edu is reachable. -Mon Jan 15 14:30:05 2024
phys43199.physics.gatech.edu is reachable. -Mon Jan 15 14:45:04 2024
phys43199.physics.gatech.edu is reachable. -Mon Jan 15 15:00:05 2024
phys43199.physics.gatech.edu is reachable. -Mon Jan 15 15:15:04 2024
phys43199.physics.gatech.edu is reachable. -Mon Jan 15 15:30:05 2024
phys43199.physics.gatech.edu is reachable. -Mon Jan 15 15:45:04 2024
phys43199.physics.gatech.edu is reachable. -Mon Jan 15 16:00:04 2024
phys43199.physics.gatech.edu is reachable. -Mon Jan 15 16:15:04 2024
phys43199.physics.gatech.edu is reachable. -Mon Jan 15 16:30:04 2024
phys43199.physics.gatech.edu is reachable. -Mon Jan 15 16:45:04 2024
phys43199.physics.gatech.edu is reachable. -Mon Jan 15 17:00:04 2024
phys43199.physics.gatech.edu is reachable. -Mon Jan 15 17:15:04 2024
phys43199.physics.gatech.edu is reachable. -Mon Jan 15 17:30:04 2024
phys43199.physics.gatech.edu is reachable. -Mon Jan 15 17:45:05 2024
phys43199.physics.gatech.edu is reachable. -Mon Jan 15 18:00:04 2024
phys43199.physics.gatech.edu is reachable. -Mon Jan 15 18:15:05 2024
phys43199.physics.gatech.edu is reachable. -Mon Jan 15 18:30:04 2024
phys43199.physics.gatech.edu is reachable. -Mon Jan 15 18:45:05 2024
phys43199.physics.gatech.edu is reachable. -Mon Jan 15 19:00:04 2024
phys43199.physics.gatech.edu is reachable. -Mon Jan 15 19:15:05 2024
phys43199.physics.gatech.edu is reachable. -Mon Jan 15 19:30:04 2024
phys43199.physics.gatech.edu is reachable. -Mon Jan 15 19:45:05 2024
phys43199.physics.gatech.edu is reachable. -Mon Jan 15 20:00:04 2024
phys43199.physics.gatech.edu is reachable. -Mon Jan 15 20:15:04 2024
phys43199.physics.gatech.edu is reachable. -Mon Jan 15 20:30:04 2024
phys43199.physics.gatech.edu is reachable. -Mon Jan 15 20:45:04 2024
phys43199.physics.gatech.edu is reachable. -Mon Jan 15 21:00:04 2024
phys43199.physics.gatech.edu is reachable. -Mon Jan 15 21:15:04 2024
phys43199.physics.gatech.edu is reachable. -Mon Jan 15 21:30:05 2024
phys43199.physics.gatech.edu is reachable. -Mon Jan 15 21:45:04 2024
phys43199.physics.gatech.edu is reachable. -Mon Jan 15 22:00:04 2024
phys43199.physics.gatech.edu is reachable. -Mon Jan 15 22:15:04 2024
phys43199.physics.gatech.edu is reachable. -Mon Jan 15 22:30:05 2024
phys43199.physics.gatech.edu is reachable. -Mon Jan 15 22:45:04 2024
phys43199.physics.gatech.edu is reachable. -Mon Jan 15 23:00:05 2024
phys43199.physics.gatech.edu is reachable. -Mon Jan 15 23:15:04 2024
phys43199.physics.gatech.edu is reachable. -Mon Jan 15 23:30:05 2024
phys43199.physics.gatech.edu is reachable. -Mon Jan 15 23:45:04 2024
phys43199.physics.gatech.edu is reachable. -Tue Jan 16 00:00:05 2024
phys43199.physics.gatech.edu is reachable. -Tue Jan 16 00:15:04 2024
phys43199.physics.gatech.edu is reachable. -Tue Jan 16 00:30:04 2024
phys43199.physics.gatech.edu is reachable. -Tue Jan 16 00:45:04 2024
phys43199.physics.gatech.edu is reachable. -Tue Jan 16 01:00:04 2024
phys43199.physics.gatech.edu is reachable. -Tue Jan 16 01:15:05 2024
phys43199.physics.gatech.edu is reachable. -Tue Jan 16 01:30:04 2024
phys43199.physics.gatech.edu is reachable. -Tue Jan 16 01:45:05 2024
phys43199.physics.gatech.edu is reachable. -Tue Jan 16 02:00:04 2024
phys43199.physics.gatech.edu is reachable. -Tue Jan 16 02:15:05 2024
phys43199.physics.gatech.edu is reachable. -Tue Jan 16 02:30:04 2024
phys43199.physics.gatech.edu is reachable. -Tue Jan 16 02:45:04 2024
phys43199.physics.gatech.edu is reachable. -Tue Jan 16 03:00:04 2024
phys43199.physics.gatech.edu is reachable. -Tue Jan 16 03:15:04 2024
phys43199.physics.gatech.edu is reachable. -Tue Jan 16 03:30:05 2024
phys43199.physics.gatech.edu is reachable. -Tue Jan 16 03:45:04 2024
phys43199.physics.gatech.edu is reachable. -Tue Jan 16 04:00:04 2024
phys43199.physics.gatech.edu is reachable. -Tue Jan 16 04:15:04 2024
phys43199.physics.gatech.edu is reachable. -Tue Jan 16 04:30:04 2024
phys43199.physics.gatech.edu is reachable. -Tue Jan 16 04:45:04 2024
phys43199.physics.gatech.edu is reachable. -Tue Jan 16 05:00:05 2024
phys43199.physics.gatech.edu is reachable. -Tue Jan 16 05:15:04 2024
phys43199.physics.gatech.edu is reachable. -Tue Jan 16 05:30:05 2024
phys43199.physics.gatech.edu is reachable. -Tue Jan 16 05:45:04 2024
phys43199.physics.gatech.edu is reachable. -Tue Jan 16 06:00:05 2024
phys43199.physics.gatech.edu is reachable. -Tue Jan 16 06:15:04 2024
phys43199.physics.gatech.edu is reachable. -Tue Jan 16 06:30:05 2024
phys43199.physics.gatech.edu is reachable. -Tue Jan 16 06:45:04 2024
phys43199.physics.gatech.edu is reachable. -Tue Jan 16 07:00:05 2024
phys43199.physics.gatech.edu is reachable. -Tue Jan 16 07:15:04 2024
phys43199.physics.gatech.edu is reachable. -Tue Jan 16 07:30:05 2024
phys43199.physics.gatech.edu is reachable. -Tue Jan 16 07:45:04 2024
phys43199.physics.gatech.edu is reachable. -Tue Jan 16 08:00:04 2024
phys43199.physics.gatech.edu is reachable. -Tue Jan 16 08:15:04 2024
phys43199.physics.gatech.edu is reachable. -Tue Jan 16 08:30:04 2024
phys43199.physics.gatech.edu is reachable. -Tue Jan 16 08:45:05 2024
phys43199.physics.gatech.edu is reachable. -Tue Jan 16 09:00:04 2024
phys43199.physics.gatech.edu is reachable. -Tue Jan 16 09:15:05 2024
phys43199.physics.gatech.edu is reachable. -Tue Jan 16 09:30:04 2024
phys43199.physics.gatech.edu is reachable. -Tue Jan 16 09:45:05 2024
phys43199.physics.gatech.edu is reachable. -Tue Jan 16 10:00:04 2024
phys43199.physics.gatech.edu is reachable. -Tue Jan 16 10:15:05 2024
phys43199.physics.gatech.edu is reachable. -Tue Jan 16 10:30:04 2024
phys43199.physics.gatech.edu is reachable. -Tue Jan 16 10:45:05 2024
phys43199.physics.gatech.edu is reachable. -Tue Jan 16 11:00:04 2024
phys43199.physics.gatech.edu is reachable. -Tue Jan 16 11:15:04 2024
phys43199.physics.gatech.edu is reachable. -Tue Jan 16 11:30:04 2024
phys43199.physics.gatech.edu is reachable. -Tue Jan 16 11:45:04 2024
phys43199.physics.gatech.edu is reachable. -Tue Jan 16 12:00:04 2024
phys43199.physics.gatech.edu is reachable. -Tue Jan 16 12:15:04 2024
phys43199.physics.gatech.edu is reachable. -Tue Jan 16 12:30:05 2024
phys43199.physics.gatech.edu is reachable. -Tue Jan 16 12:45:04 2024
phys43199.physics.gatech.edu is reachable. -Tue Jan 16 13:00:05 2024
phys43199.physics.gatech.edu is reachable. -Tue Jan 16 13:15:04 2024
phys43199.physics.gatech.edu is reachable. -Tue Jan 16 13:30:05 2024
phys43199.physics.gatech.edu is reachable. -Tue Jan 16 13:45:04 2024
phys43199.physics.gatech.edu is reachable. -Tue Jan 16 14:00:04 2024
phys43199.physics.gatech.edu is reachable. -Tue Jan 16 14:15:04 2024
phys43199.physics.gatech.edu is reachable. -Tue Jan 16 14:30:04 2024
phys43199.physics.gatech.edu is reachable. -Tue Jan 16 14:45:04 2024
phys43199.physics.gatech.edu is reachable. -Tue Jan 16 15:00:04 2024
phys43199.physics.gatech.edu is reachable. -Tue Jan 16 15:15:05 2024
phys43199.physics.gatech.edu is reachable. -Tue Jan 16 15:30:04 2024
phys43199.physics.gatech.edu is reachable. -Tue Jan 16 15:45:05 2024
phys43199.physics.gatech.edu is reachable. -Tue Jan 16 16:00:04 2024
phys43199.physics.gatech.edu is reachable. -Tue Jan 16 16:15:05 2024
phys43199.physics.gatech.edu is reachable. -Tue Jan 16 16:30:04 2024
phys43199.physics.gatech.edu is reachable. -Tue Jan 16 16:45:05 2024
phys43199.physics.gatech.edu is reachable. -Tue Jan 16 17:00:04 2024
phys43199.physics.gatech.edu is reachable. -Tue Jan 16 17:15:05 2024
phys43199.physics.gatech.edu is reachable. -Tue Jan 16 17:30:04 2024
phys43199.physics.gatech.edu is reachable. -Tue Jan 16 17:45:04 2024
phys43199.physics.gatech.edu is reachable. -Tue Jan 16 18:00:04 2024
phys43199.physics.gatech.edu is reachable. -Tue Jan 16 18:15:04 2024
phys43199.physics.gatech.edu is reachable. -Tue Jan 16 18:30:04 2024
phys43199.physics.gatech.edu is reachable. -Tue Jan 16 18:45:04 2024
phys43199.physics.gatech.edu is reachable. -Tue Jan 16 19:00:05 2024
phys43199.physics.gatech.edu is reachable. -Tue Jan 16 19:15:04 2024
phys43199.physics.gatech.edu is reachable. -Tue Jan 16 19:30:05 2024
phys43199.physics.gatech.edu is reachable. -Tue Jan 16 19:45:04 2024
phys43199.physics.gatech.edu is reachable. -Tue Jan 16 20:00:05 2024
phys43199.physics.gatech.edu is reachable. -Tue Jan 16 20:15:04 2024
phys43199.physics.gatech.edu is reachable. -Tue Jan 16 20:30:05 2024
phys43199.physics.gatech.edu is reachable. -Tue Jan 16 20:45:04 2024
phys43199.physics.gatech.edu is reachable. -Tue Jan 16 21:00:05 2024
phys43199.physics.gatech.edu is reachable. -Tue Jan 16 21:15:04 2024
phys43199.physics.gatech.edu is reachable. -Tue Jan 16 21:30:05 2024
phys43199.physics.gatech.edu is reachable. -Tue Jan 16 21:45:04 2024
phys43199.physics.gatech.edu is reachable. -Tue Jan 16 22:00:05 2024
phys43199.physics.gatech.edu is reachable. -Tue Jan 16 22:15:04 2024
phys43199.physics.gatech.edu is reachable. -Tue Jan 16 22:30:04 2024
phys43199.physics.gatech.edu is reachable. -Tue Jan 16 22:45:04 2024
phys43199.physics.gatech.edu is reachable. -Tue Jan 16 23:00:04 2024
phys43199.physics.gatech.edu is reachable. -Tue Jan 16 23:15:04 2024
phys43199.physics.gatech.edu is reachable. -Tue Jan 16 23:30:04 2024
phys43199.physics.gatech.edu is reachable. -Tue Jan 16 23:45:04 2024
phys43199.physics.gatech.edu is reachable. -Wed Jan 17 00:00:04 2024
phys43199.physics.gatech.edu is reachable. -Wed Jan 17 00:15:05 2024
phys43199.physics.gatech.edu is reachable. -Wed Jan 17 00:30:04 2024
phys43199.physics.gatech.edu is reachable. -Wed Jan 17 00:45:05 2024
phys43199.physics.gatech.edu is reachable. -Wed Jan 17 01:00:04 2024
phys43199.physics.gatech.edu is reachable. -Wed Jan 17 01:15:05 2024
phys43199.physics.gatech.edu is reachable. -Wed Jan 17 01:30:04 2024
phys43199.physics.gatech.edu is reachable. -Wed Jan 17 01:45:05 2024
phys43199.physics.gatech.edu is reachable. -Wed Jan 17 02:00:04 2024
phys43199.physics.gatech.edu is reachable. -Wed Jan 17 02:15:04 2024
phys43199.physics.gatech.edu is reachable. -Wed Jan 17 02:30:04 2024
phys43199.physics.gatech.edu is reachable. -Wed Jan 17 02:45:04 2024
phys43199.physics.gatech.edu is reachable. -Wed Jan 17 03:00:04 2024
phys43199.physics.gatech.edu is reachable. -Wed Jan 17 03:15:04 2024
phys43199.physics.gatech.edu is reachable. -Wed Jan 17 03:30:04 2024
phys43199.physics.gatech.edu is reachable. -Wed Jan 17 03:45:04 2024
phys43199.physics.gatech.edu is reachable. -Wed Jan 17 04:00:04 2024
phys43199.physics.gatech.edu is reachable. -Wed Jan 17 04:15:04 2024
phys43199.physics.gatech.edu is reachable. -Wed Jan 17 04:30:04 2024
phys43199.physics.gatech.edu is reachable. -Wed Jan 17 04:45:04 2024
phys43199.physics.gatech.edu is reachable. -Wed Jan 17 05:00:04 2024
phys43199.physics.gatech.edu is reachable. -Wed Jan 17 05:15:04 2024
phys43199.physics.gatech.edu is reachable. -Wed Jan 17 05:30:05 2024
phys43199.physics.gatech.edu is reachable. -Wed Jan 17 05:45:04 2024
phys43199.physics.gatech.edu is reachable. -Wed Jan 17 06:00:05 2024
phys43199.physics.gatech.edu is reachable. -Wed Jan 17 06:15:04 2024
phys43199.physics.gatech.edu is reachable. -Wed Jan 17 06:30:05 2024
phys43199.physics.gatech.edu is reachable. -Wed Jan 17 06:45:04 2024
phys43199.physics.gatech.edu is reachable. -Wed Jan 17 07:00:04 2024
phys43199.physics.gatech.edu is reachable. -Wed Jan 17 07:15:04 2024
phys43199.physics.gatech.edu is reachable. -Wed Jan 17 07:30:04 2024
phys43199.physics.gatech.edu is reachable. -Wed Jan 17 07:45:04 2024
phys43199.physics.gatech.edu is reachable. -Wed Jan 17 08:00:04 2024
phys43199.physics.gatech.edu is reachable. -Wed Jan 17 08:15:04 2024
phys43199.physics.gatech.edu is reachable. -Wed Jan 17 08:30:04 2024
phys43199.physics.gatech.edu is reachable. -Wed Jan 17 08:45:04 2024
phys43199.physics.gatech.edu is reachable. -Wed Jan 17 09:00:04 2024
phys43199.physics.gatech.edu is reachable. -Wed Jan 17 09:15:05 2024
phys43199.physics.gatech.edu is reachable. -Wed Jan 17 09:30:04 2024
phys43199.physics.gatech.edu is reachable. -Wed Jan 17 09:45:05 2024
phys43199.physics.gatech.edu is reachable. -Wed Jan 17 10:00:04 2024
phys43199.physics.gatech.edu is reachable. -Wed Jan 17 10:15:05 2024
phys43199.physics.gatech.edu is reachable. -Wed Jan 17 10:30:04 2024
phys43199.physics.gatech.edu is reachable. -Wed Jan 17 10:45:05 2024
phys43199.physics.gatech.edu is reachable. -Wed Jan 17 11:00:04 2024
phys43199.physics.gatech.edu is reachable. -Wed Jan 17 11:15:05 2024
phys43199.physics.gatech.edu is reachable. -Wed Jan 17 11:30:04 2024
phys43199.physics.gatech.edu is reachable. -Wed Jan 17 11:45:05 2024
phys43199.physics.gatech.edu is reachable. -Wed Jan 17 12:00:04 2024
phys43199.physics.gatech.edu is reachable. -Wed Jan 17 12:15:05 2024
phys43199.physics.gatech.edu is reachable. -Wed Jan 17 12:30:04 2024
phys43199.physics.gatech.edu is reachable. -Wed Jan 17 12:45:04 2024
phys43199.physics.gatech.edu is reachable. -Wed Jan 17 13:00:04 2024
phys43199.physics.gatech.edu is reachable. -Wed Jan 17 13:15:04 2024
phys43199.physics.gatech.edu is reachable. -Wed Jan 17 13:30:04 2024
phys43199.physics.gatech.edu is reachable. -Wed Jan 17 13:45:04 2024
phys43199.physics.gatech.edu is reachable. -Wed Jan 17 14:00:04 2024
phys43199.physics.gatech.edu is reachable. -Wed Jan 17 14:15:04 2024
phys43199.physics.gatech.edu is reachable. -Wed Jan 17 14:30:05 2024
phys43199.physics.gatech.edu is reachable. -Wed Jan 17 14:45:04 2024
phys43199.physics.gatech.edu is reachable. -Wed Jan 17 15:00:04 2024
phys43199.physics.gatech.edu is reachable. -Wed Jan 17 15:15:04 2024
phys43199.physics.gatech.edu is reachable. -Wed Jan 17 15:30:05 2024
phys43199.physics.gatech.edu is reachable. -Wed Jan 17 15:45:04 2024
phys43199.physics.gatech.edu is reachable. -Wed Jan 17 16:00:05 2024
phys43199.physics.gatech.edu is reachable. -Wed Jan 17 16:15:04 2024
phys43199.physics.gatech.edu is reachable. -Wed Jan 17 16:30:05 2024
phys43199.physics.gatech.edu is reachable. -Wed Jan 17 16:45:04 2024
phys43199.physics.gatech.edu is reachable. -Wed Jan 17 17:00:05 2024
phys43199.physics.gatech.edu is reachable. -Wed Jan 17 17:15:04 2024
phys43199.physics.gatech.edu is reachable. -Wed Jan 17 17:30:05 2024
phys43199.physics.gatech.edu is reachable. -Wed Jan 17 17:45:04 2024
phys43199.physics.gatech.edu is reachable. -Wed Jan 17 18:00:04 2024
phys43199.physics.gatech.edu is reachable. -Wed Jan 17 18:15:04 2024
phys43199.physics.gatech.edu is reachable. -Wed Jan 17 18:30:04 2024
phys43199.physics.gatech.edu is reachable. -Wed Jan 17 18:45:04 2024
phys43199.physics.gatech.edu is reachable. -Wed Jan 17 19:00:04 2024
phys43199.physics.gatech.edu is reachable. -Wed Jan 17 19:15:04 2024
phys43199.physics.gatech.edu is reachable. -Wed Jan 17 19:30:04 2024
phys43199.physics.gatech.edu is reachable. -Wed Jan 17 19:45:05 2024
phys43199.physics.gatech.edu is reachable. -Wed Jan 17 20:00:04 2024
phys43199.physics.gatech.edu is reachable. -Wed Jan 17 20:15:05 2024
phys43199.physics.gatech.edu is reachable. -Wed Jan 17 20:30:04 2024
phys43199.physics.gatech.edu is reachable. -Wed Jan 17 20:45:05 2024
phys43199.physics.gatech.edu is reachable. -Wed Jan 17 21:00:04 2024
phys43199.physics.gatech.edu is reachable. -Wed Jan 17 21:15:04 2024
phys43199.physics.gatech.edu is reachable. -Wed Jan 17 21:30:04 2024
phys43199.physics.gatech.edu is reachable. -Wed Jan 17 21:45:04 2024
phys43199.physics.gatech.edu is reachable. -Wed Jan 17 22:00:04 2024
phys43199.physics.gatech.edu is reachable. -Wed Jan 17 22:15:04 2024
phys43199.physics.gatech.edu is reachable. -Wed Jan 17 22:30:04 2024
phys43199.physics.gatech.edu is reachable. -Wed Jan 17 22:45:04 2024
phys43199.physics.gatech.edu is reachable. -Wed Jan 17 23:00:04 2024
phys43199.physics.gatech.edu is reachable. -Wed Jan 17 23:15:05 2024
phys43199.physics.gatech.edu is reachable. -Wed Jan 17 23:30:04 2024
phys43199.physics.gatech.edu is reachable. -Wed Jan 17 23:45:05 2024
phys43199.physics.gatech.edu is reachable. -Thu Jan 18 00:00:04 2024
phys43199.physics.gatech.edu is reachable. -Thu Jan 18 00:15:05 2024
phys43199.physics.gatech.edu is reachable. -Thu Jan 18 00:30:04 2024
phys43199.physics.gatech.edu is reachable. -Thu Jan 18 00:45:05 2024
phys43199.physics.gatech.edu is reachable. -Thu Jan 18 01:00:04 2024
phys43199.physics.gatech.edu is reachable. -Thu Jan 18 01:15:04 2024
phys43199.physics.gatech.edu is reachable. -Thu Jan 18 01:30:04 2024
phys43199.physics.gatech.edu is reachable. -Thu Jan 18 01:45:04 2024
phys43199.physics.gatech.edu is reachable. -Thu Jan 18 02:00:05 2024
phys43199.physics.gatech.edu is reachable. -Thu Jan 18 02:15:04 2024
phys43199.physics.gatech.edu is reachable. -Thu Jan 18 02:30:05 2024
phys43199.physics.gatech.edu is reachable. -Thu Jan 18 02:45:04 2024
phys43199.physics.gatech.edu is reachable. -Thu Jan 18 03:00:05 2024
phys43199.physics.gatech.edu is reachable. -Thu Jan 18 03:15:04 2024
phys43199.physics.gatech.edu is reachable. -Thu Jan 18 03:30:04 2024
phys43199.physics.gatech.edu is reachable. -Thu Jan 18 03:45:04 2024
phys43199.physics.gatech.edu is reachable. -Thu Jan 18 04:00:04 2024
phys43199.physics.gatech.edu is reachable. -Thu Jan 18 04:15:05 2024
phys43199.physics.gatech.edu is reachable. -Thu Jan 18 04:30:04 2024
phys43199.physics.gatech.edu is reachable. -Thu Jan 18 04:45:04 2024
phys43199.physics.gatech.edu is reachable. -Thu Jan 18 05:00:04 2024
phys43199.physics.gatech.edu is reachable. -Thu Jan 18 05:15:04 2024
phys43199.physics.gatech.edu is reachable. -Thu Jan 18 05:30:05 2024
phys43199.physics.gatech.edu is reachable. -Thu Jan 18 05:45:04 2024
phys43199.physics.gatech.edu is reachable. -Thu Jan 18 06:00:05 2024
phys43199.physics.gatech.edu is reachable. -Thu Jan 18 06:15:04 2024
phys43199.physics.gatech.edu is reachable. -Thu Jan 18 06:30:05 2024
phys43199.physics.gatech.edu is reachable. -Thu Jan 18 06:45:04 2024
phys43199.physics.gatech.edu is reachable. -Thu Jan 18 07:00:05 2024
phys43199.physics.gatech.edu is reachable. -Thu Jan 18 07:15:04 2024
phys43199.physics.gatech.edu is reachable. -Thu Jan 18 07:30:04 2024
phys43199.physics.gatech.edu is reachable. -Thu Jan 18 07:45:04 2024
phys43199.physics.gatech.edu is reachable. -Thu Jan 18 08:00:04 2024
phys43199.physics.gatech.edu is reachable. -Thu Jan 18 08:15:04 2024
phys43199.physics.gatech.edu is reachable. -Thu Jan 18 08:30:04 2024
phys43199.physics.gatech.edu is reachable. -Thu Jan 18 08:45:04 2024
phys43199.physics.gatech.edu is reachable. -Thu Jan 18 09:00:04 2024
phys43199.physics.gatech.edu is reachable. -Thu Jan 18 09:15:04 2024
phys43199.physics.gatech.edu is reachable. -Thu Jan 18 09:30:04 2024
phys43199.physics.gatech.edu is reachable. -Thu Jan 18 09:45:05 2024
phys43199.physics.gatech.edu is reachable. -Thu Jan 18 10:00:04 2024
phys43199.physics.gatech.edu is reachable. -Thu Jan 18 10:15:05 2024
phys43199.physics.gatech.edu is reachable. -Thu Jan 18 10:30:04 2024
phys43199.physics.gatech.edu is reachable. -Thu Jan 18 10:45:05 2024
phys43199.physics.gatech.edu is reachable. -Thu Jan 18 11:00:04 2024
phys43199.physics.gatech.edu is reachable. -Thu Jan 18 11:15:04 2024
phys43199.physics.gatech.edu is reachable. -Thu Jan 18 11:30:04 2024
phys43199.physics.gatech.edu is reachable. -Thu Jan 18 11:45:04 2024
phys43199.physics.gatech.edu is reachable. -Thu Jan 18 12:00:04 2024
phys43199.physics.gatech.edu is reachable. -Thu Jan 18 12:15:05 2024
phys43199.physics.gatech.edu is reachable. -Thu Jan 18 12:30:04 2024
phys43199.physics.gatech.edu is reachable. -Thu Jan 18 12:45:05 2024
phys43199.physics.gatech.edu is reachable. -Thu Jan 18 13:00:04 2024
phys43199.physics.gatech.edu is reachable. -Thu Jan 18 13:15:04 2024
phys43199.physics.gatech.edu is reachable. -Thu Jan 18 13:30:04 2024
phys43199.physics.gatech.edu is reachable. -Thu Jan 18 13:45:04 2024
phys43199.physics.gatech.edu is reachable. -Thu Jan 18 14:00:05 2024
phys43199.physics.gatech.edu is reachable. -Thu Jan 18 14:15:04 2024
phys43199.physics.gatech.edu is reachable. -Thu Jan 18 14:30:05 2024
phys43199.physics.gatech.edu is reachable. -Thu Jan 18 14:45:04 2024
phys43199.physics.gatech.edu is reachable. -Thu Jan 18 15:00:05 2024
phys43199.physics.gatech.edu is reachable. -Thu Jan 18 15:15:04 2024
phys43199.physics.gatech.edu is reachable. -Thu Jan 18 15:30:05 2024
phys43199.physics.gatech.edu is reachable. -Thu Jan 18 15:45:04 2024
phys43199.physics.gatech.edu is reachable. -Thu Jan 18 16:00:05 2024
phys43199.physics.gatech.edu is reachable. -Thu Jan 18 16:15:04 2024
phys43199.physics.gatech.edu is reachable. -Thu Jan 18 16:30:05 2024
phys43199.physics.gatech.edu is reachable. -Thu Jan 18 16:45:04 2024
phys43199.physics.gatech.edu is reachable. -Thu Jan 18 17:00:05 2024
phys43199.physics.gatech.edu is reachable. -Thu Jan 18 17:15:04 2024
phys43199.physics.gatech.edu is reachable. -Thu Jan 18 17:30:05 2024
phys43199.physics.gatech.edu is reachable. -Thu Jan 18 17:45:04 2024
phys43199.physics.gatech.edu is reachable. -Thu Jan 18 18:00:05 2024
phys43199.physics.gatech.edu is reachable. -Thu Jan 18 18:15:04 2024
phys43199.physics.gatech.edu is reachable. -Thu Jan 18 18:30:04 2024
phys43199.physics.gatech.edu is reachable. -Thu Jan 18 18:45:05 2024
phys43199.physics.gatech.edu is reachable. -Thu Jan 18 19:00:04 2024
phys43199.physics.gatech.edu is reachable. -Thu Jan 18 19:15:05 2024
phys43199.physics.gatech.edu is reachable. -Thu Jan 18 19:30:04 2024
phys43199.physics.gatech.edu is reachable. -Thu Jan 18 19:45:05 2024
phys43199.physics.gatech.edu is reachable. -Thu Jan 18 20:00:04 2024
phys43199.physics.gatech.edu is reachable. -Thu Jan 18 20:15:05 2024
phys43199.physics.gatech.edu is reachable. -Thu Jan 18 20:30:04 2024
phys43199.physics.gatech.edu is reachable. -Thu Jan 18 20:45:04 2024
phys43199.physics.gatech.edu is reachable. -Thu Jan 18 21:00:05 2024
phys43199.physics.gatech.edu is reachable. -Thu Jan 18 21:15:04 2024
phys43199.physics.gatech.edu is reachable. -Thu Jan 18 21:30:05 2024
phys43199.physics.gatech.edu is reachable. -Thu Jan 18 21:45:04 2024
phys43199.physics.gatech.edu is reachable. -Thu Jan 18 22:00:05 2024
phys43199.physics.gatech.edu is reachable. -Thu Jan 18 22:15:04 2024
phys43199.physics.gatech.edu is reachable. -Thu Jan 18 22:30:05 2024
phys43199.physics.gatech.edu is reachable. -Thu Jan 18 22:45:04 2024
phys43199.physics.gatech.edu is reachable. -Thu Jan 18 23:00:05 2024
phys43199.physics.gatech.edu is reachable. -Thu Jan 18 23:15:04 2024
phys43199.physics.gatech.edu is reachable. -Thu Jan 18 23:30:04 2024
phys43199.physics.gatech.edu is reachable. -Thu Jan 18 23:45:04 2024
phys43199.physics.gatech.edu is reachable. -Fri Jan 19 00:00:04 2024
phys43199.physics.gatech.edu is reachable. -Fri Jan 19 00:15:05 2024
phys43199.physics.gatech.edu is reachable. -Fri Jan 19 00:30:04 2024
phys43199.physics.gatech.edu is reachable. -Fri Jan 19 00:45:05 2024
phys43199.physics.gatech.edu is reachable. -Fri Jan 19 01:00:04 2024
phys43199.physics.gatech.edu is reachable. -Fri Jan 19 01:15:05 2024
phys43199.physics.gatech.edu is reachable. -Fri Jan 19 01:30:04 2024
phys43199.physics.gatech.edu is reachable. -Fri Jan 19 01:45:05 2024
phys43199.physics.gatech.edu is reachable. -Fri Jan 19 02:00:04 2024
phys43199.physics.gatech.edu is reachable. -Fri Jan 19 02:15:04 2024
phys43199.physics.gatech.edu is reachable. -Fri Jan 19 02:30:04 2024
phys43199.physics.gatech.edu is reachable. -Fri Jan 19 02:45:04 2024
phys43199.physics.gatech.edu is reachable. -Fri Jan 19 03:00:04 2024
phys43199.physics.gatech.edu is reachable. -Fri Jan 19 03:15:04 2024
phys43199.physics.gatech.edu is reachable. -Fri Jan 19 03:30:05 2024
phys43199.physics.gatech.edu is reachable. -Fri Jan 19 03:45:04 2024
phys43199.physics.gatech.edu is reachable. -Fri Jan 19 04:00:04 2024
phys43199.physics.gatech.edu is reachable. -Fri Jan 19 04:15:04 2024
phys43199.physics.gatech.edu is reachable. -Fri Jan 19 04:30:05 2024
phys43199.physics.gatech.edu is reachable. -Fri Jan 19 04:45:04 2024
phys43199.physics.gatech.edu is reachable. -Fri Jan 19 05:00:05 2024
phys43199.physics.gatech.edu is reachable. -Fri Jan 19 05:15:04 2024
phys43199.physics.gatech.edu is reachable. -Fri Jan 19 05:30:05 2024
phys43199.physics.gatech.edu is reachable. -Fri Jan 19 05:45:04 2024
phys43199.physics.gatech.edu is reachable. -Fri Jan 19 06:00:05 2024
phys43199.physics.gatech.edu is reachable. -Fri Jan 19 06:15:04 2024
phys43199.physics.gatech.edu is reachable. -Fri Jan 19 06:30:05 2024
phys43199.physics.gatech.edu is reachable. -Fri Jan 19 06:45:04 2024
phys43199.physics.gatech.edu is reachable. -Fri Jan 19 07:00:05 2024
phys43199.physics.gatech.edu is reachable. -Fri Jan 19 07:15:04 2024
phys43199.physics.gatech.edu is reachable. -Fri Jan 19 07:30:05 2024
phys43199.physics.gatech.edu is reachable. -Fri Jan 19 07:45:04 2024
phys43199.physics.gatech.edu is reachable. -Fri Jan 19 08:00:04 2024
phys43199.physics.gatech.edu is reachable. -Fri Jan 19 08:15:04 2024
phys43199.physics.gatech.edu is reachable. -Fri Jan 19 08:30:04 2024
phys43199.physics.gatech.edu is reachable. -Fri Jan 19 08:45:05 2024
phys43199.physics.gatech.edu is reachable. -Fri Jan 19 09:00:04 2024
phys43199.physics.gatech.edu is reachable. -Fri Jan 19 09:15:05 2024
phys43199.physics.gatech.edu is reachable. -Fri Jan 19 09:30:04 2024
phys43199.physics.gatech.edu is reachable. -Fri Jan 19 09:45:05 2024
phys43199.physics.gatech.edu is reachable. -Fri Jan 19 10:00:04 2024
phys43199.physics.gatech.edu is reachable. -Fri Jan 19 10:15:04 2024
phys43199.physics.gatech.edu is reachable. -Fri Jan 19 10:30:04 2024
phys43199.physics.gatech.edu is reachable. -Fri Jan 19 10:45:04 2024
phys43199.physics.gatech.edu is reachable. -Fri Jan 19 11:00:04 2024
phys43199.physics.gatech.edu is reachable. -Fri Jan 19 11:15:04 2024
phys43199.physics.gatech.edu is reachable. -Fri Jan 19 11:30:05 2024
phys43199.physics.gatech.edu is reachable. -Fri Jan 19 11:45:04 2024
phys43199.physics.gatech.edu is reachable. -Fri Jan 19 12:00:05 2024
phys43199.physics.gatech.edu is reachable. -Fri Jan 19 12:15:04 2024
phys43199.physics.gatech.edu is reachable. -Fri Jan 19 12:30:05 2024
phys43199.physics.gatech.edu is reachable. -Fri Jan 19 12:45:04 2024
phys43199.physics.gatech.edu is reachable. -Fri Jan 19 13:00:04 2024
phys43199.physics.gatech.edu is reachable. -Fri Jan 19 13:15:04 2024
phys43199.physics.gatech.edu is reachable. -Fri Jan 19 13:30:04 2024
phys43199.physics.gatech.edu is reachable. -Fri Jan 19 13:45:04 2024
phys43199.physics.gatech.edu is reachable. -Fri Jan 19 14:00:04 2024
phys43199.physics.gatech.edu is reachable. -Fri Jan 19 14:15:05 2024
phys43199.physics.gatech.edu is reachable. -Fri Jan 19 14:30:04 2024
phys43199.physics.gatech.edu is reachable. -Fri Jan 19 14:45:05 2024
phys43199.physics.gatech.edu is reachable. -Fri Jan 19 15:00:04 2024
phys43199.physics.gatech.edu is reachable. -Fri Jan 19 15:15:05 2024
phys43199.physics.gatech.edu is reachable. -Fri Jan 19 15:30:04 2024
phys43199.physics.gatech.edu is reachable. -Fri Jan 19 15:45:04 2024
phys43199.physics.gatech.edu is reachable. -Fri Jan 19 16:00:04 2024
phys43199.physics.gatech.edu is reachable. -Fri Jan 19 16:15:04 2024
phys43199.physics.gatech.edu is reachable. -Fri Jan 19 16:30:05 2024
phys43199.physics.gatech.edu is reachable. -Fri Jan 19 16:45:04 2024
phys43199.physics.gatech.edu is reachable. -Fri Jan 19 17:00:05 2024
phys43199.physics.gatech.edu is reachable. -Fri Jan 19 17:15:04 2024
phys43199.physics.gatech.edu is reachable. -Fri Jan 19 17:30:05 2024
phys43199.physics.gatech.edu is reachable. -Fri Jan 19 17:45:04 2024
phys43199.physics.gatech.edu is reachable. -Fri Jan 19 18:00:05 2024
phys43199.physics.gatech.edu is reachable. -Fri Jan 19 18:15:04 2024
phys43199.physics.gatech.edu is reachable. -Fri Jan 19 18:30:05 2024
phys43199.physics.gatech.edu is reachable. -Fri Jan 19 18:45:04 2024
phys43199.physics.gatech.edu is reachable. -Fri Jan 19 19:00:04 2024
phys43199.physics.gatech.edu is reachable. -Fri Jan 19 19:15:04 2024
phys43199.physics.gatech.edu is reachable. -Fri Jan 19 19:30:04 2024
phys43199.physics.gatech.edu is reachable. -Fri Jan 19 19:45:05 2024
phys43199.physics.gatech.edu is reachable. -Fri Jan 19 20:00:04 2024
phys43199.physics.gatech.edu is reachable. -Fri Jan 19 20:15:05 2024
phys43199.physics.gatech.edu is reachable. -Fri Jan 19 20:30:04 2024
phys43199.physics.gatech.edu is reachable. -Fri Jan 19 20:45:04 2024
phys43199.physics.gatech.edu is reachable. -Fri Jan 19 21:00:05 2024
phys43199.physics.gatech.edu is reachable. -Fri Jan 19 21:15:04 2024
phys43199.physics.gatech.edu is reachable. -Fri Jan 19 21:30:04 2024
phys43199.physics.gatech.edu is reachable. -Fri Jan 19 21:45:04 2024
phys43199.physics.gatech.edu is reachable. -Fri Jan 19 22:00:04 2024
phys43199.physics.gatech.edu is reachable. -Fri Jan 19 22:15:04 2024
phys43199.physics.gatech.edu is reachable. -Fri Jan 19 22:30:04 2024
phys43199.physics.gatech.edu is reachable. -Fri Jan 19 22:45:04 2024
phys43199.physics.gatech.edu is reachable. -Fri Jan 19 23:00:04 2024
phys43199.physics.gatech.edu is reachable. -Fri Jan 19 23:15:04 2024
phys43199.physics.gatech.edu is reachable. -Fri Jan 19 23:30:04 2024
phys43199.physics.gatech.edu is reachable. -Fri Jan 19 23:45:05 2024
phys43199.physics.gatech.edu is reachable. -Sat Jan 20 00:00:04 2024
phys43199.physics.gatech.edu is reachable. -Sat Jan 20 00:15:04 2024
phys43199.physics.gatech.edu is reachable. -Sat Jan 20 00:30:04 2024
phys43199.physics.gatech.edu is reachable. -Sat Jan 20 00:45:04 2024
phys43199.physics.gatech.edu is reachable. -Sat Jan 20 01:00:04 2024
phys43199.physics.gatech.edu is reachable. -Sat Jan 20 01:15:04 2024
phys43199.physics.gatech.edu is reachable. -Sat Jan 20 01:30:05 2024
phys43199.physics.gatech.edu is reachable. -Sat Jan 20 01:45:04 2024
phys43199.physics.gatech.edu is reachable. -Sat Jan 20 02:00:05 2024
phys43199.physics.gatech.edu is reachable. -Sat Jan 20 02:15:04 2024
phys43199.physics.gatech.edu is reachable. -Sat Jan 20 02:30:04 2024
phys43199.physics.gatech.edu is reachable. -Sat Jan 20 02:45:04 2024
phys43199.physics.gatech.edu is reachable. -Sat Jan 20 03:00:04 2024
phys43199.physics.gatech.edu is reachable. -Sat Jan 20 03:15:05 2024
phys43199.physics.gatech.edu is reachable. -Sat Jan 20 03:30:04 2024
phys43199.physics.gatech.edu is reachable. -Sat Jan 20 03:45:04 2024
phys43199.physics.gatech.edu is reachable. -Sat Jan 20 04:00:04 2024
phys43199.physics.gatech.edu is reachable. -Sat Jan 20 04:15:04 2024
phys43199.physics.gatech.edu is reachable. -Sat Jan 20 04:30:04 2024
phys43199.physics.gatech.edu is reachable. -Sat Jan 20 04:45:05 2024
phys43199.physics.gatech.edu is reachable. -Sat Jan 20 05:00:04 2024
phys43199.physics.gatech.edu is reachable. -Sat Jan 20 05:15:05 2024
phys43199.physics.gatech.edu is reachable. -Sat Jan 20 05:30:04 2024
phys43199.physics.gatech.edu is reachable. -Sat Jan 20 05:45:05 2024
phys43199.physics.gatech.edu is reachable. -Sat Jan 20 06:00:04 2024
phys43199.physics.gatech.edu is reachable. -Sat Jan 20 06:15:05 2024
phys43199.physics.gatech.edu is reachable. -Sat Jan 20 06:30:04 2024
phys43199.physics.gatech.edu is reachable. -Sat Jan 20 06:45:05 2024
phys43199.physics.gatech.edu is reachable. -Sat Jan 20 07:00:04 2024
phys43199.physics.gatech.edu is reachable. -Sat Jan 20 07:15:04 2024
phys43199.physics.gatech.edu is reachable. -Sat Jan 20 07:30:04 2024
phys43199.physics.gatech.edu is reachable. -Sat Jan 20 07:45:04 2024
phys43199.physics.gatech.edu is reachable. -Sat Jan 20 08:00:05 2024
phys43199.physics.gatech.edu is reachable. -Sat Jan 20 08:15:04 2024
phys43199.physics.gatech.edu is reachable. -Sat Jan 20 08:30:05 2024
phys43199.physics.gatech.edu is reachable. -Sat Jan 20 08:45:04 2024
phys43199.physics.gatech.edu is reachable. -Sat Jan 20 09:00:05 2024
phys43199.physics.gatech.edu is reachable. -Sat Jan 20 09:15:04 2024
phys43199.physics.gatech.edu is reachable. -Sat Jan 20 09:30:04 2024
phys43199.physics.gatech.edu is reachable. -Sat Jan 20 09:45:04 2024
phys43199.physics.gatech.edu is reachable. -Sat Jan 20 10:00:04 2024
phys43199.physics.gatech.edu is reachable. -Sat Jan 20 10:15:05 2024
phys43199.physics.gatech.edu is reachable. -Sat Jan 20 10:30:04 2024
phys43199.physics.gatech.edu is reachable. -Sat Jan 20 10:45:05 2024
phys43199.physics.gatech.edu is reachable. -Sat Jan 20 11:00:04 2024
phys43199.physics.gatech.edu is reachable. -Sat Jan 20 11:15:04 2024
phys43199.physics.gatech.edu is reachable. -Sat Jan 20 11:30:04 2024
phys43199.physics.gatech.edu is reachable. -Sat Jan 20 11:45:04 2024
phys43199.physics.gatech.edu is reachable. -Sat Jan 20 12:00:05 2024
phys43199.physics.gatech.edu is reachable. -Sat Jan 20 12:15:04 2024
phys43199.physics.gatech.edu is reachable. -Sat Jan 20 12:30:05 2024
phys43199.physics.gatech.edu is reachable. -Sat Jan 20 12:45:05 2024
phys43199.physics.gatech.edu is reachable. -Sat Jan 20 13:00:04 2024
phys43199.physics.gatech.edu is reachable. -Sat Jan 20 13:15:04 2024
phys43199.physics.gatech.edu is reachable. -Sat Jan 20 13:30:04 2024
phys43199.physics.gatech.edu is reachable. -Sat Jan 20 13:45:04 2024
phys43199.physics.gatech.edu is reachable. -Sat Jan 20 14:00:05 2024
phys43199.physics.gatech.edu is reachable. -Sat Jan 20 14:15:04 2024
phys43199.physics.gatech.edu is reachable. -Sat Jan 20 14:30:05 2024
phys43199.physics.gatech.edu is reachable. -Sat Jan 20 14:45:04 2024
phys43199.physics.gatech.edu is reachable. -Sat Jan 20 15:00:05 2024
phys43199.physics.gatech.edu is reachable. -Sat Jan 20 15:15:04 2024
phys43199.physics.gatech.edu is reachable. -Sat Jan 20 15:30:04 2024
phys43199.physics.gatech.edu is reachable. -Sat Jan 20 15:45:04 2024
phys43199.physics.gatech.edu is reachable. -Sat Jan 20 16:00:04 2024
phys43199.physics.gatech.edu is reachable. -Sat Jan 20 16:15:04 2024
phys43199.physics.gatech.edu is reachable. -Sat Jan 20 16:30:05 2024
phys43199.physics.gatech.edu is reachable. -Sat Jan 20 16:45:04 2024
phys43199.physics.gatech.edu is reachable. -Sat Jan 20 17:00:05 2024
phys43199.physics.gatech.edu is reachable. -Sat Jan 20 17:15:04 2024
phys43199.physics.gatech.edu is reachable. -Sat Jan 20 17:30:04 2024
phys43199.physics.gatech.edu is reachable. -Sat Jan 20 17:45:04 2024
phys43199.physics.gatech.edu is reachable. -Sat Jan 20 18:00:04 2024
phys43199.physics.gatech.edu is reachable. -Sat Jan 20 18:15:04 2024
phys43199.physics.gatech.edu is reachable. -Sat Jan 20 18:30:04 2024
phys43199.physics.gatech.edu is reachable. -Sat Jan 20 18:45:04 2024
phys43199.physics.gatech.edu is reachable. -Sat Jan 20 19:00:04 2024
phys43199.physics.gatech.edu is reachable. -Sat Jan 20 19:15:05 2024
phys43199.physics.gatech.edu is reachable. -Sat Jan 20 19:30:04 2024
phys43199.physics.gatech.edu is reachable. -Sat Jan 20 19:45:05 2024
phys43199.physics.gatech.edu is reachable. -Sat Jan 20 20:00:04 2024
phys43199.physics.gatech.edu is reachable. -Sat Jan 20 20:15:05 2024
phys43199.physics.gatech.edu is reachable. -Sat Jan 20 20:30:04 2024
phys43199.physics.gatech.edu is reachable. -Sat Jan 20 20:45:05 2024
phys43199.physics.gatech.edu is reachable. -Sat Jan 20 21:00:04 2024
phys43199.physics.gatech.edu is reachable. -Sat Jan 20 21:15:05 2024
phys43199.physics.gatech.edu is reachable. -Sat Jan 20 21:30:04 2024
phys43199.physics.gatech.edu is reachable. -Sat Jan 20 21:45:05 2024
phys43199.physics.gatech.edu is reachable. -Sat Jan 20 22:00:04 2024
phys43199.physics.gatech.edu is reachable. -Sat Jan 20 22:15:04 2024
phys43199.physics.gatech.edu is reachable. -Sat Jan 20 22:30:05 2024
phys43199.physics.gatech.edu is reachable. -Sat Jan 20 22:45:04 2024
phys43199.physics.gatech.edu is reachable. -Sat Jan 20 23:00:05 2024
phys43199.physics.gatech.edu is reachable. -Sat Jan 20 23:15:04 2024
phys43199.physics.gatech.edu is reachable. -Sat Jan 20 23:30:05 2024
phys43199.physics.gatech.edu is reachable. -Sat Jan 20 23:45:04 2024
phys43199.physics.gatech.edu is reachable. -Sun Jan 21 00:00:05 2024
phys43199.physics.gatech.edu is reachable. -Sun Jan 21 00:15:04 2024
phys43199.physics.gatech.edu is reachable. -Sun Jan 21 00:30:04 2024
phys43199.physics.gatech.edu is reachable. -Sun Jan 21 00:45:05 2024
phys43199.physics.gatech.edu is reachable. -Sun Jan 21 01:00:04 2024
phys43199.physics.gatech.edu is reachable. -Sun Jan 21 01:15:05 2024
phys43199.physics.gatech.edu is reachable. -Sun Jan 21 01:30:04 2024
phys43199.physics.gatech.edu is reachable. -Sun Jan 21 01:45:05 2024
phys43199.physics.gatech.edu is reachable. -Sun Jan 21 02:00:04 2024
phys43199.physics.gatech.edu is reachable. -Sun Jan 21 02:15:05 2024
phys43199.physics.gatech.edu is reachable. -Sun Jan 21 02:30:04 2024
phys43199.physics.gatech.edu is reachable. -Sun Jan 21 02:45:05 2024
phys43199.physics.gatech.edu is reachable. -Sun Jan 21 03:00:04 2024
phys43199.physics.gatech.edu is reachable. -Sun Jan 21 03:15:05 2024
phys43199.physics.gatech.edu is reachable. -Sun Jan 21 03:30:04 2024
phys43199.physics.gatech.edu is reachable. -Sun Jan 21 03:45:04 2024
phys43199.physics.gatech.edu is reachable. -Sun Jan 21 04:00:04 2024
phys43199.physics.gatech.edu is reachable. -Sun Jan 21 04:15:04 2024
phys43199.physics.gatech.edu is reachable. -Sun Jan 21 04:30:05 2024
phys43199.physics.gatech.edu is reachable. -Sun Jan 21 04:45:04 2024
phys43199.physics.gatech.edu is reachable. -Sun Jan 21 05:00:05 2024
phys43199.physics.gatech.edu is reachable. -Sun Jan 21 05:15:04 2024
phys43199.physics.gatech.edu is reachable. -Sun Jan 21 05:30:05 2024
phys43199.physics.gatech.edu is reachable. -Sun Jan 21 05:45:04 2024
phys43199.physics.gatech.edu is reachable. -Sun Jan 21 06:00:05 2024
phys43199.physics.gatech.edu is reachable. -Sun Jan 21 06:15:04 2024
phys43199.physics.gatech.edu is reachable. -Sun Jan 21 06:30:05 2024
phys43199.physics.gatech.edu is reachable. -Sun Jan 21 06:45:04 2024
phys43199.physics.gatech.edu is reachable. -Sun Jan 21 07:00:04 2024
phys43199.physics.gatech.edu is reachable. -Sun Jan 21 07:15:04 2024
phys43199.physics.gatech.edu is reachable. -Sun Jan 21 07:30:04 2024
phys43199.physics.gatech.edu is reachable. -Sun Jan 21 07:45:04 2024
phys43199.physics.gatech.edu is reachable. -Sun Jan 21 08:00:04 2024
phys43199.physics.gatech.edu is reachable. -Sun Jan 21 08:15:05 2024
phys43199.physics.gatech.edu is reachable. -Sun Jan 21 08:30:04 2024
phys43199.physics.gatech.edu is reachable. -Sun Jan 21 08:45:05 2024
phys43199.physics.gatech.edu is reachable. -Sun Jan 21 09:00:04 2024
phys43199.physics.gatech.edu is reachable. -Sun Jan 21 09:15:04 2024
phys43199.physics.gatech.edu is reachable. -Sun Jan 21 09:30:04 2024
phys43199.physics.gatech.edu is reachable. -Sun Jan 21 09:45:04 2024
phys43199.physics.gatech.edu is reachable. -Sun Jan 21 10:00:04 2024
phys43199.physics.gatech.edu is reachable. -Sun Jan 21 10:15:04 2024
phys43199.physics.gatech.edu is reachable. -Sun Jan 21 10:30:05 2024
phys43199.physics.gatech.edu is reachable. -Sun Jan 21 10:45:04 2024
phys43199.physics.gatech.edu is reachable. -Sun Jan 21 11:00:05 2024
phys43199.physics.gatech.edu is reachable. -Sun Jan 21 11:15:04 2024
phys43199.physics.gatech.edu is reachable. -Sun Jan 21 11:30:05 2024
phys43199.physics.gatech.edu is reachable. -Sun Jan 21 11:45:04 2024
phys43199.physics.gatech.edu is reachable. -Sun Jan 21 12:00:05 2024
phys43199.physics.gatech.edu is reachable. -Sun Jan 21 12:15:04 2024
phys43199.physics.gatech.edu is reachable. -Sun Jan 21 12:30:05 2024
phys43199.physics.gatech.edu is reachable. -Sun Jan 21 12:45:04 2024
phys43199.physics.gatech.edu is reachable. -Sun Jan 21 13:00:05 2024
phys43199.physics.gatech.edu is reachable. -Sun Jan 21 13:15:04 2024
phys43199.physics.gatech.edu is reachable. -Sun Jan 21 13:30:04 2024
phys43199.physics.gatech.edu is reachable. -Sun Jan 21 13:45:04 2024
phys43199.physics.gatech.edu is reachable. -Sun Jan 21 14:00:04 2024
phys43199.physics.gatech.edu is reachable. -Sun Jan 21 14:15:04 2024
phys43199.physics.gatech.edu is reachable. -Sun Jan 21 14:30:04 2024
phys43199.physics.gatech.edu is reachable. -Sun Jan 21 14:45:05 2024
phys43199.physics.gatech.edu is reachable. -Sun Jan 21 15:00:04 2024
phys43199.physics.gatech.edu is reachable. -Sun Jan 21 15:15:05 2024
phys43199.physics.gatech.edu is reachable. -Sun Jan 21 15:30:04 2024
phys43199.physics.gatech.edu is reachable. -Sun Jan 21 15:45:05 2024
phys43199.physics.gatech.edu is reachable. -Sun Jan 21 16:00:04 2024
phys43199.physics.gatech.edu is reachable. -Sun Jan 21 16:15:04 2024
phys43199.physics.gatech.edu is reachable. -Sun Jan 21 16:30:04 2024
phys43199.physics.gatech.edu is reachable. -Sun Jan 21 16:45:04 2024
phys43199.physics.gatech.edu is reachable. -Sun Jan 21 17:00:04 2024
phys43199.physics.gatech.edu is reachable. -Sun Jan 21 17:15:04 2024
phys43199.physics.gatech.edu is reachable. -Sun Jan 21 17:30:05 2024
phys43199.physics.gatech.edu is reachable. -Sun Jan 21 17:45:04 2024
phys43199.physics.gatech.edu is reachable. -Sun Jan 21 18:00:04 2024
phys43199.physics.gatech.edu is reachable. -Sun Jan 21 18:15:04 2024
phys43199.physics.gatech.edu is reachable. -Sun Jan 21 18:30:05 2024
phys43199.physics.gatech.edu is reachable. -Sun Jan 21 18:45:04 2024
phys43199.physics.gatech.edu is reachable. -Sun Jan 21 19:00:04 2024
phys43199.physics.gatech.edu is reachable. -Sun Jan 21 19:15:05 2024
phys43199.physics.gatech.edu is reachable. -Sun Jan 21 19:30:04 2024
phys43199.physics.gatech.edu is reachable. -Sun Jan 21 19:45:05 2024
phys43199.physics.gatech.edu is reachable. -Sun Jan 21 20:00:04 2024
phys43199.physics.gatech.edu is reachable. -Sun Jan 21 20:15:05 2024
phys43199.physics.gatech.edu is reachable. -Sun Jan 21 20:30:04 2024
phys43199.physics.gatech.edu is reachable. -Sun Jan 21 20:45:04 2024
phys43199.physics.gatech.edu is reachable. -Sun Jan 21 21:00:04 2024
phys43199.physics.gatech.edu is reachable. -Sun Jan 21 21:15:04 2024
phys43199.physics.gatech.edu is reachable. -Sun Jan 21 21:30:04 2024
phys43199.physics.gatech.edu is reachable. -Sun Jan 21 21:45:04 2024
phys43199.physics.gatech.edu is reachable. -Sun Jan 21 22:00:05 2024
phys43199.physics.gatech.edu is reachable. -Sun Jan 21 22:15:04 2024
phys43199.physics.gatech.edu is reachable. -Sun Jan 21 22:30:05 2024
phys43199.physics.gatech.edu is reachable. -Sun Jan 21 22:45:04 2024
phys43199.physics.gatech.edu is reachable. -Sun Jan 21 23:00:05 2024
phys43199.physics.gatech.edu is reachable. -Sun Jan 21 23:15:04 2024
phys43199.physics.gatech.edu is reachable. -Sun Jan 21 23:30:05 2024
phys43199.physics.gatech.edu is reachable. -Sun Jan 21 23:45:04 2024
phys43199.physics.gatech.edu is reachable. -Mon Jan 22 00:00:05 2024
phys43199.physics.gatech.edu is reachable. -Mon Jan 22 00:15:04 2024
phys43199.physics.gatech.edu is reachable. -Mon Jan 22 00:30:04 2024
phys43199.physics.gatech.edu is reachable. -Mon Jan 22 00:45:05 2024
phys43199.physics.gatech.edu is reachable. -Mon Jan 22 01:00:04 2024
phys43199.physics.gatech.edu is reachable. -Mon Jan 22 01:15:05 2024
phys43199.physics.gatech.edu is reachable. -Mon Jan 22 01:30:04 2024
phys43199.physics.gatech.edu is reachable. -Mon Jan 22 01:45:04 2024
phys43199.physics.gatech.edu is reachable. -Mon Jan 22 02:00:04 2024
phys43199.physics.gatech.edu is reachable. -Mon Jan 22 02:15:05 2024
phys43199.physics.gatech.edu is reachable. -Mon Jan 22 02:30:04 2024
phys43199.physics.gatech.edu is reachable. -Mon Jan 22 02:45:05 2024
phys43199.physics.gatech.edu is reachable. -Mon Jan 22 03:00:04 2024
phys43199.physics.gatech.edu is reachable. -Mon Jan 22 03:15:04 2024
phys43199.physics.gatech.edu is reachable. -Mon Jan 22 03:30:04 2024
phys43199.physics.gatech.edu is reachable. -Mon Jan 22 03:45:04 2024
phys43199.physics.gatech.edu is reachable. -Mon Jan 22 04:00:05 2024
phys43199.physics.gatech.edu is reachable. -Mon Jan 22 04:15:04 2024
phys43199.physics.gatech.edu is reachable. -Mon Jan 22 04:30:05 2024
phys43199.physics.gatech.edu is reachable. -Mon Jan 22 04:45:04 2024
phys43199.physics.gatech.edu is reachable. -Mon Jan 22 05:00:04 2024
phys43199.physics.gatech.edu is reachable. -Mon Jan 22 05:15:04 2024
phys43199.physics.gatech.edu is reachable. -Mon Jan 22 05:30:04 2024
phys43199.physics.gatech.edu is reachable. -Mon Jan 22 05:45:04 2024
phys43199.physics.gatech.edu is reachable. -Mon Jan 22 06:00:04 2024
phys43199.physics.gatech.edu is reachable. -Mon Jan 22 06:15:05 2024
phys43199.physics.gatech.edu is reachable. -Mon Jan 22 06:30:04 2024
phys43199.physics.gatech.edu is reachable. -Mon Jan 22 06:45:05 2024
phys43199.physics.gatech.edu is reachable. -Mon Jan 22 07:00:04 2024
phys43199.physics.gatech.edu is reachable. -Mon Jan 22 07:15:05 2024
phys43199.physics.gatech.edu is reachable. -Mon Jan 22 07:30:04 2024
phys43199.physics.gatech.edu is reachable. -Mon Jan 22 07:45:04 2024
phys43199.physics.gatech.edu is reachable. -Mon Jan 22 08:00:04 2024
phys43199.physics.gatech.edu is reachable. -Mon Jan 22 08:15:04 2024
phys43199.physics.gatech.edu is reachable. -Mon Jan 22 08:30:04 2024
phys43199.physics.gatech.edu is reachable. -Mon Jan 22 08:45:04 2024
phys43199.physics.gatech.edu is reachable. -Mon Jan 22 09:00:05 2024
phys43199.physics.gatech.edu is reachable. -Mon Jan 22 09:15:04 2024
phys43199.physics.gatech.edu is reachable. -Mon Jan 22 09:30:05 2024
phys43199.physics.gatech.edu is reachable. -Mon Jan 22 09:45:04 2024
phys43199.physics.gatech.edu is reachable. -Mon Jan 22 10:00:04 2024
phys43199.physics.gatech.edu is reachable. -Mon Jan 22 10:15:04 2024
phys43199.physics.gatech.edu is reachable. -Mon Jan 22 10:30:04 2024
phys43199.physics.gatech.edu is reachable. -Mon Jan 22 10:45:05 2024
phys43199.physics.gatech.edu is reachable. -Mon Jan 22 11:00:04 2024
phys43199.physics.gatech.edu is reachable. -Mon Jan 22 11:15:05 2024
phys43199.physics.gatech.edu is reachable. -Mon Jan 22 11:30:04 2024
phys43199.physics.gatech.edu is reachable. -Mon Jan 22 11:45:05 2024
phys43199.physics.gatech.edu is reachable. -Mon Jan 22 12:00:04 2024
phys43199.physics.gatech.edu is reachable. -Mon Jan 22 12:15:05 2024
phys43199.physics.gatech.edu is reachable. -Mon Jan 22 12:30:04 2024
phys43199.physics.gatech.edu is reachable. -Mon Jan 22 12:45:04 2024
phys43199.physics.gatech.edu is reachable. -Mon Jan 22 13:00:04 2024
phys43199.physics.gatech.edu is reachable. -Mon Jan 22 13:15:04 2024
phys43199.physics.gatech.edu is reachable. -Mon Jan 22 13:30:04 2024
phys43199.physics.gatech.edu is reachable. -Mon Jan 22 13:45:04 2024
phys43199.physics.gatech.edu is reachable. -Mon Jan 22 14:00:04 2024
phys43199.physics.gatech.edu is reachable. -Mon Jan 22 14:15:04 2024
phys43199.physics.gatech.edu is reachable. -Mon Jan 22 14:30:04 2024
phys43199.physics.gatech.edu is reachable. -Mon Jan 22 14:45:04 2024
phys43199.physics.gatech.edu is reachable. -Mon Jan 22 15:00:05 2024
phys43199.physics.gatech.edu is reachable. -Mon Jan 22 15:15:04 2024
phys43199.physics.gatech.edu is reachable. -Mon Jan 22 15:30:04 2024
phys43199.physics.gatech.edu is reachable. -Mon Jan 22 15:45:04 2024
phys43199.physics.gatech.edu is reachable. -Mon Jan 22 16:00:04 2024
phys43199.physics.gatech.edu is reachable. -Mon Jan 22 16:15:04 2024
phys43199.physics.gatech.edu is reachable. -Mon Jan 22 16:30:04 2024
phys43199.physics.gatech.edu is reachable. -Mon Jan 22 16:45:05 2024
phys43199.physics.gatech.edu is reachable. -Mon Jan 22 17:00:04 2024
phys43199.physics.gatech.edu is reachable. -Mon Jan 22 17:15:05 2024
phys43199.physics.gatech.edu is reachable. -Mon Jan 22 17:30:04 2024
phys43199.physics.gatech.edu is reachable. -Mon Jan 22 17:45:05 2024
phys43199.physics.gatech.edu is reachable. -Mon Jan 22 18:00:04 2024
phys43199.physics.gatech.edu is reachable. -Mon Jan 22 18:15:04 2024
phys43199.physics.gatech.edu is reachable. -Mon Jan 22 18:30:04 2024
phys43199.physics.gatech.edu is reachable. -Mon Jan 22 18:45:04 2024
phys43199.physics.gatech.edu is reachable. -Mon Jan 22 19:00:04 2024
phys43199.physics.gatech.edu is reachable. -Mon Jan 22 19:15:05 2024
phys43199.physics.gatech.edu is reachable. -Mon Jan 22 19:30:04 2024
phys43199.physics.gatech.edu is reachable. -Mon Jan 22 19:45:05 2024
phys43199.physics.gatech.edu is reachable. -Mon Jan 22 20:00:04 2024
phys43199.physics.gatech.edu is reachable. -Mon Jan 22 20:15:05 2024
phys43199.physics.gatech.edu is reachable. -Mon Jan 22 20:30:04 2024
phys43199.physics.gatech.edu is reachable. -Mon Jan 22 20:45:04 2024
phys43199.physics.gatech.edu is reachable. -Mon Jan 22 21:00:05 2024
phys43199.physics.gatech.edu is reachable. -Mon Jan 22 21:15:05 2024
phys43199.physics.gatech.edu is reachable. -Mon Jan 22 21:30:04 2024
phys43199.physics.gatech.edu is reachable. -Mon Jan 22 21:45:04 2024
phys43199.physics.gatech.edu is reachable. -Mon Jan 22 22:00:05 2024
phys43199.physics.gatech.edu is reachable. -Mon Jan 22 22:15:05 2024
phys43199.physics.gatech.edu is reachable. -Mon Jan 22 22:30:05 2024
phys43199.physics.gatech.edu is reachable. -Mon Jan 22 22:45:04 2024
phys43199.physics.gatech.edu is reachable. -Mon Jan 22 23:00:04 2024
phys43199.physics.gatech.edu is reachable. -Mon Jan 22 23:15:05 2024
phys43199.physics.gatech.edu is reachable. -Mon Jan 22 23:30:05 2024
phys43199.physics.gatech.edu is reachable. -Mon Jan 22 23:45:04 2024
phys43199.physics.gatech.edu is reachable. -Tue Jan 23 00:00:04 2024
phys43199.physics.gatech.edu is reachable. -Tue Jan 23 00:15:04 2024
phys43199.physics.gatech.edu is reachable. -Tue Jan 23 00:30:04 2024
phys43199.physics.gatech.edu is reachable. -Tue Jan 23 00:45:04 2024
phys43199.physics.gatech.edu is reachable. -Tue Jan 23 01:00:04 2024
phys43199.physics.gatech.edu is reachable. -Tue Jan 23 01:15:05 2024
phys43199.physics.gatech.edu is reachable. -Tue Jan 23 01:30:04 2024
phys43199.physics.gatech.edu is reachable. -Tue Jan 23 01:45:04 2024
phys43199.physics.gatech.edu is reachable. -Tue Jan 23 02:00:04 2024
phys43199.physics.gatech.edu is reachable. -Tue Jan 23 02:15:04 2024
phys43199.physics.gatech.edu is reachable. -Tue Jan 23 02:30:05 2024
phys43199.physics.gatech.edu is reachable. -Tue Jan 23 02:45:05 2024
phys43199.physics.gatech.edu is reachable. -Tue Jan 23 03:00:04 2024
phys43199.physics.gatech.edu is reachable. -Tue Jan 23 03:15:04 2024
phys43199.physics.gatech.edu is reachable. -Tue Jan 23 03:30:04 2024
phys43199.physics.gatech.edu is reachable. -Tue Jan 23 03:45:04 2024
phys43199.physics.gatech.edu is reachable. -Tue Jan 23 04:00:05 2024
phys43199.physics.gatech.edu is reachable. -Tue Jan 23 04:15:04 2024
phys43199.physics.gatech.edu is reachable. -Tue Jan 23 04:30:05 2024
phys43199.physics.gatech.edu is reachable. -Tue Jan 23 04:45:04 2024
phys43199.physics.gatech.edu is reachable. -Tue Jan 23 05:00:04 2024
phys43199.physics.gatech.edu is reachable. -Tue Jan 23 05:15:05 2024
phys43199.physics.gatech.edu is reachable. -Tue Jan 23 05:30:04 2024
phys43199.physics.gatech.edu is reachable. -Tue Jan 23 05:45:05 2024
phys43199.physics.gatech.edu is reachable. -Tue Jan 23 06:00:04 2024
phys43199.physics.gatech.edu is reachable. -Tue Jan 23 06:15:05 2024
phys43199.physics.gatech.edu is reachable. -Tue Jan 23 06:30:04 2024
phys43199.physics.gatech.edu is reachable. -Tue Jan 23 06:45:04 2024
phys43199.physics.gatech.edu is reachable. -Tue Jan 23 07:00:05 2024
phys43199.physics.gatech.edu is reachable. -Tue Jan 23 07:15:04 2024
phys43199.physics.gatech.edu is reachable. -Tue Jan 23 07:30:05 2024
phys43199.physics.gatech.edu is reachable. -Tue Jan 23 07:45:04 2024
                                                                     phys43199.physics.gatech.edu is reachable. -Tue Jan 23 08:15:04 2024
phys43199.physics.gatech.edu is reachable. -Tue Jan 23 08:30:05 2024
phys43199.physics.gatech.edu is reachable. -Tue Jan 23 08:45:04 2024
phys43199.physics.gatech.edu is reachable. -Tue Jan 23 09:00:05 2024
phys43199.physics.gatech.edu is reachable. -Tue Jan 23 09:15:04 2024
phys43199.physics.gatech.edu is reachable. -Tue Jan 23 09:30:05 2024
phys43199.physics.gatech.edu is reachable. -Tue Jan 23 09:45:04 2024
phys43199.physics.gatech.edu is reachable. -Tue Jan 23 10:00:05 2024
phys43199.physics.gatech.edu is reachable. -Tue Jan 23 10:15:04 2024
phys43199.physics.gatech.edu is reachable. -Tue Jan 23 10:30:04 2024
phys43199.physics.gatech.edu is reachable. -Tue Jan 23 10:45:05 2024
phys43199.physics.gatech.edu is reachable. -Tue Jan 23 11:00:04 2024
phys43199.physics.gatech.edu is reachable. -Tue Jan 23 11:15:05 2024
phys43199.physics.gatech.edu is reachable. -Tue Jan 23 11:30:04 2024
phys43199.physics.gatech.edu is reachable. -Tue Jan 23 11:45:04 2024
phys43199.physics.gatech.edu is reachable. -Tue Jan 23 12:00:05 2024
phys43199.physics.gatech.edu is reachable. -Tue Jan 23 12:15:04 2024
phys43199.physics.gatech.edu is reachable. -Tue Jan 23 12:30:05 2024
phys43199.physics.gatech.edu is reachable. -Tue Jan 23 12:45:04 2024
phys43199.physics.gatech.edu is reachable. -Tue Jan 23 13:00:05 2024
phys43199.physics.gatech.edu is reachable. -Tue Jan 23 13:15:04 2024
phys43199.physics.gatech.edu is reachable. -Tue Jan 23 13:30:05 2024
phys43199.physics.gatech.edu is reachable. -Tue Jan 23 13:45:04 2024
phys43199.physics.gatech.edu is reachable. -Tue Jan 23 14:00:04 2024
phys43199.physics.gatech.edu is reachable. -Tue Jan 23 14:15:05 2024
phys43199.physics.gatech.edu is reachable. -Tue Jan 23 14:30:04 2024
phys43199.physics.gatech.edu is reachable. -Tue Jan 23 14:45:05 2024
phys43199.physics.gatech.edu is reachable. -Tue Jan 23 15:00:04 2024
phys43199.physics.gatech.edu is reachable. -Tue Jan 23 15:15:05 2024
phys43199.physics.gatech.edu is reachable. -Tue Jan 23 15:30:04 2024
phys43199.physics.gatech.edu is reachable. -Tue Jan 23 15:45:04 2024
phys43199.physics.gatech.edu is reachable. -Tue Jan 23 16:00:04 2024
phys43199.physics.gatech.edu is reachable. -Tue Jan 23 16:15:04 2024
phys43199.physics.gatech.edu is reachable. -Tue Jan 23 16:30:04 2024
phys43199.physics.gatech.edu is reachable. -Tue Jan 23 16:45:04 2024
phys43199.physics.gatech.edu is reachable. -Tue Jan 23 17:00:05 2024
phys43199.physics.gatech.edu is reachable. -Tue Jan 23 17:15:04 2024
phys43199.physics.gatech.edu is reachable. -Tue Jan 23 17:30:05 2024
phys43199.physics.gatech.edu is reachable. -Tue Jan 23 17:45:04 2024
phys43199.physics.gatech.edu is reachable. -Tue Jan 23 18:00:05 2024
phys43199.physics.gatech.edu is reachable. -Tue Jan 23 18:15:04 2024
phys43199.physics.gatech.edu is reachable. -Tue Jan 23 18:30:05 2024
phys43199.physics.gatech.edu is reachable. -Tue Jan 23 18:45:04 2024
phys43199.physics.gatech.edu is reachable. -Tue Jan 23 19:00:05 2024
phys43199.physics.gatech.edu is reachable. -Tue Jan 23 19:15:04 2024
phys43199.physics.gatech.edu is reachable. -Tue Jan 23 19:30:05 2024
phys43199.physics.gatech.edu is reachable. -Tue Jan 23 19:45:04 2024
phys43199.physics.gatech.edu is reachable. -Tue Jan 23 20:00:04 2024
phys43199.physics.gatech.edu is reachable. -Tue Jan 23 20:15:04 2024
phys43199.physics.gatech.edu is reachable. -Tue Jan 23 20:30:04 2024
phys43199.physics.gatech.edu is reachable. -Tue Jan 23 20:45:05 2024
phys43199.physics.gatech.edu is reachable. -Tue Jan 23 21:00:04 2024
phys43199.physics.gatech.edu is reachable. -Tue Jan 23 21:15:05 2024
phys43199.physics.gatech.edu is reachable. -Tue Jan 23 21:30:04 2024
phys43199.physics.gatech.edu is reachable. -Tue Jan 23 21:45:05 2024
phys43199.physics.gatech.edu is reachable. -Tue Jan 23 22:00:04 2024
phys43199.physics.gatech.edu is reachable. -Tue Jan 23 22:15:05 2024
phys43199.physics.gatech.edu is reachable. -Tue Jan 23 22:30:04 2024
phys43199.physics.gatech.edu is reachable. -Tue Jan 23 22:45:04 2024
phys43199.physics.gatech.edu is reachable. -Tue Jan 23 23:00:05 2024
phys43199.physics.gatech.edu is reachable. -Tue Jan 23 23:15:04 2024
phys43199.physics.gatech.edu is reachable. -Tue Jan 23 23:30:05 2024
phys43199.physics.gatech.edu is reachable. -Tue Jan 23 23:45:04 2024
phys43199.physics.gatech.edu is reachable. -Wed Jan 24 00:00:05 2024
phys43199.physics.gatech.edu is reachable. -Wed Jan 24 00:15:04 2024
phys43199.physics.gatech.edu is reachable. -Wed Jan 24 00:30:05 2024
phys43199.physics.gatech.edu is reachable. -Wed Jan 24 00:45:04 2024
phys43199.physics.gatech.edu is reachable. -Wed Jan 24 01:00:04 2024
phys43199.physics.gatech.edu is reachable. -Wed Jan 24 01:15:04 2024
phys43199.physics.gatech.edu is reachable. -Wed Jan 24 01:30:04 2024
phys43199.physics.gatech.edu is reachable. -Wed Jan 24 01:45:04 2024
phys43199.physics.gatech.edu is reachable. -Wed Jan 24 02:00:04 2024
phys43199.physics.gatech.edu is reachable. -Wed Jan 24 02:15:05 2024
phys43199.physics.gatech.edu is reachable. -Wed Jan 24 02:30:04 2024
phys43199.physics.gatech.edu is reachable. -Wed Jan 24 02:45:05 2024
phys43199.physics.gatech.edu is reachable. -Wed Jan 24 03:00:04 2024
phys43199.physics.gatech.edu is reachable. -Wed Jan 24 03:15:05 2024
phys43199.physics.gatech.edu is reachable. -Wed Jan 24 03:30:04 2024
phys43199.physics.gatech.edu is reachable. -Wed Jan 24 03:45:05 2024
phys43199.physics.gatech.edu is reachable. -Wed Jan 24 04:00:04 2024
phys43199.physics.gatech.edu is reachable. -Wed Jan 24 04:15:04 2024
phys43199.physics.gatech.edu is reachable. -Wed Jan 24 04:30:04 2024
phys43199.physics.gatech.edu is reachable. -Wed Jan 24 04:45:04 2024
phys43199.physics.gatech.edu is reachable. -Wed Jan 24 05:00:04 2024
phys43199.physics.gatech.edu is reachable. -Wed Jan 24 05:15:04 2024
phys43199.physics.gatech.edu is reachable. -Wed Jan 24 05:30:05 2024
phys43199.physics.gatech.edu is reachable. -Wed Jan 24 05:45:04 2024
phys43199.physics.gatech.edu is reachable. -Wed Jan 24 06:00:05 2024
phys43199.physics.gatech.edu is reachable. -Wed Jan 24 06:15:04 2024
phys43199.physics.gatech.edu is reachable. -Wed Jan 24 06:30:05 2024
phys43199.physics.gatech.edu is reachable. -Wed Jan 24 06:45:04 2024
phys43199.physics.gatech.edu is reachable. -Wed Jan 24 07:00:04 2024
phys43199.physics.gatech.edu is reachable. -Wed Jan 24 07:15:05 2024
phys43199.physics.gatech.edu is reachable. -Wed Jan 24 07:30:04 2024
phys43199.physics.gatech.edu is reachable. -Wed Jan 24 07:45:05 2024
phys43199.physics.gatech.edu is reachable. -Wed Jan 24 08:00:04 2024
phys43199.physics.gatech.edu is reachable. -Wed Jan 24 08:15:04 2024
phys43199.physics.gatech.edu is reachable. -Wed Jan 24 08:30:04 2024
phys43199.physics.gatech.edu is reachable. -Wed Jan 24 08:45:04 2024
phys43199.physics.gatech.edu is reachable. -Wed Jan 24 09:00:04 2024
phys43199.physics.gatech.edu is reachable. -Wed Jan 24 09:15:04 2024
phys43199.physics.gatech.edu is reachable. -Wed Jan 24 09:30:05 2024
phys43199.physics.gatech.edu is reachable. -Wed Jan 24 09:45:04 2024
phys43199.physics.gatech.edu is reachable. -Wed Jan 24 10:00:05 2024
phys43199.physics.gatech.edu is reachable. -Wed Jan 24 10:15:04 2024
phys43199.physics.gatech.edu is reachable. -Wed Jan 24 10:30:05 2024
phys43199.physics.gatech.edu is reachable. -Wed Jan 24 10:45:04 2024
phys43199.physics.gatech.edu is reachable. -Wed Jan 24 11:00:05 2024
phys43199.physics.gatech.edu is reachable. -Wed Jan 24 11:15:04 2024
phys43199.physics.gatech.edu is reachable. -Wed Jan 24 11:30:04 2024
phys43199.physics.gatech.edu is reachable. -Wed Jan 24 11:45:04 2024
phys43199.physics.gatech.edu is reachable. -Wed Jan 24 12:00:04 2024
phys43199.physics.gatech.edu is reachable. -Wed Jan 24 12:15:04 2024
phys43199.physics.gatech.edu is reachable. -Wed Jan 24 12:30:04 2024
phys43199.physics.gatech.edu is reachable. -Wed Jan 24 12:45:05 2024
phys43199.physics.gatech.edu is reachable. -Wed Jan 24 13:00:04 2024
phys43199.physics.gatech.edu is reachable. -Wed Jan 24 13:15:04 2024
phys43199.physics.gatech.edu is reachable. -Wed Jan 24 13:30:04 2024
phys43199.physics.gatech.edu is reachable. -Wed Jan 24 13:45:05 2024
phys43199.physics.gatech.edu is reachable. -Wed Jan 24 14:00:04 2024
phys43199.physics.gatech.edu is reachable. -Wed Jan 24 14:15:05 2024
phys43199.physics.gatech.edu is reachable. -Wed Jan 24 14:30:04 2024
phys43199.physics.gatech.edu is reachable. -Wed Jan 24 14:45:04 2024
phys43199.physics.gatech.edu is reachable. -Wed Jan 24 15:00:04 2024
phys43199.physics.gatech.edu is reachable. -Wed Jan 24 15:15:05 2024
phys43199.physics.gatech.edu is reachable. -Wed Jan 24 15:30:04 2024
phys43199.physics.gatech.edu is reachable. -Wed Jan 24 15:45:05 2024
phys43199.physics.gatech.edu is reachable. -Wed Jan 24 16:00:04 2024
phys43199.physics.gatech.edu is reachable. -Wed Jan 24 16:15:05 2024
phys43199.physics.gatech.edu is reachable. -Wed Jan 24 16:30:04 2024
phys43199.physics.gatech.edu is reachable. -Wed Jan 24 16:45:04 2024
phys43199.physics.gatech.edu is reachable. -Wed Jan 24 17:00:04 2024
phys43199.physics.gatech.edu is reachable. -Wed Jan 24 17:15:04 2024
phys43199.physics.gatech.edu is reachable. -Wed Jan 24 17:30:04 2024
phys43199.physics.gatech.edu is reachable. -Wed Jan 24 17:45:04 2024
phys43199.physics.gatech.edu is reachable. -Wed Jan 24 18:00:05 2024
phys43199.physics.gatech.edu is reachable. -Wed Jan 24 18:15:04 2024
phys43199.physics.gatech.edu is reachable. -Wed Jan 24 18:30:05 2024
phys43199.physics.gatech.edu is reachable. -Wed Jan 24 18:45:04 2024
phys43199.physics.gatech.edu is reachable. -Wed Jan 24 19:00:05 2024
phys43199.physics.gatech.edu is reachable. -Wed Jan 24 19:15:04 2024
phys43199.physics.gatech.edu is reachable. -Wed Jan 24 19:30:04 2024
phys43199.physics.gatech.edu is reachable. -Wed Jan 24 19:45:04 2024
phys43199.physics.gatech.edu is reachable. -Wed Jan 24 20:00:04 2024
phys43199.physics.gatech.edu is reachable. -Wed Jan 24 20:15:04 2024
phys43199.physics.gatech.edu is reachable. -Wed Jan 24 20:30:04 2024
phys43199.physics.gatech.edu is reachable. -Wed Jan 24 20:45:05 2024
phys43199.physics.gatech.edu is reachable. -Wed Jan 24 21:00:04 2024
phys43199.physics.gatech.edu is reachable. -Wed Jan 24 21:15:05 2024
phys43199.physics.gatech.edu is reachable. -Wed Jan 24 21:30:04 2024
phys43199.physics.gatech.edu is reachable. -Wed Jan 24 21:45:04 2024
phys43199.physics.gatech.edu is reachable. -Wed Jan 24 22:00:05 2024
phys43199.physics.gatech.edu is reachable. -Wed Jan 24 22:15:04 2024
phys43199.physics.gatech.edu is reachable. -Wed Jan 24 22:30:05 2024
phys43199.physics.gatech.edu is reachable. -Wed Jan 24 22:45:04 2024
phys43199.physics.gatech.edu is reachable. -Wed Jan 24 23:00:05 2024
phys43199.physics.gatech.edu is reachable. -Wed Jan 24 23:15:04 2024
phys43199.physics.gatech.edu is reachable. -Wed Jan 24 23:30:04 2024
phys43199.physics.gatech.edu is reachable. -Wed Jan 24 23:45:04 2024
phys43199.physics.gatech.edu is reachable. -Thu Jan 25 00:00:04 2024
phys43199.physics.gatech.edu is reachable. -Thu Jan 25 00:15:05 2024
phys43199.physics.gatech.edu is reachable. -Thu Jan 25 00:30:04 2024
phys43199.physics.gatech.edu is reachable. -Thu Jan 25 00:45:05 2024
phys43199.physics.gatech.edu is reachable. -Thu Jan 25 01:00:04 2024
phys43199.physics.gatech.edu is reachable. -Thu Jan 25 01:15:05 2024
phys43199.physics.gatech.edu is reachable. -Thu Jan 25 01:30:04 2024
phys43199.physics.gatech.edu is reachable. -Thu Jan 25 01:45:04 2024
phys43199.physics.gatech.edu is reachable. -Thu Jan 25 02:00:04 2024
phys43199.physics.gatech.edu is reachable. -Thu Jan 25 02:15:04 2024
phys43199.physics.gatech.edu is reachable. -Thu Jan 25 02:30:04 2024
phys43199.physics.gatech.edu is reachable. -Thu Jan 25 02:45:04 2024
phys43199.physics.gatech.edu is reachable. -Thu Jan 25 03:00:05 2024
phys43199.physics.gatech.edu is reachable. -Thu Jan 25 03:15:04 2024
phys43199.physics.gatech.edu is reachable. -Thu Jan 25 03:30:05 2024
phys43199.physics.gatech.edu is reachable. -Thu Jan 25 03:45:04 2024
phys43199.physics.gatech.edu is reachable. -Thu Jan 25 04:00:04 2024
phys43199.physics.gatech.edu is reachable. -Thu Jan 25 04:15:04 2024
phys43199.physics.gatech.edu is reachable. -Thu Jan 25 04:30:04 2024
phys43199.physics.gatech.edu is reachable. -Thu Jan 25 04:45:05 2024
phys43199.physics.gatech.edu is reachable. -Thu Jan 25 05:00:04 2024
phys43199.physics.gatech.edu is reachable. -Thu Jan 25 05:15:05 2024
phys43199.physics.gatech.edu is reachable. -Thu Jan 25 05:30:04 2024
phys43199.physics.gatech.edu is reachable. -Thu Jan 25 05:45:05 2024
phys43199.physics.gatech.edu is reachable. -Thu Jan 25 06:00:04 2024
phys43199.physics.gatech.edu is reachable. -Thu Jan 25 06:15:05 2024
phys43199.physics.gatech.edu is reachable. -Thu Jan 25 06:30:04 2024
phys43199.physics.gatech.edu is reachable. -Thu Jan 25 06:45:04 2024
phys43199.physics.gatech.edu is reachable. -Thu Jan 25 07:00:04 2024
phys43199.physics.gatech.edu is reachable. -Thu Jan 25 07:15:04 2024
phys43199.physics.gatech.edu is reachable. -Thu Jan 25 07:30:05 2024
phys43199.physics.gatech.edu is reachable. -Thu Jan 25 07:45:04 2024
phys43199.physics.gatech.edu is reachable. -Thu Jan 25 08:00:05 2024
phys43199.physics.gatech.edu is reachable. -Thu Jan 25 08:15:04 2024
phys43199.physics.gatech.edu is reachable. -Thu Jan 25 08:30:05 2024
phys43199.physics.gatech.edu is reachable. -Thu Jan 25 08:45:04 2024
phys43199.physics.gatech.edu is reachable. -Thu Jan 25 09:00:05 2024
phys43199.physics.gatech.edu is reachable. -Thu Jan 25 09:15:04 2024
phys43199.physics.gatech.edu is reachable. -Thu Jan 25 09:30:04 2024
phys43199.physics.gatech.edu is reachable. -Thu Jan 25 09:45:04 2024
phys43199.physics.gatech.edu is reachable. -Thu Jan 25 10:00:04 2024
phys43199.physics.gatech.edu is reachable. -Thu Jan 25 10:15:05 2024
phys43199.physics.gatech.edu is reachable. -Thu Jan 25 10:30:04 2024
phys43199.physics.gatech.edu is reachable. -Thu Jan 25 10:45:05 2024
phys43199.physics.gatech.edu is reachable. -Thu Jan 25 11:00:04 2024
phys43199.physics.gatech.edu is reachable. -Thu Jan 25 11:15:04 2024
phys43199.physics.gatech.edu is reachable. -Thu Jan 25 11:30:04 2024
phys43199.physics.gatech.edu is reachable. -Thu Jan 25 11:45:04 2024
phys43199.physics.gatech.edu is reachable. -Thu Jan 25 12:00:04 2024
phys43199.physics.gatech.edu is reachable. -Thu Jan 25 12:15:04 2024
phys43199.physics.gatech.edu is reachable. -Thu Jan 25 12:30:04 2024
phys43199.physics.gatech.edu is reachable. -Thu Jan 25 12:45:04 2024
phys43199.physics.gatech.edu is reachable. -Thu Jan 25 13:00:05 2024
phys43199.physics.gatech.edu is reachable. -Thu Jan 25 13:15:04 2024
phys43199.physics.gatech.edu is reachable. -Thu Jan 25 13:30:05 2024
phys43199.physics.gatech.edu is reachable. -Thu Jan 25 13:45:04 2024
phys43199.physics.gatech.edu is reachable. -Thu Jan 25 14:00:05 2024
phys43199.physics.gatech.edu is reachable. -Thu Jan 25 14:15:04 2024
phys43199.physics.gatech.edu is reachable. -Thu Jan 25 14:30:05 2024
phys43199.physics.gatech.edu is reachable. -Thu Jan 25 14:45:04 2024
phys43199.physics.gatech.edu is reachable. -Thu Jan 25 15:00:04 2024
phys43199.physics.gatech.edu is reachable. -Thu Jan 25 15:15:04 2024
phys43199.physics.gatech.edu is reachable. -Thu Jan 25 15:30:04 2024
phys43199.physics.gatech.edu is reachable. -Thu Jan 25 15:45:05 2024
phys43199.physics.gatech.edu is reachable. -Thu Jan 25 16:00:04 2024
phys43199.physics.gatech.edu is reachable. -Thu Jan 25 16:15:05 2024
phys43199.physics.gatech.edu is reachable. -Thu Jan 25 16:30:04 2024
phys43199.physics.gatech.edu is reachable. -Thu Jan 25 16:45:05 2024
phys43199.physics.gatech.edu is reachable. -Thu Jan 25 17:00:04 2024
phys43199.physics.gatech.edu is reachable. -Thu Jan 25 17:15:05 2024
phys43199.physics.gatech.edu is reachable. -Thu Jan 25 17:30:04 2024
phys43199.physics.gatech.edu is reachable. -Thu Jan 25 17:45:04 2024
phys43199.physics.gatech.edu is reachable. -Thu Jan 25 18:00:04 2024
phys43199.physics.gatech.edu is reachable. -Thu Jan 25 18:15:04 2024
phys43199.physics.gatech.edu is reachable. -Thu Jan 25 18:30:04 2024
phys43199.physics.gatech.edu is reachable. -Thu Jan 25 18:45:04 2024
phys43199.physics.gatech.edu is reachable. -Thu Jan 25 19:00:05 2024
phys43199.physics.gatech.edu is reachable. -Thu Jan 25 19:15:04 2024
phys43199.physics.gatech.edu is reachable. -Thu Jan 25 19:30:05 2024
phys43199.physics.gatech.edu is reachable. -Thu Jan 25 19:45:04 2024
phys43199.physics.gatech.edu is reachable. -Thu Jan 25 20:00:05 2024
phys43199.physics.gatech.edu is reachable. -Thu Jan 25 20:15:04 2024
phys43199.physics.gatech.edu is reachable. -Thu Jan 25 20:30:05 2024
phys43199.physics.gatech.edu is reachable. -Thu Jan 25 20:45:04 2024
phys43199.physics.gatech.edu is reachable. -Thu Jan 25 21:00:04 2024
phys43199.physics.gatech.edu is reachable. -Thu Jan 25 21:15:04 2024
phys43199.physics.gatech.edu is reachable. -Thu Jan 25 21:30:04 2024
phys43199.physics.gatech.edu is reachable. -Thu Jan 25 21:45:05 2024
phys43199.physics.gatech.edu is reachable. -Thu Jan 25 22:00:04 2024
phys43199.physics.gatech.edu is reachable. -Thu Jan 25 22:15:05 2024
phys43199.physics.gatech.edu is reachable. -Thu Jan 25 22:30:04 2024
phys43199.physics.gatech.edu is reachable. -Thu Jan 25 22:45:05 2024
phys43199.physics.gatech.edu is reachable. -Thu Jan 25 23:00:04 2024
phys43199.physics.gatech.edu is reachable. -Thu Jan 25 23:15:04 2024
phys43199.physics.gatech.edu is reachable. -Thu Jan 25 23:30:04 2024
phys43199.physics.gatech.edu is reachable. -Thu Jan 25 23:45:04 2024
phys43199.physics.gatech.edu is reachable. -Fri Jan 26 00:00:04 2024
phys43199.physics.gatech.edu is reachable. -Fri Jan 26 00:15:04 2024
phys43199.physics.gatech.edu is reachable. -Fri Jan 26 00:30:05 2024
phys43199.physics.gatech.edu is reachable. -Fri Jan 26 00:45:04 2024
phys43199.physics.gatech.edu is reachable. -Fri Jan 26 01:00:05 2024
phys43199.physics.gatech.edu is reachable. -Fri Jan 26 01:15:04 2024
phys43199.physics.gatech.edu is reachable. -Fri Jan 26 01:30:05 2024
phys43199.physics.gatech.edu is reachable. -Fri Jan 26 01:45:04 2024
phys43199.physics.gatech.edu is reachable. -Fri Jan 26 02:00:05 2024
phys43199.physics.gatech.edu is reachable. -Fri Jan 26 02:15:04 2024
phys43199.physics.gatech.edu is reachable. -Fri Jan 26 02:30:05 2024
phys43199.physics.gatech.edu is reachable. -Fri Jan 26 02:45:04 2024
phys43199.physics.gatech.edu is reachable. -Fri Jan 26 03:00:05 2024
phys43199.physics.gatech.edu is reachable. -Fri Jan 26 03:15:04 2024
phys43199.physics.gatech.edu is reachable. -Fri Jan 26 03:30:04 2024
phys43199.physics.gatech.edu is reachable. -Fri Jan 26 03:45:04 2024
phys43199.physics.gatech.edu is reachable. -Fri Jan 26 04:00:04 2024
phys43199.physics.gatech.edu is reachable. -Fri Jan 26 04:15:05 2024
phys43199.physics.gatech.edu is reachable. -Fri Jan 26 04:30:04 2024
phys43199.physics.gatech.edu is reachable. -Fri Jan 26 04:45:05 2024
phys43199.physics.gatech.edu is reachable. -Fri Jan 26 05:00:04 2024
phys43199.physics.gatech.edu is reachable. -Fri Jan 26 05:15:05 2024
phys43199.physics.gatech.edu is reachable. -Fri Jan 26 05:30:04 2024
phys43199.physics.gatech.edu is reachable. -Fri Jan 26 05:45:05 2024
phys43199.physics.gatech.edu is reachable. -Fri Jan 26 06:00:04 2024
phys43199.physics.gatech.edu is reachable. -Fri Jan 26 06:15:05 2024
phys43199.physics.gatech.edu is reachable. -Fri Jan 26 06:30:04 2024
phys43199.physics.gatech.edu is reachable. -Fri Jan 26 06:45:04 2024
phys43199.physics.gatech.edu is reachable. -Fri Jan 26 07:00:04 2024
phys43199.physics.gatech.edu is reachable. -Fri Jan 26 07:15:04 2024
phys43199.physics.gatech.edu is reachable. -Fri Jan 26 07:30:04 2024
phys43199.physics.gatech.edu is reachable. -Fri Jan 26 07:45:04 2024
phys43199.physics.gatech.edu is reachable. -Fri Jan 26 08:00:05 2024
phys43199.physics.gatech.edu is reachable. -Fri Jan 26 08:15:04 2024
phys43199.physics.gatech.edu is reachable. -Fri Jan 26 08:30:05 2024
phys43199.physics.gatech.edu is reachable. -Fri Jan 26 08:45:04 2024
phys43199.physics.gatech.edu is reachable. -Fri Jan 26 09:00:04 2024
phys43199.physics.gatech.edu is reachable. -Fri Jan 26 09:15:04 2024
phys43199.physics.gatech.edu is reachable. -Fri Jan 26 09:30:04 2024
phys43199.physics.gatech.edu is reachable. -Fri Jan 26 09:45:04 2024
phys43199.physics.gatech.edu is reachable. -Fri Jan 26 10:00:04 2024
phys43199.physics.gatech.edu is reachable. -Fri Jan 26 10:15:05 2024
phys43199.physics.gatech.edu is reachable. -Fri Jan 26 10:30:04 2024
phys43199.physics.gatech.edu is reachable. -Fri Jan 26 10:45:04 2024
phys43199.physics.gatech.edu is reachable. -Fri Jan 26 11:00:04 2024
phys43199.physics.gatech.edu is reachable. -Fri Jan 26 11:15:04 2024
phys43199.physics.gatech.edu is reachable. -Fri Jan 26 11:30:04 2024
phys43199.physics.gatech.edu is reachable. -Fri Jan 26 11:45:05 2024
phys43199.physics.gatech.edu is reachable. -Fri Jan 26 12:00:04 2024
phys43199.physics.gatech.edu is reachable. -Fri Jan 26 12:15:05 2024
phys43199.physics.gatech.edu is reachable. -Fri Jan 26 12:30:04 2024
phys43199.physics.gatech.edu is reachable. -Fri Jan 26 12:45:05 2024
phys43199.physics.gatech.edu is reachable. -Fri Jan 26 13:00:04 2024
phys43199.physics.gatech.edu is reachable. -Fri Jan 26 13:15:04 2024
phys43199.physics.gatech.edu is reachable. -Fri Jan 26 13:30:04 2024
phys43199.physics.gatech.edu is reachable. -Fri Jan 26 13:45:04 2024
phys43199.physics.gatech.edu is reachable. -Fri Jan 26 14:00:04 2024
phys43199.physics.gatech.edu is reachable. -Fri Jan 26 14:15:04 2024
phys43199.physics.gatech.edu is reachable. -Fri Jan 26 14:30:04 2024
phys43199.physics.gatech.edu is reachable. -Fri Jan 26 14:45:05 2024
phys43199.physics.gatech.edu is reachable. -Fri Jan 26 15:00:04 2024
phys43199.physics.gatech.edu is reachable. -Fri Jan 26 15:15:05 2024
phys43199.physics.gatech.edu is reachable. -Fri Jan 26 15:30:04 2024
phys43199.physics.gatech.edu is reachable. -Fri Jan 26 15:45:05 2024
phys43199.physics.gatech.edu is reachable. -Fri Jan 26 16:00:04 2024
phys43199.physics.gatech.edu is reachable. -Fri Jan 26 16:15:05 2024
phys43199.physics.gatech.edu is reachable. -Fri Jan 26 16:30:04 2024
phys43199.physics.gatech.edu is reachable. -Fri Jan 26 16:45:04 2024
phys43199.physics.gatech.edu is reachable. -Fri Jan 26 17:00:04 2024
phys43199.physics.gatech.edu is reachable. -Fri Jan 26 17:15:04 2024
phys43199.physics.gatech.edu is reachable. -Fri Jan 26 17:30:04 2024
phys43199.physics.gatech.edu is reachable. -Fri Jan 26 17:45:04 2024
phys43199.physics.gatech.edu is reachable. -Fri Jan 26 18:00:05 2024
phys43199.physics.gatech.edu is reachable. -Fri Jan 26 18:15:04 2024
phys43199.physics.gatech.edu is reachable. -Fri Jan 26 18:30:05 2024
phys43199.physics.gatech.edu is reachable. -Fri Jan 26 18:45:04 2024
phys43199.physics.gatech.edu is reachable. -Fri Jan 26 19:00:04 2024
phys43199.physics.gatech.edu is reachable. -Fri Jan 26 19:15:04 2024
phys43199.physics.gatech.edu is reachable. -Fri Jan 26 19:30:04 2024
phys43199.physics.gatech.edu is reachable. -Fri Jan 26 19:45:04 2024
phys43199.physics.gatech.edu is reachable. -Fri Jan 26 20:00:04 2024
phys43199.physics.gatech.edu is reachable. -Fri Jan 26 20:15:05 2024
phys43199.physics.gatech.edu is reachable. -Fri Jan 26 20:30:04 2024
phys43199.physics.gatech.edu is reachable. -Fri Jan 26 20:45:05 2024
phys43199.physics.gatech.edu is reachable. -Fri Jan 26 21:00:04 2024
phys43199.physics.gatech.edu is reachable. -Fri Jan 26 21:15:05 2024
phys43199.physics.gatech.edu is reachable. -Fri Jan 26 21:30:04 2024
phys43199.physics.gatech.edu is reachable. -Fri Jan 26 21:45:04 2024
phys43199.physics.gatech.edu is reachable. -Fri Jan 26 22:00:05 2024
phys43199.physics.gatech.edu is reachable. -Fri Jan 26 22:15:04 2024
phys43199.physics.gatech.edu is reachable. -Fri Jan 26 22:30:04 2024
phys43199.physics.gatech.edu is reachable. -Fri Jan 26 22:45:04 2024
phys43199.physics.gatech.edu is reachable. -Fri Jan 26 23:00:04 2024
phys43199.physics.gatech.edu is reachable. -Fri Jan 26 23:15:05 2024
phys43199.physics.gatech.edu is reachable. -Fri Jan 26 23:30:04 2024
phys43199.physics.gatech.edu is reachable. -Fri Jan 26 23:45:05 2024
phys43199.physics.gatech.edu is reachable. -Sat Jan 27 00:00:04 2024
phys43199.physics.gatech.edu is reachable. -Sat Jan 27 00:15:05 2024
phys43199.physics.gatech.edu is reachable. -Sat Jan 27 00:30:04 2024
phys43199.physics.gatech.edu is reachable. -Sat Jan 27 00:45:05 2024
phys43199.physics.gatech.edu is reachable. -Sat Jan 27 01:00:04 2024
phys43199.physics.gatech.edu is reachable. -Sat Jan 27 01:15:05 2024
phys43199.physics.gatech.edu is reachable. -Sat Jan 27 01:30:04 2024
phys43199.physics.gatech.edu is reachable. -Sat Jan 27 01:45:05 2024
phys43199.physics.gatech.edu is reachable. -Sat Jan 27 02:00:04 2024
phys43199.physics.gatech.edu is reachable. -Sat Jan 27 02:15:04 2024
phys43199.physics.gatech.edu is reachable. -Sat Jan 27 02:30:04 2024
phys43199.physics.gatech.edu is reachable. -Sat Jan 27 02:45:04 2024
phys43199.physics.gatech.edu is reachable. -Sat Jan 27 03:00:04 2024
phys43199.physics.gatech.edu is reachable. -Sat Jan 27 03:15:04 2024
phys43199.physics.gatech.edu is reachable. -Sat Jan 27 03:30:05 2024
phys43199.physics.gatech.edu is reachable. -Sat Jan 27 03:45:04 2024
phys43199.physics.gatech.edu is reachable. -Sat Jan 27 04:00:05 2024
phys43199.physics.gatech.edu is reachable. -Sat Jan 27 04:15:04 2024
phys43199.physics.gatech.edu is reachable. -Sat Jan 27 04:30:05 2024
phys43199.physics.gatech.edu is reachable. -Sat Jan 27 04:45:04 2024
phys43199.physics.gatech.edu is reachable. -Sat Jan 27 05:00:04 2024
phys43199.physics.gatech.edu is reachable. -Sat Jan 27 05:15:04 2024
phys43199.physics.gatech.edu is reachable. -Sat Jan 27 05:30:04 2024
phys43199.physics.gatech.edu is reachable. -Sat Jan 27 05:45:04 2024
phys43199.physics.gatech.edu is reachable. -Sat Jan 27 06:00:04 2024
phys43199.physics.gatech.edu is reachable. -Sat Jan 27 06:15:05 2024
phys43199.physics.gatech.edu is reachable. -Sat Jan 27 06:30:04 2024
phys43199.physics.gatech.edu is reachable. -Sat Jan 27 06:45:05 2024
phys43199.physics.gatech.edu is reachable. -Sat Jan 27 07:00:04 2024
phys43199.physics.gatech.edu is reachable. -Sat Jan 27 07:15:05 2024
phys43199.physics.gatech.edu is reachable. -Sat Jan 27 07:30:04 2024
phys43199.physics.gatech.edu is reachable. -Sat Jan 27 07:45:04 2024
phys43199.physics.gatech.edu is reachable. -Sat Jan 27 08:00:04 2024
phys43199.physics.gatech.edu is reachable. -Sat Jan 27 08:15:04 2024
phys43199.physics.gatech.edu is reachable. -Sat Jan 27 08:30:05 2024
phys43199.physics.gatech.edu is reachable. -Sat Jan 27 08:45:04 2024
phys43199.physics.gatech.edu is reachable. -Sat Jan 27 09:00:05 2024
phys43199.physics.gatech.edu is reachable. -Sat Jan 27 09:15:04 2024
phys43199.physics.gatech.edu is reachable. -Sat Jan 27 09:30:04 2024
phys43199.physics.gatech.edu is reachable. -Sat Jan 27 09:45:04 2024
phys43199.physics.gatech.edu is reachable. -Sat Jan 27 10:00:04 2024
phys43199.physics.gatech.edu is reachable. -Sat Jan 27 10:15:04 2024
phys43199.physics.gatech.edu is reachable. -Sat Jan 27 10:30:04 2024
phys43199.physics.gatech.edu is reachable. -Sat Jan 27 10:45:04 2024
phys43199.physics.gatech.edu is reachable. -Sat Jan 27 11:00:04 2024
phys43199.physics.gatech.edu is reachable. -Sat Jan 27 11:15:05 2024
phys43199.physics.gatech.edu is reachable. -Sat Jan 27 11:30:04 2024
phys43199.physics.gatech.edu is reachable. -Sat Jan 27 11:45:05 2024
phys43199.physics.gatech.edu is not reachable. -Sat Jan 27 12:00:22 2024
shut_door FAILURE Sat Jan 27 12:00:22 2024
Turning off outlets Sat Jan 27 12:08:42 2024
outlets_off FAILURE Sat Jan 27 12:08:42 2024
phys43199.physics.gatech.edu is not reachable. -Sat Jan 27 12:15:24 2024
shut_door FAILURE Sat Jan 27 12:15:24 2024
Turning off outlets Sat Jan 27 12:23:44 2024
outlets_off FAILURE Sat Jan 27 12:23:44 2024
phys43199.physics.gatech.edu is reachable. -Sat Jan 27 12:30:04 2024
phys43199.physics.gatech.edu is reachable. -Sat Jan 27 12:45:04 2024
phys43199.physics.gatech.edu is reachable. -Sat Jan 27 13:00:05 2024
phys43199.physics.gatech.edu is reachable. -Sat Jan 27 13:15:04 2024
phys43199.physics.gatech.edu is reachable. -Sat Jan 27 13:30:05 2024
phys43199.physics.gatech.edu is reachable. -Sat Jan 27 13:45:04 2024
phys43199.physics.gatech.edu is reachable. -Sat Jan 27 14:00:05 2024
phys43199.physics.gatech.edu is reachable. -Sat Jan 27 14:15:04 2024
phys43199.physics.gatech.edu is reachable. -Sat Jan 27 14:30:05 2024
phys43199.physics.gatech.edu is reachable. -Sat Jan 27 14:45:04 2024
phys43199.physics.gatech.edu is reachable. -Sat Jan 27 15:00:04 2024
phys43199.physics.gatech.edu is reachable. -Sat Jan 27 15:15:04 2024
phys43199.physics.gatech.edu is reachable. -Sat Jan 27 15:30:04 2024
phys43199.physics.gatech.edu is reachable. -Sat Jan 27 15:45:05 2024
phys43199.physics.gatech.edu is reachable. -Sat Jan 27 16:00:04 2024
phys43199.physics.gatech.edu is reachable. -Sat Jan 27 16:15:05 2024
phys43199.physics.gatech.edu is reachable. -Sat Jan 27 16:30:04 2024
phys43199.physics.gatech.edu is reachable. -Sat Jan 27 16:45:05 2024
phys43199.physics.gatech.edu is reachable. -Sat Jan 27 17:00:04 2024
phys43199.physics.gatech.edu is reachable. -Sat Jan 27 17:15:05 2024
phys43199.physics.gatech.edu is reachable. -Sat Jan 27 17:30:04 2024
phys43199.physics.gatech.edu is reachable. -Sat Jan 27 17:45:04 2024
phys43199.physics.gatech.edu is reachable. -Sat Jan 27 18:00:04 2024
phys43199.physics.gatech.edu is reachable. -Sat Jan 27 18:15:04 2024
phys43199.physics.gatech.edu is reachable. -Sat Jan 27 18:30:05 2024
phys43199.physics.gatech.edu is reachable. -Sat Jan 27 18:45:04 2024
phys43199.physics.gatech.edu is reachable. -Sat Jan 27 19:00:05 2024
phys43199.physics.gatech.edu is reachable. -Sat Jan 27 19:15:04 2024
phys43199.physics.gatech.edu is reachable. -Sat Jan 27 19:30:05 2024
phys43199.physics.gatech.edu is reachable. -Sat Jan 27 19:45:04 2024
phys43199.physics.gatech.edu is reachable. -Sat Jan 27 20:00:04 2024
phys43199.physics.gatech.edu is reachable. -Sat Jan 27 20:15:04 2024
phys43199.physics.gatech.edu is reachable. -Sat Jan 27 20:30:04 2024
phys43199.physics.gatech.edu is reachable. -Sat Jan 27 20:45:05 2024
phys43199.physics.gatech.edu is reachable. -Sat Jan 27 21:00:04 2024
phys43199.physics.gatech.edu is reachable. -Sat Jan 27 21:15:05 2024
phys43199.physics.gatech.edu is reachable. -Sat Jan 27 21:30:04 2024
phys43199.physics.gatech.edu is reachable. -Sat Jan 27 21:45:04 2024
phys43199.physics.gatech.edu is reachable. -Sat Jan 27 22:00:04 2024
phys43199.physics.gatech.edu is reachable. -Sat Jan 27 22:15:04 2024
phys43199.physics.gatech.edu is reachable. -Sat Jan 27 22:30:04 2024
phys43199.physics.gatech.edu is reachable. -Sat Jan 27 22:45:04 2024
phys43199.physics.gatech.edu is reachable. -Sat Jan 27 23:00:04 2024
phys43199.physics.gatech.edu is reachable. -Sat Jan 27 23:15:04 2024
phys43199.physics.gatech.edu is reachable. -Sat Jan 27 23:30:04 2024
phys43199.physics.gatech.edu is reachable. -Sat Jan 27 23:45:04 2024
phys43199.physics.gatech.edu is reachable. -Sun Jan 28 00:00:04 2024
phys43199.physics.gatech.edu is reachable. -Sun Jan 28 00:15:04 2024
phys43199.physics.gatech.edu is reachable. -Sun Jan 28 00:30:04 2024
phys43199.physics.gatech.edu is reachable. -Sun Jan 28 00:45:04 2024
phys43199.physics.gatech.edu is reachable. -Sun Jan 28 01:00:04 2024
phys43199.physics.gatech.edu is reachable. -Sun Jan 28 01:15:05 2024
phys43199.physics.gatech.edu is reachable. -Sun Jan 28 01:30:04 2024
phys43199.physics.gatech.edu is reachable. -Sun Jan 28 01:45:05 2024
phys43199.physics.gatech.edu is reachable. -Sun Jan 28 02:00:04 2024
phys43199.physics.gatech.edu is reachable. -Sun Jan 28 02:15:04 2024
phys43199.physics.gatech.edu is reachable. -Sun Jan 28 02:30:04 2024
phys43199.physics.gatech.edu is reachable. -Sun Jan 28 02:45:04 2024
phys43199.physics.gatech.edu is reachable. -Sun Jan 28 03:00:04 2024
phys43199.physics.gatech.edu is reachable. -Sun Jan 28 03:15:04 2024
phys43199.physics.gatech.edu is reachable. -Sun Jan 28 03:30:05 2024
phys43199.physics.gatech.edu is reachable. -Sun Jan 28 03:45:04 2024
phys43199.physics.gatech.edu is reachable. -Sun Jan 28 04:00:05 2024
phys43199.physics.gatech.edu is reachable. -Sun Jan 28 04:15:04 2024
phys43199.physics.gatech.edu is reachable. -Sun Jan 28 04:30:05 2024
phys43199.physics.gatech.edu is reachable. -Sun Jan 28 04:45:04 2024
phys43199.physics.gatech.edu is reachable. -Sun Jan 28 05:00:04 2024
phys43199.physics.gatech.edu is reachable. -Sun Jan 28 05:15:04 2024
phys43199.physics.gatech.edu is reachable. -Sun Jan 28 05:30:04 2024
phys43199.physics.gatech.edu is reachable. -Sun Jan 28 05:45:04 2024
phys43199.physics.gatech.edu is reachable. -Sun Jan 28 06:00:04 2024
phys43199.physics.gatech.edu is reachable. -Sun Jan 28 06:15:05 2024
phys43199.physics.gatech.edu is reachable. -Sun Jan 28 06:30:04 2024
phys43199.physics.gatech.edu is reachable. -Sun Jan 28 06:45:05 2024
phys43199.physics.gatech.edu is reachable. -Sun Jan 28 07:00:04 2024
phys43199.physics.gatech.edu is reachable. -Sun Jan 28 07:15:05 2024
phys43199.physics.gatech.edu is reachable. -Sun Jan 28 07:30:04 2024
phys43199.physics.gatech.edu is reachable. -Sun Jan 28 07:45:04 2024
phys43199.physics.gatech.edu is reachable. -Sun Jan 28 08:00:04 2024
phys43199.physics.gatech.edu is reachable. -Sun Jan 28 08:15:05 2024
phys43199.physics.gatech.edu is reachable. -Sun Jan 28 08:30:05 2024
phys43199.physics.gatech.edu is reachable. -Sun Jan 28 08:45:04 2024
phys43199.physics.gatech.edu is reachable. -Sun Jan 28 09:00:04 2024
phys43199.physics.gatech.edu is reachable. -Sun Jan 28 09:15:04 2024
phys43199.physics.gatech.edu is reachable. -Sun Jan 28 09:30:04 2024
phys43199.physics.gatech.edu is reachable. -Sun Jan 28 09:45:04 2024
phys43199.physics.gatech.edu is reachable. -Sun Jan 28 10:00:04 2024
phys43199.physics.gatech.edu is reachable. -Sun Jan 28 10:15:04 2024
phys43199.physics.gatech.edu is reachable. -Sun Jan 28 10:30:04 2024
phys43199.physics.gatech.edu is reachable. -Sun Jan 28 10:45:05 2024
phys43199.physics.gatech.edu is reachable. -Sun Jan 28 11:00:04 2024
phys43199.physics.gatech.edu is reachable. -Sun Jan 28 11:15:05 2024
phys43199.physics.gatech.edu is reachable. -Sun Jan 28 11:30:04 2024
phys43199.physics.gatech.edu is reachable. -Sun Jan 28 11:45:05 2024
phys43199.physics.gatech.edu is reachable. -Sun Jan 28 12:00:04 2024
phys43199.physics.gatech.edu is reachable. -Sun Jan 28 12:15:05 2024
phys43199.physics.gatech.edu is reachable. -Sun Jan 28 12:30:05 2024
phys43199.physics.gatech.edu is reachable. -Sun Jan 28 12:45:04 2024
phys43199.physics.gatech.edu is reachable. -Sun Jan 28 13:00:05 2024
phys43199.physics.gatech.edu is reachable. -Sun Jan 28 13:15:04 2024
phys43199.physics.gatech.edu is reachable. -Sun Jan 28 13:30:04 2024
phys43199.physics.gatech.edu is reachable. -Sun Jan 28 13:45:05 2024
phys43199.physics.gatech.edu is reachable. -Sun Jan 28 14:00:04 2024
phys43199.physics.gatech.edu is reachable. -Sun Jan 28 14:15:05 2024
phys43199.physics.gatech.edu is reachable. -Sun Jan 28 14:30:04 2024
phys43199.physics.gatech.edu is reachable. -Sun Jan 28 14:45:05 2024
phys43199.physics.gatech.edu is reachable. -Sun Jan 28 15:00:04 2024
phys43199.physics.gatech.edu is reachable. -Sun Jan 28 15:15:05 2024
phys43199.physics.gatech.edu is reachable. -Sun Jan 28 15:30:04 2024
phys43199.physics.gatech.edu is reachable. -Sun Jan 28 15:45:04 2024
phys43199.physics.gatech.edu is reachable. -Sun Jan 28 16:00:04 2024
phys43199.physics.gatech.edu is reachable. -Sun Jan 28 16:15:04 2024
phys43199.physics.gatech.edu is reachable. -Sun Jan 28 16:30:04 2024
phys43199.physics.gatech.edu is reachable. -Sun Jan 28 16:45:04 2024
phys43199.physics.gatech.edu is reachable. -Sun Jan 28 17:00:04 2024
phys43199.physics.gatech.edu is reachable. -Sun Jan 28 17:15:04 2024
phys43199.physics.gatech.edu is reachable. -Sun Jan 28 17:30:05 2024
phys43199.physics.gatech.edu is reachable. -Sun Jan 28 17:45:04 2024
phys43199.physics.gatech.edu is reachable. -Sun Jan 28 18:00:05 2024
phys43199.physics.gatech.edu is reachable. -Sun Jan 28 18:15:04 2024
phys43199.physics.gatech.edu is reachable. -Sun Jan 28 18:30:05 2024
phys43199.physics.gatech.edu is reachable. -Sun Jan 28 18:45:04 2024
phys43199.physics.gatech.edu is reachable. -Sun Jan 28 19:00:04 2024
phys43199.physics.gatech.edu is reachable. -Sun Jan 28 19:15:04 2024
phys43199.physics.gatech.edu is reachable. -Sun Jan 28 19:30:04 2024
phys43199.physics.gatech.edu is reachable. -Sun Jan 28 19:45:04 2024
phys43199.physics.gatech.edu is reachable. -Sun Jan 28 20:00:04 2024
phys43199.physics.gatech.edu is reachable. -Sun Jan 28 20:15:04 2024
phys43199.physics.gatech.edu is reachable. -Sun Jan 28 20:30:04 2024
phys43199.physics.gatech.edu is reachable. -Sun Jan 28 20:45:04 2024
phys43199.physics.gatech.edu is reachable. -Sun Jan 28 21:00:04 2024
phys43199.physics.gatech.edu is reachable. -Sun Jan 28 21:15:04 2024
phys43199.physics.gatech.edu is reachable. -Sun Jan 28 21:30:04 2024
phys43199.physics.gatech.edu is reachable. -Sun Jan 28 21:45:04 2024
phys43199.physics.gatech.edu is reachable. -Sun Jan 28 22:00:04 2024
phys43199.physics.gatech.edu is reachable. -Sun Jan 28 22:15:04 2024
phys43199.physics.gatech.edu is reachable. -Sun Jan 28 22:30:04 2024
phys43199.physics.gatech.edu is reachable. -Sun Jan 28 22:45:04 2024
phys43199.physics.gatech.edu is reachable. -Sun Jan 28 23:00:04 2024
phys43199.physics.gatech.edu is reachable. -Sun Jan 28 23:15:04 2024
phys43199.physics.gatech.edu is reachable. -Sun Jan 28 23:30:04 2024
phys43199.physics.gatech.edu is reachable. -Sun Jan 28 23:45:05 2024
phys43199.physics.gatech.edu is reachable. -Mon Jan 29 00:00:04 2024
phys43199.physics.gatech.edu is reachable. -Mon Jan 29 00:15:05 2024
phys43199.physics.gatech.edu is reachable. -Mon Jan 29 00:30:04 2024
phys43199.physics.gatech.edu is reachable. -Mon Jan 29 00:45:05 2024
phys43199.physics.gatech.edu is reachable. -Mon Jan 29 01:00:04 2024
phys43199.physics.gatech.edu is reachable. -Mon Jan 29 01:15:05 2024
phys43199.physics.gatech.edu is reachable. -Mon Jan 29 01:30:04 2024
phys43199.physics.gatech.edu is reachable. -Mon Jan 29 01:45:04 2024
phys43199.physics.gatech.edu is reachable. -Mon Jan 29 02:00:04 2024
phys43199.physics.gatech.edu is reachable. -Mon Jan 29 02:15:04 2024
phys43199.physics.gatech.edu is reachable. -Mon Jan 29 02:30:04 2024
phys43199.physics.gatech.edu is reachable. -Mon Jan 29 02:45:05 2024
phys43199.physics.gatech.edu is reachable. -Mon Jan 29 03:00:04 2024
phys43199.physics.gatech.edu is reachable. -Mon Jan 29 03:15:05 2024
phys43199.physics.gatech.edu is reachable. -Mon Jan 29 03:30:04 2024
phys43199.physics.gatech.edu is reachable. -Mon Jan 29 03:45:04 2024
phys43199.physics.gatech.edu is reachable. -Mon Jan 29 04:00:04 2024
phys43199.physics.gatech.edu is reachable. -Mon Jan 29 04:15:04 2024
phys43199.physics.gatech.edu is reachable. -Mon Jan 29 04:30:04 2024
phys43199.physics.gatech.edu is reachable. -Mon Jan 29 04:45:04 2024
phys43199.physics.gatech.edu is reachable. -Mon Jan 29 05:00:04 2024
phys43199.physics.gatech.edu is reachable. -Mon Jan 29 05:15:04 2024
phys43199.physics.gatech.edu is reachable. -Mon Jan 29 05:30:05 2024
phys43199.physics.gatech.edu is reachable. -Mon Jan 29 05:45:04 2024
phys43199.physics.gatech.edu is reachable. -Mon Jan 29 06:00:05 2024
phys43199.physics.gatech.edu is reachable. -Mon Jan 29 06:15:04 2024
phys43199.physics.gatech.edu is reachable. -Mon Jan 29 06:30:04 2024
phys43199.physics.gatech.edu is reachable. -Mon Jan 29 06:45:04 2024
phys43199.physics.gatech.edu is reachable. -Mon Jan 29 07:00:04 2024
phys43199.physics.gatech.edu is reachable. -Mon Jan 29 07:15:04 2024
phys43199.physics.gatech.edu is reachable. -Mon Jan 29 07:30:04 2024
phys43199.physics.gatech.edu is reachable. -Mon Jan 29 07:45:04 2024
phys43199.physics.gatech.edu is reachable. -Mon Jan 29 08:00:04 2024
phys43199.physics.gatech.edu is reachable. -Mon Jan 29 08:15:04 2024
phys43199.physics.gatech.edu is reachable. -Mon Jan 29 08:30:04 2024
phys43199.physics.gatech.edu is reachable. -Mon Jan 29 08:45:04 2024
phys43199.physics.gatech.edu is reachable. -Mon Jan 29 09:00:04 2024
phys43199.physics.gatech.edu is reachable. -Mon Jan 29 09:15:05 2024
phys43199.physics.gatech.edu is reachable. -Mon Jan 29 09:30:04 2024
phys43199.physics.gatech.edu is reachable. -Mon Jan 29 09:45:05 2024
phys43199.physics.gatech.edu is reachable. -Mon Jan 29 10:00:04 2024
phys43199.physics.gatech.edu is reachable. -Mon Jan 29 10:15:05 2024
phys43199.physics.gatech.edu is reachable. -Mon Jan 29 10:30:04 2024
phys43199.physics.gatech.edu is reachable. -Mon Jan 29 10:45:05 2024
phys43199.physics.gatech.edu is reachable. -Mon Jan 29 11:00:04 2024
phys43199.physics.gatech.edu is reachable. -Mon Jan 29 11:15:05 2024
phys43199.physics.gatech.edu is reachable. -Mon Jan 29 11:30:04 2024
phys43199.physics.gatech.edu is reachable. -Mon Jan 29 11:45:05 2024
phys43199.physics.gatech.edu is reachable. -Mon Jan 29 12:00:05 2024
phys43199.physics.gatech.edu is reachable. -Mon Jan 29 12:15:04 2024
phys43199.physics.gatech.edu is reachable. -Mon Jan 29 12:30:05 2024
phys43199.physics.gatech.edu is reachable. -Mon Jan 29 12:45:04 2024
phys43199.physics.gatech.edu is reachable. -Mon Jan 29 13:00:04 2024
phys43199.physics.gatech.edu is reachable. -Mon Jan 29 13:15:04 2024
phys43199.physics.gatech.edu is reachable. -Mon Jan 29 13:30:04 2024
phys43199.physics.gatech.edu is reachable. -Mon Jan 29 13:45:05 2024
phys43199.physics.gatech.edu is reachable. -Mon Jan 29 14:00:04 2024
phys43199.physics.gatech.edu is reachable. -Mon Jan 29 14:15:05 2024
phys43199.physics.gatech.edu is reachable. -Mon Jan 29 14:30:04 2024
phys43199.physics.gatech.edu is reachable. -Mon Jan 29 14:45:05 2024
phys43199.physics.gatech.edu is reachable. -Mon Jan 29 15:00:04 2024
phys43199.physics.gatech.edu is reachable. -Mon Jan 29 15:15:05 2024
phys43199.physics.gatech.edu is reachable. -Mon Jan 29 15:30:04 2024
phys43199.physics.gatech.edu is reachable. -Mon Jan 29 15:45:04 2024
phys43199.physics.gatech.edu is reachable. -Mon Jan 29 16:00:04 2024
phys43199.physics.gatech.edu is reachable. -Mon Jan 29 16:15:04 2024
phys43199.physics.gatech.edu is reachable. -Mon Jan 29 16:30:04 2024
phys43199.physics.gatech.edu is reachable. -Mon Jan 29 16:45:04 2024
phys43199.physics.gatech.edu is reachable. -Mon Jan 29 17:00:04 2024
phys43199.physics.gatech.edu is reachable. -Mon Jan 29 17:15:04 2024
phys43199.physics.gatech.edu is reachable. -Mon Jan 29 17:30:05 2024
phys43199.physics.gatech.edu is reachable. -Mon Jan 29 17:45:04 2024
phys43199.physics.gatech.edu is reachable. -Mon Jan 29 18:00:05 2024
phys43199.physics.gatech.edu is reachable. -Mon Jan 29 18:15:04 2024
phys43199.physics.gatech.edu is reachable. -Mon Jan 29 18:30:05 2024
phys43199.physics.gatech.edu is reachable. -Mon Jan 29 18:45:04 2024
phys43199.physics.gatech.edu is reachable. -Mon Jan 29 19:00:05 2024
phys43199.physics.gatech.edu is reachable. -Mon Jan 29 19:15:04 2024
phys43199.physics.gatech.edu is reachable. -Mon Jan 29 19:30:05 2024
phys43199.physics.gatech.edu is reachable. -Mon Jan 29 19:45:04 2024
phys43199.physics.gatech.edu is reachable. -Mon Jan 29 20:00:04 2024
phys43199.physics.gatech.edu is reachable. -Mon Jan 29 20:15:04 2024
phys43199.physics.gatech.edu is reachable. -Mon Jan 29 20:30:04 2024
phys43199.physics.gatech.edu is reachable. -Mon Jan 29 20:45:05 2024
phys43199.physics.gatech.edu is reachable. -Mon Jan 29 21:00:04 2024
phys43199.physics.gatech.edu is reachable. -Mon Jan 29 21:15:05 2024
phys43199.physics.gatech.edu is reachable. -Mon Jan 29 21:30:04 2024
phys43199.physics.gatech.edu is reachable. -Mon Jan 29 21:45:05 2024
phys43199.physics.gatech.edu is reachable. -Mon Jan 29 22:00:04 2024
phys43199.physics.gatech.edu is reachable. -Mon Jan 29 22:15:04 2024
phys43199.physics.gatech.edu is reachable. -Mon Jan 29 22:30:05 2024
phys43199.physics.gatech.edu is reachable. -Mon Jan 29 22:45:04 2024
phys43199.physics.gatech.edu is reachable. -Mon Jan 29 23:00:05 2024
phys43199.physics.gatech.edu is reachable. -Mon Jan 29 23:15:04 2024
phys43199.physics.gatech.edu is reachable. -Mon Jan 29 23:30:05 2024
phys43199.physics.gatech.edu is reachable. -Mon Jan 29 23:45:04 2024
phys43199.physics.gatech.edu is reachable. -Tue Jan 30 00:00:05 2024
phys43199.physics.gatech.edu is reachable. -Tue Jan 30 00:15:04 2024
phys43199.physics.gatech.edu is reachable. -Tue Jan 30 00:30:05 2024
phys43199.physics.gatech.edu is reachable. -Tue Jan 30 00:45:04 2024
phys43199.physics.gatech.edu is reachable. -Tue Jan 30 01:00:05 2024
phys43199.physics.gatech.edu is reachable. -Tue Jan 30 01:15:04 2024
phys43199.physics.gatech.edu is not reachable. -Tue Jan 30 01:30:15 2024
shut_door FAILURE Tue Jan 30 01:30:15 2024
Turning off outlets Tue Jan 30 01:38:35 2024
outlets_off FAILURE Tue Jan 30 01:38:35 2024
phys43199.physics.gatech.edu is reachable. -Tue Jan 30 01:45:05 2024
phys43199.physics.gatech.edu is reachable. -Tue Jan 30 02:00:04 2024
phys43199.physics.gatech.edu is reachable. -Tue Jan 30 02:15:05 2024
phys43199.physics.gatech.edu is reachable. -Tue Jan 30 02:30:04 2024
phys43199.physics.gatech.edu is reachable. -Tue Jan 30 02:45:04 2024
phys43199.physics.gatech.edu is reachable. -Tue Jan 30 03:00:04 2024
phys43199.physics.gatech.edu is reachable. -Tue Jan 30 03:15:04 2024
phys43199.physics.gatech.edu is reachable. -Tue Jan 30 03:30:05 2024
phys43199.physics.gatech.edu is reachable. -Tue Jan 30 03:45:04 2024
phys43199.physics.gatech.edu is reachable. -Tue Jan 30 04:00:05 2024
phys43199.physics.gatech.edu is reachable. -Tue Jan 30 04:15:04 2024
phys43199.physics.gatech.edu is reachable. -Tue Jan 30 04:30:04 2024
phys43199.physics.gatech.edu is reachable. -Tue Jan 30 04:45:04 2024
phys43199.physics.gatech.edu is reachable. -Tue Jan 30 05:00:04 2024
phys43199.physics.gatech.edu is reachable. -Tue Jan 30 05:15:05 2024
phys43199.physics.gatech.edu is reachable. -Tue Jan 30 05:30:04 2024
phys43199.physics.gatech.edu is reachable. -Tue Jan 30 05:45:05 2024
phys43199.physics.gatech.edu is reachable. -Tue Jan 30 06:00:04 2024
phys43199.physics.gatech.edu is reachable. -Tue Jan 30 06:15:05 2024
phys43199.physics.gatech.edu is reachable. -Tue Jan 30 06:30:04 2024
phys43199.physics.gatech.edu is reachable. -Tue Jan 30 06:45:04 2024
phys43199.physics.gatech.edu is reachable. -Tue Jan 30 07:00:04 2024
phys43199.physics.gatech.edu is reachable. -Tue Jan 30 07:15:04 2024
phys43199.physics.gatech.edu is reachable. -Tue Jan 30 07:30:05 2024
phys43199.physics.gatech.edu is reachable. -Tue Jan 30 07:45:04 2024
phys43199.physics.gatech.edu is reachable. -Tue Jan 30 08:00:05 2024
phys43199.physics.gatech.edu is reachable. -Tue Jan 30 08:15:04 2024
phys43199.physics.gatech.edu is reachable. -Tue Jan 30 08:30:05 2024
phys43199.physics.gatech.edu is reachable. -Tue Jan 30 08:45:04 2024
phys43199.physics.gatech.edu is reachable. -Tue Jan 30 09:00:05 2024
phys43199.physics.gatech.edu is reachable. -Tue Jan 30 09:15:04 2024
phys43199.physics.gatech.edu is reachable. -Tue Jan 30 09:30:05 2024
phys43199.physics.gatech.edu is reachable. -Tue Jan 30 09:45:04 2024
phys43199.physics.gatech.edu is reachable. -Tue Jan 30 10:00:04 2024
phys43199.physics.gatech.edu is reachable. -Tue Jan 30 10:15:04 2024
phys43199.physics.gatech.edu is reachable. -Tue Jan 30 10:30:04 2024
phys43199.physics.gatech.edu is reachable. -Tue Jan 30 10:45:05 2024
phys43199.physics.gatech.edu is reachable. -Tue Jan 30 11:00:04 2024
phys43199.physics.gatech.edu is reachable. -Tue Jan 30 11:15:05 2024
phys43199.physics.gatech.edu is reachable. -Tue Jan 30 11:30:04 2024
phys43199.physics.gatech.edu is reachable. -Tue Jan 30 11:45:05 2024
phys43199.physics.gatech.edu is reachable. -Tue Jan 30 12:00:04 2024
phys43199.physics.gatech.edu is reachable. -Tue Jan 30 12:15:05 2024
phys43199.physics.gatech.edu is reachable. -Tue Jan 30 12:30:04 2024
phys43199.physics.gatech.edu is reachable. -Tue Jan 30 12:45:05 2024
phys43199.physics.gatech.edu is reachable. -Tue Jan 30 13:00:04 2024
phys43199.physics.gatech.edu is reachable. -Tue Jan 30 13:15:05 2024
phys43199.physics.gatech.edu is reachable. -Tue Jan 30 13:30:04 2024
phys43199.physics.gatech.edu is reachable. -Tue Jan 30 13:45:04 2024
phys43199.physics.gatech.edu is reachable. -Tue Jan 30 14:00:04 2024
phys43199.physics.gatech.edu is reachable. -Tue Jan 30 14:15:04 2024
phys43199.physics.gatech.edu is reachable. -Tue Jan 30 14:30:05 2024
phys43199.physics.gatech.edu is reachable. -Tue Jan 30 14:45:04 2024
phys43199.physics.gatech.edu is reachable. -Tue Jan 30 15:00:05 2024
phys43199.physics.gatech.edu is reachable. -Tue Jan 30 15:15:04 2024
phys43199.physics.gatech.edu is reachable. -Tue Jan 30 15:30:04 2024
phys43199.physics.gatech.edu is reachable. -Tue Jan 30 15:45:04 2024
phys43199.physics.gatech.edu is reachable. -Tue Jan 30 16:00:04 2024
phys43199.physics.gatech.edu is reachable. -Tue Jan 30 16:15:04 2024
phys43199.physics.gatech.edu is reachable. -Tue Jan 30 16:30:04 2024
phys43199.physics.gatech.edu is reachable. -Tue Jan 30 16:45:05 2024
phys43199.physics.gatech.edu is reachable. -Tue Jan 30 17:00:04 2024
phys43199.physics.gatech.edu is reachable. -Tue Jan 30 17:15:05 2024
phys43199.physics.gatech.edu is reachable. -Tue Jan 30 17:30:04 2024
phys43199.physics.gatech.edu is reachable. -Tue Jan 30 17:45:05 2024
phys43199.physics.gatech.edu is reachable. -Tue Jan 30 18:00:04 2024
phys43199.physics.gatech.edu is reachable. -Tue Jan 30 18:15:05 2024
phys43199.physics.gatech.edu is reachable. -Tue Jan 30 18:30:04 2024
phys43199.physics.gatech.edu is reachable. -Tue Jan 30 18:45:05 2024
phys43199.physics.gatech.edu is reachable. -Tue Jan 30 19:00:04 2024
phys43199.physics.gatech.edu is reachable. -Tue Jan 30 19:15:04 2024
phys43199.physics.gatech.edu is reachable. -Tue Jan 30 19:30:04 2024
phys43199.physics.gatech.edu is reachable. -Tue Jan 30 19:45:04 2024
phys43199.physics.gatech.edu is reachable. -Tue Jan 30 20:00:05 2024
phys43199.physics.gatech.edu is reachable. -Tue Jan 30 20:15:04 2024
phys43199.physics.gatech.edu is reachable. -Tue Jan 30 20:30:05 2024
phys43199.physics.gatech.edu is reachable. -Tue Jan 30 20:45:04 2024
phys43199.physics.gatech.edu is reachable. -Tue Jan 30 21:00:05 2024
phys43199.physics.gatech.edu is reachable. -Tue Jan 30 21:15:04 2024
phys43199.physics.gatech.edu is reachable. -Tue Jan 30 21:30:05 2024
phys43199.physics.gatech.edu is reachable. -Tue Jan 30 21:45:04 2024
phys43199.physics.gatech.edu is reachable. -Tue Jan 30 22:00:04 2024
phys43199.physics.gatech.edu is reachable. -Tue Jan 30 22:15:04 2024
phys43199.physics.gatech.edu is reachable. -Tue Jan 30 22:30:04 2024
phys43199.physics.gatech.edu is reachable. -Tue Jan 30 22:45:05 2024
phys43199.physics.gatech.edu is reachable. -Tue Jan 30 23:00:04 2024
phys43199.physics.gatech.edu is reachable. -Tue Jan 30 23:15:05 2024
phys43199.physics.gatech.edu is reachable. -Tue Jan 30 23:30:05 2024
phys43199.physics.gatech.edu is reachable. -Tue Jan 30 23:45:04 2024
phys43199.physics.gatech.edu is reachable. -Wed Jan 31 00:00:05 2024
phys43199.physics.gatech.edu is reachable. -Wed Jan 31 00:15:04 2024
phys43199.physics.gatech.edu is reachable. -Wed Jan 31 00:30:05 2024
phys43199.physics.gatech.edu is reachable. -Wed Jan 31 00:45:04 2024
phys43199.physics.gatech.edu is reachable. -Wed Jan 31 01:00:05 2024
phys43199.physics.gatech.edu is reachable. -Wed Jan 31 01:15:04 2024
phys43199.physics.gatech.edu is reachable. -Wed Jan 31 01:30:04 2024
phys43199.physics.gatech.edu is reachable. -Wed Jan 31 01:45:04 2024
phys43199.physics.gatech.edu is reachable. -Wed Jan 31 02:00:04 2024
phys43199.physics.gatech.edu is reachable. -Wed Jan 31 02:15:04 2024
phys43199.physics.gatech.edu is reachable. -Wed Jan 31 02:30:04 2024
phys43199.physics.gatech.edu is reachable. -Wed Jan 31 02:45:04 2024
phys43199.physics.gatech.edu is reachable. -Wed Jan 31 03:00:04 2024
phys43199.physics.gatech.edu is reachable. -Wed Jan 31 03:15:05 2024
phys43199.physics.gatech.edu is reachable. -Wed Jan 31 03:30:04 2024
phys43199.physics.gatech.edu is reachable. -Wed Jan 31 03:45:05 2024
phys43199.physics.gatech.edu is reachable. -Wed Jan 31 04:00:04 2024
phys43199.physics.gatech.edu is reachable. -Wed Jan 31 04:15:05 2024
phys43199.physics.gatech.edu is reachable. -Wed Jan 31 04:30:04 2024
phys43199.physics.gatech.edu is reachable. -Wed Jan 31 04:45:04 2024
phys43199.physics.gatech.edu is reachable. -Wed Jan 31 05:00:04 2024
phys43199.physics.gatech.edu is reachable. -Wed Jan 31 05:15:04 2024
phys43199.physics.gatech.edu is reachable. -Wed Jan 31 05:30:05 2024
phys43199.physics.gatech.edu is reachable. -Wed Jan 31 05:45:04 2024
phys43199.physics.gatech.edu is reachable. -Wed Jan 31 06:00:05 2024
phys43199.physics.gatech.edu is reachable. -Wed Jan 31 06:15:04 2024
phys43199.physics.gatech.edu is reachable. -Wed Jan 31 06:30:04 2024
phys43199.physics.gatech.edu is reachable. -Wed Jan 31 06:45:04 2024
phys43199.physics.gatech.edu is reachable. -Wed Jan 31 07:00:04 2024
phys43199.physics.gatech.edu is reachable. -Wed Jan 31 07:15:05 2024
phys43199.physics.gatech.edu is reachable. -Wed Jan 31 07:30:04 2024
phys43199.physics.gatech.edu is reachable. -Wed Jan 31 07:45:05 2024
phys43199.physics.gatech.edu is reachable. -Wed Jan 31 08:00:04 2024
phys43199.physics.gatech.edu is reachable. -Wed Jan 31 08:15:05 2024
phys43199.physics.gatech.edu is reachable. -Wed Jan 31 08:30:04 2024
phys43199.physics.gatech.edu is reachable. -Wed Jan 31 08:45:04 2024
phys43199.physics.gatech.edu is reachable. -Wed Jan 31 09:00:05 2024
phys43199.physics.gatech.edu is reachable. -Wed Jan 31 09:15:04 2024
phys43199.physics.gatech.edu is reachable. -Wed Jan 31 09:30:05 2024
phys43199.physics.gatech.edu is reachable. -Wed Jan 31 09:45:04 2024
phys43199.physics.gatech.edu is reachable. -Wed Jan 31 10:00:05 2024
phys43199.physics.gatech.edu is reachable. -Wed Jan 31 10:15:04 2024
phys43199.physics.gatech.edu is reachable. -Wed Jan 31 10:30:05 2024
phys43199.physics.gatech.edu is reachable. -Wed Jan 31 10:45:04 2024
phys43199.physics.gatech.edu is reachable. -Wed Jan 31 11:00:04 2024
phys43199.physics.gatech.edu is reachable. -Wed Jan 31 11:15:05 2024
phys43199.physics.gatech.edu is reachable. -Wed Jan 31 11:30:04 2024
phys43199.physics.gatech.edu is reachable. -Wed Jan 31 11:45:05 2024
phys43199.physics.gatech.edu is reachable. -Wed Jan 31 12:00:04 2024
phys43199.physics.gatech.edu is reachable. -Wed Jan 31 12:15:05 2024
phys43199.physics.gatech.edu is reachable. -Wed Jan 31 12:30:04 2024
phys43199.physics.gatech.edu is reachable. -Wed Jan 31 12:45:04 2024
phys43199.physics.gatech.edu is reachable. -Wed Jan 31 13:00:04 2024
phys43199.physics.gatech.edu is reachable. -Wed Jan 31 13:15:04 2024
phys43199.physics.gatech.edu is reachable. -Wed Jan 31 13:30:05 2024
phys43199.physics.gatech.edu is reachable. -Wed Jan 31 13:45:04 2024
phys43199.physics.gatech.edu is reachable. -Wed Jan 31 14:00:04 2024
phys43199.physics.gatech.edu is reachable. -Wed Jan 31 14:15:05 2024
phys43199.physics.gatech.edu is reachable. -Wed Jan 31 14:30:04 2024
phys43199.physics.gatech.edu is reachable. -Wed Jan 31 14:45:05 2024
phys43199.physics.gatech.edu is reachable. -Wed Jan 31 15:00:04 2024
phys43199.physics.gatech.edu is reachable. -Wed Jan 31 15:15:05 2024
phys43199.physics.gatech.edu is reachable. -Wed Jan 31 15:30:04 2024
phys43199.physics.gatech.edu is reachable. -Wed Jan 31 15:45:05 2024
phys43199.physics.gatech.edu is reachable. -Wed Jan 31 16:00:04 2024
phys43199.physics.gatech.edu is reachable. -Wed Jan 31 16:15:04 2024
phys43199.physics.gatech.edu is reachable. -Wed Jan 31 16:30:04 2024
phys43199.physics.gatech.edu is reachable. -Wed Jan 31 16:45:04 2024
phys43199.physics.gatech.edu is reachable. -Wed Jan 31 17:00:04 2024
phys43199.physics.gatech.edu is reachable. -Wed Jan 31 17:15:04 2024
phys43199.physics.gatech.edu is reachable. -Wed Jan 31 17:30:04 2024
phys43199.physics.gatech.edu is reachable. -Wed Jan 31 17:45:04 2024
phys43199.physics.gatech.edu is reachable. -Wed Jan 31 18:00:05 2024
phys43199.physics.gatech.edu is reachable. -Wed Jan 31 18:15:04 2024
phys43199.physics.gatech.edu is reachable. -Wed Jan 31 18:30:05 2024
phys43199.physics.gatech.edu is reachable. -Wed Jan 31 18:45:04 2024
phys43199.physics.gatech.edu is reachable. -Wed Jan 31 19:00:05 2024
phys43199.physics.gatech.edu is reachable. -Wed Jan 31 19:15:05 2024
phys43199.physics.gatech.edu is reachable. -Wed Jan 31 19:30:04 2024
phys43199.physics.gatech.edu is reachable. -Wed Jan 31 19:45:05 2024
phys43199.physics.gatech.edu is reachable. -Wed Jan 31 20:00:04 2024
phys43199.physics.gatech.edu is reachable. -Wed Jan 31 20:15:05 2024
phys43199.physics.gatech.edu is reachable. -Wed Jan 31 20:30:04 2024
phys43199.physics.gatech.edu is reachable. -Wed Jan 31 20:45:04 2024
phys43199.physics.gatech.edu is reachable. -Wed Jan 31 21:00:05 2024
phys43199.physics.gatech.edu is reachable. -Wed Jan 31 21:15:04 2024
phys43199.physics.gatech.edu is reachable. -Wed Jan 31 21:30:05 2024
phys43199.physics.gatech.edu is reachable. -Wed Jan 31 21:45:04 2024
phys43199.physics.gatech.edu is reachable. -Wed Jan 31 22:00:04 2024
phys43199.physics.gatech.edu is reachable. -Wed Jan 31 22:15:05 2024
phys43199.physics.gatech.edu is reachable. -Wed Jan 31 22:30:04 2024
phys43199.physics.gatech.edu is reachable. -Wed Jan 31 22:45:05 2024
phys43199.physics.gatech.edu is reachable. -Wed Jan 31 23:00:04 2024
phys43199.physics.gatech.edu is reachable. -Wed Jan 31 23:15:05 2024
phys43199.physics.gatech.edu is reachable. -Wed Jan 31 23:30:04 2024
phys43199.physics.gatech.edu is reachable. -Wed Jan 31 23:45:05 2024
phys43199.physics.gatech.edu is reachable. -Thu Feb  1 00:00:04 2024
phys43199.physics.gatech.edu is reachable. -Thu Feb  1 00:15:04 2024
phys43199.physics.gatech.edu is reachable. -Thu Feb  1 00:30:04 2024
phys43199.physics.gatech.edu is reachable. -Thu Feb  1 00:45:04 2024
phys43199.physics.gatech.edu is reachable. -Thu Feb  1 01:00:05 2024
phys43199.physics.gatech.edu is reachable. -Thu Feb  1 01:15:04 2024
phys43199.physics.gatech.edu is reachable. -Thu Feb  1 01:30:05 2024
phys43199.physics.gatech.edu is reachable. -Thu Feb  1 01:45:04 2024
phys43199.physics.gatech.edu is reachable. -Thu Feb  1 02:00:05 2024
phys43199.physics.gatech.edu is reachable. -Thu Feb  1 02:15:04 2024
phys43199.physics.gatech.edu is reachable. -Thu Feb  1 02:30:04 2024
phys43199.physics.gatech.edu is reachable. -Thu Feb  1 02:45:04 2024
phys43199.physics.gatech.edu is reachable. -Thu Feb  1 03:00:04 2024
phys43199.physics.gatech.edu is reachable. -Thu Feb  1 03:15:05 2024
phys43199.physics.gatech.edu is reachable. -Thu Feb  1 03:30:04 2024
phys43199.physics.gatech.edu is reachable. -Thu Feb  1 03:45:05 2024
phys43199.physics.gatech.edu is reachable. -Thu Feb  1 04:00:04 2024
phys43199.physics.gatech.edu is reachable. -Thu Feb  1 04:15:05 2024
phys43199.physics.gatech.edu is reachable. -Thu Feb  1 04:30:04 2024
phys43199.physics.gatech.edu is reachable. -Thu Feb  1 04:45:05 2024
phys43199.physics.gatech.edu is reachable. -Thu Feb  1 05:00:04 2024
phys43199.physics.gatech.edu is reachable. -Thu Feb  1 05:15:05 2024
phys43199.physics.gatech.edu is reachable. -Thu Feb  1 05:30:04 2024
phys43199.physics.gatech.edu is reachable. -Thu Feb  1 05:45:04 2024
phys43199.physics.gatech.edu is reachable. -Thu Feb  1 06:00:04 2024
phys43199.physics.gatech.edu is reachable. -Thu Feb  1 06:15:04 2024
phys43199.physics.gatech.edu is reachable. -Thu Feb  1 06:30:05 2024
phys43199.physics.gatech.edu is reachable. -Thu Feb  1 06:45:04 2024
phys43199.physics.gatech.edu is reachable. -Thu Feb  1 07:00:05 2024
phys43199.physics.gatech.edu is reachable. -Thu Feb  1 07:15:04 2024
phys43199.physics.gatech.edu is reachable. -Thu Feb  1 07:30:05 2024
phys43199.physics.gatech.edu is reachable. -Thu Feb  1 07:45:04 2024
phys43199.physics.gatech.edu is reachable. -Thu Feb  1 08:00:05 2024
phys43199.physics.gatech.edu is reachable. -Thu Feb  1 08:15:04 2024
phys43199.physics.gatech.edu is reachable. -Thu Feb  1 08:30:04 2024
phys43199.physics.gatech.edu is reachable. -Thu Feb  1 08:45:04 2024
phys43199.physics.gatech.edu is reachable. -Thu Feb  1 09:00:04 2024
phys43199.physics.gatech.edu is reachable. -Thu Feb  1 09:15:05 2024
phys43199.physics.gatech.edu is reachable. -Thu Feb  1 09:30:04 2024
phys43199.physics.gatech.edu is reachable. -Thu Feb  1 09:45:05 2024
phys43199.physics.gatech.edu is reachable. -Thu Feb  1 10:00:04 2024
phys43199.physics.gatech.edu is reachable. -Thu Feb  1 10:15:05 2024
phys43199.physics.gatech.edu is reachable. -Thu Feb  1 10:30:04 2024
phys43199.physics.gatech.edu is reachable. -Thu Feb  1 10:45:05 2024
phys43199.physics.gatech.edu is reachable. -Thu Feb  1 11:00:04 2024
phys43199.physics.gatech.edu is reachable. -Thu Feb  1 11:15:05 2024
phys43199.physics.gatech.edu is reachable. -Thu Feb  1 11:30:04 2024
phys43199.physics.gatech.edu is reachable. -Thu Feb  1 11:45:04 2024
phys43199.physics.gatech.edu is reachable. -Thu Feb  1 12:00:05 2024
phys43199.physics.gatech.edu is reachable. -Thu Feb  1 12:15:04 2024
phys43199.physics.gatech.edu is reachable. -Thu Feb  1 12:30:05 2024
phys43199.physics.gatech.edu is reachable. -Thu Feb  1 12:45:04 2024
phys43199.physics.gatech.edu is reachable. -Thu Feb  1 13:00:05 2024
phys43199.physics.gatech.edu is reachable. -Thu Feb  1 13:15:04 2024
phys43199.physics.gatech.edu is reachable. -Thu Feb  1 13:30:04 2024
phys43199.physics.gatech.edu is reachable. -Thu Feb  1 13:45:04 2024
phys43199.physics.gatech.edu is reachable. -Thu Feb  1 14:00:04 2024
phys43199.physics.gatech.edu is reachable. -Thu Feb  1 14:15:04 2024
phys43199.physics.gatech.edu is reachable. -Thu Feb  1 14:30:04 2024
phys43199.physics.gatech.edu is reachable. -Thu Feb  1 14:45:05 2024
phys43199.physics.gatech.edu is reachable. -Thu Feb  1 15:00:04 2024
phys43199.physics.gatech.edu is reachable. -Thu Feb  1 15:15:05 2024
phys43199.physics.gatech.edu is reachable. -Thu Feb  1 15:30:04 2024
phys43199.physics.gatech.edu is reachable. -Thu Feb  1 15:45:05 2024
phys43199.physics.gatech.edu is reachable. -Thu Feb  1 16:00:04 2024
phys43199.physics.gatech.edu is reachable. -Thu Feb  1 16:15:05 2024
phys43199.physics.gatech.edu is reachable. -Thu Feb  1 16:30:04 2024
phys43199.physics.gatech.edu is reachable. -Thu Feb  1 16:45:04 2024
phys43199.physics.gatech.edu is reachable. -Thu Feb  1 17:00:05 2024
phys43199.physics.gatech.edu is reachable. -Thu Feb  1 17:15:04 2024
phys43199.physics.gatech.edu is reachable. -Thu Feb  1 17:30:05 2024
phys43199.physics.gatech.edu is reachable. -Thu Feb  1 17:45:04 2024
phys43199.physics.gatech.edu is reachable. -Thu Feb  1 18:00:05 2024
phys43199.physics.gatech.edu is reachable. -Thu Feb  1 18:15:04 2024
phys43199.physics.gatech.edu is reachable. -Thu Feb  1 18:30:05 2024
phys43199.physics.gatech.edu is reachable. -Thu Feb  1 18:45:04 2024
phys43199.physics.gatech.edu is reachable. -Thu Feb  1 19:00:05 2024
phys43199.physics.gatech.edu is reachable. -Thu Feb  1 19:15:04 2024
phys43199.physics.gatech.edu is reachable. -Thu Feb  1 19:30:04 2024
phys43199.physics.gatech.edu is reachable. -Thu Feb  1 19:45:04 2024
phys43199.physics.gatech.edu is reachable. -Thu Feb  1 20:00:04 2024
phys43199.physics.gatech.edu is reachable. -Thu Feb  1 20:15:05 2024
phys43199.physics.gatech.edu is reachable. -Thu Feb  1 20:30:04 2024
phys43199.physics.gatech.edu is reachable. -Thu Feb  1 20:45:05 2024
phys43199.physics.gatech.edu is reachable. -Thu Feb  1 21:00:04 2024
phys43199.physics.gatech.edu is reachable. -Thu Feb  1 21:15:04 2024
phys43199.physics.gatech.edu is reachable. -Thu Feb  1 21:30:04 2024
phys43199.physics.gatech.edu is reachable. -Thu Feb  1 21:45:04 2024
phys43199.physics.gatech.edu is reachable. -Thu Feb  1 22:00:04 2024
phys43199.physics.gatech.edu is reachable. -Thu Feb  1 22:15:04 2024
phys43199.physics.gatech.edu is reachable. -Thu Feb  1 22:30:05 2024
phys43199.physics.gatech.edu is reachable. -Thu Feb  1 22:45:04 2024
phys43199.physics.gatech.edu is reachable. -Thu Feb  1 23:00:05 2024
phys43199.physics.gatech.edu is reachable. -Thu Feb  1 23:15:04 2024
phys43199.physics.gatech.edu is reachable. -Thu Feb  1 23:30:05 2024
phys43199.physics.gatech.edu is reachable. -Thu Feb  1 23:45:04 2024
phys43199.physics.gatech.edu is reachable. -Fri Feb  2 00:00:05 2024
phys43199.physics.gatech.edu is reachable. -Fri Feb  2 00:15:04 2024
phys43199.physics.gatech.edu is reachable. -Fri Feb  2 00:30:04 2024
phys43199.physics.gatech.edu is reachable. -Fri Feb  2 00:45:04 2024
phys43199.physics.gatech.edu is reachable. -Fri Feb  2 01:00:04 2024
phys43199.physics.gatech.edu is reachable. -Fri Feb  2 01:15:05 2024
phys43199.physics.gatech.edu is reachable. -Fri Feb  2 01:30:04 2024
phys43199.physics.gatech.edu is reachable. -Fri Feb  2 01:45:05 2024
phys43199.physics.gatech.edu is reachable. -Fri Feb  2 02:00:04 2024
phys43199.physics.gatech.edu is reachable. -Fri Feb  2 02:15:05 2024
phys43199.physics.gatech.edu is reachable. -Fri Feb  2 02:30:04 2024
phys43199.physics.gatech.edu is reachable. -Fri Feb  2 02:45:05 2024
phys43199.physics.gatech.edu is reachable. -Fri Feb  2 03:00:04 2024
phys43199.physics.gatech.edu is reachable. -Fri Feb  2 03:15:05 2024
phys43199.physics.gatech.edu is reachable. -Fri Feb  2 03:30:04 2024
phys43199.physics.gatech.edu is reachable. -Fri Feb  2 03:45:05 2024
phys43199.physics.gatech.edu is reachable. -Fri Feb  2 04:00:04 2024
phys43199.physics.gatech.edu is reachable. -Fri Feb  2 04:15:05 2024
phys43199.physics.gatech.edu is reachable. -Fri Feb  2 04:30:04 2024
phys43199.physics.gatech.edu is reachable. -Fri Feb  2 04:45:04 2024
phys43199.physics.gatech.edu is reachable. -Fri Feb  2 05:00:04 2024
phys43199.physics.gatech.edu is reachable. -Fri Feb  2 05:15:04 2024
phys43199.physics.gatech.edu is reachable. -Fri Feb  2 05:30:05 2024
phys43199.physics.gatech.edu is reachable. -Fri Feb  2 05:45:04 2024
phys43199.physics.gatech.edu is reachable. -Fri Feb  2 06:00:05 2024
phys43199.physics.gatech.edu is reachable. -Fri Feb  2 06:15:04 2024
phys43199.physics.gatech.edu is reachable. -Fri Feb  2 06:30:05 2024
phys43199.physics.gatech.edu is reachable. -Fri Feb  2 06:45:04 2024
phys43199.physics.gatech.edu is reachable. -Fri Feb  2 07:00:05 2024
phys43199.physics.gatech.edu is reachable. -Fri Feb  2 07:15:04 2024
phys43199.physics.gatech.edu is reachable. -Fri Feb  2 07:30:05 2024
phys43199.physics.gatech.edu is reachable. -Fri Feb  2 07:45:04 2024
phys43199.physics.gatech.edu is reachable. -Fri Feb  2 08:00:04 2024
phys43199.physics.gatech.edu is reachable. -Fri Feb  2 08:15:05 2024
phys43199.physics.gatech.edu is reachable. -Fri Feb  2 08:30:04 2024
phys43199.physics.gatech.edu is reachable. -Fri Feb  2 08:45:05 2024
phys43199.physics.gatech.edu is reachable. -Fri Feb  2 09:00:04 2024
phys43199.physics.gatech.edu is reachable. -Fri Feb  2 09:15:04 2024
phys43199.physics.gatech.edu is reachable. -Fri Feb  2 09:30:04 2024
phys43199.physics.gatech.edu is reachable. -Fri Feb  2 09:45:04 2024
phys43199.physics.gatech.edu is reachable. -Fri Feb  2 10:00:04 2024
phys43199.physics.gatech.edu is reachable. -Fri Feb  2 10:15:04 2024
phys43199.physics.gatech.edu is reachable. -Fri Feb  2 10:30:05 2024
phys43199.physics.gatech.edu is reachable. -Fri Feb  2 10:45:04 2024
phys43199.physics.gatech.edu is reachable. -Fri Feb  2 11:00:04 2024
phys43199.physics.gatech.edu is reachable. -Fri Feb  2 11:15:04 2024
phys43199.physics.gatech.edu is reachable. -Fri Feb  2 11:30:04 2024
phys43199.physics.gatech.edu is reachable. -Fri Feb  2 11:45:05 2024
phys43199.physics.gatech.edu is reachable. -Fri Feb  2 12:00:04 2024
phys43199.physics.gatech.edu is reachable. -Fri Feb  2 12:15:05 2024
phys43199.physics.gatech.edu is reachable. -Fri Feb  2 12:30:04 2024
phys43199.physics.gatech.edu is reachable. -Fri Feb  2 12:45:05 2024
phys43199.physics.gatech.edu is reachable. -Fri Feb  2 13:00:04 2024
phys43199.physics.gatech.edu is reachable. -Fri Feb  2 13:15:04 2024
phys43199.physics.gatech.edu is reachable. -Fri Feb  2 13:30:05 2024
phys43199.physics.gatech.edu is reachable. -Fri Feb  2 13:45:04 2024
phys43199.physics.gatech.edu is reachable. -Fri Feb  2 14:00:05 2024
phys43199.physics.gatech.edu is reachable. -Fri Feb  2 14:15:04 2024
phys43199.physics.gatech.edu is reachable. -Fri Feb  2 14:30:05 2024
phys43199.physics.gatech.edu is reachable. -Fri Feb  2 14:45:04 2024
phys43199.physics.gatech.edu is reachable. -Fri Feb  2 15:00:05 2024
phys43199.physics.gatech.edu is reachable. -Fri Feb  2 15:15:04 2024
phys43199.physics.gatech.edu is reachable. -Fri Feb  2 15:30:05 2024
phys43199.physics.gatech.edu is reachable. -Fri Feb  2 15:45:04 2024
phys43199.physics.gatech.edu is reachable. -Fri Feb  2 16:00:04 2024
phys43199.physics.gatech.edu is reachable. -Fri Feb  2 16:15:04 2024
phys43199.physics.gatech.edu is reachable. -Fri Feb  2 16:30:04 2024
phys43199.physics.gatech.edu is reachable. -Fri Feb  2 16:45:05 2024
phys43199.physics.gatech.edu is reachable. -Fri Feb  2 17:00:04 2024
phys43199.physics.gatech.edu is reachable. -Fri Feb  2 17:15:05 2024
phys43199.physics.gatech.edu is reachable. -Fri Feb  2 17:30:04 2024
phys43199.physics.gatech.edu is reachable. -Fri Feb  2 17:45:05 2024
phys43199.physics.gatech.edu is reachable. -Fri Feb  2 18:00:04 2024
phys43199.physics.gatech.edu is reachable. -Fri Feb  2 18:15:05 2024
phys43199.physics.gatech.edu is reachable. -Fri Feb  2 18:30:04 2024
phys43199.physics.gatech.edu is reachable. -Fri Feb  2 18:45:04 2024
phys43199.physics.gatech.edu is reachable. -Fri Feb  2 19:00:04 2024
phys43199.physics.gatech.edu is reachable. -Fri Feb  2 19:15:04 2024
phys43199.physics.gatech.edu is reachable. -Fri Feb  2 19:30:05 2024
phys43199.physics.gatech.edu is reachable. -Fri Feb  2 19:45:04 2024
phys43199.physics.gatech.edu is reachable. -Fri Feb  2 20:00:05 2024
phys43199.physics.gatech.edu is reachable. -Fri Feb  2 20:15:04 2024
phys43199.physics.gatech.edu is reachable. -Fri Feb  2 20:30:05 2024
phys43199.physics.gatech.edu is reachable. -Fri Feb  2 20:45:04 2024
phys43199.physics.gatech.edu is reachable. -Fri Feb  2 21:00:04 2024
phys43199.physics.gatech.edu is reachable. -Fri Feb  2 21:15:05 2024
phys43199.physics.gatech.edu is reachable. -Fri Feb  2 21:30:04 2024
phys43199.physics.gatech.edu is reachable. -Fri Feb  2 21:45:05 2024
phys43199.physics.gatech.edu is reachable. -Fri Feb  2 22:00:04 2024
phys43199.physics.gatech.edu is reachable. -Fri Feb  2 22:15:05 2024
phys43199.physics.gatech.edu is reachable. -Fri Feb  2 22:30:04 2024
phys43199.physics.gatech.edu is reachable. -Fri Feb  2 22:45:04 2024
phys43199.physics.gatech.edu is reachable. -Fri Feb  2 23:00:04 2024
phys43199.physics.gatech.edu is reachable. -Fri Feb  2 23:15:04 2024
phys43199.physics.gatech.edu is reachable. -Fri Feb  2 23:30:05 2024
phys43199.physics.gatech.edu is reachable. -Fri Feb  2 23:45:04 2024
phys43199.physics.gatech.edu is reachable. -Sat Feb  3 00:00:05 2024
phys43199.physics.gatech.edu is reachable. -Sat Feb  3 00:15:04 2024
phys43199.physics.gatech.edu is reachable. -Sat Feb  3 00:30:05 2024
phys43199.physics.gatech.edu is reachable. -Sat Feb  3 00:45:04 2024
phys43199.physics.gatech.edu is reachable. -Sat Feb  3 01:00:05 2024
phys43199.physics.gatech.edu is reachable. -Sat Feb  3 01:15:04 2024
phys43199.physics.gatech.edu is reachable. -Sat Feb  3 01:30:04 2024
phys43199.physics.gatech.edu is reachable. -Sat Feb  3 01:45:04 2024
phys43199.physics.gatech.edu is reachable. -Sat Feb  3 02:00:04 2024
phys43199.physics.gatech.edu is reachable. -Sat Feb  3 02:15:04 2024
phys43199.physics.gatech.edu is reachable. -Sat Feb  3 02:30:04 2024
phys43199.physics.gatech.edu is reachable. -Sat Feb  3 02:45:05 2024
phys43199.physics.gatech.edu is reachable. -Sat Feb  3 03:00:04 2024
phys43199.physics.gatech.edu is reachable. -Sat Feb  3 03:15:05 2024
phys43199.physics.gatech.edu is reachable. -Sat Feb  3 03:30:04 2024
phys43199.physics.gatech.edu is reachable. -Sat Feb  3 03:45:05 2024
phys43199.physics.gatech.edu is reachable. -Sat Feb  3 04:00:04 2024
phys43199.physics.gatech.edu is reachable. -Sat Feb  3 04:15:04 2024
phys43199.physics.gatech.edu is reachable. -Sat Feb  3 04:30:04 2024
phys43199.physics.gatech.edu is reachable. -Sat Feb  3 04:45:04 2024
phys43199.physics.gatech.edu is reachable. -Sat Feb  3 05:00:04 2024
phys43199.physics.gatech.edu is reachable. -Sat Feb  3 05:15:04 2024
phys43199.physics.gatech.edu is reachable. -Sat Feb  3 05:30:04 2024
phys43199.physics.gatech.edu is reachable. -Sat Feb  3 05:45:04 2024
phys43199.physics.gatech.edu is reachable. -Sat Feb  3 06:00:05 2024
phys43199.physics.gatech.edu is reachable. -Sat Feb  3 06:15:04 2024
phys43199.physics.gatech.edu is reachable. -Sat Feb  3 06:30:05 2024
phys43199.physics.gatech.edu is reachable. -Sat Feb  3 06:45:04 2024
phys43199.physics.gatech.edu is reachable. -Sat Feb  3 07:00:04 2024
phys43199.physics.gatech.edu is reachable. -Sat Feb  3 07:15:05 2024
phys43199.physics.gatech.edu is reachable. -Sat Feb  3 07:30:04 2024
phys43199.physics.gatech.edu is reachable. -Sat Feb  3 07:45:05 2024
phys43199.physics.gatech.edu is reachable. -Sat Feb  3 08:00:04 2024
phys43199.physics.gatech.edu is reachable. -Sat Feb  3 08:15:05 2024
phys43199.physics.gatech.edu is reachable. -Sat Feb  3 08:30:04 2024
phys43199.physics.gatech.edu is reachable. -Sat Feb  3 08:45:05 2024
phys43199.physics.gatech.edu is reachable. -Sat Feb  3 09:00:04 2024
phys43199.physics.gatech.edu is reachable. -Sat Feb  3 09:15:04 2024
phys43199.physics.gatech.edu is reachable. -Sat Feb  3 09:30:04 2024
phys43199.physics.gatech.edu is reachable. -Sat Feb  3 09:45:04 2024
phys43199.physics.gatech.edu is reachable. -Sat Feb  3 10:00:04 2024
phys43199.physics.gatech.edu is reachable. -Sat Feb  3 10:15:04 2024
phys43199.physics.gatech.edu is reachable. -Sat Feb  3 10:30:05 2024
phys43199.physics.gatech.edu is reachable. -Sat Feb  3 10:45:04 2024
phys43199.physics.gatech.edu is reachable. -Sat Feb  3 11:00:05 2024
phys43199.physics.gatech.edu is reachable. -Sat Feb  3 11:15:04 2024
phys43199.physics.gatech.edu is reachable. -Sat Feb  3 11:30:05 2024
phys43199.physics.gatech.edu is reachable. -Sat Feb  3 11:45:04 2024
phys43199.physics.gatech.edu is reachable. -Sat Feb  3 12:00:05 2024
phys43199.physics.gatech.edu is reachable. -Sat Feb  3 12:15:04 2024
phys43199.physics.gatech.edu is reachable. -Sat Feb  3 12:30:05 2024
phys43199.physics.gatech.edu is reachable. -Sat Feb  3 12:45:04 2024
phys43199.physics.gatech.edu is reachable. -Sat Feb  3 13:00:04 2024
phys43199.physics.gatech.edu is reachable. -Sat Feb  3 13:15:04 2024
phys43199.physics.gatech.edu is reachable. -Sat Feb  3 13:30:04 2024
phys43199.physics.gatech.edu is reachable. -Sat Feb  3 13:45:05 2024
phys43199.physics.gatech.edu is reachable. -Sat Feb  3 14:00:04 2024
phys43199.physics.gatech.edu is reachable. -Sat Feb  3 14:15:05 2024
phys43199.physics.gatech.edu is reachable. -Sat Feb  3 14:30:04 2024
phys43199.physics.gatech.edu is reachable. -Sat Feb  3 14:45:05 2024
phys43199.physics.gatech.edu is reachable. -Sat Feb  3 15:00:04 2024
phys43199.physics.gatech.edu is reachable. -Sat Feb  3 15:15:04 2024
phys43199.physics.gatech.edu is reachable. -Sat Feb  3 15:30:04 2024
phys43199.physics.gatech.edu is reachable. -Sat Feb  3 15:45:04 2024
phys43199.physics.gatech.edu is reachable. -Sat Feb  3 16:00:05 2024
phys43199.physics.gatech.edu is reachable. -Sat Feb  3 16:15:04 2024
phys43199.physics.gatech.edu is reachable. -Sat Feb  3 16:30:05 2024
phys43199.physics.gatech.edu is reachable. -Sat Feb  3 16:45:04 2024
phys43199.physics.gatech.edu is reachable. -Sat Feb  3 17:00:05 2024
phys43199.physics.gatech.edu is reachable. -Sat Feb  3 17:15:04 2024
phys43199.physics.gatech.edu is reachable. -Sat Feb  3 17:30:04 2024
phys43199.physics.gatech.edu is reachable. -Sat Feb  3 17:45:04 2024
phys43199.physics.gatech.edu is reachable. -Sat Feb  3 18:00:04 2024
phys43199.physics.gatech.edu is reachable. -Sat Feb  3 18:15:04 2024
phys43199.physics.gatech.edu is reachable. -Sat Feb  3 18:30:04 2024
phys43199.physics.gatech.edu is reachable. -Sat Feb  3 18:45:05 2024
phys43199.physics.gatech.edu is reachable. -Sat Feb  3 19:00:04 2024
phys43199.physics.gatech.edu is reachable. -Sat Feb  3 19:15:05 2024
phys43199.physics.gatech.edu is reachable. -Sat Feb  3 19:30:04 2024
phys43199.physics.gatech.edu is reachable. -Sat Feb  3 19:45:04 2024
phys43199.physics.gatech.edu is reachable. -Sat Feb  3 20:00:04 2024
phys43199.physics.gatech.edu is reachable. -Sat Feb  3 20:15:05 2024
phys43199.physics.gatech.edu is reachable. -Sat Feb  3 20:30:04 2024
phys43199.physics.gatech.edu is reachable. -Sat Feb  3 20:45:05 2024
phys43199.physics.gatech.edu is reachable. -Sat Feb  3 21:00:04 2024
phys43199.physics.gatech.edu is reachable. -Sat Feb  3 21:15:05 2024
phys43199.physics.gatech.edu is reachable. -Sat Feb  3 21:30:04 2024
phys43199.physics.gatech.edu is reachable. -Sat Feb  3 21:45:05 2024
phys43199.physics.gatech.edu is reachable. -Sat Feb  3 22:00:04 2024
phys43199.physics.gatech.edu is reachable. -Sat Feb  3 22:15:04 2024
phys43199.physics.gatech.edu is reachable. -Sat Feb  3 22:30:04 2024
phys43199.physics.gatech.edu is reachable. -Sat Feb  3 22:45:04 2024
phys43199.physics.gatech.edu is reachable. -Sat Feb  3 23:00:05 2024
phys43199.physics.gatech.edu is reachable. -Sat Feb  3 23:15:04 2024
phys43199.physics.gatech.edu is reachable. -Sat Feb  3 23:30:05 2024
phys43199.physics.gatech.edu is reachable. -Sat Feb  3 23:45:04 2024
phys43199.physics.gatech.edu is reachable. -Sun Feb  4 00:00:05 2024
phys43199.physics.gatech.edu is reachable. -Sun Feb  4 00:15:04 2024
phys43199.physics.gatech.edu is reachable. -Sun Feb  4 00:30:04 2024
phys43199.physics.gatech.edu is reachable. -Sun Feb  4 00:45:04 2024
phys43199.physics.gatech.edu is reachable. -Sun Feb  4 01:00:04 2024
phys43199.physics.gatech.edu is reachable. -Sun Feb  4 01:15:05 2024
phys43199.physics.gatech.edu is reachable. -Sun Feb  4 01:30:04 2024
phys43199.physics.gatech.edu is reachable. -Sun Feb  4 01:45:05 2024
phys43199.physics.gatech.edu is reachable. -Sun Feb  4 02:00:04 2024
phys43199.physics.gatech.edu is reachable. -Sun Feb  4 02:15:05 2024
phys43199.physics.gatech.edu is reachable. -Sun Feb  4 02:30:04 2024
phys43199.physics.gatech.edu is reachable. -Sun Feb  4 02:45:05 2024
phys43199.physics.gatech.edu is reachable. -Sun Feb  4 03:00:04 2024
phys43199.physics.gatech.edu is reachable. -Sun Feb  4 03:15:05 2024
phys43199.physics.gatech.edu is reachable. -Sun Feb  4 03:30:04 2024
phys43199.physics.gatech.edu is reachable. -Sun Feb  4 03:45:05 2024
phys43199.physics.gatech.edu is reachable. -Sun Feb  4 04:00:04 2024
phys43199.physics.gatech.edu is reachable. -Sun Feb  4 04:15:05 2024
phys43199.physics.gatech.edu is reachable. -Sun Feb  4 04:30:04 2024
phys43199.physics.gatech.edu is reachable. -Sun Feb  4 04:45:04 2024
phys43199.physics.gatech.edu is reachable. -Sun Feb  4 05:00:04 2024
phys43199.physics.gatech.edu is reachable. -Sun Feb  4 05:15:04 2024
phys43199.physics.gatech.edu is reachable. -Sun Feb  4 05:30:05 2024
phys43199.physics.gatech.edu is reachable. -Sun Feb  4 05:45:04 2024
phys43199.physics.gatech.edu is reachable. -Sun Feb  4 06:00:05 2024
phys43199.physics.gatech.edu is reachable. -Sun Feb  4 06:15:04 2024
phys43199.physics.gatech.edu is reachable. -Sun Feb  4 06:30:04 2024
phys43199.physics.gatech.edu is reachable. -Sun Feb  4 06:45:04 2024
phys43199.physics.gatech.edu is reachable. -Sun Feb  4 07:00:04 2024
phys43199.physics.gatech.edu is reachable. -Sun Feb  4 07:15:05 2024
phys43199.physics.gatech.edu is reachable. -Sun Feb  4 07:30:04 2024
phys43199.physics.gatech.edu is reachable. -Sun Feb  4 07:45:05 2024
phys43199.physics.gatech.edu is reachable. -Sun Feb  4 08:00:04 2024
phys43199.physics.gatech.edu is reachable. -Sun Feb  4 08:15:05 2024
phys43199.physics.gatech.edu is reachable. -Sun Feb  4 08:30:04 2024
phys43199.physics.gatech.edu is reachable. -Sun Feb  4 08:45:05 2024
phys43199.physics.gatech.edu is reachable. -Sun Feb  4 09:00:04 2024
phys43199.physics.gatech.edu is reachable. -Sun Feb  4 09:15:04 2024
phys43199.physics.gatech.edu is reachable. -Sun Feb  4 09:30:05 2024
phys43199.physics.gatech.edu is reachable. -Sun Feb  4 09:45:04 2024
phys43199.physics.gatech.edu is reachable. -Sun Feb  4 10:00:05 2024
phys43199.physics.gatech.edu is reachable. -Sun Feb  4 10:15:04 2024
phys43199.physics.gatech.edu is reachable. -Sun Feb  4 10:30:04 2024
phys43199.physics.gatech.edu is reachable. -Sun Feb  4 10:45:04 2024
phys43199.physics.gatech.edu is reachable. -Sun Feb  4 11:00:04 2024
phys43199.physics.gatech.edu is reachable. -Sun Feb  4 11:15:05 2024
phys43199.physics.gatech.edu is reachable. -Sun Feb  4 11:30:04 2024
phys43199.physics.gatech.edu is reachable. -Sun Feb  4 11:45:05 2024
phys43199.physics.gatech.edu is reachable. -Sun Feb  4 12:00:04 2024
phys43199.physics.gatech.edu is reachable. -Sun Feb  4 12:15:05 2024
phys43199.physics.gatech.edu is reachable. -Sun Feb  4 12:30:04 2024
phys43199.physics.gatech.edu is reachable. -Sun Feb  4 12:45:05 2024
phys43199.physics.gatech.edu is reachable. -Sun Feb  4 13:00:04 2024
phys43199.physics.gatech.edu is reachable. -Sun Feb  4 13:15:04 2024
phys43199.physics.gatech.edu is reachable. -Sun Feb  4 13:30:04 2024
phys43199.physics.gatech.edu is reachable. -Sun Feb  4 13:45:04 2024
phys43199.physics.gatech.edu is reachable. -Sun Feb  4 14:00:04 2024
phys43199.physics.gatech.edu is reachable. -Sun Feb  4 14:15:04 2024
phys43199.physics.gatech.edu is reachable. -Sun Feb  4 14:30:04 2024
phys43199.physics.gatech.edu is reachable. -Sun Feb  4 14:45:04 2024
phys43199.physics.gatech.edu is reachable. -Sun Feb  4 15:00:05 2024
phys43199.physics.gatech.edu is reachable. -Sun Feb  4 15:15:04 2024
phys43199.physics.gatech.edu is reachable. -Sun Feb  4 15:30:05 2024
phys43199.physics.gatech.edu is reachable. -Sun Feb  4 15:45:04 2024
phys43199.physics.gatech.edu is reachable. -Sun Feb  4 16:00:05 2024
phys43199.physics.gatech.edu is reachable. -Sun Feb  4 16:15:04 2024
phys43199.physics.gatech.edu is reachable. -Sun Feb  4 16:30:05 2024
phys43199.physics.gatech.edu is reachable. -Sun Feb  4 16:45:04 2024
phys43199.physics.gatech.edu is reachable. -Sun Feb  4 17:00:04 2024
phys43199.physics.gatech.edu is reachable. -Sun Feb  4 17:15:04 2024
phys43199.physics.gatech.edu is reachable. -Sun Feb  4 17:30:04 2024
phys43199.physics.gatech.edu is reachable. -Sun Feb  4 17:45:04 2024
phys43199.physics.gatech.edu is reachable. -Sun Feb  4 18:00:04 2024
phys43199.physics.gatech.edu is reachable. -Sun Feb  4 18:15:05 2024
phys43199.physics.gatech.edu is reachable. -Sun Feb  4 18:30:04 2024
phys43199.physics.gatech.edu is reachable. -Sun Feb  4 18:45:05 2024
phys43199.physics.gatech.edu is reachable. -Sun Feb  4 19:00:04 2024
phys43199.physics.gatech.edu is reachable. -Sun Feb  4 19:15:04 2024
phys43199.physics.gatech.edu is reachable. -Sun Feb  4 19:30:04 2024
phys43199.physics.gatech.edu is reachable. -Sun Feb  4 19:45:04 2024
phys43199.physics.gatech.edu is reachable. -Sun Feb  4 20:00:05 2024
phys43199.physics.gatech.edu is reachable. -Sun Feb  4 20:15:04 2024
phys43199.physics.gatech.edu is reachable. -Sun Feb  4 20:30:05 2024
phys43199.physics.gatech.edu is reachable. -Sun Feb  4 20:45:04 2024
phys43199.physics.gatech.edu is reachable. -Sun Feb  4 21:00:04 2024
phys43199.physics.gatech.edu is reachable. -Sun Feb  4 21:15:04 2024
phys43199.physics.gatech.edu is reachable. -Sun Feb  4 21:30:04 2024
phys43199.physics.gatech.edu is reachable. -Sun Feb  4 21:45:05 2024
phys43199.physics.gatech.edu is reachable. -Sun Feb  4 22:00:04 2024
phys43199.physics.gatech.edu is reachable. -Sun Feb  4 22:15:05 2024
phys43199.physics.gatech.edu is reachable. -Sun Feb  4 22:30:04 2024
phys43199.physics.gatech.edu is reachable. -Sun Feb  4 22:45:04 2024
phys43199.physics.gatech.edu is reachable. -Sun Feb  4 23:00:04 2024
phys43199.physics.gatech.edu is reachable. -Sun Feb  4 23:15:04 2024
phys43199.physics.gatech.edu is reachable. -Sun Feb  4 23:30:05 2024
phys43199.physics.gatech.edu is reachable. -Sun Feb  4 23:45:04 2024
phys43199.physics.gatech.edu is reachable. -Mon Feb  5 00:00:05 2024
phys43199.physics.gatech.edu is reachable. -Mon Feb  5 00:15:04 2024
phys43199.physics.gatech.edu is reachable. -Mon Feb  5 00:30:04 2024
phys43199.physics.gatech.edu is reachable. -Mon Feb  5 00:45:05 2024
phys43199.physics.gatech.edu is reachable. -Mon Feb  5 01:00:04 2024
phys43199.physics.gatech.edu is reachable. -Mon Feb  5 01:15:05 2024
phys43199.physics.gatech.edu is reachable. -Mon Feb  5 01:30:04 2024
phys43199.physics.gatech.edu is reachable. -Mon Feb  5 01:45:05 2024
phys43199.physics.gatech.edu is reachable. -Mon Feb  5 02:00:04 2024
phys43199.physics.gatech.edu is reachable. -Mon Feb  5 02:15:05 2024
phys43199.physics.gatech.edu is reachable. -Mon Feb  5 02:30:04 2024
phys43199.physics.gatech.edu is reachable. -Mon Feb  5 02:45:05 2024
phys43199.physics.gatech.edu is reachable. -Mon Feb  5 03:00:04 2024
phys43199.physics.gatech.edu is reachable. -Mon Feb  5 03:15:04 2024
phys43199.physics.gatech.edu is reachable. -Mon Feb  5 03:30:05 2024
phys43199.physics.gatech.edu is reachable. -Mon Feb  5 03:45:04 2024
phys43199.physics.gatech.edu is reachable. -Mon Feb  5 04:00:05 2024
phys43199.physics.gatech.edu is reachable. -Mon Feb  5 04:15:04 2024
phys43199.physics.gatech.edu is reachable. -Mon Feb  5 04:30:05 2024
phys43199.physics.gatech.edu is reachable. -Mon Feb  5 04:45:04 2024
phys43199.physics.gatech.edu is reachable. -Mon Feb  5 05:00:05 2024
phys43199.physics.gatech.edu is reachable. -Mon Feb  5 05:15:04 2024
phys43199.physics.gatech.edu is reachable. -Mon Feb  5 05:30:05 2024
phys43199.physics.gatech.edu is reachable. -Mon Feb  5 05:45:04 2024
phys43199.physics.gatech.edu is reachable. -Mon Feb  5 06:00:04 2024
phys43199.physics.gatech.edu is reachable. -Mon Feb  5 06:15:04 2024
phys43199.physics.gatech.edu is reachable. -Mon Feb  5 06:30:04 2024
phys43199.physics.gatech.edu is reachable. -Mon Feb  5 06:45:04 2024
phys43199.physics.gatech.edu is reachable. -Mon Feb  5 07:00:04 2024
phys43199.physics.gatech.edu is reachable. -Mon Feb  5 07:15:05 2024
phys43199.physics.gatech.edu is reachable. -Mon Feb  5 07:30:04 2024
phys43199.physics.gatech.edu is reachable. -Mon Feb  5 07:45:05 2024
phys43199.physics.gatech.edu is reachable. -Mon Feb  5 08:00:04 2024
phys43199.physics.gatech.edu is reachable. -Mon Feb  5 08:15:05 2024
phys43199.physics.gatech.edu is reachable. -Mon Feb  5 08:30:04 2024
phys43199.physics.gatech.edu is reachable. -Mon Feb  5 08:45:05 2024
phys43199.physics.gatech.edu is reachable. -Mon Feb  5 09:00:04 2024
phys43199.physics.gatech.edu is reachable. -Mon Feb  5 09:15:05 2024
phys43199.physics.gatech.edu is reachable. -Mon Feb  5 09:30:04 2024
phys43199.physics.gatech.edu is reachable. -Mon Feb  5 09:45:04 2024
phys43199.physics.gatech.edu is reachable. -Mon Feb  5 10:00:04 2024
phys43199.physics.gatech.edu is reachable. -Mon Feb  5 10:15:04 2024
phys43199.physics.gatech.edu is reachable. -Mon Feb  5 10:30:04 2024
phys43199.physics.gatech.edu is reachable. -Mon Feb  5 10:45:04 2024
phys43199.physics.gatech.edu is reachable. -Mon Feb  5 11:00:04 2024
phys43199.physics.gatech.edu is reachable. -Mon Feb  5 11:15:04 2024
phys43199.physics.gatech.edu is reachable. -Mon Feb  5 11:30:05 2024
phys43199.physics.gatech.edu is reachable. -Mon Feb  5 11:45:04 2024
phys43199.physics.gatech.edu is reachable. -Mon Feb  5 12:00:05 2024
phys43199.physics.gatech.edu is reachable. -Mon Feb  5 12:15:04 2024
phys43199.physics.gatech.edu is reachable. -Mon Feb  5 12:30:04 2024
phys43199.physics.gatech.edu is reachable. -Mon Feb  5 12:45:04 2024
phys43199.physics.gatech.edu is reachable. -Mon Feb  5 13:00:04 2024
phys43199.physics.gatech.edu is reachable. -Mon Feb  5 13:15:04 2024
phys43199.physics.gatech.edu is reachable. -Mon Feb  5 13:30:04 2024
phys43199.physics.gatech.edu is reachable. -Mon Feb  5 13:45:04 2024
phys43199.physics.gatech.edu is reachable. -Mon Feb  5 14:00:04 2024
phys43199.physics.gatech.edu is reachable. -Mon Feb  5 14:15:05 2024
phys43199.physics.gatech.edu is reachable. -Mon Feb  5 14:30:04 2024
phys43199.physics.gatech.edu is reachable. -Mon Feb  5 14:45:04 2024
phys43199.physics.gatech.edu is reachable. -Mon Feb  5 15:00:04 2024
phys43199.physics.gatech.edu is reachable. -Mon Feb  5 15:15:04 2024
phys43199.physics.gatech.edu is reachable. -Mon Feb  5 15:30:04 2024
phys43199.physics.gatech.edu is reachable. -Mon Feb  5 15:45:04 2024
phys43199.physics.gatech.edu is reachable. -Mon Feb  5 16:00:05 2024
phys43199.physics.gatech.edu is reachable. -Mon Feb  5 16:15:04 2024
phys43199.physics.gatech.edu is reachable. -Mon Feb  5 16:30:05 2024
phys43199.physics.gatech.edu is reachable. -Mon Feb  5 16:45:04 2024
phys43199.physics.gatech.edu is reachable. -Mon Feb  5 17:00:04 2024
phys43199.physics.gatech.edu is reachable. -Mon Feb  5 17:15:04 2024
phys43199.physics.gatech.edu is reachable. -Mon Feb  5 17:30:04 2024
phys43199.physics.gatech.edu is reachable. -Mon Feb  5 17:45:04 2024
phys43199.physics.gatech.edu is reachable. -Mon Feb  5 18:00:04 2024
phys43199.physics.gatech.edu is reachable. -Mon Feb  5 18:15:05 2024
phys43199.physics.gatech.edu is reachable. -Mon Feb  5 18:30:04 2024
phys43199.physics.gatech.edu is reachable. -Mon Feb  5 18:45:05 2024
phys43199.physics.gatech.edu is reachable. -Mon Feb  5 19:00:04 2024
phys43199.physics.gatech.edu is reachable. -Mon Feb  5 19:15:05 2024
phys43199.physics.gatech.edu is reachable. -Mon Feb  5 19:30:04 2024
phys43199.physics.gatech.edu is reachable. -Mon Feb  5 19:45:05 2024
phys43199.physics.gatech.edu is reachable. -Mon Feb  5 20:00:04 2024
phys43199.physics.gatech.edu is reachable. -Mon Feb  5 20:15:04 2024
phys43199.physics.gatech.edu is reachable. -Mon Feb  5 20:30:04 2024
phys43199.physics.gatech.edu is reachable. -Mon Feb  5 20:45:04 2024
phys43199.physics.gatech.edu is reachable. -Mon Feb  5 21:00:04 2024
phys43199.physics.gatech.edu is reachable. -Mon Feb  5 21:15:04 2024
phys43199.physics.gatech.edu is reachable. -Mon Feb  5 21:30:05 2024
phys43199.physics.gatech.edu is reachable. -Mon Feb  5 21:45:04 2024
phys43199.physics.gatech.edu is reachable. -Mon Feb  5 22:00:05 2024
phys43199.physics.gatech.edu is reachable. -Mon Feb  5 22:15:04 2024
phys43199.physics.gatech.edu is reachable. -Mon Feb  5 22:30:04 2024
phys43199.physics.gatech.edu is reachable. -Mon Feb  5 22:45:04 2024
phys43199.physics.gatech.edu is reachable. -Mon Feb  5 23:00:04 2024
phys43199.physics.gatech.edu is reachable. -Mon Feb  5 23:15:04 2024
phys43199.physics.gatech.edu is reachable. -Mon Feb  5 23:30:04 2024
phys43199.physics.gatech.edu is reachable. -Mon Feb  5 23:45:04 2024
phys43199.physics.gatech.edu is reachable. -Tue Feb  6 00:00:04 2024
phys43199.physics.gatech.edu is reachable. -Tue Feb  6 00:15:05 2024
phys43199.physics.gatech.edu is reachable. -Tue Feb  6 00:30:04 2024
phys43199.physics.gatech.edu is reachable. -Tue Feb  6 00:45:05 2024
phys43199.physics.gatech.edu is reachable. -Tue Feb  6 01:00:04 2024
phys43199.physics.gatech.edu is reachable. -Tue Feb  6 01:15:05 2024
phys43199.physics.gatech.edu is reachable. -Tue Feb  6 01:30:04 2024
phys43199.physics.gatech.edu is reachable. -Tue Feb  6 01:45:05 2024
phys43199.physics.gatech.edu is reachable. -Tue Feb  6 02:00:04 2024
phys43199.physics.gatech.edu is reachable. -Tue Feb  6 02:15:05 2024
phys43199.physics.gatech.edu is reachable. -Tue Feb  6 02:30:04 2024
phys43199.physics.gatech.edu is reachable. -Tue Feb  6 02:45:04 2024
phys43199.physics.gatech.edu is reachable. -Tue Feb  6 03:00:04 2024
phys43199.physics.gatech.edu is reachable. -Tue Feb  6 03:15:04 2024
phys43199.physics.gatech.edu is reachable. -Tue Feb  6 03:30:04 2024
phys43199.physics.gatech.edu is reachable. -Tue Feb  6 03:45:05 2024
phys43199.physics.gatech.edu is reachable. -Tue Feb  6 04:00:04 2024
phys43199.physics.gatech.edu is reachable. -Tue Feb  6 04:15:04 2024
phys43199.physics.gatech.edu is reachable. -Tue Feb  6 04:30:04 2024
phys43199.physics.gatech.edu is reachable. -Tue Feb  6 04:45:04 2024
phys43199.physics.gatech.edu is reachable. -Tue Feb  6 05:00:04 2024
phys43199.physics.gatech.edu is reachable. -Tue Feb  6 05:15:04 2024
phys43199.physics.gatech.edu is reachable. -Tue Feb  6 05:30:04 2024
phys43199.physics.gatech.edu is reachable. -Tue Feb  6 05:45:04 2024
phys43199.physics.gatech.edu is reachable. -Tue Feb  6 06:00:05 2024
phys43199.physics.gatech.edu is reachable. -Tue Feb  6 06:15:04 2024
phys43199.physics.gatech.edu is reachable. -Tue Feb  6 06:30:05 2024
phys43199.physics.gatech.edu is reachable. -Tue Feb  6 06:45:04 2024
phys43199.physics.gatech.edu is reachable. -Tue Feb  6 07:00:04 2024
phys43199.physics.gatech.edu is reachable. -Tue Feb  6 07:15:04 2024
phys43199.physics.gatech.edu is reachable. -Tue Feb  6 07:30:04 2024
phys43199.physics.gatech.edu is reachable. -Tue Feb  6 07:45:05 2024
phys43199.physics.gatech.edu is reachable. -Tue Feb  6 08:00:04 2024
phys43199.physics.gatech.edu is reachable. -Tue Feb  6 08:15:04 2024
phys43199.physics.gatech.edu is reachable. -Tue Feb  6 08:30:05 2024
phys43199.physics.gatech.edu is reachable. -Tue Feb  6 08:45:04 2024
phys43199.physics.gatech.edu is reachable. -Tue Feb  6 09:00:05 2024
phys43199.physics.gatech.edu is reachable. -Tue Feb  6 09:15:04 2024
phys43199.physics.gatech.edu is reachable. -Tue Feb  6 09:30:05 2024
phys43199.physics.gatech.edu is reachable. -Tue Feb  6 09:45:04 2024
phys43199.physics.gatech.edu is reachable. -Tue Feb  6 10:00:04 2024
phys43199.physics.gatech.edu is reachable. -Tue Feb  6 10:15:04 2024
phys43199.physics.gatech.edu is reachable. -Tue Feb  6 10:30:04 2024
phys43199.physics.gatech.edu is reachable. -Tue Feb  6 10:45:05 2024
phys43199.physics.gatech.edu is reachable. -Tue Feb  6 11:00:04 2024
phys43199.physics.gatech.edu is reachable. -Tue Feb  6 11:15:05 2024
phys43199.physics.gatech.edu is reachable. -Tue Feb  6 11:30:04 2024
phys43199.physics.gatech.edu is reachable. -Tue Feb  6 11:45:04 2024
phys43199.physics.gatech.edu is reachable. -Tue Feb  6 12:00:04 2024
phys43199.physics.gatech.edu is reachable. -Tue Feb  6 12:15:04 2024
phys43199.physics.gatech.edu is reachable. -Tue Feb  6 12:30:05 2024
phys43199.physics.gatech.edu is reachable. -Tue Feb  6 12:45:04 2024
phys43199.physics.gatech.edu is reachable. -Tue Feb  6 13:00:05 2024
phys43199.physics.gatech.edu is reachable. -Tue Feb  6 13:15:04 2024
phys43199.physics.gatech.edu is reachable. -Tue Feb  6 13:30:04 2024
phys43199.physics.gatech.edu is reachable. -Tue Feb  6 13:45:04 2024
phys43199.physics.gatech.edu is reachable. -Tue Feb  6 14:00:05 2024
phys43199.physics.gatech.edu is reachable. -Tue Feb  6 14:15:04 2024
phys43199.physics.gatech.edu is reachable. -Tue Feb  6 14:30:04 2024
phys43199.physics.gatech.edu is reachable. -Tue Feb  6 14:45:04 2024
phys43199.physics.gatech.edu is reachable. -Tue Feb  6 15:00:04 2024
phys43199.physics.gatech.edu is reachable. -Tue Feb  6 15:15:04 2024
phys43199.physics.gatech.edu is reachable. -Tue Feb  6 15:30:04 2024
phys43199.physics.gatech.edu is reachable. -Tue Feb  6 15:45:04 2024
phys43199.physics.gatech.edu is reachable. -Tue Feb  6 16:00:04 2024
phys43199.physics.gatech.edu is reachable. -Tue Feb  6 16:15:04 2024
phys43199.physics.gatech.edu is reachable. -Tue Feb  6 16:30:04 2024
phys43199.physics.gatech.edu is reachable. -Tue Feb  6 16:45:05 2024
phys43199.physics.gatech.edu is reachable. -Tue Feb  6 17:00:04 2024
phys43199.physics.gatech.edu is reachable. -Tue Feb  6 17:15:05 2024
phys43199.physics.gatech.edu is reachable. -Tue Feb  6 17:30:04 2024
phys43199.physics.gatech.edu is reachable. -Tue Feb  6 17:45:05 2024
phys43199.physics.gatech.edu is reachable. -Tue Feb  6 18:00:04 2024
phys43199.physics.gatech.edu is reachable. -Tue Feb  6 18:15:05 2024
phys43199.physics.gatech.edu is reachable. -Tue Feb  6 18:30:04 2024
phys43199.physics.gatech.edu is reachable. -Tue Feb  6 18:45:05 2024
phys43199.physics.gatech.edu is reachable. -Tue Feb  6 19:00:04 2024
phys43199.physics.gatech.edu is reachable. -Tue Feb  6 19:15:05 2024
phys43199.physics.gatech.edu is reachable. -Tue Feb  6 19:30:04 2024
phys43199.physics.gatech.edu is reachable. -Tue Feb  6 19:45:04 2024
phys43199.physics.gatech.edu is reachable. -Tue Feb  6 20:00:05 2024
phys43199.physics.gatech.edu is reachable. -Tue Feb  6 20:15:04 2024
phys43199.physics.gatech.edu is reachable. -Tue Feb  6 20:30:05 2024
phys43199.physics.gatech.edu is reachable. -Tue Feb  6 20:45:04 2024
phys43199.physics.gatech.edu is reachable. -Tue Feb  6 21:00:05 2024
phys43199.physics.gatech.edu is reachable. -Tue Feb  6 21:15:04 2024
phys43199.physics.gatech.edu is reachable. -Tue Feb  6 21:30:05 2024
phys43199.physics.gatech.edu is reachable. -Tue Feb  6 21:45:04 2024
phys43199.physics.gatech.edu is reachable. -Tue Feb  6 22:00:04 2024
phys43199.physics.gatech.edu is reachable. -Tue Feb  6 22:15:05 2024
phys43199.physics.gatech.edu is reachable. -Tue Feb  6 22:30:04 2024
phys43199.physics.gatech.edu is reachable. -Tue Feb  6 22:45:05 2024
phys43199.physics.gatech.edu is reachable. -Tue Feb  6 23:00:04 2024
phys43199.physics.gatech.edu is reachable. -Tue Feb  6 23:15:05 2024
phys43199.physics.gatech.edu is reachable. -Tue Feb  6 23:30:04 2024
phys43199.physics.gatech.edu is reachable. -Tue Feb  6 23:45:05 2024
phys43199.physics.gatech.edu is reachable. -Wed Feb  7 00:00:04 2024
phys43199.physics.gatech.edu is reachable. -Wed Feb  7 00:15:04 2024
phys43199.physics.gatech.edu is reachable. -Wed Feb  7 00:30:05 2024
phys43199.physics.gatech.edu is reachable. -Wed Feb  7 00:45:04 2024
phys43199.physics.gatech.edu is reachable. -Wed Feb  7 01:00:05 2024
phys43199.physics.gatech.edu is reachable. -Wed Feb  7 01:15:04 2024
phys43199.physics.gatech.edu is reachable. -Wed Feb  7 01:30:05 2024
phys43199.physics.gatech.edu is reachable. -Wed Feb  7 01:45:04 2024
phys43199.physics.gatech.edu is reachable. -Wed Feb  7 02:00:04 2024
phys43199.physics.gatech.edu is reachable. -Wed Feb  7 02:15:04 2024
phys43199.physics.gatech.edu is reachable. -Wed Feb  7 02:30:04 2024
phys43199.physics.gatech.edu is reachable. -Wed Feb  7 02:45:04 2024
phys43199.physics.gatech.edu is reachable. -Wed Feb  7 03:00:04 2024
phys43199.physics.gatech.edu is reachable. -Wed Feb  7 03:15:04 2024
phys43199.physics.gatech.edu is reachable. -Wed Feb  7 03:30:04 2024
phys43199.physics.gatech.edu is reachable. -Wed Feb  7 03:45:04 2024
phys43199.physics.gatech.edu is reachable. -Wed Feb  7 04:00:04 2024
phys43199.physics.gatech.edu is reachable. -Wed Feb  7 04:15:05 2024
phys43199.physics.gatech.edu is reachable. -Wed Feb  7 04:30:04 2024
phys43199.physics.gatech.edu is reachable. -Wed Feb  7 04:45:05 2024
phys43199.physics.gatech.edu is reachable. -Wed Feb  7 05:00:04 2024
phys43199.physics.gatech.edu is reachable. -Wed Feb  7 05:15:05 2024
phys43199.physics.gatech.edu is reachable. -Wed Feb  7 05:30:04 2024
phys43199.physics.gatech.edu is reachable. -Wed Feb  7 05:45:05 2024
phys43199.physics.gatech.edu is reachable. -Wed Feb  7 06:00:04 2024
phys43199.physics.gatech.edu is reachable. -Wed Feb  7 06:15:05 2024
phys43199.physics.gatech.edu is reachable. -Wed Feb  7 06:30:04 2024
phys43199.physics.gatech.edu is reachable. -Wed Feb  7 06:45:04 2024
phys43199.physics.gatech.edu is reachable. -Wed Feb  7 07:00:05 2024
phys43199.physics.gatech.edu is reachable. -Wed Feb  7 07:15:04 2024
phys43199.physics.gatech.edu is reachable. -Wed Feb  7 07:30:05 2024
phys43199.physics.gatech.edu is reachable. -Wed Feb  7 07:45:04 2024
phys43199.physics.gatech.edu is reachable. -Wed Feb  7 08:00:05 2024
phys43199.physics.gatech.edu is reachable. -Wed Feb  7 08:15:04 2024
phys43199.physics.gatech.edu is reachable. -Wed Feb  7 08:30:05 2024
phys43199.physics.gatech.edu is reachable. -Wed Feb  7 08:45:04 2024
phys43199.physics.gatech.edu is reachable. -Wed Feb  7 09:00:05 2024
phys43199.physics.gatech.edu is reachable. -Wed Feb  7 09:15:04 2024
phys43199.physics.gatech.edu is reachable. -Wed Feb  7 09:30:04 2024
phys43199.physics.gatech.edu is reachable. -Wed Feb  7 09:45:05 2024
phys43199.physics.gatech.edu is reachable. -Wed Feb  7 10:00:04 2024
phys43199.physics.gatech.edu is reachable. -Wed Feb  7 10:15:05 2024
phys43199.physics.gatech.edu is reachable. -Wed Feb  7 10:30:04 2024
phys43199.physics.gatech.edu is reachable. -Wed Feb  7 10:45:05 2024
phys43199.physics.gatech.edu is reachable. -Wed Feb  7 11:00:04 2024
phys43199.physics.gatech.edu is reachable. -Wed Feb  7 11:15:04 2024
phys43199.physics.gatech.edu is reachable. -Wed Feb  7 11:30:05 2024
phys43199.physics.gatech.edu is reachable. -Wed Feb  7 11:45:04 2024
phys43199.physics.gatech.edu is reachable. -Wed Feb  7 12:00:05 2024
phys43199.physics.gatech.edu is reachable. -Wed Feb  7 12:15:04 2024
phys43199.physics.gatech.edu is reachable. -Wed Feb  7 12:30:04 2024
phys43199.physics.gatech.edu is reachable. -Wed Feb  7 12:45:05 2024
phys43199.physics.gatech.edu is reachable. -Wed Feb  7 13:00:04 2024
phys43199.physics.gatech.edu is reachable. -Wed Feb  7 13:15:04 2024
phys43199.physics.gatech.edu is reachable. -Wed Feb  7 13:30:04 2024
phys43199.physics.gatech.edu is reachable. -Wed Feb  7 13:45:04 2024
phys43199.physics.gatech.edu is reachable. -Wed Feb  7 14:00:04 2024
phys43199.physics.gatech.edu is reachable. -Wed Feb  7 14:15:05 2024
phys43199.physics.gatech.edu is reachable. -Wed Feb  7 14:30:05 2024
phys43199.physics.gatech.edu is reachable. -Wed Feb  7 14:45:04 2024
phys43199.physics.gatech.edu is reachable. -Wed Feb  7 15:00:04 2024
phys43199.physics.gatech.edu is reachable. -Wed Feb  7 15:15:05 2024
phys43199.physics.gatech.edu is reachable. -Wed Feb  7 15:30:04 2024
phys43199.physics.gatech.edu is reachable. -Wed Feb  7 15:45:04 2024
phys43199.physics.gatech.edu is reachable. -Wed Feb  7 16:00:04 2024
phys43199.physics.gatech.edu is reachable. -Wed Feb  7 16:15:04 2024
phys43199.physics.gatech.edu is reachable. -Wed Feb  7 16:30:05 2024
phys43199.physics.gatech.edu is reachable. -Wed Feb  7 16:45:04 2024
phys43199.physics.gatech.edu is reachable. -Wed Feb  7 17:00:04 2024
phys43199.physics.gatech.edu is reachable. -Wed Feb  7 17:15:04 2024
phys43199.physics.gatech.edu is reachable. -Wed Feb  7 17:30:04 2024
phys43199.physics.gatech.edu is reachable. -Wed Feb  7 17:45:05 2024
phys43199.physics.gatech.edu is reachable. -Wed Feb  7 18:00:04 2024
phys43199.physics.gatech.edu is reachable. -Wed Feb  7 18:15:04 2024
phys43199.physics.gatech.edu is reachable. -Wed Feb  7 18:30:04 2024
phys43199.physics.gatech.edu is reachable. -Wed Feb  7 18:45:04 2024
phys43199.physics.gatech.edu is reachable. -Wed Feb  7 19:00:05 2024
phys43199.physics.gatech.edu is reachable. -Wed Feb  7 19:15:04 2024
phys43199.physics.gatech.edu is reachable. -Wed Feb  7 19:30:04 2024
phys43199.physics.gatech.edu is reachable. -Wed Feb  7 19:45:04 2024
phys43199.physics.gatech.edu is reachable. -Wed Feb  7 20:00:05 2024
phys43199.physics.gatech.edu is reachable. -Wed Feb  7 20:15:04 2024
phys43199.physics.gatech.edu is reachable. -Wed Feb  7 20:30:04 2024
phys43199.physics.gatech.edu is reachable. -Wed Feb  7 20:45:05 2024
phys43199.physics.gatech.edu is reachable. -Wed Feb  7 21:00:04 2024
phys43199.physics.gatech.edu is reachable. -Wed Feb  7 21:15:04 2024
phys43199.physics.gatech.edu is reachable. -Wed Feb  7 21:30:04 2024
phys43199.physics.gatech.edu is reachable. -Wed Feb  7 21:45:04 2024
phys43199.physics.gatech.edu is reachable. -Wed Feb  7 22:00:04 2024
phys43199.physics.gatech.edu is reachable. -Wed Feb  7 22:15:04 2024
phys43199.physics.gatech.edu is reachable. -Wed Feb  7 22:30:05 2024
phys43199.physics.gatech.edu is reachable. -Wed Feb  7 22:45:04 2024
phys43199.physics.gatech.edu is reachable. -Wed Feb  7 23:00:04 2024
phys43199.physics.gatech.edu is reachable. -Wed Feb  7 23:15:05 2024
phys43199.physics.gatech.edu is reachable. -Wed Feb  7 23:30:04 2024
phys43199.physics.gatech.edu is reachable. -Wed Feb  7 23:45:04 2024
phys43199.physics.gatech.edu is reachable. -Thu Feb  8 00:00:05 2024
phys43199.physics.gatech.edu is reachable. -Thu Feb  8 00:15:04 2024
phys43199.physics.gatech.edu is reachable. -Thu Feb  8 00:30:04 2024
phys43199.physics.gatech.edu is reachable. -Thu Feb  8 00:45:05 2024
phys43199.physics.gatech.edu is reachable. -Thu Feb  8 01:00:04 2024
phys43199.physics.gatech.edu is reachable. -Thu Feb  8 01:15:04 2024
phys43199.physics.gatech.edu is reachable. -Thu Feb  8 01:30:04 2024
phys43199.physics.gatech.edu is reachable. -Thu Feb  8 01:45:04 2024
phys43199.physics.gatech.edu is reachable. -Thu Feb  8 02:00:04 2024
phys43199.physics.gatech.edu is reachable. -Thu Feb  8 02:15:04 2024
phys43199.physics.gatech.edu is reachable. -Thu Feb  8 02:30:04 2024
phys43199.physics.gatech.edu is reachable. -Thu Feb  8 02:45:04 2024
phys43199.physics.gatech.edu is reachable. -Thu Feb  8 03:00:04 2024
phys43199.physics.gatech.edu is reachable. -Thu Feb  8 03:15:04 2024
phys43199.physics.gatech.edu is reachable. -Thu Feb  8 03:30:04 2024
phys43199.physics.gatech.edu is reachable. -Thu Feb  8 03:45:04 2024
phys43199.physics.gatech.edu is reachable. -Thu Feb  8 04:00:05 2024
phys43199.physics.gatech.edu is reachable. -Thu Feb  8 04:15:04 2024
phys43199.physics.gatech.edu is reachable. -Thu Feb  8 04:30:04 2024
phys43199.physics.gatech.edu is reachable. -Thu Feb  8 04:45:04 2024
phys43199.physics.gatech.edu is reachable. -Thu Feb  8 05:00:04 2024
phys43199.physics.gatech.edu is reachable. -Thu Feb  8 05:15:04 2024
phys43199.physics.gatech.edu is reachable. -Thu Feb  8 05:30:05 2024
phys43199.physics.gatech.edu is reachable. -Thu Feb  8 05:45:04 2024
phys43199.physics.gatech.edu is reachable. -Thu Feb  8 06:00:05 2024
phys43199.physics.gatech.edu is reachable. -Thu Feb  8 06:15:04 2024
phys43199.physics.gatech.edu is reachable. -Thu Feb  8 06:30:04 2024
phys43199.physics.gatech.edu is reachable. -Thu Feb  8 06:45:04 2024
phys43199.physics.gatech.edu is reachable. -Thu Feb  8 07:00:05 2024
phys43199.physics.gatech.edu is reachable. -Thu Feb  8 07:15:04 2024
phys43199.physics.gatech.edu is reachable. -Thu Feb  8 07:30:04 2024
phys43199.physics.gatech.edu is reachable. -Thu Feb  8 07:45:05 2024
phys43199.physics.gatech.edu is reachable. -Thu Feb  8 08:00:04 2024
phys43199.physics.gatech.edu is reachable. -Thu Feb  8 08:15:04 2024
phys43199.physics.gatech.edu is reachable. -Thu Feb  8 08:30:04 2024
phys43199.physics.gatech.edu is reachable. -Thu Feb  8 08:45:04 2024
phys43199.physics.gatech.edu is reachable. -Thu Feb  8 09:00:04 2024
phys43199.physics.gatech.edu is reachable. -Thu Feb  8 09:15:04 2024
phys43199.physics.gatech.edu is reachable. -Thu Feb  8 09:30:05 2024
phys43199.physics.gatech.edu is reachable. -Thu Feb  8 09:45:04 2024
phys43199.physics.gatech.edu is reachable. -Thu Feb  8 10:00:05 2024
phys43199.physics.gatech.edu is reachable. -Thu Feb  8 10:15:04 2024
phys43199.physics.gatech.edu is reachable. -Thu Feb  8 10:30:04 2024
phys43199.physics.gatech.edu is reachable. -Thu Feb  8 10:45:04 2024
phys43199.physics.gatech.edu is reachable. -Thu Feb  8 11:00:05 2024
phys43199.physics.gatech.edu is reachable. -Thu Feb  8 11:15:04 2024
phys43199.physics.gatech.edu is reachable. -Thu Feb  8 11:30:04 2024
phys43199.physics.gatech.edu is reachable. -Thu Feb  8 11:45:05 2024
phys43199.physics.gatech.edu is reachable. -Thu Feb  8 12:00:04 2024
phys43199.physics.gatech.edu is reachable. -Thu Feb  8 12:15:05 2024
phys43199.physics.gatech.edu is reachable. -Thu Feb  8 12:30:04 2024
phys43199.physics.gatech.edu is reachable. -Thu Feb  8 12:45:04 2024
phys43199.physics.gatech.edu is reachable. -Thu Feb  8 13:00:04 2024
phys43199.physics.gatech.edu is reachable. -Thu Feb  8 13:15:04 2024
phys43199.physics.gatech.edu is reachable. -Thu Feb  8 13:30:05 2024
phys43199.physics.gatech.edu is reachable. -Thu Feb  8 13:45:04 2024
phys43199.physics.gatech.edu is reachable. -Thu Feb  8 14:00:05 2024
phys43199.physics.gatech.edu is reachable. -Thu Feb  8 14:15:04 2024
phys43199.physics.gatech.edu is reachable. -Thu Feb  8 14:30:04 2024
phys43199.physics.gatech.edu is reachable. -Thu Feb  8 14:45:04 2024
phys43199.physics.gatech.edu is reachable. -Thu Feb  8 15:00:04 2024
phys43199.physics.gatech.edu is reachable. -Thu Feb  8 15:15:04 2024
phys43199.physics.gatech.edu is reachable. -Thu Feb  8 15:30:04 2024
phys43199.physics.gatech.edu is reachable. -Thu Feb  8 15:45:05 2024
phys43199.physics.gatech.edu is reachable. -Thu Feb  8 16:00:04 2024
phys43199.physics.gatech.edu is reachable. -Thu Feb  8 16:15:04 2024
phys43199.physics.gatech.edu is reachable. -Thu Feb  8 16:30:05 2024
phys43199.physics.gatech.edu is reachable. -Thu Feb  8 16:45:04 2024
phys43199.physics.gatech.edu is reachable. -Thu Feb  8 17:00:04 2024
phys43199.physics.gatech.edu is reachable. -Thu Feb  8 17:15:04 2024
phys43199.physics.gatech.edu is reachable. -Thu Feb  8 17:30:04 2024
phys43199.physics.gatech.edu is reachable. -Thu Feb  8 17:45:04 2024
phys43199.physics.gatech.edu is reachable. -Thu Feb  8 18:00:05 2024
phys43199.physics.gatech.edu is reachable. -Thu Feb  8 18:15:04 2024
phys43199.physics.gatech.edu is reachable. -Thu Feb  8 18:30:05 2024
phys43199.physics.gatech.edu is reachable. -Thu Feb  8 18:45:04 2024
phys43199.physics.gatech.edu is reachable. -Thu Feb  8 19:00:04 2024
phys43199.physics.gatech.edu is reachable. -Thu Feb  8 19:15:05 2024
phys43199.physics.gatech.edu is reachable. -Thu Feb  8 19:30:04 2024
phys43199.physics.gatech.edu is reachable. -Thu Feb  8 19:45:04 2024
phys43199.physics.gatech.edu is reachable. -Thu Feb  8 20:00:05 2024
phys43199.physics.gatech.edu is reachable. -Thu Feb  8 20:15:04 2024
phys43199.physics.gatech.edu is reachable. -Thu Feb  8 20:30:05 2024
phys43199.physics.gatech.edu is reachable. -Thu Feb  8 20:45:04 2024
phys43199.physics.gatech.edu is reachable. -Thu Feb  8 21:00:04 2024
phys43199.physics.gatech.edu is reachable. -Thu Feb  8 21:15:05 2024
phys43199.physics.gatech.edu is reachable. -Thu Feb  8 21:30:04 2024
phys43199.physics.gatech.edu is reachable. -Thu Feb  8 21:45:04 2024
phys43199.physics.gatech.edu is reachable. -Thu Feb  8 22:00:05 2024
phys43199.physics.gatech.edu is reachable. -Thu Feb  8 22:15:04 2024
phys43199.physics.gatech.edu is reachable. -Thu Feb  8 22:30:04 2024
phys43199.physics.gatech.edu is reachable. -Thu Feb  8 22:45:04 2024
phys43199.physics.gatech.edu is reachable. -Thu Feb  8 23:00:04 2024
phys43199.physics.gatech.edu is reachable. -Thu Feb  8 23:15:04 2024
phys43199.physics.gatech.edu is reachable. -Thu Feb  8 23:30:04 2024
phys43199.physics.gatech.edu is reachable. -Thu Feb  8 23:45:04 2024
phys43199.physics.gatech.edu is reachable. -Fri Feb  9 00:00:05 2024
phys43199.physics.gatech.edu is reachable. -Fri Feb  9 00:15:04 2024
phys43199.physics.gatech.edu is reachable. -Fri Feb  9 00:30:05 2024
phys43199.physics.gatech.edu is reachable. -Fri Feb  9 00:45:04 2024
phys43199.physics.gatech.edu is reachable. -Fri Feb  9 01:00:05 2024
phys43199.physics.gatech.edu is reachable. -Fri Feb  9 01:15:04 2024
phys43199.physics.gatech.edu is reachable. -Fri Feb  9 01:30:04 2024
phys43199.physics.gatech.edu is reachable. -Fri Feb  9 01:45:04 2024
phys43199.physics.gatech.edu is reachable. -Fri Feb  9 02:00:04 2024
phys43199.physics.gatech.edu is reachable. -Fri Feb  9 02:15:05 2024
phys43199.physics.gatech.edu is reachable. -Fri Feb  9 02:30:04 2024
phys43199.physics.gatech.edu is reachable. -Fri Feb  9 02:45:04 2024
phys43199.physics.gatech.edu is reachable. -Fri Feb  9 03:00:05 2024
phys43199.physics.gatech.edu is reachable. -Fri Feb  9 03:15:04 2024
phys43199.physics.gatech.edu is reachable. -Fri Feb  9 03:30:04 2024
phys43199.physics.gatech.edu is reachable. -Fri Feb  9 03:45:04 2024
phys43199.physics.gatech.edu is reachable. -Fri Feb  9 04:00:04 2024
phys43199.physics.gatech.edu is reachable. -Fri Feb  9 04:15:05 2024
phys43199.physics.gatech.edu is reachable. -Fri Feb  9 04:30:04 2024
phys43199.physics.gatech.edu is reachable. -Fri Feb  9 04:45:04 2024
phys43199.physics.gatech.edu is reachable. -Fri Feb  9 05:00:05 2024
phys43199.physics.gatech.edu is reachable. -Fri Feb  9 05:15:04 2024
phys43199.physics.gatech.edu is reachable. -Fri Feb  9 05:30:05 2024
phys43199.physics.gatech.edu is reachable. -Fri Feb  9 05:45:04 2024
phys43199.physics.gatech.edu is reachable. -Fri Feb  9 06:00:04 2024
phys43199.physics.gatech.edu is reachable. -Fri Feb  9 06:15:05 2024
phys43199.physics.gatech.edu is reachable. -Fri Feb  9 06:30:04 2024
phys43199.physics.gatech.edu is reachable. -Fri Feb  9 06:45:05 2024
phys43199.physics.gatech.edu is reachable. -Fri Feb  9 07:00:04 2024
phys43199.physics.gatech.edu is reachable. -Fri Feb  9 07:15:04 2024
phys43199.physics.gatech.edu is reachable. -Fri Feb  9 07:30:05 2024
phys43199.physics.gatech.edu is reachable. -Fri Feb  9 07:45:05 2024
phys43199.physics.gatech.edu is reachable. -Fri Feb  9 08:00:04 2024
phys43199.physics.gatech.edu is reachable. -Fri Feb  9 08:15:05 2024
phys43199.physics.gatech.edu is reachable. -Fri Feb  9 08:30:04 2024
phys43199.physics.gatech.edu is reachable. -Fri Feb  9 08:45:04 2024
phys43199.physics.gatech.edu is reachable. -Fri Feb  9 09:00:05 2024
phys43199.physics.gatech.edu is reachable. -Fri Feb  9 09:15:04 2024
phys43199.physics.gatech.edu is reachable. -Fri Feb  9 09:30:04 2024
phys43199.physics.gatech.edu is reachable. -Fri Feb  9 09:45:05 2024
phys43199.physics.gatech.edu is reachable. -Fri Feb  9 10:00:04 2024
phys43199.physics.gatech.edu is reachable. -Fri Feb  9 10:15:05 2024
phys43199.physics.gatech.edu is reachable. -Fri Feb  9 10:30:04 2024
phys43199.physics.gatech.edu is reachable. -Fri Feb  9 10:45:04 2024
phys43199.physics.gatech.edu is reachable. -Fri Feb  9 11:00:05 2024
phys43199.physics.gatech.edu is reachable. -Fri Feb  9 11:15:04 2024
phys43199.physics.gatech.edu is reachable. -Fri Feb  9 11:30:05 2024
phys43199.physics.gatech.edu is reachable. -Fri Feb  9 11:45:05 2024
phys43199.physics.gatech.edu is reachable. -Fri Feb  9 12:00:04 2024
phys43199.physics.gatech.edu is reachable. -Fri Feb  9 12:15:04 2024
phys43199.physics.gatech.edu is reachable. -Fri Feb  9 12:30:04 2024
phys43199.physics.gatech.edu is reachable. -Fri Feb  9 12:45:05 2024
phys43199.physics.gatech.edu is reachable. -Fri Feb  9 13:00:04 2024
phys43199.physics.gatech.edu is reachable. -Fri Feb  9 13:15:05 2024
phys43199.physics.gatech.edu is reachable. -Fri Feb  9 13:30:04 2024
phys43199.physics.gatech.edu is reachable. -Fri Feb  9 13:45:04 2024
phys43199.physics.gatech.edu is reachable. -Fri Feb  9 14:00:04 2024
phys43199.physics.gatech.edu is reachable. -Fri Feb  9 14:15:04 2024
phys43199.physics.gatech.edu is reachable. -Fri Feb  9 14:30:05 2024
phys43199.physics.gatech.edu is reachable. -Fri Feb  9 14:45:04 2024
phys43199.physics.gatech.edu is reachable. -Fri Feb  9 15:00:05 2024
phys43199.physics.gatech.edu is reachable. -Fri Feb  9 15:15:04 2024
phys43199.physics.gatech.edu is reachable. -Fri Feb  9 15:30:05 2024
phys43199.physics.gatech.edu is reachable. -Fri Feb  9 15:45:04 2024
phys43199.physics.gatech.edu is reachable. -Fri Feb  9 16:00:04 2024
phys43199.physics.gatech.edu is reachable. -Fri Feb  9 16:15:04 2024
phys43199.physics.gatech.edu is reachable. -Fri Feb  9 16:30:05 2024
phys43199.physics.gatech.edu is reachable. -Fri Feb  9 16:45:04 2024
phys43199.physics.gatech.edu is reachable. -Fri Feb  9 17:00:04 2024
phys43199.physics.gatech.edu is reachable. -Fri Feb  9 17:15:04 2024
phys43199.physics.gatech.edu is reachable. -Fri Feb  9 17:30:04 2024
phys43199.physics.gatech.edu is reachable. -Fri Feb  9 17:45:04 2024
phys43199.physics.gatech.edu is reachable. -Fri Feb  9 18:00:04 2024
phys43199.physics.gatech.edu is reachable. -Fri Feb  9 18:15:04 2024
phys43199.physics.gatech.edu is reachable. -Fri Feb  9 18:30:04 2024
phys43199.physics.gatech.edu is reachable. -Fri Feb  9 18:45:05 2024
phys43199.physics.gatech.edu is reachable. -Fri Feb  9 19:00:04 2024
phys43199.physics.gatech.edu is reachable. -Fri Feb  9 19:15:04 2024
phys43199.physics.gatech.edu is reachable. -Fri Feb  9 19:30:05 2024
phys43199.physics.gatech.edu is reachable. -Fri Feb  9 19:45:04 2024
phys43199.physics.gatech.edu is reachable. -Fri Feb  9 20:00:05 2024
phys43199.physics.gatech.edu is reachable. -Fri Feb  9 20:15:04 2024
phys43199.physics.gatech.edu is reachable. -Fri Feb  9 20:30:05 2024
phys43199.physics.gatech.edu is reachable. -Fri Feb  9 20:45:04 2024
phys43199.physics.gatech.edu is reachable. -Fri Feb  9 21:00:04 2024
phys43199.physics.gatech.edu is reachable. -Fri Feb  9 21:15:04 2024
phys43199.physics.gatech.edu is reachable. -Fri Feb  9 21:30:04 2024
phys43199.physics.gatech.edu is reachable. -Fri Feb  9 21:45:05 2024
phys43199.physics.gatech.edu is reachable. -Fri Feb  9 22:00:04 2024
phys43199.physics.gatech.edu is reachable. -Fri Feb  9 22:15:05 2024
phys43199.physics.gatech.edu is reachable. -Fri Feb  9 22:30:04 2024
phys43199.physics.gatech.edu is reachable. -Fri Feb  9 22:45:04 2024
phys43199.physics.gatech.edu is reachable. -Fri Feb  9 23:00:04 2024
phys43199.physics.gatech.edu is reachable. -Fri Feb  9 23:15:04 2024
phys43199.physics.gatech.edu is reachable. -Fri Feb  9 23:30:05 2024
phys43199.physics.gatech.edu is reachable. -Fri Feb  9 23:45:04 2024
phys43199.physics.gatech.edu is reachable. -Sat Feb 10 00:00:04 2024
phys43199.physics.gatech.edu is reachable. -Sat Feb 10 00:15:05 2024
phys43199.physics.gatech.edu is reachable. -Sat Feb 10 00:30:04 2024
phys43199.physics.gatech.edu is reachable. -Sat Feb 10 00:45:05 2024
phys43199.physics.gatech.edu is reachable. -Sat Feb 10 01:00:05 2024
phys43199.physics.gatech.edu is reachable. -Sat Feb 10 01:15:04 2024
phys43199.physics.gatech.edu is reachable. -Sat Feb 10 01:30:05 2024
phys43199.physics.gatech.edu is reachable. -Sat Feb 10 01:45:04 2024
phys43199.physics.gatech.edu is reachable. -Sat Feb 10 02:00:04 2024
phys43199.physics.gatech.edu is reachable. -Sat Feb 10 02:15:05 2024
phys43199.physics.gatech.edu is reachable. -Sat Feb 10 02:30:04 2024
phys43199.physics.gatech.edu is reachable. -Sat Feb 10 02:45:05 2024
phys43199.physics.gatech.edu is reachable. -Sat Feb 10 03:00:04 2024
phys43199.physics.gatech.edu is reachable. -Sat Feb 10 03:15:05 2024
phys43199.physics.gatech.edu is reachable. -Sat Feb 10 03:30:04 2024
phys43199.physics.gatech.edu is reachable. -Sat Feb 10 03:45:05 2024
phys43199.physics.gatech.edu is reachable. -Sat Feb 10 04:00:04 2024
phys43199.physics.gatech.edu is reachable. -Sat Feb 10 04:15:04 2024
phys43199.physics.gatech.edu is reachable. -Sat Feb 10 04:30:05 2024
phys43199.physics.gatech.edu is reachable. -Sat Feb 10 04:45:04 2024
phys43199.physics.gatech.edu is reachable. -Sat Feb 10 05:00:05 2024
phys43199.physics.gatech.edu is reachable. -Sat Feb 10 05:15:05 2024
phys43199.physics.gatech.edu is reachable. -Sat Feb 10 05:30:05 2024
phys43199.physics.gatech.edu is reachable. -Sat Feb 10 05:45:04 2024
phys43199.physics.gatech.edu is reachable. -Sat Feb 10 06:00:05 2024
phys43199.physics.gatech.edu is reachable. -Sat Feb 10 06:15:04 2024
phys43199.physics.gatech.edu is reachable. -Sat Feb 10 06:30:05 2024
phys43199.physics.gatech.edu is reachable. -Sat Feb 10 06:45:04 2024
phys43199.physics.gatech.edu is reachable. -Sat Feb 10 07:00:04 2024
phys43199.physics.gatech.edu is reachable. -Sat Feb 10 07:15:05 2024
phys43199.physics.gatech.edu is reachable. -Sat Feb 10 07:30:04 2024
phys43199.physics.gatech.edu is reachable. -Sat Feb 10 07:45:05 2024
phys43199.physics.gatech.edu is reachable. -Sat Feb 10 08:00:04 2024
phys43199.physics.gatech.edu is reachable. -Sat Feb 10 08:15:05 2024
phys43199.physics.gatech.edu is reachable. -Sat Feb 10 08:30:04 2024
phys43199.physics.gatech.edu is reachable. -Sat Feb 10 08:45:05 2024
phys43199.physics.gatech.edu is reachable. -Sat Feb 10 09:00:04 2024
phys43199.physics.gatech.edu is reachable. -Sat Feb 10 09:15:05 2024
phys43199.physics.gatech.edu is reachable. -Sat Feb 10 09:30:04 2024
phys43199.physics.gatech.edu is reachable. -Sat Feb 10 09:45:04 2024
phys43199.physics.gatech.edu is reachable. -Sat Feb 10 10:00:05 2024
phys43199.physics.gatech.edu is reachable. -Sat Feb 10 10:15:04 2024
phys43199.physics.gatech.edu is reachable. -Sat Feb 10 10:30:04 2024
phys43199.physics.gatech.edu is reachable. -Sat Feb 10 10:45:05 2024
phys43199.physics.gatech.edu is reachable. -Sat Feb 10 11:00:04 2024
phys43199.physics.gatech.edu is reachable. -Sat Feb 10 11:15:05 2024
phys43199.physics.gatech.edu is reachable. -Sat Feb 10 11:30:05 2024
phys43199.physics.gatech.edu is reachable. -Sat Feb 10 11:45:05 2024
phys43199.physics.gatech.edu is reachable. -Sat Feb 10 12:00:05 2024
phys43199.physics.gatech.edu is reachable. -Sat Feb 10 12:15:04 2024
phys43199.physics.gatech.edu is reachable. -Sat Feb 10 12:30:04 2024
phys43199.physics.gatech.edu is reachable. -Sat Feb 10 12:45:05 2024
phys43199.physics.gatech.edu is reachable. -Sat Feb 10 13:00:04 2024
phys43199.physics.gatech.edu is reachable. -Sat Feb 10 13:15:04 2024
phys43199.physics.gatech.edu is reachable. -Sat Feb 10 13:30:04 2024
phys43199.physics.gatech.edu is reachable. -Sat Feb 10 13:45:04 2024
phys43199.physics.gatech.edu is reachable. -Sat Feb 10 14:00:04 2024
phys43199.physics.gatech.edu is reachable. -Sat Feb 10 14:15:04 2024
phys43199.physics.gatech.edu is reachable. -Sat Feb 10 14:30:05 2024
phys43199.physics.gatech.edu is reachable. -Sat Feb 10 14:45:04 2024
phys43199.physics.gatech.edu is reachable. -Sat Feb 10 15:00:05 2024
phys43199.physics.gatech.edu is reachable. -Sat Feb 10 15:15:05 2024
phys43199.physics.gatech.edu is reachable. -Sat Feb 10 15:30:05 2024
phys43199.physics.gatech.edu is reachable. -Sat Feb 10 15:45:04 2024
phys43199.physics.gatech.edu is reachable. -Sat Feb 10 16:00:04 2024
phys43199.physics.gatech.edu is reachable. -Sat Feb 10 16:15:04 2024
phys43199.physics.gatech.edu is reachable. -Sat Feb 10 16:30:04 2024
phys43199.physics.gatech.edu is reachable. -Sat Feb 10 16:45:05 2024
phys43199.physics.gatech.edu is reachable. -Sat Feb 10 17:00:04 2024
phys43199.physics.gatech.edu is reachable. -Sat Feb 10 17:15:04 2024
phys43199.physics.gatech.edu is reachable. -Sat Feb 10 17:30:04 2024
phys43199.physics.gatech.edu is reachable. -Sat Feb 10 17:45:04 2024
phys43199.physics.gatech.edu is reachable. -Sat Feb 10 18:00:05 2024
phys43199.physics.gatech.edu is reachable. -Sat Feb 10 18:15:05 2024
phys43199.physics.gatech.edu is reachable. -Sat Feb 10 18:30:04 2024
phys43199.physics.gatech.edu is reachable. -Sat Feb 10 18:45:04 2024
phys43199.physics.gatech.edu is reachable. -Sat Feb 10 19:00:05 2024
phys43199.physics.gatech.edu is reachable. -Sat Feb 10 19:15:04 2024
phys43199.physics.gatech.edu is reachable. -Sat Feb 10 19:30:05 2024
phys43199.physics.gatech.edu is reachable. -Sat Feb 10 19:45:04 2024
phys43199.physics.gatech.edu is reachable. -Sat Feb 10 20:00:04 2024
phys43199.physics.gatech.edu is reachable. -Sat Feb 10 20:15:05 2024
phys43199.physics.gatech.edu is reachable. -Sat Feb 10 20:30:04 2024
phys43199.physics.gatech.edu is reachable. -Sat Feb 10 20:45:04 2024
phys43199.physics.gatech.edu is reachable. -Sat Feb 10 21:00:05 2024
phys43199.physics.gatech.edu is reachable. -Sat Feb 10 21:15:04 2024
phys43199.physics.gatech.edu is reachable. -Sat Feb 10 21:30:04 2024
phys43199.physics.gatech.edu is reachable. -Sat Feb 10 21:45:05 2024
phys43199.physics.gatech.edu is reachable. -Sat Feb 10 22:00:04 2024
phys43199.physics.gatech.edu is reachable. -Sat Feb 10 22:15:04 2024
phys43199.physics.gatech.edu is reachable. -Sat Feb 10 22:30:04 2024
phys43199.physics.gatech.edu is reachable. -Sat Feb 10 22:45:04 2024
phys43199.physics.gatech.edu is reachable. -Sat Feb 10 23:00:04 2024
phys43199.physics.gatech.edu is reachable. -Sat Feb 10 23:15:04 2024
phys43199.physics.gatech.edu is reachable. -Sat Feb 10 23:30:04 2024
phys43199.physics.gatech.edu is reachable. -Sat Feb 10 23:45:04 2024
phys43199.physics.gatech.edu is reachable. -Sun Feb 11 00:00:04 2024
phys43199.physics.gatech.edu is reachable. -Sun Feb 11 00:15:04 2024
phys43199.physics.gatech.edu is reachable. -Sun Feb 11 00:30:04 2024
phys43199.physics.gatech.edu is reachable. -Sun Feb 11 00:45:04 2024
phys43199.physics.gatech.edu is reachable. -Sun Feb 11 01:00:05 2024
phys43199.physics.gatech.edu is reachable. -Sun Feb 11 01:15:04 2024
phys43199.physics.gatech.edu is reachable. -Sun Feb 11 01:30:04 2024
phys43199.physics.gatech.edu is reachable. -Sun Feb 11 01:45:04 2024
phys43199.physics.gatech.edu is reachable. -Sun Feb 11 02:00:04 2024
phys43199.physics.gatech.edu is reachable. -Sun Feb 11 02:15:04 2024
phys43199.physics.gatech.edu is reachable. -Sun Feb 11 02:30:04 2024
phys43199.physics.gatech.edu is reachable. -Sun Feb 11 02:45:04 2024
phys43199.physics.gatech.edu is reachable. -Sun Feb 11 03:00:04 2024
phys43199.physics.gatech.edu is reachable. -Sun Feb 11 03:15:04 2024
phys43199.physics.gatech.edu is reachable. -Sun Feb 11 03:30:05 2024
phys43199.physics.gatech.edu is reachable. -Sun Feb 11 03:45:04 2024
phys43199.physics.gatech.edu is reachable. -Sun Feb 11 04:00:05 2024
phys43199.physics.gatech.edu is reachable. -Sun Feb 11 04:15:04 2024
phys43199.physics.gatech.edu is reachable. -Sun Feb 11 04:30:05 2024
phys43199.physics.gatech.edu is reachable. -Sun Feb 11 04:45:04 2024
phys43199.physics.gatech.edu is reachable. -Sun Feb 11 05:00:05 2024
phys43199.physics.gatech.edu is reachable. -Sun Feb 11 05:15:04 2024
phys43199.physics.gatech.edu is reachable. -Sun Feb 11 05:30:04 2024
phys43199.physics.gatech.edu is reachable. -Sun Feb 11 05:45:04 2024
phys43199.physics.gatech.edu is reachable. -Sun Feb 11 06:00:04 2024
phys43199.physics.gatech.edu is reachable. -Sun Feb 11 06:15:04 2024
phys43199.physics.gatech.edu is reachable. -Sun Feb 11 06:30:05 2024
phys43199.physics.gatech.edu is reachable. -Sun Feb 11 06:45:04 2024
phys43199.physics.gatech.edu is reachable. -Sun Feb 11 07:00:04 2024
phys43199.physics.gatech.edu is reachable. -Sun Feb 11 07:15:05 2024
phys43199.physics.gatech.edu is reachable. -Sun Feb 11 07:30:04 2024
phys43199.physics.gatech.edu is reachable. -Sun Feb 11 07:45:05 2024
phys43199.physics.gatech.edu is reachable. -Sun Feb 11 08:00:04 2024
phys43199.physics.gatech.edu is reachable. -Sun Feb 11 08:15:05 2024
phys43199.physics.gatech.edu is reachable. -Sun Feb 11 08:30:04 2024
phys43199.physics.gatech.edu is reachable. -Sun Feb 11 08:45:04 2024
phys43199.physics.gatech.edu is reachable. -Sun Feb 11 09:00:04 2024
phys43199.physics.gatech.edu is reachable. -Sun Feb 11 09:15:04 2024
phys43199.physics.gatech.edu is reachable. -Sun Feb 11 09:30:05 2024
phys43199.physics.gatech.edu is reachable. -Sun Feb 11 09:45:04 2024
phys43199.physics.gatech.edu is reachable. -Sun Feb 11 10:00:05 2024
phys43199.physics.gatech.edu is reachable. -Sun Feb 11 10:15:04 2024
phys43199.physics.gatech.edu is reachable. -Sun Feb 11 10:30:05 2024
phys43199.physics.gatech.edu is reachable. -Sun Feb 11 10:45:04 2024
phys43199.physics.gatech.edu is reachable. -Sun Feb 11 11:00:04 2024
phys43199.physics.gatech.edu is reachable. -Sun Feb 11 11:15:04 2024
phys43199.physics.gatech.edu is reachable. -Sun Feb 11 11:30:04 2024
phys43199.physics.gatech.edu is reachable. -Sun Feb 11 11:45:04 2024
phys43199.physics.gatech.edu is reachable. -Sun Feb 11 12:00:04 2024
phys43199.physics.gatech.edu is reachable. -Sun Feb 11 12:15:05 2024
phys43199.physics.gatech.edu is reachable. -Sun Feb 11 12:30:04 2024
phys43199.physics.gatech.edu is reachable. -Sun Feb 11 12:45:05 2024
phys43199.physics.gatech.edu is reachable. -Sun Feb 11 13:00:04 2024
phys43199.physics.gatech.edu is reachable. -Sun Feb 11 13:15:05 2024
phys43199.physics.gatech.edu is reachable. -Sun Feb 11 13:30:04 2024
phys43199.physics.gatech.edu is reachable. -Sun Feb 11 13:45:04 2024
phys43199.physics.gatech.edu is reachable. -Sun Feb 11 14:00:04 2024
phys43199.physics.gatech.edu is reachable. -Sun Feb 11 14:15:04 2024
phys43199.physics.gatech.edu is reachable. -Sun Feb 11 14:30:04 2024
phys43199.physics.gatech.edu is reachable. -Sun Feb 11 14:45:04 2024
phys43199.physics.gatech.edu is reachable. -Sun Feb 11 15:00:05 2024
phys43199.physics.gatech.edu is reachable. -Sun Feb 11 15:15:04 2024
phys43199.physics.gatech.edu is reachable. -Sun Feb 11 15:30:04 2024
phys43199.physics.gatech.edu is reachable. -Sun Feb 11 15:45:05 2024
phys43199.physics.gatech.edu is reachable. -Sun Feb 11 16:00:04 2024
phys43199.physics.gatech.edu is reachable. -Sun Feb 11 16:15:04 2024
phys43199.physics.gatech.edu is reachable. -Sun Feb 11 16:30:04 2024
phys43199.physics.gatech.edu is reachable. -Sun Feb 11 16:45:04 2024
phys43199.physics.gatech.edu is reachable. -Sun Feb 11 17:00:04 2024
phys43199.physics.gatech.edu is reachable. -Sun Feb 11 17:15:04 2024
phys43199.physics.gatech.edu is reachable. -Sun Feb 11 17:30:04 2024
phys43199.physics.gatech.edu is reachable. -Sun Feb 11 17:45:04 2024
phys43199.physics.gatech.edu is reachable. -Sun Feb 11 18:00:04 2024
phys43199.physics.gatech.edu is reachable. -Sun Feb 11 18:15:04 2024
phys43199.physics.gatech.edu is reachable. -Sun Feb 11 18:30:04 2024
phys43199.physics.gatech.edu is reachable. -Sun Feb 11 18:45:05 2024
phys43199.physics.gatech.edu is reachable. -Sun Feb 11 19:00:04 2024
phys43199.physics.gatech.edu is reachable. -Sun Feb 11 19:15:04 2024
phys43199.physics.gatech.edu is reachable. -Sun Feb 11 19:30:04 2024
phys43199.physics.gatech.edu is reachable. -Sun Feb 11 19:45:05 2024
phys43199.physics.gatech.edu is reachable. -Sun Feb 11 20:00:04 2024
phys43199.physics.gatech.edu is reachable. -Sun Feb 11 20:15:05 2024
phys43199.physics.gatech.edu is reachable. -Sun Feb 11 20:30:04 2024
phys43199.physics.gatech.edu is reachable. -Sun Feb 11 20:45:04 2024
phys43199.physics.gatech.edu is reachable. -Sun Feb 11 21:00:04 2024
phys43199.physics.gatech.edu is reachable. -Sun Feb 11 21:15:05 2024
phys43199.physics.gatech.edu is reachable. -Sun Feb 11 21:30:04 2024
phys43199.physics.gatech.edu is reachable. -Sun Feb 11 21:45:04 2024
phys43199.physics.gatech.edu is reachable. -Sun Feb 11 22:00:04 2024
phys43199.physics.gatech.edu is reachable. -Sun Feb 11 22:15:05 2024
phys43199.physics.gatech.edu is reachable. -Sun Feb 11 22:30:04 2024
phys43199.physics.gatech.edu is reachable. -Sun Feb 11 22:45:05 2024
phys43199.physics.gatech.edu is reachable. -Sun Feb 11 23:00:04 2024
phys43199.physics.gatech.edu is reachable. -Sun Feb 11 23:15:04 2024
phys43199.physics.gatech.edu is reachable. -Sun Feb 11 23:30:05 2024
phys43199.physics.gatech.edu is reachable. -Sun Feb 11 23:45:04 2024
phys43199.physics.gatech.edu is reachable. -Mon Feb 12 00:00:04 2024
phys43199.physics.gatech.edu is reachable. -Mon Feb 12 00:15:04 2024
phys43199.physics.gatech.edu is reachable. -Mon Feb 12 00:30:04 2024
phys43199.physics.gatech.edu is reachable. -Mon Feb 12 00:45:05 2024
phys43199.physics.gatech.edu is reachable. -Mon Feb 12 01:00:04 2024
phys43199.physics.gatech.edu is reachable. -Mon Feb 12 01:15:04 2024
phys43199.physics.gatech.edu is reachable. -Mon Feb 12 01:30:04 2024
phys43199.physics.gatech.edu is reachable. -Mon Feb 12 01:45:04 2024
phys43199.physics.gatech.edu is reachable. -Mon Feb 12 02:00:05 2024
phys43199.physics.gatech.edu is reachable. -Mon Feb 12 02:15:04 2024
phys43199.physics.gatech.edu is reachable. -Mon Feb 12 02:30:05 2024
phys43199.physics.gatech.edu is reachable. -Mon Feb 12 02:45:04 2024
phys43199.physics.gatech.edu is reachable. -Mon Feb 12 03:00:05 2024
phys43199.physics.gatech.edu is reachable. -Mon Feb 12 03:15:04 2024
phys43199.physics.gatech.edu is reachable. -Mon Feb 12 03:30:04 2024
phys43199.physics.gatech.edu is reachable. -Mon Feb 12 03:45:05 2024
phys43199.physics.gatech.edu is reachable. -Mon Feb 12 04:00:04 2024
phys43199.physics.gatech.edu is reachable. -Mon Feb 12 04:15:05 2024
phys43199.physics.gatech.edu is reachable. -Mon Feb 12 04:30:04 2024
phys43199.physics.gatech.edu is reachable. -Mon Feb 12 04:45:05 2024
phys43199.physics.gatech.edu is reachable. -Mon Feb 12 05:00:04 2024
phys43199.physics.gatech.edu is reachable. -Mon Feb 12 05:15:04 2024
phys43199.physics.gatech.edu is reachable. -Mon Feb 12 05:30:05 2024
phys43199.physics.gatech.edu is reachable. -Mon Feb 12 05:45:04 2024
phys43199.physics.gatech.edu is reachable. -Mon Feb 12 06:00:05 2024
phys43199.physics.gatech.edu is reachable. -Mon Feb 12 06:15:04 2024
phys43199.physics.gatech.edu is reachable. -Mon Feb 12 06:30:05 2024
phys43199.physics.gatech.edu is reachable. -Mon Feb 12 06:45:04 2024
phys43199.physics.gatech.edu is reachable. -Mon Feb 12 07:00:04 2024
phys43199.physics.gatech.edu is reachable. -Mon Feb 12 07:15:04 2024
phys43199.physics.gatech.edu is reachable. -Mon Feb 12 07:30:04 2024
phys43199.physics.gatech.edu is reachable. -Mon Feb 12 07:45:04 2024
phys43199.physics.gatech.edu is reachable. -Mon Feb 12 08:00:05 2024
phys43199.physics.gatech.edu is reachable. -Mon Feb 12 08:15:04 2024
phys43199.physics.gatech.edu is reachable. -Mon Feb 12 08:30:05 2024
phys43199.physics.gatech.edu is reachable. -Mon Feb 12 08:45:04 2024
phys43199.physics.gatech.edu is reachable. -Mon Feb 12 09:00:05 2024
phys43199.physics.gatech.edu is reachable. -Mon Feb 12 09:15:04 2024
phys43199.physics.gatech.edu is reachable. -Mon Feb 12 09:30:04 2024
phys43199.physics.gatech.edu is reachable. -Mon Feb 12 09:45:04 2024
phys43199.physics.gatech.edu is reachable. -Mon Feb 12 10:00:04 2024
phys43199.physics.gatech.edu is reachable. -Mon Feb 12 10:15:04 2024
phys43199.physics.gatech.edu is reachable. -Mon Feb 12 10:30:04 2024
phys43199.physics.gatech.edu is reachable. -Mon Feb 12 10:45:05 2024
phys43199.physics.gatech.edu is reachable. -Mon Feb 12 11:00:04 2024
phys43199.physics.gatech.edu is reachable. -Mon Feb 12 11:15:05 2024
phys43199.physics.gatech.edu is reachable. -Mon Feb 12 11:30:04 2024
phys43199.physics.gatech.edu is reachable. -Mon Feb 12 11:45:05 2024
phys43199.physics.gatech.edu is reachable. -Mon Feb 12 12:00:04 2024
phys43199.physics.gatech.edu is reachable. -Mon Feb 12 12:15:04 2024
phys43199.physics.gatech.edu is reachable. -Mon Feb 12 12:30:04 2024
phys43199.physics.gatech.edu is reachable. -Mon Feb 12 12:45:04 2024
phys43199.physics.gatech.edu is reachable. -Mon Feb 12 13:00:05 2024
phys43199.physics.gatech.edu is reachable. -Mon Feb 12 13:15:04 2024
phys43199.physics.gatech.edu is reachable. -Mon Feb 12 13:30:05 2024
phys43199.physics.gatech.edu is reachable. -Mon Feb 12 13:45:04 2024
phys43199.physics.gatech.edu is reachable. -Mon Feb 12 14:00:04 2024
phys43199.physics.gatech.edu is reachable. -Mon Feb 12 14:15:04 2024
phys43199.physics.gatech.edu is reachable. -Mon Feb 12 14:30:04 2024
phys43199.physics.gatech.edu is reachable. -Mon Feb 12 14:45:05 2024
phys43199.physics.gatech.edu is reachable. -Mon Feb 12 15:00:04 2024
phys43199.physics.gatech.edu is reachable. -Mon Feb 12 15:15:05 2024
phys43199.physics.gatech.edu is reachable. -Mon Feb 12 15:30:04 2024
phys43199.physics.gatech.edu is reachable. -Mon Feb 12 15:45:04 2024
phys43199.physics.gatech.edu is reachable. -Mon Feb 12 16:00:05 2024
phys43199.physics.gatech.edu is reachable. -Mon Feb 12 16:15:04 2024
phys43199.physics.gatech.edu is reachable. -Mon Feb 12 16:30:04 2024
phys43199.physics.gatech.edu is reachable. -Mon Feb 12 16:45:04 2024
phys43199.physics.gatech.edu is reachable. -Mon Feb 12 17:00:05 2024
phys43199.physics.gatech.edu is reachable. -Mon Feb 12 17:15:04 2024
phys43199.physics.gatech.edu is reachable. -Mon Feb 12 17:30:05 2024
phys43199.physics.gatech.edu is reachable. -Mon Feb 12 17:45:04 2024
phys43199.physics.gatech.edu is reachable. -Mon Feb 12 18:00:05 2024
phys43199.physics.gatech.edu is reachable. -Mon Feb 12 18:15:04 2024
phys43199.physics.gatech.edu is reachable. -Mon Feb 12 18:30:05 2024
phys43199.physics.gatech.edu is reachable. -Mon Feb 12 18:45:04 2024
phys43199.physics.gatech.edu is reachable. -Mon Feb 12 19:00:05 2024
phys43199.physics.gatech.edu is reachable. -Mon Feb 12 19:15:04 2024
phys43199.physics.gatech.edu is reachable. -Mon Feb 12 19:30:04 2024
phys43199.physics.gatech.edu is reachable. -Mon Feb 12 19:45:05 2024
phys43199.physics.gatech.edu is reachable. -Mon Feb 12 20:00:09 2024
phys43199.physics.gatech.edu is reachable. -Mon Feb 12 20:15:10 2024
phys43199.physics.gatech.edu is reachable. -Mon Feb 12 20:30:14 2024
phys43199.physics.gatech.edu is reachable. -Mon Feb 12 20:45:09 2024
phys43199.physics.gatech.edu is reachable. -Mon Feb 12 21:00:04 2024
phys43199.physics.gatech.edu is reachable. -Mon Feb 12 21:15:05 2024
phys43199.physics.gatech.edu is reachable. -Mon Feb 12 21:30:04 2024
phys43199.physics.gatech.edu is reachable. -Mon Feb 12 21:45:05 2024
phys43199.physics.gatech.edu is reachable. -Mon Feb 12 22:00:04 2024
phys43199.physics.gatech.edu is reachable. -Mon Feb 12 22:15:05 2024
phys43199.physics.gatech.edu is reachable. -Mon Feb 12 22:30:04 2024
phys43199.physics.gatech.edu is reachable. -Mon Feb 12 22:45:05 2024
phys43199.physics.gatech.edu is reachable. -Mon Feb 12 23:00:04 2024
phys43199.physics.gatech.edu is reachable. -Mon Feb 12 23:15:04 2024
phys43199.physics.gatech.edu is reachable. -Mon Feb 12 23:30:04 2024
phys43199.physics.gatech.edu is reachable. -Mon Feb 12 23:45:04 2024
phys43199.physics.gatech.edu is reachable. -Tue Feb 13 00:00:05 2024
phys43199.physics.gatech.edu is reachable. -Tue Feb 13 00:15:04 2024
phys43199.physics.gatech.edu is reachable. -Tue Feb 13 00:30:05 2024
phys43199.physics.gatech.edu is reachable. -Tue Feb 13 00:45:04 2024
phys43199.physics.gatech.edu is reachable. -Tue Feb 13 01:00:04 2024
phys43199.physics.gatech.edu is reachable. -Tue Feb 13 01:15:04 2024
phys43199.physics.gatech.edu is reachable. -Tue Feb 13 01:30:04 2024
phys43199.physics.gatech.edu is reachable. -Tue Feb 13 01:45:04 2024
phys43199.physics.gatech.edu is reachable. -Tue Feb 13 02:00:04 2024
phys43199.physics.gatech.edu is reachable. -Tue Feb 13 02:15:05 2024
phys43199.physics.gatech.edu is reachable. -Tue Feb 13 02:30:04 2024
phys43199.physics.gatech.edu is reachable. -Tue Feb 13 02:45:05 2024
phys43199.physics.gatech.edu is reachable. -Tue Feb 13 03:00:04 2024
phys43199.physics.gatech.edu is reachable. -Tue Feb 13 03:15:05 2024
phys43199.physics.gatech.edu is reachable. -Tue Feb 13 03:30:04 2024
phys43199.physics.gatech.edu is reachable. -Tue Feb 13 03:45:05 2024
phys43199.physics.gatech.edu is reachable. -Tue Feb 13 04:00:04 2024
phys43199.physics.gatech.edu is reachable. -Tue Feb 13 04:15:04 2024
phys43199.physics.gatech.edu is reachable. -Tue Feb 13 04:30:05 2024
phys43199.physics.gatech.edu is reachable. -Tue Feb 13 04:45:04 2024
phys43199.physics.gatech.edu is reachable. -Tue Feb 13 05:00:05 2024
phys43199.physics.gatech.edu is reachable. -Tue Feb 13 05:15:04 2024
phys43199.physics.gatech.edu is reachable. -Tue Feb 13 05:30:05 2024
phys43199.physics.gatech.edu is reachable. -Tue Feb 13 05:45:04 2024
phys43199.physics.gatech.edu is reachable. -Tue Feb 13 06:00:05 2024
phys43199.physics.gatech.edu is reachable. -Tue Feb 13 06:15:04 2024
phys43199.physics.gatech.edu is reachable. -Tue Feb 13 06:30:04 2024
phys43199.physics.gatech.edu is reachable. -Tue Feb 13 06:45:04 2024
phys43199.physics.gatech.edu is reachable. -Tue Feb 13 07:00:04 2024
phys43199.physics.gatech.edu is reachable. -Tue Feb 13 07:15:05 2024
phys43199.physics.gatech.edu is reachable. -Tue Feb 13 07:30:04 2024
phys43199.physics.gatech.edu is reachable. -Tue Feb 13 07:45:05 2024
phys43199.physics.gatech.edu is reachable. -Tue Feb 13 08:00:04 2024
phys43199.physics.gatech.edu is reachable. -Tue Feb 13 08:15:05 2024
phys43199.physics.gatech.edu is reachable. -Tue Feb 13 08:30:04 2024
phys43199.physics.gatech.edu is reachable. -Tue Feb 13 08:45:04 2024
phys43199.physics.gatech.edu is reachable. -Tue Feb 13 09:00:04 2024
phys43199.physics.gatech.edu is reachable. -Tue Feb 13 09:15:04 2024
phys43199.physics.gatech.edu is reachable. -Tue Feb 13 09:30:05 2024
phys43199.physics.gatech.edu is reachable. -Tue Feb 13 09:45:04 2024
phys43199.physics.gatech.edu is reachable. -Tue Feb 13 10:00:05 2024
phys43199.physics.gatech.edu is reachable. -Tue Feb 13 10:15:04 2024
phys43199.physics.gatech.edu is reachable. -Tue Feb 13 10:30:05 2024
phys43199.physics.gatech.edu is reachable. -Tue Feb 13 10:45:04 2024
phys43199.physics.gatech.edu is reachable. -Tue Feb 13 11:00:04 2024
phys43199.physics.gatech.edu is reachable. -Tue Feb 13 11:15:04 2024
phys43199.physics.gatech.edu is reachable. -Tue Feb 13 11:30:04 2024
phys43199.physics.gatech.edu is reachable. -Tue Feb 13 11:45:04 2024
phys43199.physics.gatech.edu is reachable. -Tue Feb 13 12:00:04 2024
phys43199.physics.gatech.edu is reachable. -Tue Feb 13 12:15:05 2024
phys43199.physics.gatech.edu is reachable. -Tue Feb 13 12:30:04 2024
phys43199.physics.gatech.edu is reachable. -Tue Feb 13 12:45:05 2024
phys43199.physics.gatech.edu is reachable. -Tue Feb 13 13:00:04 2024
phys43199.physics.gatech.edu is reachable. -Tue Feb 13 13:15:04 2024
phys43199.physics.gatech.edu is reachable. -Tue Feb 13 13:30:05 2024
phys43199.physics.gatech.edu is reachable. -Tue Feb 13 13:45:04 2024
phys43199.physics.gatech.edu is reachable. -Tue Feb 13 14:00:05 2024
phys43199.physics.gatech.edu is reachable. -Tue Feb 13 14:15:04 2024
phys43199.physics.gatech.edu is reachable. -Tue Feb 13 14:30:04 2024
phys43199.physics.gatech.edu is reachable. -Tue Feb 13 14:45:04 2024
phys43199.physics.gatech.edu is reachable. -Tue Feb 13 15:00:05 2024
phys43199.physics.gatech.edu is reachable. -Tue Feb 13 15:15:04 2024
phys43199.physics.gatech.edu is reachable. -Tue Feb 13 15:30:05 2024
phys43199.physics.gatech.edu is reachable. -Tue Feb 13 15:45:04 2024
phys43199.physics.gatech.edu is reachable. -Tue Feb 13 16:00:05 2024
phys43199.physics.gatech.edu is reachable. -Tue Feb 13 16:15:04 2024
phys43199.physics.gatech.edu is reachable. -Tue Feb 13 16:30:05 2024
phys43199.physics.gatech.edu is reachable. -Tue Feb 13 16:45:04 2024
phys43199.physics.gatech.edu is reachable. -Tue Feb 13 17:00:04 2024
phys43199.physics.gatech.edu is reachable. -Tue Feb 13 17:15:05 2024
phys43199.physics.gatech.edu is reachable. -Tue Feb 13 17:30:04 2024
phys43199.physics.gatech.edu is reachable. -Tue Feb 13 17:45:05 2024
phys43199.physics.gatech.edu is reachable. -Tue Feb 13 18:00:04 2024
phys43199.physics.gatech.edu is reachable. -Tue Feb 13 18:15:05 2024
phys43199.physics.gatech.edu is reachable. -Tue Feb 13 18:30:04 2024
phys43199.physics.gatech.edu is reachable. -Tue Feb 13 18:45:04 2024
phys43199.physics.gatech.edu is reachable. -Tue Feb 13 19:00:04 2024
phys43199.physics.gatech.edu is reachable. -Tue Feb 13 19:15:04 2024
phys43199.physics.gatech.edu is reachable. -Tue Feb 13 19:30:05 2024
phys43199.physics.gatech.edu is reachable. -Tue Feb 13 19:45:04 2024
phys43199.physics.gatech.edu is reachable. -Tue Feb 13 20:00:05 2024
phys43199.physics.gatech.edu is reachable. -Tue Feb 13 20:15:04 2024
phys43199.physics.gatech.edu is reachable. -Tue Feb 13 20:30:05 2024
phys43199.physics.gatech.edu is reachable. -Tue Feb 13 20:45:04 2024
phys43199.physics.gatech.edu is reachable. -Tue Feb 13 21:00:04 2024
phys43199.physics.gatech.edu is reachable. -Tue Feb 13 21:15:04 2024
phys43199.physics.gatech.edu is reachable. -Tue Feb 13 21:30:04 2024
phys43199.physics.gatech.edu is reachable. -Tue Feb 13 21:45:05 2024
phys43199.physics.gatech.edu is reachable. -Tue Feb 13 22:00:04 2024
phys43199.physics.gatech.edu is reachable. -Tue Feb 13 22:15:05 2024
phys43199.physics.gatech.edu is reachable. -Tue Feb 13 22:30:04 2024
phys43199.physics.gatech.edu is reachable. -Tue Feb 13 22:45:05 2024
phys43199.physics.gatech.edu is reachable. -Tue Feb 13 23:00:04 2024
phys43199.physics.gatech.edu is reachable. -Tue Feb 13 23:15:04 2024
phys43199.physics.gatech.edu is reachable. -Tue Feb 13 23:30:05 2024
phys43199.physics.gatech.edu is reachable. -Tue Feb 13 23:45:04 2024
phys43199.physics.gatech.edu is reachable. -Wed Feb 14 00:00:05 2024
phys43199.physics.gatech.edu is reachable. -Wed Feb 14 00:15:04 2024
phys43199.physics.gatech.edu is reachable. -Wed Feb 14 00:30:05 2024
phys43199.physics.gatech.edu is reachable. -Wed Feb 14 00:45:04 2024
phys43199.physics.gatech.edu is reachable. -Wed Feb 14 01:00:04 2024
phys43199.physics.gatech.edu is reachable. -Wed Feb 14 01:15:04 2024
phys43199.physics.gatech.edu is reachable. -Wed Feb 14 01:30:04 2024
phys43199.physics.gatech.edu is reachable. -Wed Feb 14 01:45:05 2024
phys43199.physics.gatech.edu is reachable. -Wed Feb 14 02:00:04 2024
phys43199.physics.gatech.edu is reachable. -Wed Feb 14 02:15:05 2024
phys43199.physics.gatech.edu is reachable. -Wed Feb 14 02:30:04 2024
phys43199.physics.gatech.edu is reachable. -Wed Feb 14 02:45:05 2024
phys43199.physics.gatech.edu is reachable. -Wed Feb 14 03:00:04 2024
phys43199.physics.gatech.edu is reachable. -Wed Feb 14 03:15:05 2024
phys43199.physics.gatech.edu is reachable. -Wed Feb 14 03:30:04 2024
phys43199.physics.gatech.edu is reachable. -Wed Feb 14 03:45:04 2024
phys43199.physics.gatech.edu is reachable. -Wed Feb 14 04:00:04 2024
phys43199.physics.gatech.edu is reachable. -Wed Feb 14 04:15:04 2024
phys43199.physics.gatech.edu is reachable. -Wed Feb 14 04:30:05 2024
phys43199.physics.gatech.edu is reachable. -Wed Feb 14 04:45:04 2024
phys43199.physics.gatech.edu is reachable. -Wed Feb 14 05:00:05 2024
phys43199.physics.gatech.edu is reachable. -Wed Feb 14 05:15:04 2024
phys43199.physics.gatech.edu is reachable. -Wed Feb 14 05:30:05 2024
phys43199.physics.gatech.edu is reachable. -Wed Feb 14 05:45:04 2024
phys43199.physics.gatech.edu is reachable. -Wed Feb 14 06:00:04 2024
phys43199.physics.gatech.edu is reachable. -Wed Feb 14 06:15:04 2024
phys43199.physics.gatech.edu is reachable. -Wed Feb 14 06:30:04 2024
phys43199.physics.gatech.edu is reachable. -Wed Feb 14 06:45:05 2024
phys43199.physics.gatech.edu is reachable. -Wed Feb 14 07:00:04 2024
phys43199.physics.gatech.edu is reachable. -Wed Feb 14 07:15:05 2024
phys43199.physics.gatech.edu is reachable. -Wed Feb 14 07:30:04 2024
phys43199.physics.gatech.edu is reachable. -Wed Feb 14 07:45:05 2024
phys43199.physics.gatech.edu is reachable. -Wed Feb 14 08:00:04 2024
phys43199.physics.gatech.edu is reachable. -Wed Feb 14 08:15:05 2024
phys43199.physics.gatech.edu is reachable. -Wed Feb 14 08:30:04 2024
phys43199.physics.gatech.edu is reachable. -Wed Feb 14 08:45:04 2024
phys43199.physics.gatech.edu is reachable. -Wed Feb 14 09:00:04 2024
phys43199.physics.gatech.edu is reachable. -Wed Feb 14 09:15:04 2024
phys43199.physics.gatech.edu is reachable. -Wed Feb 14 09:30:04 2024
phys43199.physics.gatech.edu is reachable. -Wed Feb 14 09:45:04 2024
phys43199.physics.gatech.edu is reachable. -Wed Feb 14 10:00:05 2024
phys43199.physics.gatech.edu is reachable. -Wed Feb 14 10:15:04 2024
phys43199.physics.gatech.edu is reachable. -Wed Feb 14 10:30:05 2024
phys43199.physics.gatech.edu is reachable. -Wed Feb 14 10:45:04 2024
phys43199.physics.gatech.edu is reachable. -Wed Feb 14 11:00:05 2024
phys43199.physics.gatech.edu is reachable. -Wed Feb 14 11:15:04 2024
phys43199.physics.gatech.edu is reachable. -Wed Feb 14 11:30:04 2024
phys43199.physics.gatech.edu is reachable. -Wed Feb 14 11:45:04 2024
phys43199.physics.gatech.edu is reachable. -Wed Feb 14 12:00:04 2024
phys43199.physics.gatech.edu is reachable. -Wed Feb 14 12:15:05 2024
phys43199.physics.gatech.edu is reachable. -Wed Feb 14 12:30:04 2024
phys43199.physics.gatech.edu is reachable. -Wed Feb 14 12:45:05 2024
phys43199.physics.gatech.edu is reachable. -Wed Feb 14 13:00:04 2024
phys43199.physics.gatech.edu is reachable. -Wed Feb 14 13:15:05 2024
phys43199.physics.gatech.edu is reachable. -Wed Feb 14 13:30:04 2024
phys43199.physics.gatech.edu is reachable. -Wed Feb 14 13:45:05 2024
phys43199.physics.gatech.edu is reachable. -Wed Feb 14 14:00:04 2024
phys43199.physics.gatech.edu is reachable. -Wed Feb 14 14:15:04 2024
phys43199.physics.gatech.edu is reachable. -Wed Feb 14 14:30:04 2024
phys43199.physics.gatech.edu is reachable. -Wed Feb 14 14:45:04 2024
phys43199.physics.gatech.edu is reachable. -Wed Feb 14 15:00:05 2024
phys43199.physics.gatech.edu is reachable. -Wed Feb 14 15:15:04 2024
phys43199.physics.gatech.edu is reachable. -Wed Feb 14 15:30:05 2024
phys43199.physics.gatech.edu is reachable. -Wed Feb 14 15:45:04 2024
phys43199.physics.gatech.edu is reachable. -Wed Feb 14 16:00:05 2024
phys43199.physics.gatech.edu is reachable. -Wed Feb 14 16:15:04 2024
phys43199.physics.gatech.edu is reachable. -Wed Feb 14 16:30:05 2024
phys43199.physics.gatech.edu is reachable. -Wed Feb 14 16:45:04 2024
phys43199.physics.gatech.edu is reachable. -Wed Feb 14 17:00:04 2024
phys43199.physics.gatech.edu is reachable. -Wed Feb 14 17:15:04 2024
phys43199.physics.gatech.edu is reachable. -Wed Feb 14 17:30:05 2024
phys43199.physics.gatech.edu is reachable. -Wed Feb 14 17:45:04 2024
phys43199.physics.gatech.edu is reachable. -Wed Feb 14 18:00:05 2024
phys43199.physics.gatech.edu is reachable. -Wed Feb 14 18:15:04 2024
phys43199.physics.gatech.edu is reachable. -Wed Feb 14 18:30:05 2024
phys43199.physics.gatech.edu is reachable. -Wed Feb 14 18:45:04 2024
phys43199.physics.gatech.edu is reachable. -Wed Feb 14 19:00:05 2024
phys43199.physics.gatech.edu is reachable. -Wed Feb 14 19:15:04 2024
phys43199.physics.gatech.edu is reachable. -Wed Feb 14 19:30:04 2024
phys43199.physics.gatech.edu is reachable. -Wed Feb 14 19:45:04 2024
phys43199.physics.gatech.edu is reachable. -Wed Feb 14 20:00:04 2024
phys43199.physics.gatech.edu is reachable. -Wed Feb 14 20:15:05 2024
phys43199.physics.gatech.edu is reachable. -Wed Feb 14 20:30:04 2024
phys43199.physics.gatech.edu is reachable. -Wed Feb 14 20:45:05 2024
phys43199.physics.gatech.edu is reachable. -Wed Feb 14 21:00:04 2024
phys43199.physics.gatech.edu is reachable. -Wed Feb 14 21:15:04 2024
phys43199.physics.gatech.edu is reachable. -Wed Feb 14 21:30:05 2024
phys43199.physics.gatech.edu is reachable. -Wed Feb 14 21:45:04 2024
phys43199.physics.gatech.edu is reachable. -Wed Feb 14 22:00:05 2024
phys43199.physics.gatech.edu is reachable. -Wed Feb 14 22:15:04 2024
phys43199.physics.gatech.edu is reachable. -Wed Feb 14 22:30:04 2024
phys43199.physics.gatech.edu is reachable. -Wed Feb 14 22:45:05 2024
phys43199.physics.gatech.edu is reachable. -Wed Feb 14 23:00:04 2024
phys43199.physics.gatech.edu is reachable. -Wed Feb 14 23:15:05 2024
phys43199.physics.gatech.edu is reachable. -Wed Feb 14 23:30:04 2024
phys43199.physics.gatech.edu is reachable. -Wed Feb 14 23:45:05 2024
phys43199.physics.gatech.edu is reachable. -Thu Feb 15 00:00:04 2024
phys43199.physics.gatech.edu is reachable. -Thu Feb 15 00:15:04 2024
phys43199.physics.gatech.edu is reachable. -Thu Feb 15 00:30:04 2024
phys43199.physics.gatech.edu is reachable. -Thu Feb 15 00:45:04 2024
phys43199.physics.gatech.edu is reachable. -Thu Feb 15 01:00:04 2024
phys43199.physics.gatech.edu is reachable. -Thu Feb 15 01:15:04 2024
phys43199.physics.gatech.edu is reachable. -Thu Feb 15 01:30:05 2024
phys43199.physics.gatech.edu is reachable. -Thu Feb 15 01:45:04 2024
phys43199.physics.gatech.edu is reachable. -Thu Feb 15 02:00:04 2024
phys43199.physics.gatech.edu is reachable. -Thu Feb 15 02:15:04 2024
phys43199.physics.gatech.edu is reachable. -Thu Feb 15 02:30:04 2024
phys43199.physics.gatech.edu is reachable. -Thu Feb 15 02:45:05 2024
phys43199.physics.gatech.edu is reachable. -Thu Feb 15 03:00:04 2024
phys43199.physics.gatech.edu is reachable. -Thu Feb 15 03:15:05 2024
phys43199.physics.gatech.edu is reachable. -Thu Feb 15 03:30:04 2024
phys43199.physics.gatech.edu is reachable. -Thu Feb 15 03:45:05 2024
phys43199.physics.gatech.edu is reachable. -Thu Feb 15 04:00:04 2024
phys43199.physics.gatech.edu is reachable. -Thu Feb 15 04:15:05 2024
phys43199.physics.gatech.edu is reachable. -Thu Feb 15 04:30:04 2024
phys43199.physics.gatech.edu is reachable. -Thu Feb 15 04:45:05 2024
phys43199.physics.gatech.edu is reachable. -Thu Feb 15 05:00:04 2024
phys43199.physics.gatech.edu is reachable. -Thu Feb 15 05:15:04 2024
phys43199.physics.gatech.edu is reachable. -Thu Feb 15 05:30:05 2024
phys43199.physics.gatech.edu is reachable. -Thu Feb 15 05:45:04 2024
phys43199.physics.gatech.edu is reachable. -Thu Feb 15 06:00:05 2024
phys43199.physics.gatech.edu is reachable. -Thu Feb 15 06:15:04 2024
phys43199.physics.gatech.edu is reachable. -Thu Feb 15 06:30:04 2024
phys43199.physics.gatech.edu is reachable. -Thu Feb 15 06:45:04 2024
phys43199.physics.gatech.edu is reachable. -Thu Feb 15 07:00:04 2024
phys43199.physics.gatech.edu is reachable. -Thu Feb 15 07:15:05 2024
phys43199.physics.gatech.edu is reachable. -Thu Feb 15 07:30:04 2024
phys43199.physics.gatech.edu is reachable. -Thu Feb 15 07:45:05 2024
phys43199.physics.gatech.edu is reachable. -Thu Feb 15 08:00:04 2024
phys43199.physics.gatech.edu is reachable. -Thu Feb 15 08:15:04 2024
phys43199.physics.gatech.edu is reachable. -Thu Feb 15 08:30:04 2024
phys43199.physics.gatech.edu is reachable. -Thu Feb 15 08:45:04 2024
phys43199.physics.gatech.edu is reachable. -Thu Feb 15 09:00:04 2024
phys43199.physics.gatech.edu is reachable. -Thu Feb 15 09:15:05 2024
phys43199.physics.gatech.edu is reachable. -Thu Feb 15 09:30:04 2024
phys43199.physics.gatech.edu is reachable. -Thu Feb 15 09:45:04 2024
phys43199.physics.gatech.edu is reachable. -Thu Feb 15 10:00:04 2024
phys43199.physics.gatech.edu is reachable. -Thu Feb 15 10:15:04 2024
phys43199.physics.gatech.edu is reachable. -Thu Feb 15 10:30:05 2024
phys43199.physics.gatech.edu is reachable. -Thu Feb 15 10:45:04 2024
phys43199.physics.gatech.edu is reachable. -Thu Feb 15 11:00:05 2024
phys43199.physics.gatech.edu is reachable. -Thu Feb 15 11:15:04 2024
phys43199.physics.gatech.edu is reachable. -Thu Feb 15 11:30:05 2024
phys43199.physics.gatech.edu is reachable. -Thu Feb 15 11:45:04 2024
phys43199.physics.gatech.edu is reachable. -Thu Feb 15 12:00:04 2024
phys43199.physics.gatech.edu is reachable. -Thu Feb 15 12:15:04 2024
phys43199.physics.gatech.edu is reachable. -Thu Feb 15 12:30:04 2024
phys43199.physics.gatech.edu is reachable. -Thu Feb 15 12:45:05 2024
phys43199.physics.gatech.edu is reachable. -Thu Feb 15 13:00:04 2024
phys43199.physics.gatech.edu is reachable. -Thu Feb 15 13:15:05 2024
phys43199.physics.gatech.edu is reachable. -Thu Feb 15 13:30:04 2024
phys43199.physics.gatech.edu is reachable. -Thu Feb 15 13:45:05 2024
phys43199.physics.gatech.edu is reachable. -Thu Feb 15 14:00:04 2024
phys43199.physics.gatech.edu is reachable. -Thu Feb 15 14:15:04 2024
phys43199.physics.gatech.edu is reachable. -Thu Feb 15 14:30:04 2024
phys43199.physics.gatech.edu is reachable. -Thu Feb 15 14:45:04 2024
phys43199.physics.gatech.edu is reachable. -Thu Feb 15 15:00:04 2024
phys43199.physics.gatech.edu is reachable. -Thu Feb 15 15:15:04 2024
phys43199.physics.gatech.edu is reachable. -Thu Feb 15 15:30:05 2024
phys43199.physics.gatech.edu is reachable. -Thu Feb 15 15:45:04 2024
phys43199.physics.gatech.edu is reachable. -Thu Feb 15 16:00:05 2024
phys43199.physics.gatech.edu is reachable. -Thu Feb 15 16:15:04 2024
phys43199.physics.gatech.edu is reachable. -Thu Feb 15 16:30:04 2024
phys43199.physics.gatech.edu is reachable. -Thu Feb 15 16:45:05 2024
phys43199.physics.gatech.edu is reachable. -Thu Feb 15 17:00:04 2024
phys43199.physics.gatech.edu is reachable. -Thu Feb 15 17:15:05 2024
phys43199.physics.gatech.edu is reachable. -Thu Feb 15 17:30:04 2024
phys43199.physics.gatech.edu is reachable. -Thu Feb 15 17:45:05 2024
phys43199.physics.gatech.edu is reachable. -Thu Feb 15 18:00:04 2024
phys43199.physics.gatech.edu is reachable. -Thu Feb 15 18:15:04 2024
phys43199.physics.gatech.edu is reachable. -Thu Feb 15 18:30:04 2024
phys43199.physics.gatech.edu is reachable. -Thu Feb 15 18:45:04 2024
phys43199.physics.gatech.edu is reachable. -Thu Feb 15 19:00:05 2024
phys43199.physics.gatech.edu is reachable. -Thu Feb 15 19:15:04 2024
phys43199.physics.gatech.edu is reachable. -Thu Feb 15 19:30:05 2024
phys43199.physics.gatech.edu is reachable. -Thu Feb 15 19:45:04 2024
phys43199.physics.gatech.edu is reachable. -Thu Feb 15 20:00:04 2024
phys43199.physics.gatech.edu is reachable. -Thu Feb 15 20:15:05 2024
phys43199.physics.gatech.edu is reachable. -Thu Feb 15 20:30:04 2024
phys43199.physics.gatech.edu is reachable. -Thu Feb 15 20:45:05 2024
phys43199.physics.gatech.edu is reachable. -Thu Feb 15 21:00:04 2024
phys43199.physics.gatech.edu is reachable. -Thu Feb 15 21:15:05 2024
phys43199.physics.gatech.edu is reachable. -Thu Feb 15 21:30:04 2024
phys43199.physics.gatech.edu is reachable. -Thu Feb 15 21:45:05 2024
phys43199.physics.gatech.edu is reachable. -Thu Feb 15 22:00:04 2024
phys43199.physics.gatech.edu is reachable. -Thu Feb 15 22:15:04 2024
phys43199.physics.gatech.edu is reachable. -Thu Feb 15 22:30:05 2024
phys43199.physics.gatech.edu is reachable. -Thu Feb 15 22:45:04 2024
phys43199.physics.gatech.edu is reachable. -Thu Feb 15 23:00:05 2024
phys43199.physics.gatech.edu is reachable. -Thu Feb 15 23:15:04 2024
phys43199.physics.gatech.edu is reachable. -Thu Feb 15 23:30:05 2024
phys43199.physics.gatech.edu is reachable. -Thu Feb 15 23:45:04 2024
phys43199.physics.gatech.edu is reachable. -Fri Feb 16 00:00:05 2024
phys43199.physics.gatech.edu is reachable. -Fri Feb 16 00:15:04 2024
phys43199.physics.gatech.edu is reachable. -Fri Feb 16 00:30:04 2024
phys43199.physics.gatech.edu is reachable. -Fri Feb 16 00:45:04 2024
phys43199.physics.gatech.edu is reachable. -Fri Feb 16 01:00:04 2024
phys43199.physics.gatech.edu is reachable. -Fri Feb 16 01:15:04 2024
phys43199.physics.gatech.edu is reachable. -Fri Feb 16 01:30:04 2024
phys43199.physics.gatech.edu is reachable. -Fri Feb 16 01:45:05 2024
phys43199.physics.gatech.edu is reachable. -Fri Feb 16 02:00:04 2024
phys43199.physics.gatech.edu is reachable. -Fri Feb 16 02:15:05 2024
phys43199.physics.gatech.edu is reachable. -Fri Feb 16 02:30:04 2024
phys43199.physics.gatech.edu is reachable. -Fri Feb 16 02:45:04 2024
phys43199.physics.gatech.edu is reachable. -Fri Feb 16 03:00:04 2024
phys43199.physics.gatech.edu is reachable. -Fri Feb 16 03:15:04 2024
phys43199.physics.gatech.edu is reachable. -Fri Feb 16 03:30:05 2024
phys43199.physics.gatech.edu is reachable. -Fri Feb 16 03:45:04 2024
phys43199.physics.gatech.edu is reachable. -Fri Feb 16 04:00:05 2024
phys43199.physics.gatech.edu is reachable. -Fri Feb 16 04:15:04 2024
phys43199.physics.gatech.edu is reachable. -Fri Feb 16 04:30:05 2024
phys43199.physics.gatech.edu is reachable. -Fri Feb 16 04:45:04 2024
phys43199.physics.gatech.edu is reachable. -Fri Feb 16 05:00:05 2024
phys43199.physics.gatech.edu is reachable. -Fri Feb 16 05:15:04 2024
phys43199.physics.gatech.edu is reachable. -Fri Feb 16 05:30:04 2024
phys43199.physics.gatech.edu is reachable. -Fri Feb 16 05:45:05 2024
phys43199.physics.gatech.edu is reachable. -Fri Feb 16 06:00:04 2024
phys43199.physics.gatech.edu is reachable. -Fri Feb 16 06:15:04 2024
phys43199.physics.gatech.edu is reachable. -Fri Feb 16 06:30:04 2024
phys43199.physics.gatech.edu is reachable. -Fri Feb 16 06:45:04 2024
phys43199.physics.gatech.edu is reachable. -Fri Feb 16 07:00:04 2024
phys43199.physics.gatech.edu is reachable. -Fri Feb 16 07:15:05 2024
phys43199.physics.gatech.edu is reachable. -Fri Feb 16 07:30:04 2024
phys43199.physics.gatech.edu is reachable. -Fri Feb 16 07:45:05 2024
phys43199.physics.gatech.edu is reachable. -Fri Feb 16 08:00:04 2024
phys43199.physics.gatech.edu is reachable. -Fri Feb 16 08:15:04 2024
phys43199.physics.gatech.edu is reachable. -Fri Feb 16 08:30:04 2024
phys43199.physics.gatech.edu is reachable. -Fri Feb 16 08:45:04 2024
phys43199.physics.gatech.edu is reachable. -Fri Feb 16 09:00:04 2024
phys43199.physics.gatech.edu is reachable. -Fri Feb 16 09:15:04 2024
phys43199.physics.gatech.edu is reachable. -Fri Feb 16 09:30:05 2024
phys43199.physics.gatech.edu is reachable. -Fri Feb 16 09:45:04 2024
phys43199.physics.gatech.edu is reachable. -Fri Feb 16 10:00:04 2024
phys43199.physics.gatech.edu is reachable. -Fri Feb 16 10:15:04 2024
phys43199.physics.gatech.edu is reachable. -Fri Feb 16 10:30:04 2024
phys43199.physics.gatech.edu is reachable. -Fri Feb 16 10:45:05 2024
phys43199.physics.gatech.edu is reachable. -Fri Feb 16 11:00:04 2024
phys43199.physics.gatech.edu is reachable. -Fri Feb 16 11:15:05 2024
phys43199.physics.gatech.edu is reachable. -Fri Feb 16 11:30:04 2024
phys43199.physics.gatech.edu is reachable. -Fri Feb 16 11:45:04 2024
phys43199.physics.gatech.edu is reachable. -Fri Feb 16 12:00:04 2024
phys43199.physics.gatech.edu is reachable. -Fri Feb 16 12:15:04 2024
phys43199.physics.gatech.edu is reachable. -Fri Feb 16 12:30:05 2024
phys43199.physics.gatech.edu is reachable. -Fri Feb 16 12:45:04 2024
phys43199.physics.gatech.edu is reachable. -Fri Feb 16 13:00:05 2024
phys43199.physics.gatech.edu is reachable. -Fri Feb 16 13:15:04 2024
phys43199.physics.gatech.edu is reachable. -Fri Feb 16 13:30:05 2024
phys43199.physics.gatech.edu is reachable. -Fri Feb 16 13:45:04 2024
phys43199.physics.gatech.edu is reachable. -Fri Feb 16 14:00:04 2024
phys43199.physics.gatech.edu is reachable. -Fri Feb 16 14:15:05 2024
phys43199.physics.gatech.edu is reachable. -Fri Feb 16 14:30:04 2024
phys43199.physics.gatech.edu is reachable. -Fri Feb 16 14:45:05 2024
phys43199.physics.gatech.edu is reachable. -Fri Feb 16 15:00:04 2024
phys43199.physics.gatech.edu is reachable. -Fri Feb 16 15:15:05 2024
phys43199.physics.gatech.edu is reachable. -Fri Feb 16 15:30:04 2024
phys43199.physics.gatech.edu is reachable. -Fri Feb 16 15:45:05 2024
phys43199.physics.gatech.edu is reachable. -Fri Feb 16 16:00:04 2024
phys43199.physics.gatech.edu is reachable. -Fri Feb 16 16:15:04 2024
phys43199.physics.gatech.edu is reachable. -Fri Feb 16 16:30:05 2024
phys43199.physics.gatech.edu is reachable. -Fri Feb 16 16:45:04 2024
phys43199.physics.gatech.edu is reachable. -Fri Feb 16 17:00:05 2024
phys43199.physics.gatech.edu is reachable. -Fri Feb 16 17:15:04 2024
phys43199.physics.gatech.edu is reachable. -Fri Feb 16 17:30:04 2024
phys43199.physics.gatech.edu is reachable. -Fri Feb 16 17:45:04 2024
phys43199.physics.gatech.edu is reachable. -Fri Feb 16 18:00:04 2024
phys43199.physics.gatech.edu is reachable. -Fri Feb 16 18:15:05 2024
phys43199.physics.gatech.edu is reachable. -Fri Feb 16 18:30:04 2024
phys43199.physics.gatech.edu is reachable. -Fri Feb 16 18:45:05 2024
phys43199.physics.gatech.edu is reachable. -Fri Feb 16 19:00:04 2024
phys43199.physics.gatech.edu is reachable. -Fri Feb 16 19:15:05 2024
phys43199.physics.gatech.edu is reachable. -Fri Feb 16 19:30:04 2024
phys43199.physics.gatech.edu is reachable. -Fri Feb 16 19:45:04 2024
phys43199.physics.gatech.edu is reachable. -Fri Feb 16 20:00:05 2024
phys43199.physics.gatech.edu is reachable. -Fri Feb 16 20:15:04 2024
phys43199.physics.gatech.edu is reachable. -Fri Feb 16 20:30:05 2024
phys43199.physics.gatech.edu is reachable. -Fri Feb 16 20:45:04 2024
phys43199.physics.gatech.edu is reachable. -Fri Feb 16 21:00:04 2024
phys43199.physics.gatech.edu is reachable. -Fri Feb 16 21:15:04 2024
phys43199.physics.gatech.edu is reachable. -Fri Feb 16 21:30:05 2024
phys43199.physics.gatech.edu is reachable. -Fri Feb 16 21:45:04 2024
phys43199.physics.gatech.edu is reachable. -Fri Feb 16 22:00:05 2024
phys43199.physics.gatech.edu is reachable. -Fri Feb 16 22:15:04 2024
phys43199.physics.gatech.edu is reachable. -Fri Feb 16 22:30:04 2024
phys43199.physics.gatech.edu is reachable. -Fri Feb 16 22:45:05 2024
phys43199.physics.gatech.edu is reachable. -Fri Feb 16 23:00:04 2024
phys43199.physics.gatech.edu is reachable. -Fri Feb 16 23:15:05 2024
phys43199.physics.gatech.edu is reachable. -Fri Feb 16 23:30:04 2024
phys43199.physics.gatech.edu is reachable. -Fri Feb 16 23:45:04 2024
phys43199.physics.gatech.edu is reachable. -Sat Feb 17 00:00:05 2024
phys43199.physics.gatech.edu is reachable. -Sat Feb 17 00:15:04 2024
phys43199.physics.gatech.edu is reachable. -Sat Feb 17 00:30:05 2024
phys43199.physics.gatech.edu is reachable. -Sat Feb 17 00:45:04 2024
phys43199.physics.gatech.edu is reachable. -Sat Feb 17 01:00:05 2024
phys43199.physics.gatech.edu is reachable. -Sat Feb 17 01:15:04 2024
phys43199.physics.gatech.edu is reachable. -Sat Feb 17 01:30:04 2024
phys43199.physics.gatech.edu is reachable. -Sat Feb 17 01:45:04 2024
phys43199.physics.gatech.edu is reachable. -Sat Feb 17 02:00:04 2024
phys43199.physics.gatech.edu is reachable. -Sat Feb 17 02:15:05 2024
phys43199.physics.gatech.edu is reachable. -Sat Feb 17 02:30:04 2024
phys43199.physics.gatech.edu is reachable. -Sat Feb 17 02:45:05 2024
phys43199.physics.gatech.edu is reachable. -Sat Feb 17 03:00:04 2024
phys43199.physics.gatech.edu is reachable. -Sat Feb 17 03:15:05 2024
phys43199.physics.gatech.edu is reachable. -Sat Feb 17 03:30:04 2024
phys43199.physics.gatech.edu is reachable. -Sat Feb 17 03:45:04 2024
phys43199.physics.gatech.edu is reachable. -Sat Feb 17 04:00:05 2024
phys43199.physics.gatech.edu is reachable. -Sat Feb 17 04:15:04 2024
phys43199.physics.gatech.edu is reachable. -Sat Feb 17 04:30:05 2024
phys43199.physics.gatech.edu is reachable. -Sat Feb 17 04:45:04 2024
phys43199.physics.gatech.edu is reachable. -Sat Feb 17 05:00:05 2024
phys43199.physics.gatech.edu is reachable. -Sat Feb 17 05:15:04 2024
phys43199.physics.gatech.edu is reachable. -Sat Feb 17 05:30:05 2024
phys43199.physics.gatech.edu is reachable. -Sat Feb 17 05:45:04 2024
phys43199.physics.gatech.edu is reachable. -Sat Feb 17 06:00:04 2024
phys43199.physics.gatech.edu is reachable. -Sat Feb 17 06:15:04 2024
phys43199.physics.gatech.edu is reachable. -Sat Feb 17 06:30:04 2024
phys43199.physics.gatech.edu is reachable. -Sat Feb 17 06:45:05 2024
phys43199.physics.gatech.edu is reachable. -Sat Feb 17 07:00:04 2024
phys43199.physics.gatech.edu is reachable. -Sat Feb 17 07:15:04 2024
phys43199.physics.gatech.edu is reachable. -Sat Feb 17 07:30:04 2024
phys43199.physics.gatech.edu is reachable. -Sat Feb 17 07:45:04 2024
phys43199.physics.gatech.edu is reachable. -Sat Feb 17 08:00:05 2024
phys43199.physics.gatech.edu is reachable. -Sat Feb 17 08:15:04 2024
phys43199.physics.gatech.edu is reachable. -Sat Feb 17 08:30:05 2024
phys43199.physics.gatech.edu is reachable. -Sat Feb 17 08:45:04 2024
phys43199.physics.gatech.edu is reachable. -Sat Feb 17 09:00:04 2024
phys43199.physics.gatech.edu is reachable. -Sat Feb 17 09:15:04 2024
phys43199.physics.gatech.edu is reachable. -Sat Feb 17 09:30:04 2024
phys43199.physics.gatech.edu is reachable. -Sat Feb 17 09:45:05 2024
phys43199.physics.gatech.edu is reachable. -Sat Feb 17 10:00:04 2024
phys43199.physics.gatech.edu is reachable. -Sat Feb 17 10:15:05 2024
phys43199.physics.gatech.edu is reachable. -Sat Feb 17 10:30:04 2024
phys43199.physics.gatech.edu is reachable. -Sat Feb 17 10:45:05 2024
phys43199.physics.gatech.edu is reachable. -Sat Feb 17 11:00:04 2024
phys43199.physics.gatech.edu is reachable. -Sat Feb 17 11:15:04 2024
phys43199.physics.gatech.edu is reachable. -Sat Feb 17 11:30:05 2024
phys43199.physics.gatech.edu is reachable. -Sat Feb 17 11:45:04 2024
phys43199.physics.gatech.edu is reachable. -Sat Feb 17 12:00:05 2024
phys43199.physics.gatech.edu is reachable. -Sat Feb 17 12:15:04 2024
phys43199.physics.gatech.edu is reachable. -Sat Feb 17 12:30:05 2024
phys43199.physics.gatech.edu is reachable. -Sat Feb 17 12:45:04 2024
phys43199.physics.gatech.edu is reachable. -Sat Feb 17 13:00:04 2024
phys43199.physics.gatech.edu is reachable. -Sat Feb 17 13:15:04 2024
phys43199.physics.gatech.edu is reachable. -Sat Feb 17 13:30:04 2024
phys43199.physics.gatech.edu is reachable. -Sat Feb 17 13:45:05 2024
phys43199.physics.gatech.edu is reachable. -Sat Feb 17 14:00:04 2024
phys43199.physics.gatech.edu is reachable. -Sat Feb 17 14:15:05 2024
phys43199.physics.gatech.edu is reachable. -Sat Feb 17 14:30:04 2024
phys43199.physics.gatech.edu is reachable. -Sat Feb 17 14:45:04 2024
phys43199.physics.gatech.edu is reachable. -Sat Feb 17 15:00:04 2024
phys43199.physics.gatech.edu is reachable. -Sat Feb 17 15:15:04 2024
phys43199.physics.gatech.edu is reachable. -Sat Feb 17 15:30:05 2024
phys43199.physics.gatech.edu is reachable. -Sat Feb 17 15:45:04 2024
phys43199.physics.gatech.edu is reachable. -Sat Feb 17 16:00:04 2024
phys43199.physics.gatech.edu is reachable. -Sat Feb 17 16:15:05 2024
phys43199.physics.gatech.edu is reachable. -Sat Feb 17 16:30:04 2024
phys43199.physics.gatech.edu is reachable. -Sat Feb 17 16:45:05 2024
phys43199.physics.gatech.edu is reachable. -Sat Feb 17 17:00:04 2024
phys43199.physics.gatech.edu is reachable. -Sat Feb 17 17:15:05 2024
phys43199.physics.gatech.edu is reachable. -Sat Feb 17 17:30:04 2024
phys43199.physics.gatech.edu is reachable. -Sat Feb 17 17:45:04 2024
phys43199.physics.gatech.edu is reachable. -Sat Feb 17 18:00:04 2024
phys43199.physics.gatech.edu is reachable. -Sat Feb 17 18:15:04 2024
phys43199.physics.gatech.edu is reachable. -Sat Feb 17 18:30:05 2024
phys43199.physics.gatech.edu is reachable. -Sat Feb 17 18:45:04 2024
phys43199.physics.gatech.edu is reachable. -Sat Feb 17 19:00:05 2024
phys43199.physics.gatech.edu is reachable. -Sat Feb 17 19:15:04 2024
phys43199.physics.gatech.edu is reachable. -Sat Feb 17 19:30:04 2024
phys43199.physics.gatech.edu is reachable. -Sat Feb 17 19:45:04 2024
phys43199.physics.gatech.edu is reachable. -Sat Feb 17 20:00:04 2024
phys43199.physics.gatech.edu is reachable. -Sat Feb 17 20:15:05 2024
phys43199.physics.gatech.edu is reachable. -Sat Feb 17 20:30:04 2024
phys43199.physics.gatech.edu is reachable. -Sat Feb 17 20:45:04 2024
phys43199.physics.gatech.edu is reachable. -Sat Feb 17 21:00:05 2024
phys43199.physics.gatech.edu is reachable. -Sat Feb 17 21:15:04 2024
phys43199.physics.gatech.edu is reachable. -Sat Feb 17 21:30:05 2024
phys43199.physics.gatech.edu is reachable. -Sat Feb 17 21:45:05 2024
phys43199.physics.gatech.edu is reachable. -Sat Feb 17 22:00:04 2024
phys43199.physics.gatech.edu is reachable. -Sat Feb 17 22:15:05 2024
phys43199.physics.gatech.edu is reachable. -Sat Feb 17 22:30:04 2024
phys43199.physics.gatech.edu is reachable. -Sat Feb 17 22:45:05 2024
phys43199.physics.gatech.edu is reachable. -Sat Feb 17 23:00:04 2024
phys43199.physics.gatech.edu is reachable. -Sat Feb 17 23:15:05 2024
phys43199.physics.gatech.edu is reachable. -Sat Feb 17 23:30:04 2024
phys43199.physics.gatech.edu is reachable. -Sat Feb 17 23:45:05 2024
phys43199.physics.gatech.edu is reachable. -Sun Feb 18 00:00:05 2024
phys43199.physics.gatech.edu is reachable. -Sun Feb 18 00:15:04 2024
phys43199.physics.gatech.edu is reachable. -Sun Feb 18 00:30:05 2024
phys43199.physics.gatech.edu is reachable. -Sun Feb 18 00:45:04 2024
phys43199.physics.gatech.edu is reachable. -Sun Feb 18 01:00:04 2024
phys43199.physics.gatech.edu is reachable. -Sun Feb 18 01:15:05 2024
phys43199.physics.gatech.edu is reachable. -Sun Feb 18 01:30:04 2024
phys43199.physics.gatech.edu is reachable. -Sun Feb 18 01:45:05 2024
phys43199.physics.gatech.edu is reachable. -Sun Feb 18 02:00:04 2024
phys43199.physics.gatech.edu is reachable. -Sun Feb 18 02:15:04 2024
phys43199.physics.gatech.edu is reachable. -Sun Feb 18 02:30:05 2024
phys43199.physics.gatech.edu is reachable. -Sun Feb 18 02:45:04 2024
phys43199.physics.gatech.edu is reachable. -Sun Feb 18 03:00:05 2024
phys43199.physics.gatech.edu is reachable. -Sun Feb 18 03:15:04 2024
phys43199.physics.gatech.edu is reachable. -Sun Feb 18 03:30:04 2024
phys43199.physics.gatech.edu is reachable. -Sun Feb 18 03:45:04 2024
phys43199.physics.gatech.edu is reachable. -Sun Feb 18 04:00:04 2024
phys43199.physics.gatech.edu is reachable. -Sun Feb 18 04:15:04 2024
phys43199.physics.gatech.edu is reachable. -Sun Feb 18 04:30:04 2024
phys43199.physics.gatech.edu is reachable. -Sun Feb 18 04:45:04 2024
phys43199.physics.gatech.edu is reachable. -Sun Feb 18 05:00:04 2024
phys43199.physics.gatech.edu is reachable. -Sun Feb 18 05:15:05 2024
phys43199.physics.gatech.edu is reachable. -Sun Feb 18 05:30:04 2024
phys43199.physics.gatech.edu is reachable. -Sun Feb 18 05:45:05 2024
phys43199.physics.gatech.edu is reachable. -Sun Feb 18 06:00:04 2024
phys43199.physics.gatech.edu is reachable. -Sun Feb 18 06:15:04 2024
phys43199.physics.gatech.edu is reachable. -Sun Feb 18 06:30:05 2024
phys43199.physics.gatech.edu is reachable. -Sun Feb 18 06:45:04 2024
phys43199.physics.gatech.edu is reachable. -Sun Feb 18 07:00:05 2024
phys43199.physics.gatech.edu is reachable. -Sun Feb 18 07:15:05 2024
phys43199.physics.gatech.edu is reachable. -Sun Feb 18 07:30:04 2024
phys43199.physics.gatech.edu is reachable. -Sun Feb 18 07:45:05 2024
phys43199.physics.gatech.edu is reachable. -Sun Feb 18 08:00:04 2024
phys43199.physics.gatech.edu is reachable. -Sun Feb 18 08:15:05 2024
phys43199.physics.gatech.edu is reachable. -Sun Feb 18 08:30:04 2024
phys43199.physics.gatech.edu is reachable. -Sun Feb 18 08:45:05 2024
phys43199.physics.gatech.edu is reachable. -Sun Feb 18 09:00:04 2024
phys43199.physics.gatech.edu is reachable. -Sun Feb 18 09:15:05 2024
phys43199.physics.gatech.edu is reachable. -Sun Feb 18 09:30:04 2024
phys43199.physics.gatech.edu is reachable. -Sun Feb 18 09:45:04 2024
phys43199.physics.gatech.edu is reachable. -Sun Feb 18 10:00:05 2024
phys43199.physics.gatech.edu is reachable. -Sun Feb 18 10:15:04 2024
phys43199.physics.gatech.edu is reachable. -Sun Feb 18 10:30:05 2024
phys43199.physics.gatech.edu is reachable. -Sun Feb 18 10:45:04 2024
phys43199.physics.gatech.edu is reachable. -Sun Feb 18 11:00:05 2024
phys43199.physics.gatech.edu is reachable. -Sun Feb 18 11:15:04 2024
phys43199.physics.gatech.edu is reachable. -Sun Feb 18 11:30:04 2024
phys43199.physics.gatech.edu is reachable. -Sun Feb 18 11:45:05 2024
phys43199.physics.gatech.edu is reachable. -Sun Feb 18 12:00:04 2024
phys43199.physics.gatech.edu is reachable. -Sun Feb 18 12:15:05 2024
phys43199.physics.gatech.edu is reachable. -Sun Feb 18 12:30:04 2024
phys43199.physics.gatech.edu is reachable. -Sun Feb 18 12:45:04 2024
phys43199.physics.gatech.edu is reachable. -Sun Feb 18 13:00:05 2024
phys43199.physics.gatech.edu is reachable. -Sun Feb 18 13:15:04 2024
phys43199.physics.gatech.edu is reachable. -Sun Feb 18 13:30:05 2024
phys43199.physics.gatech.edu is reachable. -Sun Feb 18 13:45:04 2024
phys43199.physics.gatech.edu is reachable. -Sun Feb 18 14:00:04 2024
phys43199.physics.gatech.edu is reachable. -Sun Feb 18 14:15:04 2024
phys43199.physics.gatech.edu is reachable. -Sun Feb 18 14:30:04 2024
phys43199.physics.gatech.edu is reachable. -Sun Feb 18 14:45:05 2024
phys43199.physics.gatech.edu is reachable. -Sun Feb 18 15:00:04 2024
phys43199.physics.gatech.edu is reachable. -Sun Feb 18 15:15:04 2024
phys43199.physics.gatech.edu is reachable. -Sun Feb 18 15:30:05 2024
phys43199.physics.gatech.edu is reachable. -Sun Feb 18 15:45:04 2024
phys43199.physics.gatech.edu is reachable. -Sun Feb 18 16:00:05 2024
phys43199.physics.gatech.edu is reachable. -Sun Feb 18 16:15:04 2024
phys43199.physics.gatech.edu is reachable. -Sun Feb 18 16:30:05 2024
phys43199.physics.gatech.edu is reachable. -Sun Feb 18 16:45:04 2024
phys43199.physics.gatech.edu is reachable. -Sun Feb 18 17:00:05 2024
phys43199.physics.gatech.edu is reachable. -Sun Feb 18 17:15:04 2024
phys43199.physics.gatech.edu is reachable. -Sun Feb 18 17:30:04 2024
phys43199.physics.gatech.edu is reachable. -Sun Feb 18 17:45:05 2024
phys43199.physics.gatech.edu is reachable. -Sun Feb 18 18:00:04 2024
phys43199.physics.gatech.edu is reachable. -Sun Feb 18 18:15:05 2024
phys43199.physics.gatech.edu is reachable. -Sun Feb 18 18:30:04 2024
phys43199.physics.gatech.edu is reachable. -Sun Feb 18 18:45:05 2024
phys43199.physics.gatech.edu is reachable. -Sun Feb 18 19:00:04 2024
phys43199.physics.gatech.edu is reachable. -Sun Feb 18 19:15:04 2024
phys43199.physics.gatech.edu is reachable. -Sun Feb 18 19:30:04 2024
phys43199.physics.gatech.edu is reachable. -Sun Feb 18 19:45:04 2024
phys43199.physics.gatech.edu is reachable. -Sun Feb 18 20:00:05 2024
phys43199.physics.gatech.edu is reachable. -Sun Feb 18 20:15:04 2024
phys43199.physics.gatech.edu is reachable. -Sun Feb 18 20:30:05 2024
phys43199.physics.gatech.edu is reachable. -Sun Feb 18 20:45:04 2024
phys43199.physics.gatech.edu is reachable. -Sun Feb 18 21:00:04 2024
phys43199.physics.gatech.edu is reachable. -Sun Feb 18 21:15:04 2024
phys43199.physics.gatech.edu is reachable. -Sun Feb 18 21:30:04 2024
phys43199.physics.gatech.edu is reachable. -Sun Feb 18 21:45:04 2024
phys43199.physics.gatech.edu is reachable. -Sun Feb 18 22:00:04 2024
phys43199.physics.gatech.edu is reachable. -Sun Feb 18 22:15:05 2024
phys43199.physics.gatech.edu is reachable. -Sun Feb 18 22:30:04 2024
phys43199.physics.gatech.edu is reachable. -Sun Feb 18 22:45:05 2024
phys43199.physics.gatech.edu is reachable. -Sun Feb 18 23:00:04 2024
phys43199.physics.gatech.edu is reachable. -Sun Feb 18 23:15:04 2024
phys43199.physics.gatech.edu is reachable. -Sun Feb 18 23:30:05 2024
phys43199.physics.gatech.edu is reachable. -Sun Feb 18 23:45:04 2024
phys43199.physics.gatech.edu is reachable. -Mon Feb 19 00:00:05 2024
phys43199.physics.gatech.edu is reachable. -Mon Feb 19 00:15:04 2024
phys43199.physics.gatech.edu is reachable. -Mon Feb 19 00:30:04 2024
phys43199.physics.gatech.edu is reachable. -Mon Feb 19 00:45:05 2024
phys43199.physics.gatech.edu is reachable. -Mon Feb 19 01:00:04 2024
phys43199.physics.gatech.edu is reachable. -Mon Feb 19 01:15:05 2024
phys43199.physics.gatech.edu is reachable. -Mon Feb 19 01:30:04 2024
phys43199.physics.gatech.edu is reachable. -Mon Feb 19 01:45:04 2024
phys43199.physics.gatech.edu is reachable. -Mon Feb 19 02:00:04 2024
phys43199.physics.gatech.edu is reachable. -Mon Feb 19 02:15:04 2024
phys43199.physics.gatech.edu is reachable. -Mon Feb 19 02:30:05 2024
phys43199.physics.gatech.edu is reachable. -Mon Feb 19 02:45:04 2024
phys43199.physics.gatech.edu is reachable. -Mon Feb 19 03:00:05 2024
phys43199.physics.gatech.edu is reachable. -Mon Feb 19 03:15:04 2024
phys43199.physics.gatech.edu is reachable. -Mon Feb 19 03:30:05 2024
phys43199.physics.gatech.edu is reachable. -Mon Feb 19 03:45:04 2024
phys43199.physics.gatech.edu is reachable. -Mon Feb 19 04:00:04 2024
phys43199.physics.gatech.edu is reachable. -Mon Feb 19 04:15:05 2024
phys43199.physics.gatech.edu is reachable. -Mon Feb 19 04:30:04 2024
phys43199.physics.gatech.edu is reachable. -Mon Feb 19 04:45:05 2024
phys43199.physics.gatech.edu is reachable. -Mon Feb 19 05:00:04 2024
phys43199.physics.gatech.edu is reachable. -Mon Feb 19 05:15:05 2024
phys43199.physics.gatech.edu is reachable. -Mon Feb 19 05:30:04 2024
phys43199.physics.gatech.edu is reachable. -Mon Feb 19 05:45:04 2024
phys43199.physics.gatech.edu is reachable. -Mon Feb 19 06:00:04 2024
phys43199.physics.gatech.edu is reachable. -Mon Feb 19 06:15:04 2024
phys43199.physics.gatech.edu is reachable. -Mon Feb 19 06:30:05 2024
phys43199.physics.gatech.edu is reachable. -Mon Feb 19 06:45:04 2024
phys43199.physics.gatech.edu is reachable. -Mon Feb 19 07:00:04 2024
phys43199.physics.gatech.edu is reachable. -Mon Feb 19 07:15:04 2024
phys43199.physics.gatech.edu is reachable. -Mon Feb 19 07:30:04 2024
phys43199.physics.gatech.edu is reachable. -Mon Feb 19 07:45:05 2024
phys43199.physics.gatech.edu is reachable. -Mon Feb 19 08:00:04 2024
phys43199.physics.gatech.edu is reachable. -Mon Feb 19 08:15:04 2024
phys43199.physics.gatech.edu is reachable. -Mon Feb 19 08:30:04 2024
phys43199.physics.gatech.edu is reachable. -Mon Feb 19 08:45:04 2024
phys43199.physics.gatech.edu is reachable. -Mon Feb 19 09:00:05 2024
phys43199.physics.gatech.edu is reachable. -Mon Feb 19 09:15:04 2024
phys43199.physics.gatech.edu is reachable. -Mon Feb 19 09:30:04 2024
phys43199.physics.gatech.edu is reachable. -Mon Feb 19 09:45:05 2024
phys43199.physics.gatech.edu is reachable. -Mon Feb 19 10:00:04 2024
phys43199.physics.gatech.edu is reachable. -Mon Feb 19 10:15:05 2024
phys43199.physics.gatech.edu is reachable. -Mon Feb 19 10:30:04 2024
phys43199.physics.gatech.edu is reachable. -Mon Feb 19 10:45:05 2024
phys43199.physics.gatech.edu is reachable. -Mon Feb 19 11:00:04 2024
phys43199.physics.gatech.edu is reachable. -Mon Feb 19 11:15:04 2024
phys43199.physics.gatech.edu is reachable. -Mon Feb 19 11:30:05 2024
phys43199.physics.gatech.edu is reachable. -Mon Feb 19 11:45:04 2024
phys43199.physics.gatech.edu is reachable. -Mon Feb 19 12:00:05 2024
phys43199.physics.gatech.edu is reachable. -Mon Feb 19 12:15:04 2024
phys43199.physics.gatech.edu is reachable. -Mon Feb 19 12:30:04 2024
phys43199.physics.gatech.edu is reachable. -Mon Feb 19 12:45:05 2024
phys43199.physics.gatech.edu is reachable. -Mon Feb 19 13:00:04 2024
phys43199.physics.gatech.edu is reachable. -Mon Feb 19 13:15:04 2024
phys43199.physics.gatech.edu is reachable. -Mon Feb 19 13:30:04 2024
phys43199.physics.gatech.edu is reachable. -Mon Feb 19 13:45:04 2024
phys43199.physics.gatech.edu is reachable. -Mon Feb 19 14:00:05 2024
phys43199.physics.gatech.edu is reachable. -Mon Feb 19 14:15:04 2024
phys43199.physics.gatech.edu is reachable. -Mon Feb 19 14:30:05 2024
phys43199.physics.gatech.edu is reachable. -Mon Feb 19 14:45:04 2024
phys43199.physics.gatech.edu is reachable. -Mon Feb 19 15:00:05 2024
phys43199.physics.gatech.edu is reachable. -Mon Feb 19 15:15:04 2024
phys43199.physics.gatech.edu is reachable. -Mon Feb 19 15:30:04 2024
phys43199.physics.gatech.edu is reachable. -Mon Feb 19 15:45:05 2024
phys43199.physics.gatech.edu is reachable. -Mon Feb 19 16:00:04 2024
phys43199.physics.gatech.edu is reachable. -Mon Feb 19 16:15:05 2024
phys43199.physics.gatech.edu is reachable. -Mon Feb 19 16:30:04 2024
phys43199.physics.gatech.edu is reachable. -Mon Feb 19 16:45:05 2024
phys43199.physics.gatech.edu is reachable. -Mon Feb 19 17:00:04 2024
phys43199.physics.gatech.edu is reachable. -Mon Feb 19 17:15:04 2024
phys43199.physics.gatech.edu is reachable. -Mon Feb 19 17:30:05 2024
phys43199.physics.gatech.edu is reachable. -Mon Feb 19 17:45:04 2024
phys43199.physics.gatech.edu is reachable. -Mon Feb 19 18:00:05 2024
phys43199.physics.gatech.edu is reachable. -Mon Feb 19 18:15:04 2024
phys43199.physics.gatech.edu is reachable. -Mon Feb 19 18:30:05 2024
phys43199.physics.gatech.edu is reachable. -Mon Feb 19 18:45:04 2024
phys43199.physics.gatech.edu is reachable. -Mon Feb 19 19:00:05 2024
phys43199.physics.gatech.edu is reachable. -Mon Feb 19 19:15:04 2024
phys43199.physics.gatech.edu is reachable. -Mon Feb 19 19:30:04 2024
phys43199.physics.gatech.edu is reachable. -Mon Feb 19 19:45:05 2024
phys43199.physics.gatech.edu is reachable. -Mon Feb 19 20:00:04 2024
phys43199.physics.gatech.edu is reachable. -Mon Feb 19 20:15:05 2024
phys43199.physics.gatech.edu is reachable. -Mon Feb 19 20:30:04 2024
phys43199.physics.gatech.edu is reachable. -Mon Feb 19 20:45:04 2024
phys43199.physics.gatech.edu is reachable. -Mon Feb 19 21:00:05 2024
phys43199.physics.gatech.edu is reachable. -Mon Feb 19 21:15:04 2024
phys43199.physics.gatech.edu is reachable. -Mon Feb 19 21:30:04 2024
phys43199.physics.gatech.edu is reachable. -Mon Feb 19 21:45:04 2024
phys43199.physics.gatech.edu is reachable. -Mon Feb 19 22:00:04 2024
phys43199.physics.gatech.edu is reachable. -Mon Feb 19 22:15:05 2024
phys43199.physics.gatech.edu is reachable. -Mon Feb 19 22:30:04 2024
phys43199.physics.gatech.edu is reachable. -Mon Feb 19 22:45:04 2024
phys43199.physics.gatech.edu is reachable. -Mon Feb 19 23:00:05 2024
phys43199.physics.gatech.edu is reachable. -Mon Feb 19 23:15:04 2024
phys43199.physics.gatech.edu is reachable. -Mon Feb 19 23:30:05 2024
phys43199.physics.gatech.edu is reachable. -Mon Feb 19 23:45:04 2024
phys43199.physics.gatech.edu is reachable. -Tue Feb 20 00:00:05 2024
phys43199.physics.gatech.edu is reachable. -Tue Feb 20 00:15:04 2024
phys43199.physics.gatech.edu is reachable. -Tue Feb 20 00:30:04 2024
phys43199.physics.gatech.edu is reachable. -Tue Feb 20 00:45:05 2024
phys43199.physics.gatech.edu is reachable. -Tue Feb 20 01:00:04 2024
phys43199.physics.gatech.edu is reachable. -Tue Feb 20 01:15:05 2024
phys43199.physics.gatech.edu is reachable. -Tue Feb 20 01:30:04 2024
phys43199.physics.gatech.edu is reachable. -Tue Feb 20 01:45:05 2024
phys43199.physics.gatech.edu is reachable. -Tue Feb 20 02:00:04 2024
phys43199.physics.gatech.edu is reachable. -Tue Feb 20 02:15:05 2024
phys43199.physics.gatech.edu is reachable. -Tue Feb 20 02:30:04 2024
phys43199.physics.gatech.edu is reachable. -Tue Feb 20 02:45:04 2024
phys43199.physics.gatech.edu is reachable. -Tue Feb 20 03:00:05 2024
phys43199.physics.gatech.edu is reachable. -Tue Feb 20 03:15:04 2024
phys43199.physics.gatech.edu is reachable. -Tue Feb 20 03:30:05 2024
phys43199.physics.gatech.edu is reachable. -Tue Feb 20 03:45:04 2024
phys43199.physics.gatech.edu is reachable. -Tue Feb 20 04:00:04 2024
phys43199.physics.gatech.edu is reachable. -Tue Feb 20 04:15:05 2024
phys43199.physics.gatech.edu is reachable. -Tue Feb 20 04:30:04 2024
phys43199.physics.gatech.edu is reachable. -Tue Feb 20 04:45:05 2024
phys43199.physics.gatech.edu is reachable. -Tue Feb 20 05:00:04 2024
phys43199.physics.gatech.edu is reachable. -Tue Feb 20 05:15:04 2024
phys43199.physics.gatech.edu is reachable. -Tue Feb 20 05:30:05 2024
phys43199.physics.gatech.edu is reachable. -Tue Feb 20 05:45:04 2024
phys43199.physics.gatech.edu is reachable. -Tue Feb 20 06:00:05 2024
phys43199.physics.gatech.edu is reachable. -Tue Feb 20 06:15:04 2024
phys43199.physics.gatech.edu is reachable. -Tue Feb 20 06:30:05 2024
phys43199.physics.gatech.edu is reachable. -Tue Feb 20 06:45:04 2024
phys43199.physics.gatech.edu is reachable. -Tue Feb 20 07:00:04 2024
phys43199.physics.gatech.edu is reachable. -Tue Feb 20 07:15:04 2024
phys43199.physics.gatech.edu is reachable. -Tue Feb 20 07:30:04 2024
phys43199.physics.gatech.edu is reachable. -Tue Feb 20 07:45:05 2024
phys43199.physics.gatech.edu is reachable. -Tue Feb 20 08:00:04 2024
phys43199.physics.gatech.edu is reachable. -Tue Feb 20 08:15:04 2024
phys43199.physics.gatech.edu is reachable. -Tue Feb 20 08:30:04 2024
phys43199.physics.gatech.edu is reachable. -Tue Feb 20 08:45:04 2024
phys43199.physics.gatech.edu is reachable. -Tue Feb 20 09:00:05 2024
phys43199.physics.gatech.edu is reachable. -Tue Feb 20 09:15:04 2024
phys43199.physics.gatech.edu is reachable. -Tue Feb 20 09:30:05 2024
phys43199.physics.gatech.edu is reachable. -Tue Feb 20 09:45:04 2024
phys43199.physics.gatech.edu is reachable. -Tue Feb 20 10:00:04 2024
phys43199.physics.gatech.edu is reachable. -Tue Feb 20 10:15:04 2024
phys43199.physics.gatech.edu is reachable. -Tue Feb 20 10:30:04 2024
phys43199.physics.gatech.edu is reachable. -Tue Feb 20 10:45:04 2024
phys43199.physics.gatech.edu is reachable. -Tue Feb 20 11:00:05 2024
phys43199.physics.gatech.edu is reachable. -Tue Feb 20 11:15:04 2024
phys43199.physics.gatech.edu is reachable. -Tue Feb 20 11:30:05 2024
phys43199.physics.gatech.edu is reachable. -Tue Feb 20 11:45:04 2024
phys43199.physics.gatech.edu is reachable. -Tue Feb 20 12:00:05 2024
phys43199.physics.gatech.edu is reachable. -Tue Feb 20 12:15:04 2024
phys43199.physics.gatech.edu is reachable. -Tue Feb 20 12:30:04 2024
phys43199.physics.gatech.edu is reachable. -Tue Feb 20 12:45:04 2024
phys43199.physics.gatech.edu is reachable. -Tue Feb 20 13:00:04 2024
phys43199.physics.gatech.edu is reachable. -Tue Feb 20 13:15:05 2024
phys43199.physics.gatech.edu is reachable. -Tue Feb 20 13:30:04 2024
phys43199.physics.gatech.edu is reachable. -Tue Feb 20 13:45:04 2024
phys43199.physics.gatech.edu is reachable. -Tue Feb 20 14:00:04 2024
phys43199.physics.gatech.edu is reachable. -Tue Feb 20 14:15:04 2024
phys43199.physics.gatech.edu is reachable. -Tue Feb 20 14:30:05 2024
phys43199.physics.gatech.edu is reachable. -Tue Feb 20 14:45:04 2024
phys43199.physics.gatech.edu is reachable. -Tue Feb 20 15:00:05 2024
phys43199.physics.gatech.edu is reachable. -Tue Feb 20 15:15:04 2024
phys43199.physics.gatech.edu is reachable. -Tue Feb 20 15:30:04 2024
phys43199.physics.gatech.edu is reachable. -Tue Feb 20 15:45:04 2024
phys43199.physics.gatech.edu is reachable. -Tue Feb 20 16:00:04 2024
phys43199.physics.gatech.edu is reachable. -Tue Feb 20 16:15:05 2024
phys43199.physics.gatech.edu is reachable. -Tue Feb 20 16:30:04 2024
phys43199.physics.gatech.edu is reachable. -Tue Feb 20 16:45:04 2024
phys43199.physics.gatech.edu is reachable. -Tue Feb 20 17:00:05 2024
phys43199.physics.gatech.edu is reachable. -Tue Feb 20 17:15:04 2024
phys43199.physics.gatech.edu is reachable. -Tue Feb 20 17:30:05 2024
phys43199.physics.gatech.edu is reachable. -Tue Feb 20 17:45:04 2024
phys43199.physics.gatech.edu is reachable. -Tue Feb 20 18:00:05 2024
phys43199.physics.gatech.edu is reachable. -Tue Feb 20 18:15:04 2024
phys43199.physics.gatech.edu is reachable. -Tue Feb 20 18:30:04 2024
phys43199.physics.gatech.edu is reachable. -Tue Feb 20 18:45:05 2024
phys43199.physics.gatech.edu is reachable. -Tue Feb 20 19:00:04 2024
phys43199.physics.gatech.edu is reachable. -Tue Feb 20 19:15:05 2024
phys43199.physics.gatech.edu is reachable. -Tue Feb 20 19:30:04 2024
phys43199.physics.gatech.edu is reachable. -Tue Feb 20 19:45:04 2024
phys43199.physics.gatech.edu is reachable. -Tue Feb 20 20:00:05 2024
phys43199.physics.gatech.edu is reachable. -Tue Feb 20 20:15:04 2024
phys43199.physics.gatech.edu is reachable. -Tue Feb 20 20:30:05 2024
phys43199.physics.gatech.edu is reachable. -Tue Feb 20 20:45:04 2024
phys43199.physics.gatech.edu is reachable. -Tue Feb 20 21:00:04 2024
phys43199.physics.gatech.edu is reachable. -Tue Feb 20 21:15:05 2024
phys43199.physics.gatech.edu is reachable. -Tue Feb 20 21:30:04 2024
phys43199.physics.gatech.edu is reachable. -Tue Feb 20 21:45:05 2024
phys43199.physics.gatech.edu is reachable. -Tue Feb 20 22:00:04 2024
phys43199.physics.gatech.edu is reachable. -Tue Feb 20 22:15:04 2024
phys43199.physics.gatech.edu is reachable. -Tue Feb 20 22:30:04 2024
phys43199.physics.gatech.edu is reachable. -Tue Feb 20 22:45:04 2024
phys43199.physics.gatech.edu is reachable. -Tue Feb 20 23:00:05 2024
phys43199.physics.gatech.edu is reachable. -Tue Feb 20 23:15:05 2024
phys43199.physics.gatech.edu is reachable. -Tue Feb 20 23:30:04 2024
phys43199.physics.gatech.edu is reachable. -Tue Feb 20 23:45:05 2024
phys43199.physics.gatech.edu is reachable. -Wed Feb 21 00:00:04 2024
phys43199.physics.gatech.edu is reachable. -Wed Feb 21 00:15:04 2024
phys43199.physics.gatech.edu is reachable. -Wed Feb 21 00:30:04 2024
phys43199.physics.gatech.edu is reachable. -Wed Feb 21 00:45:04 2024
phys43199.physics.gatech.edu is reachable. -Wed Feb 21 01:00:05 2024
phys43199.physics.gatech.edu is reachable. -Wed Feb 21 01:15:04 2024
phys43199.physics.gatech.edu is reachable. -Wed Feb 21 01:30:05 2024
phys43199.physics.gatech.edu is reachable. -Wed Feb 21 01:45:04 2024
phys43199.physics.gatech.edu is reachable. -Wed Feb 21 02:00:04 2024
phys43199.physics.gatech.edu is reachable. -Wed Feb 21 02:15:04 2024
phys43199.physics.gatech.edu is reachable. -Wed Feb 21 02:30:04 2024
phys43199.physics.gatech.edu is reachable. -Wed Feb 21 02:45:05 2024
phys43199.physics.gatech.edu is reachable. -Wed Feb 21 03:00:04 2024
phys43199.physics.gatech.edu is reachable. -Wed Feb 21 03:15:05 2024
phys43199.physics.gatech.edu is reachable. -Wed Feb 21 03:30:04 2024
phys43199.physics.gatech.edu is reachable. -Wed Feb 21 03:45:04 2024
phys43199.physics.gatech.edu is reachable. -Wed Feb 21 04:00:05 2024
phys43199.physics.gatech.edu is reachable. -Wed Feb 21 04:15:04 2024
phys43199.physics.gatech.edu is reachable. -Wed Feb 21 04:30:04 2024
phys43199.physics.gatech.edu is reachable. -Wed Feb 21 04:45:05 2024
phys43199.physics.gatech.edu is reachable. -Wed Feb 21 05:00:04 2024
phys43199.physics.gatech.edu is reachable. -Wed Feb 21 05:15:04 2024
phys43199.physics.gatech.edu is reachable. -Wed Feb 21 05:30:04 2024
phys43199.physics.gatech.edu is reachable. -Wed Feb 21 05:45:04 2024
phys43199.physics.gatech.edu is reachable. -Wed Feb 21 06:00:04 2024
phys43199.physics.gatech.edu is reachable. -Wed Feb 21 06:15:04 2024
phys43199.physics.gatech.edu is reachable. -Wed Feb 21 06:30:05 2024
phys43199.physics.gatech.edu is reachable. -Wed Feb 21 06:45:04 2024
phys43199.physics.gatech.edu is reachable. -Wed Feb 21 07:00:04 2024
phys43199.physics.gatech.edu is reachable. -Wed Feb 21 07:15:04 2024
phys43199.physics.gatech.edu is reachable. -Wed Feb 21 07:30:04 2024
phys43199.physics.gatech.edu is reachable. -Wed Feb 21 07:45:05 2024
phys43199.physics.gatech.edu is reachable. -Wed Feb 21 08:00:04 2024
phys43199.physics.gatech.edu is reachable. -Wed Feb 21 08:15:05 2024
phys43199.physics.gatech.edu is reachable. -Wed Feb 21 08:30:04 2024
phys43199.physics.gatech.edu is reachable. -Wed Feb 21 08:45:04 2024
phys43199.physics.gatech.edu is reachable. -Wed Feb 21 09:00:04 2024
phys43199.physics.gatech.edu is reachable. -Wed Feb 21 09:15:04 2024
phys43199.physics.gatech.edu is reachable. -Wed Feb 21 09:30:05 2024
phys43199.physics.gatech.edu is reachable. -Wed Feb 21 09:45:04 2024
phys43199.physics.gatech.edu is reachable. -Wed Feb 21 10:00:05 2024
phys43199.physics.gatech.edu is reachable. -Wed Feb 21 10:15:04 2024
phys43199.physics.gatech.edu is reachable. -Wed Feb 21 10:30:04 2024
phys43199.physics.gatech.edu is reachable. -Wed Feb 21 10:45:05 2024
phys43199.physics.gatech.edu is reachable. -Wed Feb 21 11:00:04 2024
phys43199.physics.gatech.edu is reachable. -Wed Feb 21 11:15:05 2024
phys43199.physics.gatech.edu is reachable. -Wed Feb 21 11:30:04 2024
phys43199.physics.gatech.edu is reachable. -Wed Feb 21 11:45:05 2024
phys43199.physics.gatech.edu is reachable. -Wed Feb 21 12:00:04 2024
phys43199.physics.gatech.edu is reachable. -Wed Feb 21 12:15:04 2024
phys43199.physics.gatech.edu is reachable. -Wed Feb 21 12:30:04 2024
phys43199.physics.gatech.edu is reachable. -Wed Feb 21 12:45:04 2024
phys43199.physics.gatech.edu is reachable. -Wed Feb 21 13:00:05 2024
phys43199.physics.gatech.edu is reachable. -Wed Feb 21 13:15:04 2024
phys43199.physics.gatech.edu is reachable. -Wed Feb 21 13:30:05 2024
phys43199.physics.gatech.edu is reachable. -Wed Feb 21 13:45:04 2024
phys43199.physics.gatech.edu is reachable. -Wed Feb 21 14:00:04 2024
phys43199.physics.gatech.edu is reachable. -Wed Feb 21 14:15:04 2024
phys43199.physics.gatech.edu is reachable. -Wed Feb 21 14:30:04 2024
phys43199.physics.gatech.edu is reachable. -Wed Feb 21 14:45:05 2024
phys43199.physics.gatech.edu is reachable. -Wed Feb 21 15:00:04 2024
phys43199.physics.gatech.edu is reachable. -Wed Feb 21 15:15:05 2024
phys43199.physics.gatech.edu is reachable. -Wed Feb 21 15:30:04 2024
phys43199.physics.gatech.edu is reachable. -Wed Feb 21 15:45:05 2024
phys43199.physics.gatech.edu is reachable. -Wed Feb 21 16:00:04 2024
phys43199.physics.gatech.edu is reachable. -Wed Feb 21 16:15:04 2024
phys43199.physics.gatech.edu is reachable. -Wed Feb 21 16:30:04 2024
phys43199.physics.gatech.edu is reachable. -Wed Feb 21 16:45:04 2024
phys43199.physics.gatech.edu is reachable. -Wed Feb 21 17:00:05 2024
phys43199.physics.gatech.edu is reachable. -Wed Feb 21 17:15:05 2024
phys43199.physics.gatech.edu is reachable. -Wed Feb 21 17:30:04 2024
phys43199.physics.gatech.edu is reachable. -Wed Feb 21 17:45:05 2024
phys43199.physics.gatech.edu is reachable. -Wed Feb 21 18:00:04 2024
phys43199.physics.gatech.edu is reachable. -Wed Feb 21 18:15:05 2024
phys43199.physics.gatech.edu is reachable. -Wed Feb 21 18:30:04 2024
phys43199.physics.gatech.edu is reachable. -Wed Feb 21 18:45:04 2024
phys43199.physics.gatech.edu is reachable. -Wed Feb 21 19:00:04 2024
phys43199.physics.gatech.edu is reachable. -Wed Feb 21 19:15:04 2024
phys43199.physics.gatech.edu is reachable. -Wed Feb 21 19:30:05 2024
phys43199.physics.gatech.edu is reachable. -Wed Feb 21 19:45:04 2024
phys43199.physics.gatech.edu is reachable. -Wed Feb 21 20:00:05 2024
phys43199.physics.gatech.edu is reachable. -Wed Feb 21 20:15:04 2024
phys43199.physics.gatech.edu is reachable. -Wed Feb 21 20:30:05 2024
phys43199.physics.gatech.edu is reachable. -Wed Feb 21 20:45:04 2024
phys43199.physics.gatech.edu is reachable. -Wed Feb 21 21:00:04 2024
phys43199.physics.gatech.edu is reachable. -Wed Feb 21 21:15:05 2024
phys43199.physics.gatech.edu is reachable. -Wed Feb 21 21:30:04 2024
phys43199.physics.gatech.edu is reachable. -Wed Feb 21 21:45:05 2024
phys43199.physics.gatech.edu is reachable. -Wed Feb 21 22:00:04 2024
phys43199.physics.gatech.edu is reachable. -Wed Feb 21 22:15:05 2024
ping: phys43199.physics.gatech.edu: Temporary failure in name resolution
phys43199.physics.gatech.edu is not reachable. -Wed Feb 21 22:30:29 2024
shut_door FAILURE spawn uswitch -dir down
Wed Feb 21 22:30:29 2024
Turning off outlets Wed Feb 21 22:38:49 2024
outlets_off FAILURE spawn obs_pwr_off
Wed Feb 21 22:38:49 2024
Error running Expect script
Error Output:
 spawn uswitch -dir down

Error running Expect script
Error Output:
 spawn obs_pwr_off

phys43199.physics.gatech.edu is reachable. -Wed Feb 21 22:45:04 2024
phys43199.physics.gatech.edu is reachable. -Wed Feb 21 23:00:04 2024
phys43199.physics.gatech.edu is reachable. -Wed Feb 21 23:15:04 2024
phys43199.physics.gatech.edu is reachable. -Wed Feb 21 23:30:05 2024
phys43199.physics.gatech.edu is reachable. -Wed Feb 21 23:45:04 2024
phys43199.physics.gatech.edu is reachable. -Thu Feb 22 00:00:04 2024
phys43199.physics.gatech.edu is reachable. -Thu Feb 22 00:15:05 2024
phys43199.physics.gatech.edu is reachable. -Thu Feb 22 00:30:04 2024
phys43199.physics.gatech.edu is reachable. -Thu Feb 22 00:45:05 2024
phys43199.physics.gatech.edu is reachable. -Thu Feb 22 01:00:04 2024
phys43199.physics.gatech.edu is reachable. -Thu Feb 22 01:15:05 2024
phys43199.physics.gatech.edu is reachable. -Thu Feb 22 01:30:04 2024
phys43199.physics.gatech.edu is reachable. -Thu Feb 22 01:45:04 2024
phys43199.physics.gatech.edu is reachable. -Thu Feb 22 02:00:05 2024
phys43199.physics.gatech.edu is reachable. -Thu Feb 22 02:15:04 2024
phys43199.physics.gatech.edu is reachable. -Thu Feb 22 02:30:05 2024
phys43199.physics.gatech.edu is reachable. -Thu Feb 22 02:45:04 2024
phys43199.physics.gatech.edu is reachable. -Thu Feb 22 03:00:04 2024
phys43199.physics.gatech.edu is reachable. -Thu Feb 22 03:15:04 2024
phys43199.physics.gatech.edu is reachable. -Thu Feb 22 03:30:04 2024
phys43199.physics.gatech.edu is reachable. -Thu Feb 22 03:45:05 2024
phys43199.physics.gatech.edu is reachable. -Thu Feb 22 04:00:04 2024
phys43199.physics.gatech.edu is reachable. -Thu Feb 22 04:15:05 2024
phys43199.physics.gatech.edu is reachable. -Thu Feb 22 04:30:04 2024
phys43199.physics.gatech.edu is reachable. -Thu Feb 22 04:45:04 2024
phys43199.physics.gatech.edu is reachable. -Thu Feb 22 05:00:04 2024
phys43199.physics.gatech.edu is reachable. -Thu Feb 22 05:15:04 2024
phys43199.physics.gatech.edu is reachable. -Thu Feb 22 05:30:04 2024
phys43199.physics.gatech.edu is reachable. -Thu Feb 22 05:45:04 2024
phys43199.physics.gatech.edu is reachable. -Thu Feb 22 06:00:05 2024
phys43199.physics.gatech.edu is reachable. -Thu Feb 22 06:15:04 2024
phys43199.physics.gatech.edu is reachable. -Thu Feb 22 06:30:05 2024
phys43199.physics.gatech.edu is reachable. -Thu Feb 22 06:45:04 2024
phys43199.physics.gatech.edu is reachable. -Thu Feb 22 07:00:04 2024
phys43199.physics.gatech.edu is reachable. -Thu Feb 22 07:15:04 2024
phys43199.physics.gatech.edu is reachable. -Thu Feb 22 07:30:04 2024
phys43199.physics.gatech.edu is reachable. -Thu Feb 22 07:45:05 2024
phys43199.physics.gatech.edu is reachable. -Thu Feb 22 08:00:04 2024
phys43199.physics.gatech.edu is reachable. -Thu Feb 22 08:15:04 2024
phys43199.physics.gatech.edu is reachable. -Thu Feb 22 08:30:04 2024
phys43199.physics.gatech.edu is reachable. -Thu Feb 22 08:45:04 2024
phys43199.physics.gatech.edu is reachable. -Thu Feb 22 09:00:05 2024
phys43199.physics.gatech.edu is reachable. -Thu Feb 22 09:15:04 2024
phys43199.physics.gatech.edu is reachable. -Thu Feb 22 09:30:04 2024
phys43199.physics.gatech.edu is reachable. -Thu Feb 22 09:45:05 2024
phys43199.physics.gatech.edu is reachable. -Thu Feb 22 10:00:04 2024
phys43199.physics.gatech.edu is reachable. -Thu Feb 22 10:15:05 2024
phys43199.physics.gatech.edu is reachable. -Thu Feb 22 10:30:04 2024
phys43199.physics.gatech.edu is reachable. -Thu Feb 22 10:45:04 2024
phys43199.physics.gatech.edu is reachable. -Thu Feb 22 11:00:04 2024
phys43199.physics.gatech.edu is reachable. -Thu Feb 22 11:15:04 2024
phys43199.physics.gatech.edu is reachable. -Thu Feb 22 11:30:04 2024
phys43199.physics.gatech.edu is reachable. -Thu Feb 22 11:45:04 2024
phys43199.physics.gatech.edu is reachable. -Thu Feb 22 12:00:05 2024
phys43199.physics.gatech.edu is reachable. -Thu Feb 22 12:15:04 2024
phys43199.physics.gatech.edu is reachable. -Thu Feb 22 12:30:05 2024
phys43199.physics.gatech.edu is reachable. -Thu Feb 22 12:45:04 2024
phys43199.physics.gatech.edu is reachable. -Thu Feb 22 13:00:05 2024
phys43199.physics.gatech.edu is reachable. -Thu Feb 22 13:15:04 2024
phys43199.physics.gatech.edu is reachable. -Thu Feb 22 13:30:04 2024
phys43199.physics.gatech.edu is reachable. -Thu Feb 22 13:45:04 2024
phys43199.physics.gatech.edu is reachable. -Thu Feb 22 14:00:04 2024
phys43199.physics.gatech.edu is reachable. -Thu Feb 22 14:15:05 2024
phys43199.physics.gatech.edu is reachable. -Thu Feb 22 14:30:04 2024
phys43199.physics.gatech.edu is reachable. -Thu Feb 22 14:45:05 2024
phys43199.physics.gatech.edu is reachable. -Thu Feb 22 15:00:05 2024
phys43199.physics.gatech.edu is reachable. -Thu Feb 22 15:15:04 2024
phys43199.physics.gatech.edu is reachable. -Thu Feb 22 15:30:05 2024
phys43199.physics.gatech.edu is reachable. -Thu Feb 22 15:45:04 2024
phys43199.physics.gatech.edu is reachable. -Thu Feb 22 16:00:04 2024
phys43199.physics.gatech.edu is reachable. -Thu Feb 22 16:15:05 2024
phys43199.physics.gatech.edu is reachable. -Thu Feb 22 16:30:04 2024
phys43199.physics.gatech.edu is reachable. -Thu Feb 22 16:45:05 2024
phys43199.physics.gatech.edu is reachable. -Thu Feb 22 17:00:04 2024
phys43199.physics.gatech.edu is reachable. -Thu Feb 22 17:15:05 2024
phys43199.physics.gatech.edu is reachable. -Thu Feb 22 17:30:04 2024
phys43199.physics.gatech.edu is reachable. -Thu Feb 22 17:45:04 2024
phys43199.physics.gatech.edu is reachable. -Thu Feb 22 18:00:05 2024
phys43199.physics.gatech.edu is reachable. -Thu Feb 22 18:15:04 2024
phys43199.physics.gatech.edu is reachable. -Thu Feb 22 18:30:05 2024
phys43199.physics.gatech.edu is reachable. -Thu Feb 22 18:45:04 2024
phys43199.physics.gatech.edu is reachable. -Thu Feb 22 19:00:04 2024
phys43199.physics.gatech.edu is reachable. -Thu Feb 22 19:15:04 2024
phys43199.physics.gatech.edu is reachable. -Thu Feb 22 19:30:04 2024
phys43199.physics.gatech.edu is reachable. -Thu Feb 22 19:45:05 2024
phys43199.physics.gatech.edu is reachable. -Thu Feb 22 20:00:04 2024
phys43199.physics.gatech.edu is reachable. -Thu Feb 22 20:15:04 2024
phys43199.physics.gatech.edu is reachable. -Thu Feb 22 20:30:04 2024
phys43199.physics.gatech.edu is reachable. -Thu Feb 22 20:45:05 2024
phys43199.physics.gatech.edu is reachable. -Thu Feb 22 21:00:04 2024
phys43199.physics.gatech.edu is reachable. -Thu Feb 22 21:15:04 2024
phys43199.physics.gatech.edu is reachable. -Thu Feb 22 21:30:05 2024
phys43199.physics.gatech.edu is reachable. -Thu Feb 22 21:45:04 2024
phys43199.physics.gatech.edu is reachable. -Thu Feb 22 22:00:05 2024
phys43199.physics.gatech.edu is reachable. -Thu Feb 22 22:15:04 2024
phys43199.physics.gatech.edu is reachable. -Thu Feb 22 22:30:04 2024
phys43199.physics.gatech.edu is reachable. -Thu Feb 22 22:45:05 2024
phys43199.physics.gatech.edu is reachable. -Thu Feb 22 23:00:04 2024
phys43199.physics.gatech.edu is reachable. -Thu Feb 22 23:15:05 2024
phys43199.physics.gatech.edu is reachable. -Thu Feb 22 23:30:04 2024
phys43199.physics.gatech.edu is reachable. -Thu Feb 22 23:45:05 2024
phys43199.physics.gatech.edu is reachable. -Fri Feb 23 00:00:04 2024
phys43199.physics.gatech.edu is reachable. -Fri Feb 23 00:15:04 2024
phys43199.physics.gatech.edu is reachable. -Fri Feb 23 00:30:05 2024
phys43199.physics.gatech.edu is reachable. -Fri Feb 23 00:45:04 2024
phys43199.physics.gatech.edu is reachable. -Fri Feb 23 01:00:05 2024
phys43199.physics.gatech.edu is reachable. -Fri Feb 23 01:15:04 2024
phys43199.physics.gatech.edu is reachable. -Fri Feb 23 01:30:05 2024
phys43199.physics.gatech.edu is reachable. -Fri Feb 23 01:45:04 2024
phys43199.physics.gatech.edu is reachable. -Fri Feb 23 02:00:04 2024
phys43199.physics.gatech.edu is reachable. -Fri Feb 23 02:15:05 2024
phys43199.physics.gatech.edu is reachable. -Fri Feb 23 02:30:04 2024
phys43199.physics.gatech.edu is reachable. -Fri Feb 23 02:45:05 2024
phys43199.physics.gatech.edu is reachable. -Fri Feb 23 03:00:04 2024
phys43199.physics.gatech.edu is reachable. -Fri Feb 23 03:15:04 2024
phys43199.physics.gatech.edu is reachable. -Fri Feb 23 03:30:04 2024
phys43199.physics.gatech.edu is reachable. -Fri Feb 23 03:45:05 2024
phys43199.physics.gatech.edu is reachable. -Fri Feb 23 04:00:04 2024
phys43199.physics.gatech.edu is reachable. -Fri Feb 23 04:15:05 2024
phys43199.physics.gatech.edu is reachable. -Fri Feb 23 04:30:04 2024
phys43199.physics.gatech.edu is reachable. -Fri Feb 23 04:45:05 2024
phys43199.physics.gatech.edu is reachable. -Fri Feb 23 05:00:04 2024
phys43199.physics.gatech.edu is reachable. -Fri Feb 23 05:15:04 2024
phys43199.physics.gatech.edu is reachable. -Fri Feb 23 05:30:05 2024
phys43199.physics.gatech.edu is reachable. -Fri Feb 23 05:45:04 2024
phys43199.physics.gatech.edu is reachable. -Fri Feb 23 06:00:05 2024
phys43199.physics.gatech.edu is reachable. -Fri Feb 23 06:15:04 2024
phys43199.physics.gatech.edu is reachable. -Fri Feb 23 06:30:05 2024
phys43199.physics.gatech.edu is reachable. -Fri Feb 23 06:45:04 2024
phys43199.physics.gatech.edu is reachable. -Fri Feb 23 07:00:04 2024
phys43199.physics.gatech.edu is reachable. -Fri Feb 23 07:15:04 2024
phys43199.physics.gatech.edu is reachable. -Fri Feb 23 07:30:04 2024
phys43199.physics.gatech.edu is reachable. -Fri Feb 23 07:45:05 2024
phys43199.physics.gatech.edu is reachable. -Fri Feb 23 08:00:04 2024
phys43199.physics.gatech.edu is reachable. -Fri Feb 23 08:15:04 2024
phys43199.physics.gatech.edu is reachable. -Fri Feb 23 08:30:04 2024
phys43199.physics.gatech.edu is reachable. -Fri Feb 23 08:45:04 2024
phys43199.physics.gatech.edu is reachable. -Fri Feb 23 09:00:05 2024
phys43199.physics.gatech.edu is reachable. -Fri Feb 23 09:15:04 2024
phys43199.physics.gatech.edu is reachable. -Fri Feb 23 09:30:05 2024
phys43199.physics.gatech.edu is reachable. -Fri Feb 23 09:45:04 2024
phys43199.physics.gatech.edu is reachable. -Fri Feb 23 10:00:04 2024
phys43199.physics.gatech.edu is reachable. -Fri Feb 23 10:15:05 2024
phys43199.physics.gatech.edu is reachable. -Fri Feb 23 10:30:04 2024
phys43199.physics.gatech.edu is reachable. -Fri Feb 23 10:45:05 2024
phys43199.physics.gatech.edu is reachable. -Fri Feb 23 11:00:04 2024
phys43199.physics.gatech.edu is reachable. -Fri Feb 23 11:15:05 2024
phys43199.physics.gatech.edu is reachable. -Fri Feb 23 11:30:04 2024
phys43199.physics.gatech.edu is reachable. -Fri Feb 23 11:45:04 2024
phys43199.physics.gatech.edu is reachable. -Fri Feb 23 12:00:05 2024
phys43199.physics.gatech.edu is reachable. -Fri Feb 23 12:15:04 2024
phys43199.physics.gatech.edu is reachable. -Fri Feb 23 12:30:05 2024
phys43199.physics.gatech.edu is reachable. -Fri Feb 23 12:45:04 2024
phys43199.physics.gatech.edu is reachable. -Fri Feb 23 13:00:04 2024
phys43199.physics.gatech.edu is reachable. -Fri Feb 23 13:15:04 2024
phys43199.physics.gatech.edu is reachable. -Fri Feb 23 13:30:04 2024
phys43199.physics.gatech.edu is reachable. -Fri Feb 23 13:45:04 2024
phys43199.physics.gatech.edu is reachable. -Fri Feb 23 14:00:04 2024
phys43199.physics.gatech.edu is reachable. -Fri Feb 23 14:15:04 2024
phys43199.physics.gatech.edu is reachable. -Fri Feb 23 14:30:05 2024
phys43199.physics.gatech.edu is reachable. -Fri Feb 23 14:45:04 2024
phys43199.physics.gatech.edu is reachable. -Fri Feb 23 15:00:05 2024
phys43199.physics.gatech.edu is reachable. -Fri Feb 23 15:15:04 2024
phys43199.physics.gatech.edu is reachable. -Fri Feb 23 15:30:04 2024
phys43199.physics.gatech.edu is reachable. -Fri Feb 23 15:45:04 2024
phys43199.physics.gatech.edu is reachable. -Fri Feb 23 16:00:04 2024
phys43199.physics.gatech.edu is reachable. -Fri Feb 23 16:15:05 2024
phys43199.physics.gatech.edu is reachable. -Fri Feb 23 16:30:04 2024
phys43199.physics.gatech.edu is reachable. -Fri Feb 23 16:45:05 2024
phys43199.physics.gatech.edu is reachable. -Fri Feb 23 17:00:04 2024
phys43199.physics.gatech.edu is reachable. -Fri Feb 23 17:15:04 2024
phys43199.physics.gatech.edu is reachable. -Fri Feb 23 17:30:05 2024
phys43199.physics.gatech.edu is reachable. -Fri Feb 23 17:45:04 2024
phys43199.physics.gatech.edu is reachable. -Fri Feb 23 18:00:05 2024
phys43199.physics.gatech.edu is reachable. -Fri Feb 23 18:15:04 2024
phys43199.physics.gatech.edu is reachable. -Fri Feb 23 18:30:05 2024
phys43199.physics.gatech.edu is reachable. -Fri Feb 23 18:45:04 2024
phys43199.physics.gatech.edu is reachable. -Fri Feb 23 19:00:04 2024
phys43199.physics.gatech.edu is reachable. -Fri Feb 23 19:15:05 2024
phys43199.physics.gatech.edu is reachable. -Fri Feb 23 19:30:04 2024
phys43199.physics.gatech.edu is reachable. -Fri Feb 23 19:45:05 2024
phys43199.physics.gatech.edu is reachable. -Fri Feb 23 20:00:04 2024
phys43199.physics.gatech.edu is reachable. -Fri Feb 23 20:15:05 2024
phys43199.physics.gatech.edu is reachable. -Fri Feb 23 20:30:04 2024
phys43199.physics.gatech.edu is reachable. -Fri Feb 23 20:45:05 2024
phys43199.physics.gatech.edu is reachable. -Fri Feb 23 21:00:04 2024
phys43199.physics.gatech.edu is reachable. -Fri Feb 23 21:15:04 2024
phys43199.physics.gatech.edu is reachable. -Fri Feb 23 21:30:05 2024
phys43199.physics.gatech.edu is reachable. -Fri Feb 23 21:45:05 2024
phys43199.physics.gatech.edu is reachable. -Fri Feb 23 22:00:04 2024
phys43199.physics.gatech.edu is reachable. -Fri Feb 23 22:15:05 2024
phys43199.physics.gatech.edu is reachable. -Fri Feb 23 22:30:04 2024
phys43199.physics.gatech.edu is reachable. -Fri Feb 23 22:45:04 2024
phys43199.physics.gatech.edu is reachable. -Fri Feb 23 23:00:04 2024
phys43199.physics.gatech.edu is reachable. -Fri Feb 23 23:15:04 2024
phys43199.physics.gatech.edu is reachable. -Fri Feb 23 23:30:05 2024
phys43199.physics.gatech.edu is reachable. -Fri Feb 23 23:45:04 2024
phys43199.physics.gatech.edu is reachable. -Sat Feb 24 00:00:05 2024
phys43199.physics.gatech.edu is reachable. -Sat Feb 24 00:15:05 2024
phys43199.physics.gatech.edu is reachable. -Sat Feb 24 00:30:04 2024
phys43199.physics.gatech.edu is reachable. -Sat Feb 24 00:45:05 2024
phys43199.physics.gatech.edu is reachable. -Sat Feb 24 01:00:04 2024
phys43199.physics.gatech.edu is reachable. -Sat Feb 24 01:15:05 2024
phys43199.physics.gatech.edu is reachable. -Sat Feb 24 01:30:04 2024
phys43199.physics.gatech.edu is reachable. -Sat Feb 24 01:45:05 2024
phys43199.physics.gatech.edu is reachable. -Sat Feb 24 02:00:04 2024
phys43199.physics.gatech.edu is reachable. -Sat Feb 24 02:15:04 2024
phys43199.physics.gatech.edu is reachable. -Sat Feb 24 02:30:04 2024
phys43199.physics.gatech.edu is reachable. -Sat Feb 24 02:45:04 2024
phys43199.physics.gatech.edu is reachable. -Sat Feb 24 03:00:05 2024
phys43199.physics.gatech.edu is reachable. -Sat Feb 24 03:15:04 2024
phys43199.physics.gatech.edu is reachable. -Sat Feb 24 03:30:05 2024
phys43199.physics.gatech.edu is reachable. -Sat Feb 24 03:45:04 2024
phys43199.physics.gatech.edu is reachable. -Sat Feb 24 04:00:05 2024
phys43199.physics.gatech.edu is reachable. -Sat Feb 24 04:15:04 2024
phys43199.physics.gatech.edu is reachable. -Sat Feb 24 04:30:04 2024
phys43199.physics.gatech.edu is reachable. -Sat Feb 24 04:45:04 2024
phys43199.physics.gatech.edu is reachable. -Sat Feb 24 05:00:04 2024
phys43199.physics.gatech.edu is reachable. -Sat Feb 24 05:15:05 2024
phys43199.physics.gatech.edu is reachable. -Sat Feb 24 05:30:04 2024
phys43199.physics.gatech.edu is reachable. -Sat Feb 24 05:45:05 2024
phys43199.physics.gatech.edu is reachable. -Sat Feb 24 06:00:04 2024
phys43199.physics.gatech.edu is reachable. -Sat Feb 24 06:15:04 2024
phys43199.physics.gatech.edu is reachable. -Sat Feb 24 06:30:05 2024
phys43199.physics.gatech.edu is reachable. -Sat Feb 24 06:45:04 2024
phys43199.physics.gatech.edu is reachable. -Sat Feb 24 07:00:04 2024
phys43199.physics.gatech.edu is reachable. -Sat Feb 24 07:15:04 2024
phys43199.physics.gatech.edu is reachable. -Sat Feb 24 07:30:04 2024
phys43199.physics.gatech.edu is reachable. -Sat Feb 24 07:45:05 2024
phys43199.physics.gatech.edu is reachable. -Sat Feb 24 08:00:04 2024
phys43199.physics.gatech.edu is reachable. -Sat Feb 24 08:15:05 2024
phys43199.physics.gatech.edu is reachable. -Sat Feb 24 08:30:04 2024
phys43199.physics.gatech.edu is reachable. -Sat Feb 24 08:45:05 2024
phys43199.physics.gatech.edu is reachable. -Sat Feb 24 09:00:04 2024
phys43199.physics.gatech.edu is reachable. -Sat Feb 24 09:15:05 2024
phys43199.physics.gatech.edu is reachable. -Sat Feb 24 09:30:04 2024
phys43199.physics.gatech.edu is reachable. -Sat Feb 24 09:45:05 2024
phys43199.physics.gatech.edu is reachable. -Sat Feb 24 10:00:04 2024
phys43199.physics.gatech.edu is reachable. -Sat Feb 24 10:15:04 2024
phys43199.physics.gatech.edu is reachable. -Sat Feb 24 10:30:04 2024
phys43199.physics.gatech.edu is reachable. -Sat Feb 24 10:45:04 2024
phys43199.physics.gatech.edu is reachable. -Sat Feb 24 11:00:05 2024
phys43199.physics.gatech.edu is reachable. -Sat Feb 24 11:15:04 2024
phys43199.physics.gatech.edu is reachable. -Sat Feb 24 11:30:05 2024
phys43199.physics.gatech.edu is reachable. -Sat Feb 24 11:45:04 2024
phys43199.physics.gatech.edu is reachable. -Sat Feb 24 12:00:05 2024
phys43199.physics.gatech.edu is reachable. -Sat Feb 24 12:15:04 2024
phys43199.physics.gatech.edu is reachable. -Sat Feb 24 12:30:04 2024
phys43199.physics.gatech.edu is reachable. -Sat Feb 24 12:45:04 2024
phys43199.physics.gatech.edu is reachable. -Sat Feb 24 13:00:04 2024
phys43199.physics.gatech.edu is reachable. -Sat Feb 24 13:15:04 2024
phys43199.physics.gatech.edu is reachable. -Sat Feb 24 13:30:04 2024
phys43199.physics.gatech.edu is reachable. -Sat Feb 24 13:45:04 2024
phys43199.physics.gatech.edu is reachable. -Sat Feb 24 14:00:04 2024
phys43199.physics.gatech.edu is reachable. -Sat Feb 24 14:15:04 2024
phys43199.physics.gatech.edu is reachable. -Sat Feb 24 14:30:04 2024
phys43199.physics.gatech.edu is reachable. -Sat Feb 24 14:45:04 2024
phys43199.physics.gatech.edu is reachable. -Sat Feb 24 15:00:04 2024
phys43199.physics.gatech.edu is reachable. -Sat Feb 24 15:15:05 2024
phys43199.physics.gatech.edu is reachable. -Sat Feb 24 15:30:04 2024
phys43199.physics.gatech.edu is reachable. -Sat Feb 24 15:45:05 2024
phys43199.physics.gatech.edu is reachable. -Sat Feb 24 16:00:04 2024
phys43199.physics.gatech.edu is reachable. -Sat Feb 24 16:15:05 2024
phys43199.physics.gatech.edu is reachable. -Sat Feb 24 16:30:04 2024
phys43199.physics.gatech.edu is reachable. -Sat Feb 24 16:45:05 2024
phys43199.physics.gatech.edu is reachable. -Sat Feb 24 17:00:04 2024
phys43199.physics.gatech.edu is reachable. -Sat Feb 24 17:15:04 2024
phys43199.physics.gatech.edu is reachable. -Sat Feb 24 17:30:04 2024
phys43199.physics.gatech.edu is reachable. -Sat Feb 24 17:45:04 2024
phys43199.physics.gatech.edu is reachable. -Sat Feb 24 18:00:05 2024
phys43199.physics.gatech.edu is reachable. -Sat Feb 24 18:15:04 2024
phys43199.physics.gatech.edu is reachable. -Sat Feb 24 18:30:05 2024
phys43199.physics.gatech.edu is reachable. -Sat Feb 24 18:45:04 2024
phys43199.physics.gatech.edu is reachable. -Sat Feb 24 19:00:04 2024
phys43199.physics.gatech.edu is reachable. -Sat Feb 24 19:15:04 2024
phys43199.physics.gatech.edu is reachable. -Sat Feb 24 19:30:04 2024
phys43199.physics.gatech.edu is reachable. -Sat Feb 24 19:45:05 2024
phys43199.physics.gatech.edu is reachable. -Sat Feb 24 20:00:04 2024
phys43199.physics.gatech.edu is reachable. -Sat Feb 24 20:15:05 2024
phys43199.physics.gatech.edu is reachable. -Sat Feb 24 20:30:04 2024
phys43199.physics.gatech.edu is reachable. -Sat Feb 24 20:45:04 2024
phys43199.physics.gatech.edu is reachable. -Sat Feb 24 21:00:05 2024
phys43199.physics.gatech.edu is reachable. -Sat Feb 24 21:15:04 2024
phys43199.physics.gatech.edu is reachable. -Sat Feb 24 21:30:05 2024
phys43199.physics.gatech.edu is reachable. -Sat Feb 24 21:45:04 2024
phys43199.physics.gatech.edu is reachable. -Sat Feb 24 22:00:05 2024
phys43199.physics.gatech.edu is reachable. -Sat Feb 24 22:15:04 2024
phys43199.physics.gatech.edu is reachable. -Sat Feb 24 22:30:04 2024
phys43199.physics.gatech.edu is reachable. -Sat Feb 24 22:45:05 2024
phys43199.physics.gatech.edu is reachable. -Sat Feb 24 23:00:04 2024
phys43199.physics.gatech.edu is reachable. -Sat Feb 24 23:15:05 2024
phys43199.physics.gatech.edu is reachable. -Sat Feb 24 23:30:04 2024
phys43199.physics.gatech.edu is reachable. -Sat Feb 24 23:45:05 2024
phys43199.physics.gatech.edu is reachable. -Sun Feb 25 00:00:04 2024
phys43199.physics.gatech.edu is reachable. -Sun Feb 25 00:15:04 2024
phys43199.physics.gatech.edu is reachable. -Sun Feb 25 00:30:04 2024
phys43199.physics.gatech.edu is reachable. -Sun Feb 25 00:45:04 2024
phys43199.physics.gatech.edu is reachable. -Sun Feb 25 01:00:05 2024
phys43199.physics.gatech.edu is reachable. -Sun Feb 25 01:15:04 2024
phys43199.physics.gatech.edu is reachable. -Sun Feb 25 01:30:05 2024
phys43199.physics.gatech.edu is reachable. -Sun Feb 25 01:45:04 2024
phys43199.physics.gatech.edu is reachable. -Sun Feb 25 02:00:04 2024
phys43199.physics.gatech.edu is reachable. -Sun Feb 25 02:15:04 2024
phys43199.physics.gatech.edu is reachable. -Sun Feb 25 02:30:04 2024
phys43199.physics.gatech.edu is reachable. -Sun Feb 25 02:45:05 2024
phys43199.physics.gatech.edu is reachable. -Sun Feb 25 03:00:04 2024
phys43199.physics.gatech.edu is reachable. -Sun Feb 25 03:15:05 2024
phys43199.physics.gatech.edu is reachable. -Sun Feb 25 03:30:04 2024
phys43199.physics.gatech.edu is reachable. -Sun Feb 25 03:45:04 2024
phys43199.physics.gatech.edu is reachable. -Sun Feb 25 04:00:05 2024
phys43199.physics.gatech.edu is reachable. -Sun Feb 25 04:15:04 2024
phys43199.physics.gatech.edu is reachable. -Sun Feb 25 04:30:05 2024
phys43199.physics.gatech.edu is reachable. -Sun Feb 25 04:45:04 2024
phys43199.physics.gatech.edu is reachable. -Sun Feb 25 05:00:05 2024
phys43199.physics.gatech.edu is reachable. -Sun Feb 25 05:15:04 2024
phys43199.physics.gatech.edu is reachable. -Sun Feb 25 05:30:05 2024
phys43199.physics.gatech.edu is reachable. -Sun Feb 25 05:45:04 2024
phys43199.physics.gatech.edu is reachable. -Sun Feb 25 06:00:05 2024
phys43199.physics.gatech.edu is reachable. -Sun Feb 25 06:15:04 2024
phys43199.physics.gatech.edu is reachable. -Sun Feb 25 06:30:05 2024
phys43199.physics.gatech.edu is reachable. -Sun Feb 25 06:45:04 2024
phys43199.physics.gatech.edu is reachable. -Sun Feb 25 07:00:05 2024
phys43199.physics.gatech.edu is reachable. -Sun Feb 25 07:15:04 2024
phys43199.physics.gatech.edu is reachable. -Sun Feb 25 07:30:04 2024
phys43199.physics.gatech.edu is reachable. -Sun Feb 25 07:45:04 2024
phys43199.physics.gatech.edu is reachable. -Sun Feb 25 08:00:04 2024
phys43199.physics.gatech.edu is reachable. -Sun Feb 25 08:15:05 2024
phys43199.physics.gatech.edu is reachable. -Sun Feb 25 08:30:04 2024
phys43199.physics.gatech.edu is reachable. -Sun Feb 25 08:45:05 2024
phys43199.physics.gatech.edu is reachable. -Sun Feb 25 09:00:04 2024
phys43199.physics.gatech.edu is reachable. -Sun Feb 25 09:15:05 2024
phys43199.physics.gatech.edu is reachable. -Sun Feb 25 09:30:04 2024
phys43199.physics.gatech.edu is reachable. -Sun Feb 25 09:45:05 2024
phys43199.physics.gatech.edu is reachable. -Sun Feb 25 10:00:04 2024
phys43199.physics.gatech.edu is reachable. -Sun Feb 25 10:15:05 2024
phys43199.physics.gatech.edu is reachable. -Sun Feb 25 10:30:04 2024
phys43199.physics.gatech.edu is reachable. -Sun Feb 25 10:45:04 2024
phys43199.physics.gatech.edu is reachable. -Sun Feb 25 11:00:04 2024
phys43199.physics.gatech.edu is reachable. -Sun Feb 25 11:15:04 2024
phys43199.physics.gatech.edu is reachable. -Sun Feb 25 11:30:05 2024
phys43199.physics.gatech.edu is reachable. -Sun Feb 25 11:45:04 2024
phys43199.physics.gatech.edu is reachable. -Sun Feb 25 12:00:05 2024
phys43199.physics.gatech.edu is reachable. -Sun Feb 25 12:15:04 2024
phys43199.physics.gatech.edu is reachable. -Sun Feb 25 12:30:05 2024
phys43199.physics.gatech.edu is reachable. -Sun Feb 25 12:45:04 2024
phys43199.physics.gatech.edu is reachable. -Sun Feb 25 13:00:05 2024
phys43199.physics.gatech.edu is reachable. -Sun Feb 25 13:15:04 2024
phys43199.physics.gatech.edu is reachable. -Sun Feb 25 13:30:04 2024
phys43199.physics.gatech.edu is reachable. -Sun Feb 25 13:45:04 2024
phys43199.physics.gatech.edu is reachable. -Sun Feb 25 14:00:04 2024
phys43199.physics.gatech.edu is reachable. -Sun Feb 25 14:15:05 2024
phys43199.physics.gatech.edu is reachable. -Sun Feb 25 14:30:04 2024
phys43199.physics.gatech.edu is reachable. -Sun Feb 25 14:45:04 2024
phys43199.physics.gatech.edu is reachable. -Sun Feb 25 15:00:04 2024
phys43199.physics.gatech.edu is reachable. -Sun Feb 25 15:15:04 2024
phys43199.physics.gatech.edu is reachable. -Sun Feb 25 15:30:04 2024
phys43199.physics.gatech.edu is reachable. -Sun Feb 25 15:45:05 2024
phys43199.physics.gatech.edu is reachable. -Sun Feb 25 16:00:04 2024
phys43199.physics.gatech.edu is reachable. -Sun Feb 25 16:15:05 2024
phys43199.physics.gatech.edu is reachable. -Sun Feb 25 16:30:04 2024
phys43199.physics.gatech.edu is reachable. -Sun Feb 25 16:45:05 2024
phys43199.physics.gatech.edu is reachable. -Sun Feb 25 17:00:04 2024
phys43199.physics.gatech.edu is reachable. -Sun Feb 25 17:15:04 2024
phys43199.physics.gatech.edu is reachable. -Sun Feb 25 17:30:04 2024
phys43199.physics.gatech.edu is reachable. -Sun Feb 25 17:45:04 2024
phys43199.physics.gatech.edu is reachable. -Sun Feb 25 18:00:05 2024
phys43199.physics.gatech.edu is reachable. -Sun Feb 25 18:15:04 2024
phys43199.physics.gatech.edu is reachable. -Sun Feb 25 18:30:05 2024
phys43199.physics.gatech.edu is reachable. -Sun Feb 25 18:45:04 2024
phys43199.physics.gatech.edu is reachable. -Sun Feb 25 19:00:05 2024
phys43199.physics.gatech.edu is reachable. -Sun Feb 25 19:15:04 2024
phys43199.physics.gatech.edu is reachable. -Sun Feb 25 19:30:05 2024
phys43199.physics.gatech.edu is reachable. -Sun Feb 25 19:45:04 2024
phys43199.physics.gatech.edu is reachable. -Sun Feb 25 20:00:04 2024
phys43199.physics.gatech.edu is reachable. -Sun Feb 25 20:15:04 2024
phys43199.physics.gatech.edu is reachable. -Sun Feb 25 20:30:05 2024
phys43199.physics.gatech.edu is reachable. -Sun Feb 25 20:45:04 2024
phys43199.physics.gatech.edu is reachable. -Sun Feb 25 21:00:05 2024
phys43199.physics.gatech.edu is reachable. -Sun Feb 25 21:15:04 2024
phys43199.physics.gatech.edu is reachable. -Sun Feb 25 21:30:05 2024
phys43199.physics.gatech.edu is reachable. -Sun Feb 25 21:45:05 2024
phys43199.physics.gatech.edu is reachable. -Sun Feb 25 22:00:04 2024
phys43199.physics.gatech.edu is reachable. -Sun Feb 25 22:15:05 2024
phys43199.physics.gatech.edu is reachable. -Sun Feb 25 22:30:04 2024
phys43199.physics.gatech.edu is reachable. -Sun Feb 25 22:45:05 2024
phys43199.physics.gatech.edu is reachable. -Sun Feb 25 23:00:04 2024
phys43199.physics.gatech.edu is reachable. -Sun Feb 25 23:15:05 2024
phys43199.physics.gatech.edu is reachable. -Sun Feb 25 23:30:04 2024
phys43199.physics.gatech.edu is reachable. -Sun Feb 25 23:45:05 2024
phys43199.physics.gatech.edu is reachable. -Mon Feb 26 00:00:04 2024
phys43199.physics.gatech.edu is reachable. -Mon Feb 26 00:15:04 2024
phys43199.physics.gatech.edu is reachable. -Mon Feb 26 00:30:04 2024
phys43199.physics.gatech.edu is reachable. -Mon Feb 26 00:45:04 2024
phys43199.physics.gatech.edu is reachable. -Mon Feb 26 01:00:05 2024
phys43199.physics.gatech.edu is reachable. -Mon Feb 26 01:15:04 2024
phys43199.physics.gatech.edu is reachable. -Mon Feb 26 01:30:05 2024
phys43199.physics.gatech.edu is reachable. -Mon Feb 26 01:45:04 2024
phys43199.physics.gatech.edu is reachable. -Mon Feb 26 02:00:04 2024
phys43199.physics.gatech.edu is reachable. -Mon Feb 26 02:15:04 2024
phys43199.physics.gatech.edu is reachable. -Mon Feb 26 02:30:04 2024
phys43199.physics.gatech.edu is reachable. -Mon Feb 26 02:45:05 2024
phys43199.physics.gatech.edu is reachable. -Mon Feb 26 03:00:04 2024
phys43199.physics.gatech.edu is reachable. -Mon Feb 26 03:15:05 2024
phys43199.physics.gatech.edu is reachable. -Mon Feb 26 03:30:04 2024
phys43199.physics.gatech.edu is reachable. -Mon Feb 26 03:45:05 2024
phys43199.physics.gatech.edu is reachable. -Mon Feb 26 04:00:04 2024
phys43199.physics.gatech.edu is reachable. -Mon Feb 26 04:15:05 2024
phys43199.physics.gatech.edu is reachable. -Mon Feb 26 04:30:04 2024
phys43199.physics.gatech.edu is reachable. -Mon Feb 26 04:45:04 2024
phys43199.physics.gatech.edu is reachable. -Mon Feb 26 05:00:04 2024
phys43199.physics.gatech.edu is reachable. -Mon Feb 26 05:15:04 2024
phys43199.physics.gatech.edu is reachable. -Mon Feb 26 05:30:05 2024
phys43199.physics.gatech.edu is reachable. -Mon Feb 26 05:45:04 2024
phys43199.physics.gatech.edu is reachable. -Mon Feb 26 06:00:05 2024
phys43199.physics.gatech.edu is reachable. -Mon Feb 26 06:15:04 2024
phys43199.physics.gatech.edu is reachable. -Mon Feb 26 06:30:04 2024
phys43199.physics.gatech.edu is reachable. -Mon Feb 26 06:45:04 2024
phys43199.physics.gatech.edu is reachable. -Mon Feb 26 07:00:04 2024
phys43199.physics.gatech.edu is reachable. -Mon Feb 26 07:15:05 2024
phys43199.physics.gatech.edu is reachable. -Mon Feb 26 07:30:04 2024
phys43199.physics.gatech.edu is reachable. -Mon Feb 26 07:45:05 2024
phys43199.physics.gatech.edu is reachable. -Mon Feb 26 08:00:04 2024
phys43199.physics.gatech.edu is reachable. -Mon Feb 26 08:15:05 2024
phys43199.physics.gatech.edu is reachable. -Mon Feb 26 08:30:04 2024
phys43199.physics.gatech.edu is reachable. -Mon Feb 26 08:45:04 2024
phys43199.physics.gatech.edu is reachable. -Mon Feb 26 09:00:05 2024
phys43199.physics.gatech.edu is reachable. -Mon Feb 26 09:15:04 2024
phys43199.physics.gatech.edu is reachable. -Mon Feb 26 09:30:05 2024
phys43199.physics.gatech.edu is reachable. -Mon Feb 26 09:45:04 2024
phys43199.physics.gatech.edu is reachable. -Mon Feb 26 10:00:04 2024
phys43199.physics.gatech.edu is reachable. -Mon Feb 26 10:15:04 2024
phys43199.physics.gatech.edu is reachable. -Mon Feb 26 10:30:04 2024
phys43199.physics.gatech.edu is reachable. -Mon Feb 26 10:45:04 2024
phys43199.physics.gatech.edu is reachable. -Mon Feb 26 11:00:04 2024
phys43199.physics.gatech.edu is reachable. -Mon Feb 26 11:15:04 2024
phys43199.physics.gatech.edu is reachable. -Mon Feb 26 11:30:05 2024
phys43199.physics.gatech.edu is reachable. -Mon Feb 26 11:45:04 2024
phys43199.physics.gatech.edu is reachable. -Mon Feb 26 12:00:05 2024
phys43199.physics.gatech.edu is reachable. -Mon Feb 26 12:15:04 2024
phys43199.physics.gatech.edu is reachable. -Mon Feb 26 12:30:05 2024
phys43199.physics.gatech.edu is reachable. -Mon Feb 26 12:45:04 2024
phys43199.physics.gatech.edu is reachable. -Mon Feb 26 13:00:04 2024
phys43199.physics.gatech.edu is reachable. -Mon Feb 26 13:15:04 2024
phys43199.physics.gatech.edu is reachable. -Mon Feb 26 13:30:04 2024
phys43199.physics.gatech.edu is reachable. -Mon Feb 26 13:45:05 2024
phys43199.physics.gatech.edu is reachable. -Mon Feb 26 14:00:04 2024
phys43199.physics.gatech.edu is reachable. -Mon Feb 26 14:15:04 2024
phys43199.physics.gatech.edu is reachable. -Mon Feb 26 14:30:05 2024
phys43199.physics.gatech.edu is reachable. -Mon Feb 26 14:45:04 2024
phys43199.physics.gatech.edu is reachable. -Mon Feb 26 15:00:05 2024
phys43199.physics.gatech.edu is reachable. -Mon Feb 26 15:15:04 2024
phys43199.physics.gatech.edu is reachable. -Mon Feb 26 15:30:04 2024
phys43199.physics.gatech.edu is reachable. -Mon Feb 26 15:45:04 2024
phys43199.physics.gatech.edu is reachable. -Mon Feb 26 16:00:04 2024
phys43199.physics.gatech.edu is reachable. -Mon Feb 26 16:15:04 2024
phys43199.physics.gatech.edu is reachable. -Mon Feb 26 16:30:04 2024
phys43199.physics.gatech.edu is reachable. -Mon Feb 26 16:45:05 2024
phys43199.physics.gatech.edu is reachable. -Mon Feb 26 17:00:04 2024
phys43199.physics.gatech.edu is reachable. -Mon Feb 26 17:15:05 2024
phys43199.physics.gatech.edu is reachable. -Mon Feb 26 17:30:04 2024
phys43199.physics.gatech.edu is reachable. -Mon Feb 26 17:45:05 2024
phys43199.physics.gatech.edu is reachable. -Mon Feb 26 18:00:04 2024
phys43199.physics.gatech.edu is reachable. -Mon Feb 26 18:15:05 2024
phys43199.physics.gatech.edu is reachable. -Mon Feb 26 18:30:04 2024
phys43199.physics.gatech.edu is reachable. -Mon Feb 26 18:45:04 2024
phys43199.physics.gatech.edu is reachable. -Mon Feb 26 19:00:04 2024
phys43199.physics.gatech.edu is reachable. -Mon Feb 26 19:15:04 2024
phys43199.physics.gatech.edu is reachable. -Mon Feb 26 19:30:04 2024
phys43199.physics.gatech.edu is reachable. -Mon Feb 26 19:45:05 2024
phys43199.physics.gatech.edu is reachable. -Mon Feb 26 20:00:04 2024
phys43199.physics.gatech.edu is reachable. -Mon Feb 26 20:15:05 2024
phys43199.physics.gatech.edu is reachable. -Mon Feb 26 20:30:04 2024
phys43199.physics.gatech.edu is reachable. -Mon Feb 26 20:45:05 2024
phys43199.physics.gatech.edu is reachable. -Mon Feb 26 21:00:04 2024
phys43199.physics.gatech.edu is reachable. -Mon Feb 26 21:15:05 2024
phys43199.physics.gatech.edu is reachable. -Mon Feb 26 21:30:04 2024
phys43199.physics.gatech.edu is reachable. -Mon Feb 26 21:45:04 2024
phys43199.physics.gatech.edu is reachable. -Mon Feb 26 22:00:04 2024
phys43199.physics.gatech.edu is reachable. -Mon Feb 26 22:15:04 2024
phys43199.physics.gatech.edu is reachable. -Mon Feb 26 22:30:04 2024
phys43199.physics.gatech.edu is reachable. -Mon Feb 26 22:45:04 2024
phys43199.physics.gatech.edu is reachable. -Mon Feb 26 23:00:05 2024
phys43199.physics.gatech.edu is reachable. -Mon Feb 26 23:15:04 2024
phys43199.physics.gatech.edu is reachable. -Mon Feb 26 23:30:05 2024
phys43199.physics.gatech.edu is reachable. -Mon Feb 26 23:45:04 2024
phys43199.physics.gatech.edu is reachable. -Tue Feb 27 00:00:05 2024
phys43199.physics.gatech.edu is reachable. -Tue Feb 27 00:15:04 2024
phys43199.physics.gatech.edu is reachable. -Tue Feb 27 00:30:04 2024
phys43199.physics.gatech.edu is reachable. -Tue Feb 27 00:45:05 2024
phys43199.physics.gatech.edu is reachable. -Tue Feb 27 01:00:04 2024
phys43199.physics.gatech.edu is reachable. -Tue Feb 27 01:15:05 2024
phys43199.physics.gatech.edu is reachable. -Tue Feb 27 01:30:04 2024
phys43199.physics.gatech.edu is reachable. -Tue Feb 27 01:45:04 2024
phys43199.physics.gatech.edu is reachable. -Tue Feb 27 02:00:04 2024
phys43199.physics.gatech.edu is reachable. -Tue Feb 27 02:15:04 2024
phys43199.physics.gatech.edu is reachable. -Tue Feb 27 02:30:05 2024
phys43199.physics.gatech.edu is reachable. -Tue Feb 27 02:45:04 2024
phys43199.physics.gatech.edu is reachable. -Tue Feb 27 03:00:04 2024
phys43199.physics.gatech.edu is reachable. -Tue Feb 27 03:15:04 2024
phys43199.physics.gatech.edu is reachable. -Tue Feb 27 03:30:04 2024
phys43199.physics.gatech.edu is reachable. -Tue Feb 27 03:45:04 2024
phys43199.physics.gatech.edu is reachable. -Tue Feb 27 04:00:04 2024
phys43199.physics.gatech.edu is reachable. -Tue Feb 27 04:15:04 2024
phys43199.physics.gatech.edu is reachable. -Tue Feb 27 04:30:04 2024
phys43199.physics.gatech.edu is reachable. -Tue Feb 27 04:45:05 2024
phys43199.physics.gatech.edu is reachable. -Tue Feb 27 05:00:04 2024
phys43199.physics.gatech.edu is reachable. -Tue Feb 27 05:15:05 2024
phys43199.physics.gatech.edu is reachable. -Tue Feb 27 05:30:04 2024
phys43199.physics.gatech.edu is reachable. -Tue Feb 27 05:45:05 2024
phys43199.physics.gatech.edu is reachable. -Tue Feb 27 06:00:04 2024
phys43199.physics.gatech.edu is reachable. -Tue Feb 27 06:15:04 2024
phys43199.physics.gatech.edu is reachable. -Tue Feb 27 06:30:05 2024
phys43199.physics.gatech.edu is reachable. -Tue Feb 27 06:45:04 2024
phys43199.physics.gatech.edu is reachable. -Tue Feb 27 07:00:05 2024
phys43199.physics.gatech.edu is reachable. -Tue Feb 27 07:15:04 2024
phys43199.physics.gatech.edu is reachable. -Tue Feb 27 07:30:04 2024
phys43199.physics.gatech.edu is reachable. -Tue Feb 27 07:45:04 2024
phys43199.physics.gatech.edu is reachable. -Tue Feb 27 08:00:04 2024
phys43199.physics.gatech.edu is reachable. -Tue Feb 27 08:15:04 2024
phys43199.physics.gatech.edu is reachable. -Tue Feb 27 08:30:04 2024
phys43199.physics.gatech.edu is reachable. -Tue Feb 27 08:45:05 2024
phys43199.physics.gatech.edu is reachable. -Tue Feb 27 09:00:04 2024
phys43199.physics.gatech.edu is reachable. -Tue Feb 27 09:15:05 2024
phys43199.physics.gatech.edu is reachable. -Tue Feb 27 09:30:04 2024
phys43199.physics.gatech.edu is reachable. -Tue Feb 27 09:45:05 2024
phys43199.physics.gatech.edu is reachable. -Tue Feb 27 10:00:04 2024
phys43199.physics.gatech.edu is reachable. -Tue Feb 27 10:15:05 2024
phys43199.physics.gatech.edu is reachable. -Tue Feb 27 10:30:04 2024
phys43199.physics.gatech.edu is reachable. -Tue Feb 27 10:45:04 2024
phys43199.physics.gatech.edu is reachable. -Tue Feb 27 11:00:04 2024
phys43199.physics.gatech.edu is reachable. -Tue Feb 27 11:15:04 2024
phys43199.physics.gatech.edu is reachable. -Tue Feb 27 11:30:04 2024
phys43199.physics.gatech.edu is reachable. -Tue Feb 27 11:45:04 2024
phys43199.physics.gatech.edu is reachable. -Tue Feb 27 12:00:05 2024
phys43199.physics.gatech.edu is reachable. -Tue Feb 27 12:15:04 2024
phys43199.physics.gatech.edu is reachable. -Tue Feb 27 12:30:05 2024
phys43199.physics.gatech.edu is reachable. -Tue Feb 27 12:45:04 2024
phys43199.physics.gatech.edu is reachable. -Tue Feb 27 13:00:05 2024
phys43199.physics.gatech.edu is reachable. -Tue Feb 27 13:15:04 2024
phys43199.physics.gatech.edu is reachable. -Tue Feb 27 13:30:04 2024
phys43199.physics.gatech.edu is reachable. -Tue Feb 27 13:45:04 2024
phys43199.physics.gatech.edu is reachable. -Tue Feb 27 14:00:04 2024
phys43199.physics.gatech.edu is reachable. -Tue Feb 27 14:15:05 2024
phys43199.physics.gatech.edu is reachable. -Tue Feb 27 14:30:04 2024
phys43199.physics.gatech.edu is reachable. -Tue Feb 27 14:45:05 2024
phys43199.physics.gatech.edu is reachable. -Tue Feb 27 15:00:04 2024
phys43199.physics.gatech.edu is reachable. -Tue Feb 27 15:15:05 2024
phys43199.physics.gatech.edu is reachable. -Tue Feb 27 15:30:04 2024
phys43199.physics.gatech.edu is reachable. -Tue Feb 27 15:45:04 2024
phys43199.physics.gatech.edu is reachable. -Tue Feb 27 16:00:04 2024
phys43199.physics.gatech.edu is reachable. -Tue Feb 27 16:15:04 2024
phys43199.physics.gatech.edu is reachable. -Tue Feb 27 16:30:05 2024
phys43199.physics.gatech.edu is reachable. -Tue Feb 27 16:45:04 2024
phys43199.physics.gatech.edu is reachable. -Tue Feb 27 17:00:05 2024
phys43199.physics.gatech.edu is reachable. -Tue Feb 27 17:15:04 2024
phys43199.physics.gatech.edu is reachable. -Tue Feb 27 17:30:05 2024
phys43199.physics.gatech.edu is reachable. -Tue Feb 27 17:45:04 2024
phys43199.physics.gatech.edu is reachable. -Tue Feb 27 18:00:04 2024
phys43199.physics.gatech.edu is reachable. -Tue Feb 27 18:15:04 2024
phys43199.physics.gatech.edu is reachable. -Tue Feb 27 18:30:04 2024
phys43199.physics.gatech.edu is reachable. -Tue Feb 27 18:45:05 2024
phys43199.physics.gatech.edu is reachable. -Tue Feb 27 19:00:04 2024
phys43199.physics.gatech.edu is reachable. -Tue Feb 27 19:15:05 2024
phys43199.physics.gatech.edu is reachable. -Tue Feb 27 19:30:04 2024
phys43199.physics.gatech.edu is reachable. -Tue Feb 27 19:45:05 2024
phys43199.physics.gatech.edu is reachable. -Tue Feb 27 20:00:04 2024
phys43199.physics.gatech.edu is reachable. -Tue Feb 27 20:15:05 2024
phys43199.physics.gatech.edu is reachable. -Tue Feb 27 20:30:04 2024
phys43199.physics.gatech.edu is reachable. -Tue Feb 27 20:45:04 2024
phys43199.physics.gatech.edu is reachable. -Tue Feb 27 21:00:04 2024
phys43199.physics.gatech.edu is reachable. -Tue Feb 27 21:15:04 2024
phys43199.physics.gatech.edu is reachable. -Tue Feb 27 21:30:05 2024
phys43199.physics.gatech.edu is reachable. -Tue Feb 27 21:45:04 2024
phys43199.physics.gatech.edu is reachable. -Tue Feb 27 22:00:05 2024
phys43199.physics.gatech.edu is reachable. -Tue Feb 27 22:15:04 2024
phys43199.physics.gatech.edu is reachable. -Tue Feb 27 22:30:04 2024
phys43199.physics.gatech.edu is reachable. -Tue Feb 27 22:45:04 2024
phys43199.physics.gatech.edu is reachable. -Tue Feb 27 23:00:04 2024
phys43199.physics.gatech.edu is reachable. -Tue Feb 27 23:15:05 2024
phys43199.physics.gatech.edu is reachable. -Tue Feb 27 23:30:04 2024
phys43199.physics.gatech.edu is reachable. -Tue Feb 27 23:45:05 2024
phys43199.physics.gatech.edu is reachable. -Wed Feb 28 00:00:04 2024
phys43199.physics.gatech.edu is reachable. -Wed Feb 28 00:15:05 2024
phys43199.physics.gatech.edu is reachable. -Wed Feb 28 00:30:04 2024
phys43199.physics.gatech.edu is reachable. -Wed Feb 28 00:45:04 2024
phys43199.physics.gatech.edu is reachable. -Wed Feb 28 01:00:04 2024
phys43199.physics.gatech.edu is reachable. -Wed Feb 28 01:15:04 2024
phys43199.physics.gatech.edu is reachable. -Wed Feb 28 01:30:05 2024
phys43199.physics.gatech.edu is reachable. -Wed Feb 28 01:45:04 2024
phys43199.physics.gatech.edu is reachable. -Wed Feb 28 02:00:05 2024
phys43199.physics.gatech.edu is reachable. -Wed Feb 28 02:15:05 2024
phys43199.physics.gatech.edu is reachable. -Wed Feb 28 02:30:04 2024
phys43199.physics.gatech.edu is reachable. -Wed Feb 28 02:45:05 2024
phys43199.physics.gatech.edu is reachable. -Wed Feb 28 03:00:04 2024
phys43199.physics.gatech.edu is reachable. -Wed Feb 28 03:15:04 2024
phys43199.physics.gatech.edu is reachable. -Wed Feb 28 03:30:04 2024
phys43199.physics.gatech.edu is reachable. -Wed Feb 28 03:45:04 2024
phys43199.physics.gatech.edu is reachable. -Wed Feb 28 04:00:05 2024
phys43199.physics.gatech.edu is reachable. -Wed Feb 28 04:15:04 2024
phys43199.physics.gatech.edu is reachable. -Wed Feb 28 04:30:05 2024
phys43199.physics.gatech.edu is reachable. -Wed Feb 28 04:45:04 2024
phys43199.physics.gatech.edu is reachable. -Wed Feb 28 05:00:05 2024
phys43199.physics.gatech.edu is reachable. -Wed Feb 28 05:15:04 2024
phys43199.physics.gatech.edu is reachable. -Wed Feb 28 05:30:05 2024
phys43199.physics.gatech.edu is reachable. -Wed Feb 28 05:45:04 2024
phys43199.physics.gatech.edu is reachable. -Wed Feb 28 06:00:04 2024
phys43199.physics.gatech.edu is reachable. -Wed Feb 28 06:15:04 2024
phys43199.physics.gatech.edu is reachable. -Wed Feb 28 06:30:04 2024
phys43199.physics.gatech.edu is reachable. -Wed Feb 28 06:45:05 2024
phys43199.physics.gatech.edu is reachable. -Wed Feb 28 07:00:04 2024
phys43199.physics.gatech.edu is reachable. -Wed Feb 28 07:15:05 2024
phys43199.physics.gatech.edu is reachable. -Wed Feb 28 07:30:04 2024
phys43199.physics.gatech.edu is reachable. -Wed Feb 28 07:45:04 2024
phys43199.physics.gatech.edu is reachable. -Wed Feb 28 08:00:04 2024
phys43199.physics.gatech.edu is reachable. -Wed Feb 28 08:15:04 2024
phys43199.physics.gatech.edu is reachable. -Wed Feb 28 08:30:05 2024
phys43199.physics.gatech.edu is reachable. -Wed Feb 28 08:45:04 2024
phys43199.physics.gatech.edu is reachable. -Wed Feb 28 09:00:05 2024
phys43199.physics.gatech.edu is reachable. -Wed Feb 28 09:15:04 2024
phys43199.physics.gatech.edu is reachable. -Wed Feb 28 09:30:05 2024
phys43199.physics.gatech.edu is reachable. -Wed Feb 28 09:45:05 2024
phys43199.physics.gatech.edu is reachable. -Wed Feb 28 10:00:04 2024
phys43199.physics.gatech.edu is reachable. -Wed Feb 28 10:15:05 2024
phys43199.physics.gatech.edu is reachable. -Wed Feb 28 10:30:04 2024
phys43199.physics.gatech.edu is reachable. -Wed Feb 28 10:45:04 2024
phys43199.physics.gatech.edu is reachable. -Wed Feb 28 11:00:04 2024
phys43199.physics.gatech.edu is reachable. -Wed Feb 28 11:15:04 2024
phys43199.physics.gatech.edu is reachable. -Wed Feb 28 11:30:05 2024
phys43199.physics.gatech.edu is reachable. -Wed Feb 28 11:45:04 2024
phys43199.physics.gatech.edu is reachable. -Wed Feb 28 12:00:04 2024
phys43199.physics.gatech.edu is reachable. -Wed Feb 28 12:15:04 2024
phys43199.physics.gatech.edu is reachable. -Wed Feb 28 12:30:04 2024
phys43199.physics.gatech.edu is reachable. -Wed Feb 28 12:45:04 2024
phys43199.physics.gatech.edu is reachable. -Wed Feb 28 13:00:04 2024
phys43199.physics.gatech.edu is reachable. -Wed Feb 28 13:15:05 2024
phys43199.physics.gatech.edu is reachable. -Wed Feb 28 13:30:04 2024
phys43199.physics.gatech.edu is reachable. -Wed Feb 28 13:45:05 2024
phys43199.physics.gatech.edu is reachable. -Wed Feb 28 14:00:04 2024
phys43199.physics.gatech.edu is reachable. -Wed Feb 28 14:15:05 2024
phys43199.physics.gatech.edu is reachable. -Wed Feb 28 14:30:04 2024
phys43199.physics.gatech.edu is reachable. -Wed Feb 28 14:45:04 2024
phys43199.physics.gatech.edu is reachable. -Wed Feb 28 15:00:05 2024
phys43199.physics.gatech.edu is reachable. -Wed Feb 28 15:15:04 2024
phys43199.physics.gatech.edu is reachable. -Wed Feb 28 15:30:05 2024
phys43199.physics.gatech.edu is reachable. -Wed Feb 28 15:45:04 2024
phys43199.physics.gatech.edu is reachable. -Wed Feb 28 16:00:04 2024
phys43199.physics.gatech.edu is reachable. -Wed Feb 28 16:15:05 2024
phys43199.physics.gatech.edu is reachable. -Wed Feb 28 16:30:04 2024
phys43199.physics.gatech.edu is reachable. -Wed Feb 28 16:45:05 2024
phys43199.physics.gatech.edu is reachable. -Wed Feb 28 17:00:04 2024
phys43199.physics.gatech.edu is reachable. -Wed Feb 28 17:15:04 2024
phys43199.physics.gatech.edu is reachable. -Wed Feb 28 17:30:05 2024
phys43199.physics.gatech.edu is reachable. -Wed Feb 28 17:45:04 2024
phys43199.physics.gatech.edu is reachable. -Wed Feb 28 18:00:05 2024
phys43199.physics.gatech.edu is reachable. -Wed Feb 28 18:15:04 2024
phys43199.physics.gatech.edu is reachable. -Wed Feb 28 18:30:04 2024
phys43199.physics.gatech.edu is reachable. -Wed Feb 28 18:45:05 2024
phys43199.physics.gatech.edu is reachable. -Wed Feb 28 19:00:04 2024
phys43199.physics.gatech.edu is reachable. -Wed Feb 28 19:15:05 2024
phys43199.physics.gatech.edu is reachable. -Wed Feb 28 19:30:04 2024
phys43199.physics.gatech.edu is reachable. -Wed Feb 28 19:45:04 2024
phys43199.physics.gatech.edu is reachable. -Wed Feb 28 20:00:05 2024
phys43199.physics.gatech.edu is reachable. -Wed Feb 28 20:15:04 2024
phys43199.physics.gatech.edu is reachable. -Wed Feb 28 20:30:05 2024
phys43199.physics.gatech.edu is reachable. -Wed Feb 28 20:45:04 2024
phys43199.physics.gatech.edu is reachable. -Wed Feb 28 21:00:04 2024
phys43199.physics.gatech.edu is reachable. -Wed Feb 28 21:15:04 2024
phys43199.physics.gatech.edu is reachable. -Wed Feb 28 21:30:04 2024
phys43199.physics.gatech.edu is reachable. -Wed Feb 28 21:45:05 2024
phys43199.physics.gatech.edu is reachable. -Wed Feb 28 22:00:04 2024
phys43199.physics.gatech.edu is reachable. -Wed Feb 28 22:15:04 2024
phys43199.physics.gatech.edu is reachable. -Wed Feb 28 22:30:04 2024
phys43199.physics.gatech.edu is reachable. -Wed Feb 28 22:45:04 2024
phys43199.physics.gatech.edu is reachable. -Wed Feb 28 23:00:04 2024
phys43199.physics.gatech.edu is reachable. -Wed Feb 28 23:15:04 2024
phys43199.physics.gatech.edu is reachable. -Wed Feb 28 23:30:04 2024
phys43199.physics.gatech.edu is reachable. -Wed Feb 28 23:45:04 2024
phys43199.physics.gatech.edu is reachable. -Thu Feb 29 00:00:05 2024
phys43199.physics.gatech.edu is reachable. -Thu Feb 29 00:15:04 2024
phys43199.physics.gatech.edu is reachable. -Thu Feb 29 00:30:05 2024
phys43199.physics.gatech.edu is reachable. -Thu Feb 29 00:45:04 2024
phys43199.physics.gatech.edu is reachable. -Thu Feb 29 01:00:04 2024
phys43199.physics.gatech.edu is reachable. -Thu Feb 29 01:15:04 2024
phys43199.physics.gatech.edu is reachable. -Thu Feb 29 01:30:04 2024
phys43199.physics.gatech.edu is reachable. -Thu Feb 29 01:45:05 2024
phys43199.physics.gatech.edu is reachable. -Thu Feb 29 02:00:04 2024
phys43199.physics.gatech.edu is reachable. -Thu Feb 29 02:15:05 2024
phys43199.physics.gatech.edu is reachable. -Thu Feb 29 02:30:04 2024
phys43199.physics.gatech.edu is reachable. -Thu Feb 29 02:45:05 2024
phys43199.physics.gatech.edu is reachable. -Thu Feb 29 03:00:04 2024
phys43199.physics.gatech.edu is reachable. -Thu Feb 29 03:15:05 2024
phys43199.physics.gatech.edu is reachable. -Thu Feb 29 03:30:04 2024
phys43199.physics.gatech.edu is reachable. -Thu Feb 29 03:45:04 2024
phys43199.physics.gatech.edu is reachable. -Thu Feb 29 04:00:04 2024
phys43199.physics.gatech.edu is reachable. -Thu Feb 29 04:15:04 2024
phys43199.physics.gatech.edu is reachable. -Thu Feb 29 04:30:04 2024
phys43199.physics.gatech.edu is reachable. -Thu Feb 29 04:45:04 2024
phys43199.physics.gatech.edu is reachable. -Thu Feb 29 05:00:04 2024
phys43199.physics.gatech.edu is reachable. -Thu Feb 29 05:15:04 2024
phys43199.physics.gatech.edu is reachable. -Thu Feb 29 05:30:05 2024
phys43199.physics.gatech.edu is reachable. -Thu Feb 29 05:45:04 2024
phys43199.physics.gatech.edu is reachable. -Thu Feb 29 06:00:05 2024
phys43199.physics.gatech.edu is reachable. -Thu Feb 29 06:15:04 2024
phys43199.physics.gatech.edu is reachable. -Thu Feb 29 06:30:04 2024
phys43199.physics.gatech.edu is reachable. -Thu Feb 29 06:45:04 2024
phys43199.physics.gatech.edu is reachable. -Thu Feb 29 07:00:04 2024
phys43199.physics.gatech.edu is reachable. -Thu Feb 29 07:15:04 2024
phys43199.physics.gatech.edu is reachable. -Thu Feb 29 07:30:04 2024
phys43199.physics.gatech.edu is reachable. -Thu Feb 29 07:45:05 2024
phys43199.physics.gatech.edu is reachable. -Thu Feb 29 08:00:04 2024
phys43199.physics.gatech.edu is reachable. -Thu Feb 29 08:15:05 2024
phys43199.physics.gatech.edu is reachable. -Thu Feb 29 08:30:04 2024
phys43199.physics.gatech.edu is reachable. -Thu Feb 29 08:45:05 2024
phys43199.physics.gatech.edu is reachable. -Thu Feb 29 09:00:04 2024
phys43199.physics.gatech.edu is reachable. -Thu Feb 29 09:15:04 2024
phys43199.physics.gatech.edu is reachable. -Thu Feb 29 09:30:04 2024
phys43199.physics.gatech.edu is reachable. -Thu Feb 29 09:45:04 2024
phys43199.physics.gatech.edu is reachable. -Thu Feb 29 10:00:05 2024
phys43199.physics.gatech.edu is reachable. -Thu Feb 29 10:15:04 2024
phys43199.physics.gatech.edu is reachable. -Thu Feb 29 10:30:05 2024
phys43199.physics.gatech.edu is reachable. -Thu Feb 29 10:45:04 2024
phys43199.physics.gatech.edu is reachable. -Thu Feb 29 11:00:05 2024
phys43199.physics.gatech.edu is reachable. -Thu Feb 29 11:15:04 2024
phys43199.physics.gatech.edu is reachable. -Thu Feb 29 11:30:04 2024
phys43199.physics.gatech.edu is reachable. -Thu Feb 29 11:45:04 2024
phys43199.physics.gatech.edu is reachable. -Thu Feb 29 12:00:04 2024
phys43199.physics.gatech.edu is reachable. -Thu Feb 29 12:15:05 2024
phys43199.physics.gatech.edu is reachable. -Thu Feb 29 12:30:04 2024
phys43199.physics.gatech.edu is reachable. -Thu Feb 29 12:45:04 2024
phys43199.physics.gatech.edu is reachable. -Thu Feb 29 13:00:04 2024
phys43199.physics.gatech.edu is reachable. -Thu Feb 29 13:15:04 2024
phys43199.physics.gatech.edu is reachable. -Thu Feb 29 13:30:04 2024
phys43199.physics.gatech.edu is reachable. -Thu Feb 29 13:45:04 2024
phys43199.physics.gatech.edu is reachable. -Thu Feb 29 14:00:04 2024
phys43199.physics.gatech.edu is reachable. -Thu Feb 29 14:15:05 2024
phys43199.physics.gatech.edu is reachable. -Thu Feb 29 14:30:04 2024
phys43199.physics.gatech.edu is reachable. -Thu Feb 29 14:45:05 2024
phys43199.physics.gatech.edu is reachable. -Thu Feb 29 15:00:04 2024
phys43199.physics.gatech.edu is reachable. -Thu Feb 29 15:15:05 2024
phys43199.physics.gatech.edu is reachable. -Thu Feb 29 15:30:04 2024
phys43199.physics.gatech.edu is reachable. -Thu Feb 29 15:45:05 2024
phys43199.physics.gatech.edu is reachable. -Thu Feb 29 16:00:04 2024
phys43199.physics.gatech.edu is reachable. -Thu Feb 29 16:15:04 2024
phys43199.physics.gatech.edu is reachable. -Thu Feb 29 16:30:04 2024
phys43199.physics.gatech.edu is reachable. -Thu Feb 29 16:45:04 2024
phys43199.physics.gatech.edu is reachable. -Thu Feb 29 17:00:05 2024
phys43199.physics.gatech.edu is reachable. -Thu Feb 29 17:30:04 2024
phys43199.physics.gatech.edu is reachable. -Thu Feb 29 17:45:04 2024
phys43199.physics.gatech.edu is reachable. -Thu Feb 29 18:00:04 2024
phys43199.physics.gatech.edu is reachable. -Thu Feb 29 18:15:05 2024
phys43199.physics.gatech.edu is reachable. -Thu Feb 29 18:30:04 2024
phys43199.physics.gatech.edu is reachable. -Thu Feb 29 18:45:05 2024
phys43199.physics.gatech.edu is reachable. -Thu Feb 29 19:00:04 2024
phys43199.physics.gatech.edu is reachable. -Thu Feb 29 19:15:05 2024
phys43199.physics.gatech.edu is reachable. -Thu Feb 29 19:30:04 2024
phys43199.physics.gatech.edu is reachable. -Thu Feb 29 19:45:04 2024
phys43199.physics.gatech.edu is reachable. -Thu Feb 29 20:00:04 2024
phys43199.physics.gatech.edu is reachable. -Thu Feb 29 20:15:04 2024
phys43199.physics.gatech.edu is reachable. -Thu Feb 29 20:30:05 2024
phys43199.physics.gatech.edu is reachable. -Thu Feb 29 20:45:04 2024
phys43199.physics.gatech.edu is reachable. -Thu Feb 29 21:00:05 2024
phys43199.physics.gatech.edu is reachable. -Thu Feb 29 21:15:04 2024
phys43199.physics.gatech.edu is reachable. -Thu Feb 29 21:30:05 2024
phys43199.physics.gatech.edu is reachable. -Thu Feb 29 21:45:04 2024
phys43199.physics.gatech.edu is reachable. -Thu Feb 29 22:00:05 2024
phys43199.physics.gatech.edu is reachable. -Thu Feb 29 22:15:04 2024
phys43199.physics.gatech.edu is reachable. -Thu Feb 29 22:30:04 2024
phys43199.physics.gatech.edu is reachable. -Thu Feb 29 22:45:04 2024
phys43199.physics.gatech.edu is reachable. -Thu Feb 29 23:00:04 2024
phys43199.physics.gatech.edu is reachable. -Thu Feb 29 23:15:05 2024
phys43199.physics.gatech.edu is reachable. -Thu Feb 29 23:30:04 2024
phys43199.physics.gatech.edu is reachable. -Thu Feb 29 23:45:05 2024
phys43199.physics.gatech.edu is reachable. -Fri Mar  1 00:00:05 2024
phys43199.physics.gatech.edu is reachable. -Fri Mar  1 00:15:04 2024
phys43199.physics.gatech.edu is reachable. -Fri Mar  1 00:30:05 2024
phys43199.physics.gatech.edu is reachable. -Fri Mar  1 00:45:04 2024
phys43199.physics.gatech.edu is reachable. -Fri Mar  1 01:00:04 2024
phys43199.physics.gatech.edu is reachable. -Fri Mar  1 01:15:04 2024
phys43199.physics.gatech.edu is reachable. -Fri Mar  1 01:30:04 2024
phys43199.physics.gatech.edu is reachable. -Fri Mar  1 01:45:05 2024
phys43199.physics.gatech.edu is reachable. -Fri Mar  1 02:00:04 2024
phys43199.physics.gatech.edu is reachable. -Fri Mar  1 02:15:05 2024
phys43199.physics.gatech.edu is reachable. -Fri Mar  1 02:30:04 2024
phys43199.physics.gatech.edu is reachable. -Fri Mar  1 02:45:05 2024
phys43199.physics.gatech.edu is reachable. -Fri Mar  1 03:00:04 2024
phys43199.physics.gatech.edu is reachable. -Fri Mar  1 03:15:05 2024
phys43199.physics.gatech.edu is reachable. -Fri Mar  1 03:30:04 2024
phys43199.physics.gatech.edu is reachable. -Fri Mar  1 03:45:05 2024
phys43199.physics.gatech.edu is reachable. -Fri Mar  1 04:00:04 2024
phys43199.physics.gatech.edu is reachable. -Fri Mar  1 04:15:04 2024
phys43199.physics.gatech.edu is reachable. -Fri Mar  1 04:30:04 2024
phys43199.physics.gatech.edu is reachable. -Fri Mar  1 04:45:04 2024
phys43199.physics.gatech.edu is reachable. -Fri Mar  1 05:00:04 2024
phys43199.physics.gatech.edu is reachable. -Fri Mar  1 05:15:04 2024
phys43199.physics.gatech.edu is reachable. -Fri Mar  1 05:30:05 2024
phys43199.physics.gatech.edu is reachable. -Fri Mar  1 05:45:04 2024
phys43199.physics.gatech.edu is reachable. -Fri Mar  1 06:00:04 2024
phys43199.physics.gatech.edu is reachable. -Fri Mar  1 06:15:05 2024
phys43199.physics.gatech.edu is reachable. -Fri Mar  1 06:30:04 2024
phys43199.physics.gatech.edu is reachable. -Fri Mar  1 06:45:04 2024
phys43199.physics.gatech.edu is reachable. -Fri Mar  1 07:00:04 2024
phys43199.physics.gatech.edu is reachable. -Fri Mar  1 07:15:04 2024
phys43199.physics.gatech.edu is reachable. -Fri Mar  1 07:30:05 2024
phys43199.physics.gatech.edu is reachable. -Fri Mar  1 07:45:04 2024
phys43199.physics.gatech.edu is reachable. -Fri Mar  1 08:00:04 2024
phys43199.physics.gatech.edu is reachable. -Fri Mar  1 08:15:04 2024
phys43199.physics.gatech.edu is reachable. -Fri Mar  1 08:30:04 2024
phys43199.physics.gatech.edu is reachable. -Fri Mar  1 08:45:05 2024
phys43199.physics.gatech.edu is reachable. -Fri Mar  1 09:00:04 2024
phys43199.physics.gatech.edu is reachable. -Fri Mar  1 09:15:04 2024
phys43199.physics.gatech.edu is reachable. -Fri Mar  1 09:30:04 2024
phys43199.physics.gatech.edu is reachable. -Fri Mar  1 09:45:04 2024
phys43199.physics.gatech.edu is reachable. -Fri Mar  1 10:00:05 2024
phys43199.physics.gatech.edu is reachable. -Fri Mar  1 10:15:04 2024
phys43199.physics.gatech.edu is reachable. -Fri Mar  1 10:30:04 2024
phys43199.physics.gatech.edu is reachable. -Fri Mar  1 10:45:04 2024
phys43199.physics.gatech.edu is reachable. -Fri Mar  1 11:00:04 2024
phys43199.physics.gatech.edu is reachable. -Fri Mar  1 11:15:05 2024
phys43199.physics.gatech.edu is reachable. -Fri Mar  1 11:30:04 2024
phys43199.physics.gatech.edu is reachable. -Fri Mar  1 11:45:04 2024
phys43199.physics.gatech.edu is reachable. -Fri Mar  1 12:00:04 2024
phys43199.physics.gatech.edu is reachable. -Fri Mar  1 12:15:04 2024
phys43199.physics.gatech.edu is reachable. -Fri Mar  1 12:30:05 2024
phys43199.physics.gatech.edu is reachable. -Fri Mar  1 12:45:04 2024
phys43199.physics.gatech.edu is reachable. -Fri Mar  1 13:00:04 2024
phys43199.physics.gatech.edu is reachable. -Fri Mar  1 13:15:05 2024
phys43199.physics.gatech.edu is reachable. -Fri Mar  1 13:30:04 2024
phys43199.physics.gatech.edu is reachable. -Fri Mar  1 13:45:05 2024
phys43199.physics.gatech.edu is reachable. -Fri Mar  1 14:00:04 2024
phys43199.physics.gatech.edu is reachable. -Fri Mar  1 14:15:05 2024
phys43199.physics.gatech.edu is reachable. -Fri Mar  1 14:30:04 2024
phys43199.physics.gatech.edu is reachable. -Fri Mar  1 14:45:05 2024
phys43199.physics.gatech.edu is reachable. -Fri Mar  1 15:00:04 2024
phys43199.physics.gatech.edu is reachable. -Fri Mar  1 15:15:05 2024
phys43199.physics.gatech.edu is reachable. -Fri Mar  1 15:30:04 2024
phys43199.physics.gatech.edu is reachable. -Fri Mar  1 15:45:04 2024
phys43199.physics.gatech.edu is reachable. -Fri Mar  1 16:00:04 2024
phys43199.physics.gatech.edu is reachable. -Fri Mar  1 16:15:04 2024
phys43199.physics.gatech.edu is reachable. -Fri Mar  1 16:30:05 2024
phys43199.physics.gatech.edu is reachable. -Fri Mar  1 16:45:04 2024
phys43199.physics.gatech.edu is reachable. -Fri Mar  1 17:00:05 2024
phys43199.physics.gatech.edu is reachable. -Fri Mar  1 17:15:04 2024
phys43199.physics.gatech.edu is reachable. -Fri Mar  1 17:30:04 2024
phys43199.physics.gatech.edu is reachable. -Fri Mar  1 17:45:05 2024
phys43199.physics.gatech.edu is reachable. -Fri Mar  1 18:00:04 2024
phys43199.physics.gatech.edu is reachable. -Fri Mar  1 18:15:05 2024
phys43199.physics.gatech.edu is reachable. -Fri Mar  1 18:30:04 2024
phys43199.physics.gatech.edu is reachable. -Fri Mar  1 18:45:05 2024
phys43199.physics.gatech.edu is reachable. -Fri Mar  1 19:00:04 2024
phys43199.physics.gatech.edu is reachable. -Fri Mar  1 19:15:04 2024
phys43199.physics.gatech.edu is reachable. -Fri Mar  1 19:30:04 2024
phys43199.physics.gatech.edu is reachable. -Fri Mar  1 19:45:04 2024
phys43199.physics.gatech.edu is reachable. -Fri Mar  1 20:00:04 2024
phys43199.physics.gatech.edu is reachable. -Fri Mar  1 20:15:04 2024
phys43199.physics.gatech.edu is reachable. -Fri Mar  1 20:30:05 2024
